18670,18671,8196,В полете!: [Повесть].,"АРДАМАТСКИЙ, Василий Иванович.",,,
18672,18673,8197,В полете: [Рассказы].,"КУНДЗИЧ, Алексей Леонардович.",,,
18674,18675,8198,В полете: Рассказы.,"ШАРОВ, Александр.",,,
18676,18677,8199,В полковой семье: Пьеса в 4-х д.,"МАМОНТОВ, Иван Сергеевич.",,,
18678,18679,8200,В полночный час: Комедия-шутка в 2-х д.,"ЦОПАНОВ, Хаджумар Газеевич.",,,
18680,18681,8201,В полночь: Пьеса в 1-м д.,"СИНЕЛЬНИКОВ, Лев Ильич.",,,
18682,18683,8202,В полночь: Рассказы.,"ВИЛКС, Эвалд.",,,
18684,18685,8203,В полночь упадет звезда: Приключенческая повесть.,"КОНСТАНТИН, Теодор.",,,
18686,18687,8204,В половодье: Рассказ.,"ВОЛЖСКИЙ, Алексей.",,,
18688,18689,8205,В половодье: Рассказ.,"МОРОЗОВА, Мария Андреевна.",,,
18690,18691,8206,В половодье: Рассказы.,"БУБЕН-НОВ, Михаил Семенович.",,,
18692,18693,8207,В половодье: (Рассказы).,"ЛОМИД-ЗЕ, Андро Иосифович.",,,
18694,18695,8208,В полосе отчуждения.,"КЛАРОВ, Юрий Михайлович, БЕЗУГЛОВ, Анатолий Алексеевич.",,,
18696,18697,8209,В пользу бедных: Оригинальная комедия в 1-м д.,"ФЕДОРОВ, С. (РАССОХИН, Сергей Федорович).",,,
18698,18699,8210,В пользу бедных: Пьеса в 1-м д.,"ГАРРОУ, Давид.",,,
18700,18701,8211,В пользу бедных: Этюд в 1-м д.,"МАЗУРКЕВИЧ, Владимир Александрович.",,,
18702,18703,8212,В пользу жертв войны: Этюды.,"САРАНДИНАКИ, Михаил Николаевич.",,,
18704,18705,8213—8214,В пользу московских детских очагов.,"УМАНСКИЙ, Семен Яковлевич.",,,
18706,18707,8215,В пользу пострадавших от неурожая: Стихотворения.,Н. Ф.,,,
18708,18709,8216,В пользу раненых: Театральная пьеса для детей.,Л. С.,,,
18710,18711,8217,В польских лесах: Трилогия. Кн. I.,"ОПОТОШУ, Иосиф (ОПАТОШУ, Иосиф).",,,
18712,18713,8218,В польской армии: Рассказ.,"ЧЕ-РЕВКОВ, Владимир Гервасьевич.",,,
18714,18717,8219,В поля на посев!: Инсценировка в 1-м акте.,"ЛЕОНОВ, Вен.",,,
18718,18719,8220,В полярной ночи: Роман.,"СНЕГОВ, Сергей.",,,
18720,18721,8221,В полярных льдах.,"ГУЗИ, Рене.",,,
18722,18723,8222,В полях: Очерки.,"ОРЕШИН, Петр Васильевич.",,,
18724,18727,8223,В полях: [Стихи].,Имя авт. не установлено.,,,
18728,18729,8224,В полях и лесах: Повесть.,"БУЛЫГИН, Петр Павлович.",,,
18730,18731,8225,В полях Манчжурии: Эпизоды из русско-японской войны 1904—1905 гг.; В поход.,"СЕВЕРНЫЙ, С. (ДУРЫЛИН, Сергей Николаевич).",,,
18732,18735,8226,"В полях, поросших вереском.","ДОФФ, Нель (ДОФФ, Нэль).",,,
18736,18737,8227,В Помпеях был праздник: Историческая повесть.,"МОИСЕЕВА, Клара Моисеевна.",,,
18738,18739,8228,В пороховом дыму: Рассказы.,"ДО-ДЭ, Альфонс (ДОДЕ, Альфонс).",,,
18740,18741,8229,В пороховом дыму: Роман в 3-х ч.,"КАРАЗИН, Николай Николаевич.",,,
18742,18743,8230,В Порт-Артуре: Девять рассказов из боевой жизни.,"ЛЮБИЧ-КОШУРОВ, Иоасаф Арианович.",,,
18744,18745,8231,В порт приходят корабли: Повесть.,"ЗАРАХОВИЧ, Яков Абрамович.",,,
18746,18747,8232,В портовом городе: Повесть.,"КА-КУЕВ, Леонид Георгиевич.",,,
18748,18749,8233,В портовом городе: Повесть.,"КОЛКОВ, Вячеслав, САКСОНОВ, Владимир Исаакович.",,,
18750,18751,8234,В порту: Рассказ.,"НЕВТОНОВА, Александра Александровна.",,,
18752,18753,8235,В пору грибных туманов: Повесть.,"ВОЛОКИТИН, Николай Иванович.",,,
18754,18755,8236,В пору листопада: Стихи.,"МЕЛИКОВ, Иван Гаврилович.",,,
18756,18757,8237,В пору цветения: Роман.,"КАРЯКИН, Петр Петрович.",,,
18758,18761,8238,В порыве вдохновения: Шутка в 1-м д.,"ЧАРГОНИН, А. А. (ГОНЧАРЕНКО, Александр Александрович).",,,
18762,18765,8239,В порыве страстей.,"ЛУХМАНОВА, Надежда Александровна. ",,Варя Бронина...,
18766,18767,8240,В порыве страсти: Драматический этюд в 1-м д.,"КАРЕЕВ, Федор Дмитриевич.",,,
18768,18769,8241,В порядке зарядки.,"ЗОЛОТАРЕВ-СКИИ, Исаак Яковлевич.",,,
18770,18771,8242,В порядке обмана: Сатирическое представление в 2-х д. с пением и танцами...,"БАРТО, Агния Львовна.",,,
18772,18773,8243,В порядке оваций.,"МАСС, Владимир Захарович, ЧЕРВИНСКИЙ, Михаил Абрамович.",,,
18774,18775,8244,В порядке профилактики: Сатира и юмор.,"ЧЕРНЫШЕВ, Леонид Устинович.",,,
18776,18777,8245,В порядке расширения.,"ЧЕРЕПАНОВА, Надежда Михайловна.",,,
18778,18779,8246,В последнем вагоне: Из сборника рассказов под названием «На большой дороге».,"ФРАНК, Леонгард.",,,
18780,18781,8247,В последний вечер: Рассказы.,"ГАБОР, Андор.",,,
18782,18783,8248,В последний раз!: |Комедия в 1-м д.,"ПРЕОБРАЖЕНСКИЙ, Владимир Петрович.",,,
18784,18785,8249,В последний раз: Миниатюра в 1-м д.,"ЧАРИНА, Ритта.",,,
18786,18787,8250,В последний час: [Рассказы].,"МЕДНИКОВ, Анатолий Михайлович.",,,
18788,18789,8251,В последний час: Рассказы. Записи. Повесть.,"БЕК, Александр Альфредович.",,,
18790,18791,8252,В последний час: Рассказы о колчаковщине.,"УРМАНОВ, Кондратий Никифорович.",,,
18792,18793,8253,В последний час: Роман.,"ЯЖД-ЖИНСКИИ, Веслав.",,,
18794,18795,8254,В последнюю минуту.,"ТАБИ, Ласло.",,,
18796,18797,8255,В поте лица: Очерки из жизни рабочего люда.,"ФРАНКО, Иван Яковлевич.",,,
18798,18801,8256,В потемках: Комедия в 3-х д.,Имя авт. не установлено.,,,
18802,18803,8257,В потемках: [Пьеса].,"ПРОНИН, Иван Михайлович.",,,
18804,18805,8258,В потемках: Пьеса в 4-х д. для деревенского театра.,"ПЛАТОНЫЧ, Н.",,,
18806,18807,8259,В потемках: [Рассказ].,"ПОТАПЕНКО, Игнатий Николаевич.",,,
18808,18809,8260,В потемках: [Роман].,"ЭМОН, Луи.",,,
18810,18811,8261,В потемках: Роман.,"ЮРЬЕВ, Михаил (МОРОЗОВ, Михаил Абрамович).",,,
18812,18813,8262,В потемках: Сцена в 1-м д.,"ПЛЕЩЕЕВ, Александр Алексеевич.",,,
18814,18815,8263,В потемках жизни: Роман.,"БРЕШ-КО-БРЕШКОВСКИИ, Николай Николаевич.",,,
18816,18817,8264,В потемках совести.,"ПЛАТОНОВ, Александр Измайлович.",,,
18818,18819,8265,В потоке: Стихи.,"МОШИНСКИЙ, Дмитрий Алексеевич.",,,
18820,18821,8266,В потоке дней.,"КОСТЕРИН, Алексей Евграфович.",,,
18822,18823,8267,В потоке жизни: Литературные этюды.,"ЗАДОНСКИЙ, Николай Алексеевич.",,,
18824,18825,8268,В потонувшем мире: (О людях и джентльменах).,"МЕНЬШОЙ, А. Г.",,,
18826,18827,8269,В поход!: Агитобозрение для самодеятельного пионерского театра.,"ИРКУ-ТОВ, Андрей.",,,
18828,18833,8270,В поход:     [Рассказ].,"СЕВЕР- НЫЙ, С. (ДУРЫЛИН, Сергей Николаевич). ",,На полях Манчжурии...,
18834,18835,8271,В поход: Стихи.,"ЧЕРЕПАНОВА, Надежда Михайловна.",,,
18836,18837,8272,"В поход за Балканы: Роман из последней войны с Турцией, в 7-ми ч.","ТОПОРКОВ, В. И.",,,
18838,18839,8273,В поход за урожай: (Живая газета).,"УХОВСКИЙ, Яков.",,,
18840,18841,8274,В походе: Очерки.,"ОСИПОВ, Иосиф Зиновьевич.",,,
18842,18847,8275,В походе: [Рассказ].,"БЕЖЕЦКИЙ, А. Н. (МАСЛОВ, Алексей Николаевич). ",,Военные на войне...,
18848,18849,8276,В походе: Рассказы.,"ЕЛОВСКИХ, Василий Иванович.",,,
18850,18851,8277,В походе: [Рассказы].,"ШУХОВ, Иннокентий Николаевич.",,,
18852,18853,8278,В походе: Стихи.,"ГРИБАЧЕВ, Николай Матвеевич.",,,
18854,18855,8279,В походе: Стихи.,"ТОКАРЕВ, Леонид Степанович.",,,
18856,18857,8280,В походе и дома: Стихи и басни.,"ЛОЗНЕВОИ, Александр Никитич.",,,
18858,18859,8281,В походе или Охота за скальпами: Роман.,"МАИН-РИД, Томас (РИД, Томас Майн).",,,
18860,18861,8282,В почтовом вагоне: Повесть.,"БЕЛОЦЕРКОВСКИЙ, Вадим Владимирович.",,,
18862,18865,8283,В правде счастье.,"ОНЕГИН, Н. ",,Черная башня...,
18866,18867,8284,В предвечерний час.,"БУЙНИЦ-КИЙ, Владимир Владимирович.",,,
18868,18869,8285,В предгорном ауле.,"КУРБАНОВ, Амир Абакарович.",,,
18870,18871,8286,В предгорьях Танды.,"ПАХОМОВ, Михаил Иванович.",,,
18872,18873,8287,В предгорьях Урала: Роман.,"ГЛЕБОВ, Николай Александрович.",,,
18874,18875,8288,В преддверии: Стихотворения.,"ДВОРЯШИН, Виктор Павлович.",,,
18876,18877,8289,В пределах.,"ПАВЛОВ, Владимир Константинович.",,,
18878,18879,8290,В пределе земном.,"МИХАЛЬСКИЙ, Вацлав Вацлавович.",,,
18880,18881,8291,В предрассветном тумане: Рассказы.,"АЛЬГИН, Анатолий (СКАЧКО, Анатолий Евгеньевич).",,,
18882,18883,8292,В предутреннюю рань.,"ПАНФЕРОВ, Федор Иванович.",,,
18884,18887,8293,В прекрасном и яростном мире: Повести и рассказы.,"ПЛАТОНОВ, Андрей.",,,
18888,18889,8294,В прериях Техаса: Роман из жизни охотников на бизонов.,"ГРЕЙ, Зэн (ГРЕЙ, Зейн)",,,","
18890,18891,8295,В Приангарской степи: Очерки о людях сибирской деревни.,"КОЗЛОВСКИЙ, Владимир Николаевич.",,,
18892,18893,8296,В пригороде: Очерки.,"ЖУРАВЛЕВ, Тихон Кононович.",,,
18894,18897,8297,В прииртышских лесах и степях: Рассказы и очерки.,"ЗВЕРЕВ, Максим Дмитриевич.",,,
18898,18899,8298,В прикамских лесах: (Повесть).,"БОР-РАМЕНСКИЙ, Дмитрий Петрович.",,,
18900,18901,8299,В приморских кабачках.,"ОСОРГИН, Михаил.",,,
18902,18903,8300,В приморском городе: Повесть.,"ПИСАРЕВ, М. (ШРАЙБЕР, Эммануил Исаакович).",,,
18904,18909,8301,"В приокском селе, под Рязанью...: Поэма.","ФИЛАТОВ, Александр Федорович. ",Поэма о матери Есенина.,,
18910,18913,8302,В притоне лондонских воров.,Имя авт. не установлено.,,,
18914,18915,8303,В Притоне черного дьявола: Пьеса в 2-х д.,ДЖУНКОВСКИЕ,,,", братья."
18916,18917,8304,В приходе.,"ГУСЕВ-ОРЕНБУРГ-СКИЙ, Сергей Иванович.",,,
18918,18919,8305,В прицеле — свастика.,"КАБЕРОВ, Игорь Александрович.",,,
18920,18921,8306,В приюте: (Из жизни одной бедной девочки).,"ЗАСОДИМСКИЙ, Павел Владимирович.",,,
18922,18923,8307,В приюте муз и граций: Комедия в 3-х д.,"СТЕРН, А. В.",,,
18924,18925,8308,В приятной компании: Шуточные и юмористические стихотворения.,"НИКИФОРОВ, Николай Константинович.",,,
18926,18927,8309,В провинциальном болоте: Пьеса в 4-х д. из современной жизни.,"ФЕДОРОВ, Владимир Николаевич.",,,
18928,18929,8310,В провинции; Баши Бузук. Рассказы.,"ТЕПЛОВ, Александр Васильевич.",,,
18930,18931,8311,В провинции: Ч. 1—2. [Повести].,"МИХАИЛОВ, Михаил Ларионович.",,,
18932,18935,8312,В прозе и в стихах: Русское сочинение.,Имя авт. не установлено.,,,
18936,18937,8313,В прокатной.,"БИБИК, Алексей Павлович.",,,
18938,18939,8314,В простор планетный.,"ПАЛЕИ, Абрам Рувимович.",,,
18940,18941,8315,В просторах океана.,"НИЗОВОЙ, Павел.",,,
18942,18943,8316,В просторах Сибири: Рассказы.,"ГРЕБЕНЩИКОВ, Георгий Дмитриевич.",,,
18944,18945,8317,В просторном мире: Повесть.,"НИКУЛИН, Михаил Андреевич.",,,
18946,18947,8318—8319,В простоте душевной: Быль.,"ДЯДИН, Н.",,,
18948,18949,8320,В прошлом: (Проза и стихотворения).,"ВЕСЕЛОВСКИЙ, П. И.",,,
18950,18951,8321,В прошлом: Пьеса в 4-х актах.,"ПОЛ ИЛОВ, Георгий Тихонович.",,,
18952,18953,8322,В прошлом веке: Историческая повесть.,"ДМИТРИЕВ, Дмитрий Савватеевич.",,,
18954,18955,8323,"В прошлом году, в это же время.","ФЮЛЕП, Янош.",,,
18956,18959,8324,В прощеное воскресенье.,"ОРЛОВ, Иоанн. ",,В день богоявления господня...,
18960,18961,8325,В прощеные дни: Рассказ.,"ОПО-ЧИНИН, Евгений Николаевич.",,,
18962,18965,8326,В пургу:     [Пьеса].,"МАРИН- СКИЙ, Н.",,,
18966,18967,8327,В пургу: [Рассказ].,"НАУМОВ, Сергей Максимович.",,,
18968,18969,8328,В пургу: [Рассказ].,"ФЕДОРОВ, Геннадий Иванович.",,,
18970,18971,8329,В пургу: [Рассказы].,"КОЛОСОВ, Владимир Васильевич.",,,
18972,18973,8330,В пургу: Рассказы.,"ВАШЕНЦЕВ, Сергей Иванович.",,,
18974,18975,8331,В пустыне: Рассказ.,"ГОРН, В. О. фон (ЭРТЕЛЬ, Вильгельм).",,,
18976,18977,8332,В пустыне: [Роман].,"АЛАДЖАД-ЖЯН, Степан Егиаевич.",,,
18978,18979,8333,В пустыне всегда неспокойно: Повести и рассказы.,"ПАРМУЗИН, Борис Сергеевич.",,,
18980,18981,8334,В пустыне и в дебрях: Повесть.,"СЕНКЕВИЧ, Генрик.",,,
18982,18985,8335,В пустыне и в пуще: Повесть. Кн. [1]—3.,"СЕНКЕВИЧ, Генрик. ",В недрах Африки; В пустыне и в дебрях.,,
18986,18987,8336,В пустыне Суагели: Рассказ из немецких колоний.,"КОЛОДЗЕЙ, Павел.",,,
18988,18989,8337,В пустынных местах: (Из  поездки по Ветлуге и Керженцу).,"КОРОЛЕНКО, Владимир Галактионович.",,,
18990,18991,8338,В пустыню пришла весна: Повесть.,"ФАЙЗИ, Рахмат.",,,
18992,18993,8339,В пустынях: Затерянные в океане; В тихой и мирной пристани: (Жизнь и природа у океана).,"НЕМИРОВИЧ-ДАНЧЕНКО, Василий Иванович.",,,
18994,18995,8340,В пустынях и дебрях: Рассказ.,"МАРИТОЧКИН, Д.",,,
18996,18999,8341,В путах.,Имя авт. не установлено.,,,
19000,19001,8342,В путах благополучий: Драма в 4-х д.,"ПРИВОЛЬСКИЙ, А. (ВАСИЛЬЕВ, Лавр Фролович).",,,
19002,19003,8343,В пути: Драма в 3-х д.,РИТТНЕР. ,,,"Таддеус (РИТТНЕР, Тадеуш)."
19004,19005,8344,В пути: Драма в 4-х д.,"ЗЕЛЕНОГЛАЗЫЙ, М. (НОВИКОВ, Иван Алексеевич) .",,,
19006,19007,8344а,В пути; Любит — не любит: Стихи.,"СЕРЕБРОВСКАЯ, Елена Павловна.",,,
19008,19009,8345,В пути: [Очерк].,"ФЕДОРОВ, Рафаил Федорович.",,,
19010,19011,8346,В пути: Очерк.,"ШИРЯЕВ, Алексей Денисович.",,,
19012,19013,8347,В пути: [Повесть].,"ИЮЛЬСКИЙ, Ростислав Владимирович.",,,
19014,19017,8348,В пути: Поэма.,"ПЕТРОВ, Валерий. ",,Мальчик с пальчик...,
19018,19019,8349,В пути: Пьеса в 3-х актах.,"АЗАРХ, Александр Борисович.",,,
19020,19021,8350,В пути: Пьеса в 3-х д.,"БРА-МОВ, И.",,,
19022,19023,8351,В пути: Рассказ.,"ВЕРЕСАЕВ, В.",,,
19024,19025,8352,В пути: Рассказ.,"ЛУНЯКИН, А.",,,
19026,19029,8353,В пути: [Рассказ].,"МУЙЖЕЛЬ, Виктор Васильевич. ",,Враги...,
19030,19031,8354,В пути: [Рассказ].,"САЗОНОВ, Ив.",,,
19032,19033,8355,В пути. Рассказы.,"БОРОВИКОВ, Григорий Федорович.",,,
19034,19035,8356,В пути: Рассказы.,"ДЖАНСУГУРОВ, Ильяс.",,,
19036,19037,8357,В пути: Рассказы.,"ЛЕЩИНСКИЙ, Наум Ефремович.",,,
19038,19039,8358,В пути: Рассказы.,"ОВЧИННИКОВ, Михаил Иванович.",,,
19040,19041,8359,В пути: Рассказы. Очерки.,"ГОРДОН, Самуил Вульфович.",,,
19042,19043,8360,В пути: (Рассказы).,"СТЕПНОЙ, Николай.",,,
19044,19045,8361,В пути: Рассказы.,"СТРЫГИН, Александр Васильевич.",,,
19046,19047,8362,В пути: Рассказы и очерки.,"ХРЯ-ЩЕВ, Виктор Васильевич.",,,
19048,19049,8363,В пути: Рассказы и очерки о весне 1930 года в АССРНП.,"ВЕНУС, Георгий Давидович.",,,
19050,19051,8364,В пути: Рассказы и повесть.,"ФАИ-ЗИ, Рахмат.",,,
19052,19053,8365,В пути. Стихи.,"БОРТНИКОВ, Иван Дмитриевич.",,,
19054,19055,8366—8367,В пути: [Стихи].,"БЫКОВ, Павел Алексеевич.",,,
19056,19057,8368,В пути: Стихи.,"ГОРУЛЕВ, Николай Александрович.",,,
19058,19059,8369,В пути: Стихи.,"ЗАВАЛЬНЮК, Леонид Андреевич.",,,
19060,19061,8370,В пути: Стихи.,"КАЛМЫКОВ, Владимир Григорьевич.",,,
19062,19063,8371,В пути: Стихи.,"МАСТЕРКОВ, А.",,,
19064,19065,8372,В пути: Стихи.,"МИРОНОВ, Вадим Николаевич.",,,
19066,19067,8373,В пути: Стихи.,"МОРКОВКИН, Александр Константинович.",,,
19068,19069,8374,В пути: (Стихи).,"ОСИНИН, Владимир.  ",,,*
19070,19071,8375,В пути: Стихи.,"ПОЛЯНСКИЙ, Егор Иванович.",,,
19072,19073,8376,В пути: [Стихи].,"ПРОКОФЬЕВ, Александр Андреевич.",,,
19074,19075,8377,В пути: Стихи.,"РЕИМЕРИС, Ва-цис Казимирович.",,,
19076,19077,8378,В пути: [Стихи].,"РЕШЕТОВ, Александр Ефимович.",,,
19078,19079,8379,В пути: [Стихи].,"СИТКОВСКИИ, Аркадий Ильич.",,,
19080,19081,8380,В пути: Стихи.,"ТАЛЬ, Анна.",,,
19082,19083,8381,В пути: [Стихи].,"ТРУХАНОВ, Владимир Иванович.",,,.
19084,19085,8382,В пути: Стихи.,"ХЕЛЕМСКИИ, Яков Александрович.",,,
19086,19087,8383,В пути: Стихи.,"ШИРИН-ЮРЕНЕВ-СКИИ, Дмитрий Ильич.",,,
19088,19089,8384,В пути: [Стихи].,"ШУЛИКО, Николай Андреевич.",,,
19090,19091,8384а,В пути: Стихи. 2-я книга.,"ФОР-МАКОВ, Арсений.",,,
19092,19093,8385,В пути: Стихи и поэма.,"ЦИРИ-ХОВ, Михаил Тасолтанович.",,,
19094,19095,8386,В пути. Стихотворения.,"ЕРШОВ, Дмитрий Алексеевич.",,,
19096,19097,8387,В пути: Эскизы.,"БОГОМОЛОВ, Борис Дмитриевич.",,,
19098,19099,8388,В пути и дома: Стихи.,"АСАЕВ, Реваз Николаевич.",,,
19100,19101,8389,В пути на вершину.,"ГАИРБЕКО-ВА, Машидат Гаджиевна.",,,
19102,19103,8390,В путь: Повесть.,"САЛЬНИКОВ, Анатолий Алексеевич.",,,
19104,19105,8391,В путь: Стихи.,"ГРИДНЕВ, Петр Яковлевич.",,,
19106,19107,8392,В путь: [Стихи].,"ДЕЕВ-ХОМЯ-КОВСКИЙ, Григорий Дмитриевич.",,,
19108,19109,8393,В путь-дорогу: Рассказы.,"БУЛЬ, Роман Михайлович.",,,
19110,19111,8394,В путь-дорогу: [Рассказы].,"НЕВЕРОВ, Александр.",,,
19112,19113,8395,В путь-дорогу: Роман в 6-ти кн.,"БОБОРЫКИН, Петр Дмитриевич.",,,
19114,19115,8396,В путь-дорогу дальнюю.,"ГАСЕН-КО, Григорий Степанович.",,,
19116,19117,8397,"В путь за косым дождем...: Повесть о тех, кто уходит в небо.","МЕРКУЛОВ, Андрей Георгиевич.",,,
19118,19119,8398,В путях природы: Магдалина.,ШУТЛЕВОРТ. ,,,Н.
19120,19123,8399,В пучинах: Роман.,"СТРИНДБЕРГ, Август. ",На шхерах.,,
19124,19125,8400,В пучине: Повесть.,"МУСРЕПОВ, Габит Махмудович.",,,
19126,19129,8401,В пучине волн на волосок от смерти:    Повесть.,"АЛЕКСАНДРОВСКИЙ, Ал. П.",,,
19130,19131,8402,В пучине житейского моря.,"ОРЕНБУРГСКИЙ (ЯКОВЛЕВ, И.).",,,
19132,19133,8403,В пущах Полесья: Драма в 4-х д. по мотивам повести «Дрыгва» («Трясина»).,"КОЛАС, Якуб.",,,
19134,19135,8404,В пущах тайги: Повесть.,"БОНДАРЕНКО, Е. А.",,,
19136,19137,8405,В пуще: Драматическая поэма.,"УКРАИНКА, Леся.",,,
19138,19139,8406,В пьяную минуту.,"БАЗИЛЕВСКИЙ, Н.",,,
19140,19141,8407,В пяти частях света: Записки журналиста.,"КРАМИНОВ, Даниил Федорович.",,,
19142,19143,8408,В пятнадцать лет...: Роман.,WILLY (ВИЛЛИ).,,,
19144,19145,8409,В пятом часу утра: Повести и рассказы.,"ФЕДОРОВ, Геннадий Иванович.",,,
19146,19147,8410,В пять утра: Драматическая но-нелла.,"САВЕЛЬЕВ, Л. (ИТКИН, Лев Савельевич) .",,,
19148,19149,8411,В работе: Картины фрисландской жизни в 3-х д.,"ХЕЙЕРМАНС, Герман (ГЕЙЕРМАНС, Герман).",,,
19150,19151,8412,В работниках: Повесть.,"ВОЛЬ-НОВ, Иван.",,,
19152,19153,8413,В работном доме.,"ПОДЪЯЧЕВ, Семен Павлович.",,,
19154,19155,8414,В рабочем поселке: Пьеса в 2-х д.,"КРШИЖАНОВСКИЙ, Андрей Николаевич.",,,
19156,19157,8415,В рабочем поселке: Пьеса в 5-тид.,"ШУБ, Т.",,,
19158,19159,8416,В рабочих кварталах: (Очерки).,"БРУСЯНИН, Василий Васильевич.",,,
19160,19161,8417,В радуге — восемь цветов.,"ШЕВЕЛЕВА, Екатерина Васильевна.",,,
19162,19163,8418,В разведке: [Глава из второй книги повести «Наступление»].,"МАТВЕЕНКО, Александр Николаевич.",,,
19164,19165,8419,В разведке: [Историко-документальная повесть].,"МУГУЕВ, Хаджи-Мурат Магометович.",,,
19166,19167,8420,В разведке: Стихи.,"СИМОНОВ, Петр Фирсович.",,,
19168,19169,8421,В разведку шел мальчишка.,"МОРОЗОВ, Вячеслав Николаевич.",,,
19170,19175,8422,В разгар революции.,"ЭРВЬЕ, Поль. ",Теруань-де-Мери- кур.,,
19176,19177,8423,В разгар лета: Роман.,"КУУСБЕРГ, Пауль Аугустович.",,,
19178,19179,8424,В разгаре сезона: Роман.,"СЕРГЕЕВ, Дмитрий Гаврилович",,,","
19180,19181,8425,В разгаре страстей: Роман в 2-х ч. и рассказ «Великолепная гостиница».,"ПРУ-ЖАНСКИИ, Н. (ЛИНОВСКИЙ, Николай Осипович).",,,
19182,19183,8426,В раздумье: Очерки и рассказы из жизни русской интеллигенции.,"СОЛОВЬЕВ, Евгений Андреевич.",,,
19184,19185,8427,В разлом: Повесть.,"ЛЯШКО, Николай.",,,
19186,19187,8428,В разлуке: Стихи.,"КОРСАКАС, Костас Пранович.",,,
19188,19189,8429,"„В разлуке"" и другие повести и рассказы.","СЕМЕНОВ, Сергей Терентьевич.",,,
19190,19191,8430,В разлуке с отчизной: Рассказ.,"ДЕНИСОВ, Леонид Иванович.",,,
19192,19193,8431,В разлуке с Чарли.,"БИГЕЛОУ, Эдит Эвелин.",,,
19194,19195,8432,В разные годы: Сборник рассказов.,"КРУГЛОВ, Александр Васильевич.",,,
19196,19197,8433,В разных странах: Рассказы для детей.,"КИПЛИНГ, Редьярд.",,,
19198,19199,8434,В разоренной Москве: Исторический рассказ из отечественной войны 1812 г.,"ШВЕД ЕР, Евгений Иосифович.",,,
19200,19201,8435,В разрезе и на уровне: Сатира и юмор. Стихи.,"ЭЙДЛИН, Самуил Матвеевич.",,,
19202,19203,8436,В районном городе: Повесть.,"АБАТУРОВ, Константин Иванович.",,,
19204,19205,8437,В рассветный час.,"БРУШТЕИН, Александра Яковлевна.",,,
19206,19207,8438,В расстроенной семье: Рассказ из быта толстовцев.,"ОРЛОВ, Иоанн.",,,
19208,19209,8439,В расцвете рыцарства: Исторический роман. (Из эпохи царствования Генриха VIII).,"МАЙОР, Чарльз.",,,
19210,19211,8440,В раю: Роман.,"ГЕЙЗЕ, Пауль.",,,
19212,19213,8441,В редакцию обратился человек...,"ТЭСС, Татьяна.",,,
19214,19215,8442,В рейсе: (Впечатления матроса).,"ЮНГА, Евгений.",,,
19216,19219,8443,В речном дальнем плавании.,"СО- ЛОДНИКОВ, Геннадий Николаевич.",,,
19220,19221,8444,В речных камышах. Рассказ.,"ВЕ-ЛИЧКЕВИЧ, А.",,,
19222,19225,8445,В Ривьере; Счастья нет.,ШО- ЛОМ-АЛЕЙХЕМ.,,,
19226,19227,8446,В ритме вальса.,"МИТИН, Владимир Васильевич.",,,
19228,19229,8447,В родной деревне: Очерки; Гаврила Скворцов: Повесть.,"СЕМЕНОВ, Сергей Терентьевич.                  ",,,*
19230,19231,8448,В родной семье: [Повесть].,"ХОЛОДОВ, Владимир Иванович.",,,
19232,19233,8449,В родной семье: Повесть.,"ШТЕ-РЕНБЕРГ, Вениамин Ефимович.",,,
19234,19235,8450,В родной семье: [Рассказы].,"ФЕ-РЕНЧУК, Анатолий Николаевич.",,,
19236,19237,8451,В родной семье: (Стихи).,"ПИНЯ-ЕВ, Иван Данилович.",,,
19238,19239,8452,В родной усадьбе: Театральная пьеса в 4-х д.,"ЭНГЕЛЬМЕИЕР, Александр Клементьевич.",,,
19240,19241,8453,В родном ауле: Повесть.,"КОЛОМИЕЦ, Анатолий Михайлович.",,,
19242,19243,8454,В родном ауле: [Стихи и поэмы].,"ЖАПАКОВ, Науруз.",,,
19244,19245,8455,"В родном болоте: Сборник рассказов, сценок и картинок с натуры.","ДЯДЯ МИТЯЙ (ТОГОЛЬСКИИ, Дмитрий Дмитриевич) .",,,
19246,19247,8456,В родном гнезде: (Из мира «дикарей» Одесского порта).,"КАРМЕН, Л. О.",,,
19248,19249,8457,В родном гнезде: (Из семейной хроники).,"ДОГАНОВИЧ, Анна Никитична.",,,
19250,19251,8458,В родном городе: Стихи.,"КУДРИН, Леонид Яковлевич.",,,
19252,19253,8459,"В родном ковыле: Сборник стихотворений, рассказов и повестей.","ВОЛЬСКИЙ, Георгий.",,,
19254,19255,8460,В родном краю: Лирика.,"БАУКОВ, Иван Петрович.",,,
19256,19257,8461,В родном краю: Новый сборник стихотворений.,"КОРИНФСКИЙ, Аполлон Аполлонович.",,,
19258,19259,8462,В родном краю: [Рассказы].,"ЛЕСНОЙ, Михаил.",,,
19260,19261,8463,В родном краю: [Рассказы].,"ЛИТВИНЕНКО, Петр Евстафьевич.",,,
19262,19263,8464,В родном краю: Рассказы и очерки.,"АБАТУРОВ, Константин Иванович.",,,
19264,19265,8465,В родном краю: Сборник стихотворений.,"СМИРНОВ, Василий А.",,,
19266,19267,8466,В родном краю: Стихи.,"АЛАТЫР-ЦЕВ, Владимир Иванович.",,,
19268,19269,8467,В родном краю: [Стихи].,"ГЛОТОВ, Василий Иванович.",,,
19270,19271,8468,В родном краю: Стихи.,"МИРОНОВ, Вадим Николаевич.",,,
19272,19273,8469,В родном краю: Стихи.,"ПИНЯЕВ, Иван Данилович.",,,
19274,19275,8470,В родном краю: [Стихи].,"ПРОКОФЬЕВ, Александр Андреевич.",,,
19276,19277,8471,В родном краю: Стихи.,"СМАИ-КИН, Александр Федорович.",,,
19278,19279,8472,В родном краю: Стихи.,"ТРУТНЕВ, Михаил Георгиевич.",,,
19280,19281,8473,В родном краю: Стихотворения.,"ДВОРЯШИН, Николай Павлович.",,,
19282,19283,8474,В родном лесу: Повесть.,"ГЕРАСИМОВ, Евгений Николаевич.",,,
19284,19285,8475,В родном полку: Рассказы.,"ПОПОВ, Георгий Леонтьевич.",,,
19286,19287,8476,В родном просторе.,"КОШКАРОВ, Сергей Николаевич.",,,
19288,19289,8477,В родном углу: Комедия в 4-х д.,"НЕВЕЖИН, Петр Михайлович.",,,
19290,19293,8478,В родном углу: [Рассказ].,"ЧЕХОВ, Антон Павлович. ",,Человек в футляре...,
19294,19295,8479,В родном углу: Роман; Просветитель: Повесть.,"ЛЕЙКИН, Николай Александрович.",,,
19296,19297,8480,В родном уголке.,"РЕЛЕС, Григорий Львович.",,,
19298,19299,8481,В родных горах: Комедия в 3-х д.,"ХУБЕЦОВА, Раиса Васильевна.",,,
19300,19301,8482,В родных долинах.,"КУЧИЯК, Павел Васильевич.",,,
19302,19303,8483,В родных краях: (Из записок киномеханика).,"ПОЛТОРАЦКИЙ, Виктор.",,,
19304,19305,8484,В родных местах: Воспоминания охотника.,"ГРИНЕВ, Евгений Ильич.",,,
19306,19307,8485,В родных местах: Повесть.,"ЛЬВОВ, Тихон Николаевич.",,,
19308,19309,8486,В родных местах: Рассказ.,"КРЮКОВ, Федор Дмитриевич.",,,
19310,19311,8487,В родных местах: Рассказы.,"СЕРАФИМОВИЧ, Александр. ",,,.
19312,19313,8488,В родных местах: Рассказы.,"ЯКОВЛЕВ, Александр.",,,
19314,19315,8489,В родных полях: [Стихи].,"КОШКАРОВ, Сергей Николаевич.",,,
19316,19317,8490,В родных полях: Стихотворения.,"БЕЛОУСОВ, Иван Алексеевич.",,,
19318,19319,8491,В родных углах: Очерки и рассказы.,"ЛЕВИЦКИЙ, Петр А.",,,
19320,19321,8492,В родственных объятиях: Семейная быль в 4-х д.,"ЛИХАЧЕВ, Владимир Сергеевич.",,,
19322,19323,8493,В рождественскую ночь: Рассказ.,"Д-в, Н.",,,
19324,19325,8494,В рождественскую ночь: Рассказ.,"СЕМЕНОВ, Сергей Терентьевич.",,,
19326,19327,8495,„В рождественскую ночь“ и другие рассказы.,"РОЗЕГГЕР, Петер.",,,
19328,19331,8496,В «Розовом зайце».,"МЕТЕНЬЕ, Оскар. ",,Жертва долга...,
19332,19333,8497,В роковой вечер: Фарс в 1-м д.,"ПЛАКСИН, Сергей Иванович.",,,
19334,19337,8498,В руднике.,"СЕВЕРЦЕВ-ПОЛИ-ЛОВ, Г. Т. (ПОЛИЛОВ, Георгий Тихонович). ",,Возрождение...,
19338,19339,8499,В руках винтовка. Документальная повесть.,"НОВОСПАССКИЙ, Константин Михайлович.",,,
19340,19341,8500,В руках кровопийцев или Двести тысяч за спасение: Рассказ.,"ШУХМИН, Христофор Алексеевич.",,,
19342,19343,8501,В руках правосудия: Пьеса в 4-х д.,"ГРЕНЕ-ДАНКУР, Е. (ГРЕНЕ-ДАН-КУР, Эрнест).",,,
19344,19345,8502,В руках сатаны: Роман.,"КЕМП-БЕЛЬ, М.",,,
19346,19349,8503,В руках сатаны или Три карты: Фантастический рассказ.,"ДОБРОНРАВОВ, Николай Евгеньевич.",,,
19350,19351,8504,"В руки правосудия: Оригинальная комедия в ,3-х д.","ХОЛОСТОВ, В. (БИЛИБИН, Виктор Викторович).",,,
19352,19353,8505,"В Румынии: Рассказ. (По поводу подозрения, что евреи употребляют христианскую кровь).","ШИГАРИН, Николай Дмитриевич.",,,
19354,19355,8506,В русальный вечер: Картина в 1-м д.,"АШЕБЕРГ, Мария Александровна фон.",,,
19356,19357,8507,В рядах борцов.,"ГАНСОВСКИЙ, Север Феликсович.",,,
19358,19359,8508,В ряды: Поэма и поэзы.,"ЧЕРКАСОВ, Николай.",,,
19360,19361,8509,В Сабурове: Рассказ.,"АНДРЕЕВ, Леонид Николаевич.",,,
19362,19363,8510,В садах: Рассказы.,"НЕВЕРОВ, Александр.",,,
19364,19365,8511,В садах литературы: Книга пародий.,"ФЛИТ, Александр Матвеевич.",,,
19366,19367,8512,"В садах Саади: Стихи, басни.","КАЗМИЧЕВА, Татьяна Матвеевна.",,,
19368,19369,8513,В саду и в огороде.,"ТУРКИН, Ф.",,,
19370,19371,8514,В саду моем розы цвели — отцветали...: Сказка.,"ТРОФИМОВ, Николай Александрович.",,,
19372,19373,8515,В сады приходит весна: Комедия в 4-х д.,"ЛЮФАНОВ, Евгений Дмитриевич.",,,
19374,19375,8516,В салоне для чистки обуви: Ироническая мистерия в 1-м акте.,"РОМЭН, Жюль (РОМЕН, Жюль).",,,
19376,19377,8517,В Сальских степях: (Два рассказа).,"ТОЛСТОЙ, Алексей Николаевич.",,,
19378,19379,8518,В Сальских степях: Роман.,"МА-РИНКИН, Николай Петрович",,,","
19380,19381,8519,В Сальских степях: (Софрон Дубков). [Документальная повесть].,"РАСПОР-КИН, Федор Павлович.",,,
19382,19383,8520,В самой далекой стране: Очерки.,"СМИРНОВ, Сергей Сергеевич.",,,
19384,19385,8521,В самом пекле. Сталинградская повесть.,"ЧЕКИН, Василий Артемьевич.",,,
19386,19387,8522,В самую точку.,"ПАВЛОВ, Владимир Константинович.",,,
19388,19389,8523,В санатории: Комедия в 3-х д.,"ФУЛЬДА, Людвиг.",,,
19390,19391,8524,"В сантиметре от сердца: Повести, дневник, письма, статьи.","ОВЧАРЕНКО, Феликс Евгеньевич.",,,
19392,19393,8525,В сантиметре от смерти: Повесть.,"НЕДЯЛКОВ, Аркадий Демьянович.",,,
19394,19395,8526,"В сатирическом строю: Очерки, памфлеты, юмористические рассказы, фельетоны и статьи.","СЕМЕНОВ, Мануил Григорьевич.",,,
19396,19397,8527,В сахарном королевстве: (По поводу Глуховского процесса).,"ЧИРИКОВ, Евгений Николаевич.",,,
19398,19399,8528,В Саянской тайге: Записки художника.,"БРУНИ, Иван Львович.",,,
19400,19401,8529,В свете молний: Стихи.,"ГАЛИЕВ, Шаукат.",,,
19402,19403,8530,В светлом квадрате ринга: Рассказы о боксе и боксерах.,"ХРУЦКИЙ, Эдуард Анатольевич, ЛЯСОТА, Аскольд Константинович.",,,
19404,19405,8531,В светлую ночь: Рассказ.,"ЩЕГОЛЕВ, Василий.",,,
19406,19409,8532,В светлую ночь на «Манджурке»: Рассказ.,"ВАСИН, Николай Акимович.",,,
19410,19411,8533—8534,В светлую пору жизни: Повесть для юношества.,"УИТБИ, Беатрис.",,,
19412,19413,8535,В светлый праздник: Рассказ.,"ОРЛОВСКИЙ, К. Ф. (ГОЛОВИН, Константин Федорович).",,,
19414,19415,8536,В светлый праздник: Три рассказа.,"КУНИЛОВ, Феопемпт Парамонович.",,,
19416,19417,8537,В свободную минуту: [Рассказы].,"ШИРИНСКИЙ-ШИХМАТОВ, Андрей Александрович.",,,
19418,19419,8538,"В свободную минуту: Рассказы, очерки, стихотворения и 200 шарад, загадок, задач и пр.","ДИНГЕЛЬШТЕДТ, Николай Федорович.",,,
19420,19421,8539,В свободную минуту: Сборник стихотворений.,"ВИНОГРАДОВ, А. А.",,,
19422,19423,8540,В свободный час: Рассказы.,"БУРЛЕЙ, Николай Александрович.",,,
19424,19425,8541,В сводках не сообщалось...: Повесть.,"БЕЛЯЕВ, Александр Павлович.",,,
19426,19427,8542,В своей роли: Картина в 4-х д.,"ПЛЕЩЕЕВ, Александр Алексеевич.",,,
19428,19429,8543,В своей семье: Рассказы.,"ЛЮБИМОВ, Игорь Борисович.",,,
19430,19431,8544,В своем краю: Роман в 2-х ч.,"ЛЕОНТЬЕВ, Константин Николаевич.",,,
19432,19433,8545,В своем кругу: [Повести и рассказы].,"ОСТРОГОРСКИЙ, Алексей Николаевичу",,,
19434,19435,8546,В своем кругу: Рассказ из жизни кур.,"ВАДЗИНСКАЯ, А.",,,
19436,19437,8547,В своем отечестве: Стихи.,"БОД-РЕНКОВ, Алексей Михайлович.",,,
19438,19439,8548,"В свои ворота: Повести, рассказы.","ПОПОВ, Виктор Николаевич.",,,
19440,19441,8549,В свои восемнадцать лет: Размышления о подвиге комсомольца А. Мерзлова.,"СИМОНОВ, Константин Михайлович.",,,
19442,19443,8550,В свои силки: Комедия в 2-х д.,"ГЕРАСИМОВ, Павел Николаевич.",,,
19444,19449,8551,В своих сетях или Преступная мать: Комедия в 5-ти д.,"БОМАРШЕ, Пьер Огюстен Карон.                    ",,,* Изд. также под загл.: Виновная мать.
19450,19451,8552,В святое утро: (Из путевых воспоминаний).,"МАЧТЕТ, Григорий Александрович.",,,
19452,19453,8553,В святой вечер: Рождественская пьеса в 2-х д. для любительских театров.,"БОБУЛЬСКИЙ, Антоний.",,,
19454,19455,8554,В святую ночь: Рассказ.,"КОРОЛЬКОВ, Анемподист И.",,,
19456,19459,8555,В святую ночь: Юмористический рассказ.,"АВЕРЧЕНКО, Аркадий Тимофеевич. ",,Заметки провинциала...,
19460,19461,8556,„В святую ночь44 и другие рассказы.,"ГОЛОВА, Елизавета Саввишна.",,,
19462,19463,8557,В Севастополе: Рассказ.,"ВЕРЕЩАГИН, Василий Васильевич.",,,
19464,19465,8558,В северном краю.,"КУЗНЕЦОВ, Александр Александрович.",,,
19466,19467,8559,В Северном море — ноль: Повесть. Рассказы.,"ЗИБОРОВ, Евгений Александрович.",,,
19468,19471,8560,В Северном Причерноморье: (Орик —- сын Гелона).,"ПРИЛЕЖАЕВА-БАРСКАЯ, Белла Моисеевна.",,,
19472,19473,8561,В северных захолустьях.,"ШЕР-ГИН, Иван Алексеевич.",,,
19474,19475,8562,В северных лесах: Рассказ.,"КРУГЛОВ, Александр Васильевич.",,,
19476,19477,8563,В северных трущобах.,"ШЕРГИН, Иван Алексеевич.",,,
19478,19479,8564,В секретном окопе.,"РУДНЫЙ, Владимир Александрович.",,,
19480,19481,8565,В селе: Сцены в 4-х актах.,"РАХМАНОВ, Н. Н.",,,
19482,19483,8566,В селе Бессонове: Повесть.,"ШУРЫГИН, Василий Федорович.",,,
19484,19485,8567,В селе Знаменском: Пьеса из народной жизни в 4-х д.,"АЛЕКСАНДРОВ, Владимир Александрович.",,,
19486,19487,8568,В селе и в городе: Около борьбы труда и капитала. (Повесть-очерки из жизни священника). На социальные темы.,"А. М. (МИХАИЛ [СЕМЕНОВ, Павел Васильевич] ).",,,
19488,19489,8569,В селе Курбатове: Драматические сцены в 6-ти карт.,"ЛЕБЕДЕВ, Иван Иванович.",,,
19490,19491,8570,В селе Михайловском: Утаенная любовь. Драматические сцены в 5-ти д.,"ЛЕРНЕР, Николай Никитич.",,,
19492,19493,8571,В селе Спасском: (Бытовой очерк).,"ГОЛОВИНСКАЯ, Е. Н.",,,
19494,19495,8572,В сельской больнице: Документальная повесть.,"КОРАБЕЛЬНИКОВ, Илья Александрович.",,,
19496,19497,8573,В сельской тишине: (Быль).,"АРСЕНЬЕВА, Ольга Львовна.",,,
19498,19499,8574,В сельской читальне: Катино счастье. (Быль).,"АБРАМЧУК, Парфений.",,,
19500,19501,8575,В сельской школе: Очерк.,"ПОЗНЯКОВ, Николай Иванович.",,,
19502,19503,8576,В сельской школе: Рассказ.,"СОЛОВЬЕВ, М. А.",,,
19504,19505,8577,В сельской школе: Сцены для школьного театра.,"ЛУКАШЕВИЧ, Клавдия.",,,
19506,19507,8578,В сельце Отрадном: Хроника трех поколений. В 3-х д.,"МАМОНТОВ, Сергей Саввич.",,,
19508,19511,8579,В семи сантиметрах от полюса.,"ЯКОВЛЕВ, Андрей Алексеевич.",,,
19512,19513,8580,В семнадцать лет...: Пьеса в 2-х д.,"ИРОШНИКОВ, Алексей Михайлович.",,,
19514,19515,8581,В семнадцать мальчишеских...: Повесть.,"ОСОКИН, Евгений Васильевич.",,,
19516,19519,8582,В семнадцать мальчишеских лет.,"БУНЬКОВ, Семен Иванович. ",В ту грозовую пору*.,,
19520,19523,8583,В семь часов через океан: Роман.,"ЛОРИ, Андре (ГРУССЕ, Паскаль). ",Через океан.,,
19524,19525,8584,В семье. Повесть.,"МАЛО, Гектор.",,,
19526,19529,8585,В семье: Рассказ.,"МОПАССАН, Ги де. ",В лоне семьи *; В своей семье *; В семейном кругу*; По-семейному*.,,
19530,19531,8586,В семье: Рассказ.,"СЕРАФИМОВИЧ, Александр.",,,
19532,19533,8587,В семье: [Рассказы].,"ЕРОШКИНА, Зоя Алексеевна.",,,
19534,19535,8588,В семье: Сборник стихотворений.,"МЕДВЕДЕВ, Лев Михайлович.",,,
19536,19537,8589,В семье друга: Рассказы.,"АМЕТИСТОВ, Михаил Евгеньевич.",,,
19538,19539,8590,В семье единой: Роман.,"АНТОНОВ, Иван Захарович.",,,
19540,19541,8591,В семье и вне семьи: Очерки и рассказы.,"МИХЕЕВ, Василий Михайлович.",,,
19542,19545,8592,В семье не без урода: Комедия в 5-ти д. В стихах.,Имя авт. не установлено.,,,
19546,19547,8593,В семье Рязановых: (Очерк).,"ЮРЬЕВА, М. Е.",,,
19548,19549,8594,В семье Ульяновых.,"ГРИНБЕРГ, Анна Филипповна.",,,
19550,19551,8595,В сенокос: Стихи.,"КУЗНЕЦОВ, Дмитрий Иванович.",,,
19552,19553,8596,В сентябре и в апреле...,"КУНЯЕВ, Станислав Юрьевич.",,,
19554,19555,8597,В сентябре он вышел в путь: Роман.,"ДАРВАШ, Иожеф.",,,
19556,19559,8598,В Сербию: Рассказ.,"АНИСИМОВ, С. А.",,,
19560,19561,8599,В сердце гор.,"СИДКИ, Агзам.",,,
19562,19563,8600,В сердце и в памяти.,"ДУХАНОВ, Михаил Павлович.",,,
19564,19565,8601,В сердце каждого Ильич: Поэма.,"АЛИЕВА, Фазу Гамзатовна.",,,
19566,19567,8602,В сердце Лондона: Рождественский рассказ.,"РАИС-ДЖОНС, Д.",,,
19568,19569,8603,В сердце моем.,"МАРШАЛЛ, Алан.",,,
19570,19571,8604,В серебряную ночь: Стихотворения и драматическая поэма.,"ТЫЧИНА, Павел Григорьевич.",,,
19572,19573,8605,В середине века: Драма в 4-х д.,"ШЕЙНИН, Лев Романович.",,,
19574,19575,8606,"В середине века: Памфлеты, очерки, статьи.","ШЕЙНИН, Лев Романович.",,,
19576,19577,8607,В середине лета: Повесть.,"КРАСАВИН, Юрий Васильевич.",,,
19578,19579,8608,В середине лета: Рассказы.,"БОГДАНОВ, Виктор Карпович.",,,
19580,19583,8609,В середине лета:      [Рассказы].,"ОСИН, Дмитрий Дмитриевич.",,,
19584,19585,8610,В середине лета: Стихи.,"ЭЛКСНЕ, Ария Яновна.",,,
19586,19587,8611,В серой шинели: Записки полкового врача.,"ОСТРОВЕР, Леон Исаакович.",,,
19588,19589,8612,В сетях: Повесть.,"СЕРОШЕВ-СКИЙ, Вацлав Леопольдович.",,,
19590,19593,8613,В сетях властолюбцев: Историческая повесть в 2-х ч.,"ПАВЛОВ, А. П. Изд. ",,,также под загл.: Под сенью короны.
19594,19595,8614,В сетях воров и грабителей: Рассказы по запискам сыщика Зуборева.,ШУХМИН. ,,,Христофор Алексеевич.
19596,19597,8615,В сетях жизни: Роман.,"РОНИ, Жорж [!] (РОНИ-Младший).",,,
19598,19599,8616,В сетях злодея: Драма в 5-ти д.,"МАРИ, Жюль, ГРИЗЬЕ, Жорж.",,,
19600,19601,8617,В сетях интриги: Два потока. Роман времен Екатерины II.,"ЖДАНОВ, Лев.",,,
19602,19603,8618,В сетях искушения: Драма в 4-х д.,"ЛУКИН, Григорий Григорьевич.",,,
19604,19605,8619,В сетях любви: Комедия в 1-м д.,"ИЗМАЙЛОВ, Илья Николаевич.",,,
19606,19607,8620,В сетях невроза.,"МАЗУРКЕВИЧ, Н. И.",,,
19608,19609,8621,В сетях предательства: Роман.,"БРЕШКО-БРЕШКОВСКИЙ, Николай Николаевич.",,,
19610,19613,8622,В сетях преступлений: Убийство княгини Зарецкой. Уголовный роман.,Имя авт. не установлено.,,,
19614,19615,8623,В сетях святой инквизиции: Пьеса в 4-х карт.,"СТРУВЕ, Александр Филиппович.",,,
19616,19617,8624,В Сибири:. Рассказы и очерки.,"ЕЛПАТЬЕВСКИЙ, Сергей Яковлевич.",,,
19618,19619,8625,В Сибири: Уголовный роман.,"ОК-РЕИЦ, Станислав Станиславович.",,,
19620,19621,8626,В Сибири и за Каспием: Очерки из недавнего прошлого в стихах и прозе.,"БОРИСОВСКИЙ, Николай Фомич.",,,
19622,19623,8627,В сибирской дальней стороне: Рассказы.,"УРМАНОВ, Кондратий Никифорович.",,,
19624,19625,8628,В сибирской дальней стороне: Роман.,"МАРКОВ, Иван Мокеевич, МАРКОВ, Федор Мокеевич.",,,
19626,19627,8629,В сибирской дальней стороне: Роман. Повести.,"ЧЕРТОВА, Надежда Васильевна.",,,
19628,19629,8630,"В Сибирь, за песнями!","ГРЕБЕННИКОВ, Сергей Тимофеевич, ДОБРОНРАВОВ, Николай Николаевич.",,,
19630,19631,8631,В Сибирь на каторгу!: Водевиль в 1-м д.,"ЛЕОНАРД, Николай Семенович, РАССУДОВ, Михаил Иванович.",,,
19632,19633,8632,В Сибирь на каторгу: Знаменитые каторжники.,"ЛЬВОВ-КОЧЕТОВ, Евгений Львович.",,,
19634,19637,8633,В сильном подозрении.,"ШКЛЯРЕВ-СКИЙ, Александр Андреевич. ",,Две преступницы...,
19638,19639,8634,В синем залесье: Рассказы.,"ПЕТУХОВ, Анатолий Васильевич.",,,
19640,19641,8635,В синем мире.,"ГАЙДАЕНКО, Иван Петрович.",,,
19642,19643,8636,В синих квадратах моря.,"ЗОЛО-ТОТРУБОВ, Александр Михайлович.",,,
19644,19645,8637,В сиреневом саду: Комедия-водевиль в 3-х д.,"СОЛОДАРЬ, Цезарь Самой-лович.",,,
19646,19647,8638,В ситцевом царстве: Исторические рассказы.,"ШИЛЬДКРЕТ, Константин Георгиевич.",,,
19648,19649,8639,В сиянии радуги: Рассказы.,"РУ-РУА, Илья Парменович.",,,
19650,19651,8640,В сказке и жизни: Сатира и юмор.,"ЛЕВИТ, Аврелий Исаевич.",,,
19652,19653,8641,В сказочной стране: (Индия).,"КОР-НЕРУП, Эббе.",,,
19654,19655,8642,В сказочной стране: (Переживания и мечты во время путешествия по Кавказу).,"ГАМСУН, Кнут.",,,
19656,19657,8643,В скалистых горах: Три повести.,"ШУЛЬЦ, Джемс Виллард.",,,
19658,19659,8644,В складке времени: (Из записок старого холостяка).,"НАЛЬ, Цезарь.",,,
19660,19661,8645,В скорбные дни: Стихотворения.,"КУПЯНСКИЙ, Ив.",,,
19662,19663,8646,В скором поезде.,"ЛЕВЧЕНКО, Ирина Николаевна.",,,
19664,19665,8647,В следующий раз: Сценка-монолог в 1-м д.,"ГРЕНЕ-ДАНКУР, Эрнест.",,,
19666,19669,8648,В слободке.,"ШАПИР, Ольга Андреевна. ",,Вернулась!...,
19670,19671,8649,В сложном и простом: Стихотворения и поэмы.,"СЕМЫКИН, Петр Андреевич.",,,
19672,19673,8650,В смене лет: Стихи.,"ЗУБАРЕВ, Вадим Иванович.",,,
19674,19675,8651,„В смертельной опасности44 и другие рассказы.,"ХИРЬЯКОВ, Александр Модестович.",,,
19676,19677,8652,В Смольном: Стихи.,"ЛЕЛЕВИЧ, Г.",,,
19678,19679,8653,В смутное время: Драма в 5-ти д.,"ГЕЙДУШЕК, Ольга.",,,
19680,19681,8654,В смутные дни: Повесть из событий современного освободительного движения.,"ЛАВРОВ, А. И. (КРАСНИЦКИИ, Александр Иванович).",,,
19682,19683,8655,В смутные дни: Роман.,"ФОНВИЗИН, Сергей Иванович.",,,
19684,19685,8656,В снегах: Повесть. Рассказы.,"ГОРОДЕЦКИЙ, Евгений Александрович.",,,
19686,19687,8657,В снегах: Рассказ.,"КРУКОВСКИИ, Михаил Антонович.",,,
19688,19689,8658,В снегах: Рассказы.,"ОКУЛОВ, Алексей Иванович.",,,
19690,19691,8659,В снегах: Рассказы и очерки из жизни северных инородцев.,"НОСИЛОВ, Константин Дмитриевич.",,,
19692,19693,8660,В снегах: Рассказы из войны 1877—1878 гг.,"ТХОРЖЕВСКИЙ, Корнелий Владиславович.",,,
19694,19695,8661,В снегах Аляски.,"РУКЕТТ, Луи Фредерик.",,,
19696,19697,8662,"В снегах Восточной Сибири: Приключения американцев среди чукч, коряков и камчадалов.","ПОСПЕЛОВ, Сильвестр Александрович.",,,
19698,19699,8663,В снегах Подмосковья: Воспоминания и записки.,"ЛЕВИН, Минель Иосифович.",,,
19700,19701,8664,В снегах Подмосковья: Документальная повесть.,"ЛУЧАНИНОВ, Даниил.",,,
19702,19703,8665,В снегах Финляндии: Записки младшего командира.,"МИТРОФАНОВ, Николай Николаевич.",,,
19704,19705,8666,В снегах Эльбруса; Во льдах Арктики; За полярным кругом.,"РИХТЕР, Зинаида Владимировна.",,,
19706,19707,8667,В Снегирях.,"БАКЛАНОВ, Григорий Яковлевич.",,,
19708,19711,8668,В снежном сугробе.,Имя авт. не установлено.,,,
19712,19713,8669,В снежных горах: Рассказы.,"КОН-ДУРУШКИН, Иван.",,,
19714,19715,8670,В снежных заносах Юго-зап. ж. д.: (Быль).,М. Б.,,,
19716,19719,8671,В собачьем обществе: Водевиль в 2-х д.,М. Н. П. ,,,
19720,19721,8672,В Совдепии.,"СВЭН, Илья (КРЕМ-ЛЕВ, Илья).",,,
19722,19723,8673,В созвездии трапеции: Повесть.,"ТОМАН, Николай Владимирович.",,,
19724,19725,8674,В солдатской шинели:        Стихи.,"ДРУНИНА, Юлия Владимировна.",,,
19726,19727,8675,В солдатском ранце — маршальский жезл: Сногсшибательная карьера бравого солдата бундесвера. Выбрано из его эпистолярного наследства.,"ОПИЦ, Карл Людвиг.",,,
19728,19729,8676,В солнечной Абхазии и Хевсуре-тии.,"РИХТЕР, Зинаида Владимировна.",,,
19730,19731,8677,В солнечной Англии.,"ЗАДОРНОВ, Николай Павлович.",,,
19732,19733,8678,В солнечной степи: Повесть.,"КОЖЕМЯКИН, Алексей Яковлевич.",,,
19734,19735,8679,В солнечном доме: Повести.,"ЧУКОВСКИЙ, Николай Корнеевич.",,,
19736,19737,8680,В солнечную ночь.,"КОНДУРУШ-КИН, Степан Семенович.",,,
19738,19739,8681,В солнечные дали: Избранное.,"ПЛУДОН, Вилис (ПЛУДОНИС, Внлис Янович).",,,
19740,19741,8682,В солнечные н ненастные дни: Повесть и рассказы.,"ЩЕРБАКОВ, Антон Николаевич.",,,
19742,19743,8683,В соловьиную ночь: Рассказы.,"КО-ЛОМОЙЦЕВ, Леонид Сергеевич.",,,
19744,19745,8684,В сонном царстве: Сказка.,"ЮРЬ-ИН, Н. Н.",,,
19746,19747,8685,В сопках: Рассказы о героической борьбе китайских партизан.,ЛИ ДАН.,,,
19748,19749,8686,В сорок втором...: Повесть и рассказы.,"СЕРГЕЕВ, Дмитрий Гаврилович.",,,
19750,19751,8687,В сорочке рожденный: Ройан.,"МУРАТОВ, Игорь Леонтьевич.",,,
19752,19753,8688,В сосновой пади: Рассказы.,"СМИРНОВ, Олег Павлович.",,,
19754,19755,8689,В Софии цветут розы.,"ФИЛИПЕНКО, Виктор Константинович.",,,
19756,19757,8690,В союзе с Аристотелем: Повесть.,"МИХАСЕНКО, Геннадий Павлович.",,,
19758,19759,8691,В спальне новобрачных: Рассказ.,"БАР-КОВ (ЗОТОВ, Михаил).",,,
19760,19763,8692,В списках не значился: Трагедия в 2-х д.,"ВАСИЛЬЕВ, Борис Львович.",,,
19764,19765,8693,В списках спасенных нет.,"ПАК, Александр Исакович.",,,
19766,19767,8694,В среде умеренности и аккуратности.,"САЛТЫКОВ-ЩЕДРИН, Михаил Евграфович.",,,
19768,19773,8695,В срединном царстве           или Жизнь одного  китайчонка:           Повесть.,"БЕРЕЗИН, Николай Ильич.",,,
19774,19777,8696,В           среднем    районе.,"КАПУСТО, Юдифь Борисовна.",,,
19778,19779,8697,В среду на будущей неделе: Повесть.,"КЛИМЕНКО, Владимир Трофимович.",,,
19780,19781,8698,В ссудной кассе: Картина петербургской жизни в 1-м д.,"ПЛЕЩЕЕВ, Александр Алексеевич.",,,
19782,19783,8699,В стане ратников.,"ТУЛИН, Григорий.",,,
19784,19787,8700,В          станице: [Рассказ].,"СЕРАФИ- МОВИЧ, Александр.",,,
19788,19789,8701,В станице: Рассказ.,"ТРЕНЕВ, Константин Андреевич.",,,
19790,19791,8702,В станице Прилиманской: Повесть.,"ШМАНКЕВИЧ, Андрей Павлович.",,,
19792,19793,8703,В старинной крепости: Рассказы.,"ЮРТАЕВ, Николай Васильевич.",,,
19794,19795,8704,В стародавние годы: Историческая повесть из первой половины XI века.,"ВОЛКОВ, А.",,,
19796,19797,8705,В старой Англии: Исторический ;роман.,"ДОЙЛЬ, Артур Конан.",,,
19798,19799,8706,В старой башне: (Рассказ сыча о своих приключениях).,"ЛЮБИЧ-КОШУРОВ, Иоасаф Арианович.",,,
19800,19801,8707,В старой Дубровке: Повесть.,"КРАВЧЕНКО, Федор Тихонович.",,,
19802,19805,8708,В старой Москве: Историческая повесть в 2-х ч.,"САЛИАС, Е. А. (САЛИАС ДЕ ТУРНЕМИР, Евгений Андреевич). ",Самокрутка.,,
19806,19807,8709,В старой Москве: Картины.,"ПАНОВА, Вера Федоровна.",,,
19808,19809,8710,В старой Пензе.,"БОГДАНОВ, Александр Алексеевич.",,,
19810,19811,8711,В старой роте: (Драма в 3-х д.).,"ЛАПТЕВ, С.",,,
19812,19813,8712,В старой усадьбе: Пьеса в 5-тид.,"РУСОВ, Николай Николаевич.",,,
19814,19815,8712а,В старой усадьбе: Рассказ.,"СЕРГЕЕНКО, Михаил Михайлович.",,,
19816,19817,8713,В старой школе; Мои встречи с тиграми.,"ШАМУРАТОВ, Амет.",,,
19818,19819,8714,В старом Гайтале: Роман.,"СОЛОВЬЕВ, Борис Иванович.",,,
19820,19823,8715,В старом Гейдельберге: (Наследный принц). Комедия в 5-ти д.,"МЕИЕР-ФЕРСТЕР, Вильгельм. ",Старый Гейдельберг.,,
19824,19827,8716,В старом гнездышке: Комедия в 3-х д.,"ПОПОВА-ВОЛХОВСКАЯ, Анна Густавовна.",,,
19828,19829,8717,В старом городе: Повести и рассказы.,"МАРЫСАЕВ, Евгений Клеоникович.",,,
19830,19831,8718,В старом городе Лахоре.,"ТИХОНОВ, Николай Семенович.",,,
19832,19835,8719,В старом доме: Повесть.,"ЙОГЕ ЛЬ, М. К.",,,
19836,19837,8720,В старом доме: Повесть.,"РОЖДЕСТВЕНСКАЯ, Клавдия Васильевна.",,,
19838,19839,8721,"В старом доме: Рассказы, воспоминания, размышления.","БЕЛОРУССОВ (БЕЛЕВСКИЙ, Алексей Станиславович).",,,
19840,19841,8722,В старом замке.,"ВЕЖИНОВ, Павел.",,,
19842,19843,8723,В старом Иванове.,"ВОЛКОВ, Иван Андрианович.",,,
19844,19845,8724,В старом Петербурге: Картины нравов 20-х годов XIX века. 4 д.,"ГНЕ-ДИЧ, Петр Петрович.",,,
19846,19847,8725,В старом подполье: (Из повести «К новой жизни»).,"РВШЕТОВ, Сергей Иванович.",,,
19848,19849,8726,В старом Тифлисе.,"ФОРШ, Ольга Дмитриевна.",,,
19850,19851,8727,В старом Чикаго: Киносценарий.,"ЛЕВЬЕН, С., ТРОТТИ, Лэмер.",,,
19852,19853,8728,В старых стенах: Повести южных берегов.,"ВОРОТНИКОВ, Антоний Павлович.",,,
19854,19855,8729,В стенах: Повесть.,"НАЖИВИН, Иван Федорович.",,,
19856,19857,8730,В стенах гимназии: (Очерки школьной жизни).,"НИКОНОВ, Борис Павлович.",,,
19858,19859,8731,В стенах обители: Историческая повесть.,"ДМИТРИЕВ, Дмитрий Савватее-вич.",,,
19860,19861,8732,В стенах тюрьмы. Очерки арестантской жизни.,"СВИРСКИЙ, Алексей Иванович.",,,
19862,19863,8733,В стенах тюрьмы: (Тюремные впечатления); На воле: (Лирические стихотворения); Привязанность: (Рассказ).,"БУЛАХОВ, Сергей И.",,,
19864,19867,8734,В стенах философской обители: Фельетоны 1953—1954 гг.,"ЗАСЛАВСКИЙ, Давид Иосифович (ЗАСЛАВСКИЙ, Давид Осипович).",,,
19868,19869,8735,В степи: (Из железнодорожного мира). Пьеса в 4-х д.,"ВЕРШИНИН, Алексей Платонович.",,,
19870,19871,8736,В степи: (Канун и первые дни пасхи на хуторе). Картинки.,"СОЛОВЬЕВ-НЕ-СМЕЛОВ, Николай Александрович.",,,
19872,19873,8737,В степи: Очерк.,"ВЕРЕСАЕВ, В.",,,
19874,19875,8738,В степи: [Повесть].,"АМУР-САНАН, Антон Мудренович.",,,
19876,19877,8739,В степи: Повесть.,"НИКУЛИН, Михаил Андреевич.",,,
19878,19879,8740—8741,В степи: [Рассказ].,"ГОРЬКИЙ, Максим.",,,
19880,19881,8742,В степи: [Рассказ].,"МАМИН-СИ-БИРЯК, Дмитрий Наркисович.",,,
19882,19883,8743,В степи: [Рассказ].,"НАЖИВИН, Иван Федорович.",,,
19884,19885,8744,В степи: [Рассказ].,"НОВОКШО-НОВ, Иван Федорович.",,,
19886,19887,8745,В степи: [Рассказ].,"ТУРКИН, Ф.",,,
19888,19889,8746,В степи: Рассказы.,"ВЕННИКОВ, Иосиф Абрамович.",,,
19890,19891,8746а,В степи: [Рассказы].,"КОРОНА-ТОВА, Елена Ивановна.",,,
19892,19893,8747,В степи: Роман.,"НЕМИРОВИЧ-ДАНЧЕНКО, Владимир Иванович.",,,
19894,19895,8748,В степи: Роман.,"ОВЧИННИКОВ, Александр Григорьевич.",,,
19896,19897,8749,В степи: Роман.,"РЫБИН, Анатолий Гаврилович.",,,
19898,19899,8750,В степи Донецкой: Рассказы.,"ВОЛОДИН, Григорий Григорьевич.",,,
19900,19901,8751,В степи Донецкой: Сатира и юмор.,"ОЛЕЙНИК, Степан Иванович.",,,
19902,19903,8752,В степи под Курганом: Роман.,"ШМАТКОВ, Александр Григорьевич.",,,
19904,19905,8753,В степи под Ростовом.,"ЗЕЛЕРАН-СКИЙ, Ниссон Яковлевич.",,,
19906,19907,8754,В степи под Херсоном. Роман.,"ЗА-ЛАТА, Федор Дмитриевич.",,,
19908,19909,8755,В степи у кургана.,"ШАПОВАЛОВ, Анатолий П.",,,
19910,19911,8756,В степи широкой: Очерки.,"ЛУКА-ШЕВ, Феликс Васильевич.",,,
19912,19913,8757,В степном городке.,"РЫБАКОВА, Мария Федоровна.",,,
19914,19915,8758,В степном таборе: Рассказы.,"КА-ТАЕНКО, Кузьма Филиппович.",,,
19916,19917,8759,В степных просторах: Роман. С прологом и эпилогом. Ч. 1.,"БЕРЕЗОВСКИЙ, Феоктис",,,^ Алексеевич.
19918,19919,8760,В степных просторах: Роман-хроника.,"СКРИПОВ, Александр Николаевич.",,,
19920,19921,8761,В степях: Рассказы и очерки.,"ДУ-ДОРОВ, Петр Петрович (ОРЛОВЕЦ, П.).",,,
19922,19923,8762,В степях Джунгарии: Роман.,"ТЛЕ-КОВ, Жардем.",,,
19924,19925,8763,В степях Дона.,"КУДАШ, Сайфи.",,,
19926,19927,8764,В степях Забайкалья: Роман.,"ТАЦ-ХИМОВИЧ, Залман Михайлович.",,,
19928,19929,8765,В степях Закаспийских: Повести и рассказы из жизни туркмен.,"ДАНДЕВИЛЬ, Михаил Викторович.",,,
19930,19931,8766,В степях Зауралья. Роман.,"ГЛЕБОВ, Николай Александрович.",,,
19932,19933,8767,В степях Казахстана: Записки журналиста.,"ВЕРЕСОВ, Александр Израилевич.",,,
19934,19935,8768,В степях Монголии: Повесть.,"СЕ-РОШЕВСКИИ, Вацлав Леопольдович.",,,
19936,19937,8769,В степях Салавата: Стихи о Башкирии и вольные переводы стихов башкирских поэтов.,"ДУДИН, Михаил Александрович.",,,
19938,19939,8770,В степях Украины: Комедия.,"КОРНЕЙЧУК, Александр Евдокимович.",,,
19940,19941,8771,В сто лет Пушкину: Стихотворение.,"ЗАВИТНЕВИЧ, Иван Зенонович.",,,
19942,19943,8772,В стойлах. Рассказ из жизни лошадей.,"МЕДВЕДЕВ, Лев Михайлович, ЛЮБИЧ-КОШУРОВ, Иоасаф Арианович.",,,
19944,19945,8773,В столице: Рассказ.,"ЯШНОВ, Евгений.",,,
19946,19947,8774,В столице азарта.,"ХЕЛЛЕР, Франк.",,,
19948,19949,8775,В столичном гарнизоне: Рассказы.,"ВИХРЕНКО, Василий Андреевич.",,,
19950,19951,8776,В стольном городе Киеве: Сцены из жизни богатырей. Алешин грех; Влади-мир-князь тешится; Забава Путятншна; Илья Богатырь.,"НЕЖАТА, Николай.",,,
19952,19953,8777,В сторожевке: Из манчжурских воспоминаний.,"СЕВЕРНЫЙ, С. (ДУРЫ-ЛИН, Сергей Николаевич).",,,
19954,19955,8778,В сторожке: Рассказ.,"КОЛЕСНИКОВ, Николай Владимирович.",,,
19956,19957,8779,В стороне: Повесть в 2-х ч.,"ЗА-ВИСЕЦКИЙ, Юрий Геннадиевич.",,,
19958,19959,8780,В стороне опольной.,"НИКИФОРОВ, Геннадий Петрович.",,,
19960,19961,8781,В стороне от асфальта: Рассказы и повесть.,"ВАСИЛЬЕВ, Георгий Николаевич.",,,
19962,19963,8782,В стороне от большаков: Очерки.,"ВОИНОВ, Александр Алексеевич.",,,
19964,19965,8783,В стороне от больших дорог: Повесть.,"КОЧЕРОВ, Виктор Александрович.",,,
19966,19967,8784,В стороне от большого света: Роман в 3-х ч.,"ЖАДОВСКАЯ, Юлия Валерьяновна.",,,
19968,19969,8785,В стороне от главного удара: Роман.,"КУРЧАВОВ, Иван Федорович.",,,
19970,19971,8786,В стороне от жизни: Повесть из жизни современного духовенства. В 2-х ч.,"БУЛГАКОВСКИЙ, Дмитрий Гаврилович.",,,
19972,19973,8787,В стороне от лукавого света: Сцены из деревенской жизни в 2-х карт.,"Б... Ъ, Владимир (БАХРУШИН, Владимир Александрович).",,,
19974,19975,8788,В стороне от фарватера.,"РЕУТОВ, Алексей Ильич.",,,
19976,19977,8789,В стороне сибирской: Повесть и рассказы.,"ЧЕРКАСОВ, Алексей Тимофеевич.",,,
19978,19979,8790,В сторону заката солнца: Рассказы.,"ПЛАТОНОВ, Андрей.",,,
19980,19981,8791,В сторону от прямой.,"КАНЕВСКИЙ, Анатолий Евсеевич.",,,
19982,19983,8792,В сторону перевала: Стихи.,"ЛА-КЕРБАЙ, Юрий Астамурович.",,,
19984,19985,8793,В стоячей воде.,"САМСОНОВ, Борис Григорьевич.",,,
19986,19987,8794,В стране алмазов: Рассказ.,"БАР-ФУС, Эдингард фон.",,,
19988,19989,8795,В стране алмазов: (Южная звезда).,"ВЕРН, Жюль.",,,
19990,19991,8796,В стране будущего: Мои скитания по Аргентине.,"КОЛИШ, Лео.",,,
19992,19993,8797,В стране великих озер.,"ФАРЕ-СОВ, Б. Ф.",,,
19994,19995,8798,В стране великих рек: Рассказ из жизни современного Индокитая.,"ПАЛЬМ-БАХ, А., САЛЛЬ, М.",,,
19996,19997,8799,В стране великой Янцзы: Очерки.,"ВИНОГРАДОВ, Александр Александрович.",,,
19998,19999,8800,В стране вечных каникул: Необычайная история в 2-х актах.,"АЛЕКСИН, Анатолий Георгиевич.",,,
20000,20001,8801,В Стране Вечных каникул: Повесть-сказка.,"АЛЕКСИН, Анатолий Георгиевич.",,,
20002,20003,8802,В стране вещей.,"КРИВИН, Феликс Давыдович.",,,
20004,20005,8803,В стране водяных: Повесть.,"АКУТАГАВА, Рюноске.",,,
20006,20009,8804,В стране Ганди и Тагора (Indien): Очерки современной Индии.,"ГОЛИЧЕР, Артур.",,,
20010,20013,8805,В стране голода; Наши пауки: Драматические картины в 3-х д.,"СЕДИН, Митрофан Карпович.",,,
20014,20015,8806,В стране голубых озер: Очерки Алтая.,"РИХТЕР, Зинаида Владимировна.",,,
20016,20017,8807,В стране голубых просторов.,"МИРОНОВ, Александр Евгеньевич.",,,
20018,20019,8808,В стране дармоедов: Пьеса в 3-х актах.,"ФУЛЬДА, Людвиг.",,,
20020,20021,8809,В стране доллара: (Картинки американской жизни).,"ЛАССЕН, Джон (ЛЕ-КАИ, Янош).",,,
20022,20023,8810,В стране доллара: Рассказы.,"БИЛЛЬ-БЕЛОЦЕРКОВСКИЙ, Владимир Наумович.",,,
20024,20025,8811,В стране Дремучих Трав.,"БРАГИН, Владимир Григорьевич.",,,
20026,20027,8812,В стране друзей: Очерки.,"ЗАЛЫГИН, Сергей Павлович.",,,
20028,20029,8813,В стране друзей: Очерки о Польской Народной Республике.,"МАКАРЕНКО, Яков Иваногзич.",,,.
20030,20031,8814,В стране друзей. Рассказы о новой Чехословакии.,"КРУШИНСКИЙ, Сергей Константинович.",,,
20032,20033,8815,В стране друзей: [Стихи и поэма].,"ЛИХАРЕВ, Борис Михайлович.",,,
20034,20035,8816,В стране золота: Приключения мальчика в Калифорнии. Повесть.,"ГАРТ-НЕР, Георг (ГЕРТНЕР, Георг).",,,
20036,20037,8817,В стране золотой.,"ГУСЕЛЬНИКОВ, Илья Ильич.",,,
20038,20039,8818,В стране Ивана: Роман.,"ГРИН, Эльмар.",,,
20040,20041,8819,"В стране карликов, горилл и бегемотов: Очерки и рассказы из африканской жизни.","ГУЗИ, Ренэ.",,,
20042,20043,8820,В стране коллективизма: Отрывок из книги «На белом камне».,"ФРАНС, Ана-толь.",,,
20044,20045,8821,В стране королей и рыцарей.,"НЕМИРОВИЧ-ДАНЧЕНКО, Василий Иванович.",,,
20046,20047,8822,В стране кочевников: Рассказы.,"НИКОЛЬСКИЙ, Александр Михайлович.",,,
20048,20051,8823,В стране крокодилов и пирамид: Небылица в 1-м д.,ЯРОН. ,,,Марк Григорьевич.
20052,20053,8824,В стране Кутхи: Из цикла «Встречи в тундре».,"ПОРОТОВ, Георгий Германович, КОСЫГИН, Владимир Владимирович.",,,
20054,20057,8825,В стране лавров и роз: Исторический роман. Ч. 1—4.,"ЖАМЭ, Г. (ДЖЕМС, Джордж Пэн Рейнсфорд). ",Синьор Лоренцо Висконти,,
20058,20059,8826,В стране лордов.,"РУСТАМ-БЕК ТАГЕЕВ, Борис Леонидович.",,,
20060,20063,8827,В стране любви: Комедия-шутка в 3-х д.,"ТУНОШЕНСКИЙ, Владимир Владимирович.",,,
20064,20067,8828,NOPARSE,,,,"В стране любви: Повесть. Old Gentleman. (АМФИТЕАТРОВ, Александр Валентинович). В кн.: Отравленная совесть..."
20068,20069,8829,"В стране любви и землетрясений, странные рассказы и прочее.","КРЫМОВ, Владимир Пименович.",,,
20070,20071,8830,В стране Мань-Си: Очерки.,"МОРОЗОВ-УРАЛЬСКИЙ, Ст.",,,
20072,20073,8831,В стране марионеток: (Воспоминания о Японии).,"ДУДОРОВ, Петр Петрович (ОРЛОВЕЦ, П.).",,,
20074,20075,8832,В стране мехов: Роман в 2-х ч.,"ВЕРН, Жюль.",,,
20076,20077,8833,В стране минувшего: Роман.,"ТРОТ де БАРЖИ, Рене.",,,
20078,20079,8834,В стране моей Марийской.,"КАЗАКОВ, Миклай (КАЗАКОВ, Николай Иванович).",,,
20080,20081,8835,В стране наших внуков.,"ВАЙСС, Ян.",,,
20082,20083,8836,В стране озер: Очерки из финляндской жизни.,"БРУСЯНИН, Василий Васильевич.",,,
20084,20085,8837,В стране пальм: Иллюстрированная повесть. Ч. 1—2.,"АУГУСТИ (ПЛЕН, Аугуста).",,,
20086,20087,8838,В стране пирамид: Очерк.,"ГЕНЕ, Артур (ГАЙЕ, Артур).",,,
20088,20089,8839,В стране поверженных: Роман в 2-х книгах.,"ПАНФЕРОВ, Федор Иванович.",,,
20090,20091,8840,В стране подозрения: Роман.,"АР-МАНДИ, Андрэ.",,,
20092,20093,8841,В стране полуночного солнца.,"МИРОНОВ, Александр Евгеньевич.",,,
20094,20095,8842,В стране пробужденных тропиков.,"ПЕРЕВОЩИКОВ, Константин Алексеевич.",,,
20096,20099,8843,В стране райской птицы.,"МАВР, Янка. ",,Человек идет...,
20100,20101,8844,В стране родной или Бедность нашего крестьянина и что создает эту бедность.,БОБЫЛЬ ГОРЕМЫКА.,,,
20102,20103,8845,В стране роз: Рассказы из жизни болгарских детей.,"МАР, М.",,,
20104,20105,8846,В стране Салавата: Стихи.,"РАМАЗАНОВ, Гилемдар Зигандарович.",,,
20106,20107,8847,В стране свободы и труда: Рассказ из американской жизни.,"ПОСПЕЛОВ, Сильвестр Александрович.",,,
20108,20109,8848,В стране святых отцов. Роман.,"ЛЕФЕВР, Ив.",,,
20110,20111,8849,В стране синеокой: Роман.,"ШУН-ДИК, Николай Елисеевич.",,,
20112,20113,8850,В стране слонов: Рассказ.,"СОЛОВЬЕВ, М. А.",,,
20114,20115,8851,В Стране Советов: Сборник стихотворений.,"МЕРГЕНОВ, Атакопек.",,,
20116,20117,8852,В стране сполохов: Записки полярника.,"ФАРУТИН, Константин Никанд-рович.",,,
20118,20119,8853,В стране труда: Финляндские рассказы.,"ПОЛИЛОВ, Георгий Тихонович.",,,
20120,20121,8854,В стране уходящего ислама: Поездка в Турцию.,"СЕЙФУЛЛИНА, Лидия Николаевна.",,,
20122,20123,8855,В стране филателии: Пьеса в 3-х актах.,"СКВАРНИЦКИИ, Марек.",,,
20124,20125,8856,В стране хризантем: Повесть из японской жизни.,"АРТУРОВ, Г.",,,
20126,20127,8857,В стране цветов: Повесть.,"СЕРО-ШЕВСКИИ, Вацлав Леопольдович.",,,
20128,20129,8858,В стране черного золота.,"СИТКОВ-СКИИ, Аркадий Ильич.",,,
20130,20131,8859,В стране черных.,"СТЕНЛИ, Генри Мортон (СТЭНЛИ, Генри Мортон).",,,
20132,20133,8860,В стране черных людей: Историческая повесть из недавнего прошлого Африки. В (2-х ч.,"ОХОРН, Антон.",,,
20134,20135,8861,В стране чудес: [Документальные повести].,"ГРАЧ, Александр Григорьевич.",,,
20136,20139,8862,В стране чудес: Из жизни и природы Индии.,"РУССЕЛЭ, Людовик (РУС-СЛЕ, Луи). ",Заклинатель змей.,,
20140,20141,8863,В стране чудес: Путешествие по Индии.,"МАЕЛЬ, Пьер (МАЭЛЬ, Пьер).",,,
20142,20143,8864,В стране чудес: Рассказ.,"КРЕТО-ВА, Ольга Капитоновна.",,,
20144,20145,8865,В стране Шкиперни.,"ГУЛИА, Георгий Дмитриевич.",,,
20146,20147,8866,В стране юнаков: Из фронтовых записок.,"СОКОЛОВ, Василий Дмитриевич.",,,
20148,20151,8867,В страну отцов: Драма из еврейской жизни в 3-х д.,Имя авт. не установлено.,,,
20152,20153,8868,В страну Советов.,"СЛОНИМ, Д. А.",,,
20154,20155,8869,В страну Тамерлана.,"ВАЙЯН-КУ-ТЮРЬЕ, Поль.",,,
20156,20157,8870,В страну чудес: Повесть.,"ДОЙЛЬ, Артур Конан.",,,
20158,20159,8871,В страну чудес: Рассказы.,"ГАРД, Эрнест.",,,
20160,20161,8872,В страстях жизни: Рассказ.,"БАРКОВ (ЗОТОВ, Михаил).",,,
20162,20163,8873,В стройке: Стихи.,"ТИХОНОВ, Михаил.",,,
20164,20165,8874,В строку и между строк.,"БАЛУ-ХИН, Николай.",,,
20166,20167,8875,В строю: Повесть.,"НАУМОВ, Николай Федорович.",,,
20168,20169,8876,В строю: Стихи.,"КАЛИМУЛЛИН, Ильгиз Нуруллович.",,,
20170,20171,8877,В строю: Стихи.,"КАЛМЫКОВ, Владимир Григорьевич.",,,
20172,20173,8878,В строю. Стихи.,"КАРАТАЕВ, Григорий Григорьевич.",,,
20174,20175,8879,В строю: Стихи.,"ЛЕСИН, Александр.",,,
20176,20177,8880,В строю: [Стихи] .,"ШАМСАЕВ, Мумад Джунидович.",,,
20178,20179,8881,В строю: (Стихи).,"ЩЕГЛОВ, Павел Иванович.",,,
20180,20181,8882,В строю: Стихотворения.,"К. Р. (РОМАНОВ, Константин Константинович)",,,","
20182,20183,8883,"В строю: Стихотворения. Лирика, юмор, сатира.","АФЗАЛ, Гамиль.",,,
20184,20185,8884,В строю: Стихотворения.,"РЕШЕ-ТОВ, Александр Ефимович.",,,
20186,20187,8885,В строю и в запасе.,"ГЛОТОВ, Василий Иванович",,,","
20188,20189,8886,В студенческой богеме: Новеллы.,"ALTALENA (ЖАБОТИНСКИИ, Владимир Евгеньевич).",,,
20190,20191,8887,В субботний вечер: Рассказы.,"ЛЕЗИНА, Ирина Николаевна.",,,
20192,20193,8888,В суворовском училище: Отрывки из повести «Счастливый день суворовца Криничного».,"БАГМУТ, Иван Адрианович.",,,
20194,20195,8889,В сумасшедшем доме: [Очерки].,"БРОИДЕ, Соломон Оскарович.",,,
20196,20197,8890,В сумасшедшем доме: Очерки и рассказы.,"НАЖИВИН, Иван Федорович.",,,
20198,20201,8891,В сумасшедшем доме: Очерки с натуры.,"ДОБРОНРАВОВ, Николай Евгень- ",,,евич.
20202,20203,8892,В сумасшедшем доме: Рассказ.,"ЛАШНЮКОВ, Владимир Николаевич.",,,
20204,20205,8893,В сумерках: Вторая книга стихов.,"СИРОТКИН, Михаил.",,,
20206,20207,8894,В сумерках: Картинка в 1-м д. Мотив заимствован.,"НЕМИРОВИЧ-ДАНЧЕНКО, Владимир Иванович.",,,
20208,20209,8895,В сумерках: Очерки и рассказы.,"ЧЕХОВ, Антон Павлович.",,,
20210,20213,8896,В сумерках: Рассказ.,"ЗУДЕРМАН, Герман.",,,
20214,20215,8897—8898,В сумерках: Рассказ.,"ЭШС-ТРУТ, Натали фон.",,,
20216,20217,8899,В сумерках: Роман. Повести и очерки.,"СТРУВЕ, Александр Филиппович.",,,
20218,20219,8900,В сумерках: Сатиры и песни.,"МИНАЕВ, Дмитрий Дмитриевич.",,,
20220,20221,8901,В сумерках; Собеседники; Кто знает: Миниатюры. Н.,"М. Ф. (ФОКИН, Н. М.).",,,
20222,20223,8902,В сумерках: Стихи с переложением на графику.,"ЯБЛОНСКИЙ, Виктор.",,,
20224,20225,8903,В сумерках: Стихотворения. Книга вторая.,"СОКОЛОВ, Иван Иванович",,,
20226,20227,8904,В сумерках: Стихотворения.,"ШАЦКИХ, Павел Трефильевич.",,,
20228,20229,8905,В сумерках: Эскиз.,"С-Т, Б.",,,
20230,20233,8906,В          сумерках жизни: Рассказы и очерки.,"МУРИНОВ,                     Владимир Яковлевич.",,,
20234,20235,8907,В сумерках жизни: Стихотворения и прозаические миниатюры.,ДУБРОВА,,,","
20236,20237,8908,В сумерках просвещения: Очерки и рассказы из современного быта народных учителей.,"САХАРОВ, Иван Петрович.",,,
20238,20241,8909,В          сумерках         рассвета:    Пьеса в 4-х д.,"ГЕЙЕР, Борис Федорович.",,,
20242,20243,8910,В сумерки: Рассказы.,"ЖЕРОМСКИЙ, Стефан.",,,
20244,20245,8911,В сумерки жизни: Собрание стихотворений.,"СИРОТИНИН, Сергей Васильевич.",,,
20246,20247,8912,В сумраке кулис: Роман в 3-х ч.,"ЕРЛЫКОВ, Н.",,,
20248,20249,8913,В сумраке ночи: Странички недавнего прошлого.,"ВИТИМСКИЙ, П.",,,
20250,20251,8914,В Сумрачной долине.,"ИСТРАТИ, Панаит.",,,
20252,20253,8915,В сумятицу: Рассказ.,"КЛЯГИН, Константин Иванович.",,,
20254,20255,8916,В суровом краю: Повести.,"ГРА-ВИШКИС, Владислав Ромуальдович.",,,
20256,20257,8917,В суровые годы.,"ЧЕРНЕНКО, Григорий Александрович.",,,
20258,20259,8918,В суровые дни: [Документальная повесть].,"МАНДРИК, Иван Адамович.",,,
20260,20261,8919,В суровые дни: Драматический этюд в 1-м д.,"ФЕДОРОВИЧ, А. А.",,,
20262,20263,8920,В суровый край; Железные руки.,"ВИЛЬДЕ, Эдуард Юрьевич.",,,
20264,20265,8921,В суровый час: Поэма.,"ДОЛМАТОВСКИЙ, Евгений Аронович.",,,
20266,20267,8922,В сухом тумане.,"ВЕРЕСАЕВ, В.",,,
20268,20269,8923,В сфере контрастов: Стихотворения.,ФИТА.,,,
20270,20271,8924,В счастливый день.,"ЛИТВИНЕНКО, Петр Евстафьевич.",,,-            .
20272,20273,8925,В счастье верь!,"КОРОЛЬКЕВИЧ, Юлиан Юлианович.",,,
20274,20275,8926,В таежной глуши: Рассказы.,"ШАХОВ, Александр Алексеевич.",,,
20276,20277,8927,В таежной стороне.,"ЛЕЗГИНЦЕВ, Георгий Михайлович.",,,
20278,20279,8928,В таежном городе: Рассказы.,"СТАРИКОВ, Виктор Александрович.",,,
20280,20281,8929,В таежном уголке: Пьеса в 4-х д.,"ЯСТРЕБОВ, Александр Иванович.",,,
20282,20283,8930,В таежных глубинах: Роман.,"МИ-ХАЕВИЧ, Николай Андреевич.",,,
20284,20285,8931,В таежных дебрях: Рассказы.,"ИВАНОВ, Василий Николаевич.",,,
20286,20287,8932,В тайге: Пьеса в 3-х д.,"ФЕДОРОВ, Геннадий Александрович.",,,
20288,20289,8933,В тайге: Рассказ.,"ЗАВАДОВСКИЙ, Леонид Николаевич.",,,
20290,20291,8934,В тайге: Рассказ.,"МАКАРОВ-ЗА-РЕЧЕНЕЦ, Василий Григорьевич.",,,
20292,20293,8935,В тайге: Рассказы.,"УРМАНОВ, Кондратий Никифорович.",,,
20294,20295,8936,В тайге: Рассказы.,"УСТИНОВИЧ, Николай Станиславович.",,,
20296,20297,8937,В тайге не плачут: Стихи.,"КАЗАКОВА, Римма Федоровна.",,,
20298,20299,8938,В тайге стреляют: Повесть.,"ШАМШУРИН, Юрий Иванович.",,,
20300,20301,8939,В тайгу.,"УЖГИН, Семен Семенович.",,,
20302,20303,8940,В тайны сердца.,"МАШУК, Борис Андреевич.",,,
20304,20305,8941,"В такие дни: Стихи, 1919—1920.","БРЮСОВ, Валерий Яковлевич.",,,
20306,20307,8942,В таком разрезе: Избранное.,"ЛЕНЧ, Леонид.",,,
20308,20309,8943,В такую ночь...: Комедия в 3-х д.,"БУХАРИН, Михаил Николаевич.",,,
20310,20311,8944,В такую ночь: Этюд в 1-м д. в стихах.,"БИАНКИ, А. Э. ",,,""""
20312,20313,8945,В тараканьем мире.,"ВИХРЕВ, Александр Ефимович.",,,
20314,20315,8946,В татарской неволе: Исторический рассказ из времен Батыя.,"АЛТАЕВ, Ал.",,,
20316,20317,8947,В татарском захолустье: Повесть для юношества.,"ЖЕЛИХОВСКАЯ, Вера Петровна.",,,
20318,20319,8948,В Татьянину ночь: Рассказы и очерки.,"КУМОВ, Роман Петрович.",,,
20320,20321,8949,"В Таурупе — все, как в Латвии: Роман.","ЗАКИС, Мартин Петрович.",,,
20322,20323,8950,В Тахиа-Таше.,"БАЙДЕРИН, Виктор Александрович.",,,
20324,20325,8951,В те годы: Рассказы о революционных событиях 1905—1917 годов.,"ВЕРЕЙСКАЯ, Елена Николаевна.",,,
20326,20327,8952,В те далекие годы: Роман.,"ПЕРЕГУДОВ, Александр Владимирович.",,,
20328,20329,8953,В те двадцатые годы: Повести и рассказы.,"ЕРЕМИН, Дмитрий Иванович.",,,
20330,20333,8954,В те дни: Историческая пьеса в 4-х д.,"ДАУБЭ, В.",,,
20334,20335,8955,В те дни: [Повесть].,"КВИН, Лев Израилевич.",,,
20336,20337,8956,В те дни: [Рассказ].,"НЕВЕРОВ, Александр",,,
20338,20339,8957,В те дни: (Рассказы).,"ДОРОГОЙ-ЧЕНКО, Алексей Яковлевич.",,,
20340,20341,8958,В те дни и всегда: Повести.,"СНЕГИН, Дмитрий Федорович.",,,
20342,20345,8959,"В те дни, когда...: (Гроб). Драма в 4-х актах.","ЖИЖМОР, Макс Яковлевич. ",Последняя жертва: (Гроб).,,
20346,20347,8960,В темнозорь.,"ШЕВЧЕНКО, Адриан Сергеевич.",,,
20348,20349,8961,В темном царстве.,"СВИРСКИЙ, Алексей Иванович.",,,
20350,20351,8962,В темноте: Картинка.,"ШАПИР, Ольга Андреевна.",,,
20352,20355,8963,В темноте: Рассказы.,"ЗАВАЛИШИН, Александр Иванович. ",,Роза Сарона...,
20356,20357,8964,В темноте ночи: Рассказ.,"СОБОЛЕВ, В.",,,
20358,20359,8965,В темную даль.,"АНДРЕЕВ, Леонид Николаевич.",,,
20360,20361,8966,В темную ночь; Под тихими вербами: Повести.,"ГРИНЧЕНКО, Борис Дмитриевич.",,,
20362,20363,8967,В темную ночь. Рассказ.,"ЗОЛЯ, Эмиль.",,,
20364,20365,8968,В темную ночь: Рассказ.,"ЛЕВИНА-СЫСОЕВА, Евдокия Семеновна.",,,
20366,20367,8969,В тенетах снега: [Стихи].,"ЧЕР-МАН (КРОТКИЙ, Эмиль).",,,
20368,20371,8970,В тени: Драма в 4-х актах.,"ШТЕ-ФМАН, Иван Михайлович. ",В тисках невежества.,,
20372,20373,8971,В тени: Рассказы и очерки.,ОСТАШЕВ Л,,,еонид Иванович.
20374,20375,8972,В тени айсберга: Повести и рассказы.,"РЫТХЭУ, Юрий Сергеевич.",,,
20376,20377,8973,В тени алтарей: Роман.,"МИКО-ЛАЙТИС-ПУТИНАС, Винцас Юозович.",,,
20378,20379,8974,В тени Арарата.,"КОЛЬЦОВ, Михаил.",,,
20380,20381,8975,В тени гор: Рассказы.,"ДЖУРО-ВИЧ, Душан.",,,
20382,20383,8976,В тени жизни: Рассказы.,"РЖАНИ-ЦЫН, Александр Александрович.",,,
20384,20385,8977,В тени исполина: Драмы.,"СРУОГА, Балис Францевич.",,,
20386,20387,8978,В тени копра: Роман.,"СВИНСОС, Ингвалл.",,,
20388,20389,8979,В тени мечетей.,"СЫТИН, Александр Павлович.",,,
20390,20391,8980,В тени родных деревьев: Воспоминания детских лет.,"ЛЕОНИДЗЕ, Георгий Николаевич",,,
20392,20395,8981,В тени собора.,"БЛЯСКО ИБАНЭЦ, В. (БЛАСКО ИБАНЬЕС, Виссенте).",,,
20396,20397,8982,В тени старой колокольни: Повесть.,"ПРОХОРОВ, Петр Сергеевич.",,,
20398,20399,8983,В тени тополей: Роман.,"ПАЗУХИН, Алексей Михайлович.",,,
20400,20403,8984,В тени цветущего дерева: Пьеса в 1-м д.,"СЛАВИН, Лев Исаевич.",,,
20404,20405,8985,В тени электрического стула: Роман.,"ДЕСБЕРИ, Лауренс Г.",,,
20406,20407,8986,В тереме царицы: Исторический рассказ из жизни царя Алексея Михайловича.,"ЧЕРСКИЙ, Леонид Федорович.",,,
20408,20409,8987,В теснинах гор: Повести.,"МАГОМЕДОВ, Муса Абдуллаевич.",,,.
20410,20411,8988,В тесной клетке: Роман.,"ЛЕН-СКИИ-РАИСКИИ, М.",,,
20412,20413,8989,В течение двух часов...,"СПААК, Клод.",,,
20414,20415,8990,В тине адвокатуры: Роман конца века в 2-х т.,"ГЕЙНЦЕ, Николай Эдуардович.",,,
20416,20417,8991,В тисках: Водевиль в 1-м д.,"ЦЫГАНОВ, В. И.",,,
20418,20421,8992,В тисках: Из жизни американских рабочих. В 2-х ч.,"СИНКЛЕР, Эптон. ",Дебри; Джунгли; Чаща; Дебри хищничества и беззакония.,,
20422,20423,8993,В тисках: Повести и рассказы.,"ЯЦ-КОВ, Михайло (ЯЦКОВ, Михаил Юрьевич).",,,
20424,20425,8994,В тисках: Роман.,"ГЭЛСУОРСИ, Джон (ГОЛСУОРСИ, Джон).",,,
20426,20427,8995,В тисках: Роман; Опасные люди; Две правды.,"НАЗАРЬЕВА, Капитолина Валерьяновна.",,,
20428,20431,8996,В тисках власти и деспотизма: Драма в 5-ти д.,"ЧЕРКЕЗ, Яков Моисеевич.",,,
20432,20433,8997,В тисках Джугдыра.,"ФЕДОСЕЕВ, Григорий Анисимович.",,,
20434,20435,8998,В тисках жизни: Роман.,"РУНГ, Отто.",,,
20436,20439,8999,В тисках зимы; На кровле мира.,"РОБЕРТС, Чарльз.",,,
20440,20441,9000,В тисках капитала: Пьеса в 1-м д.,"ШУБ, Т.",,,
20442,20443,9001,В тисках морали: Пьеса в 4-х д.,"МИХАЙЛОВ, М. И. (РЫБИЦКИИ) (МИ-ХАИЛОВ-РЫБИЦКИИ, Михаил Иванович).",,,
20444,20445,9002,В тисках невежества: (В тени). Из современной жизни. Семейная драма в 4-х актах.,"ШТЕФМАН, Иван Михайлович.",,,
20446,20449,9003,В тихой гавани: Драма в 3-х д.,"ЭНГЕЛЬ, Георг. ",У моря.,,
20450,20453,9004,В тихой и мирной пристани: (Жизнь и природа у океана).,"НЕМИРОВИЧ-ДАНЧЕНКО, Василий Иванович. ",,В пустынях...,
20454,20455,9005,В тихой обители: Повесть.,"ЮРЬЕВА, М. Е.",,,
20456,20457,9006,В тихой пристани: (Дневник монастырской послушницы); В морозную ночь; Поездка на богомолье.,"ДАНИЛОВ, И. А. (ФРЙБЕС, Ольга Александровна).",,,
20458,20459,9007,В тихой пристани: Рассказ.,П. К.,,,
20460,20461,9008,В тихой пристани: Рассказ.,С-ОВ,,,", Р,"
20462,20463,9009,В тихом городке: Повесть.,"МУ ГУ-ЕВ, Хаджи-Мурат Магометович.",,,
20464,20467,9010,В тихом интеллигентном семействе.,"ГУРЕВИЧ, Исидор Яковлевич.",,,
20468,20469,9011,В тихом краю: Повесть.,"ВОЛКОВ, Олег Васильевич.",,,
20470,20471,9012,В тихом омуте: Веселые рассказы.,"КАРПОВ, Николай Алексеевич.",,,
20472,20473,9013,В тихом омуте...: Комедия в 3-х д.,"КАЛЬДЕРОН, Педро (КАЛЬДЕРОН де ля Барка, Педро).",,,
20474,20475,9014,В тихом омуте: Рассказы.,"КРАКОВСКИЙ, Владимир Лазаревич.",,,
20476,20477,9015,В тихом омуте: Рассказы из быта сибирских крестьян.,"НАУМОВ, Николай Иванович.",,,
20478,20481,9016,В тихом омуте — буря: (Мидль-марч). Роман в 8-ми кн.,"ЭЛЛИОТ, Джордж (ЭЛИОТ, Джордж). ",Миддльмарч.,,
20482,20483,9017,В тихом приюте: Рассказ.,"ОРЛОВЕЦ, П.",,,
20484,20485,9018,В тихом тумане: Рассказы.,"ЧИГ-РИНОВ, Иван Гаврилович.",,,
20486,20487,9019,В тихом углу: Рассказ.,"ФЕДОРОВ, Евгений Александрович.",,,
20488,20489,9020,В тиши Гурзуфа: Драматический этюд.,"КУЛИНЧЕНКО, Александр.",,,
20490,20491,9021,В тиши деревенской: Рассказ.,"НИЗОВОЙ, Павел.",,,
20492,20493,9022,В тиши ночной: Рассказы.,"КОДО-ЧИГОВ, Павел Ефимович.",,,
20494,20495,9023,"В тиши ночной: Рассказы, этюды и наброски.","АПРАКСИН, Александр Дмитриевич.",,,
20496,20499,9024,В то время как...: Сатирические миниатюры.,ГИНРЯРЫ.              ,,,.
20500,20501,9025,"В то время, как он сражается.",СИРИЛЬ-БЕРЖЕ,,,","
20502,20503,9026,В той степи глухой.,"ГОЛЬДБЕРГ, Александр Яковлевич.",,,
20504,20505,9027,В том же районе: Очерки.,"ОВЕЧКИН, Валентин Владимирович.",,,
20506,20507,9028,В том краю: [Повести].,"АФОНИН, Василий Егорович.",,,
20508,20509,9029,В толпе: [Повести и рассказы].,"ГОЛИЦЫН, Дмитрий Петрович (МУРАВ-ЛИН).",,,
20510,20511,9030,В толпе: [Рассказ].,"СОЛОГУБ, Федор.",,,
20512,20513,9031,В том краю: Рассказы.,"ДИЧА-РОВ, Захар.",,,
20514,20515,9032,В тот год суровый: Стихи.,"ОСИН, Дмитрий Дмитриевич.",,,
20516,20517,9033,В тот день: Пьеса в 4-х д.,"БОЛОТОВ, Юрий Васильевич.",,,
20518,20519,9034,В тот же день: Повести и рассказы.,"МИТИН, Василий Алексеевич.",,,
20520,20521,9034а,В тот огневой июль: Повесть и рассказы.,"ЕРОШИН, Анатолий Емельянович.",,,
20522,20523,9035,"В тот памятный день, в субботу: Повесть.","ПЕТРОВАЦ, Иштван.",,,
20524,20525,9036,В точке покоя: Роман.,"БЕНСОН, Мэри.",,,
20526,20527,9037,В точку.,"ВОЛЖЕНИН, Р.",,,
20528,20529,9038,В трактире.,"СКУРАТОВ, Павел.",,,
20530,20531,9039,"В Трансвааль, к бурам!: Оригинальная шутка в 1-м д.","АДЕЛЬГЕИМ, Георгий Яковлевич.",,,
20532,20533,9040,В траншеях.,"СТЕПНОЙ, Николай.",,,
20534,20535,9041,В тревоге и борьбе: Записки погибавшего и стихотворения.,"ЛЕБЕДЕВ-ОДИ-НОКИЙ, Ив. (ЛЕБЕДЕВ/ Иван Иванович).",,,
20536,20537,9042,В тревожный час.,"КЛЕМЕНТЬЕВ, Николай Сергеевич.",,,
20538,20539,9043,В третьей империи.,"ГИНРИХС, Клаус.",,,
20540,20541,9044,В трех соснах: Комедия в 3-х д.,"ЖУЛЕНГО, Анатолий (ДЭЛЬ, Д.)",,,"; ТОЛМАЧЕВ, Дмитрий Георгиевич."
20542,20543,9045,В трех странах света.,В. К.,,,
20544,20545,9046,В трех шагах—граница.,"ЛЮБОВ-ЦЕВ, Владимир Ильич, ШАРИКОВ, Павел Николаевич.",,,
20546,20547,9047,В трех шагах от Стрелецкой бухты.,"ТАРТАКОВСКИИ, Борис Семенович.",,,
20548,20551,9048,В трехстах километрах от жизни: Повести и рассказы.,"МЕТЕЛЬСКИЙ, Георгий Васильевич.",,,
20552,20553,9049,В тридесятом царстве: Музыкальный гротеск в 1-м д. с прологом и эпилогом.,"МЮЛЕ-ВАСИЛЬЕВ, В. К. (МЮЛЕ, Василий Карлович), ВИТИНОВ, Ф. Н. (РОДЧЕНКО, Федор Никанорович).",,,
20554,20555,9050,В тридцатых годах: Драматические сцены в 5-ти д.,"КОРНЕВ, В.",,,
20556,20557,9051,В тридцать лет: Повести и рассказы.,"ГОРЫШИН, Глеб Александрович.",,,
20558,20559,9052,В Триконии.,"КОРДЭ, Мишель.",,,
20560,20561,9053,В Троицын день: Рассказ о двух дюжинах поцелуев.,"БАРТШ, Рудольф Ганс.",,,
20562,20563,9054,В труд республики: Стихи и поэмы.,"ЕВСТАФЬЕВ, Николай Филиппович.",,,
20564,20565,9055,В трудном походе: Повесть.,"КАБО, Любовь Рафаиловна.",,,
20566,20569,9056,"В трудную минуту: Драма в 1-мд., в стихах.","КОППЕ, Франсуа. ",Молитва; Прощание.,,
20570,20571,9057,В трудные дни. [Повесть и рассказы].,"ПИСТОЛЕНКО, Владимир Иванович.",,,
20572,20573,9058,В трудные дни: Рассказ-быль.,"САБУРОВ, Александр Николаевич.",,,
20574,20577,9059,"В трущобах Индии: Роман в ,,5-ти ч.","ЖАКОЛИО, Луи. Изд. ",,,"также под заглавиями: За свободу Индии; В дебрях Индии,"
20578,20579,9060,В трущобах Самары: Уголовная хроника.,"КОНДЫРЕВ, Саккердон.",,,
20580,20581,9061,В ту грозную пору.,"ПРАВИЛЕН-КО, Григорий Тимофеевич, ЗАРАХОВИЧ, Яков Абрамович.",,,
20582,20583,9062,В ту пору ландыши цвели...: Стихотворения в прозе.,"ДМИТРЕНКО, Вера.",,,
20584,20585,9063,В ту суровую осень: Повесть.,"КОТОВ, Михаил Иванович, ЛЯСКОВСКИИ, Владимир Георгиевич.",,,
20586,20587,9064,В тугаях и плавнях.,"ЮДИН, Николай Михайлович.             ",,,.
20588,20589,9065,В тумане: Драма в 4-х д.,"КОРОЛЕВ, О. П.",,,
20590,20591,9066,В тумане: (Из одних записок).,"НЕФЕДОВ, Филипп Диомидович.",,,
20592,20593,9067,В тумане: Рассказ.,"КРУКОВСКИЙ, Михаил Антонович.",,,
20594,20595,9068,В тумане: Рассказ.,"ТАРПАН, Георгий Антонович.",,,
20596,20597,9069,В тумане: [Рассказы].,"АНДРЕЕВ, Леонид Николаевич.",,,
20598,20599,9070,В тумане: Рассказы.,"КРИНИЦ-КИЙ, Марк.",,,
20600,20601,9071,В тумане жизни: Повесть.,"МИТРОПОЛЬСКИЙ, Иван Иванович.",,,
20602,20603,9072,В тумане жизни: Роман.,"КРЕДО, Н. А. (ЛАППО-ДАНИЛЕВСКАЯ, Надежда Александровна).",,,
20604,20605,9073,В тумане жизни: Стихотворения.,"ТЕОДОРОВИЧ, Генрих Адольфович.",,,
20606,20607,9074,В тумане Лондона: Роман.,"ГРЭХЭМ, Стивен.",,,
20608,20609,9075,В тумане смуты: Драматический этюд в 1-м д. Из эпохи смутного времени.,"ИУСТИНОВ, Михаил Арсеньевич.",,,
20610,20611,9076,В тумане (1905): Драма в 7-ми карт.,"ФРЭНЧ (ЗОЛИН, Александр Самой-лович).",,,
20612,20615,9077,В тундре: [Рассказ].,"КУДИС, Дмитрий Карлович. ",Где не тают льды.,,
20616,20617,9078,В тундре: [Рассказ].,"СЕРАФИМОВИЧ, Александр.",,,
20618,20619,9079,В тундре: [Рассказы].,"ПОЛКОВНИКОВ, Михаил Петрович.",,,
20620,20623,9080,В туннеле: Роман.,"КЕЛЛЕРМАН, Бернгард. ",Туннель; Туннель под океаном.,,
20624,20625,9081,В тупике: Роман.,"ВЕРЕСАЕВ, В.",,,
20626,20627,9082,В тупом переулке: Повесть.,"ПЛАТОНОВА, Нина Дмитриевна.",,,
20628,20629,9083,В турецкой неволе: Рассказ.,"КАЛМЫКОВА, Александра Михайловна.",,,
20630,20631,9084,В тылу: Рассказы.,"РЫЖАКОВ, Н. П.",,,
20632,20633,9085,В тылу: Сатира. Юмор. Лирика.,"ВЕНСКИЙ, Евгений.",,,
20634,20635,9086,В тылу: [Стихи].,"VEGA (ГОЛИКОВ, Владимир Митрофанович).",,,
20636,20639,9087,В тылу армии: Лиризы. Вып. [1] — 2.,"ВИШНЯКОВ, Владимир Андреевич.",,,
20640,20641,9088,В тылу войны: Снимки с натуры.,Д-СКИЙ.,,,
20642,20643,9089,В тылу врага: (Дневник корреспондента «Красной звезды»).,"ПОЛЯКОВ, Александр Филатович.",,,
20644,20645,9090,В тылу врага: [Документальная повесть].,"ВЕСЕЛОВ, Илья Иванович.",,,
20646,20647,9091,В тылу врага: [Документальная повесть].,"ОМИЛЬЯНОВИЧ, Александр.",,,
20648,20649,9092,В тылу врага: [Очерки].,"КАПЛЕР, Алексей Яковлевич.",,,
20650,20651,9093,В тылу врага: Повесть.,"ДИДЫК, Прасковья Герасимовна.",,,
20652,20653,9094,В тылу врага: Повесть.,"ЭГАРТ, Марк Моисеевич.",,,
20654,20655,9095,В тылу врага: Рассказы.,"ФЕДОРОВ, Евгений Александрович.",,,
20656,20657,9096,В тылу врага: [Рассказы и очерки].,"РИХТЕР, Оскар.",,,
20658,20659,9097,"В тылу врага, вблизи от фронта.","ЮДЕНКОВ, Андрей Федорович.",,,
20660,20661,9098,В тылу и на фронте: Сборник рассказов.,"БАРБЮС, Анри.",,,
20662,20663,9099,В тылу неприятеля: (Из народной войны 1812 г.).,"ПИНЕВИЧ, Т.",,,
20664,20665,9100,В тылу у белых: Рассказ.,"ОСЬКИН, Дмитрий Прокофьевич.",,,
20666,20667,9101,"В 1812 году: Не в силе бог, а в правде. Сцены в 6-ти карт с эпилогом.","КВАДРИ, Владимир Викторович.",,,
20668,20669,9102,В 1812 году: Повесть.,"APT РОЙЕ (МАГОН, Патрис).",,,
20670,20671,9103,В 1812 году: (Шпион). Пьеса в 4-х карт.,"КВАДРИ, Владимир Викторович.",,,
20672,20673,9104,В 1905 году: Пьеса.,"ДЖАБАРЛЫ, Джафар Кафар.",,,
20674,20677,9105,В тысячелетней борьбе за Родину: Бывальщины X—XX веков (940—1917 гг.).,"КОРИНФСКИЙ, Аполлон Аполлонович.",,,
20678,20679,9106,В тюрьме: Повести и рассказы.,"ЛОМТАТИДЗЕ, Чола.",,,
20680,20681,9107,В тюрьме: Посмертный рассказ.,"САВИНКОВ, Борис Викторович.",,,
20682,20683,9108,В тюрьме: Роман.,"ГОП, Марк (МЕРРЕИ, Юстейс Клер Гренвил).",,,
20684,20685,9109,В тюрьме и цепях: Послание.,"УАЛЬД, Оскар (УАЙЛЬД, Оскар).",,,
20686,20687,9110,В тяжелые годы: Роман.,"КЭР-ВУД, Джеймс Оливер (КЕРВУД, Джеймс Оливер).",,,
20688,20689,9111,В тяжелые дни: Повесть.,"КАНА-ХИН, Утебай.",,,
20690,20691,9112,"В тяжелые дни: Рассказы, заметки.","ГОФШТЕТТЕР, Дмитрий Рафаилович.",,,
20692,20693,9113,"В тяжелые дни: Сатира, баллада, элегия, пародии, куплеты.","УМОВА, Ольга Кесаревна (ДЕМОКРАТКА).",,,
20694,20695,9114,В тяжкий час: Повесть.,"ВОЛОДИН, Григорий Григорьевич.",,,
20696,20697,9115,В Уашингтоне: Роман.,"ГОДЖСОН-БУРНЕТТ, Франсис (БЕРНЕТ, Френсис Ходжсон).",,,
20698,20701,9116,В «углу»: Граф Потоцкий; Тимофей Кузьмич; Мы плыли...; В «клубе».,"ЯЗВИЦКИЙ, Валерий Иоильевич.",,,
20702,20705,9117,В угоду начальства: Комедия в 1-м д.,"ТОМА, Людвиг.",,,
20706,20707,9118,В угоду одному человеку: Комедия в 4-х д.,"ПРАВДИН, Григорий.",,,
20708,20711,9119,В уголовном суде: (Очерки и рассказы).,Н. В. ,,,
20712,20715,9120,В Удельную.,"УТИНА-КОРСИНИ, Н. (УТИНА, Наталья Иеронимовна). ",,Тайна...,
20716,20717,9121,В уезде.,"КАСАТКИН, Иван Михайлович.",,,
20718,20719,9122,В уездных сугробах: Рассказ.,"ЗАМОИСКИЙ, Петр.",,,
20720,20721,9123,В университете: Наброски студенческой жизни.,"ГЕГИДЗЕ, Борис.",,,
20722,20723,9124,В «упрощенном порядке»: Оригинальный водевиль в 1-м д. 3.,П. Ф.,,,
20724,20725,9125,В урагане: Поэмы.,"РОДОВ, Семен Абрамович.",,,
20726,20727,9126,В урагане: [Рассказы!.,"ЗИНГЕР, Макс Эммануилович.",,,
20728,20729,9127,В Урочище горных духов: Погреть.,"ВАХМАН, Вениамин Лазаревич.",,,
20730,20731,9128,В усадьбе.,"ЧЕХОВ, Антон Павлович.",,,
20732,20733,9129,В усадьбе и на порядке: (Повеет»:}.,"БОБОРЫКИН, Петр Дмитриевич.",,,
20734,20735,9130,В усадьбе и хижине.,"ГАЛЕК, Витезслав.",,,
20736,20737,9131,В Уссурийской тайге: Повесть.,"ЕМЕЛЬЯНОВА, Нина.",,,
20738,20739,9132,В ученье: Рассказ.,"МАМИН-СИБИ-РЯК, Дмитрий Наркисович.",,,
20740,20741,9133,В учены: Рассказ.,"ТУГАН, Л. (ТУГАН-БАРАНОРСКАЯ, Лидия Карловна).",,,
20742,20745,9134,В ученье: [Рассказ].,"УЛЬЯНОВ, А. Н.",,,
20746,20747,9135,В учительскую семинарию: Рассказ.,"М.***, Е. Н.",,,
20748,20749,9136,В ущельях неспокойно: Повесть.,"КАИТОВ, Сергей Тимофеевич, ШЕЛЕПОВ, Борис Федорович.",,,
20750,20751,9137,В фас и профиль: Пьеса в 1-м д. с прологом и эпилогом.,"МЕДВЕДЕВ, Виктор Васильевич.",,,
20752,20753,9138,В фашистском зверинце.,"ЭРЕН-БУРГ, Илья Григорьевич.",,,
20754,20755,9139,В Фергане: Рассказ.,"КРОПАЧЕВ, Александр Михайлович.",,,
20756,20757,9140,"В фиордах, где не заходит солнце: Лето за семьдесят восьмой параллелью.","БУДРИС, Римантас Изидоряус.",,,
20758,20759,9141,В фургоне по местечкам.,"АГРАНОВСКИЙ, Абрам Давидович.",,,
20760,20761,9142,В футбол играть некогда: Повесть.,"ЛИХАЧЕВСКАЯ, Татьяна Васильевна.",,,
20762,20763,9143,В хате.,"ВАСИЛЕВСКАЯ, Ванда Львовна.",,,
20764,20765,9144,В хвойных лесах: Рассказы коми-морта.,"ЖАКОВ, Каллистрат Фалалеевич.",,,
20766,20769,9145,В хвосте: Современное обозрение в 1- м д.,"ТИХИЙ КОНРАД (ДЕЙЧ, Александр Иосифович), РОБИНЗОН (СТЕЧКИН, Владимир Николаевич).",,,
20770,20771,9146,«В хедер!»: Шутка. Ханукальная пьеса.,"РИВЕСМАН, Марк Семенович.",,,
20772,20773,9147,В Хейдере.,"ШМЕРКОВИЧ-ГАЛЕВИ, И. ",,,к.
20774,20775,9148,В хлебах...: Избранные рассказы.,"КОСЫНКА, Григорий.",,,
20776,20777,9149—9150,В храме: Из серии рассказов «Легенды о Христе».,"ЛАГЕРЛЕФ, Сельма.",,,
20778,20779,9151,В храме сердца: Лирические раздумья.,"ШУМСКИИ, Иван Васильевич.",,,
20780,20781,9152,В хребтах Алтая.,"ПУШКАРЁВ, Глеб Михайлович.",,,
20782,20783,9153,В христову ночь; Друзьям добра: Стихотворения.,"ГОРБУНОВ-ПОСАДОВ, Иван Иванович.",,,
20784,20785,9154,В худых душах: Рассказ.,"МАМИН-СИБИРЯК, Дмитрий Наркисович.",,,
20786,20787,9155,В царских застенках: Исторические очерки.,"УШЕРОВИЧ, Саул Сальевич.",,,
20788,20789,9156,В царских погонах.,"БАБУШКИН, Виктор Федорович.",,,
20790,20791,9157,В царской казарме: (Отрывок из повести «За крестами»).,"ГРОМОВ, Моисей Георгиевич.",,,
20792,20793,9158,В царской казарме: [Рассказ].,"ГРИГОРЬЕВ, Семен.",,,
20794,20795,9159,В царской школе: Повесть.,"ГРИГОРОВ, Леонид Петрович.",,,
20796,20799,9160,В царстве веселья: Комедия в 2- х д.,"ПАЛЬЕРОН, Эдуард Жюль Анри. ",В царстве смеха*.,,
20800,20801,9161,В царстве владык.,"САНГИ, Владимир Михайлович.",,,
20802,20803,9162,В царстве глины и огня: Роман.,"ЛЕЙКИН, Николай Александрович.",,,
20804,20805,9163,В царстве грез: Сказка.,"ТРУБАЧЕ-ВА, А. В.",,,
20806,20807,9164,В царстве грез и символов: Поэмы в прозе.,"БОШЕР, Жан де (БОСШЕР, Жан де).",,,
20808,20809,9165,В царстве дурных привычек: Музыкальная комедия-сказка в 3-х актах с прологом.,"БЕРЕГОВ, К., НЕДРИГАЙЛОВ, В.",,,
20810,20811,9166,В царстве духов: Рассказ из мира преданий.,"ЩЕРБИНСКИЙ, В.",,,
20812,20813,9167,В царстве жизни: Поэтический дневник.,"МАЗУРИН, В. П.",,,
20814,20815,9168,В царстве зверей: Рассказы из жизни животных. Охота на зверей.,"ЧИСТЯКО-ВА-ВЭР, Евгения (ВЭР-ЧИСТЯКОВА, Евгения).",,,
20816,20817,9169,В царстве золота: (Завоевание Перу испанцами 1526—1546 гг.).,"ГОЛОХВАСТОВ, К. К.",,,
20818,20819,9170,В царстве красок: Повести и рассказы.,"БРЕШКО-БРЕШКОВСКИИ, Николай Николаевич.",,,
20820,20821,9171,В царстве крови: Роман из эпохи французской революции 1848 г.,"СЮ, Эжен.",,,
20822,20825,9172,В царстве льдов: Комедия-шутка в 3-х д.,"АДАМОВ, Евгений Михайлович.",,,
20826,20827,9173,В царстве любви и неги: Юмористические рассказы.,"КАРР, С. (Патараки, Сергей Александрович).",,,
20828,20831,9174,В царстве привидений: Роман в 3-х ч.,"ГЕЙНЦЕ, Николай Эдуардович.",,,
20832,20833,9175,В царстве призраков: (Из мира таинственного).,"ШАХ-Ч, Аркадий.",,,
20834,20835,9176,В царстве птиц: Рассказы. Вып. 1.,"ЛОНГ, Вильям.",,,
20836,20837,9177,В царстве пчел и муравьев: Рассказ для детей.,"ЛЮБИЧ-КОШУРОВ, Иоасаф Арианович.",,,
20838,20839,9178,В царстве ситца: Роман.,"МЯСНИЦ-КИЙ, Иван.",,,
20840,20841,9179,В царстве сказки.,"МОРОЗОВА, Ксения Алексеевна.",,,
20842,20843,9180,В царстве скуки: Комедия в 3-х д.,"ПАЛЬЕРОН, Эдуард ",,,Ж*ль Анри.
20844,20845,9181,В царстве социализма: (Социологический роман).,ГОЛИАРДО.,,,
20846,20847,9182,В царстве царствующих и другие исторические идиллии.,"ПАВЛОВ, Анатолий Александрович.",,,
20848,20849,9183,В царстве черных: Сцены из жизни и природы Средней Африки.,"СТЕНЛИ, Генри Мортон (СТЭНЛИ, Генри Мортон).",,,
20850,20853,9184,В царстве шансонетки: Роман.,"ГИЛЬБЕР, Ивет (ГИЛЬБЕР, Иветт). ",Герои шансонетки.,,
20854,20855,9185,В царстве шантажа и легкой наживы: Современный уголовно-бытовой роман в 2-х ч.,"ГЕЙНЦЕ, Николай Эдуардович.",,,
20856,20857,9186,В цветах: летние силуэты в 3-х карт.,"ГНЕДИЧ, Петр Петрович.",,,
20858,20859,9187,В цветах весны: Пьеса в 4-х д.,"РУБИНШТЕЙН, Яков Львович.",,,
20860,20861,9188,В цель: Стихи.,"ДУБОВ, П. А.",,,
20862,20863,9189,В Цемесской бухте.,"ЮНГА, Евгений.",,,
20864,20865,9190,В центральном пролете: Стихи.,"СПРИНЧАН, Бронислав Петрович.",,,
20866,20867,9191,В цепях: Повесть.,"ТАГАНЦЕВ, Сергей.",,,
20868,20869,9192,В цепях: Пьеса в 3-х д.,"БРИЕ, Эжен.",,,
20870,20873,9193,В цепях: [Рассказ].,Имя авт. не установлено.,,,
20874,20875,9194,В цепях: [Роман].,"ЗУТНЕР, Берта фон.",,,
20876,20877,9195,В цепях Гименея: Фельетоны.,"ДА-ШЕВОКИЙ, Юрий Сергеевич.",,,
20878,20879,9196,"В цепях невзгод: Рассказы, этюды, стихотворения.","СЕМЕНОВ, Сергей Иванович.",,,
20880,20881,9197,В цепях под венцом.,"ТОПОРКОВ, В. И.                             ",,,в
20882,20883,9198,В цепях прошлого: Уголовный роман из современной жизни.,"МАКОВСКИЙ, Ф.",,,
20884,20885,9199,В цепях рабства: Историческая повесть.,"АНТОНОВ, П. (ОРЛОВЕЦ, П.).",,,
20886,20887,9200,В цепях страстей: Исторический роман из жизни испанского короля Фердинанда VII.,"БЕЛАНИ, X. (ГЕБЕРЛИН, Карл Людвиг).",,,
20888,20891,9201,В цепях у китайцев: Рассказ русского моряка.,Имя авт. не установлено.,,,
20892,20893,9202,В цирке: Рассказ.,"КУПРИН, Александр Иванович.",,,
20894,20895,9203,В цирке: Рассказ.,"ОКС, Виктор Борисович.",,,
20896,20897,9204,В цирке: Стихи.,"СПАССКИЙ, С. В.",,,
20898,20899,9205,В чаду: Роман в 2-х ч.,"ДОЛЬ, А.",,,
20900,20901,9206,В чаду войны: Патриотическая драма в 6-ти карт.,"КОТЕЛЕВЦЕВ, Виктор.",,,
20902,20903,9207,В чаду измены: Исторический роман конца XVII столетия. В /3-х ч.,"ГЕЙНЦЕ, Николай Эдуардович.",,,
20904,20905,9208,В чаду костров.,"БОЛЬШАКОВ, Михаил Александрович.",,,
20906,20907,9209,В чаду кулис: Роман.,"РАДИЧ, Василий Андреевич.",,,
20908,20911,9210,В чаду любви: [Набросок]. (Загл. обл.).,"ДЕМЧИНСКИЙ, Н. А. На ",,,тит. л. загл.: Ток.
20912,20913,9211,В чаду любви: Пестрые рассказы.,"КАРР, С. (ПАТАРАКИ, Сергей Александрович) .",,,
20914,20915,9212,В чаду любви: Повесть.,"ВАКУЛОВ-СКИИ, Андрей Николаевич.",,,
20916,20917,9213,В чаду любви: Роман.,"МИКЛАШЕВСКАЯ, С. А.",,,
20918,20921,9214,В чаду любви: Сценка.,Имя авт. не установлено.,,,
20922,20925,9215,В чаду миллиардов: Драма в 5-ти д.,ГОРЯЧКОВСКАЯ. ,,,Мария А.
20926,20927,9216,В чаду наслаждений: Исторический роман.,"МАУРИН, Евгений Иванович.",,,
20928,20929,9217,В чаду опиума.,"ФАРРЕР, Клод.",,,
20930,20931,9218,В чайном царстве: Очерки из жизни и нравов китайцев. (Сатирические наброски тушью).,"НА-ФУ-ФУ (КРУГЛОВ, Александр Васильевич).",,,
20932,20933,9219,"В час дня, Ваше превосходительство...: Роман.","ВАСИЛЬЕВ, Аркадий Николаевич.",,,
20934,20935,9220,В час по Гринвичу: Повесть.,"ДЕНИСОВ, Валерий Викторович.",,,
20936,20937,9221,В час раздумья.,"ИВАНОВИЧ (КОРОВКИН, Николай Иванович).",,,
20938,20939,9222,В час чуда.,"ПШИБЫШЕВСКИИ, Станислав.",,,
20940,20941,9223,В часе пути...: Стихи.,"ИНОВ, Игорь (ИВАНОВ, Игорь Владимирович).",,,
20942,20943,9224,В часы раздумья: Стихотворения.,"ВЕРЕЩАГИН, Сергей.",,,
20944,20945,9225,В человека надо верить.,"МАКСИМОВ, Константин Александрович.",,,
20946,20947,9226,В человеке не без чуда: Рассказы и повесть.,"НИКОЛАЕВА, Галина.",,,
20948,20949,9227,В чем наша сила?: Пьеса в 4-х д.,"КИСНЕМСКИЙ, Семен Петрович.",,,
20950,20951,9228,В чем наше счастье?: (Рассказ из крестьянского быта).,"КАССИРОВ, Иван.",,,
20952,20953,9229,В чем правда?: Рассказы.,"БАРАН-ЦЕВИЧ, Казимир",,,", Станиславович."
20954,20955,9230,В чем сила?: Комедия в 5-ти д.,"ХУДЯКОВ (ХУДЕКОВ, Сергей Николаевич).",,,
20956,20957,9231,В чем сила?: (Рассказ).,"ПОЗНЯКОВ, Николай Иванович.",,,
20958,20959,9232,В чем счастье?: [Рассказы].,"КРУГЛОВ, Александр Васильевич.",,,
20960,20963,9233,В чем счастье?: [Стихотворение].,"ФЕДОТОВ, Константин Петрович. ",,Надя...,
20964,20967,9234,В чем счастье?: Сцены из жизни в 3-х д.,"СЕЙМСКАЯ (ЛИНТВАРЕВА, Мария Владимировна).",,,
20968,20969,9235,"В чемодане улыбка: Мир путешествий, как его видит юморист.","СЕМЕНОВ, Мануил Григорьевич.",,,
20970,20971,9236,В черном логове: Повесть.,"АБОЖИН, Юрий Николаевич.",,,
20972,20973,9237,В черные дни.,"СУХОТИН, Павел Сергеевич.",,,
20974,20977,9238,В Черных Песках: Повесть.,"СИ-МАШКО, М. Изд. ",,,также под загл.: Повести Черных песков.
20978,20979,9239,В черте: Рассказы.,"СВИРСКИИ, Алексей Иванович.",,,
20980,20981,9240,В черте оседлости: Очерк.,"ЗНО-ВИЦКИИ, О.",,,
20982,20983,9241,В черте оседлости: (Портной). Очерк.,"ЮШКЕВИЧ, Семен Соломонович.",,,
20984,20987,9242,В чертовых лапах: Рассказ.,Имя авт. не установлено.,,,
20988,20989,9243,В чести и в неволе: Историческая повесть.,"ЛЕБЕДЕВ, Владимир Петрович.",,,
20990,20991,9244,В честь Санктпетербурга от возвратившегося жителя: Стихотворение.,"НЕ-ПУШКИН, Ал. Серг. ",,,"(СОБОЛЕВ, Александр Сергеевич)."
20992,20993,9245,В четыре голоса.,"ТАГОР, Рабиндранат.",,,
20994,20995,9246,В четыре утра...: Повесть.,"ВАХМАН, Вениамин Лазаревич.",,,
20996,20997,9247,В четырех километрах от войны: Драма в 2-х ч.,"СОСИН, Олег Генрихович.",,,
20998,20999,9248,В четырех стенах: Повесть; Из подневных заметок.,БОЕВ Н. ,,,"(БЕРГ, Федор Николаевич)."
21000,21001,9249,В четырех стенах: Шутка в 1-м д.,"СОКОЛОВ, Лев Львович.",,,
21002,21003,9250,В чешской школе: Роман.,"РАИС, Карел Вацлав.",,,
21004,21005,9251,В Чикаго на выставку: Повесть.,"СТЭДИ, Вильям (СТЭД, Вильям Томас).",,,
21006,21007,9252,В чистом поле: Военный роман-фантазия. В 2.-х ч.,ДАНРИ.,,,
21008,21009,9253,В чистом поле: Роман.,"ЛАНКАУ-СКАС, Ромуальдас Юозович.",,,
21010,21011,9254,"В чистом поле, за проселком: Рассказы и повести.","НОСОВ, Евгений Иванович.",,,
21012,21015,9255,В чудесной Ферганской долине.,"ИВАНОВ, Всеволод Вячеславович.",,,
21016,21017,9256,В чудесном доме.,"СЕРГЕЕВ, Марк.",,,
21018,21019,9257,В чужие люди: Рассказ.,"ЛОБЧЕВ-СКИИ, П.",,,
21020,21021,9258,В чужих гаванях: Рассказы.,"ГАЙДАЕНКО, Иван Петрович.",,,
21022,21023,9259,В чужих краях: Рассказы из жизни на море.,"ЕЛИСЕЕВ, П.",,,
21024,21025,9260,В чужих людях: [Автобиографические повести].,"АНДЕРСЕН-НЕКСЕ, Мартин.",,,
21026,21027,9261,В чужих людях; Деньги; Никита-музыкант: Повести.,"ДЕСТУНИС, София А., ДЕСТУНИС, Георгий.",,,
21028,21029,9262,В чужих широтах: Рассказы.,"МИРОНОВ, Александр Евгеньевич.",,,
21030,21031,9263,В чужой гавани: Пьеса в 3-х актах с прологом.,"АМУРСКИЙ, Илья, СЕМЕНОВ-ПОЛОНСКИЙ, Семен Захарович.",,,
21032,21033,9264,В чужой земле: Рассказы.,"НИЗОВОЙ, Павел.",,,
21034,21035,9265,"В чужой среде: Повесть из быта образованных рядовых, поступивших в войска по обязательной повинности.","ГА-МУЛЕЦКИЙ, Владимир Петрович.",,,
21036,21037,9266,В чужой стороне: Рассказ.,"АЙЗ-МАН, Давид Яковлевич.",,,
21038,21039,9267,В чужой стране: Документальная повесть.,"ВОЛЬФ, Абрам Яковлевич.",,,
21040,21043,9268,В чужой шкуре: (Почти сказка).,"ОЛЕНИН, Петр Алексеевич.       ",,,.
21044,21045,9269,В чужом гнезде: Повесть.,"НИКОЛЬСКИЙ, Вениамин Васильевич.",,,
21046,21047,9270,В чужом гнезде: Роман.,"ЕЛЫДО-ВА, К.",,,
21048,21049,9271,В чужом гнезде: Роман.,"МИКЛАШЕВСКАЯ, С. А.",,,
21050,21051,9272,В чужом доме.,"СИМОНАЙТИТЕ, Ева Эдмасовна.",,,
21052,21053,9273,В чужом краю: Рассказ.,УЙДА.,,,
21054,21055,9274,В чужом мире: Рассказы.,"БИЛЛЬ-БЕЛОЦЕРКОВСКИЙ, Владимир Наумович.",,,
21056,21057,9275,"В чужом пиру: Повесть, рассказы, фельетоны.","ГЕРСАМИЯ, Ясон Александрович.",,,
21058,21059,9276,В чужом пиру: Роман.,"ГОБЕР, Эрнст.",,,
21060,21061,9277,В чужом пиру похмелье: Комедия в 2-х ч.,"ОСТРОВСКИЙ, Александр Николаевич.",,,
21062,21063,9278,В чужом пиру похмелье: Повесть.,"СЛАВЛЕВ, П.",,,
21064,21065,9279,В чужом поле: Роман в 2-х кн.,"БОБОРЫКИН, Петр Дмитриевич.",,,
21066,21067,9280,В Чукотском море.,"ЛЕОНТЬЕВ, Владилен Вячеславович.",,,
21068,21069,9281,В Чулымской тайге: Повесть.,"КУЗНЕЦОВА, Агния.",,,
21070,21071,9282,В шантане: Картинка в 1-м д.,"ЯРОСЛАВЦЕВ, Василий Ефремович.",,,
21072,21073,9283,В шатрах Кедара: Исторический роман.,"МЕРРИМЕН, Генри Ситон (МЕР-РИМАН, Генри Сэтон).",,,
21074,21075,9284,В шахтах: Повесть из жизни углекопов.,"ЗАГИРНЯ, Мария.",,,
21076,21077,9285,В шахте: [Рассказ].,"ЧАЙЧЕНКО, Василь (ГРИНЧЕНКО, Борис Дмитриевич).",,,
21078,21079,9286,В шахте и другие рассказы.,"ТЕЛЕШОВ, Николай Дмитриевич.",,,
21080,21081,9287,В Швейцарии: Поэма.,"СЛОВАЦКИЙ, Юлиуш.",,,
21082,21083,9288,В шелковой паутине: Роман.,"УПИТ, Андрей Мартынович.",,,
21084,21085,9289,В шестидесятых годах (1862— 1863): Роман в 2-х ч.,"БРЯНЧАНИНОВ, Анатолий Александрович.",,,
21086,21087,9290,В шестнадцать лет: Повесть.,"ЛАПИН, Борис Александрович.",,,
21088,21089,9291,В 16 лет: Пьеса в 1-м д.,"БРАККО, Роберто.",,,
21090,21091,9292,В шестнадцать лет: Роман.,"ЗУ-ДЕРМАН, Герман.",,,
21092,21093,9293,В шестнадцать мальчишеских лет: Воспоминания партизанского командира.,"БЕРЕЖНОЙ, Иван Иванович.",,,
21094,21095,9294,В шестнадцать мальчишеских лет: [Очерки].,"РЕБРОВ, Михаил Федорович.",,,
21096,21097,9295,В шестнадцать мальчишеских лет: Роман.,"ГОЛОСОВСКИИ, Игорь Михайлович.",,,
21098,21099,9296,В шестнадцать мальчишеских лет: (Саша Чекалин). Пьеса в 3-х д. с прологом и эпилогом.,"ПОТОЦКИЙ, Олег Иосифович.",,,
21100,21101,9297,В шесть тридцать по токийскому времени: Роман-разоблачение.,"АРБЕНОВ, Эдуард, ПИСМАНИК, М.",,,
21102,21105,9298,"В Шильонском замке: Трагедия в 5-ти д., в стихах.","ФЕДОТОВ, Александр Филиппович.",,,
21106,21107,9299,В школе и дома: Стихи.,"ВОЛОВИК, Георгий Георгиевич.",,,
21108,21109,9300,В школьной тюрьме: Исповедь ученика.,"ДУРЫЛИН, Сергей Николаевич.",,,
21110,21111,9301,В школу: Рассказы.,"МИРОНОВ, Н. А.",,,
21112,21115,9302,В штабе: (Связисты). Драматический этюд в 1-м д.,"ГОРЕВ, Илья Александрович. ",Связисты.,,
21116,21117,9303,В штатском: Шутка в 1-м д.,"КА-ДЕЛЬБУРГ, Густав.",,,
21118,21119,9304,В штатском: Шутка в 1-м д.,"ФРЕНКЕЛЬ, Александр Андреевич.",,,
21120,21121,9305,В шторм: Повесть.,"ГОНЧАРОВ, Константин Федорович.",,,
21122,21123,9306,В шторм: Рассказ.,"СТАНЮКОВИЧ, Константин Михайлович.",,,
21124,21125,9307,В шторм: [Рассказы].,"ЭНГЕЛЬ-МАН, С. А.",,,
21126,21127,9308,В штормовой вечер: Рассказы.,"БИРЮЛИН, Гавриил Михайлович.",,,
21128,21129,9309,В штормовых широтах: Документальная повесть.,"КРУПИН, Григорий ",,,ДАнилович.
21130,21131,9310,В шутку и всерьез: Басни и фельетоны.,"СЕРГЕЕВ, Герман Иванович.",,,
21132,21133,9311,В шутку и всерьез: Сатира и юмор.,"ПОЛОТАЙ, Николай Исидорович.",,,
21134,21135,9312,В шутку и всерьез: Юмористические зарисовки.,"КОТОВ, Александр Александрович.",,,
21136,21137,9313,"В Шуше, у подножия Саяна: Путевые заметки.","УЯР, Федор Ермилович (УЯР, Хведер).",,,
21138,21139,9314,"В Шуше, у подножия Саяна: Стихи о В. И. Ленине.","ЛИСОВСКИЙ, Казимир Леонидович.",,,
21140,21141,9315,В щупальцах жизни: Еврейские рассказы.,"КРАИНОВИЧ, М. С.",,,
21142,21143,9316,В экскурсию: Рассказы.,"НИК. (НАУМОВ, Ник.).",,,
21144,21145,9317,В экстазе: Драма в 3-х д.,"ШЕВИЧ, Василий Степанович.",,,
21146,21147,9318,В эпицентре драм.,"ТУЧИН, Борис Иосифович.",,,
21148,21149,9319,В эпоху секунды.,"АТАРОВ, Николай Сергеевич.",,,
21150,21151,9320,"В эти годы: Публицистика, 1041 — 1950.","СИМОНОВ, Константин Михайлович.",,,
21152,21153,9321,В эти годы: Стихи и песни.,"БРОДСКИЙ, Александр Исаакович.",,,
21154,21155,9322,В эти дни: Картины современности в 4-х актах.,"ЛЬВОВСКИЙ, И. (АРНОЛЬ-ДИ, Игорь Федорович).",,,
21156,21157,9323,В этом большом мире.,"ДОСТЯН, Ричи Михайловна.",,,
21158,21159,9324,В этом бушующем мире: Очерки-свидетельства.,"ОВЧАРЕНКО, Александр Иванович.",,,
21160,21161,9325,В этом возрасте: Стихи.,"ЭМИН, Геворг.",,,
21162,21163,9326,В этом городе: Драма в 1-м д.,"ВЕРНЫЙ, Л.",,,
21164,21165,9327,В этом и моя судьба.,"БЕРЦЕ, Виз-бул Августович.",,,
21166,21167,9328,В этом ли счастье?: Пьеса в 1-м д. с балетом.,"ЛЫЩИНСКИЙ, Лев Владими ",,,рович.
21168,21171,9329,В этом мире и в том: Мистерия в 2-х карт.,"ДОДЭ, Альфонс (ДОДЕ, Альфонс) .",,,
21172,21173,9330,В этом непростом мире.,"СИМОНОВ, Константин Михайлович.",,,
21174,21175,9331,В этом южном городе: Повести и рассказы.,"ИБРАГИМБЕКОВ, Рустам Мамед Ибрагим оглы.",,,
21176,21177,9332,В эту минуту: Стихи.,"МАНСУР, Зия.",,,
21178,21179,9333,В эту ночь никто не уснул: Пьеса в 2-х д.,"ГОЛЬДФЕЛЬД, Владимир Александрович.",,,
21180,21181,9334—9335,В эту ночь при луне: Лирические рассказы.,"БЕЛЯЕВ, Владимир Павлович.",,,
21182,21183,9336,В юдоли слез.,"ПШИБЫШЕВСКИЙ, Станислав.",,,
21184,21185,9337,В южных морях.,"ХАИНС, Г.",,,
21186,21187,9338,В юные годы: (Воспоминания).,"ВЕРЕСАЕВ, В.",,,
21188,21189,9339,В юртах.,"БАХМАЧ, Зинаида Тимофеевна.",,,
21190,21191,9340,В ядовитом поясе.,"ДОЙЛЬ, Артур Конан.",,,
21192,21193,9341,В Японии.,"ЛОТИ, Пьер.",,,
21194,21195,9342,В ясном рассвете: Стихи и сказки.,"ОЛЕВСКИЙ, Борис Абрамович.",,,
21196,21199,9343,В ясные тихие дни: Лебединая песнь.,"ЛУГОВОЙ, Алексей (ТИХОНОВ, Алексей Алексеевич). ",,В ночи бесонные...,
21200,21201,9344,Ваал.,"ГРУБИНСКИИ, Вацлав.",,,
21202,21203,9345,«Ва-банк»: Комедия в 3-х д.,"СА-ВУАР, Альфред.",,,
21204,21207,9346,Вавилон:   Роман.,"ВЛАДОВ- СКИЙ, А.",,,
21208,21209,9347,Вавилон: Роман.,"МАРГЕРИТ, Виктор.",,,
21210,21211,9348,Вавилон: Роман в 2-х кн.,"ФИГУ-ЛИ, Маргита.",,,
21212,21213,9349,"Вавилонская башня: История возникновения, существования и падения одного фантастического общества. Юмористический роман в 2-х ч.","БАРАНЦЕВИЧ, Казимир Станиславович, АЛЬБОВ, Михаил Нилович.",,,
21214,21215,9350,Вавилонская княгиня.,"ВОЛЬТЕР, Франсуа-Мари.",,,
21216,21219,9351,Вавилонская принцесса.,"ВОЛЬТЕР, Франсуа-Мари. ",Царевна Вавилонская; Принцесса Вавилонская; Вавилонская княгиня.,,
21220,21221,9352,Вавилонские владыки: Роман.,"ВЕРН, Морис.",,,
21222,21223,9353,Вавилонское столпотворение: История одной гимназии.,"КОСОРОТОВ, Александр Иванович.",,,
21224,21225,9354,Вавилоняне: Роман.,"ГОЛИЦЫН, Дмитрий Петрович (МУРАВЛИН).",,,
21226,21227,9355,Вавка: Повесть.,"НАРЫШКИНА, Мария Владимировна.",,,
21228,21229,9356,Вавочка: Роман в 3-х частях.,"ВЕРБИЦКАЯ, Анастасия Алексеевна.",,,
21230,21231,9357,Вавочка отравилась: Скетч в 1-м д.,"СЕРПОЛЕТТИ, Андрей Захарович.",,,
21232,21233,9358,Вагиф: Драма в 5-ти д.,"ВУРГУН, Самед.",,,
21234,21235,9359,Вагон и Марион: Комедия в 3-х частях.,"ШТОК, Исидор Владимирович.",,,
21236,21237,9360,Вагон третьего класса: Веселые сцены.,"ЕВСТИГНЕЕВ, Михаил Е.",,,
21238,21239,9361,Вагонетка со шпалами: Юмористические рассказы.,"ХАРДИ, Фрэнк.",,,
21240,21241,9362,Ваграм. Очерки и рассказы из военной жизни.,"КРАСНОВ, Петр Николаевич.",,,
21242,21243,9363,Ваграмова ночь: Пьеса в 3-х д.,"ПЕРВОМАЙСКИЙ, Леонид Соломонович.",,,
21244,21245,9364,Вадилаи-вадила: Рассказы. Повесть.,"ЧИКОВАНИ, Григол.",,,
21246,21247,9365,Вадим: Очерки.,"БОЛЬШАК, Василь.",,,
21248,21249,9366,Вадим: Повесть.,"ЛЕРМОНТОВ, Михаил Юрьевич.",,,
21250,21251,9367,Вадим Незванов: Лирический роман. Ч. 1-42.,"ЕФИМОВ, А. (ЗАРИН, Андрей Ефимович).",,,
21252,21253,9368,Вадим Новгородский: Трагедия.,"КНЯЖНИН, Яков Борисович.",,,
21254,21255,9369,Вадимкина мама; Когда просят совета: Рассказы.,"МИЩЕНКО, Лидия Моисеевна.",,,
21256,21257,9370,Вадимовы журавли.,"СЕДОВ, Иван Федорович.",,,
21258,21259,9371,Важная персона: Картина с натуры в 1-м д.,"САБУРОВ, Симон Федорович.",,,
21260,21263,9372,Важная персона:    [Фельетоны].,"БАЖЕНОВ, Николай Дмитриевич.",,,
21264,21265,9373,Важная птица: Басни.,"СИРОТА, Дмитрий Иванович.",,,
21266,21267,9374,Важная шишка: Дорожная сценка в 1-м д.,"ПАЛЬМСКИЙ, Л. Л.",,,
21268,21269,9375,Важное дело: Комедия в 3-х д.,"МАСС, Владимир Захарович, ЧЕРВИНСКИЙ, Михаил Абрамович.",,,
21270,21271,9376,Важность быть серьезным: Легкомысленная комедия для серьезных людей.,"УАЙЛЬД, Оскар.",,,
21272,21273,9377,Важный вопрос.,"ШАХНОВИЧ, Генрих Львович.",,,
21274,21275,9378,Важный пассажир: Юмористические рассказы.,"ЭДЕЛЬ, Михаил Владимирович.",,,
21276,21277,9379,Важный разговор: Повести и рассказы.,"ПЕЧЕРСКИЙ, Николай Павлович.",,,
21278,21279,9380,Ваза богдыхана: Легенда.,"ДАНЬКО, Елена Яковлевна.",,,
21280,21281,9381,Вай: История одного честолюбия.,"СЕРМЕНТ, Август.",,,
21282,21287,9382,Вайандотте или Хижина на холме: Роман.,"КУПЕР, Джеймс Фенимор. ",Хижина на холме.,,
21288,21289,9383,Вакантное место: Комедия в 4-х д.,"ПОТЕХИН, Алексей Антипович.",,,
21290,21291,9384,Вакантное место: [Повесть].,"ТОКАРЕВ, Станислав Николаевич.",,,
21292,21293,9385,Вакса и скрипка: Рассказ.,"ВЕНЧИКОВ, А. ",,,"^УЛЬЯНОВ, А. Н.)."
21294,21295,9386,Вакханка: («Вампука» любви) в 5-ти д.,"ОЛЕНИН-ВОЛГАРЬ, Петр (ОЛЕНИН, Петр Алексеевич).",,,
21296,21297,9387,Вакханка: Новый роман.,"ГАНГ-ГОФЕР, Людвиг Альберт.",,,
21298,21299,9388,Вакханки: Трагедия.,ЕВРИПИД.,,,
21300,21303,9389,Вал Искандера.,"НАВОИ, Алишер. ",Стена Искандера.,,
21304,21305,9390,Валаамское предание.,"ШАХМАТОВ, Мстислав Вячеславович.",,,
21306,21307,9391,Валдайские колокольцы; Звери на улице. Повести.,"ЕФЕТОВ, Марк Семенович (ЕФЕТОВ, Марк Симович).",,,
21308,21309,9392,Валдайские напевы: Повести.,"ТУ-НИЦКИЙ, Александр Николаевич.",,,
21310,21311,9393,Вале-Алба или Белая долина: Молдавское историческое предание XV-ro столетия. В 4-х поэтических картинах.,"ГЕР-БАНОВСКИЙ, Николай.",,,
21312,21313,9394,Валежская крестьянка.,"МАЛАН, Сезар Анри Абраам.",,,
21314,21315,9395,Валенсианская вдова: Комедия в 3-х д.,"ЛОПЕ де ВЕГА, Феликс.",,,
21316,21317,9396,Валенсианские рассказы.,"БЛАСКО ИБАНЬЕС, Висенте.",,,
21318,21321,9397,Валентин Гиллуа: Роман.,"ЭХМАР, Густав (ЭМАР, Гюстав). ",,Золотая лихорадка...,
21322,21323,9398,Валентин и Валентина: Современная история в 2-х ч. I прологом.,"РОЩИН, Михаил.",,,
21324,21325,9399,Валентин или Беззаботная голова: Ч. 1—4.,"ПИГО ЛЕБРЮН (ПИГО-ЛЕБ-РЕН, Шарль Антуан).",,,
21326,21327,9400,Валентина: Роман. Ч. 1—3.,"ДАШ, графиня.",,,
21328,21329,9401,Валентина: [Стихи].,"ЖУРАВЛЕВ, Василий Андреевич.",,,
21330,21331,9402,Валентина Пако: Роман.,"ШЕРО, Гастон.",,,
21332,21333,9403,Валериан или Муж двух жен: Драма в 5-ти д.,"ГАНИН, Егор Федорович.",,,
21334,21335,9404,Валерий и Амалия или Несчастное семейство: Повесть.,"ТИМОФЕЕВ, Алексей Васильевич.",,,
21336,21337,9405,Валерий Чкалов: Поэма.,"ШЕСТЕРИКОВ, Михаил Васильевич.",,,
21338,21339,9406,Валерия.,"ФЛОРИАН, Жан Пьер Клари.",,,
21340,21341,9407,Валерия или Письма Густава фон Линара к Ернесту фон Г. ...: Новейший роман. Ч. 1—3.,"КРИДЕНЕР, Варвара-Юлия (КРЮДБНЕР, Барбара Юлиана).",,,
21342,21343,9408,Валерия или Слепая: Комедия в 3-х д.,"СКРИБ, Эжен, ДЮВЕРЬЕ, Анн Оноре Жозеф.",,,
21344,21345,9409,Валерия или Триумфальное шествие из катакомб.,"ДЕ-ВААЛЬ, Антон (ВААЛЬ, Антон де).",,,
21346,21347,9410,Валерка и его друзья: Повесть.,"МОСКОВКИН, Виктор Флегонтович.",,,
21348,21349,9411,Валеркина любовь: Повести.,"МАМИН, Николай Иванович.",,,
21350,21351,9412,Валеркина охота.,"РЕШЕТНИКОВ, Виктор Павлович.",,,
21352,21353,9413—9414,Валеркины початки.,"ПОДДУБНЫЙ, Владимир Федорович.",,,
21354,21357,9415,Валет пик: Воровская комедия в 3-х д.,Имя авт. не установлено.,,,
21358,21359,9416,Валет и петушок: Рассказы.,"АНТОНОВ, Сергей Федорович.",,,
21360,21361,9417,Валетка: (Ссыльный). Рассказ.,"КО-ВАЛЕНСКАЯ, Александра Григорьевна.",,,
21362,21365,9418,Валина кукла: Рассказ.,"ЛЕОНОВ, Леонид Максимович. ",,Деревянная королева...,
21366,21367,9419,Валленштейн: Драматическая поэма. Ч. 1—3.,"ШИЛЛЕР, Фридрих.",,,
21368,21371,9420,Валленштейнов лагерь.,"ШИЛЛЕР, Фридрих. ",Лагерь Валленштейна.,,
21372,21373,9421,Валли-Орлица: Рассказ из жизни в Тирольских Альпах.,"ГИЛЛЕРН, Вильгель-мина фон.",,,
21374,21375,9422,Валторна: Стихи (1930—1932).,"ТИТОВ, Виктор (ТИТОВ-ОМСКИЙ, Виктор Александрович).",,,
21376,21377,9423,"Вальтер Монбари, великий магистр ордена рыцарей храма: Исторический роман.","НАУБЕРТ, Бенедикта.",,,
21378,21379,9424,Вальведр: Роман.,"САНД, Жорж.",,,
21380,21383,9425,Вальдфрид: Семейная хроника. В 6-ти кн. Т. 1—3.,"АУЭРБАХ, Бертольд.",,,
21384,21385,9426,Вальдшнеп — лесной отшельник: Рассказ.,"ЛОНГ, Вильям.",,,
21386,21387,9427,Вальдшнепы над тюрьмой: Повесть о Н. Федосееве.,"ШЕМЕТОВ, Алексей Иванович.",,,
21388,21389,9428,Валька.,"ИВАНОВ, Всеволод Ника-норович.",,,
21390,21391,9429,Валька из Ростова: Повесть и рассказы.,"ИВАНЕНКО, Виктор Трофимович.",,,
21392,21393,9430,Валька Саблин из пятого «А»: (Повесть).,"КОВАЛЕНКО, Римма Михайловна.",,,
21394,21395,9431,Валькины друзья и паруса.,"КРАПИВИН, Владислав Петрович.",,,
21396,21397,9432,Вальми.,"РОЛЛАН, Ромен.",,,
21398,21399,9433,Вальмор и Флорелло: Две повести.,"ЛУАЗЕЛЬ ТРЕОГАТ (ЛОЭЗЕЛЬ де ТРЕОГАТ, Жозеф Мари).",,,
21400,21403,9434,"Вальпурга, королевская кормилица: (Из романа «На высоте»).","АУЭРБАХ, Бертольд.",,,
21404,21405,9435,Вальс: Трагедия в 1-м д.,"ИВАНОВ, Александр Иванович.",,,
21406,21407,9436,Вальс в ритме дождя: (Хроника двух жизней). Пьеса в 2-х д.,"МАСС, Анна Владимировна.",,,
21408,21409,9437,Вальс Грибоедова.,"БУРЬЯН, Борис Иванович.",,,
21410,21411,9438,"Вальс Фауста: Комедия о любви, о том, что сердце тешит и тревожит, о нежной лирике, о нашей молодежи и о ревнивых шариках в крови.","ЧЕКИН, Игорь Вячеславович.",,,
21412,21413,9439,Вальтер Горинг: Роман в 2-х ч.,"ТОМАС, Энни.",,,
21414,21415,9440,"Вальтер, дитя ратного поля или И вторая любовь надежна: Ч. 1—6.","ЛАФОНТЕН, Август Генрих Юлий.",,,
21416,21417,9441,Валя; Володя: Рассказы.,"ПАНОВА, Вера Федоровна.",,,
21418,21419,9442,Валя: Поэма.,"ЛЯШЕНКО, Вячеслав Гаврилович.",,,
21420,21421,9443,Валя: [Рассказ].,"АНДРЕЕВ, Леонид Николаевич.",,,
21422,21423,9444,Валя и Валька: Повести.,"ШИРЯЕВА, Галина Даниловна.",,,
21424,21425,9445,Валя и Валька: Пьеса в 3-х д.,"ШИРЯЕВА, Галина Даниловна.",,,
21426,21427,9446,Вам в дни революции дилетантские стихи.,"ВЕР, Алекс.",,,
21428,21429,9447,«Вам — взлет!»,"МАРКУША, Анатолий.",,,
21430,21431,9448,"Вам 22, старики!: Пьеса в 3-х д.","РАДЗИНСКИЙ, Эдвард Станиславович.",,,
21432,21433,9449,Вам доверяются люди: Роман.,"ГИЛ-ЛЕР, Вильям Ефимович, ЗИВ, Ольга.",,,
21434,21435,9450,"Вам, друзья: Стихи и поэмы.","ФАИ-ЗИ, Ахмед.",,,
21436,21437,9451,Вам жить в будущем: Очерки.,"ЖАРИКОВ, Леонид.",,,
21438,21439,9452,"Вам, малыши, про стекло и карандаши.","ШУТОВ, Виктор Васильевич.",,,
21440,21441,9453,Вам письмо!,"АЛЕКСИН, Анатолий Георгиевич.",,,
21442,21443,9454,Вам привет от Песталоцци!: Повесть и рассказы.,"МАРТЫНОВ, Валерий Борисович.",,,
21444,21445,9455,Вамбери: Повесть.,"ТИХОНОВ, Николай Семенович.",,,
21446,21447,9456,Вами казненный: Роман.,"КРИ-НИЦКИЙ, Марк.",,,
21448,21449,9457,Вамирэх: Человек каменного века.,"РОНИ, Ж. Г. [!] (РОНИ-старший, Жозеф Анри).",,,
21450,21451,9458,Вампир: Драма в 4-х д.,"ЗЕЛАНД-ДУБЕЛЬТ, Елена Александровна.",,,
21452,21453,9459,Вампир: Повесть.,"ПОЛИДОРИ, Джон Вильям.",,,
21454,21457,9460,Вампир: Пьеса в 5-ти д.,РИШПЕН Ж,,,ан.                                 '
21458,21463,9461,Вампир: Рассказ.,Имя авт. не установлено. ,,,Ошибочно приписывалось Э. Золя.
21464,21465,9462,Вампир: [Рассказ].,"НИКОЛИН, Федор.",,,
21466,21467,9463,Вампир: Роман.,"РЕЙМОНТ, Владислав Станислав.",,,
21468,21469,9464,вампир и гении времени; Дон Жуан; Гаррик; Апполон и Прометей; Полет мятежного сатира.,"РОКОТКОВ, Александр (КОРОТКОВ, Карп Егорович).",,,
21470,21471,9465,Вампиры: Из семейной хроники графов Дракула-Карди. Фантастический роман.,ОЛШЕВРИ.,,,
21472,21473,9466,Вампука: Приключения одной обезьяны.,"ОВСЕНКОВ, В.",,,
21474,21475,9467,Ван Гог.,"СТОУН, Ирвинг.",,,
21476,21477,9468,Ван остается жить.,"СТОРОЖЕНКО, Александр Григорьевич.",,,
21478,21479,9469,Ван Юн-чан: Поэма.,"БОГДАНОВ, Александр Алексеевич.",,,
21480,21481,9470,"Ванда: Драма в 3-х д., в стихах.",Имя авт. не установлено.,,,
21482,21485,9471,"Ванда, княжна Краковская или Героиня древнего времени: Историческая повесть Ч. 1—2.",Имя авт. не установлено.,,,
21486,21487,9472,Вани-вятчане: Рассказы бабушки.,"ВЕСНИН, Симеон Авдиевич (Серафим [ВЕСНИН, Симеон Авдиевич]).",,,
21488,21489,9473,Ванин дедушка: Рассказ.,"ФЕДОРОВ, П.",,,
21490,21491,9474,Ванин дедушка: Рассказы.,"РЫШ-КОВСКИИ, Николай Иванович.",,,
21492,21493,9475,"Ванина Ванини: Эпизод из истории последней венты карбонариев, открытой в Папской области.",СТЕНДАЛЬ.,,,
21494,21497,9476,Ванины друзья: Пьеса-сказка в 1-м д.,"ДРОКИНА, Мария Сергеевна.",,,
21498,21499,9477,Ванька: Очерк.,"ДМИТРИЕВА, Валентина Иововна.",,,
21500,21501,9478,Ванька: [Рассказ].,"ИВАНОВ, Николай И.",,,
21502,21503,9479,Ванька: Рассказ.,"ЧЕХОВ, Антон Павлович.",,,
21504,21505,9480,Ванька-Баклан: Очерк.,"ДМИТРИЕВА, Валентина Иововна.",,,
21506,21507,9481,Ванька-беспризорный: (Иван-Кравец). Рассказ с рисунками.,"ДМИТРИЕВА, Валентина Иововна.",,,
21508,21509,9482,Ванька буерашный: (Рассказ).,"РЯЖСКИИ, Николай Михайлович.",,,
21510,21511,9483,Ванька-вояка и его собака.,"КАМАНИН, Федор.",,,
21512,21513,9484,Ванька-Встанька: Повесть.,"САВВИЧ, Оввадий (САВИЧ, Овадий Герцович).",,,
21514,21515,9485,Ванька Головорез: Юмористический рассказ из жизни аферистов.,"ЕВСТИГНЕЕВ, Михаил Е.",,,
21516,21517,9486,Ванька-забастовщик: Рассказ из рабочей жизни.,"СЕМЕНОВ, Сергей Иванович.",,,
21518,21519,9487,"Ванька-Каин: [Из «Пошехонской старины», 20-я глава].","САЛТЫКОВ-ЩЕДРИН, Михаил Евграфович.",,,
21520,21521,9488,Ванька-Каин: Историческая повесть.,"ВАСИЛЬЕВ, П. С.",,,
21522,21523,9489,Ванька-Каин: Историческая пьеса в 5-ти д.,"ДИКГОФ-ДЕРЕНТАЛЬ, Александр Аркадьевич.",,,
21524,21525,9490,Ванька-Каин: Русская сказка (в стихах).,"ПОТАПОВ, Василий Федорович.",,,
21526,21527,9491,"Ванька-Каин, знаменитый Московский сыщик (фискал): Рассказ.","ГОЛОХВАСТОВ, К. К.",,,
21528,21533,9492,Ванька-Каин и Иван Выжигин: Повесть.,Имя авт. не установлено.,,,
21534,21537,9493,Ванька-Каин на Хитровом рынке: (Истинное происшествие).,"ДОН БОЧАРО (ДОН, БАЧАРА). ",По пути с каторги: Ванька-Каин на Хитровом рынке или Кровь преступника на холодных камнях тюремного двора.,,
21538,21539,9494,Ванька-ключник и паж Жеан: Драма в 12-ти двойных сценах.,"СОЛОГУБ, Федор.",,,
21540,21543,9495,Ванька-острожник: Рассказ.,"БЕЛОКОНСКИЙ, Иван Петрович. ",Праздничный рассказ (быль).,,
21544,21547,9496,Ванька-острожник:      [Рассказ].,"КОНДУРУШКИН, Иван.",,,
21548,21549,9497,Ванька-охотник и другие рассказы из детской жизни.,"ШИШКИН, Борис Алексеевич.",,,
21550,21551,9498,Ванька-пастух: (Советская бывальщина).,"ЩЕГЛОВ, А.",,,
21552,21553,9499,Ванька-пионер в Госцирке.,"ОЛЕК-СЕЕНКО, Е.",,,
21554,21555,9500,Ванька Проскурин: Повесть.,"РЫЖИХ, Николай Прокофьевич.",,,
21556,21557,9501,Ванька Рюмин: (Набросок).,"КАСТАЛЬСКИЙ, Алексей.",,,
21558,21559,9502,Ванька Хлюст.,"ШИШКОВ, Вячеслав Яковлевич.",,,
21560,21563,9503,Ванькина молитва; Первый час.,"СУРГУЧЕВ, Илья Дмитриевич.",,,
21564,21567,9504,Ванькина содержанка: Фарс в 1-м д.,"БЕЛАЯ, Софья (БОГДАНОВСКАЯ, Софья Николаевна).",,,
21568,21569,9505,Ваньтя.,"ВОЛЬНОВ, Иван.",,,
21570,21571,9506,Ванюха никудышний: Повесть про черных генералов и красных сибирских орлов.,"ЕРЕМИН, Николай.",,,
21572,21573,9507,Ванюша: Рассказ.,БУКА.,,,
21574,21575,9508,Ванюшкин побег: Рассказ.,"КИСЕЛЕВ, Николай Николаевич.",,,
21576,21577,9509,Ванюшкин сон.,"ЧИЖОВ, Василий Павлович.",,,
21578,21579,9510,Ванюшкины зори: Рассказы.,"ГЕРМАНОВ, Павел Николаевич.",,,
21580,21581,9511,Ваня: (Отрывок из повести «Приемыш»).,"ПОЛОЦКИЙ, Семен Захарович.",,,
21582,21583,9512,Ваня: Повесть.,САЛИАС Е. ,,,"А. (САЛИАС де ТУРНЕМИР, Евгений Андреевич)."
21584,21585,9513,Ваня Бондарь: (Рассказы).,"ДОРО-ГОЙЧЕНКО, Алексей Яковлевич.",,,
21586,21587,9514,Ваня Васильченко.,"ЛЕСОВОЙ, Иван Иванович.",,,
21588,21589,9515,Ваня Золушкин: Повесть.,"БОНДАРИН, Сергей Александрович.",,,
21590,21591,9516,Ваня-Коммунист.,"СЕЛЯНКИН, Олег Константинович.",,,
21592,21593,9517,"Ваня, красный пастушок: Повесть-быль (в стихах).","ЛЬДОВ, Кондратий.",,,
21594,21595,9518,Ваня-металлист.,"ОРЛОВЕЦ, П.",,,
21596,21597,9519,Ваня-музыкант: Рассказ.,"СЕНКЕВИЧ, Генрик.",,,
21598,21599,9520,Ваня песенки поет: Рассказы и повесть.,"ШИМ, Эдуард.",,,
21600,21601,9521,Варавва: Повесть времени Христа в 2-х ч.,"КОРЕЛЛИ, Мари.",,,
21602,21603,9522,Варавва: Проповеди в долине.,"ДЕКАВ, Люсьен.",,,
21604,21605,9523,Варвар; Эллин; Еврей: Современные характеристики.,"ДЕДЛОВ, Владимир.",,,
21606,21607,9524,Варвара: Рассказ.,"БЕРЕЗОВСКИЙ, Феоктист Алексеевич.",,,
21608,21609,9525,Варвара Асенкова: Документальная повесть о судьбе русской артистки в 8-ми главах и 2-х письмах автора героине.,"АЛЯНСКИИ, Юрий Лазаревич.",,,
21610,21611,9526,Варвара Васильевна: Повесть.,"ПРОКОПОВИЧ, В.",,,
21612,21613,9527,Варвара Лепке и ее семья: Недавняя быль.,"КАРАЗИН, Николай Николаевич.",,,
21614,21615,9528,Варвара Потехина: Повесть.,"МАРКОВА, Ольга Ивановна.",,,
21616,21617,9529,Варвара Убрык или Тайны Карме-литского монастыря в Кракове: (Из бумаг кармелитского монаха).,"РОДЕ, Адольф Львович.",,,
21618,21619,9530,Варварино поле: Рассказы.,"ПАРЫ-ГИНА, Наталья Деомидовна.",,,
21620,21621,9531,Варварский берег.,"БИЛЛЬ-БЕЛО-ЦЕРКОВСКИЙ, Владимир Наумович.",,,
21622,21623,9532,Варвары: Драма в 4-х д.,"ГОРЬКИЙ, Максим.",,,
21624,21625,9533,Варвары XX века: Никто меня не любит. Роман из современной жизни.,"БЕБУТОВА, Ольга Георгиевна.",,,
21626,21627,9534,Варвары с моноклями: (Немцы в Польше).,"БЕЛЯЕВ, Владимир Павлович.",,,
21628,21631,9535,Варвик.,"ЖУКОВСКИЙ, Василий Андреевич. ",,Суд божий...,
21632,21633,9536,Варвик или Ужасная жертва честолюбия: Историческое происшествие.,"ДАР-НОД (АРНО, Франсуа Тома Мари де Ба-кюлар)",,,
21634,21635,9537,Варгамяэ: Первая книга эпопеи «Правда и справедливость».,"ТАММСААРЕ, Антон.",,,
21636,21639,9538,Вардананк: Исторический роман. В 2-х кн.,"ДЕМИРЧЯН, Дереник Карапетович.",,,
21640,21641,9539,Варенье.,"ФИНК, Виктор Григорьевич.",,,
21642,21643,9540,Варенька; Первый подарок: Повести.,"ЛОБКО, Николай Прокофьевич.",,,
21644,21647,9541,Варенька Бланжетова: Картинки из деревенской жизни.,"КОРОТКИЙ, Владимир Аполлонович.       ",,,""""
21648,21649,9542,Варенька из Прилеп и другие рассказы.,"НОВИКОВ, Иван Алексеевич.",,,
21650,21651,9543,Варенька Олесова (1896).,"ГОРЬКИЙ, Максим.",,,
21652,21653,9544,Варенькина доля: Рассказ.,"ПОРОХОВЩИКОВА, Маруся (ПОРОХОВЩИКОВА, Мария Александровна).",,,
21654,21655,9545,Вариант.,"ГАРИН, Н. (ГАРИН-МИХАЙЛОВСКИЙ, Николай Георгиевич).",,,
21656,21657,9546,Вариант Пинегина: Повесть.,"СНЕГОВ, Сергей.",,,
21658,21659,9547,Вариации для темной струны: Роман.,"ФУКС, Ладислав.",,,
21660,21661,9548,Варнак: Повесть.,"АКУЛОВ, Иван Иванович.",,,
21662,21663,9549,Варнак: Рассказ.,"ШИЛОВ, Степан Самойлович.",,,
21664,21665,9550,Варнацкий долг.,"ПЕЧЕНКИН, Владимир Константинович.",,,
21666,21667,9551,Варнитсо: (Маяк и цемент новой интеллигенции). Пьеса в 4-х д. с прологом.,"ОМЕЛЬЧЕНКО, А. И.",,,
21668,21669,9552,Варсава.,"ВИЗЕВА, Теодор де.",,,
21670,21671,9553,Варул и Онуфрий: Рассказ. (10-выпуск из серии «Господа-крестьяне»).,"КРУГЛОВ, Александр Васильевич.",,,
21672,21675,9554,Варфоломеевская ночь: Историче ская хроника царствования французског короля Карла IX.,"МЕРИМЕ, Проспер. ",Графин Диана *; Хроника времен Карла IX.,,
21676,21677,9555,Варфоломеевская ночь: Историче ский рассказ.,"ГЕНТИ, Джордж Альфред.",,,
21678,21679,9556,Варфоломеевская ночь: (Кровавая свадьба). Трагедия в 4-х д.,ЛИНДНЕР А,,,льберт.
21680,21681,9557,Варфоломеевская ночь: Роман. [V «Молодости Генриха VI». 4.6]. ПОНСО],"ДЮ ТЕРРАЙЛЬ, Пьер Алексис де.",,,
21682,21685,9558,Варфоломеевская ночь: Роман 3-х ч.,"КРЫЖАНОВСКАЯ, Вера Ивановн",,,;
21686,21687,9559,Варфоломеевская ярмарка: Комедия в 5-ти д.,"ДЖОНСОН, Бен.",,,
21688,21691,9560,Варшава.,Имя авт. не установлено.,,,
21692,21693,9561,Варшавская мелодия: Лирическая драма в 2-х ч.,"ЗОРИН, Леонид.",,,
21694,21695,9562,Варшавские голуби: Стихи.,"ГАЛ-ЧИНСКИЙ, Константы Ильдефонс.",,,
21696,21699,9563,Варшавский набат: Трагедийное представление в 2-х ч.,"КОРОСТЫЛЕВ, Вадим Николаевич.                  ",,,-
21700,21701,9564,Варшавянка.,"ВЫСПЯНСКИИ, Станислав.",,,
21702,21705,9565,Варьете или Школа веселого жанра: Комическая миниатюра в 1-м д.,"ШУХМИН, Христофор Алексеевич.",,,
21706,21707,9566,Варя; Последняя командировка: Повести.,"ЧУКОВСКИЙ, Николай Корнеевич.",,,
21708,21709,9567,Варя Бронина; В порыве страстей; Сибирский Риголетто: Короткие романы.,"ЛУХМАНОВА, Надежда Александровна.",,,
21710,21711,9568,Варя Одинцова: Поэма.,"ЖАРОВ, Александр Алексеевич.",,,
21712,21713,9569,Варяг: Историческая повесть.,"ОСИПОВ, Андрей Андреевич.",,,
21714,21715,9570,Варяг: Роман.,"СЕРГЕЕВ, Алексей Степанович.",,,
21716,21717,9571,Вас ждут: Водевиль в 3-х д.,"УЛЬЯ-НИНСКИИ, Александр Вячеславович.",,,
21718,21719,9572,Вас ожидают звезды: Повесть.,"КО-БЯКОВ, Григорий Григорьевич.",,,
21720,21721,9573,Вас требует ревизор!!!: Обозрение в 1-м акте.,"КОШЕВСКИЙ, Александр Дмитриевич, ВЕНСКИЙ, Евгений.",,,
21722,21723,9574,Васантасена: Представление в 4-х д.; Пеп: Книга американских песен.,"ФЕЙХТВАНГЕР, Лион.",,,
21724,21725,9575,Васек.,"ВАГНЕР, Николай Петрович.",,,
21726,21727,9576,Васек — матросская душа: Повесть.,"ГОЛОВАЧ, Виталий Тимофеевич.",,,
21728,21729,9577,Васек Трубачев и его товарищи: Инсценировка в 4-х д.,"ОСЕЕВА, Валентина Александровна, СУВОРИНА, Екатерина Иосифовна.",,,
21730,21733,9578,Васек Трубачев и его товарищи: Повесть.,"ОСЕЕВА, Валентина Александровна.",,,
21734,21735,9579,"Васенка, Октябрина и Рысь: Повесть. Рассказы.","ГОЛЬДШМИДТ, Ираида Павловна.",,,
21736,21737,9580,Василе Порожан.,"АЛЕКСАНДРИ, Василе.",,,
21738,21739,9581,Василева любовь.,"НОВАК, Венцеслав.",,,
21740,21741,9582,Василеве: Драматические сцены из византийской жизни X в. в 7-ми карт.,"ТЕБЕНЬКОВ, Михаил Михайлович.",,,
21742,21745,9583,Василек. (Загл. обл.).,"ВИТМАН, Ирина. ",Рассказы.,,
21746,21747,9584,Василек: Комедия в 4-х д.,"КРЫЛОВ, Виктор Александрович.",,,
21748,21749,9585,Василек: Пьеса в 1-м д.,"ИЛЬЧУК, Юрий Михайлович.",,,
21750,21753,9586,Василек:  [Рассказ о пионере В. Шишковском].,"ЧУМАКОВ, Святослав Владимирович.",,,
21754,21757,9587,Василек:  [Сказка].,"ФРЕЙМАН, Е. фон.",,,
21758,21759,9588,Василек: Стихи.,"ВЕЧКАНОВ, Серафим Емельянович.",,,
21760,21761,9589,Василек: [Стихи].,"ТИМОХИН, Виктор Александрович.",,,
21762,21763,9590,Василек: Стихотворения.,"БЕРЕЗКИН, В. Н.",,,
21764,21765,9591,Василек Захаров ищет свою родословную.,"ПОЛЯКОВ, Ефим Ильич.",,,
21766,21767,9592,Василий Агафонов остается...: Драма в 3-х д. (Новая редакция пьесы «Новые времена»).,"МДИВАНИ, Георгий Давидович.",,,
21768,21769,9593,Василий Блюхер: Роман.,"ГАРИН, Фабиан Абрамович.",,,
21770,21771,9594,Василий Боженко.,"ГАРНИЧ, Николай Федорович.",,,
21772,21775,9595,Василий Бортников:     (Высокая волна). Пьеса в 4-х д.,"НИКОЛАЕВА, Галина, РАДЗИНСКИЙ, Станислав Адольфович.",,,
21776,21779,9596,Василий Буслаев: Представление в 4-х д.,"АМФИТЕАТРОВ, Александр Валентинович.",,,
21780,21781,9597,"Василий Буслаев, богатырь новгородский: Представление в 2-х ч. по мотивам русских былин.","АПУШКИН, Яков Владимирович.",,,
21782,21787,9598,Василий Буслаев и Семен Дежнев. (Загл. обл ).,"НАРОВЧАТОВ, Сергей Сергеевич. ",Поэмы.,,
21788,21789,9599,Василий Власьевич: Рассказ.,"БАКУЛИН, Николай Сергеевич.",,,
21790,21791,9600,Василий Воинко: Повесть.,"ТРОИЦКИЙ, Василий Степанович.",,,
21792,21793,9601,"Василий Гаврилович Марин и геройский подвиг, совершенный им 13 марта 1853 года: Факт этого подвига заимствован из рассказов В. Г. Марина.","ГОЛОХВАСТОВ, К. К.",,,
21794,21795,9602,Василий Гамаюнов.,"ЕГОРАШВИ-ЛИ, Давид Дмитриевич.",,,
21796,21797,9603,Василий Гвоздев: Повесть.,"АЛЕКСАНДРОВ, А. С.",,,
21798,21799,9604,Василий Достигаев и другие.,"ГОРЬКИЙ, Максим.",,,
21800,21801,9605,Василий Иванович: Пьеса в 4-х д.,"ПЕРМЯК, Евгений.",,,
21802,21803,9606,Василий Иванович: Рассказ для солдат.,БАМБУК.,,,
21804,21805,9607,Василий Кисляков.,"ОРЛОВ, Владимир Иванович.",,,
21806,21807,9608,Василий Клинов: Рассказ.,"ДЕМИДОВ, Алексей Алексеевич.",,,
21808,21809,9609,Василий Корчмин — разведчик земли Ижорской.,"ПИСАРЕВ, Сергей Сергеевич.",,,
21810,21811,9610,Василий Пятов: Повесть о русском изобретателе.,"АДАМОВ, Аркадий Григорьевич.",,,
21812,21813,9611,Василий Русан.,"САННИКОВ, Григорий Александрович.",,,
21814,21815,9612,Василий Рябов: Драматический этюд (из русско-японской войны) в 3-х д.,"ДМИТРИЕВ, Николай Иванович.",,,
21816,21817,9613,Василий Струняшев.,"ЖЕЛЕЗНОВ, Иоасаф Игнатьевич.",,,
21818,21819,9614,Василий Сучков: Картинки нравов Петербургской стороны.,"ТОЛСТОЙ, Алексей Николаевич.",,,
21820,21821,9615,Василий Теркин: Книга про бойца.,"ТВАРДОВСКИЙ, Александр Трифонович.",,,
21822,21823,9616,Василий Теркин: Роман в 3-х ч.,"БОБОРЫКИН, Петр Дмитриевич.",,,
21824,21825,9617,"Василий Тимофеевич Ермак, покоритель Сибири.","ВИСКОВАТОВ, П.",,,
21826,21829,9618,Василий-Чабан: (Действительная история).,"ГОРЧАКОВ, Д. А.",,,
21830,21831,9619,Василий-Чабан: Повесть.,"МАЛЯ-РЕВСКИЙ, Иван Васильевич.",,,
21832,21833,9620,Василий Чапаев: Поэма.,"БРИК, Борис Ильич.",,,
21834,21835,9621,"Василий Шамшин: Повесть о рабочем, профессиональном революционере.","ХАБАРОВ, Михаил Николаевич.",,,
21836,21839,9622,Василий Шуйский: Трагедия в 5-ти д.,"СТАНКЕВИЧ, Николай Владимирович.",,,
21840,21841,9623,Василиса: Рассказы.,"ФИНН, Константин.",,,
21842,21843,9624,Василиса: Роман в 4-х ч.,"Н. А. (АРНОЛЬДИ, Нина Александровна).",,,
21844,21845,9625,Василиса Малыгина: Повесть.,"КОЛ-ЛОНТАЙ, Александра Михайловна.",,,
21846,21847,9626,Василиса Марковна или Правда и в сарафане сильна: Рассказ в лицах из деревенской жизни. (Для народного театра).,"ПОЛУШИН, Николай Абрамович.",,,
21848,21851,9627,Василиса Мелентьева: Драма в 5-ти д.,"ОСТРОВСКИЙ, Александр Николаевич, Г*** (ГЕДЕОНОВ, Степан Александрович).",,,
21852,21855,9628,Василиса Прекрасная: Пьеса в 1-м д.,"ИРОШНИКОВ, Алексей Михайлович.",,,
21856,21857,9629,Василиса Премудрая: Драматическая сказка.,"ЛУНАЧАРСКИЙ, Анатолий Васильевич.",,,
21858,21859,9630,Василисин кооператив. Повесть.,"МАЙОРОВ, Иван Алексеевич.",,,
21860,21861,9631,Василиск.,"ОРЕНБУРГ, Илья Григорьевич.",,,
21862,21863,9632,Васильев и его Васька: Рассказ.,"ВАСИЛЬКОВСКИЙ, А. К.",,,
21864,21865,9633,Васильев курган: Повести и рассказы.,"ЯКИМОВИЧ, Алесь (ЯКИМОВИЧ, Александр Иванович).",,,
21866,21867,9634,Васильевский остров: Повесть и рассказы.,"ГЛИНКА, Михаил Сергеевич.",,,
21868,21869,9635,Васильи косые или Оптическое путешествие по столам приказных: В 2-х ч.,"ОРЛОВ, Александр Анфимович.",,,
21870,21871,9636,Василька: Повести.,"ЧИСТЯКОВ, Алексей Михайлович.",,,
21872,21873,9637,Васильки: Легенды.,"СОЛОВЬЕВА, Поликсена Сергеевна, МАНАСЕИНА, Наталия Ивановна.",,,
21874,21875,9638,Васильки: (Рассказ).,"ЛЮБОВ, Павел.",,,
21876,21877,9639,Васильки: [Рассказы].,"ГОРЕЛОВ, Иван Павлович.",,,
21878,21879,9640,Васильки: Рассказы.,"ЛЫНЬКОВ, Михась (ЛЫНЬКОВ, Михаил Тихонович).",,,
21880,21881,9641,Васильки: Сборник стихотворений.,"СТАЛЬСКИЙ, А. (МАЛЫШЕВ, Александр Александрович).",,,
21882,21883,9642,Васильки: Сборник стихотворений и миниатюр.,"ВАСИЛЬКОВСКАЯ, Н.",,,
21884,21885,9643,Васильки: Собрание рассказов.,"АНДРЕЕВСКАЯ, Варвара Павловна.",,,
21886,21887,9644,Васильки: Стихи.,"ЗУЕВ, Вениамин Иванович.",,,
21888,21889,9645,Васильки: Стихотворения. Вып. 3.,"МИЛЯЕВ, Василий Евгеньевич.",,,
21890,21891,9646,Васильки и колосья: Рассказы и очерки.,"АВЕНАРИУС, Василий Петрович.",,,
21892,21893,9647,Василько: Повесть.,"ДОНЧЕНКО, Олесь Васильевич.",,,
21894,21895,9648,Васильковая вода: Стихи.,"БАШУ-НОВ, Владимир Мефодиевич.",,,
21896,21897,9649,Васильковое имя.,"ШАБАНОВ, Василий Васильевич.",,,
21898,21899,9650,Васильковый венок: Повесть в рассказах.,"БАИГУЛОВ, Иван Михайлович.",,,
21900,21901,9651,Васина тайна: Рассказ.,"СТАНЮКОВИЧ, Константин Михайлович.",,,
21902,21903,9652,Васино письмо: Рассказ.,"ЛЕБЕДЕВ, Константин Алексеевич.",,,
21904,21905,9653,Васино преступление: Повесть.,"ТЕИН, Любовь (ТЭИН, Любовь).",,,
21906,21907,9654,Васса: Рассказ.,"ГРИГОРЬЕВ, Сергей.",,,
21908,21909,9655,Васса Железнова: Пьеса в 3-х д.,"ГОРЬКИЙ, Максим.",,,
21910,21911,9656,Вастола или Желания: Повесть в стихах. В 3-х ч.,"ВИЛАНД, Кристоф Мартин.",,,
21912,21913,9657,Васька: [Рассказ].,"ВАСИЛЬКОВСКИЙ, Петр.",,,
21914,21915,9658,Васька: Рассказ.,"ЛЕМБЕРК, Михаил Евгеньевич.",,,
21916,21917,9659,Васька: Рассказ.,"СЕМЕНОВ, Сергей Терентьевич.",,,
21918,21919,9660,Васька: Рассказ из морской жизни.,"ЕЛИСЕЕВ, П.",,,
21920,21923,9661,Васька баран и разбойник Иван: Рассказ [ы].,"СОКОЛОВ, Александр Алексеевич.",,,
21924,21925,9662,Васька Бешеный: (Повесть).,"ДМИТРИЙ РАБОЧИЙ (ВАСИЛЬЕВ, Дмитрий Михайлович).",,,
21926,21927,9663,Васька-буян: (Очерк деревенской жизни).,"РОЖДЕСТВЕНСКИЙ, П.",,,
21928,21929,9664,Васька-гиляк.,"ФРАЕРМАН, Рувим Исаевич.",,,
21930,21931,9665,Васька-горнист: Рассказ.,"МАЧТЕТ, Григорий Александрович.",,,
21932,21933,9666,Васька Жук: Повесть.,"КАМАНИН, Федор.",,,
21934,21935,9667,Васька-Забалуй.,"МАМИН-СИБИ-РЯК, Дмитрий Наркисович.",,,
21936,21937,9668,Васька Запус или Голубые пески.,"ИВАНОВ, Всеволод Вячеславович.",,,
21938,21939,9669,Васька и Василий Васильевич: Рассказы.,"ПИСЬМЕННЫЙ, Александр Григорьевич.",,,
21940,21941,9670,Васька и Какваска: Стихи.,"ГРАДОВ, Григорий.",,,
21942,21943,9671,Васька из кубрика сказок: Повесть.,"МАКОВЕЦКИЙ, Василий Яковлевич.",,,
21944,21945,9672,Васька из тайги.,"КОПТЕЛОВ, Афанасий Лазаревич.",,,
21946,21947,9673,Васька-Кочеток.,"КРУТИКОВ, Дмитрий Иванович.",,,
21948,21949,9674,Васька Красный.,"ГОРЬКИЙ, Максим.",,,
21950,21951,9675,Васька Лудаш — летучий голландец.,"БОЛТРОМЕЮК, Валерий Владимирович.",,,
21952,21953,9676,Васька-путешественник.,"УСПЕНСКИЙ, Герасим Александрович.",,,
21954,21957,9677,Васька Рыжий — пионер!: Пьеса в 2-х д. из жизни беспризорных людей.,"АП-РИШКО, Григорий Д.",,,
21958,21959,9678,Васька с Александровской улицы: Рассказ.,"ГОЛОДНЫЙ, Михаил.",,,
21960,21961,9679,Васька с мартеновского цеха: Рассказ-быль. (Из жизни уральских заводов).,"ПАНЕВ, Георгий Иоакимович.",,,
21962,21965,9680,Васькин май: Пьеса в 2-х д. К 1-му Мая.,"ИВИНА, Софья Александровна.",,,
21966,21967,9681,Васькина война и Санькина оборона: Комсомольский шарж в 3-х карт.; Активист: Сцена в 1-м д.,"ВАГРАМОВ, Федор Аркадьевич.",,,
21968,21969,9682,Васькино подполье.,"БРЫНСКИХ, Сергей Александрович.",,,
21970,21971,9683,Васькино счастье: Картинки из деревенской жизни.,"КОРОТКИЙ, Владимир Аполлонович.",,,
21972,21973,9684,Васюганские были.,"ШЕЛУДЯКОВ, Александр Григорьевич.",,,
21974,21977,9685,Васютка:    Рассказ.,"ВАСИЛЬЕ- ВА, М.",,,
21978,21979,9686,Васютка и Лапка: Рассказ.,"ЛЮ-БИЧ-КОШУРОВ, Иоасаф Арианович.",,,
21980,21981,9687,Васюткин слон.,"КОРДЕС, Валентина Николаевна.",,,
21982,21983,9688,Васюткино озеро.,"АСТАФЬЕВ, Виктор Петрович.",,,
21984,21985,9689,Вася: Комедия в 2-х водевилях.,"ЧЕКИН, Игорь Вячеславович, ШТОК, Исидор Владимирович.",,,
21986,21987,9690,Вася: Любовь пчел трудовых. Пьеса из современной жизни с прологом и эпилогом по роману А. М. Коллонтай и Н. А. Крашенинникова.,"КРАШЕНИННИКОВ, Николай Александрович.",,,
21988,21989,9691,Вася Алексеев: Документальная повесть.,"САМОЙЛОВ, Ф.",,,
21990,21991,9692,Вася Бегунок: Стихи.,"ТИМЧЕНКО, Виктор Петрович.",,,
21992,21993,9693,Вася-газетчик: Рассказ.,"БАЖИНА, Серафима Никитична.",,,
21994,21995,9694,Вася-горбун: Рассказ.,"ДОГАНО-ВИЧ, Анна Никитична.",,,
21996,21997,9695,Вася-грибник: Рассказ.,"ШЕРВИН-СКИИ, Сергей Васильевич.",,,
21998,21999,9696,Вася-капиталист.,"ТРЕТЬЯКОВ, Юрий Федорович.",,,
22000,22001,9697,Вася-кожевник: Рассказ.,"СМИРНОВА, Е.",,,
22002,22003,9698,Вася-носилыцик.,"ЯХОНТОВ, Евгений Николаевич.",,,
22004,22005,9699,Вася Пазухин.,"ВОЛЬНОВ, Иван.",,,
22006,22007,9700,Вася Радугин: Очерк из жизни духовной школы.,"ВОСТОКОВ, Владимир Игнатьевич.",,,
22008,22011,9701,Вася Рыжиков и четыре ветра.,"ИЛЬИН, Евгений.",,,
22012,22013,9702,Вася-селькор: Рассказ в стихах.,"ДОБРЖИНСКИИ-ДИЭЗ, Гавриил (ДОБР-ЖИНСКИИ, Гавриил Валерьянович).",,,
22014,22015,9703,Вася у пожарных: Рассказ.,"ШЕР, Надежда Сергеевна.",,,
22016,22017,9704,Вася Чапаев: Повесть.,"ЛИХАЧЕВА, Зинаида Алексеевна, МАТВЕЕВА, Евгения Васильевна.",,,
22018,22019,9705,Вася Шелаев.,"ШВАРЦ, Евгений Львович.",,,
22020,22021,9706,Васятка Хорек: Рассказ.,"ЛЕБЕДЕВ, Иван Иванович.",,,
22022,22023,9707,Васяткино письмо.,"СЫСОЕВ, Валерий Мануилович.",,,
22024,22027,9708,Ватага: Драматические сцены в 4-х д.,"ГЛАДКОВ, Федор Васильевич.",,,
22028,22029,9709,Ватага: Повесть.,"РЯЗАНОВА, Екатерина Михайловна.",,,
22030,22031,9710,Ватага: Роман.,"ШИШКОВ, Вячеслав Яковлевич.",,,
22032,22033,9711,Ватек: Арабская сказка.,"БЕКФОРД, Уильям (БЕКФОРД, Вильям).",,,
22034,22035,9712,Ватель или Потомок великого человека: Комедия-водевиль в 1-м д.,"МАЗЕР, Эдуард Жозеф, СКРИБ, Эжен.",,,
22036,22039,9713,Ватерло.,"ШАТРИАН, Александр. ",,Тереза...,
22040,22041,9714,Ватрушкин идет к королеве: Пьеса-сказка в 2-х д.,"МАТВЕЕВ, Юрий Ильич.",,,
22042,22043,9715,"Ватутин: Повесть, рассказы.","ВОИНОВ, Александр Исаевич.",,,
22044,22045,9716,Вахлак: (Рассказ из жизни старой деревни).,КУРАКИН.,,,
22046,22049,9717,Вахмистр Пеклеванный.,"МУИЖЕЛЬ, Виктор Васильевич. ",,Батарея смерти...,
22050,22051,9718,Вахрушев: Повести.,"ПАНКРАТОВ, Станислав Александрович.",,,
22052,22053,9719,Вахта в Нью-Йорке: Пьеса в 4-х д.,"РУБИНШТЕЙН, Лев Владимирович, ВАЙНШТОК, Владимир Петрович (ВЛАДИМИРОВ, Владимир).",,,
22054,22055,9720,Вахта мужества.,"КРЕЧЕТ, Евгений Иванович, ВОЛКОВ, Анатолий Иванович.",,,
22056,22057,9721,Вахтенный журнал: Избранные стихи.,"ИНГЕ, Юрий Алексеевич.",,,
22058,22059,9722,Ваш врач.,"КОРАБЕЛЬНИКОВ, Илья Александрович.",,,
22060,22061,9723,Ваш корреспондент: [Рассказы].,"МИХАЛЬСКИЙ, Вацлав Вацлавович.",,,
22062,22063,9724,Ваш корреспондент: Стихи.,"ТОРО-ПЫГИН, Владимир Васильевич.",,,
22064,22065,9725,Ваш номер!,"ДУРОВА, Наталья Юрьевна.",,,
22066,22067,9726,"Ваш номер, товарищ?: Обозрение-сатира в 6-ти карт.","ГРОМОВ, Валентин Владимирович, МЕРЦАЛЬСКИЙ, Николай Константинович.",,,
22068,22069,9727,Ваш однополчанин: Стихи.,"КОЗЫРЬ, Леонид Иванович.",,,
22070,22071,9728,Ваш покорный слуга: [Повесть о Баннекере].,"ГРЭХЕМ, Шерли.",,,
22072,22073,9729,Ваш покорный слуга: Повесть-сказка.,"СКОСЫРЕВ, Петр Георгиевич.",,,
22074,22075,9730,Ваш покорный слуга кот: Повесть.,"НАЦУМЭ, Сосэки.",,,
22076,22077,9731,Ваш специальный корреспондент встретился...,"БОРОВИК, Генрих Авиэзеро-вич.",,,
22078,22079,9732,Ваш ход.,"ИЛЬИН, Евгений.",,,
22080,22081,9733,"Ваша личная ответственность, товарищ?..: Нефтяники. Пьеса в 3-х д.","МУ-ЗАЕВ, Нурдин Джамалдинович.",,,
22082,22083,9734,Ваша платформа?: Фарс в l-м д. (Оригинальный).,"ЧИНАРОВ, Рубенс.",,,
22084,22085,9735,"Ваша светлость, березы: Стихи.","ЕКИМЦЕВ, Александр Ефимович.",,,
22086,22087,9736,"Ваше мнение, доктор?: Собеседование в 2-х д. с одним перерывом.","НОСИК, Борис Михайлович.",,,
22088,22089,9737,Ваши знакомые: Записки учительницы.,"ПОЛЫСКАЛОВА, Мария Георгиевна.",,,
22090,22091,9738,Ваши знакомые: Невыдуманные рассказы.,"ГРИГОРЬЕВ, К-",,,
22092,22093,9739,Ваши знакомые: Юмористические рассказы.,"АРДОВ, Виктор.",,,
22094,22095,9740,Вашингтонская история.,"ДАЙС, Джей.",,,
22096,22097,9741,Вашингтонские туристы.,"САШИН, Ян.",,,
22098,22099,9742,Вашингтонское убийство: Повесть.,"КАРР, Элберт.",,,
22100,22101,9743,"Ваятель: Стихи, 1910—1914.","ЕВ-ГЕНЬЕВ, Борис.",,,
22102,22103,9744,Ваятель масок: Трагический символ в 1-м д.,"КРОММЕЛИНК, Фернанд.",,,
22104,22105,9745,Ваятель фараона.,"ХЕРИНГ, Элизабет.",,,
22106,22107,9746,Вблизи и вдалеке: Стихи и поэмы.,"ДЖИМБИНОВ, Бем Окунович.",,,
22108,22111,9747,Вблизи кровавых камней.,"ДЛУС-СКИЙ, Константин Михайлович. ",,Генерал Онагренко...,
22112,22113,9748,Вблизи Кронштадта: Рассказы и повести.,"ЖДАНОВ, Николай Гаврилович.",,,
22114,22115,9749,Вблизи линии фронта: Очерки.,"ГАБРИЛОВИЧ, Евгений Иосифович.",,,
22116,22117,9750,Вблизи океана: Стихи.,"ГОРДИЕНКО, Юрий Петрович.",,,
22118,22121,9751,Вблизи Перемышля.,"СКИТАЛЕЦ (ПЕТРОВ, Степан Гаврилович). ",,Война...,
22122,22123,9752,Вблизи Софии: Роман.,"КАМЕНО-ВА, Анна.",,,
22124,22125,9753,Вблизи Ясной Поляны (1907— 1909 гг.).,"ДОСЕВ, Христо Федосьевич.",,,
22126,22127,9754,Введения.,"СУББОТИН, Анатолий Александрович.",,,
22128,22131,9755,Вверх дном: Новый фантастический роман.,"ВЕРН, Жюль. ",Все вверх дном; Переворот.,,
22132,22133,9756,Вверх и вниз: Роман.,"МЕЙСНЕР, Альфред.",,,
22134,22135,9757,Вверх и вниз: Сборник стихов.,"СЕРПИНСКАЯ, Нина Яковлевна.",,,
22136,22137,9758,Вверх килем.,"СОЛОВЬЕВ, М. А.",,,
22138,22139,9759,Вверх ногами: Фельетоны.,"ОСИПОВ, Георгий Осипович.",,,
22140,22141,9760,Вверх по матушке по Волге.,"МЕИ-ЕНДОРФ, Елена Павловна.",,,
22142,22143,9761,Ввиду краткости жизни...: Повесть.,"ЮДОВИЧ, Иосиф Михайлович.",,,
22144,22145,9762,Вдалеке от больших городов: Повесть.,"МАРЬЕНКОВ, Ефрем Михайлович.",,,
22146,22147,9763,Вдали: (Из прошлого). Рассказы из вольной и невольной жизни.,"МИШЛА (ОРФАНОВ, Михаил Иванович).",,,
22148,22149,9764,Вдали: Рассказы из чукотской жизни.,"АВИЛОВ, П.             ",,,""""
22150,22151,9765,Вдали и рядом: Стихи.,"КАУРОВ, Борис Андреевич.",,,
22152,22153,9766,Вдали от берегов: Повесть.,"ВЕЖИ-НОВ, Павел.",,,
22154,22155,9767,Вдали от берегов: Рассказ.,"СТАНЮКОВИЧ, Константин Михайлович.",,,
22156,22157,9768,Вдали от дома: Рассказы.,ТУР,,,", братья."
22158,22159,9769,Вдали от обезумевшей толпы.,"ХАРДИ, Томас (ГАРДИ, Томас).",,,
22160,22161,9770,Вдали от проезжих дорог.,"БОЧКАРЕВ, Борис Иванович.",,,
22162,22163,9771,Вдали от Родины: [Документальная повесть].,"КУЗНЕЦОВ, Афанасий Семенович.",,,
22164,22165,9772,Вдали от Родины: Драма в 1-м д.,"УЛЬЯНИНСКИИ, Александр Вячеславович.",,,
22166,22167,9773,Вдали от Родины: Повесть.,"ПОЛЯНСКИЙ, Натан Соломонович.",,,
22168,22169,9774,Вдали от Родины: Рассказы.,"ДА-РЯН, Армен.",,,
22170,22171,9775,Вдали от родного дома.,"ХАСИН, Аркадий Иосифович.",,,
22172,22173,9776,Вдали от родной земли.,"ПОЧИВА-ЛОВ, Леонид Викторович.",,,
22174,22175,9777,Вдали от родных степей: Роман.,"ЦЫДЕНДАМБАЕВ, Чимит Доржи Цыден-дамбаевич.",,,
22176,22177,9778,Вдали от России: Роман из жизни русских эмигрантов.,"БЮРНЭ, Этьен (БЮР-НЕ, Этьен).",,,
22178,22179,9779,Вдали от столицы: Пьеса в 2-х актах.,"ЗАВАЛЬНКЖ, Леонид Андреевич, БОГАЧЕВА, А.",,,
22180,22181,9780,Вдали от тебя: Лирические стихи.,"ФИРСОВ, Владимир Иванович.",,,
22182,22183,9781,Вдали от тебя: [Стихи].,"ГРОССМАН, Марк Соломонович.",,,
22184,22185,9782,Вдали от фронта: Повесть.,"ЛЯХ-НИЦКИЙ, Владислав Михайлович.",,,
22186,22187,9783,Вдали от фронта: Повесть.,"ОМЕЛЬЧЕНКО, Василий Михайлович.",,,
22188,22191,9784,Вдали от шумной толпы.,"ХАРДИ, Томас (ГАРДИ, Томас). ",Вдали от обезумевшей толпы.,,
22192,22193,9785,Вдвоем: Рассказы.,"ПАВЛОВ, Николай Васильевич.",,,
22194,22195,9786,Вдова: [Новеллы].,"Д'АННУНЦИО, Габриэле.",,,
22196,22197,9787,Вдова: Пьеса в 3-х д. с прологом.,"СЕРГЕЕВА, Вера (ЦАМ, Вера Васильевна).",,,
22198,22199,9788,Вдова: Рассказ.,"ЖЕЛТОВ, Федор Алексеевич.",,,
22200,22201,9789,Вдова: Роман.,"ПАРЫГИНА, Наталья Деомидовна.",,,
22202,22203,9790,Вдова: [Роман].,"ТЕРЬЕ, Андрэ.",,,
22204,22205,9791,Вдова: Роман.,"ФЕЛЬЕ, Октав (ФЕЙЕ, Октав).",,,
22206,22207,9792,Вдова выходит замуж: (Наследница). Комедия в 2-х актах.,"СМИРНОВА, Евгения Васильевна.",,,
22208,22209,9793,Вдова живого мужа: Комедия-шутка в 3-х карт.,"МИРАНД, Ив.",,,
22210,22211,9794,Вдова и верховая лошадь: Драматическая безделка.,"КОЦЕБУ, Август Фридрих.",,,
22212,22213,9795,Вдова Малабарская: Трагедия.,"ЛЕМЬЕР, Антуан Марен.",,,
22214,22215,9796,Вдова Отарашвили.,"ЧАВЧАВАДЗЕ, Илья Григорьевич.",,,
22216,22217,9797,Вдова пасечника Тате: Рассказы.,"МАРЗОЕВ, Сергей Тимофеевич.",,,
22218,22219,9798,Вдова полковника или Врачи ничего не знают: Сцены из жизни.,"СМУУЛ, Юхан.",,,
22220,22221,9799,Вдова солдата: Роман.,"ДЖАПАРИДЗЕ, Реваз Андреевич.",,,
22222,22223,9800,Вдова-чиновница: Комедия-водевиль в 1-м д.,"ГРИГОРЬЕВ, Петр Иванович.",,,
22224,22225,9801,Вдовец: Драма в 2-х д.,"ШТЕЙН, Александр Петрович.",,,
22226,22227,9802,Вдовец: [Рассказы].,"ГУСЕВ-ОРЕН-БУРГСКИИ, Сергей Иванович.",,,
22228,22229,9803,Вдовец и его сын: Комедия-водевиль в 1\-м д.,"ПИСЧИКОВ, В.",,,
22230,22231,9804,Вдовий дом: Пьеса в 2-х д.,"КУШ-НЕРОВИЧ, Радий Аронович.",,,
22232,22233,9805,Вдовий переполох: Рассказ.,"ШУХ-МИН, Христофор Алексеевич.",,,
22234,22235,9806,Вдовушка.,"БАР-КОВ (ЗОТОВ, Михаил).",,,
22236,22237,9807,Вдовушка-вампир: Комедия в 2-х д.,"СКУРАТОВ, Павел.",,,
22238,22241,9808,Вдовы: Оригинальный водевиль в 1-м д.,"ГАРИН, Дмитрий, УМАНЕЦ, Лев Игнатьевич.",,,
22242,22243,9809,Вдовья аллея: Роман. Ч. 1—2.,"РАБУ, Карл Феликс.",,,
22244,22245,9810,Вдовья артель.,"ПОЛИВАНОВ, Владимир Павлович.",,,
22246,22247,9810а,Вдовья доля: Драма в 5-ти д.,"БУБНОВА, Е. Д. (ЛУТСКАЯ-БУБНОВА, Елизавета Дмитриевна).",,,
22248,22249,9811,Вдовья жизнь; Пелагеин муж; Нил-ка.,"ХАВКИН, Оскар Адольфович.",,,
22250,22251,9812,Вдоль берегов.,"ВАНИН, Кесарь Тихонович.",,,
22252,22253,9813,Вдоль голубых уральских гор: Роман.,"ФЕДОРОВ, Евгений Александрович.",,,
22254,22257,9814,Вдоль горячего асфальта: Роман в 3-х ч.,"УШАКОВ, Николай Николаевич.",,,
22258,22259,9815,"Вдоль да по дороге, вдоль да по Казанке.","ИСАКОВСКИЙ, Михаил Васильевич.",,,
22260,22261,9816,Вдоль и поперек: Сатира и юмор.,"ПОЛОТАЙ, Николай Исидорович.",,,
22262,22263,9817,Вдоль и поперек Америки.,"КОЛДУЭЛЛ, Эрскин.",,,
22264,22265,9818,Вдоль крутых берегов: Роман.,"БЫ-СТРОЗОРОВ, Игорь Семенович.",,,
22266,22267,9819,Вдоль по золоту; Гипербореи: Романы.,"УЛИН, Леонид Николаевич.",,,
22268,22269,9820,Вдоль по сухой речке.,"ЗОТОВ, Юрий Семенович.",,,
22270,22271,9821,Вдоль по Японии.,"ШЕСТУНОВ, Николай Якимович.",,,
22272,22273,9822,Вдоль рощи.,"САМСОНОВ, Евгений Васильевич.",,,
22274,22275,9823,Вдоль серебряной Варзи: Стихи.,"БАЙТЕРЯКОВ, Николай Семенович.",,,
22276,22277,9824,Вдоль Урала берегов: Повесть.,"ШУМКИН, Николай Константинович.",,,
22278,22279,9825,Вдоль фронта.,"РИД, Джон.",,,
22280,22281,9826,Вдохновение будней.,"БЕЗЫМЕНСКИЙ, Александр Ильич.",,,
22282,22283,9827,Вдохновение и упорство: Очерки.,"СТРОГОВА, Екатерина Григорьевна.",,,
22284,22285,9828,Вдохновение перед казнью: Роман.,"НАГАЕВ, Герман Данилович.",,,
22286,22289,9829,Вдохновенный гусь.,"ГЛАДКОВ, Федор Васильевич. ",,Маленькая трилогия...,
22290,22291,9830,Вевейская рябина: Стихотворение.,"ВЯЗЕМСКИЙ, Петр Андреевич.",,,
22292,22295,9831,Веверлей или Шестьдесят лет назад: Ч. 1—4.,"СКОТТ, Вальтер. ",Вэверлей или шестьдесят лет назад; Уэверлей.,,
22296,22297,9832,Вег (1910—1913).,"ГЕДРОЙЦ, Сергей (ГЕДРОЙЦ, Вера Игнатьевна).",,,
22298,22299,9833,Вега: Рассказы.,"ЖДАНОВ, Николай Гаврилович.",,,
22300,22301,9834,Вега — звезда утренняя: Рассказы.,"КОНОПЛИН, Николай Тихонович.",,,
22302,22303,9835,Вегетарианец по недоразумению: Из жизни казуаров.,"ЧЕГЛОК, Александр.",,,
22304,22305,9836,Вегетарианская лекция.,"Д'ОР, Д. Л.",,,
22306,22307,9837,Вегетарианская шляпа: Рассказы.,"ЧЕСТЕРТОН, Гилберт К. (ЧЕСТЕРТОН. Джильберт Кейт).",,,
22308,22315,9838,Ведомость о секретном преступнике Чернышевском за 1862—1883    год...: Сти- хотворения.,"ОЛЬХОН, Анатолий. ",Ведомость о Чернышевском.,,
22316,22317,9839,Ведомость о Чернышевском: Стихотворения.,"ОЛЬХОН, Анатолий.",,,
22318,22319,9840,Ведро: Стихи.,"СМИРНОВ, Владимир Михайлович.",,,
22320,22321,9841,Ведро огня.,"ОКСКИЙ, Гурий.",,,
22322,22323,9842,Ведрово: Роман.,"ГУЛЯШКИ, Андрей.",,,
22324,22327,9843,Ведунья: Исторический роман. В 2-х ч.,"САЛИАС, Е. А. (САЛИАС ДЕ ТУР-НЕМИР, Евгений Андреевич).",,,
22328,22329,9844,Ведущая ось.,"ИЛЬЕНКОВ, Василий Павлович.",,,
22330,22331,9845,Ведущий игрок: Повесть.,"ТУРОВ, Борис Исаакович.",,,
22332,22333,9846,Ведущий стан: Документальная повесть.,"МЕДНИКОВ, Анатолий Михайлович.",,,
22334,22335,9847,Ведьма: Драма-поэма; ЛЕСТВИ-ЦА: Поэма.,"МИРОПОЛЬСКИИ, А. Л.",,,", (ЛАНГ, Александр Александрович)."
22336,22337,9848,Ведьма; На печь: Рассказы.,"КОЦЮБИНСКИЙ, Михаил Михайлович.",,,
22338,22341,9849,Ведьма: [Повесть].,"ОЖЕШКО, Элиза.",,,
22342,22343,9850,Ведьма: [Рассказ].,"БАЛЬЗАК, Оноре де.",,,
22344,22347,9851,Ведьма: [Рассказ].,"БУДИЩЕВ, Алексей Николаевич. ",,Нечистая сила...,
22348,22349,9852,Ведьма: Рассказ. (Из области фактов); Легенда о монете.,"ВАЙЦМАН, Иосиф Михайлович.",,,
22350,22351,9853,Ведьма: Рассказы.,"ЧЕХОВ, Антон Павлович.",,,
22352,22353,9854,Ведьма: Рассказы.,"ШИЛОВ, Степан Самойлович.",,,
22354,22355,9855,Ведьма: [Рассказы].,"ЩЕПКИНА, Александра Владимировна.",,,
22356,22357,9856,Ведьма: [Роман].,"БЕЛЯЕВ, Юрий Дмитриевич.",,,
22358,22359,9857,Ведьма: [Роман].,"МИШЛЕ, Жюль.",,,
22360,22361,9858,Ведьма: Сатирические стихи и проза.,"ГРИБАЧЕВ, Николай Матвеевич.",,,
22362,22363,9859,Ведьма: Художественная кинодрама в 5-ти ч.,"НАГРОДСКАЯ, Евдокия Аполлоновна.",,,
22364,22365,9860,Ведьма из-за Днепра или Разбойник-соловей: Историческое повествование времен Василия Темного в 3-х ч. Ч. 1—3.,"ЕВСТИГНЕЕВ, Михаил Е.",,,
22366,22367,9861,Ведьма или Страшная ночь за Днепром: Повесть в 3-х ч.,"КАССИРОВ, Иван.",,,
22368,22369,9862,"Ведьма или Страшные ночи за Днепром: Русский роман, взятый из народного предания.","ЧУРОВСКИИ, Александр.",,,
22370,22373,9863,Ведьма на каникулах: Пьеса в 2-х д.,"ЛОСЕВ, А.",,,
22374,22375,9864,Ведьмин камень: Рассказ.,"НОЛЬ-ДЕ, М. П.",,,
22376,22377,9865,Ведьмино кольцо: Рассказы.,"ГОЛУБЕВ, Федор Михайлович.",,,
22378,22381,9866,Веер леди Уиндермир: Пьеса в 4-х д.,"УАЙЛЬД, Оскар.",,,
22382,22383,9867,Вежливый еж: Сатирические миниатюры.,"НАУМОВ, Александр.",,,
22384,22385,9868,Везде есть добрые вельможи.,"ЖАН-ЛИС, Стефани Фелисите.",,,
22386,22387,9869,Везде женщина!: Рассказы.,"СЕ-ВЕРЦЕВ-ПОЛИЛОВ, Г. Т. (ПОЛИЛОВ, Георгий Тихонович).",,,
22388,22389,9870,Везде жизнь: Рассказы.,"ЛЕМЕХОВ, Сергей (ЖЕВАИКИН, Сергей Александрович).",,,
22390,22391,9871,Везде он: Роман. В 2-х ч.,"КОК, Поль де.",,,
22392,22393,9872,Вездесущее.,"ГОРЬКИЙ, Максим.",,,
22394,22395,9873,Вездеход; [Рассказы].,"ДУГИН, Николай Иванович.",,,
22396,22397,9874,Везучий букен: Сатирическая комедия в 2-х д. с многозначительным эпилогом.,"ТАРАЗИ, Аким.",,,
22398,22399,9875,"Вей, ветерок!: Народная песня в 5-ти д.","РАЙНИС, Ян.",,,
22400,22401,9876,Вейганд: Драма в 4-х актах.,"ШЛАФ, Иоганн.",,,
22402,22403,9877,Век. Земля. Любовь: Стихи.,"ЭМИН, Геворг.",,,
22404,22405,9878,Век Возрождения: Исторические сцены.,"ГОБИНО, Жозеф Артур.",,,
22406,22407,9879,"Век гигантов: История про то, как фабзавук Николка из-за фокусов ученого медика Скальпеля попал в гости к первобытному человеку.","ГОНЧАРОВ, Виктор Алексеевич.",,,
22408,22409,9880,Век драконов: Мое знакомство с допотопными животными.,"ЛЮБИЧ-КОШУ-РОВ, Иоасаф Арианович.",,,
22410,22411,9881,Век живи и век учись или Приключения моей жизни: Ч. 1—2.,"КРАМЕР, Карл Готлиб.",,,
22412,22413,9882,Век мой: Стихи.,"ШЕХТЕР, Марк Ананьевич.",,,
22414,22415,9883,Век неспокойного солнца: Стихи.,"ТАТАРЕНКО, Леонид Сергеевич.",,,
22416,22419,9884,Век нынешний: Книга рассказов.,"ОПОЧИНИН, Владимир Петрович.        ",,,^
22420,22421,9885,Век нынешний и век минувший.,"СОЛОВЬЕВ, Владимир Александрович.",,,
22422,22423,9886,Век пережить — не поле перейти: (Из рассказов отставного солдата).,"А. Б. (НИКИТИН, Виктор Никитич).",,,
22424,22425,9887,Век просвещения: Роман.,"КАР-ПЕНТЬЕР, Алехо.",,,
22426,22427,9888,Век против века: Поэма.,"АЛАЗАН, Ваграм Мартиросович.",,,
22428,22429,9889,Век рождения: Стихи.,"ШОШИН, Владислав Андреевич.",,,
22430,22431,9890,"Век рыцарства и царство духов и привидений, представленные в занимательных и разительных картинках, основанных на исторических истинах и древних народных преданиях с чудесными их явлениями: Ч. 1—6.","ЛА MOTT-ФУКЕ, Фридрих де (ЛАМОТ ФУКЕ, Фридрих Генрих Карл).",,,
22432,22433,9891,Век стали и нежности: Лирика.,"МАРЬИНСКИЙ, Валентин.",,,
22434,22435,9892,Века в минутах: Стихи.,"ЛАНЭ, Арий.",,,
22436,22437,9893,Века и дни.,"ЧЕРНОЛУССКИИ, Михаил Борисович.",,,
22438,22439,9894,Века и мгновенья: Стихи и поэмы.,"МУЛДАГАЛИЕВ, Джубан.",,,
22440,22441,9895,Вековая тяжба: Рассказы.,"НОВИ-КОВ-ПРИБОИ, Алексей Силыч.",,,
22442,22443,9896,Вековечный сон: 4 акта.,"ГНЕДИЧ, Петр Петрович.",,,
22444,22445,9897,Вексель: Рассказ из быта пограничников.,"ВАСИЛЬКОВСКИЙ, А. К.",,,
22446,22447,9898,Вексельное право.,"ЛОСЬЕВ, Георгий Александрович.",,,
22448,22449,9899,Векселя антрепренерши: Романхроника.,"ШАБЕЛЬСКАЯ, Елизавета Александровна.",,,
22450,22451,9900,"Вел в лес, а вывел на дорогу: Комедия в 1-м д.","ГАРИН, Дмитрий.",,,
22452,22453,9901,Велга: Северная легенда.,"БУНИН, Иван Алексеевич.",,,
22454,22455,9902,Веление: Пьеса в 1-м д.,"ДАУЛИЧ, Александр.",,,
22456,22457,9903,Веление долга.,"БЕЛОУСОВ, Леонид Георгиевич.",,,
22458,22459,9904,Веление сердца.,"ПУЗАНОВ, Иван Ефимович.",,,
22460,22461,9905,Велизарий: Драма в 5-ти д. в стихах.,"ШЕНК, Эдуард.",,,
22462,22463,9906,Велик бог милостью: (Быль по пословице).,"ЕВСТИГНЕЕВ, Миша (ЕВСТИГНЕЕВ, Михаил Е.).",,,
22464,22465,9907,Велик день.,"ЧЕРСКИЙ, Леонид Федорович.",,,
22466,22467,9908,Великан: Рассказ.,"ВАЛЛЕС, Жюль.",,,
22468,22469,9909,Великан:   (Ценою преступления). Драма в 4-х д.,"ЧАРГОНИН, А. А. (ГОНЧАРЕНКО, Александр Александрович).",,,
22470,22471,9910,Великан в лесу: Повесть.,"НОВОТНЫ, Иоахим (НОВОТНЫЙ, Иоахим).",,,
22472,22473,9911,Великан дяди Адама: Рассказ.,"РОБЕРТС, Чарльз.",,,
22474,22477,9912,Великан    Иеус: Сказка.,"САНД, Жорж. ",Страшный великан.,,
22478,22479,9913,Великан на Каме: На стройке Березниковского комбината.,"ПАУСТОВСКИЙ, Константин Георгиевич.",,,
22480,22481,9914,Великан науки: Биографическая повесть о Ломоносове.,"ЕРОМИЦКИЙ, Александр Ильич.",,,
22482,22483,9915,Великан с зеленой горы: Горная легенда.,"РЕРБЕРГ, Софья Ивановна.",,,
22484,22487,9916,Великан-эгоист.,"УАЙЛЬД, Оскар. ",,День рождения принцессы...,
22488,22489,9917,Великаны.,"ЭЛЬГЕР, Семен Васильевич.",,,
22490,22491,9918,Великая битва у Малого пруда.,"ПАНКУ-ЯШ, Октав.",,,
22492,22493,9919,Великая борозда: Рассказы.,"СЛУЦКИС, Миколас Гецелевич.",,,
22494,22495,9920,Великая^ борьба: (Пэлле-завоева-тель). Роман из датского профессионального движения.,"АНДЕРСЕН-НЕКСЕ, Мартин.",,,
22496,22499,9921,Великая борьба:      [Рассказы].,"ХИРЬЯКОВ, Александр Модестович.",,,
22500,22501,9922,Великая борьба: [Роман].,"РЕМИ, Тристан.",,,
22502,22503,9923,Великая война: Стихотворения.,"АЛМАЗОВ, К. В.",,,
22504,22505,9924,Великая война: Стихотворения.,"УРЛАУБ, И. И.",,,
22506,22507,9925,"Великая война в России, Франции, Англии, Сербии, Черногории, Италии, Японии и Португалии с Германиею, Австро-Венгриею, Турциею и Болгарией): Историческая повесть.","ШВЕЦОВ, Гордей Михайлович.",,,
22508,22509,9926,Великая граница: Драма в 4-х актах.,"ЛЕВИТИНА, Софья Марковна.",,,
22510,22511,9927,Великая грешница: Комедия в 1-м д.,"ТУНОШЕНСКИЙ, Владимир Владимирович.",,,
22512,22513,9928,Великая дружба: Героическая пьеса в 14-ти карт.,"ГУЛАКЯН, Армен Карапетович.",,,
22514,22515,9929,Великая дружба: Рассказы о виденном.,"КУЗНЕЦОВ, Павел Николаевич.",,,
22516,22517,9930,Великая Дуга: Повести и рассказы.,"ЕФРЕМОВ, Иван Антонович.",,,
22518,22519,9931,Великая жизнь:   (Лев Толстой).,"ЦВЕЙГ, Стефан.",,,
22520,22521,9932,Великая игра: Роман.,"ВЕСОС, Тарьей.",,,
22522,22523,9933,Великая истина: Рассказ.,"НАЖИ-ВИН, Иван Федорович.",,,
22524,22525,9934,Великая княгиня: Роман. Т. 1—2.,"САМАРОВ, Грегол.",,,
22526,22529,9935,Великая княгиня и коридорный: Комедия в 3-х д.,"САВУАР, Альфред.",,,
22530,22533,9936,Великая княгиня Софья Витовтов- на: Драматическая трилогия в стихах. Пролог. Женитьба великого князя Василия Дмитриевича. В 3-х д.,"ВОЕЙКОВ, Павел Николаевич.",,,
22534,22537,9937,Великая любовь: (Командарм). (Загл. обл.).,"БЕРЕЗКО, Георгий Сергеевич. ",Командарм.,,
22538,22539,9938,Великая магия: Комедия в 3-х д.,"ДЕ ФИЛИППО, Эдуардо.",,,
22540,22541,9939,Великая морская держава: Рассказ об Англии и англичанах.,"БАРАНОВ, Евгений Захарович.",,,
22542,22543,9940,Великая награда: Повесть.,"ФЕДОТОВ, Гавриил Николаевич.",,,
22544,22545,9941,Великая новь: Стихи.,"ЗАРЕВОЙ, Сергей (КОШКАРОВ, Сергей Николаевич).",,,
22546,22547,9942,Великая Отечественная: Стихи и поэмы.,"ВАСИЛЬЕВ, Сергей Александрович.",,,
22548,22549,9943,Великая отравительница: Исторический роман (из царствования Карла IX).,"КОК, Анри де.",,,
22550,22553,9944,Великая пророчица: Комедия в 4-х д.,"БОЦЯНОВСКИЙ, Владимир Феофи-лович.",,,
22554,22555,9945,Великая разруха: Семейная хроника.,"БОБОРЫКИН, Петр Дмитриевич.",,,
22556,22557,9946,Великая река: (Картины из жизни и природы на Волге).,"НЕМИРОВИЧ-ДАНЧЕНКО, Василий Иванович.",,,
22558,22559,9947,Великая Росстань: Повесть.,"РЫ-ЛЕНКОВ, Николай Иванович.",,,
22560,22561,9948,Великая русская Авдотья: (С натуры). Рассказ.,"ПРОЗРИТЕЛЕВ, Григорий Николаевич.",,,
22562,22563,9949,Великая семья: Драма в 4-х д.,"ЗЕЛАНД-ДУБЕЛЬТ, Елена Александровна.",,,
22564,22565,9950,Великая сила: Картины из жизни св. Иоанна Милостивого.,"СЕВЕРЦЕВ-ПО-ЛИЛОВ, Г. Т. (ПОЛИЛОВ, Георгий Тихонович).",,,
22566,22567,9951,Великая сила: Пьеса в 3-х д.,"ГЛЕБОВ, Анатолий.",,,
22568,22569,9952,Великая сила: Пьеса в 4-х д.,"РОМАШОВ, Борис Сергеевич.",,,
22570,22573,9953,Великая слава.,"ПО, Эдгар Аллан. ",,Человек системы...,
22574,22575,9954,Великая смута: Драматическая миниатюра в 4-х д.,"АБРАМОВИЧ, Илья Яковлевич.",,,
22576,22577,9955,Великая смута: Роман.,"ОМЕЛЬЧЕНКО, Александр.",,,
22578,22579,9956,Великая тайна: Этюд в 1-м д.,"ТИХОНОВ, Владимир Алексеевич.",,,
22580,22583,9957,Великая тень: [Психологический этюд].,"ЕМЕЛЬЯНОВ-КОХАНСКИЙ, Александр. ",,Клеопатра...,
22584,22585,9958,Великая тень: [Роман].,"ДОЙЛЬ, Артур Конан.",,,
22586,22587,9959,Великие азы: Пьеса в 5-х д.,"КА-УГВЕР, Раймонд Андресович.",,,
22588,22589,9960,Великие голодранцы: Героическая комедия в 3-х д.,"НАСЕДКИН, Филипп Иванович.",,,
22590,22591,9961,Великие голодранцы: Повесть.,"НАСЕДКИН, Филипп Иванович.",,,
22592,22593,9962,Великие кануны: Пьеса в 4-х д. с прологом из времен Революции 1905 года.,"БЕКЛЕМИШЕВА, Вера Евгеньевна.",,,
22594,22595,9963,Великие месяцы: Повесть.,"ПЕТРОВ, Михаил Трофимович.",,,
22596,22597,9964,Великие мечтатели: Повести.,"ЛЕ-ВАНДОВСКИЙ, Анатолий Петрович.",,,
22598,22599,9965,Великие мира: Избранные истории всех времен и народов. Рассказы и очерки.,"ЛЯТСКИИ, М. А.",,,
22600,22601,9966,Великие права: Стихи.,"ЧЕПУРОВ, Анатолий Николаевич, ПАГИРЕВ, Глеб Валентинович.",,,
22602,22603,9967,Великие сердца: Повести и рассказы.,"ЛЕБЕДЕВ, Владимир Петрович.",,,
22604,22605,9968,Великие спутники: Литературные этюды.,"ВИЛЬМОНТ, Николай Николаевич.",,,
22606,22609,9969,Великий.,"ОЖЕШКО, Элиза. ",,Панна Роза...,
22610,22611,9970,Великий Ангарострой.,"КЕЛЬХ, П.",,,
22612,22613,9971,Великий Аным: Рассказы.,"НОВО-КШОНОВ, Иван Михайлович.",,,
22614,22615,9972,Великий Белый: Повесть.,"ЭББЕЛЬ, Джон Бендикс.",,,
22616,22617,9973,Великий благовест.,"СОЛОГУБ, Федор.",,,
22618,22619,9974,"Великий, близкий, простой.","ЛЮД-ВИНСКАЯ, Татьяна Федоровна.",,,
22620,22621,9975,Великий бог земли русской и другие рассказы.,"ЯКУШКИН, Павел Иванович.",,,
22622,22625,9976,Великий вождь «Орлиные очи»; Клевета; В вечном городе; На Волге.,"ОЛЕНИН, Петр Алексеевич.",,,
22626,22627,9977,Великий волшебник: Фантастическая комедия в 3-х д.,"ГУБАРЕВ, Виталий Георгиевич.",,,
22628,22629,9978,Великий врачеватель: Авиценна. Жизнеописание.,"ВОСКОБОЙНИКОВ, Валерий Михайлович.",,,
22630,22631,9979,Великий Галеотто: Драма в 3-х д.,"ЭЧЕГАРАЙ, Хосе.",,,
22632,22633,9980,Великий год 1871: Драматическая поэма в 3-х д. из времен Парижской коммуны.,"БРОНИКОВСКИЙ, Георгий.",,,
22634,22635,9981,Великий голод: Роман.,"БОЙЕР, Иоганн.",,,
22636,22639,9982,Великий государь: Трагедия в 5-ти актах.,"СОЛОВЬЕВ, Владимир Александрович.",,,
22640,22641,9983,Великий гражданин: Киносценарий.,"БЛЕЙМАН, Михаил Юрьевич, БОЛЬШИН-ЦОВ, Михаил Юльевич",,,", ЭРМЛЕР, Фридрих Маркович."
22642,22647,9984,Великий греческий мудрец Сократ.,"КАЛМЫКОВА, Александра Михайловна. ",,,Гл. 9-я написана Л. Н. Толстым.
22648,22649,9985,Великий грешник: Рассказ.,"МА-МИН-СИБИРЯК, Дмитрий Наркисович.",,,
22650,22651,9986,Великий Гэтсби: Роман.,"ФИЦДЖЕРАЛЬД, Френсис Скотт.",,,
22652,22653,9987,Великий день: (19 февраля 1871 г.). Юбилейная пьеса в 1-м д.,"НАВРОЦКИЙ, Александр Александрович (ВРОЦКИЙ, Н. А.).",,,
22654,22655,9988,Великий день: Пьеса в 3-х д.,"БА-НУШ, Мария.",,,
22656,22657,9989,Великий день черных рабов.,"АЛТАЕВ, Ал.",,,
22658,22659,9990,Великий дом Романовых.,"Г. К. (КО-ЛУБАНСКИЙ, Георгий Михайлович).",,,
22660,22663,9991,Великий дух битвы.,"КОЛЕСНИКОВ, Николай Владимирович. ",,Проклятая сопка...,
22664,22665,9992,Великий еретик: Мелодрама в 4-х д.,"ПЕРСОНОВ, Иван Иванович, ДОБРЖИН-СКИИ, Гавриил Валерьянович.",,,
22666,22667,9993,Великий и простой: Стихи о В. И. Ленине.,"ГОППЕ, Герман Борисович.",,,
22668,22669,9994,Великий или Тихий: Роман.,"ЛИДИН, Владимир Германович.",,,
22670,22671,9995,Великий или тихий: Стихи.,"ПОЖЕ-НЯН, Григорий Михайлович.",,,
22672,22673,9996,Великий или Тихий: Стихи.,"ТЕЛЬ-КАНОВ, Сергей Алексеевич.",,,
22674,22675,9997,Великий император и маленький паж: Историческая повесть.,"ДЮПЮИ, Э.",,,
22676,22679,9998,"Великий инквизитор: (Под гнетом времени). Историческая хроника XIII в. о Лангедокских еретиках, извлеченная из архивов книжным червяком.","РУБАКИН, Николай Александрович. ",Под гнетом времени.,,
22680,22681,9999,Великий инквизитор; Черт: Кошмар Ивана Федоровича. Отрывки из романа «Братья Карамазовы».,"ДОСТОЕВСКИЙ, Федор Михайлович.",,,
22682,22683,10000,"Великий Калиостро: Тайное общество. Пьеса в 5-ти д. ГЕРКЕН, Евгений Георгиевич, А.","В. М. (МЕЛЬНИЦКАЯ, Анна Васильевна).",,,
22684,22685,10001,Великий канун: Сцены Октябрьской революции.,"ГРОМОВ, Алексей Матвеевич.",,,
22686,22689,10002,Великий каторжанин: Пьеса в 5-ти д.,"ЛЕРНЕР, Николай Никитич.",,,
22690,22693,10003,Великий князь Василий Темный и Шемякин суд: Исторический рассказ.,"ПЛ... Н, Н. С. (ПЛАКСИН, Н. С.). ",Князь Василий Темный или Шемякин суд.,,
22694,22695,10004,Великий князь Московский Дмитрий Донской: Историческая быль.,"КОЗЛОВСКИЙ, Николай.",,,
22696,22699,10005,Великий князь Ярослав Мудрый.,"ЧЕРСКИЙ, Леонид Федорович.",,,
22700,22701,10006,Великий композитор: Повесть о жизни П. И. Чайковского.,"СТОЙКО, Анатолий Георгиевич.",,,
22702,22705,10007,Великий конспиратор: Комедия в 2-х д.,"КУЗНЕЦОВ, Андрей Ирмович (Кузнецов, Андрей Юрьевич).",,,
22706,22707,10008,Великий кормчий; Разрушенное счастье: Рассказы из времен царя Михаила Федоровича.,"ЗАРИН, Андрей Ефимович.",,,
22708,22713,10009,Великий лес: Роман.,"ВЕРН, Жюль. ",Воздушная деревня; Деревня в воздухе; Деревня на воздухе.,,
22714,22715,10010,Великий ловец: Роман из быта эскимосов Гудзонова залива.,"ФРЕИХЕН, Петер.",,,
22716,22717,10011,Великий маг и рассказы.,"КОШ, Эрих.",,,
22718,22719,10012,Великий мастер смеха: 3 водевиля с прологом и эпилогом.,"ЛАБИШ, Эжен Мари.",,,
22720,22721,10013,Великий материк.,"ЛИДИН, Владимир Германович.                          ",,,в
22722,22723,10014,Великий Моурави: [Исторический роман].,"АНТОНОВСКАЯ, Анна Ар",,,НОЛЬДОВНа.
22724,22725,10015,Великий Моурави: Поэма XVII в. о Георгии Саакадзе.,"ТБИЛЕЛИ, Иосиф.",,,
22726,22727,10016,Великий мятеж: Роман.,"АЛТАЕВ, Ал.",,,
22728,22729,10017,Великий обман.,"ШАРРЕР, Адам.",,,
22730,22731,10018,Великий обманщик: Роман.,"ЯНДСБЕРГ, Иосиф (ЛЯНДСБЕРГ, Иосиф).",,,
22732,22733,10019,Великий океан.,"КРАТТ, Иван Федорович.",,,
22734,22737,10020,Великий Пандольфо:        Роман.,"ЛОКК, Уильям Джон.",,,
22738,22739,10021,Великий партизан.,"СОМОВА, Мария Алексеевна.",,,
22740,22741,10022,Великий пастырь: Повесть из времен св. Иоанна Златоуста.,"ПЕТРОВ, Григорий Спиридонович.",,,
22742,22745,10023,Великий перевал: Повесть.,"ЗАЯ- ИЦКИИ, Сергей Сергеевич.",,,
22746,22747,10024,Великий перелом: Сценарий.,"ЧИР-СКОВ, Борис Федорович.",,,
22748,22749,10025,Великий план: Поэма социалистического строительства.,"БЕХЕР, Иоганнес Роберт.",,,
22750,22751,10026,Великий план: Стихи.,"КИРИИ, Алексей Алексеевич.",,,
22752,22753,10027,Великий поединок.,"ШУХОВ, Иван Петрович.",,,
22754,22757,10028,Великий покойник: Трагикомедия славы. Комедия в 4-х д.,"МАГНУССЕН, И. (МАГНУССЕН, Юлиус). ",Почивший гений.,,
22758,22759,10029,Великий почин: Поэма и стихи.,"КАЗИН, Василий Васильевич.",,,
22760,22761,10030,Великий предводитель аукасов: Американский рассказ.,"ЭМАР, Гюстав.",,,
22762,22763,10031,Великий предтеча: Трагедия преображения в 4-х актах.,"БОРИСОВ, Дмитрий Михайлович.",,,
22764,22767,10032,Великий призыв.,"КОЖЕВНИКОВ, Вадим Михайлович. ",Степной поход.,,
22768,22769,10033,Великий прорыв.,"СМОЛЯН, И. А.",,,
22770,22771,10034,Великий путь: Драма в 5-ти д.,"МАЛАКОВ, Василий Федорович, ШКНЕВ-СКИЙ, Давид.",,,
22772,22773,10035,Великий путь: Роман.,АИБЕК.,,,
22774,22775,10036,Великий раб.,"ГРЕЙ, Зэн (ГРЕЙ, Зейн).",,,
22776,22777,10037,Великий разгром: Историческая повесть из времен первых гонений на старообрядчество в 3-х ч.,МИХАИЛ ,,,"[СЕМЕНОВ, Павел Васильевич]."
22778,22781,10038,Великий разгром: Исторический роман из эпохи кровавых драм и великих смятений.,"КОНДРАТЬЕВ, Иван Кузьмич. ",Драма на Лубянке; Казнь Верещагина или Москвичи в 1812 году.,,
22782,22783,10039,Великий раскол: Исторический роман в 2-х ч.,"МОРДОВЦЕВ, Даниил Лукич.",,,
22784,22785,10040,Великий Розенкрейцер: Роман XVIII века в 3-х ч. с эпилогом.,"СОЛОВЬЕВ, Всеволод Сергеевич.",,,
22786,22787,10041,Великий светоч древнего мира.,"КАЛМЫКОВА, Александра Михайловна. ",,,Гл. 9-я написана Л. Н. Толстым.
22788,22793,10041а,Великий светоч древнего мира греческий мудрец Сократ.,"КАЛМЫКОВА, Александра Михайловна. ",,,Гл. 9-я написана Л. Н. Толстым.
22794,22795,10042,Великий сеятель земли.,"АЛЕКСЕЕВ, Михаил Николаевич.",,,
22796,22797,10043,Великий сказочник: (Г. X. Андерсен). Биографический рассказ.,АЛТАЕВ. ,,,Ал.
22798,22799,10044,Великий следопыт: Роман.,"ГРИ-МАЙЛО, Ярослав Васильевич.",,,
22800,22801,10045,Великий союз мира народов: Поэма.,"КОСТКИН, Григорий Георгиевич.",,,
22802,22803,10046,Великий старик: Роман.,"НЕМИРОВИЧ-ДАНЧЕНКО, Василий Иванович.",,,
22804,22805,10047,Великий страдалец: Историческая повесть.,"ЛЕБЕДЕВ, Владимир Петрович.",,,
22806,22807,10047а,Великий тайфун: Повесть.,"СЫЧЕВ, Павел Алексеевич.",,,
22808,22811,10048,Великий талант.,"МОРРИСОН, Артур. ",,Торговля в кредит...,
22812,22813,10049,Великий трагик: Рассказ из книги «Одиссея о последнем романтике».,"ГРИГОРЬЕВ, Аполлон Александрович.",,,
22814,22815,10050,Великий тряс: Этюды.,"ХМАРА, Андрей (БАНКВИЦЕР, Ахилл Львович).",,,
22816,22817,10051,Великий урок: Историческая драма в 6-ти д. с прологом из эпохи 1905 г.,"ШАПОВАЛЕНКО, Николай Николаевич.",,,
22818,22819,10052,Великий царь Петр и Лизета: Историческая повесть.,"АЛЬБОВ, Михаил Нилович.",,,
22820,22821,10053,Великий чародей.,"ГОБИНО, Жозеф Артур.",,,
22822,22823,10054,Великий человек: Юмористическая повесть.,"БЕННЕТ, Арнольд.",,,
22824,22825,10055,Великий человек на малые дела: Комедия в 5-ти д.,"ФРЕДРО, Александр.",,,
22826,22827,10056,Великий Шлях: Документальная повесть.,"ПОНОМАРЕВ, Василий Иванович.",,,
22828,22829,10057,Великий Шмуль: Комедия в 3-х д. (из еврейской жизни).,"БЕЛАЯ, Софья (БОГДАНОВСКАЯ, Софья Николаевна).",,,
22830,22831,10058,Великий язычник: Повесть жизни Гете.,"КАРРЕ, Жан-Мари.",,,
22832,22833,10059,Великим постом: Рассказ.,"ТХОР-ЖЕВСКИИ, И. [!] (ТХОРЖЕВСКИЙ, Корнелий Владиславович).",,,
22834,22835,10060,Великодушие или Рекрутский набор: Драма в 3-х д.,"ИЛЬИН, Николай Иванович.",,,
22836,22837,10061,Великодушие или Рекрутский набор: Повесть XIX столетия.,"ИСАЕВ, Федор М.",,,
22838,22841,10062,Великодушная война: (Дарвин). Пьеса в 4-х д.,"РАХМАНОВ, Леонид Николаевич. ",Дуанский отшельник.,,
22842,22845,10063,Великодушная ложь: Драма в 1-м д.,"КОЦЕБУ, Август Фридрих.",,,
22846,22849,10064,Великодушные: Драма в 3-х д.,"ШНИЦЛЕР, Артур. ",Завещание; Последняя коля; Фарисей.,,
22850,22855,10065,Великодушный рогоносец: Фарс в 3-х д.,"КРОММЕЛИНК, Фернанд. ",Великолепный рогоносец.*,,
22856,22859,10066,Великое белое безмолвие: Роман из жизни в Аляске.,"РУКЕТТ, Луи Фредерик. ",В снегах Аляски.,,
22860,22861,10067,"Великое былое: Воспоминания об Отечественной войне, по поводу ее столетней годовщины.","БУЛГАКОВСКИЙ, Дмитрий Гаврилович.",,,
22862,22863,10068,Великое в малом.,"ПОТАПЕНКО, Игнатий Николаевич.",,,
22864,22865,10069,Великое время.,"КОНДРАТЕНКО, Виктор Андреевич.",,,
22866,22867,10070,"Великое Делание или Удивительная история доктора Меканикуса и Альмы, которая была собакой: Фантастическая совесть.","ПОЛЕЩУК, Александр Лазаревич.",,,
22868,22871,10071,Великое Делание или Удивительная история доктора Меканикуса и его собаки Альмы: Фантастическая повесть.,"ПОЛЕЩУК, Александр Лазаревич. ","Великое Делание или Удивительная история доктора Меканикуса и Альмы, которая была собакой.",,
22872,22873,10072,Великое зарево: Сценарий.,"ЧИА-УРЕЛИ, Михаил Эдишерович.",,,
22874,22875,10073,Великое и ничтожное: Миниатюры.,"ВЫСОЦКИЙ, Иван Исидорович.",,,
22876,22877,10074,Великое кочевье: Роман. 1—2.,"КОПТЕЛОВ, Афанасий Лазаревич.",,,
22878,22879,10075,Великое открытие: Комедия-шутка в 1-м д.,"МОДИН-ПОЛИКАРПОВ, Ф. С.",,,
22880,22881,10076,Великое плавание.,"ШИШОВА, Зинаида Константиновна.",,,
22882,22883,10077,Великое посольство: Историческая повесть.,"НАГИБИН, Юрий Маркович, РЫ-КАЧЕВ, Яков Семенович.",,,
22884,22885,10078,Великое призвание: Повесть о русском актере М. С. Щепкине.,"БАТЬ, Лидия Григорьевна.",,,
22886,22887,10079,Великое противостояние: Повесть.,"КАССИЛЬ, Лев Абрамович.",,,
22888,22891,10080,Великое противостояние: Пьеса в 3-х актах.,"КАССИЛЬ, Лев Абрамович.",,,
22892,22893,10081,Великое решение.,"БРЕДЕЛЬ, Вилли.",,,
22894,22895,10082,Великое светило: Пьеса в 4-х д.,"ФИЛИППИ, Феликс.",,,
22896,22897,10083,Великое сердце: Поэмы.,"ХУЗАН-ГАЙ, Педер (ХУЗАНГАЙ, Петр Петрович).",,,
22898,22899,10084,Великое сердце: Пьеса.,"ЯКОВЛЕВ, Александр Иосифович.",,,
22900,22903,10085,Великое содружество: Стихи; Жизнь и любовь Николоза Бараташвили: (Главы из поэмы).,"КАРСКИЙ, Юрий Михайлович.",,,
22904,22905,10086,Великое состязание: Темы социалистического соревнования. Стихи.,"ЖАРОВ, Александр Алексеевич.",,,
22906,22907,10087,"Великое терпение: Кн. I. В чужом доме; кн. II. Тот, кто хотел увидеть море; кн. III. Сердца живых; кн. IV. Плоды зимы.","КЛАВЕЛЬ, Бернар.",,,
22908,22909,10088,Великое товарищество.,"ДОВЖЕНКО, Александр Петрович.",,,
22910,22911,10089,Великое устье.,"ДЕМЕНТЬЕВ, Валерий Васильевич.",,,
22912,22915,10090,Великое чудо; Язычник; У черты: Рассказы.,"ЛОНДОН, Джек.",,,
22916,22917,10091,Великой войне.,"КОНДРАТЬЕВ, Леонид Васильевич.",,,
22918,22919,10092,Великолепная: Комедия в 4-х д.,"ФАЛЬКОВСКИИ, Федор Николаевич.",,,
22920,22921,10093,Великолепная восьмерка: Пьеса.,"АРОНОВ, Гелий Ефимович.",,,
22922,22925,10094,Великолепная восьмерка: Пьеса в 2-х ч. для детского театра.,"ПРИНЦЕВ, Юзеф Янушевич.",,,
22926,22927,10095,Великолепная гостиница: Рассказ.,"ЛРУЖАНСКИЙ, Н. (ЛИНОВСКЙЙ, Николай Осипович).",,,
22928,22931,10096,Великолепная «Сьерра-наваха».,"СПАССКИЙ, Святослав Сергеевич.",,,
22932,22933,10097,Великолепная шутка: Стихи.,"АН-ДАИ, Мелих Джевдет.",,,
22934,22935,10098,Великолепнейшая из Кремоны: Пьеса в 3-х актах.,"ВАЙНЕР, Аркадий Александрович, ВАЙНЕР, Георгий Александрович",,,", ТУР, Валерий Петрович."
22936,22937,10099,Великолепный князь Тавриды: Историческая повесть.,"ДМИТРИЕВ, Дмитрий Савватеевич.",,,
22938,22939,10100,Великолукские записи: Рассказы.,БЕРШАДСКИЙ. ,,,Рудольф Юльевич.
22940,22941,10101,Великоманов: Комедия в 3-х д.,"КОСТОВ, Стефан Лазаров.",,,
22942,22943,10102,Великосветская благотворительность: Роман.,"РАМО, Жан.",,,
22944,22945,10103,Великосветская гетера: Роман.,"ДЕ СОССЕИ, Викторьен (ДЮ СОССЕЙ, Викториен).",,,
22946,22947,10104,Великосветские бандиты: Рассказы.,"ТОЛСТОЙ, Алексей Николаевич.",,,
22948,22949,10105,Великосветские воры: ^Роман в 2-х ч.,"ПОНСОН ДЮ ТЕРРАЙЛЬ, Пьер Алексис де.",,,
22950,22951,10106,Великосветские убийцы.,"ИВАНОВ, Владимир Евгеньевич.",,,
22952,22953,10107,Великосветский балет: Рассказ.,"ЛАППО-ДАНИЛЕВОКАЯ, Надежда Александровна.",,,
22954,22957,10108,Великосветский хлыщ.,"ПАНАЕВ, Иван Иванович. ",,Хлыщи...,
22958,22959,10109,Велисарий: Историческая повесть. Ч. 1—2.,"ЖАНЛИС, Стефани Фелисите.",,,
22960,22961,10110,Велисарий: Сборник. Ч. 1—2.,"МАРМОНТЕЛЬ, Жан Франсуа.",,,
22962,22963,10111,"Велисарий, римский полководец или Великий и несчастный человек: Героическая драма в 3-х д.","БУЛЛО, Матюрен Жозеф.",,,
22964,22965,10112,Велислав и Милка: (Драматический этюд из болгарской жизни). В 2-х д.,ДЕНЮ.,,,
22966,22967,10113,Величайшая война сюртуков и юбок: Секретно от женщин посвящается мужчинам всего света.,"ГРАФ ТАПТЫГИН (САВИН, Михаил Ксенофонтович).",,,
22968,22969,10114,Величайшее открытие: Фантастический сон в 1-м д.,"ПЛЕЩЕЕВ, Александр Алексеевич.",,,
22970,22971,10115,Величальная песня России.,"ПРОКОФЬЕВ, Александр Андреевич.",,,
22972,22973,10116,Величественному дубу.,"КОНДРАТОВИЧ, Александр Андреевич.",,,
22974,22975,10117,Величие простых дел: (Очерки).,"РОЖДЕСТВЕНСКИЙ, Игнатий Дмитриевич.",,,
22976,22977,10118,"Величиной с мое сердце: Стихи, песни, поэмы.","БИККОЛ, Шариф Сагада-туллович.",,,
22978,22981,10119,Веллира или Вороченное счастье: Драма в 3-х д.,"ЯКОВЛЕВ, Николай.",,,
22982,22983,10120,Велосипед: Шутка в 1-м д.,"ГУЛЛИВЕР (МИХАЙЛОВ, Константин Арсеньевич) .",,,
22984,22985,10121,Велосипеды: Рассказ.,"ЗАМЧА-ЛОВ, Григорий Емельянович.",,,
22986,22987,10122,Велотреки: Стихи.,"ФАЙНБЕРГ, Александр Аркадьевич.",,,
22988,22989,10123,Вельботы уходят в море: Стихи.,"ВАЛЬГИРГИН, Михаил Васильевич",,,","
22990,22993,10124,Вельзевул и пир скучающего человека: Рассказ.,Имя авт. не установлено.,,,
22994,22995,10125,Вельзен или Освобожденная Голландия: Трагедия в 5-ти д.,"ГЛИНКА, Федор Николаевич.",,,
22996,22997,10126,Вельможная панна: Исторический роман. Ч. 1—2.,"МОРДОВЦЕВ, Даниил Лукич.",,,
22998,22999,10127,Вельможный бродяга: Быль-роман.,"РИД, Чарльз.",,,
23000,23001,10128,Венгерская рапсодия: Рассказы.,"ИЛЛЕШ, Бела.",,,
23002,23003,10129,Венгерская рапсодия: Рассказы.,"МАТОВ, Владимир Николаевич.",,,
23004,23005,10130,Венгерские встречи: Путевые заметки.,"КАЗАКЕВИЧ, Эммануил Генрихович.",,,
23006,23007,10131,Венгерские рассказы.,"РОВИН-СКИЙ, Орест (МАЛЬЦЕВ, Орест Михайлович).",,,
23008,23009,10132,Венгерский дневник.,"ЛУКНИЦ-КИИ, Павел Николаевич.",,,
23010,23011,10133,Венгрия ликует: Стихи.,"ГИДАШ, Анатоль (ГИДАШ, Антал).",,,
23012,23013,10134,Вендетта: Водевиль в 3-х ч.,"ВИННИКОВ, Николай Георгиевич.",,,
23014,23015,10135,Вендетта или Кровавая месть: Роман.,"СУХАРО, Владимир Михайлович.",,,
23016,23017,10136,Венедиктов или Достопамятные события жизни моей: Повесть романтическая.,"БОТАНИК, X. (ЧАЯНОВ, Александр Васильевич).",,,
23018,23019,10137,Венера: Роман.,"МАНН, Генрих.",,,
23020,23023,10138,Венера в лесу: Шутка в 1-м д.,Имя авт. не установлено.,,,
23024,23025,10139,Венера в мехах.,"ЗАХЕР-МАЗОХ, Леопольд фон.",,,
23026,23027,10140,Венера в опале: Сатирические стихи.,"ФРИДМАН, Александр.",,,
23028,23031,10141,Венера-владычица:  Драма в 3-х д.,"ДРЕЙЕР, Макс.",,,
23032,23033,10142,Венера Милосская.,"ЭТТЛИНГЕР, Карл.",,,
23034,23035,10143,Венец: Стихи и поэмы.,"ЛЕВУШ-КИН, Анатолий Ильич.",,,
23036,23041,10144,Венецианская актриса: Драма в 3-х сутках и 4-х отд.,"ГЮГО, Виктор. ",Анджело: (Венецианская актриса); Анджело — тиран Падуанский.,,
23042,23043,10145,Венецианская красавица.,"ФОРМОЙ, Максим.",,,
23044,23047,10146,Венецианская невеста или Коварство и любовь: Роман из действительной современной итальянской жизни.,"ДЖИО-ЛИТТИ, Ф. И.",,,
23048,23053,10147,Венецианская ночь: Комедия в 1-м д.,Имя авт. не установлено.,,,
23054,23055,10148,Венецианские безумцы: Комедия.,"КУЗМИН, Михаил Алексеевич.",,,
23056,23057,10149,Венецианские рассказы.,"СВЕТЛОВ, Валериан.",,,
23058,23061,10150,Венецианский купец: Драма в 5-ти д.,"ШЕКСПИР, Вильям. ","Шейлок: (Венецианский купец); Шейлок, венецианский жид.",,
23062,23063,10151,Венецианский мавр или Страшное убийство на острове Кипре.,"ДЖИРАЛЬ-ДИ, Джованни Баттиста.",,,
23064,23065,10152,Венецианский пират: Трагедия в 5-ти д.,"ТАИРОВ, В. С.",,,
23066,23067,10153,Венецианское зеркало или Диковинные похождения стеклянного человека: Романтическая повесть и на этот раз никем не иллюстрированная.,"БОТАНИК, X. (ЧАЯНОВ, Александр Васильевич).",,,
23068,23069,10154,Венецианское кружево: Легенда.,"СИЗОВА, Александра Константиновна.",,,
23070,23073,10155,Венеция.,"БЕЖЕЦКИЙ, А. Н. (МАСЛОВ, Алексей Николаевич). ",,Медвежьи углы...,
23074,23075,10156,Вениамин Франклин: Рассказы.,"ХРЕБТОВ, Александр Николаевич.",,,
23076,23077,10157,Веники: Повесть.,"КОЖЕВНИКОВ, Алексей Венедиктович.",,,
23078,23079,10158,Венок: Повесть-быль.,"ГОНЧАРЕНКО, К.",,,
23080,23081,10159,Венок: Сборник стихотворений.,"ЗАМЯТИН, А. С.",,,
23082,23083,10160,Венок: Сказки.,"БАСОВ-ВЕРХО-ЯНЦЕВ, Сергей Александрович.",,,
23084,23085,10161,Венок: Стихи.,"ЛОСЬ, Евдокия Яковлевна",,,
23086,23087,10162,Венок: Стихи.,"СЫСОЕВА, Лидия.",,,
23088,23089,10163,Венок благословенному Александру.,"УРЫВАЕВ, Алексей Иванович.",,,
23090,23091,10164,Венок героям: Сборник стихотворений.,"ЮШКО, Владимир Корнилович.",,,
23092,23093,10165,Венок для девиц.,"ОЛЬКОТТ, Л. (ОЛКОТТ, Луиза Мэй).",,,
23094,23097,10166,Венок для милых.,Имя авт. не установлено.,,,
23098,23099,10167,Венок из полыни: Лирика.,"ДЕР-КАЧЕНКО, Константин Иванович.",,,
23100,23101,10168,Венок Майклу Удомо: Роман.,"АБРАХАМС, Питер.",,,
23102,23103,10169,Венок на волне: Повести.,"СТЕПАНОВ, Виктор Александрович.",,,
23104,23105,10170,Венок на могилу: Стихотворения.,"ЖУДРО, Владимир В. (Василий [ЖУД-РО, Владимир В.]).",,,
23106,23107,10171,Венок павшим: Сборник избранных лирических стихотворений.,"АЛЕКСЕЕВ, Никандр Алексеевич.",,,
23108,23109,10172,Венок Ходыи: Рассказ.,"НАЖИ-ВИН, Иван Федорович.",,,
23110,23113,10173,"Венок-Царю-Великомученику, бессмертному освободителю русских крестьян и славянских народов, христолюбивому Всероссийскому Государю Императору Александру II Благословенному, величайшему из монархов всего мира и незабвенному Другу человечества: Стихотворения простолюдина.","ШВЕЦОВ, Гордей Михайлович.",,,
23114,23115,10174,Венская почтовая марка: Комедия в 3-х д.,"ЛИЙВЕС, Арди Ээрович.",,,
23116,23117,10175,Венценосный раб: Исторический роман.,"МАУРИН, Евгений Иванович.",,,
23118,23119,10176,Венчальные ризы: Стихи.,"ГАЛКИН, Александр Ефимович.",,,
23120,23121,10177,Венчание.,"ЛОГВИНЕНКО, Виталий Андреевич.",,,
23122,23123,10178,Венчание затворницы: Историческая повесть-хроника.,"ЖДАНОВ, Лев.",,,
23124,23125,10179,Венчание на кресте: Рассказы.,НГУГИ ВА ТХИОНГО.,,,
23126,23127,10180,Венчание Хьюга.,"ГЛОБА, Андрей Павлович.",,,
23128,23129,10181,Веньямин Франклин: Рассказ.,"МУНТ-ВАЛУЕВА, А. П. (ВАЛУЕВА-МУНТ, Анна Петровна).",,,
23130,23131,10182,Веньямин Франклин: Рассказ.,"РОСТОВСКАЯ, Мария Федоровна.",,,
23132,23133,10183,Веня Мошкин ищет друга.,"ПОПОВА, Вероника Ивановна.",,,
23134,23137,10184,"Вепа, внук Мергена.","КАУШУ-ТОВ, Ата. Изд. ",,,также под загл.: Внук Мергена.
23138,23139,10185,Вепсские напевы: Этнографические новеллы.,"ПУЛЬКИН, Виктор Иванович.",,,
23140,23141,10186,Вера: Баллада в 5-ти песнях.,"ТАТИЩЕВ, Леонид Леонидович.",,,
23142,23143,10187,Вера: Новеллы.,"ФОГАЦЦАРО, Антонио.",,,
23144,23145,10188,Вера: [Повесть].,"ЗЛУНИКИН, Владимир Григорьевич.",,,
23146,23147,10189,Вера: Повесть.,"ЛУЧУТЕНКО, Лариса Николаевна.",,,
23148,23149,10190,Вера: Повесть.,"ЧЕРЕМИСИН, Борис Петрович.",,,
23150,23151,10191,Вера: Повесть автора романа «Гостиница Сен-Жан».,"ДЕМПСТЕР, Шарлотта Луиза Хокинс.",,,
23152,23153,10192,Вера: Пьеса в 3-х д.,"ТЕР-АВАНЕСОВА, Майя Даниловна.",,,
23154,23155,10193,Вера: Стихи.,"ГУЩИН, Илья Николаевич.",,,
23156,23157,10194,Вера: Стихи.,"ЛИПАТОВ, Владимир Викторович.",,,
23158,23159,10195,Вера Андреевна: Повесть.,"НИКУЛИН, Михаил Андреевич.",,,
23160,23161,10196,Вера в жизнь: Роман в 2-х ч.,"ЛАВРИЧЕНКО, Кондрат Гаврилович.",,,
23162,23163,10197,"Вера в победу: Стихи, 1941 — 1943 гг.","ДОЛМАТОВСКИЙ, Евгений Аронович.",,,
23164,23165,10198,Вера в свою звезду: Очерки и рассказы о войне.,"ГОЛОВАНИВСКИИ, Савва Евсеевич.",,,
23166,23167,10199,Вера в человека: [Рассказы].,"ЛОНДОН, Джек.",,,
23168,23169,10200,Вера в человека: Стихи.,"ЗАБА-ШТАНСКИЙ, Владимир Емельянович.",,,
23170,23171,10201,Вера Волошина.,"ФРОЛОВ, Георгий Николаевич.",,,
23172,23173,10202,Вера и надежда на бога не посрамляют...: (Рассказ прихожанина).,"УСПЕНСКИЙ, Владимир.",,,
23174,23175,10203,Вера и родина: Трагедия одного народа.,"ШЕНГЕРР, Карл.",,,
23176,23179,10204,Вера или Нигилисты. Драма в 4-х д. с прологом.,"УАЙЛЬД, Оскар.",,,
23180,23183,10205,Вера Исталина.,"ШКЛЯРЕВСКИЙ, Александр Андреевич. ",,Самоубийпы-принциписты...,
23184,23185,10206,Вера Лебедева.,"ПРОНСКАЯ, Ксения (БОЧКАРЕВА, Ксения Ивановна).",,,
23186,23187,10207,Вера Любимова: Драма в 5-ти д.,"ЩЕРБАЧЕВ, Сергей Григорьевич.",,,
23188,23189,10208,Вера маленького мальчика: Рассказ.,"ИГНАТЬЕВА, Мария.",,,
23190,23191,10209,Вера Мирцева: (Уголовное дело). Пьеса в 4-х актах.,"УРВАНЦОВ, Лев Николаевич.",,,
23192,23193,10210,"Вера, Надежда, Любовь: Повести, рассказ.ii и очерки о войне.","АВДЕЕНКО, Александр Остапович.",,,
23194,23195,10211,"Вера, Надежда, Любовь: Роман.",ЕРШОВ. ,,,Николай Михайлович.
23196,23197,10212,"Вера, Надежда, Любовь: [Стихи].","ОСТРОВОЙ, Сергей Григорьевич.",,,
23198,23199,10213,Вера не гаснет.,"ХЕРОДИНОВ, А.",,,
23200,23203,10214,Вера Немилова: (Выбор). Пьеса в 4-х д.,"КОЧЕРГА, Иван Антонович.",,,
23204,23207,10215,Вера Павловна; Одна из тысяч.,"МЮССАР, Анна.",,,
23208,23209,10216,Вера Ряднова: Драма в 4-х д.,"ГОРЧАКОВА, Александра Александровна.",,,
23210,23213,10217,Вера Терещенко: Повесть.,"ЗЛУНИКИН, Владимир Григорьевич. ",Вера.,,
23214,23215,10218,Вера Унвин: Роман.,"КРЕК, Жоржиана (КРЭЙК, Джорджиана).",,,
23216,23217,10219,Вера человеческая.,"СЛЕЗКИН, Юрий Львович.",,,
23218,23219,10220,Вера Чистякова: Повесть.,"ГУРО, Владимир Кириллович.",,,
23220,23221,10221,Верба в цвету: Стихи и поэмы.,"ТАНОВА, Екатерина Доктуг-ооловна.",,,
23222,23223,10222,Вербам пел ручей: Стихи.,"КРУ-ЧЕНЮК, Петр Аксентьевич.",,,
23224,23225,10223,Верблюжий глаз: Повести и рассказы.,"АЙТМАТОВ, Чингиз Торекулович.",,,
23226,23227,10224,Вербная ветка: (Святочный рассказ).,"КРАЕВ, Семен Михайлович.",,,
23228,23229,10225,Вербный мост: Стихи.,"ПЫСИН, Алексей Васильевич.",,,
23230,23231,10226,Вербовчане: Роман-хроника.,"ИЩУК, Арсен (ИЩУК, Арсений Алексеевич).",,,
23232,23233,10227,Вербохлест: Стихи.,"КУЛИКОВ, Борис Николаевич.",,,
23234,23235,10228,Вербоцвет.,"МАТКОВСКИИ, Виктор Григорьевич.",,,
23236,23237,10229,Вербочка: Повести и рассказы.,"ПРОТОПОПОВ, Н. П.",,,
23238,23239,10230,Вербы: Рассказ.,"МАКАРОВА, София Марковна.",,,
23240,23241,10231,Вербы и мостовая.,"ВАСИЛЕВСКАЯ, Ванда Львовна.",,,
23242,23243,10232,Вербы пробуждаются зимой: Роман.,"БОРАНЕНКОВ, Николай Егорович.",,,
23244,23245,10233,Вербы шумят: Роман.,"ПОЗДНЯКОВ, Иван Федорович.",,,
23246,23247,10234,Верди: (Картины из жизни).,"КА-РИНЦЕВ, Николай.",,,
23248,23249,10235,Верди: Роман оперы.,"ВЕРФЕЛЬ, Франц.",,,
23250,23253,10236,Веревочка.,"МОПАССАН, Гюи де. ",Бечевочка*.,,
23254,23255,10237,Верен родному берегу: Очерки.,"ДЮРОР, Владимир Яковлевич.",,,
23256,23257,10238,Вереница этюдов.,"ГАЛУНОВ, Александр.",,,
23258,23259,10239,Вереск: Вторая книга стихов.,"ИВАНОВ, Георгий Владимирович.",,,
23260,23261,10240,Вереск: Стихи.,"ДУБРОВИНА, Элида Михайловна.",,,
23262,23263,10241,Вереск: Стихи.,"КОЗЛОВСКИЙ, Яков Абрамович.",,,
23264,23265,10242,"Вересковый мед: Английские баллады, песни и лирические стихотворения.","МАРШАК, Самуил Яковлевич.",,,
23266,23267,10243,Вересковый мед: Рассказы.,"ЗА-РИЦКИИ, Алексей Александрович.",,,
23268,23269,10244,Веретено: Стихи.,"ГАЛЬПЕРИНА, Агата",,,
23270,23271,10245,Веретье: Стихи.,"КУДИМОВ, Владимир Иванович.",,,
23272,23273,10246,Веретя.,"МИНИН, Иван Алексеевич.",,,
23274,23275,10247,Вериги: Стихи.,"РАИТЛЕР, Юдифь Наумовна.",,,
23276,23277,10247а,"Верим, верны!: Документальная повесть.","СЕРЕБРОВСКАЯ, Елена Павловна.",,,
23278,23279,10248,Верить в человека: Рассказ.,"ЕГОРОВ, Владимир Александрович.",,,
23280,23281,10249,Верить и помнить.,"БАРУЗДИН, Сергей Алексеевич.",,,
23282,23283,10250,Верка.,"ШАГЖИН, Цырен Галзу-тович.",,,
23284,23285,10251,Верка и алые паруса: Музыкальная комедия в 3-х актах.,"ГРИГОРЬЕВ, Константин Константинович.",,,
23286,23287,10252,Верлиока: Русская народная сказка в стихах.,"ФЕДОРОВ-ДАВЫДОВ, Александр Александрович.",,,
23288,23291,10253,Верная Амалия или Мужчина не может так любить: Справедливая повесть.,"КОЦЕБУ, Август Фридрих. ",Верная Лиза или Никакой мужчина так не любит.,,
23292,23293,10254,Верная звезда: Стихи.,"АТНИЛОВ, Даниил Атнилович.",,,
23294,23295,10255,Верная кровь: Рассказы и очерки.,"ПЕРВОМАЙСКИЙ, Леонид Соломонович.",,,
23296,23297,10256,Верная Лиза или Никакой мужчина так не любит: Истинная повесть.,"КОЦЕБУ, Август Фридрих.",,,
23298,23299,10257,Верная примета.,"ЗОЩЕНКО, Михаил Михайлович.",,,
23300,23301,10258,Верная река: Роман.,"ЖЕРОМСКИЙ, Стефан.",,,
23302,23303,10259,Вернейские грачи: Роман.,"КАЛЬ-МА, Н.",,,
23304,23307,10260,Вернейшее лекарство от пьянства.,"ЕВСТИГНЕЕВ, Миша (ЕВСТИГНЕЕВ, Михаил Е.).",,,
23308,23311,10261,Вернейшее средство задолжать и не заплатить долгов: Забавный и юмористический рассказ.,Имя авт. не установлено.,,,
23312,23313,10262,Верненские рассказы.,"АНАНЬЕВ, Анатолий Андреевич.",,,
23314,23315,10263,Вернер или Сердце и свет: Драма в 5-ти д.,"ГУЦКОВ, Карл.",,,
23316,23317,10264,Вернись из полета: Повесть.,"КРАВЦОВА, Наталья Федоровна.",,,
23318,23319,10265,Вернись к своей весне: Роман.,"ЗОРИЧ, Анастасия Антоновна.",,,
23320,23321,10266,"Вернись, Ольга!: Пьеса в 2-х д.","ЛАПИН, Константин Кириллович.",,,
23322,23323,10267,"Вернись, Ружена!: Драма в 2-х ч.","СЫЧЕВСКИЙ, Василий Павлович.",,,
23324,23327,10268,Верните бабушку: Комедия в 2-х д.,"МХИТАРЯН, Вагаршак Христофорович.",,,
23328,23329,10269,Верните маму.,"КИСЕЛЕВА, Мария Степановна.",,,
23330,23331,10270,"Вернитесь, аисты!: Повесть.","ПА-УШКИН, Геннадий Александрович.",,,
23332,23333,10271,Верное сердце: Героическая драма в 3-х актах.,"РАЙМОНД, Екатерина Васильевна, ДАНИЛИН, Сергей Степанович.",,,
23334,23337,10272,Верное сердце: Комедия в 3-х д.,Имя авт. не установлено.,,,
23338,23339,10273,Верное сердце: Повесть.,"КОНОНОВ, Александр Терентьевич.",,,
23340,23341,10274,Верное сердце: [Повесть].,"МУРАТОВ, Николай Григорьевич.",,,
23342,23343,10275,Верное сердце Фрама: Повесть.,"ЧЕРНОВ, Юрий Михайлович.",,,
23344,23345,10276,Верное средство: Комедия-шутка в 1-м. д.,"ЛЕБЕДЕВ, Иван Иванович.",,,
23346,23347,10277,Верное средство: Рассказ.,"БЫСТ-РЕНИН, Владимир Порфирьевич.",,,
23348,23349,10278,Верное средство: Рассказ.,"СЕМЕНОВ, Сергей Терентьевич.",,,
23350,23353,10279,Верное средство:      Рассказы.,"ПОДЪЯЧЕВ, Семен Павлович.",,,
23354,23357,10280,Верное средство для молодых обоего пола нравиться друг другу или Похождения двух влюбленных особ.,Имя авт. не установлено.,,,
23358,23363,10281,Верное супружество: Драма в 2-х д. Истинное происшествие.,"УГ...ВА, На.",,,",..да. Предполагаемое имя автора: УГАРОВА, Надежда."
23364,23365,10282,Верноподданный: Роман в 2-х т.,"МАНН, Генрих.",,,
23366,23367,10283,Верность: [Документальная повесть].,"АГУРЕНКО, Борис Петрович.",,,
23368,23369,10284,Верность: Документальная повесть.,"ЛУШНИКОВ, Федор Афанасьевич, ВУКОЛОВ, Виктор Семенович.",,,
23370,23371,10285,Верность: Драма в 3-х д.,"ЗАРУД-НЫЙ, Микола (ЗАРУДНЫЙ, Николай Яковлевич).",,,
23372,23373,10286,Верность: Драма в 4-х актах с прологом.,"СМОЛЯК, Яков Владимирович.",,,
23374,23375,10287,Верность: (Жена декабриста). Пьеса в 3-х д.,"ГАЛЬ, Лев.",,,
23376,23377,10288,"Верность: (Испания, Париж). Стихи.","ЭРЕНБУРГ, Илья Григорьевич.",,,
23378,23379,10289,Верность: Лирика.,"БУРЛАКА, Софрон Васильевич.",,,
23380,23381,10290,Верность: Лирика.,"ЕГОРОВ, Константин Яковлевич.",,,
23382,23383,10291,Верность: Лирика.,"ЯКОВЕНКО, Виктор Петрович.",,,
23384,23387,10292,Верность: Очерк.,"ШАМШАРОВ, Юлдаш.                                 ",,,.
23388,23389,10293,Верность: Очерки.,"ГРЕК, Анна.",,,
23390,23391,10294,Верность: [Очерки и рассказы |.,"КОЖИН, Алексей Иванович.",,,
23392,23393,10295,Верность: Повести.,"ШАПИЕВА, Умурагил Магомедовна.",,,
23394,23395,10296,Верность: Повести и рассказы.,"ЩЕГЛОВ, Александр Сергеевич.",,,
23396,23397,10297,Верность: Повесть.,"БРУСИЛОВСКИЙ, Рафаил Моисеевич.",,,
23398,23399,10298,Верность: Повесть.,"ВИНЕЦКИИ, Ян Борисович.",,,
23400,23401,10299,Верность: Повесть.,"НИЯЗИ, Фатех.",,,
23402,23403,10300,Верность: [Повесть].,"ТКАЧЕНКО, Вера Макаровна.",,,
23404,23405,10301,Верность: Повесть в 2-х д. для театра.,"КОЖЕВНИКОВ, Вадим Михайлович, РОГАЧЕВСКИЙ, Михаил Лазаревич.",,,
23406,23407,10302,Верность: Повесть о летчике.,"ЗАХАРИЕВ, Захарий.",,,
23408,23409,10303,Верность: Пьеса в 3-х д.,"ПАНОВА, Вера Федоровна.",,,
23410,23411,10304,Верность: Пьеса в 4-х д.,"НИКУЛИН, Лев.",,,
23412,23413,10305,Верность: (Рассказ).,"ВЯТКИН, Георгий Андреевич.",,,
23414,23415,10306,Верность: [Рассказы].,"ВАЛЕЕВ, Рустам Шавлиевич.",,,
23416,23417,10307,Верность: Рассказы.,"МУСАТОВ, Алексей Иванович.",,,
23418,23419,10308,Верность: [Рассказы].,СЕЛЕЗНЕВ. ,,,Петр Иванович.
23420,23421,10309,Верность: Рассказы.,"ХАТУОВ, Сайдин Ибрагимович.",,,
23422,23423,10310,Верность: Рассказы и очерки.,"ФЕИГИН, Эммануил Абрамович.",,,
23424,23425,10311,Верность: (Рассказы о героях).,"ПОНОМАРЕВ, Алексей Владимирович.",,,
23426,23427,10312,Верность: Роман.,"АКОПЯН, Васкануш Арменаковна.",,,
23428,23429,10313,Верность: Роман.,"ГЛАСПЕЛЛ, Сюзан",,,
23430,23431,10314,Верность: Роман.,"КОЗЛОВСКИЙ, Владимир Николаевич.",,,
23432,23433,10315,Верность: Роман.,"ЛИСАШВИЛИ, Иакинте",,,
23434,23435,10316,Верность: Роман.,"ЛОКОТКОВ, Константин Петрович.",,,
23436,23437,10317,Верность: Роман.,"МЯЛО, Иван Ильич.",,,
23438,23439,10318,Верность: Роман.,"РОМАНОВСКИЙ, Адриан Адамович.",,,
23440,23441,10319,Верность: Роман.,"ЦЮПА, Иван Антонович",,,","
23442,23443,10320,Верность: Роман-дилогия.,"КАМ-БУЛОВ, Николай Иванович",,,","
23444,23445,10321,Верность: [Романы].,"ПОПОВА, Нина Аркадьевна.",,,
23446,23447,10322,Верность: [Стихи].,"БАКАЛДИН, Виталий Борисович",,,","
23448,23449,10323,Верность: Стихи.,"БОРИСОВ, Михаил Федорович.",,,
23450,23451,10323а,Верность: Стихи.,"БУКАНОВ, Николай Иванович.",,,
23452,23453,10324,Верность: Стихи.,"БУЛАРКИЕВА, Мариям.",,,
23454,23455,10325,Верность: Стихи.,"БРАУН, Николай Леопольдович.",,,
23456,23457,10326,Верность: [Стихи].,"ДВОРЕЦКИЙ, Дмитрий Павлович.",,,
23458,23459,10327,Верность: Стихи.,"ДЖОНУА, Алексей Нестерович.",,,
23460,23461,10328,Верность: Стихи.,"ЕЛЬКИН, Александр Александрович.",,,
23462,23463,10329,Верность: [Стихи].,"ЖИЛКИНА, Елена Викторовна.",,,
23464,23465,10330,Верность: Стихи.,ЗУЛЬФИЯ.,,,
23466,23467,10331,Верность: Стихи.,"ИВАНОВ, Александр Александрович.",,,
23468,23469,10332,Верность: [Стихи].,"КАПУТИКЯН, Сильва Барунаковна.",,,
23470,23471,10333,Верность: Стихи.,"КАЦНЕЛЬСОН, Абрам Исаакович.",,,
23472,23473,10334,Верность: Стихи.,"КУНЯЕВ, Борис Ильич.",,,
23474,23475,10335,Верность: Стихи.,"ЛЕДНЕВ, Анатолий Федорович.",,,
23476,23477,10336,Верность: Стихи.,"ЛИСНЯНСКАЯ, Инна Львовна.",,,
23478,23479,10337,Верность: Стихи.,"ЛОЗОВОЙ, Борис Алексеевич.",,,
23480,23481,10338,Верность: [Стихи].,"ЛОПУХОВА, Лигия.",,,.
23482,23483,10339,Верность: Стихи.,"МАДАРАС, Эмиль.",,,
23484,23485,10340,Верность: [Стихи].,"МОЛОДЦОВ, Геннадий Порфирьевич.",,,
23486,23487,10341,Верность: Стихи.,"НЕФЕДОВ, Петр Петрович",,,",;"
23488,23489,10342,Верность: Стихи.,"ОРЛОВ, Сергей Сергеевич.",,,
23490,23491,10343,Верность: [Стихи].,"ПОГОСЯН, Рипсиме Мисаковна.",,,
23492,23493,10344,Верность: [Стихи].,"ПУЛАТ, Хасан.",,,
23494,23495,10345,Верность: Стихи.,"РОМАНОВ, Александр Николаевич.",,,
23496,23497,10346,Верность: [Стихи].,"СМИРНОВ, Иван Алексеевич.",,,
23498,23499,10347,Верность: [Стихи].,"СОКОЛОВ, Виктор Павлович.",,,
23500,23501,10348,Верность: Стихи.,"СУВОРОВ, Михаил Иванович.",,,
23502,23503,10349,Верность: Стихи.,"СЯН-БЕЛЬГИН, Хасыр Бикинович (СЯН-БЕЛГИН, Хасыр Бикинович).",,,
23504,23505,10350,Верность: Стихи..,"ТАТЬЯНИЧЕ-ВА, Людмила Константиновна.",,,
23506,23507,10351,Верность: Стихи.,"ТАЯНОВСКИИ, Игорь Александрович.",,,
23508,23509,10352,Верность: Стихи.,"ХАИКИНА, Дора Гиршевна.",,,
23510,23511,10353,Верность: Стихи.,"ХАРЬЮЗОВ, Владимир Александрович.",,,
23512,23513,10354,Верность: Стихи.,"ЧЕРНУХИН, Игорь Андреевич.",,,
23514,23515,10355,Верность: [Стихи. Переводы].,"СЕВАК, Паруйр.",,,
23516,23517,10356,Верность: Стихи. Поэма.,"ЗАЛИ-ХАНОВ, Жанакаит Жунусович.",,,
23518,23519,10357,Верность: Стихи. Поэма.,"КАНЫ-ГИН, Владимир Андреевич",,,","
23520,23521,10358,Верность: Стихи и поэмы.,"БЕРГГОЛЬЦ, Ольга Федоровна.",,,
23522,23523,10359,Верность: Стихотворения.,"СНЕГИН, Дмитрий Федорович.",,,
23524,23525,10360,"Верность: Стихотворения, поэмы.","ВОЗНЯК, Александр Александрович.",,,
23526,23527,10361,Верность: Трагедия.,"БЕРГГОЛЬЦ, Ольга Федоровна.",,,
23528,23529,10362,Верность весне: Стихи.,"ЩЕЛОКОВ, Юрий Михайлович.",,,
23530,23531,10363,Верность друзьям.,"СПИРОВ, Михаил Павлович.",,,
23532,23533,10364,Верность за верность: (Профессор из Сталинграда). Повесть.,"АМЕТИСТОВ, Михаил Евгеньевич.",,,
23534,23535,10365,Верность земле: Стихи.,"ЛЮШ-НИН, Григорий Иванович.",,,
23536,23539,10366,Верность и дружба.,"ТКАЧЕНКО, Вера Макаровна. ",Верность.,,
23540,23541,10367,Верность мечте: Стихи.,"ВОЛОДАРСКИЙ, Николай Абрамович.",,,
23542,23543,10368,Верность отцам.,"КОТОВ, Владимир Петрович.",,,
23544,23545,10369,Верность отчему дому: Стихи и басни.,"НОЗДРЕВ, Василий Федорович.",,,
23546,23549,10370,Верность поневоле: Комедия в 3-х д.,"БИЛЬО, Поль",,,", (БИЛО, Поль), ЭВВЕКЕН, Морис,"
23550,23551,10371,Верность преодолевает все препятствия: Рассказ.,"ГОФМАН, Франц.",,,
23552,23553,10372,Верность Родине: Стихи.,"ЧАСОВ-НИКОВ, Александр Михайлович.",,,
23554,23555,10373,Верность таланту.,"ГАМЗАТОВ, Расул Гамзатович.",,,
23556,23559,10374—10375,"Верность царю или Смерть атамана: Историческая повесть из времен Петра Великого, В 2-х ч.",Имя авт. не установлено.,,,
23560,23561,10376,Вернулась!; В слободке; Дети отказали.,"ШАПИР, Ольга Андреевна.",,,
23562,23563,10377,Вернулся: Повесть.,"ПОЛЕВОЙ, Борис.",,,
23564,23565,10378,Вернулся: Рассказ.,"ЯЗЫКОВ, Н. Л.",,,
23566,23567,10379,Вернулся: Рассказы.,"ГОЛУБЕВ, Федор Михайлович.",,,.
23568,23569,10380,Вернулся: Рассказы.,"РЕВУНОВ, Виктор Сергеевич.",,,
23570,23571,10381,Вернулся я на родину: Повесть.,"СКОРОХОДОВ, Михаил Аркадьевич, ИВАНОВ, Константин Иванович.",,,
23572,23573,10382,Вернусь живым: Повесть.,"ОВЧАРОВ А, Наталья Глебовна.",,,
23574,23575,10383,Вернусь звездопадом...: Рассказы.,"ДУБРО, Екатерина Владимировна.",,,
23576,23577,10384,Вернусь я не скоро.,"БУКИН, Николай Иванович.",,,
23578,23579,10385,Верные друзья: Рассказы.,"ВАСИЛЕНКО, Иван Дмитриевич.",,,
23580,23581,10386,Верные друзья: Рассказы.,"МАМИН, Михаил Васильевич.",,,
23582,23583,10387,Верные друзья: [Рассказы].,"ЭК, Екатерина.",,,
23584,23585,10388,Верные друзья: Рассказы о домашних животных.,"РАКОВСКАЯ, Нина Евгеньевна",,,
23586,23587,10389,Верные друзья: Роман.,"СЛОНИМСКИЙ, Михаил Леонидович.",,,
23588,23589,10390,Верные картинки поповской паутинки.,"АРХАНГЕЛЬСКИЙ, Александр Григорьевич.",,,
23590,23591,10391,Верные пушкари: Исторический рассказ.,"ЛЕБЕДЕВ, Владимир Петрович.",,,
23592,23593,10392,Верные сердца.,"СТАРОДУБЦЕВ, Петр Анисимович.",,,
23594,23595,10393,Верные слова: Стихи.,"ПАЧЕВ, Бекмурза Машевич.",,,
23596,23597,10394,Верный друг: [Рассказы].,"КАРЯКИН, Петр Петрович.",,,
23598,23599,10395,Верный друг: Рассказы.,"ПОНОМАРЕВ, Семен Федорович.",,,
23600,23601,10396,Верный друг: [Стихи].,"ХОВИВ, Ефим Григорьевич.",,,
23602,23603,10397,Верный друг и другие рассказы.,"ТЕЛЕШОВ, Николай Дмитриевич.",,,
23604,23605,10398,Верный курс: Морские рассказы.,"БАКОВИКОВ, Александр Васильевич.",,,
23606,23607,10399,Верный курс: Стихи.,"КРАСОВСКИЙ, Афанасий Степанович.",,,
23608,23611,10400,Верный путь: [Рассказ].,"ЦЕНЗОР, Дмитрий Михайлович. ",,Христова невеста...,
23612,23613,10401,Верный путь: Роман. Кн. 1.,"ДОРДЖИЕВ, Басанг Бюрюнович.",,,
23614,23617,10402,Верный работник: Рассказ из сербской народной жизни.,Имя авт. не установлено.,,,
23618,23619,10403,Верный рецепт: Сатира и юмор.,"МАРТЬЯНОВ, Игорь Вячеславович.",,,
23620,23621,10404,Верный способ: Сатирические стихи.,"КОНСТАНТИНОВ, Владимир Константинович, РАЦЕР, Борис Михайлович.",,,
23622,23623,10405,Верный сын: Документальная повесть.,"ЭВЕНТОВ, Аркадий Маркович.",,,
23624,23625,10406,Верный Топлан.,"САХИБ, Фатали.",,,
23626,23627,10407,Верный Трезор; Соседи; Коняга; Праздный разговор: [Из «Сказок»].,"САЛТЫКОВ-ЩЕДРИН, Михаил Евграфович.",,,
23628,23629,10408,"Верный часовой в лагере, при крепости Динабурге расположенном.","ЛЕБЕДЕВ, Виктор.",,,
23630,23631,10409,Верный шаг.,"СОЛОВЬЕВ, Георгий Иванович.",,,
23632,23633,10410,Верным путем: Повесть из современной жизни. В 2-х ч.,"КРАСНИЦКИЙ, Александр Иванович.",,,
23634,23635,10411,"Вероломство друга: Повесть об Ольге, Людмиле и Миловзоре, основанная на истинном происшествии.","МАЛИНОВСКИЙ, Феофилакт Лукич.",,,
23636,23637,10412,Вероника: Поэма.,"ВАЛЬСЮНЕНЕ, Валерия Юлюсовна.",,,
23638,23639,10413,Верочка: Драматическая картинка в 1-м д.,"РЫБАКОВ, Петр Гаврилович.",,,
23640,23641,10414,Верочка: Комедия в 3-х актах.,"ФИНН, Константин.",,,
23642,23643,10415,Верочка: Комедия-водевиль в 1-м д.,"ЯЦЕВИЧ, М. П.",,,
23644,23645,10416,Верочка: Повесть.,"ЛУЧИНА, Ян-ка.",,,
23646,23647,10417,Верочка: Рассказ.,"КРИНИЦКИИ, Марк.",,,
23648,23649,10418,Верочка; Спящая красавица; Тенденциозная прогулка: Повести и рассказы.,"ЯСИНСКИЙ, Иероним Иеронимович.",,,
23650,23651,10419,Верочка дома: Рассказ.,"НЕМИРОВИЧ-ДАНЧЕНКО, Василий Иванович.",,,
23652,23653,10420,Верочка Николаевна: Пьеса в 2-х ч. по мотивам повести Б. Полевого «Доктор Вера».,"ПОЛЕВОЙ, Борис, РАДЗИНСКИЙ, Станислав Адольфович.",,,
23654,23655,10421,Верочка Смурова: Житейские мелочи в 3-х д.,"БЕРТИН, М.",,,
23656,23659,10422,Верочкин медальон: Рассказ.,Имя авт. не установлено.,,,
23660,23661,10423,Верочкин секрет: Оригинальный водевиль в 1-м д.,"ЛИСЕНКО-КОНЫЧ, Иван Кононович.",,,
23662,23663,10424,Вероятное в фантазии: Рассказы.,"ДИНГЕЛЫПТЕДТ, Николай Федорович.",,,
23664,23665,10425,Веррекс.,"ГОР, Чарльс (ГОР, Катрин).",,,
23666,23667,10426,Версальский пленник: (Парижская коммуна). Драматический эпизод в 1-м д.,"ЛЯЛИКОВ, Сергей К.",,,
23668,23669,10427,Версальцы ворвались: Пьеса в 1-м д. с прологом и эпилогом.,"ЮЖНЫЙ, Лев.",,,
23670,23671,10428,Версты: Стихи.,"ЦВЕТАЕВА, Марина Ивановна.",,,
23672,23673,10429,Версты: Стихи и поэмы.,"КАШПУ-РОВ, Иван Васильевич.",,,
23674,23675,10430,Версты любви; Межа: Романы.,"АНАНЬЕВ, Анатолий",,,; Андреевич.
23676,23677,10431,Вертел.,"МАМИН-СИБИРЯК, Дмитрий Наркисович.",,,
23678,23681,10432,"Вертеп: (Святая ночь). Правда скорбной жизни в 5-ти карт, с вступлением.","РАЗУМОВСКИЙ, С. Изд. ",,,также под загл.: Святая ночь.
23682,23683,10433,Вертеп юродивых: Комедия в 2-х карт.,"КАРЕЕВ, Федор Дмитриевич.",,,
23684,23685,10434,Вертикаль: Стихи.,"ИВАНОВ, Геннадий А.",,,
23686,23687,10435,Вертится: Роман.,"ПИРАНДЕЛЛО, Луиджи.",,,
23688,23689,10436,Вертится пила.,"СУЗДАЛЫДЕВ, Василий.",,,
23690,23691,10437,Вертоградари над лозами: Стихи.,"БОБРОВ, Сергей Павлович.",,,
23692,23693,10438,Вертолет берет одного: Повесть.,"СТАРИКОВ, Виктор Александрович.",,,
23694,23695,10439,Вертолет и горный дух.,"ГУЛИА, Георгий Дмитриевич.",,,
23696,23697,10440,Вертопрах: Комедия в 3-х д.,"КОЦЕБУ, Август Фридрих.",,,
23698,23699,10441,Вертунок: Рассказ.,"ВОИНОВ, Владимир Васильевич.",,,
23700,23701,10442,Вертушка: Рассказы.,"ГОЛДЕН, Николай Франкович.",,,
23702,23703,10443,Веру в сердце храню: Стихи и поэмы.,"АББЫЛКАСЫМОВА, Майрамкан.",,,
23704,23705,10444,Веруся и другие рассказы.,"МИ-ЛИЧ, В. (ШИМАНОВСКИЙ, Владислав Юлианович).",,,
23706,23707,10445,Верую!: Драма в 2-х д.,"ТОБОЛ-КИН, Зот Корнилович.",,,
23708,23709,10446,Верую: Роман.,"ВЕЛИЧКО, Василий Арсеньевич.",,,
23710,23711,10447,Верующие бабы: (Из романа «Братья Карамазовы»).,"ДОСТОЕВСКИЙ, Федор Михайлович.",,,
23712,23713,10448,Верхневолжье: Рассказы. Очерки. Стихи. Повести. Зарисовки. Были. Дневники.,"ПОМОЗОВ, Юрий Фомич.",,,
23714,23715,10449,Верхневолжье: [Стихи].,"СОЛОВЬЕВ, Владимир Николаевич.",,,
23716,23717,10450,Верхний город: Роман.,"ЗЕЕБЕРГ, Дирк.",,,
23718,23719,10451,Верхний мостик.,"ЕГУНОВ, Александр.",,,
23720,23721,10452,Верхняя струна домбры: Стихи.,"МУРЗАЛИЕВ, Кадыр Гинаятович.",,,
23722,23723,10453,Верховинская поэма.,"ДРЕВНИЦ-КИЙ, Владимир Юзефович.",,,
23724,23725,10454,Верховинские напевы.,"СОЧКА, Василий Андреевич.",,,
23726,23727,10455,Верховинцы: Роман.,"МЕЙГЕШ, Юрий",,,) Васильевич.
23728,23729,10456,Верховный правитель: Трагишутка в 1-м д.,"ЦЕЙТЛИН, В.",,,
23730,23731,10457,"Верхогляды, приезжие за газетами или Махнули рукой, да и поехали домой: Переяславская повесть.","ОРЛОВ, Александр Анфилович.",,,
23732,23733,10458,Верхом на белом коне. Повесть. Рассказы.,"ГОРБУНОВ, Валерий Аркадьевич.",,,
23734,23735,10459,Верхом на Солнце.,"КАРПОВ, Пимен Иванович.                         ",,,.
23736,23737,10460,Верхом на тигре.,"ФИНК, Виктор Григорьевич.",,,
23738,23739,10461,Вершина: Поэма.,"КИРСАНОВ, Семен Исаакович.",,,
23740,23741,10462,Вершина без адреса: Повесть о горах и людях.,"СИМОНОВ, Евгений Дмитриевич.",,,
23742,23743,10463,Вершина братства: Поэтическая кантата.,"ФИРСОВ, Владимир Иванович, СЕРЕБРЯКОВ, Геннадий Викторович.",,,
23744,23745,10464,Вершина лета.,"ДРИЗ, Овсей Овсе-евич.",,,
23746,23749,10465,Вершина радости: Пьеса в 1-м акте.,"ДАДИАНИ, Шалва Николаевич, ЕВЛА-ХОВ, Сергей Сергеевич. ",Вершина сильных.,,
23750,23751,10466,Вершина сильных: Пьеса в 1-м акте.,"ДАДИАНИ, Шалва Николаевич, ЕВ-ЛАХОВ, Сергей Сергеевич.",,,
23752,23753,10467,Вершина чувств.,"ЗАЛИХАНОВ, Жанакаит Жунусович.",,,
23754,23755,10468,Вершина Ян-Майена.,"БЛИНОВ, Борис Николаевич.",,,
23756,23757,10469,Вершинная быль: Повесть.,"ЧУЙКОВ, Семен Афанасьевич.",,,
23758,23759,10470,Вершинное облако: Стихи.,"ХАЗРИ, Наби.",,,
23760,23761,10471,Вершинные огни: Стихотворения.,"ПОДОВОДСКИИ, Константин Дмитриевич.",,,
23762,23763,10472,Вершины: Драматическая поэма.,"МАЙСКИЙ, И. М.",,,
23764,23765,10473,Вершины: Поэмы.,"НЕФЕДОВ, Петр Петрович.",,,
23766,23767,10474,Вершины: Стихи.,"ГУСЕИНЗАДЕ, Гусейн Джамал оглы.",,,
23768,23769,10475,Вершины: Стихи.,"КАЙТУКОВ, Георгий Харитонович.",,,
23770,23771,10476,Вершины жизни: Роман. Т. I трилогии «Прометей».,"СЕРЕБРЯКОВА, Галина Иосифовна.",,,
23772,23773,10477,Вершины не спят: Кн. 1—2.,"КЕ-ШОКОВ, Алим Пшемахович.",,,
23774,23775,10478,Вершины перед нами.,"УШАКОВ, Николай Николаевич.",,,
23776,23777,10479,Вершины счастья: Пьеса в 3-х д.,"ДОС ПАССОС, Джон Родериго.",,,
23778,23779,10480,Верь в свои крылья: Повесть.,"ПЕТРОВ, Владимир Николаевич.",,,
23780,23781,10481,"Верь, верь себе...: Стихи.","КУ-ГУЛЬТИНОВ, Давид Никитич.",,,
23782,23783,10482,Верь маякам: Документальная повесть.,"ПОПКОВ, Юрий Алексеевич, СМИРНОВ, Виктор Васильевич.",,,
23784,23785,10483,"Верьте, Вас любят!.","КРЮЧКИН, Матвей Абрамович.",,,
23786,23787,10484,Верю: Роман.,"КОНОПЛИН, Николай Тихонович.",,,
23788,23789,10485,Верю: Стихи. Поэма.,"ИБРАГИМОВА, Марьям Ибрагимовна.",,,
23790,23791,10486,Верю в доброту: Стихи.,"ЗОЛО-ТИН, Алексей Петрович.",,,
23792,23793,10487,Верю в Жар-птицу.,МАРЫСАЕВ. ,,,Евгений Клеоникович.
23794,23795,10488,Верю в жизнь: Стихи.,"ХРАМЦОВ, Владимир Федорович.",,,
23796,23797,10489,Верю в любовь: Стихи.,"БАРБАС, Людмила Григорьевна.",,,
23798,23799,10490,Верю в тебя: Документальная повесть.,"САМОЙЛОВ, Л., СКОРБИН, Борис Петрович.",,,
23800,23801,10491,Верю в тебя: Комедия в 2-х ч.,"КОРОСТЫЛЕВ, Вадим Николаевич.",,,
23802,23803,10492,Верю в тебя: Повесть.,"ДОШ, Антон Антонович.",,,
23804,23805,10493,"Верю в тебя, человек: Стихи.","ГУЗЬ, Ростислав Павлович.",,,
23806,23807,10494,Верю в человека.,"РОМАНЕНКО, Лариса Николаевна.",,,
23808,23809,10495,Верю в чудо: Стихи.,"ЛЯДОВ, Андрей Иванович.",,,
23810,23811,10496,"Верю, люблю, пою!","ДОРИЗО, Николай Константинович.",,,
23812,23813,10497,"Верю, люблю, тревожусь: Стихи.","ЗЕМЛЯНСКИЙ, Анатолий Федорович.",,,
23814,23815,10498,"Верю, люблю, утверждаю: Стихотворения и поэмы.","ЛОБАНОВ, Леонид Григорьевич.",,,
23816,23817,10499,Верю тебе: Стихи.,"КОНСТАНТИНОВА, Варвара.",,,
23818,23819,10500,"Верю тебе, вдохновение!: Документальная повесть.","ТОМАЕВА, Ада Борисовна.",,,
23820,23821,10501,Верю тебе. Фарид!: Роман.,"ЗОРИЧ, Анастасия Антоновна.",,,
23822,23823,10502,"Верю тебе, человек!: Стихи.","МИРОНОВ, Вадим Николаевич.",,,
23824,23825,10503,"Веря, ревнуя, любя: Стихи.","ЧИСТЯКОВ, Антонин Федорович.",,,
23826,23827,10504,Веселая азбука от А до Я: Пародии.,"КЕЖУН, Бронислав Адольфович.",,,
23828,23829,10505,Веселая Антарктида: Рассказы.,"НЕВЕРОВ, Игорь Михайлович.",,,
23830,23833,10506,"Веселая буффонада о том, как жить не надо.",Имя авт. не установлено.,,,
23834,23837,10507,Веселая вечеринка.,"ТЭФФИ, Н. А. ",,Выслужился...,
23838,23839,10508,Веселая восьмерка: Сборник миниатюр.,"АРДЕНИН, Иероним.",,,
23840,23841,10509,Веселая гора: Пьеса в 5-ти карт.,"ЗАВЬЯЛОВ, Михаил Сергеевич.",,,
23842,23843,10510,Веселая гора: Рассказы.,"РЫБАС, Тарас Михайлович.",,,
23844,23845,10511,Веселая дорога: Повесть.,"ПАНШИН, Глеб Иванович.",,,
23846,23849,10512,"Веселая дорога или Фальшивая тревога: (Случай, каких немного).",Имя авт. не установлено.,,,
23850,23851,10513,Веселая дюжина: Повесть.,"МАШКОВ, Владимир Георгиевич.",,,
23852,23853,10514,Веселая елка: Рассказ для детей.,"ПОЛЬ, А. С.",,,
23854,23855,10515,Веселая жизнь: Драма в 5-ти д.,"ЗОЛЯ, Эмиль.",,,
23856,23857,10516,Веселая жизнь: [Рассказы].,"ЗОЩЕНКО, Михаил Михайлович.",,,
23858,23859,10517,"Веселая жизнь: Сборник рассказов из жизни золотой молодежи, кокоток, апашей и пр.","ЛЕМАН, Лев.",,,
23860,23863,10518,Веселая исповедь Кожуркина.,"БОНДАРЕНКО, Михаил. ",Исповедь Кожуркина.,,
23864,23865,10519,Веселая история: Комедия в 4-х д.,"ФАЛЬКОВСКИИ, Федор Николаевич.",,,
23866,23867,10520,Веселая книга: Литературные пародии.,"КЕЖУН, Бронислав Адольфович.",,,
23868,23869,10521,Веселая книга: [Стихи].,"ЗАКАНИ, Обейд.",,,
23870,23871,10522,Веселая книга: Юмористические стихи.,"НУРИ, Заки.",,,
23872,23873,10523,Веселая книжка про любовные делишки конокрада Гришки.,ХЕРСОНСКИЙ.,,,
23874,23875,10524,Веселая ночь: Рассказы.,"АКУСБА, Шамиль.",,,
23876,23877,10525,Веселая печаль: (Юмористические рассказы).,"ДЫМОВ, Осип.",,,
23878,23879,10526,Веселая поляна.,"ОСИПОВ, Алексей Иванович.",,,
23880,23881,10527,Веселая прополка.,"ИВАНОВИЧ, Владимир Иеронимович.",,,
23882,23883,10528,Веселая путаница.,"ПРУТКОВ, Иван Кузьмич.",,,
23884,23885,10529,Веселая работа: Рассказы.,"ЛЕБЕДЕВ, Юрий Михайлович.",,,
23886,23887,10530,"Веселая речка или Тимошины поиски: Рассказ для каждого молодого или старого, кто пожелает его прочесть.","ДУГ-ЛАС-ВИГГИНН, Кэт (УИГГИН, Кэт Дуглас).",,,
23888,23889,10531,Веселая свадьба.,"ХОВАНСКАЯ, Анна (ШЕФЕР, Анна Семеновна).",,,
23890,23891,10532,Веселая тоска: Заметки о случайных встречах.,"МИЗИН, Николай Иванович.",,,
23892,23893,10533,Веселая улица: Роман.,"КОЖЕВНИКОВ, Николай Павлович.",,,
23894,23895,10534,Веселая Шрапнель: Сатирические и юмористические миниатюры.,"ПОДМАЙ-СТРОВИЧ, Василий Ильич.",,,
23896,23897,10535,"Веселей, моя гармошка, подпевай, батрацкий хор!: Сборник песен, частушек и сценок о труддоговоре к союзной защите; Суд над сельрабочкомом: Шутка в 1-м д.","ДОЛЕВ, Дмитрий (ДЯДЯ ТРИШКА).",,,
23898,23899,10536,Веселенькая профессия.,"ГАРД, Эрнест.",,,
23900,23901,10537,Веселенькая пьеса: В 1-м д.,Имя авт. не установлено.,,,
23902,23903,10538,Веселенькие пейзажики: Оригинальная комедия в 4-х д.,"НЕСТЕРОВ, Сергей Маркович.",,,
23904,23907,10539,"Веселенькие штучки. ШРЕЕР, А. 10539а. Веселие Руси есть пити: Деревенская комедия в 1-м д. ФЕДОРОВИЧ (САБУРОВ, Симон Федорович). 105396. Весело: Юмористический листок с карикатурами.","ЕВСТИГНЕЕВ, Михаил",,,", Е."
23908,23909,10540,Веселое богомолье.,"ЛЕМОНЬЕ, Камилл.",,,
23910,23911,10541,Веселое горе — любовь: Повести и рассказы.,"ГРОССМАН, Марк Соломонович.",,,
23912,23913,10542,Веселое и не очень.,"ЗВАНЦЕВ, Сергей.",,,
23914,23915,10543,Веселое лето.,"ГЕЙЕРСТАМ, Густав ",,,аф.
23916,23917,10544,Веселое отрочество: Ефим Калюжный из Смидовичей.,"ГЕХТ, Семен ",,,Г ригорьевич.
23918,23919,10545,Веселое приключение.,"ЗОЩЕНКО, Михаил Михайлович.",,,
23920,23921,10546,Веселое рождество: (Из гимнази ческих воспоминаний).,"ЗАРИН, Андрей Ефимович.",,,
23922,23923,10547,Веселое сватовство: Комедия в 1-м д.,"МОКРЕЕВ, Юрий Алексеевич.",,,
23924,23925,10548,"Веселое сновидение: В 3-х д, с прологом.","МИХАЛКОВ, Сергей Владимирович.",,,
23926,23927,10549,Веселое солнце: Первая книга стихов.,"ФИЛИПЧУК, Александр Владимирович.",,,
23928,23929,10550,Веселые будни: Из воспоминаний гимназистки.,"МАХЦЕВИЧ, Вера Сергеевна (НОВИЦКАЯ, Вера Сергеевна).",,,
23930,23931,10551,Веселые виндзорские кумушки: Комедия.,"ШЕКСПИР, Вильям.",,,
23932,23933,10552,Веселые волки.,"МЕЛЕШИН, Станислав.",,,
23934,23935,10553,Веселые гномики: Юмористические рассказы.,"БОЛОТНЫЙ, Антон.",,,
23936,23937,10554,Веселые гримасы: Сборник одноактных веселых пьес.,"ТАМАРИНА, Тамара Владимировна.",,,
23938,23939,10555,"Веселые дни: Сцены из народного быта в 2-х д, с пением и плясками.","ЛУКАШЕВИЧ, Клавдия.",,,
23940,23943,10556,Веселые дни купца Мародера-Жи-воглотова в московских трущобах.,Имя авт. не установлено.,,,
23944,23945,10557,Веселые друзья.,"БАРАТАШВИЛИ, Вахтанг Виссарионович.",,,
23946,23947,10558,Веселые зайцы.,МИХАЛКОВ. ,,,Сергей Владимирович.
23948,23949,10559,Веселые звуки и другие небольшие рассказы.,"ФАЛЬКОВСКИЙ, Федор Николаевич.",,,
23950,23951,10560,Веселые и грустные истории из жизни Карамана Кантеладзе.,"ГЕЦАДЗЕ, Акакий Исмаилович.",,,
23952,23953,10561,Веселые именины: Фельетоны и рассказы.,СЕМЕНОВ. ,,,Мануил Григорьевич.
23954,23955,10562,Веселые инсценировки.,"ВОЛЖИН, А.",,,
23956,23957,10563,Веселые истории.,"ВИД, Густав Иоханнес.",,,
23958,23959,10564,Веселые каникулы: Научно-беллетристический очерк.,"КАЧЕВСКАЯ, Мария Густавовна.",,,
23960,23961,10565,Веселые каникулы: [Рассказ].,"КАРЕВ, Юрий Сергеевич.",,,
23962,23963,10566,Веселые картинки.,"ДЖЕРОМ, Джером Клапка. ",,,.
23964,23965,10567,Веселые кепки: Комедия в 3-х д.,ЧИКАРЬКОВ. ,,,Александр Васильевич.
23966,23969,10568,Веселые кони.,"ТИХОНОВ, Николай Семенович",,,", Изд. также под загл.: Веселые лошади."
23970,23971,10569,Веселые кулисы.,"ДЖЕРОМ, Джером Клапка.",,,
23972,23973,10570,Веселые лошади.,"ТИХОНОВ, Николай Семенович.",,,
23974,23975,10571,Веселые мелодии: 1895 г.,"ШЕ-БУЕВ, Николай Георгиевич.",,,
23976,23977,10572,"Веселые миниатюры: (Буффонады, шаржи и пародии).","СНО, Евгений Эдуардович.",,,
23978,23979,10573,Веселые морские рассказы.,"КОСТЕНКО, Александр Кириллович.",,,
23980,23981,10574,Веселые охотники.,"ВЕТОВ, Владимир Сергеевич.",,,
23982,23983,10575,Веселые парижские ночи.,"КОН-СТАН, Жак.",,,
23984,23985,10576,Веселые повести.,"АЛЕКСИН, Анатолий Георгиевич.",,,
23986,23987,10577,Веселые повести.,"ШУБИН, Алексей Иванович.",,,
23988,23989,10578,Веселые похороны: Роман.,"КРУГЛОВ, Александр Васильевич.",,,
23990,23991,10579,Веселые пошехонцы.,"ГРИГОРОВИЧ, Александр Прокофьевич.",,,
23992,23993,10580,Веселые праздники.,"КУЧЕРОВ, Анатолий Яковлевич.",,,
23994,23995,10581,Веселые приключения.,"ДОЛЬСКИЙ, Евграф.",,,
23996,24001,10582,Веселые приключения Аристида Пюжоля.,"ЛОКК, Уильям Джон. ",Жизнь легкомысленного провансальца; Забавные приключения Аристида Пюжоля; Похождения Аристида Пюжоля; Приключения Аристида Пюжоля.,,
24002,24003,10583,Веселые приключения новобрачных.,"ЗОЛЯ, Эмиль.",,,
24004,24005,10584,Веселые приключения норвежской девочки.,"ЦВИЛЬГМЕИЕР, Д.",,,
24006,24007,10585,Веселые проекты: (Тридцать счастливых идей).,"ЗОЩЕНКО, Михаил Михайлович.",,,
24008,24009,10586,Веселые пьесы: Сборник одноактных пьес для любительских спектаклей.,"КОРЕЦКИЙ, Николай Владимирович.",,,
24010,24011,10587,Веселые рассказы.,"БОГДАНОВ, Николай Владимирович.",,,
24012,24013,10588,Веселые рассказы.,"ЗАБАЛКАН-СКИЙ, Захар (ШМЕЛЕВ).",,,
24014,24015,10589,Веселые рассказы.,"КАССИЛЬ, Лев Абрамович.",,,
24016,24017,10590,Веселые рассказы.,"ЛЕЙКИН, Николай Александрович.",,,
24018,24019,10591,Веселые рассказы.,"ЛЕМЕШЕК, Иосиф Феликсович.",,,
24020,24021,10592,Веселые рассказы.,М. Е. В.,,,
24022,24023,10593,Веселые рассказы.,"МЯСНИЦКИЙ, Иван.",,,
24024,24025,10594,Веселые рассказы.,"ЧЕХОВ, Антон Павлович.",,,
24026,24027,10595,Весёлые рассказы.,"ШМАНКЕВИЧ, Андрей Павлович.",,,
24028,24029,10596,Веселые рассказы: (Макс и Мориц и друг).,"БУШ, Вильгельм.",,,
24030,24031,10597,"Веселые рассказы: Шутки, утки, прибаутки, анекдоты.","СЕР ЖАКО (ЯЗЫКОВА, Вера Владимировна), ГОСПОЖА ПЧЕЛКА (ФРЕЙДЕНБЕРГ, Михаил Филиппович).",,,
24032,24033,10598,Веселые рассказы и романтические истории.,"МАКУШИНСКИЙ, Корнелий.",,,
24034,24035,10599,"Веселые рассказы о председателе, о зарплате, о собаке, о воре.","ПЕТРОВ-СОКОЛОВСКИЙ, Петр Леонтьевич.",,,
24036,24037,10600,Веселые рассказы про шутки и проказы.,"БУШ, Вильгельм.",,,
24038,24039,10601,"Веселые ребята: Рассказы, очерки, сценки и мелочи. Вып. 1—2.","ЗУБ, Тихон (ПАЗУХИН, Алексей Михайлович).",,,
24040,24041,10602,Веселые сказки.,"АНДЕРСЕН, Ганс-Христиан.",,,
24042,24043,10603,Веселые слонята.,"БАЙДЕРИН, Виктор Александрович.",,,
24044,24047,10604,Веселые соседки: Фарс в 3-х д.,Имя авт. не установлено.,,,
24048,24049,10605,Веселые стихи.,"ЗАКОНОВ, Иван Павлович.",,,
24050,24051,10606,Веселые странички.,"КАЧИОНИ, Сергей Спиридонович.",,,
24052,24053,10607,Веселые строчки.,"МИНАЕВ, Владимир Федорович.",,,
24054,24055,10608,Веселые текстильщики: Комедия-шутка в 5-ти карт.,"ЧУРКИН, Владимир Михайлович.",,,
24056,24057,10609,Веселые устрицы: Юмористические рассказы.,"АВЕРЧЕНКО, Аркадий Тимофеевич.",,,
24058,24059,10610,Веселый арбуз.,"БЕЛОЗЕРОВ, Тимофей Максимович.",,,
24060,24061,10611,Веселый барабанщик: Книга стихов.,"ОКУДЖАВА, Булат Шалвович.",,,
24062,24063,10612,Веселый бог войны: Стихи.,"ШМИДТ, Борис.",,,
24064,24065,10613,Веселый Буффальмако.,"ФРАНС, Аннтоль",,,
24066,24067,10614,Веселый вдовец.,"ГАГЛОВЦЕВ, Вл.",,,
24068,24069,10615,Веселый ветер: Спортивные новеллы.,"ШНЕЙДЕР, Леонид Михайлович.",,,
24070,24071,10616,Веселый вечер: Юмористические рассказы.,"ЕГОРОВ, Борис Андрианович.",,,
24072,24075,10617,Веселый вечер из жизни великого государя или Четверо часовых у одной будки: Драматическая шутка в 1-м д.,Имя авт. не установлено.,,,
24076,24077,10618,Веселый гость: Комедия в 4-х д.,"МУХТАРОВ, Гусейн Мухтарович.",,,
24078,24079,10619,Веселый грешник: Ходжа Насред-дин. Комедия в 4-х д.,"СОЛОВЬЕВ, Леонид Васильевич, ВИТКОВИЧ, Виктор Станиславович.",,,
24080,24083,10620,Веселый двор:        Фельетоны.,"ИОНОВ, Алексей Васильевич.",,,
24084,24085,10621,Веселый дед: Рассказ.,"КОРОВИН, Василий Дмитриевич.",,,
24086,24087,10622,Веселый день княжны Елизаветы: Комедия в 5-ти д.,"АУСЛЕНДЕР, Сергей Абрамович.",,,
24088,24089,10623,Веселый доктор с Живодерки: Фарс в 3-х д.,"А. Б. и А. С. (БУРАКОВСКИЙ, Александр Захарович, СОКОЛОВ, Александр Алексеевич).",,,
24090,24091,10624,Веселый дол: Стихи.,"НЕПОМНЯЩИХ, Василий Иннокентьевич.",,,
24092,24093,10625,Веселый дом или Приключения парижанина: Роман в 4-х ч.,"КОК, Поль де.",,,
24094,24097,10626,Веселый контроль: (Последний клин). Комедия в 3-х актах.,"ЖАТКИН, Петр Лазаревич, ИЛЬИНСКИЙ, Федор Владимирович. ",Последний клин.,,
24098,24099,10627,Веселый купец.,"ЖИТКОВ, Борис Степанович.",,,
24100,24101,10628,Веселый маскарад: Приключение в 2-х д.,"КОГАН, Семен Абрамович, ОРЛОВ, Владимир Натанович.",,,
24102,24103,10629,Веселый месяц май: Весенние сцены в 3-х д.,"ИВАНОВ, Лев Львович.",,,
24104,24105,10630,Веселый месяц май: Семь тетрадей. Повесть.,"ХАЛ ИЛ ЕДКИЙ, Георгий Георгиевич.",,,
24106,24107,10631,Веселый мудрец: Несколько поучительных и занимательных историй из жизни знаменитого Ходжи Насреддина. По мотивам народных сказок и анекдотов.,"ПРИВАЛОВ, Борис Авксентьевич.",,,
24108,24109,10632,Веселый мудрец: Повести.,"ЛЕВИН, Борис Наумович.",,,
24110,24111,10633,Веселый пассажир: Рассказы и юморески.,"ПОЛЯНКЕР, Григорий Исаакович.",,,
24112,24113,10634,Веселый пекарь: Стихи и сказки.,"ДРИЗ, Овсей Овсеевич.",,,
24114,24115,10635,Веселый пессимист: Стихи. Сатира. Юмор.,"СТАРШИНОВ, Николай Константинович.",,,
24116,24117,10636,"Веселый попутчик: Письма с дороги, заметки на лету, картинки из путевых воспоминаний и дорожные песни.","ИВАНОВ-КЛАССИК, А. (ИВАНОВ, Алексей Федорович).",,,
24118,24121,10637,Веселый попутчик:    Рассказы.,"ГРИН, Александр.",,,
24122,24123,10638,Веселый попутчик: [Рассказы].,"ЛЕНЧ, Леонид.",,,
24124,24125,10639,Веселый попутчик дачного мужа: Юмор и карикатура.,"ДОСУЖИЙ (ГЕР-СОН, Игнатии Николаевич).",,,
24126,24127,10640,"Веселы л порошок: Маленькая галиматья, могущая развеселить и самого меланхолика.","ВАСИЛЬЕВ, Мартын.",,,
24128,24129,10641,Веселый поток: Московские фельетоны.,"СЕМЕНОВ, Мануил Григорьевич.",,,
24130,24131,10642,Веселый пьедестал: Эпиграммы. Дружеские шаржи.,"ИЛЬИН, Евгений.",,,
24132,24133,10643,Веселый раек.,"МИН, X. А. (ШУХ-МИН, Христофор Алексеевич).",,,
24134,24135,10644,Веселый раек дедушки Пахома.,ДЕДУШКА ПАХОМ.,,,
24136,24137,10645,Веселый разговор; Земля: [Рассказы].,"ШМЕЛЕВ, Иван Сергеевич.",,,
24138,24139,10646,Веселый разговор: Комедия в 1-м д.,"НАЗАРОВ, Игнат Иванович.",,,
24140,24141,10647,Веселый разговор: Рассказы и фельетоны.,"ЛЕВИТИН, Михаил Ефремович.",,,
24142,24143,10648,Веселый разговор: Шутка в 1-м д.,"КВАСНИЦКИИ, Виталий Иванович.",,,
24144,24145,10649,Веселый роман.,"КИСЕЛЕВ, Владимир Леонтьевич.",,,
24146,24147,10650,Веселый самоубийца: Комедия в 2-х ч.,"ЧЕПУРИН, Юлий Петрович.",,,
24148,24149,10651,Веселый сапожник или Дьявольское наваждение: Рассказ.,ДОРОХОВ.,,,
24150,24151,10652,Веселый слалом: Рассказы.,"КРАВЧЕНКО, Всеволод Игнатьевич.",,,
24152,24153,10653,Веселый сосед: Басни.,"БОРОДУШКИН, Григорий Степанович.",,,
24154,24155,10654,Веселый спутник: Юмористический альманах.,"ОСТОЯ, К. Д. (Д-Ч) (ОСТОЯ-ЛИТКЕВИЧ, К. Д.).",,,
24156,24159,10655,Веселый старик: (Юмористические рассказы).,"АВЕРЧЕНКО, Аркадий Тимофеевич. ",,Специалисты...,
24160,24161,10656,Веселый стишок учебе впрок.,"НЕЛЬДИХЕН, Сергей Евгеньевич.",,,
24162,24163,10657,Веселый театр.,"ЩЕГЛОВ, Иван.",,,
24164,24167,10658,Веселый товарищ.,"ЛИВЕН, Магда Густавовна. ",,Асторре тринчи...,
24168,24169,10659,Веселый труп: Фарс в 3-х д.,"МИШО, Андре.",,,
24170,24171,10660,Веселый улей.,"ГОЛЫШКИН, Василий Семенович.",,,
24172,24173,10661,Веселый Федя: Рассказы.,"ПЕТРОВ, Сергей Константинович.",,,
24174,24175,10662,"Веселый характер: (Стихотворения разных лет). Лирика, короткие басни, эпиграммы, песни, литературные пародии.","СМИРНОВ, Сергей Васильевич.",,,
24176,24177,10663—10665,Веселый час: Пять юмористических рассказов.,"ЛОМАЧЕВСКИИ, Дмитрий Платонович.",,,
24178,24179,10666,"Веселье и горе людское: (Очерки, рассказы, сцены и стихотворения).","НИКОЛАЕВ, М. (ЛЕБЕДЕВ, М.).",,,
24180,24181,10667,"Весельчак: Афоризмы, сценки, думы, и «верхи», и юмора пенки, и стихи, стихи.","ХОРРОНЕ, Симоне (КИСНЕМ-СКИИ, Семен Петрович).",,,
24182,24183,10668,Весельчак: Воспоминания.,"ГОРЬКИЙ, Максим.",,,
24184,24185,10669,Весельчак: Сборник веселых одноактных пьес.,"ЯНВАРСКИЙ, А. Б.",,,
24186,24187,10670,"Весельчак: Собрание новых юмористических сцен, рассказов.",ГУЛЕВИЧ. ,,,Александр А.
24188,24189,10671,"Весельчак: Юмористические стихотворения, мысли, шутки и прочее.","БАРОН-ИКС (ГЕРЦО-ВИНОГРАДСКИИ, Семен Титович)",,,","
24190,24193,10672,Весельчак: [Юмористический рассказ].,"ДЖЕКОБС, Вильям Вимарк. ",,Старый моряк...,
24194,24195,10673,Весельчак с площади: Забавные сцены.,"ЕВСТИГНЕЕВ, Миша (ЕВСТИГНЕЕВ, Михаил Е.).",,,
24196,24201,10674,Весельчаки:   [Рассказ].,"БУШ, Вильгельм. ",,"Юлия, дочь Кнопа...",
24202,24203,10675,Весельчаки: Рассказы.,"НИКАНД-РОВ, Николай.",,,
24204,24205,10676,Веселящаяся единица.,"ИЛЬФ, Илья, ПЕТРОВ, Евгений.",,,
24206,24207,10677,Весеннее: Скверная история в 1-м д.,"РАППАПОРТ, Виктор Романович.",,,
24208,24209,10678,Весеннее безумие: Драма в 4-х д.,"ДЫМОВ, Осип.",,,
24210,24211,10679,Весеннее беспокойство: Стихи.,"СААКОВА, Валентина Григорьевна.",,,
24212,24213,10680,Весеннее настроение: Стихи.,"ЕРМИЛОВ, Евгений Михайлович.",,,
24214,24217,10681,Весеннее   настроение:   Стихи.,"КИЛЬЧИЧАКОВ, Михаил Еремеевич.",,,
24218,24219,10682,Весеннее половодье: Роман.,"ЗЕД-ГИНИДЗЕ, Элизбар Константинович.",,,
24220,24221,10683,Весеннее порошье.,"РЕМИЗОВ, Алексей Михайлович.",,,
24222,24223,10684,Весеннее равноденствие: Лирика.,"КАЦ, Зельман Менделевич.",,,
24224,24227,10685,Весеннее равноденствие:  Стихи.,"УСАЧЕВ, Петр Алексеевич.",,,
24228,24231,10686,Весеннее  разноцветье:   Стихи.,"ЯШИН, Даниил Александрович.",,,
24232,24235,10687,Весеннее  сердцебиение:  Стихи.,"РЕУТ, Константин Феликсович.",,,
24236,24239,10688,Весеннее солнце:      Рассказы.,"КРАТТ, Иван Федорович.",,,
24240,24241,10689,Весеннее солнышко; Бенефис педагога; Труженица: Водевили.,"ИВАНЬ-ШИН, Николай Евгеньевич.",,,
24242,24243,10690,Весеннее утро.,"МИХАИЛОВ, Борис Николаевич.",,,
24244,24245,10691,Весеннее чудо: Симбирский сказ.,"АРДАТОВ, Н. (ДЕРЖАВИН, Николай Александрович).",,,
24246,24247,10692,Весенней ночью.,"РАЗИН, Гумер (БАШИРОВ, Гумер Баширович).",,,
24248,24249,10693,Весенней порой: Рассказы.,"ВОРОНОВ, Николай Павлович.",,,
24250,24251,10694,Весенней тропой: Стихи.,"КИЛА-СОНИЯ, Нази Георгиевна.",,,
24252,24253,10695,Весенние ветры: Роман.,"НАД-ЖМИ, Кави.",,,
24254,24255,10696,Весенние ветры: Стихи и поэма.,"НАЖИМЕДЕНОВ, Жумекен.",,,
24256,24257,10697,Весенние ветры приносят дожди.,"АИДИНОВ, Георгий",,,) Иванович.
24258,24259,10698,Весенние воды: Лирика.,"ТЮТЧЕВ, Федор Иванович.",,,
24260,24261,10699,Весенние воды: [Стихи].,"ЭМИН, Геворг.",,,
24262,24263,10700,Весенние голоса: [Рассказы].,ЛЕСНИК.,,,
24264,24265,10701,Весенние голоса: Рассказы.,"ЛЕСНОЙ, Михаил.",,,
24266,24267,10702,Весенние голоса: [Стихи].,"ДОРОНИН, Иван Иванович.",,,
24268,24269,10703,Весенние голоса: Стихи.,"КАРИМ, Мустай.",,,
24270,24271,10704,Весенние гости: Стихи.,"МЕЖЕ-ЛАИТИС, Эдуардас Беньяминович.",,,
24272,24273,10705,Весенние гости: Стихи.,"РАШИДОВ, Рашид Меджидович.",,,
24274,24275,10706,Весенние гости: Стихотворения.,"БЕЛОУСОВ, Иван Алексеевич.",,,
24276,24277,10707,Весенние грезы: Стихотворения.,"ЛЕБЕДЕВ, В. И.",,,
24278,24279,10708,Весенние грозы: Роман в 3-х ч.,"МАМИН-СИБИРЯК, Дмитрий Наркисович.",,,
24280,24281,10709,Весенние дни: Картины в 3-х д.,"ЗАНИН, Н. Я.",,,
24282,24283,10710,Весенние дни: Повесть.,"ПРОКОФЬЕВ, Дмитрий Георгиевич.",,,
24284,24285,10711,Весенние дни; Подруги: [Повести]; Рассказы разных лет; Были; Комната над рестораном: Пьеса в 3-х д.,"ДАЛЕКИЙ, Николай.",,,
24286,24287,10712,Весенние дороги: Стихи.,"РУДЕНКО, Владимир Иванович.",,,
24288,24289,10713,Весенние журавли: Стихи.,"МА-СЕНКО, Терень Германович.",,,
24290,24291,10714,Весенние заморозки: Рассказы.,"БЛАУМАН, Рудольф (БЛАУМАНИС, Рудольф Матисович).",,,
24292,24293,10715,Весенние заморозки: Роман.,"БО-ОТУР, Болот.",,,
24294,24295,10716,Весенние зарницы: Пьеса из вузовской жизни в 5-ти карт.,"КРАШЕНИННИКОВ, Николай Александрович.",,,
24296,24297,10717,Весенние звоны: (Стихи).,"КЕД-РОВСКИЙ, Иван.",,,
24298,24299,10718,Весенние зори: Охотничьи рассказы.,"ПЕРЕГУДОВ, Александр Владимирович.",,,
24300,24301,10719,Весенние зори: Стихи.,"КУТОВ, Николай Николаевич.",,,
24302,24303,10720,Весенние зори: Стихи и поэмы.,"КЫЧАКОВ, Иван Спиридонович.",,,
24304,24305,10721,Весенние ласточки: Роман.,"ЛАФ-ФИТ, Жан.",,,
24306,24307,10722,Весенние ласточки: Стихотворения.,"УБРУСОВА, Ксения.",,,
24308,24309,10723,Весенние ливни: Роман.,"КАРПОВ, Владимир Борисович.",,,
24310,24311,10724,Весенние ливни: Стихи.,"БУГОРКОВ, Степан Степанович.",,,
24312,24313,10725,Весенние мелодии: (Фантазии).,"ГОРЬКИЙ, Максим.",,,
24314,24315,10726,Весенние мечты: Стихотворения.,"КАРЕЛИН, Илья.",,,
24316,24317,10727,Весенние мотивы: Рассказы.,"ДЕМЕНТЬЕВ, Петр Иванович.",,,
24318,24319,10728,Весенние напевы.,ЭЛЛЯИ.,,,
24320,24321,10729,Весенние ночи: Рассказы.,ЮИ ДА-ФУ.,,,
24322,24323,10730,Весенние обещания: Рассказ.,"АНДРЕЕВ, Леонид Николаевич.",,,
24324,24325,10731,Весенние перевертыши: Повесть.,"ТЕНДРЯКОВ, Владимир Федорович.",,,
24326,24329,10732,Весенние перевертыши:   Пьеса.,"ДАНИЛИНА, Людмила Даниловна.",,,
24330,24331,10733,Весенние перегоны: Стихи.,"ЛЯ-ШЕНКО, Вячеслав Гаврилович.",,,
24332,24333,10734,Весенние песни: [Стихи].,МИР-МУХСИН.,,,
24334,24335,10735,Весенние песни: [Стихи и поэмы].,"ГЮЛЬГЮН, Медина.",,,
24336,24337,10736,Весенние побеги: Трагедия детской души.,"ВЕДЕКИНД, Франк.",,,
24338,24339,10737,Весенние порядки: Пьеса в 1-м д.,"КАПЛИНСКАЯ, Елена Сергеевна.",,,
24340,24341,10738,Весенние почки: Стихи и поэма.,"КАРИМОВ, Марат Набиевич.",,,
24342,24343,10739,Весенние проталинки.,"ШЕРШЕ-НЕВИЧ, Вадим Габриэлевич.",,,
24344,24345,10740,Весенние рассказы.,"ЗОЗУЛЯ, Ефим Давидович.",,,
24346,24347,10741,Весенние родники: Очерки.,"ГОЛОВИН, Геннадий Никифорович.",,,
24348,24349,10742,Весенние ручьи: Бытовая комедия в 4-х д.,"ЦИНОВСКИИ, Леонид Яковлевич.",,,
24350,24351,10743,Весенние ручьи: Роман.,"ОВЧИННИКОВ, Михаил Иванович.",,,
24352,24353,10744,Весенние сказки: (Маленькие рассказы).,"БАРАНЦЕВИЧ, Казимир Станиславович.",,,
24354,24355,10745,Весенние скрипки: Комедия в 3-х д.,"ШТЕЙН, Александр Петрович.",,,
24356,24357,10746,Весенние струны: Стихотворения и поэмы.,"УМЕТАЛИЕВ, Темиркул Уметалие-вич.",,,
24358,24359,10747,Весенние телеграммы: Стихи.,"МАРИАН, Борис Тихонович.",,,
24360,24361,10748,Весенние тропы: Стихи.,"ЩИПА-ХИНА, Людмила Васильевна.",,,
24362,24363,10749,Весенние хлопоты.,"ШИМ, Эдуард.",,,
24364,24365,10750,Весенние цветы: Стихи и поэма.,"ЭРАЛИЕВ, Суюнбай.",,,
24366,24367,10751,Весенний ветер: [Рассказы].,"ФЕДОРОВ, Александр Митрофанович.",,,
24368,24369,10752,Весенний ветер: Рассказы.,"ФЕДОРОВ, Виктор Иванович.",,,
24370,24371,10753,Весенний ветер: Стихи.,"ШИВАЗА, Ясыр Джумазович.",,,
24372,24373,10754,Весенний ветер: Стихи и поэма.,"АЛИЕВА, Фазу Гамзатовна.",,,
24374,24375,10755,Весенний ветер над древним городом: Роман.,ЛИ ИН-жу.,,,
24376,24377,10756,Весенний вечер.,"БУНИН, Иван Алексеевич.",,,
24378,24379,10757,Весенний вечер или Собрание сочинений.,ИВ-НИСО.,,,
24380,24381,10758,Весенний говор: Стихи.,"ВАЙНЕР-МАН, Ханан Абрамович.",,,
24382,24383,10759,Весенний горизонт: Стихотворения.,"РЫВЛИН, Аркадий Исаакович.",,,
24384,24385,10760,Весенний горн: Стихи.,"ЖАДАЕВ, Алексей.",,,
24386,24387,10761,Весенний гость: Стихи.,"ПРИМЕРОВ, Борис Терентьевич.",,,
24388,24391,10762,Весенний гром: Народная драма в 3-х д.,"ЗОРИН, Дмитрий Иванович.",,,
24392,24393,10763,Весенний гром: Роман.,"ШУТОВ, Иван Никитич.",,,
24394,24395,10764,Весенний гром: Стихи.,"ЕРИКЕЕВ, Ахмед Фазылович.",,,
24396,24397,10765,Весенний гром: Стихи.,"КАНОВИЧ, Григорий.",,,
24398,24399,10766,Весенний день: Рассказы.,"ЛЯШ-КО, Николай.",,,
24400,24401,10767,Весенний день: [Стихи].,"ЖАРОВ, Александр Алексеевич.",,,
24402,24403,10768,Весенний день: [Стихи].,"КАЛАШНИКОВ, Николай Карпович.",,,
24404,24405,10769,Весенний день тридцатого апреля: Драматическая хроника в 2-х ч.,"ЗАК, Авраам Григорьевич, КУЗНЕЦОВ, Исай Константинович.",,,
24406,24407,10770,Весенний дождь: [Повесть].,"ГУ-БАЙ, Тариф.",,,
24408,24409,10771,Весенний дождь: [Сборник стихов].,"ЛУЖАНИН, Афанасий.",,,
24410,24411,10772,Весенний дождь: Стихи.,"ВОЛЫ-НИН, Григорий Иванович.",,,
24412,24413,10773,Весенний дождь: Стихи.,"РЫБОЧ-КИН, Анатолий Иванович.",,,
24414,24415,10774,Весенний ледоход: Рассказы.,"БУ-ДАРОВ, Георгий Иванович.",,,
24416,24417,10775,Весенний огонь: Стихи.,"КАПУ СТО, Николай Владимирович.",,,
24418,24419,10776,Весенний остров: Рассказы.,"АСТАФЬЕВ, Виктор Петрович.",,,
24420,24421,10777,Весенний поворот: Пьеса в 3-х д.,"ДАЛЬНИЙ, Степан, БРЯНСКИЙ, П.",,,
24422,24423,10778,Весенний подарок деткам — «Веночек»: № 1—2.,"БЕЛОНОГ, Венедикт Акимович.",,,
24424,24425,10779,Весенний полдень: Стихи.,"БАИРА-МУКОВА, Халимат Башчиевна.",,,
24426,24427,10780,Весенний поток: (Вешние воды). Драма в 4-х актах.,"ЧЕПУРИН, Юлий Петрович.",,,
24428,24429,10781,Весенний поток: Драматический этюд в 4-х д.; Княжна Зоренька: (Зеркало). Драматическая фантазия в 3-х д.,"КО-СОРОТОВ, Александр Иванович.",,,
24430,24431,10782,Весенний поток: Рассказы.,"ЛИПАТОВ, Александр Александрович.",,,
24432,24433,10783,Весенний поток: Стихи.,"АКОБИЯ, Шота Софронович.",,,
24434,24435,10784,"Весенний путь: Стихи, баллады, поэмы.","ЧАЛЫЙ, Богдан Иосифович.",,,
24436,24439,10785,Весенний сад:     (Бахаристан).,"ДЖАМИ, Абдуррахман.",,,
24440,24441,10786,Весенний сад: Стихи и поэмы.,"КАРИМ, Ханиф.",,,
24442,24443,10787,Весенний свет: Стихи.,"ДРЕМОВ, Иван Афанасьевич.",,,
24444,24445,10788,Весенний сев: Рассказы.,"О'ФЛАХЕРТИ, Лиэм (О'Флаэрти, Лайам).",,,
24446,24447,10789,Весенний смотр: Комедия в 3-х актах.,"ШКВАРКИН, Василий Васильевич.",,,
24448,24449,10790,Весенний смотр. Стихи.,"УВАРОВ, Александр Георгиевич.",,,
24450,24451,10791,Весенний снег: [Стихи].,"АНИСИМОВ, Валентин Романович.",,,
24452,24453,10792,Весенний снег: [Стихи].,"ТАРБА, Иван Константинович.",,,
24454,24455,10793,Весенний снег: Стихи.,"ЩЕРБАК, Юрий Никифорович.",,,
24456,24457,10794,Весенний сплав: Стихи.,"МАКАРОВ, Александр Антонович.",,,
24458,24459,10795,"Весенний фронт: Сценки, райки, частушки. Карнавал к весенней посевной кампании.","РЕЗАПКИН, Алексей Алексеевич.",,,
24460,24461,10796,Весенний хмель: Повести и рассказы.,"СУРОЖСКИЙ, Павел.",,,
24462,24463,10797,Весенний шторм.,"МАУРОВ, Александр Николаевич.",,,
24464,24465,10798,Весенний шум; Патока: [Рассказы].,"ШМЕЛЕВ, Иван Сергеевич.",,,
24466,24467,10798а,Весенний шум: Роман.,"СЕРЕБ-РОВСКАЯ, Елена Павловна.",,,
24468,24469,10799,Весенний шум: Стихотворения.,"И-СТ-М, Л. И.",,,
24470,24471,10800,Весенним вечером: Сценка.,"ИРОШ-НИКОВ, Алексей Михайлович.",,,
24472,24473,10801,Весенним утром: Повести и рассказы.,"НИКИТИН, Сергей Константинович.",,,
24474,24475,10802,Весенняя буря: Стихи.,"КОВАЧ, Вильмош Эмильевич.",,,
24476,24477,10803,Весенняя быль: Повесть в 2-х ч.,"ЧЕРНОМОР, Яков (ГАНЗБУРГ, Яков Давидович)",,,","
24478,24479,10804,Весенняя ветка: Стихотворения.,САВУРСКИЙ,,,", Н,"
24480,24481,10805,Весенняя галактика: Лирическое путешествие.,"ГРАШИ, Ашот.",,,
24482,24483,10806,Весенняя жажда: Лирика.,"ХРИ-ЛЕВ, Леонид (ХРИЛЕВ, Леонард Сазон-тович).",,,
24484,24485,10807,Весенняя завязь: Стихи.,"ГОНЧАРОВ, Николай Иванович",,,","
24486,24487,10808,Весенняя зорька: Стихи.,"ХОХЛОВ, Семен Никанорович (ХОХЛОВ, Сергей).",,,
24488,24489,10809,Весенняя капель: Повесть.,"КАТКОВ, Николай Иванович.",,,
24490,24493,10810,Весенняя любовь.,"МОПАССАН, Гюи де. ",Весной.,,
24494,24495,10811,Весенняя метель: Стихи.,"САУЛИТ, Бруно Рейнович.",,,
24496,24497,10812,Весенняя осень: Стихи.,"КРОНГА-УЗ, Анисим Максимович.",,,
24498,24499,10813,Весенняя охота на гусей: Повести и рассказы.,"КУВАЕВ, Олег Михайлович.",,,
24500,24501,10814,Весенняя песня; Невеста; Без доказательств; Воспитание; Я разорен: Рассказы.,"КОРЧАК, Януш.",,,
24502,24503,10815,Весенняя песня: Рассказы.,"ТИРИ-КОВ, Анатолий Гаврилович.",,,
24504,24505,10816,Весенняя песня: [Стихи].,"КРАП-ЧАН, Борис.",,,
24506,24507,10817,Весенняя поверка.,"ЖУКОВ, Анатолий Николаевич.",,,
24508,24509,10818,Весенняя повесть.,"ГУКАСЯН, Ованес Арамович.",,,
24510,24513,10819,Весенняя повесть о яшике на окне.,ИВАНОВ. ,,,Всеволод Никанорович.
24514,24515,10820,Весенняя пора: Роман.,"МОРДИ-НОВ, Николай Егорович.",,,
24516,24517,10821,Весенняя почта: Лирика.,"ЛАРИН, Михаил Петрович.",,,
24518,24519,10822,Весенняя поэзия: Избранная лирика.,"БОЖИЛОВ, Божидар",,,","
24520,24521,10823,Весенняя прелюдия: Избранные стихотворения.,"БЕЗЫМЕНСКИЙ, Александр Ильич.",,,
24522,24523,10824,Весенняя река: Повесть.,"ВЕНЦЛО-ВА, Антанас Томасович.",,,
24524,24525,10825,Весенняя река: Стихи.,"ХАУСТОВ, Леонид Иванович.",,,
24526,24527,10826,Весенняя свежесть.,"МАЛЬЦЕВ, Орест Михайлович",,,","
24528,24529,10827,Весенняя сказка: Пьеса в 1-м д.,"СЕНОВ, Кронид П.",,,
24530,24531,10828,Весенняя сказка: Роман для юношества.,"АВЕРЬЯНОВА, Е. А.",,,
24532,24533,10829,Весенняя сказка: Стихи.,"СИМАНО-ВИЧ, Давид Гиршович.",,,
24534,24535,10830,Весенняя степь: Стихи и поэма.,"ЖИМБИЕВ, Цыден-Жап Арсаланович.",,,
24536,24537,10831,Весенняя черемуха: Рассказы.,"ЕРОХОВЕЦ, Александр Степанович.",,,
24538,24539,10832,Весенний поток.,"МУГУЕВ, Хаджи-Мурат Магометович.",,,
24540,24541,10833,Весла: Стихи.,"НЕСТЕРОВА, Елена Васильевна.",,,
24542,24543,10834,Весна: Из воспоминаний детства.,"СОКОЛОВ, Александр Алексеевич.",,,
24544,24545,10835,Весна: Картинки из школьной жизни.,"ЛУТС, Оскар Хендрикович.",,,
24546,24547,10836,Весна: (Лирическая комедия).,"МАЛЫХ, С.",,,
24548,24549,10837,Весна... Любовь...: Рассказы.,"ТУ-РИЧИН, Илья Афроимович.",,,
24550,24551,10838,"Весна: Новые повести и рассказы, преимущественно из русского быта.","ЧИСТЯКОВ, Михаил Борисович.",,,
24552,24555,10839,"Весна: Очерки, рассказы, пьесы.","ОШАЕВ, Хамид Дудаевич.",,,
24556,24557,10840,Весна: [Повести].,"ИВАНОВ, Вениамин Михайлович.",,,
24558,24559,10841,Весна: Повести.,"ПРОКОФЬЕВ, Дмитрий Георгиевич.",,,
24560,24561,10842,Весна: Повесть.,"БРУШТЕЙН, Александра Яковлевна.",,,
24562,24563,10843,Весна: Повесть.,"ОПАЛОВ, Василий Григорьевич.",,,
24564,24565,10844,Весна: Повесть.,"СОКОЛОВ, Михаил Дмитриевич.",,,
24566,24567,10845,Весна: [Повесть].,"СТОНОВ, Дмитрий Миронович.",,,
24568,24569,10846,Весна: Повесть и рассказы.,"КОЗ-ЛАНЮК, Петро (КОЗЛАНЮК, Петр Степанович).",,,
24570,24571,10847,Весна: Пьеса в 5-ти карт.,"ГОЛЬ-БЕРГ, Ефим Яковлевич (ДОРОШ, Ефим), СИМУКОВ, Алексей Дмитриевич.",,,
24572,24573,10848,Весна: Пьеса в 3-х карт.,"ТУРСКИЙ, Илья Данилович.",,,
24574,24577,10849,Весна: Рассказ.,"ГОЛЛАНДСКАЯ, Элеонора. ",,Муж науки...,
24578,24579,10850,Весна: [Рассказы].,"АКУЛЬШИН, Родион Михайлович.",,,
24580,24581,10851,Весна: Рассказы.,"АНТОНОВ, Сергей Петрович.",,,
24582,24583,10852,Весна: [Рассказы].,"БОГДАНОВ, Евгений Федорович.",,,
24584,24585,10853,Весна: Рассказы.,"КАРАЛИЙЧЕВ, Ангел.",,,
24586,24587,10854,Весна: [Рассказы].,"ШИБАЕВ, Сергей Николаевич.",,,
24588,24589,10855,Весна: Роман.,БА ЦЗИНЬ.,,,
24590,24591,10856,Весна: Роман.,"ЕВСТИХИЕВ, Виктор.",,,
24592,24593,10857,Весна: Роман.,"ИНШАКОВ, Павел Кузьмич.",,,
24594,24597,10858,Весна: Роман.,"МАРТЕН ДЮ ГАР, Роже. ",,,1-я ч. изд. также под загл.: Семья Тибо.
24598,24599,10859,Весна: Роман.,"УНДСЕТ, Зигрид (УНСЕТ, Сигрид).",,,
24600,24601,10860,Весна: [Роман].,"ЧЕРНОМОР, Яков (ГАНЗБУРГ, Яков Давидович).",,,
24602,24603,10861,Весна: Роман.,"ШМАКОВ, Сергей Иванович.",,,
24604,24605,10862,Весна: Роман.,"ШУЛЬПИН, Иван Михайлович",,,","
24606,24607,10863,"Весна: Роман, повести и рассказы.","ГОРДОН, Самуил Вульфович.",,,
24608,24609,10864,Весна: Сенсационный роман из жизни современного героя.,"ШУХМИН, Христофор Алексеевич.",,,
24610,24611,10865,Весна: Стихи.,"ВАНШЕНКИН, Константин Яковлевич.",,,
24612,24613,10866,Весна: Стихи.,"МОЛОСТНОВ, Геннадий Модестович.",,,
24614,24615,10867,Весна: Стихотворение.,"ИВАНОВА, А. Д.",,,
24616,24617,10868,Весна: Стихотворения и поэма.,РАДЖАБИ. ,,,Тулкин.
24618,24619,10869,Весна без любви: Рассказы.,"КОЗЛОВ, Валентин.",,,
24620,24621,10870,Весна без солнца.,"ЗАПОРОЖЕЦ, Яков (ГАНЗБУРГ, Яков Давидович).",,,
24622,24623,10871,Весна без солнышка: Пьеса в 3-х д.,"МОРОЗОВ, А. Ф.",,,
24624,24625,10872,"Весна безбожника: Песни, частушки, стихи.","ГОРОДЕЦКИЙ, Сергей Митрофанович.",,,
24626,24627,10873,Весна в гарнизоне.,"ЩЕГЛОВ, Павел Иванович.",,,
24628,24629,10874,Весна в глазах: Стихи.,"БОНДА-РЕВСКИИ, Анатолий Яковлевич",,,","
24630,24631,10875,Весна в горах: Стихи.,"ОЛЕНИЧ-ГНЕНЕНКО, Александр Павлович.",,,
24632,24633,10876,Весна в Грачевых Горках: Повесть.,"БОРОВИК, Василий Николаевич.",,,
24634,24637,10877,Весна в- деревне. (Загл. обл.).,"ГОНЧАРОВА-ВИКТОРОВА, Наталия Петровна (ГОНЧАРОВА. Наталия Петровна). ",,,На тит. л. загл.; В деревне весной.
24638,24639,10878,Весна в Долинном.,"КУЗНЕЦОВ, Иоким Вячеславович.",,,
24640,24641,10879,Весна в Донбассе: Повести и рассказы.,СЕВЕРОВ. ,,,Петр Федорович.
24642,24643,10880,Весна в Дубках: Повести конца шестидесятых годов.,"ГЕРАСИМОВ, Евгений Николаевич.",,,
24644,24645,10881,Весна в Карпатах: Поэма.,"ИСТРУ, Богдан.",,,
24646,24647,10882,Весна в корпусах: Стихи.,ОГУРЦОВ. ,,,Серафим Иванович.
24648,24649,10883,Весна в моем саду: Стихи.,"ДЖУ-РАЕВА, Гульчехра Садыковна.",,,
24650,24651,10884,Весна в Москве: Комедия в 3-х д. с прологом.,"ГУСЕВ, Виктор Михайлович.",,,
24652,24653,10885,Весна в Нежданове.,"ФЕДОРОВ, Иван Николаевич.",,,
24654,24655,10886,Весна в «Победе»: Поэма; Дорогие земляки: Стихи.,"ГРИБАЧЕВ, Николай Матвеевич.",,,
24656,24657,10887,Весна в пустыне: Стихи.,"ТРОФИМОВ, Роман Константинович.",,,
24658,24659,10888,Весна в пути: Стихи. Поэма.,"СИ-МАНЕНКОВ, Илья Константинович.",,,
24660,24661,10889,Весна в разгаре.,БОДРЕНКОВ А,,,лексей Михайлович.
24662,24663,10890,Весна в Сакене: Абхазские рассказы.,"ГУЛИА, Георгий Дмитриевич.",,,
24664,24665,10891,Весна в селе Речном: Пьеса в 3-х д.,"БРОДЭЛЕ, Анна Юльевна (БРОДЕЛЕ, Анна Юльевна).",,,
24666,24667,10892,Весна в Таджикистане.,"ДУБИН-СКАЯ, Татьяна Леонидовна.",,,
24668,24669,10893,Весна в термической.,"ФИШ, Геннадий Семенович.",,,
24670,24671,10894,Весна в Тикси: Стихи.,"НАУМОВА, Варвара Николаевна.",,,
24672,24673,10895,Весна в тундре: Рассказы.,"ШАХОВ, Александр Алексеевич.",,,
24674,24675,10896,Весна в Черешове.,"ГРИГОРОВ, Крум.",,,
24676,24677,10897,Весна в черном городе: Поэма.,"АБАШИДЗЕ, Григол Григорьевич.",,,
24678,24679,10898,"Весна в шинели. Повесть, рассказы, записки.","РЖЕВСКАЯ, Ел.",,,
24680,24681,10899,Весна в январе: Стихи.,"НАЗАР, Саид.",,,
24682,24683,10900,Весна Викторовна: Книга стихов.,"БОКОВ, Виктор Федорович.",,,
24684,24687,10901,Весна виновата: Майская сцена в 1-м д.,"КУПЧИНСКИЙ, Иван Александрович.",,,
24688,24689,10902,Весна во мне.,"РЗА, Расул.",,,
24690,24691,10903,Весна возвратится: Рассказы.,"ЦЫ-ДЕНОВ, Ким Шогдонович.",,,
24692,24693,10904,Весна впереди: Повесть.,"ЧЕРНАИ, Елена Александровна.",,,
24694,24695,10905,"Весна, вьюгами рожденная: Очерки.","КОЗЛОВ, Константин Иванович.",,,
24696,24701,10906,Весна двадцать первого: Пьеса в 4-х актах.,"ШТЕЙН, Александр Петрович. ","Между ливнями: (Весна двадцать первого),",,
24702,24703,10907,Весна долгожданная: Стихи.,ТУ-РУМБЕТОВ. ,,,Ходжзмурат.
24704,24705,10908,Весна ждет за перевалом: Роман.,"ПАРМУЗИН, Борис Сергеевич.",,,
24706,24707,10909,Весна землеробов: Поэма.,"ЗАМЯТИН, Владимир Дмитриевич.",,,
24708,24709,10910,Весна зимой: Стихи.,"ПОЛИВИН, Николай Георгиевич.",,,
24710,24711,10911,Весна и лето: Стихотворения.,САБУРОВ. ,,,С. В.
24712,24713,10912,Весна и ты: Стихи.,"БАБАЕВ, На-би Алекпер оглы (ХАЗРИ, Наби).",,,
24714,24717,10913,Весна идет!: Повесть.,"ЖЕРОМСКИЙ, Стефан. ",Канун весны; Предвесеннее; Перед весной; Ранняя весна.,,
24718,24719,10914,Весна идет: Пьеса.,"ГАУСМАН, Александр Максимович.",,,
24720,24721,10915,Весна идет: Пьеса в 4-х д.,СПИРИН А,,,лексей
24722,24723,10916,Весна идет: [Рассказы].,"БОРОВИКОВ, Григорий Федорович.",,,
24724,24725,10917,Весна идет: Рассказы.,"ЧЕБАЛИН, Петр Львович.",,,
24726,24729,10918,Весна идет...; Роман Венявского: Две мелодии.,"ТАТАРИНОВ, С.",,,
24730,24731,10919,Весна идет: [Стихи].,"ГАРНАКА-РЬЯН, Ашот Георгиевич.",,,
24732,24733,10920,Весна идет: Стихи.,"КУЗНЕЦОВ, Владимир Иванович.",,,
24734,24735,10921,Весна идет!: Стихи.,"ЛУГОВСКОЙ, Иннокентий Степанович.",,,
24736,24739,10922,Весна изгнанника: Поэма в 3-х песнях.,Имя авт. не установлено.,,,
24740,24741,10923,Весна каждого года: Стихи.,"КРАСНОВ, Николай Степанович.",,,
24742,24743,10924,"Весна, которую предали.","ЛИНДСЕИ, Джек.",,,
24744,24745,10925,"Весна красна: Стихи, пародии, фельетоны.","ВАСИЛЬЕВ, Сергей Александрович.",,,
24746,24749,10926,"Весна, лето, осень: Картинки с натуры.",Имя авт. не установлено.,,,
24750,24751,10927,"Весна, лето, осень...: Стихи разных лет.","ТАМАРИНА, Руфь Мееровна.",,,
24752,24753,10928,"Весна Михаила Протасова: Повесть, рассказы.","РОДИН, Валентин Сергеевич.",,,
24754,24755,10929,Весна моей родины: Сборник стихов (1910—1940 гг.).,"ДУНАЕВ, Семен Дмитриевич.",,,
24756,24757,10930,Весна на белом свете: Стихи и поэмы.,"ГОЛУБЕВ, Александр Александрович.",,,
24758,24759,10931,Весна на Варме: Повесть.,"ЯНЮШ-КИН, Иван Андреевич.",,,
24760,24761,10932,Весна на вершинах: Стихи.,"КАПУТИКЯН, Сильва Барунаковна.",,,
24762,24763,10933,Весна на вершинах: Стихотворения.,"ВАГАБЗАДЕ, Бахтияр Махмуд оглы.",,,
24764,24765,10934,Весна на Днестре.,"БУКОВ, Еми-лиан Несторович.",,,
24766,24767,10935,Весна на Енисее: Поэма и стихи.,"ЖУРАВЛЕВ, Василий Андреевич.",,,
24768,24769,10936,Весна на Заречной улице.,"МИРО-НЕР, Феликс Ефимович.",,,
24770,24771,10937,Весна на Клязьме: Стихи.,"ШАБАЛИН, Александр Павлович.",,,
24772,24773,10938,Весна на море.,"КАСУМЗАДЕ, Касум",,,","
24774,24775,10939,Весна на Одере: Роман.,"КАЗАКЕВИЧ, Эммануил Генрихович.",,,
24776,24777,10940,Весна на окне.,"АРСЕНЕВА, Клара.",,,
24778,24779,10941,Весна на Памире: Драма в 2-х актах.,"НАЗАРОВ, Мехрубон Назарович.",,,
24780,24781,10942,Весна на Придонье: Стихи.,"АЛЕКСЕЕВ, Сергей Феодосьевич.",,,
24782,24783,10943,Весна на Севере.,"КОНОПЛЯНКО, Леонид Михайлович.",,,
24784,24785,10944,Весна на трассе: Рассказы.,СМИРНОВ. ,,,Геннадий Васильевич.
24786,24787,10945,Весна на улицах.,"БОДРОВ, Игорь Пантелеймонович.",,,
24788,24789,10946,Весна на Юрузани: Стихи и поэмы.,"САФИН, Рафаэль Ахметсафич",,,","
24790,24793,10947,Весна началась рано: Повесть.,"ЗЕДГИНИДЗЕ, Элизбар Константинович. ",,,Изд. также под зэгл.: Весна пришла рано.
24794,24795,10948,Весна начинается с гроз: Повесть.,"БЕЛОКРЫЛОВ, Василий Алексеевич.",,,
24796,24797,10949,Весна одна: Лесные повести.,ПО-ЛЯУНОВ. ,,,Иван Дмитриевич.
24798,24799,10950,Весна — осень.,"ЧИМИД, Чойжи-лын.",,,
24800,24803,10951,Весна победителей:     Лирика.,"УРИН, Виктор Аркадьевич.",,,
24804,24805,10952,Весна под снегом: Роман.,"СЕКО-ЯН, Анаит.",,,
24806,24807,10953,Весна после смерти: Стихи.,"ЧУРИЛИН, Тихон Васильевич.",,,
24808,24813,10954,Весна прекрасной девицы; Ч. 1—2.,Имя авт. не установлено.,,,
24814,24815,10955,Весна приходит в горы: Роман.,ЧЖОУ ЛИ-БО.,,,
24816,24819,10956,"Весна, пришедшая с Севера.","ГЕ- РЕЕВ, Юсуп",,,","
24820,24821,10957,Весна пришла: [Стихи и поэмы].,"ТОКОБАЕВ, Молдогазы Токобаевич.",,,
24822,24823,10958,Весна пришла: (Шаловливые рифмы).,"САНАРЖАН, Жан.",,,
24824,24825,10959,Весна пришла на Ялуцзян.,"ЛЭЙ, Цзя.",,,
24826,24827,10960,Весна пришла рано: Роман.,"ЗЕДГИНИДЗЕ, Элизбар Константинович.",,,
24828,24829,10961,Весна продолжается. Стихи.,"ВАРНО, Владимир Александрович.",,,
24830,24831,10962,Весна республики: Стихи.,"УШАКОВ, Николай Николаевич.",,,
24832,24833,10963,Весна сбывается.,"ЗАПЛАВНЫЙ, Сергей Алексеевич.",,,
24834,24835,10964,Весна света: Избранное.,"ПРИШВИН, Михаил Михайлович.",,,
24836,24837,10965,Весна свободы: Стихи.,"БИЛЛУ-РИ, Акима Ибрагим ",,,кызы.
24838,24839,10966,"Весна семнадцатого года: Политический памфлет в 6-ти карт, с прологом и эпилогом.",ДОН-АМИНАДО.,,,
24840,24843,10967,Весна семьдесят первого: Пьеса в 3-х актах.,"АДАМОВ, Артюр.",,,
24844,24845,10968,Весна трех.,"ПУШКОВ, Валерий Дмитриевич",,,","
24846,24847,10969,Весна Туркменистана: Стихи.,"АТАДЖАНОВ, Ата.",,,
24848,24849,10970,Весна 1945 года: Походная тетрадь.,"САЯНОВ, Виссарион.",,,
24850,24851,10971,"Весна, 1962: Документальная повесть.","БУЧНЕВА, Фатима Шумафовна.",,,
24852,24853,10972,Весна Тянь-Шаня: Стихотворения.,"МАЛИКОВ, Кубанычбек Иманалиевич.",,,
24854,24855,10973,Весна-чародейка: Роман.,"МАРИ, Жюль.",,,
24856,24857,10974,"Весна чаще, чем раз в году: Повесть.","ОБУХОВА, Лидия Алексеевна.",,,
24858,24859,10975,Весне навстречу: Воспоминания подпольщика.,"БИЛЯВИЧЮС, Элияс Мау-шович.",,,
24860,24861,10976,Весне навстречу: Стихи.,"СЫСОЙ-КОВ, Михаил Павлович.",,,
24862,24863,10977,Весне наперекор: Стихи.,"БАРТО, Агния Львовна.",,,
24864,24867,10978,Веснодворец:     Стихотворения.,"УШАКОВ, Николай Николаевич.",,,
24868,24871,10979,Весной: [Рассказ].,"АНДРЕЕВ, Леонид Николаевич. ",,Большой шлем...,
24872,24873,10980,Весной: Рассказы.,"КОЛОМОЙ-ЦЕВ, Леонид Сергеевич.",,,
24874,24875,10981,Весной: Рассказы.,"МОПАССАН, Гюи де.",,,
24876,24877,10982,Весной: (Рассказы).,"СТАРЦЕВ, Петр Николаевич.",,,
24878,24879,10983,Весной в лесу.,"КОПЫЛОВА, Екатерина Дмитриевна.",,,
24880,24881,10984,Весной в листопад.,"ГОРДИЕНКО, Юрий Петрович.",,,
24882,24883,10985,Весной в половодье: Повесть.,"БА-НЫКИН, Виктор Иванович.",,,
24884,24885,10986,Весной запахло.,"ПОЗНЯКОВ, Николай Иванович.",,,
24886,24887,10987,Весной после снега: Повести и рассказы.,"ВАСИЛЬЕВ, Павел Александрович.",,,
24888,24889,10988,Весной Семнадцатого.,"СМИРНОВ, Василий Александрович.",,,
24890,24891,10989,Весной 1940 года.,"ЭНГСТРАНД, Стюарт Давид.",,,
24892,24893,10990,Весною: Рассказ для сельской школы.,Н. Д. С.,,,
24894,24895,10991,Весною: Рассказы.,"ВЛАГИН, Марк.",,,
24896,24899,10992,Весною: Смоленские мотивы.,Имя авт. не установлено.,,,
24900,24901,10993,Весною на север: Лирика.,"ЧУЛ-КОВ, Георгий Иванович.",,,
24902,24903,10994,Весну на лето он сменил.,"АРА-КИШВИЛИ, Ираклий.",,,
24904,24905,10995,Весну остановить нельзя.,"ТЭСС, Татьяна.",,,
24906,24907,10996,Веснушки: Стихи.,"ХОДУЛИН, Валерий Георгиевич.",,,
24908,24909,10997,Веснушки Ванюшки: Стихи.,"ГОРОДЕЦКИЙ, Сергей. ",,,Митрофанович.
24910,24911,10998,Веснушчатая ондатра: Повесть.,"ВОЛКОВ, Константин Петрович.",,,
24912,24913,10999,Веснушчатый день или Скольким неприятностям можно подвергнуться во время хорошенькой прогулки.,"САФИР, Мориц Готлиб.",,,
24914,24915,11000,Весны: [Рассказы].,"КОПТЕЛОВ, Афанасий Лазаревич.",,,
24916,24917,11001,Весны: Стихи.,"ЗЛОБИНА, Дина Дмитриевна.",,,
24918,24919,11002,Весны возвращаются: Стихотворения и поэма.,"ЕРИКЕЕВ, Ахмед Фазыло-вич.",,,
24920,24921,11003,Весны гонцы: Роман.,"ШЕРЕМЕТЬЕВА, Екатерина Михайловна.",,,
24922,24923,11004,Весны и зимы: Стихи.,"ВОЛОБУЕ-ВА, Ирина.",,,
24924,24925,11005,Весны и осени: [Стихи].,"КОСТРОВ, Владимир Андреевич.",,,
24926,24927,11006,Весны и осени: [Стихи].,"ТУВИМ, Юлиан.",,,
24928,24929,11007,Весны мои не считаны: Стихи и поэма.,"ГИЛЯЖЕВ, Хаким Габдрахманович.",,,
24930,24933,11008,Веснянка: Повесть.,"ХАДКЕВИЧ, Тарас Константинович. ",,Братство...,
24934,24935,11009,Веснянка: Повесть и рассказы.,"ВАЛЫДЕВА, Анна.",,,
24936,24937,11010,Веснянка: [Стихи].,"ГОВОРОВ, Александр Александрович.",,,
24938,24941,11011,Весталка: Лирическая трагедия в 3-х д. В стихах.,"ЖЮИ (ЖУИ, Виктор Жозеф).",,,
24942,24943,11012,Весталка: [Роман].,"ЛАФОНТЕН, Август Генрих Юлий.",,,
24944,24945,11013,Весталка: Трагедия в 5-ти д.,"ШИРМО-ЩЕРБИНСКИЙ, Н.",,,
24946,24947,11014,Весталка или Долой мужчин: Сенсационный роман из жизни современного общества.,"КРАФТ, Роберт.",,,
24948,24949,11015,Вести из Китая: Поэма.,"ТОКТО-МУШЕВ, Абдырасул.",,,
24950,24951,11016,Вести или Убитый живой: Комедия в 1-м д.,"РОСТОПЧИН, Федор Васильевич.",,,
24952,24953,11017,Вести ниоткуда: Утопия.,"МОРРИС, Вильям.",,,
24954,24957,11018,Вести ниоткуда или Эпоха мира.,"МОРРИС, Вильям.",,,
24958,24959,11019,Вести ниоткуда или Эпоха спокойствия.,"МОРРИС, Вильям.",,,
24960,24963,11020,Вести ниоткуда или Эпоха счастья.,"МОРРИС, Вильям. ",Вести ниоткуда; Вести ниоткуда или Эпоха мира; Вести ниоткуда или Эпоха спокойствия.,,
24964,24965,11021,Вести с светлого места.,"МИХАЙЛОВСКИЙ, Василий Яковлевич.",,,
24966,24967,11022,Вести с того света: Повесть-памфлет.,"ЛУКЬЯНОВ, Лев Давыдович.",,,
24968,24969,11023,Вести с фронта: Рассказ.,"ДАДИ-АНИ, Шалва Николаевич.",,,
24970,24971,11024,Вестиния и Астор или Любовь и великодушие.,"ЛАФОНТЕН, Август Генрих Юлий.",,,
24972,24973,11025,Вестник.,"ТАРКОВСКИЙ, Арсений Александрович.",,,
24974,24975,11026,Вестник весны: Роман.,"ВЕРНЕР, Элизабет.",,,
24976,24977,11027,Вестник весны: Стихи. Поэма.,"КРУЧЕНЮК, Петр Аксентьевич.",,,
24978,24979,11028,Вестники вешнего: Лирические миниатюры и очерки.,"СЕРОВА, Ольга Васильевна.",,,
24980,24981,11029,Вестники свободы: Повесть в стихах.,"ПЛОТКИН, Григорий Давыдович.",,,
24982,24985,11030,Вестовой: Драма-миниатюра в 3-х д.,"МАЗУРКЕВИЧ, Владимир Александрович.",,,
24986,24987,11031,Вестовой Брылкин: Рассказ из жизни на море.,"ЕЛИСЕЕВ, П.",,,
24988,24989,11032,Весть: Стихи.,"ЛЫСЦОВ, Иван Васильевич.",,,
24990,24991,11033,Весть; Суета: Святочные рассказы.,"ПОЗНЯКОВ, Николай Иванович.",,,
24992,24993,11034,"Весть о победах и гость с Кавказа: Драматическое представление в 2-х д. с куплетами, из коих № 2-й заимствован из сочинений кн. Шаховского эпохи 1812 г., а солдатская песня сложена на Кавказе после сражения под Ахалцыхом 14 ноября 1853 г.",ВИЛЛАМОВ.,,,
24994,24995,11035,Весть о рассвете: Стихи и поэмы.,АЙ ЦИН.,,,
24996,24997,11036,Весы: Стихи.,"УГРЕНИНОВ, Геннадий Николаевич.",,,
24998,24999,11037,Весы жажды: Роман. Повесть. Рассказы.,"СЫТИН, Александр Павлович.",,,
25000,25001,11038,Весы и санки: Рассказы.,"АТА-РОВ, Николай Сергеевич.",,,
25002,25003,11039,Весь белый свет: Книга стихов.,"СТАРКОВ, Виктор Анатольевич.",,,
25004,25005,11040,Весь белый снег: Повести и рассказы.,"ПЕТРОВ, Владимир Николаевич.",,,
25006,25009,11041,Весь в папашу: Фарс в 3-х д.,"ЛЕБРЕТОН, В., МОРО, Анри. ",Весь в папеньку.,,
25010,25011,11042,Весь в папеньку.,"ЛЕБРЕТОН, В., МОРО, Анри.",,,
25012,25013,11043,Весь век для других.,"ЗАСОДИМ-СКИЙ, Павел Владимирович.",,,
25014,25015,11044,Весь огонь лета: Стихи.,"ЗАД-НИПРУ, Петру.",,,
25016,25017,11045,Весьма возможно: Повесть.,"БОРИСОВ, Леонид Ильич.",,,
25018,25019,11046,Ветви: Стихи.,"ТАРАРИН, С. М.",,,
25020,25021,11047,"Ветви: [Стихи, поэмы].","КИС-ЛИК, Наум Зиновьевич.",,,
25022,25023,11048,Ветви гудели: Стихотворения.,"ГИДАШ, Антал.",,,
25024,25025,11049,Ветви одного дерева.,"ФИЛИП-ЧУК, Александр Владимирович.",,,
25026,25027,11050,Ветви сирени: Стихи.,"ГРИГУ-ЛИС, Арвид Петрович.",,,
25028,25031,11051,Ветви Старого Вяза: Из китайских дневников.,"БАБАЕВСКИЙ, Семен Петрович. ",Лицо земли: Из китайских дневников.,,
25032,25033,11052,Ветвистое дерево: Стихи.,"ВЫШЕ-СЛАВСКИИ, Леонид Николаевич.",,,
25034,25035,11053,Ветвь: Стихи.,"АРДАТОВ, Анатолий Григорьевич.",,,
25036,25037,11054,Ветвь сибирского кедра.,"ВОЛКОВ, Александр Иванович, ШТАНЬКО, Николай Иванович.",,,
25038,25039,11055,Ветер: Повесть.,"КАШНИКОВ, Марат Федорович.",,,
25040,25041,11056,Ветер: Рассказ.,"НИКУЛИН, Михаил Андреевич.",,,
25042,25043,11057,Ветер: Рассказы.,"ЖУКОВ, Владимир Николаевич.",,,
25044,25045,11058,Ветер: Рассказы.,"ПОРФИРЬЕВ, Борис Александрович.",,,
25046,25047,11059,Ветер: Роман.,"ПОПОВ, Николай Иванович.",,,
25048,25049,11060,Ветер: Роман.,"СЛЕЗКИН, Юрий Львович.",,,
25050,25051,11061,Ветер: Сборник рассказов.,"ЛАВРЕНЕВ, Борис Андреевич.",,,
25052,25053,11062,Ветер: Стихи.,"БЕЛЯЕВ, Николай Николаевич.",,,
25054,25055,11063,Ветер: Стихи.,"ДАВЫДОВ, Зиновий Самойлович.",,,
25056,25057,11064,Ветер: Стихи.,"НОВИКОВ, Николай Георгиевич.",,,
25058,25059,11065,Ветер: Стихи и поэма.,"РОНКИН, Михаил Михайлович.",,,
25060,25061,11066,Ветер: Стихи и поэмы.,"АЛЕКСАНДРОВСКИЙ, Василий Дмитриевич.",,,
25062,25063,11067,Ветер: Трагедия в 5-ти д.,"ОРЕНБУРГ, Илья Григорьевич.",,,
25064,25065,11068,"Ветер-богатырь: Стихи, поэмы.","ХИКМАТ, Кудрат.",,,
25066,25067,11069,Ветер богов: Роман.,"ЕФИМЕНКО, Василий Михайлович.",,,
25068,25069,11070,Ветер в березах: Стихи.,"СЕМЕНОВ, Андрей Игнатьевич (АЛДАН-СЕМЕ-НОВ, Андрей).",,,
25070,25071,11071,Ветер в ладонях: Новая книга стихов.,"БОКОВ, Виктор Федорович.",,,
25072,25073,11072,Ветер в лицо: Очерки.,"СЫРЦОВ, Евгений Константинович.",,,
25074,25075,11073,Ветер в лицо: Повесть.,"ЛУП АН, Анна Павловна.",,,
25076,25077,11073а,Ветер в лицо: Повесть и рассказы.,"СЕРГЕЕНКО, Михаил Михайлович.",,,
25078,25081,11074,Ветер в лицо: Пьеса в 3-х д.,"ГУЛЬТЯИ, Павел Михайлович. ",Твое место в жизни.,,
25082,25083,11075,Ветер в лицо: [Рассказы].,"ЕФЕ-ТОВ, Марк Семенович (ЕФЕТОВ, Марк Симович).",,,
25084,25085,11076,Ветер в лицо. Рассказы.,"НЕКРАСОВ, Борис Владимирович.",,,
25086,25087,11077,Ветер в лицо: [Рассказы].,"ФЕДОРОВА, Лариса Федоровна.",,,
25088,25089,11078,Ветер в лицо: Рассказы.,"ЦИРУ-ЛИС, Гунар.",,,
25090,25091,11079,Ветер в лицо: [Стихи].,"ИВАНОВ, Иван Дмитриевич.",,,
25092,25093,11080,Ветер в лицо: Стихи.,"МАЦЯВИ-ЧЮС, Юозас Клемович.",,,
25094,25095,11081,Ветер в лицо: Стихи.,"ШУБИН, Павел Николаевич.",,,
25096,25097,11082,Ветер в лицо: Стихи.,"ЯСНЫЙ, А.",,,
25098,25099,11083,"Ветер в лицо: Стихи, 1940—1955.","МАРКОВ, Алексей Яковлевич.",,,
25100,25101,11084,Ветер в парусах: Избранные стихотворения и поэмы.,"РЯДЧЕНКО, Иван Иванович.",,,
25102,25103,11085,Ветер в саду.,"КАТАНОВ, Василий Михайлович.",,,
25104,25105,11086,Ветер в соснах: Роман.,"НАУМЕНКО, Иван Яковлевич.",,,
25106,25107,11087,Ветер в старых липах: Повесть.,"ДМИТРЕВСКИЙ, Владимир Иванович.",,,
25108,25109,11088,Ветер века: Роман и повесть «Новая сила».,"ЖДАНОВ, Николай Гаврилович.",,,
25110,25111,11089,Ветер века: Роман-хроника.,"ТУРСКИЙ, Илья Данилович.",,,
25112,25113,11090,Ветер века: Стихи и поэмы.,"КОРНЕЕВ, Николай Юрьевич.",,,
25114,25115,11091,Ветер века: [Стихи и поэмы].,"ФОФАНОВА, Марианна Петровна.",,,
25116,25117,11092,Ветер веков: Стихи.,"НАЗИН, Владимир Иванович.",,,
25118,25119,11093,Ветер весны: Лирика.,"ЗАБОЛОТСКИЙ, Владислав Владимирович.",,,
25120,25121,11094,Ветер-ветерок: Стихи.,"КОТЛЯРОВ, Борис Иванович.",,,
25122,25123,11095,Ветер времени: [Роман].,"ОЛИВЕР, Чэд.",,,
25124,25125,11096,Ветер времени: Стихи.,"ДЗУД-ЦОВ, Хаджи-Мурат (ДЗУЦЦАТИ, Хаджи-Мурат) .",,,
25126,25127,11097,Ветер встречают грудью.,"ЛЕВА-КОВСКАЯ, Евгения Владимировна.",,,
25128,25129,11098,Ветер встречный: Стихи.,"БЛАГОВ, Николай Николаевич.",,,
25130,25131,11099,Ветер гнева: Роман.,"ДЭЛАНО, Луис Энрике.",,,
25132,25133,11100,Ветер дальних вершин.,"СИМОНОВ, Евгений Дмитриевич.",,,
25134,25135,11101,Ветер дальних дорог.,"МИРОШ-НИКОВ, Иван Иванович.",,,
25136,25137,11102,Ветер дальних странствий: [Повесть].,"БАНК, Семен Иосифович.",,,
25138,25139,11103,Ветер дальних странствий: Рассказы и очерки.,"ОСИПОВ, Иосиф Зиновьевич.",,,
25140,25141,11104,Ветер жизни: Роман.,"КОЖЕВНИКОВ, Алексей Венедиктович.",,,
25142,25143,11105,Ветер за солнцем: Стихи.,"МОРГУН, Федор Авксентьевич.",,,
25144,25145,11106,Ветер Золотой долины: Роман.,АЙБЕК.,,,
25146,25147,11107,Ветер и дождь: Роман.,"СТАНКУ, Захария.",,,
25148,25149,11108,Ветер и Непогода. (Загл. обл.).,"МЮССЕ, Поль Эдм. ",Господин Ветер и госпожа Непогода.,,
25150,25151,11109,Ветер и ночь: Стихи.,"РОСЛАВ-ЛЕВА, Надежда Яковлевна.",,,
25152,25153,11110,Ветер из пустыни: Пьеса в 1-м д.,"НИКУЛИН, Юрий Вениаминович.",,,
25154,25155,11111,Ветер из России: Повесть.,"ДНЕПРОВСКИЙ, Арий.",,,
25156,25157,11112,Ветер из щели: Сатира и юмор.,"ЛЕСНЯК, Борис Николаевич.",,,
25158,25159,11113,Ветер караванов: Драма в 2-х д.,"РАХМАНОВ, Абдыкарим.",,,
25160,25161,11114,Ветер мужества: Главы романа. Рассказы. Дневник. Письма.,"ЗАНАДВО-РОВ, Герман Леонидович.",,,
25162,25163,11115,Ветер мужества: [Сборник].,"ЗА-НАДВОРОВ, Владислав Леонидович.",,,
25164,25165,11116,Ветер мужества: Стихи.,"ДУБРОВИН, Борис Саввович.",,,
25166,25167,11117,Ветер на откосах: Стихи.,"СПРИН-ЧАН, Бронислав Петрович.",,,
25168,25169,11118,Ветер над городом: Повести и рассказы.,"ГУСЕЙНОВ, Чингиз Гасан оглы.",,,
25170,25171,11119,Ветер над полем: (Отцы и дети). Роман.,"ОВАЛОВ, Лев.",,,
25172,25173,11120,Ветер надежды: Стихи.,"МАХИУД-ДИН, Махдум.",,,
25174,25175,11121,Ветер приносит грозу: Роман.,"ПОТАПЕНКО, Петр Яковлевич.",,,
25176,25177,11122,Ветер приносит погожие дни: Стихи.,"ШОПОВ, Ацо.",,,
25178,25179,11123,Ветер рвет паутину: Повесть.,"ГЕРЧИК, Михаил Наумович.",,,
25180,25181,11124,Ветер Родины: Стихи.,"АРИПОВ, Абдулла.",,,
25182,25183,11125,Ветер родных гор: Стихи.,"ТЕВ-ЗАДЗЕ, Андро Ражденович.",,,
25184,25185,11126,Ветер родных полей: Повести.,"ПРИШВИН, Андрей Сергеевич.",,,
25186,25187,11127,Ветер с Беломорья.,"МОЛЧАНОВ, Иван Никанорович.",,,
25188,25189,11128,Ветер с Волги: Повесть.,"ТАЛ-ВИР, Алексей.",,,
25190,25191,11129,Ветер с Волги: [Поэма].,"ВЕЛЮ-ГИН, Анатолий Степанович.",,,
25192,25193,11130,Ветер с Волги: Сборник стихов.,"АВТОНОМОВ, Владимир Михайлович.",,,
25194,25195,11131,Ветер с востока: [Отрывок из романа «Тисса горит»].,"ИЛЛЕШ, Бела.",,,
25196,25197,11132,Ветер с Востока: Стихи.,"ПЛАВНИК, Абрам Львович.",,,
25198,25199,11133,Ветер с Востока: [Стихи].,"СНЕГИН, Дмитрий Федорович.",,,
25200,25201,11134,Ветер с Жигулей: Стихи.,"АРБЕНИН, Владимир.",,,
25202,25203,11135,Ветер с запада.,"ГУГУЕВ, Павел Александрович.",,,
25204,25205,11136,Ветер с Кавказа: Впечатления.,"БЕЛЫЙ, Андрей.",,,
25206,25207,11137,Ветер с Кубани: Лирика.,"ВАР ABBA, Иван Федорович.",,,
25208,25209,11138,Ветер с моря: [Повесть].,"КИРЮШКИН, Виктор Владимирович.",,,
25210,25213,11139,Ветер с моря: Повесть.,"ЩЕРБА-НОВСКИЙ, Олег Сергеевич. ",Стрелка.,,
25214,25215,11140,Ветер с моря: [Рассказы].,"ЛАВРЕНЕВ, Борис Андреевич.",,,
25216,25217,11141,Ветер с моря: Роман.,"АСАНОВ, Николай Александрович.",,,
25218,25219,11142,Ветер с моря: Стихи и поэма.,"ПОЖЕНЯН, Григорий Михайлович.",,,
25220,25221,11143,Ветер с Невы: Стихи.,"ЧЕПУРОВ, Анатолий Николаевич.",,,
25222,25223,11144,Ветер с низовьев: Стихи.,"РЫ-БОЧКИН, Анатолий Иванович.",,,
25224,25225,11145,Ветер с полей: Стихи.,"ЛЕДНЕВ, Анатолий Федорович.",,,
25226,25227,11146,Ветер с полей: [Стихи].,"СМОЛЯКОВ, Степан Авксентьевич.",,,
25228,25229,11147,Ветер с полей: Стихи.,"ЦВЕТАЕВ, Борис Николаевич.",,,
25230,25231,11148,Ветер с полудня: Роман.,"ЧЕМЕ-КОВ, Игорь Семенович.",,,
25232,25233,11149,Ветер с поля: Лирические стихи.,"РЫЛЕНКОВ, Николай Иванович.",,,
25234,25235,11150,Ветер с поля: Стихи. 1922—1930.,"НАСЕДКИН, Василий Федорович.",,,
25236,25237,11151,Ветер с Родины: Стихи.,"ПРОДАН, Юрий Юрьевич.",,,
25238,25239,11152,Ветер с Роман-Коша: Рассказы. Повесть.,"МАКСАЕВ, Александр Иванович.",,,
25240,25241,11153,Ветер с фронта: Лирика.,"ДРУНИНА, Юлия Владимировна.",,,
25242,25243,11154,Ветер с Хингана: Стихи.,"БЫТОВОЙ, Семен.",,,
25244,25245,11155,Ветер с чужой стороны: Рассказы.,"МАРТЬЯНОВ, Сергей Николаевич.",,,
25246,25247,11156,Ветер с юга: Вторая книга стихов; «1918 год»: (Начало поэмы).,"РУБИНШТЕЙН, Александр.",,,
25248,25249,11157,Ветер с юга: [Роман].,"ГРИН, Эльмар.",,,
25250,25251,11158,Ветер с юга: Сценическая композиция в 3-х д.,"ФИЛИППОВ, Борис Михайлович, ГРИН, Эльмар.",,,
25252,25253,11159,Ветер синих высот: Повесть.,"КРАХМАЛЕВА, Нина Варфоломеевна.",,,
25254,25255,11160,Ветер спокойствия: Рассказы.,"РА-ДИЧКОВ, Йордан.",,,
25256,25257,11161,Ветер странствий: Очерки.,"СОЛОУХИН, Владимир Алексеевич.",,,
25258,25259,11162,Ветер странствий: Стихи.,"АВРАМЕНКО, Илья Корнильевич.",,,
25260,25261,11163,Ветер странствий: [Стихи].,"ГРОССМАН, Марк Соломонович.",,,
25262,25263,11164,Ветер странствий: Стихи.,"РАГИМ, Мамед.",,,
25264,25265,11165,Ветер сулит бурю.,"МЭККИН, Уолтер.",,,
25266,25267,11166,Ветер уносит листья.,"РАБИЧЕВ, Владимир Наумович.",,,
25268,25269,11167,Ветер утра.,"ЛАХУТИ, Абулька-сим (ЛАХУТИ, Абольгасем Ахмед-заде).",,,
25270,25273,11168,Ветеран: Американская повесть. Истинное происшествие.,Имя авт. не установлено.,,,
25274,25275,11169,Ветеран: (Воронье пугало). Комедия в 3-х д.,"НИЛЬ, М.",,,
25276,25277,11170,Ветеран: Рассказ.,"ДИАТРОПОВ, Е. Н.",,,
25278,25279,11171,Ветеран и новобранец: Драматический случай из 1854 г.,"ПИСЕМСКИЙ, Алексей Феофилактович.",,,
25280,25281,11172,Ветеран Цезаря.,"ОСТРОМЕНЦ-КАЯ, Надежда Феликсовна.",,,
25282,25283,11173,Ветераны: Книга стихов.,"ХЕЛЕМ-СКИЙ, Яков Александрович.",,,
25284,25285,11174,Ветеринар Мелентьев.,"МАИСТ-РАХ, Владимир Францевич.",,,
25286,25287,11175,Ветеринар поневоле: Комедия в 1-м д.,"АРДОВ, Виктор.",,,
25288,25289,11176,Ветеринарный врач: Комедия в 1-м д.,"ГРИГОРОВ, Иван.",,,
25290,25291,11177,Ветеринарный врач: Мистическая драма. Карикатура в 1-м д.,"УОДЕК (ГУМ-ПЕНБЕРГ, Ганс фон).",,,
25292,25293,11178,Ветерки и вихри.,"РАДИЩЕВ, Лев.",,,
25294,25295,11179,Ветерок в лунную ночь: Китайский роман.,"СУЛЬЕ ДЕ МОРАН, Жорж.",,,
25296,25297,11180,Ветерок с Сыр-Дарьи: Стихи и поэмы.,"ЛЕСНОЙ, Николай.",,,
25298,25299,11181,Ветка: Собрание песен.,"ВАНЕНКО, Иван (БАШМАКОВ, Иван Иванович).",,,
25300,25301,11182,Ветка: Стихи.,"КОТЛ ЯР, Эльмира Пейсаховна",,,
25302,25303,11183,Ветка: Стихи.,"ПОЗДНЯКОВ, Степан Яковлевич.",,,
25304,25305,11184,Ветка: Стихи.,"ПРОКОФЬЕВ, Александр Андреевич.",,,
25306,25309,11185,Ветка акации: [Рассказ].,"СУ-ШИНСКИЙ, Н. ",,Сон в мобилизацию...,
25310,25311,11186,Ветка акации: [Стихи].,"ЧИКАТУ-ЕВ, Микаэль Хаджиевич.",,,
25312,25313,11187,Ветка багульника: Рассказы.,"БЕЛОГЛАЗОВА, Раиса Васильевна.",,,
25314,25315,11188,Ветка белой сирени: Новеллы.,"МИЩЕНКО, Константин Иванович.",,,
25316,25317,11189,Ветка белой сирени: Повесть о товарищах.,"ШМИДТ, Борис.",,,
25318,25319,11190,Ветка горного кедра.,"УКАЧИН, Борис Укачинович.",,,
25320,25321,11191,Ветка дикой яблони: Повесть и рассказы.,"КОРНЕЕВ, Алексей Никифорович.",,,
25322,25323,11192,Ветка дуба векового: Стихи и поэма.,"МОРО, Артур.",,,
25324,25325,11193,Ветка ивы: Рассказы о Китае.,"ИСТРИН, Виктор Александрович.",,,
25326,25327,11194,Ветка Лауры.,"ОСЕТРОВ, Евгений Иванович.",,,
25328,25329,11195,"Ветка мимозы: Юмор, сатира, лирика.","КАЛАШНИКОВ, Владимир Николаевич.",,,
25330,25331,11196,Ветка молнии: Книга стихов.,"СКО-РЯТИН, Валентин Иванович.",,,
25332,25333,11197,Ветка молнии: Лирика.,"ЕРЕМЕЕВ, Глеб Сергеевич.",,,
25334,25335,11198,Ветка от доброго дерева: Повесть и рассказы.,"НАЗАРЕНКО, Марина Александровна.",,,
25336,25337,11199,Ветка Палестины и другие стихотворения.,"ЛЕРМОНТОВ, Михаил Юрьевич.",,,
25338,25339,11200,Ветка полыни: Рассказы.,"ЛАГУНОВ, Константин Яковлевич.",,,
25340,25341,11201,Ветка полыни: Рассказы.,"СУРОЖ-СКИЙ, Павел.",,,
25342,25343,11202,Ветка рыжей сосны: Повесть.,"КУЧЕРОВ, Анатолий Яковлевич.",,,
25344,25345,11203,Ветка рябины стучит в окно: Повесть.,"СИМКИН, Константин Васильевич.",,,
25346,25347,11204,"Ветка сакуры: Рассказ о том, что за люди японцы.","ОВЧИННИКОВ, Всеволод Владимирович.",,,
25348,25349,11205,Ветка сирени: Лирика.,"ЖАВОРОНКОВ, Борис Иванович.",,,
25350,25351,11206,Ветка сирени: Музыкальная комедия в 3-х д.,"СМОЛЯК, Яков Владимирович.",,,
25352,25353,11207,Ветка сирени: Стихотворения.,"ВОРОНКА, Сергей Ф.",,,
25354,25355,11208,Ветка снега: Стихи.,"ПАНЧЕНКО, Вера Иосифовна.",,,
25356,25357,11209,Ветка цветущего миндаля: Пьеса в 1-м д.,"МАНОВ, Эмил.",,,
25358,25359,11210,Ветка черемухи: Рассказы и повесть.,"ФОМИН, Леонид Аристархович.",,,
25360,25361,11211,Ветка яблони: Роман.,"ЯКУШКИН, Тимофей Федорович.",,,
25362,25363,11212,Ветла: Поэмы.,"ВОРОБЬЕВ, Алексей Александрович.",,,
25364,25365,11213,Ветлужанка: Рассказ в стихах.,"ВЛАСОВ-ОКСКИЙ, Николай.",,,
25366,25367,11214,Веточка: Комедия в 2-х д.,АНАХОРЕТ.,,,
25368,25369,11215,Веточка «живой елки».,"ЗЛОБИН, Павел Родионович.",,,
25370,25371,11216,Веточка цветов — певучих слов.,"АЗОВСКИЙ, И. В.",,,
25372,25373,11217,Веточкины путешествуют в будущее: Повесть-сказка.,"СВЕТОВ, Александр Абрамович.",,,
25374,25375,11218,Ветер беспокойных лет: Избранные стихи и поэмы.,"АСАДОВ, Эдуард Аркадьевич.",,,
25376,25377,11219,Ветра вольного воля: Стихи и поэмы.,"БОРУТА, Казне Казисович.",,,
25378,25379,11220,Ветрам навстречу: Стихи.,"ЧИКИН, Леонид Андреевич.",,,
25380,25381,11221,Ветреный день: (Новые стихи).,"КОВАЛЕВ, Дмитрий Михайлович.",,,
25382,25383,11222,Ветровая страна: Стихи.,"БАГРОВ, Виктор.",,,
25384,25385,11223,Ветровое стекло: Книга стихов.,"МЕЖИРОВ, Александр Петрович.",,,
25386,25387,11224,Ветрогон: Пьеса в 3-х д.,"СУДАЧКОВ, Владимир Иванович.",,,
25388,25389,11225,Ветрогон: Рассказы.,"ТИМОШКИН, Евгений Андреевич.",,,
25390,25391,11226,Ветрогоны остепенились: Комедия в 4-х д.,"ПРЖЕБЫЛЬСКИИ, С. (ПШИ-БЫЛЬСКИИ, Зигмунт).",,,
25392,25393,11227,Ветру и солнцу брат: Повесть.,"МАРЫСАЕВ, Евгений Клеоникович.",,,
25394,25395,11228,Ветру навстречу.,"СУСЛОВИЧ, Никита Рафаилович.",,,
25396,25399,11229,Ветры.,"АЕШИН, Рутен Иванович. ",Радуга.,,
25400,25401,11230,Ветры Азии: Роман.,"КИБАЛЬЧИЧ, Степан Александрович.",,,
25402,25403,11231,Ветры в березах: Стихи.,"АЛ ДАН-СЕМЕНОВ, Андрей.",,,
25404,25405,11232,Ветры вешние.,"ТРУТНЕВА, Евгения Федоровна.",,,
25406,25407,11233,Ветры горные: Рассказы.,"В АЛАЕВ, Ростислав Георгиевич.",,,
25408,25409,11234,Ветры гроз: Стихи.,"ОГЛОБЛИН, Василий Дмитриевич.",,,
25410,25411,11235,Ветры Коктерака: Повесть и рассказы.,"НАЗИР, Хаким.",,,
25412,25413,11236,Ветры над степью: Повесть.,"ТУ-ГАН-БАРАНОВСКИИ, Михаил Михайлович, ВЛАДИМИРОВ, Владимир Сергеевич.",,,
25414,25415,11237,Ветры над Челекеном: Роман.,"ПУРЛИЕВ, Бекге.",,,
25416,25417,11238,Ветры над яром.,"БОРОДКИН, Юрий Серафимович.",,,
25418,25419,11239,Ветры наши.,"ГАНСОВСКИИ, Север Феликсович.",,,
25420,25421,11240,Ветры песню навеяли.,"РЕПИН, Николай Павлович.",,,
25422,25423,11241,Ветры поющие.,"БЕРКОВИСИ, Конрад (БЕРКОВИЧИ, Конрад).",,,
25424,25425,11242,"Ветры разных широт: Рассказы, очерки, пьесы.","БУРЯКОВСКИИ, Юрий Александрович.",,,
25426,25427,11243,Ветры с Севера: Стихи.,"ВЕРНАДСКИЙ, Василий Анисимович.",,,
25428,25429,11244,Ветры севера: Стихи.,"СМОЛЕНЦЕВ, Иван Иванович.",,,
25430,25431,11245,Ветры Юга.,"БОРЦОВ, Анатолий Константинович.",,,
25432,25433,11246,"Ветры юности: Рассказы, повесть.","ПУЛЬСОН, Абрам Исаакович.",,,
25434,25437,11247,Ветряной петушок. (Загл. обл.).,"ШЕРП, Эвелина (ШАРП, Эвелин). ",История ветряного петушка: Повесть.,,
25438,25439,11248,Вехи: Рассказ.,"ВАСИЛЬКОВСКИЙ, А. К.",,,
25440,25441,11249,Вехи: Стихи. Июль 1924 — июнь 1927.,"СОЛОВЬЕВ, Борис Иванович.",,,
25442,25443,11250,Вехи времени: Новые стихи.,"БРАУН, Николай Леопольдович.",,,
25444,25445,11251,Вехи времени: Очерки.,"БУКОВСКИЙ, Константин Иванович.",,,
25446,25447,11252,Вехи на камнях: Рассказы.,"ИВАНОВ, Андрей Силаевич.",,,
25448,25451,11253,Вечевой колокол: Русский роман XV столетия. Ч. 1—3.,Имя авт. не установлено.,,,
25452,25453,11254,Вечер: Книга стихов.,"КУЛИЕВ, Кайсын Шуваевич.",,,
25454,25455,11255,Вечер: Книга стихов.,"ПОЛАК, Петр.",,,
25456,25457,11256,Вечер: Окна. Люди.,"КЕТЛИНСКАЯ, Вера Казимировна.",,,
25458,25459,11257,Вечер: Поэма.,"ЭНГЕЛЬС, Фридрих.",,,
25460,25461,11258,Вечер: Стихи.,"АХМАТОВА, Анна.",,,
25462,25463,11259,Вечер: Стихи.,"СОЛОВЬЕВА, Поликсена Сергеевна (ALLEGRO).",,,
25464,25465,11260,Вечер анекдотов.,"РУДЕНКОВ, Иван Семенович.",,,
25466,25467,11261,Вечер... в 2217 году: С послесловием.,"ФЕДОРОВ, Николай.",,,
25468,25469,11262,Вечер в деревне.,"САХАРОВ, С. В.",,,
25470,25471,11263,Вечер в избе-читальне: Сборник пьес.,"СМЕЛОВ, Василий Яковлевич.",,,
25472,25473,11264,Вечер в клубе. Шуточный рассказ в стихах.,А. К.,,,
25474,25477,11265,Вечер в пансионе: Повести.,Имя авт. не установлено.,,,
25478,25479,11266,Вечер в песнях: (Стихи).,"МИРО-ШИН, Леонид Андреевич.",,,
25480,25483,11267,Вечер в Прелестном: Комедия в 1- м д.,"АЛЯУТДИНОВ, Александр Сергеевич.",,,
25484,25487,11268,Вечер в ресторане: Комедия в 2- х д.,"ФИНН, Константин.",,,
25488,25491,11268а,Вечер в тереме царя Алексея: Исторический рассказ.,"ДАНИЛЕВСКИЙ, Григорий Петрович.",,,
25492,25495,11269,Вечер в школьной «ночлежной».,"МИХЕЕВ, Василий Михайлович.",,,
25496,25497,11270,Вечер вдвоем: Комедия в 1-м д.,"КРЕПЭ, Жак.",,,
25498,25499,11271,Вечер воспоминаний: Пьеса в 1-м д.,"ЗОРИН, Леонид.",,,
25500,25501,11272,Вечер встречи: Сборник рассказов.,"ХМАРСКИЙ, Иван Дмитриевич.",,,
25502,25503,11273,Вечер Дюранов.,"ФИШЕР, Макс, ФИШЕР, Алекс.",,,
25504,25505,11274,Вечер любви.,"БАТАИЛЬ, Анри Феликс.",,,
25506,25507,11275,Вечер на айване.,"КРУКОВСКИЙ, Юрий.",,,
25508,25513,11276,Вечер на бивуаке.,МАРЛИН- СКИИ А. ,,,"(БЕСТУЖЕВ, Александр Александрович) (БЕСТУЖЕВ-МАРЛИНСКИЙ, Александр Александрович). В кн.: Ночь на корабле..."
25514,25519,11277,Вечер на кавказских    водах в 1824 г.,МАРЛИНСКИЙ А. ,,,"(БЕСТУЖЕВ, Александр Александрович (БЕСТУЖЕВ-МАРЛИНСКИЙ, Александр Александрович). В кн.: Страшное гадание..."
25520,25521,11278,Вечер на краю света: Повести и рассказы.,"НЕЧАЕВ, Вадим Викторович.",,,
25522,25525,11279,Вечер на Орилькой:   Рассказы.,"ЖУРАХОВИЧ, Семен Михайлович.",,,
25526,25527,11280,Вечер на Хопре.,"ЗАГОСКИН, Михаил Николаевич.",,,
25528,25531,11281,Вечер накануне Ивана Купала.,"ГОГОЛЬ, Николай Васильевич.",,,
25532,25533,11282,Вечер настроения: Скетч в 1-м д.,"САБУРОВ, Симон Федорович.",,,
25534,25535,11283,"Вечер первого снега: Повести, рассказы.","ГУССАКОВСКАЯ, Ольга Николаевна.",,,
25536,25537,11284,Вечер у американцев; Тип; Пересадочный билет; Шутка дьякона; Контрамарочники.,"ГАЛИПО, Феликс.",,,
25538,25539,11285,Вечер у костра: Стихи.,"ОБУХОВ, Михаил Михайлович.",,,
25540,25541,11286,Вечер у моего соседа: Рассказы приятелей.,"ПАВЛОВ, Александр А.",,,
25542,25543,11287,Вечера: Очерки и рассказы.,"БА-РАНЦЕВИЧ, Казимир Станиславович.",,,
25544,25545,11288,Вечера: Рассказы.,"ЛИХОНОСОВ, Виктор Иванович.",,,
25546,25547,11289,Вечера: Стихи.,"КОБЕНКОВ, Анатолий Иванович.",,,
25548,25549,11290,Вечера барона Мюнхгаузена: Роман.,"РАСПЕ, Рудольф Эрих.",,,
25550,25551,11291,Вечера в тени парусов: Повести и рассказы.,"КУДИЕВСКИИ, Константин Игнатьевич.",,,
25552,25555,11292,Вечера доктора Юстиньяни: Ч. 1—2.,Имя авт. не установлено.,,,
25556,25557,11293,Вечера и рассветы: Стихи.,"КОВАЛЕВ, Владимир Дмитриевич.",,,
25558,25559,11294,Вечера княжны Джавахи: Сказания старой Барбалэ.,"ЧАРСКАЯ, Лидия.",,,
25560,25561,11295,Вечера моей бабушки: Новые волшебные сказки в пользу малых детей. Ч. 1—2.,"ДЮКРЕ-ДЮМИНИЛЬ, Франсуа Гийом.",,,
25562,25565,11296,Вечера моей бабушки или Собрание нравоучительных детских повестей.,Имя авт. не установлено.,,,
25566,25567,11297,Вечера молодого грека: Кн. 1.,"Г. Г. (ГЕРАКОВ, Гавриил Васильевич).",,,
25568,25569,11298,Вечера на Карповке.,"ЖУКОВА, Мария Семеновна.",,,
25570,25571,11299,Вечера на кладбище: Оригинальные повести из рассказов могильщика.,Ч. ,,,
25572,25573,11300,Вечера на соломенном тюфяке.,"ИОН, Яромир.",,,
25574,25577,11301,Вечера на укомовских столах: Комсомольские рассказы.,"БОГДАНОВ, Николай",,,) Владимирович.
25578,25579,11302,"Вечера на хуторе близ Диканьки: Повести, изданные пасечником Рудым Паньком. Кн. 1—2.","ПАНЬКО РУДЫЙ (ГОГОЛЬ, Николай Васильевич).",,,
25580,25581,11303,Вечера под смоковницей: Книга любви.,"ЯЗВИЦКИЙ, Валерий Иоильевич.",,,
25582,25583,11304,Вечера с Моряковым.,"СТАРКОВ, Абрам Лазаревич.",,,
25584,25585,11305,Вечеринка на реке: Пьеса в 1-м д. Из народного быта.,"ДМИТРИЕВ, С.",,,
25586,25589,11306,Вечеринка ученых: Комедия в 3-х д.,"ЗАГОСКИН, Михаил Николаевич.",,,
25590,25591,11307,Вечерком.,"ПОДХАЛЮЗИН, Кли-муша.",,,
25592,25593,11308,"Вечерние беседы в хижине или Наставления престарелого отца, в которых содержится приятное нравоучение, вдыхающее неприметно детям кротость, покорность, человеколюбие и все добродетели, к которым должно приобучать их с младенчества.","ДЮКРЕ-ДЮМИНИЛЬ, Франсуа Гийом.",,,
25594,25595,11309,Вечерние досуги: Рассказ.,"АНДРЕЕВСКАЯ, Варвара Павловна.",,,
25596,25597,11310,Вечерние досуги: Сборник детских рассказов и стихотворений.,"КРУГЛОВ, Александр Васильевич.",,,
25598,25599,11311,Вечерние досуги: Стихотворения. В 2-х отделениях.,"ДЕМИДОВ, Михаил Васильевич.",,,
25600,25601,11312,Вечерние досуги: Стихотворения.,"ПЕРЕЛЫГИН, Николай Иванович.",,,
25602,25603,11313,Вечерние жертвы: Рассказы из жизни средней школы.,"ВЕЛСКИЙ, Аркадий (ВЕЛИКОПОЛЬСКИЙ, Аркадий Александрович).",,,
25604,25605,11314,Вечерние зори: Рассказы.,"ЧУЛ-КОВ, Георгий Иванович.",,,
25606,25607,11315,Вечерние зорьки.,"БЕЛЬСКИЙ, Леонид Петрович.",,,
25608,25609,11316,Вечерние костры: Стихи.,"НАГНИ-БЕДА, Микола.",,,
25610,25611,11317,Вечерние огни: [Очерки].,"ВОЛ-НИН, М.",,,
25612,25613,11318,Вечерние огни: [Повесть].,"БРУ-ШТЕИН, Александра Яковлевна.",,,
25614,25615,11319,Вечерние огни: Собрание неизданных стихотворений.,"ФЕТ, Афанасий Афанасьевич.",,,
25616,25617,11320,Вечерние огни: Стихи.,"ГОНЧАРЕНКО, Юрий.",,,
25618,25619,11321,Вечерние окна.,"БОРИСОВА, Майя Ивановна",,,
25620,25621,11322,Вечерние паруса.,"КОРОТКЕВИЧ, Владимир Семенович.",,,
25622,25623,11323,"Вечерние песни: Рассказы, очерки, наброски.","КОВАЛЬСКИЙ, Казимир Адольфович.",,,
25624,25625,11324,Вечерние песни: [Стихи].,"МАКАРОВ, Александр Антонович.",,,
25626,25627,11325,Вечерние песни: Стихотворения.,"НЕЧАЕВ, Егор Ефимович.",,,
25628,25629,11326,Вечерние песни: Стихотворения последних лет (1903—1911).,"КРУГЛОВ, Александр Васильевич.",,,
25630,25631,11327,Вечерние рассказы.,"ЧАРСКАЯ, Лидия.",,,
25632,25633,11328,Вечерние рассказы: (О пчелах).,"БРУК, Григорий Яковлевич.",,,
25634,25635,11329,Вечерние рассказы: Собрание повестей и преданий в стихах.,"ФЕДОРОВ, Борис Михайлович.",,,
25636,25637,11330,Вечерние рассказы: Ч. I.,"НЕВСКИЙ, В.",,,
25638,25639,11331,Вечерние ритмы.,"КИРИЛЛОВ, Владимир Тимофеевич.",,,
25640,25641,11332,Вечерние сказки: Вып. I.,"ОРЛОВСКИЙ, Сергей.",,,
25642,25643,11333,Вечерние стога: Лирика.,"ЯКОВ-ЧЕНКО, Виктор Иванович.",,,
25644,25645,11334,Вечерние тени: Рассказы и повести.,"КАВА, Виктор Иванович.",,,
25646,25647,11335,Вечерние тени: Стихотворения.,"ПЕРЕВОДЧИКОВА, Августа Васильевна.",,,
25648,25649,11336,Вечерние холмы: Стихи и поэма.,"ШАПОШНИКОВ, Вячеслав Иванович.",,,
25650,25651,11337,Вечерний альбом: Стихи.,"ЦВЕТАЕВА, Марина Ивановна.",,,
25652,25653,11338,Вечерний день.,"ЗВЯГИНЦЕВА, Вера Клавдиевна.",,,
25654,25655,11339,Вечерний звон: Драма в 4-х д.,"ЛЕСНИК, Алексей (АФАНАСЬЕВ, Кузьма Васильевич).",,,
25656,25657,11340,Вечерний звон: Пьеса высшего настроения в 1-м акте.,"УРВАНЦОВ, Лев Николаевич.",,,
25658,25659,11341,Вечерний звон: Роман.,"ВИРТА, Николай Евгеньевич.",,,
25660,25661,11342,Вечерний звон: Сборник стихотворений.,"ГАДМЕР, Елизавета (ГОЛОВА, Елизавета Саввишна).",,,
25662,25663,11343,Вечерний звон: Стихи.,"ТРЯПКИН, Николай Иванович.",,,
25664,25665,11344,"Вечерний звон: Стихи, 1887—1890.","ПОЛОНСКИЙ, Яков Петрович.",,,
25666,25667,11345,Вечерний плес.,"АВРАМЕНКО, Илья Корнильевич.",,,
25668,25669,11346,Вечерний путь: Три рассказа.,"НАСИМОВИЧ, Александр Федорович.",,,
25670,25671,11347,Вечерний разговор: Басни.,"МАМА-ТОВ, Дмитрий Акимович.",,,
25672,25673,11348,Вечерний свет: Повесть для театра в 2-х ч.,"АРБУЗОВ, Алексей Николаевич.",,,
25674,25675,11349,Вечерний свет: Сборник стихотворений.,"ТАРДОВ, Владимир Геннадиевич.",,,
25676,25677,11350,Вечерний свет: Стихи.,"КРАНДИ-ЕВСКАЯ-ТОЛСТАЯ, Наталья Васильевна.",,,
25678,25679,11351,Вечерний час: Драма в 1-м д.,"КОЦЕБУ, Август Фридрих.",,,
25680,25683,11351а,Вечерняя заря: Драма в 4-х д.,"БЕИЕРЛЕЙН, Франц Адам. ",Заря.,,
25684,25685,11352,Вечерняя заря: [Рассказы и повесть] .,"НИКИТИН, Сергей Константинович.",,,
25686,25687,11353,Вечерняя заря: [Рассказы о писателях].,"БОРИСОВ, Леонид Ильич.",,,
25688,25689,11354,Вечерняя заря: Эпилог.,"ГАМСУН, Кнут.",,,
25690,25691,11355,Вечерняя звезда: Лирика.,"ПОДМОГИЛЬНЫЙ, Александр Михайлович.",,,
25692,25693,11356—11357,Вечерняя звезда: Стихи.,"ВЕНЦЛОВА, Антанас Томасович.",,,
25694,25695,11358,Вечерняя песня: Стихи.,"ПИВНЕВ, Леонид.",,,
25696,25697,11359,Вечерняя песня: Стихи.,"САДЫГ, Фикрет.",,,
25698,25699,11360,Вечерняя почта: Книга стихов.,"ОЗЕРОВ, Лев Адольфович.",,,
25700,25701,11361,Вечерняя почта: Рассказы.,"САПРОНОВ, Леонид Лаврентьевич.",,,
25702,25703,11362,Вечерняя радуга: Стихи.,"ВОСКРЕСЕНСКИЙ, Семен Николаевич.",,,
25704,25705,11363,Вечером: Рассказы.,"ПОДКОЛЬ-СКИЙ, В. В.",,,
25706,25707,11364,Вечером: Стихи.,"ГАВРИЛОВ, Федор.",,,
25708,25709,11365,"Вечером, ночью и утром: Рассказы.","МИНУТКО, Игорь Александрович.",,,
25710,25711,11366,Вечером после дождя.,"СЕМЕНОВ, Георгий Витальевич.",,,
25712,25713,11367,Вечером после работы: Педагогическая комедия в 2-х д.,"КОНСТАНТИНОВ, Владимир Константинович, РАЦЕР, Борис Михайлович.",,,
25714,25715,11368,Вечная весна.,"ГАЛАНОВ, Цэрэн Раднаевич (ГАЛАНОВ, Цырен Раднаевич).",,,
25716,25719,11369,Вечная игра: (Регби). Комедия в 4-х д.,"ШПЕЙЕР, Вильгельм.",,,
25720,25721,11370,Вечная каторга: (Рассказ лошади).,"ГАДМЕР, Елизавета (ГОЛОВА, Елизавета Саввишна).",,,
25722,25723,11371,Вечная кормилица.,"СЫСОЕВ, Валерий Мануилович.",,,
25724,25725,11372,Вечная ложь: Эпизод в 3-х карт.,"ОСТРОЖСКИЙ, К. (ГОГЕЛЬ, Константин Сергеевич).",,,
25726,25727,11373,Вечная любовь: Драма в 3-х д.,"ФАБЕР, Герман.",,,
25728,25729,11374,Вечная любовь: Рассказ.,"ПЛЕТНЕВ, Алексей Петрович.",,,
25730,25731,11375,Вечная любовь: Стихи.,"ЖАВОРОНКОВ, Борис Иванович.",,,
25732,25733,11376,Вечная любовь: (Цветы счастья). Драматическая поэма в 2-х д.,"АБДУМО-МУНОВ, Токтоболот.",,,
25734,25735,11377,Вечная мастерская: Стихи.,"ЧУЛ-КОВ, Борис Александрович.",,,
25736,25737,11378,"Вечная мельница: Стихи, поэмы.","ГАДАЕВ, Виктор Александрович.",,,
25738,25739,11379,Вечная мерзлота: Роман.,"СОКОЛОВ, Виктор Петрович.",,,
25740,25741,11380,Вечная молодость: Шутка в 1-м д.,"ПОЛОЦКИЙ, Семен Анатольевич.",,,
25742,25743,11381,"Вечная память: Из летописей освободительного движения. Миражи, очерки, рассказы.","НЕМИРОВИЧ-ДАНЧЕНКО, Василий Иванович.",,,
25744,25747,11382,Вечная память: [Юмористический рассказ].,"МОРИСС, Вильям. ",,Как быть или Неудобство иметь много друзей...,
25748,25749,11383,Вечная песнь: Пьеса-поэма в1-мд. из жизни рабочих.,"АРЕНШТЕИН, М.",,,
25750,25751,11384,Вечная проблема: Очерки.,"КРОН, Александр.",,,
25752,25753,11385,Вечная ручка.,"ЦЫМБАЛОВА, Мария Александровна.",,,
25754,25755,11386,"Вечная слава: Историческая хроника XVI столетия, из времен борьбы Нидерландов за свою независимость, извлеченная из голландских архивов книжным червяком.","РУБАКИН, Николай Александрович.",,,
25756,25757,11387,Вечная спутница: Книга стихов.,"КУНЯЕВ, Станислав Юрьевич.",,,
25758,25759,11388,Вечная струна: Стихи.,"МЕЖЕ-ЛАЙТИС, Эдуардас Беньяминович.",,,
25760,25761,11389,Вечная тайна: Пьеса в 2-х д.,"КАМЕНСКИЙ, Анатолий Павлович.",,,
25762,25763,11390,Вечная тема.,"ВАСИЛЕВИЧ, Алена.",,,
25764,25767,11391,Вечная трагедия любви: Аглавэна и Селизета. (Загл. обл ).,"МЕТЕРЛИНК, Морис. ",Аглавэна и Селизета.,,
25768,25769,11392,Вечная Труженица и Вечная Кормилица: Очерки.,"СЫСОЕВ, Валерий Ману-илович.",,,
25770,25771,11393,Вечная юность.,"БЕЛЯКОВ, Иван Васильевич.",,,
25772,25775,11394,Вечная юность или Эликсир жизни: Фарс в 3-х д.,Имя авт. не установлено.,,,
25776,25777,11395,Вечно живое сердце: Стихи.,"РОЖДЕСТВЕНСКИЙ, Игнатий Дмитриевич.",,,
25778,25779,11396,Вечно живой: Рассказы об огне.,"ПОСТУПАЛЬСКАЯ, Мария Ивановна.",,,
25780,25781,11397,Вечно живущее: Стихотворения. Книжка 7-я.,"ИВАНОВ, Родион Васильевич.",,,
25782,25783,11398,Вечно живые: Драма в 3-х д.,"РОЗОВ, Виктор Сергеевич.",,,
25784,25785,11399,Вечно молодые.,"ШАРОНЧИКОВ, Иван Яковлевич.",,,
25786,25787,11400,"Вечно с тобой: Роман, рассказы.","МАРКОВА, Ольга Ивановна.",,,
25788,25789,11401,Вечно человеческое: Книга космической поэзии.,"ГУРЕВИЧ, Борис Абрамович.",,,
25790,25791,11402,Вечно юные мотивы.,"ДАНДЕ-ВИЛЬ, Михаил Викторович.",,,
25792,25793,11403,Вечное: Рассказы.,"ЛАЗАРЕВСКИЙ, Борис Александрович.",,,
25794,25795,11404,Вечное движение: Повесть и рассказы.,"ЕВГРАФОВ, Константин Васильевич.",,,
25796,25797,11405,Вечное движение: Пьеса в 2-х д.,"ГРИГОРЯН, Арнольд Григорьевич.",,,
25798,25799,11406,Вечное дерево: Роман.,"ДЯГИЛЕВ, Владимир Яковлевич.",,,
25800,25801,11407,Вечное пламя: Стихи.,"БЕНЮК, Михай.",,,
25802,25803,11408,Вечное перо: Пьеса в 3-х д.,"ШТОК, Исидор Владимирович.",,,
25804,25805,11409,Вечное сокровище: Быль.,СИМБИРЦЕВ.,,,
25806,25809,11410,Вечное счастье: Трагикомедия в 4-х д.,"БАХМЕТЬЕВ, Алексей Иванович.",,,
25810,25811,11411,Вечное эхо войны.,"ШЕСТИН-СКИИ, Олег Николаевич.",,,
25812,25813,11412,Вечнозеленые листья: Дневник писателя.,"КАРАВАЕВА, Анна Александровна.",,,
25814,25817,11413—11415,Вечной памяти народного героя Михаила Димитриевича Скобелева: Описание священной борьбы имп. Александра II с Турцией за освобождение славян.,"СОБОЛЕВ, Александр Сергеевич.",,,
25818,25819,11416—11417,Вечность: Лирические стихотворения.,"ДНЕПРОВСКИЙ, Александр.",,,
25820,25821,11418,Вечность: [Сказания и легенды].,"КАЛНИНЬ, Ян Янович.",,,
25822,25823,11419,Вечность в мгновении: Драматический этюд в 1-м д.,"ЩЕПКИНА-КУПЕР-НИК, Татьяна Львовна.",,,
25824,25825,11420,Вечность мгновений.,"КЕМПЕ, Мирдза.",,,
25826,25827,11421,Вечные будни: Сборник повестей и рассказов.,"ДМИТРИЕВ-АСТАФЬЕВ, Сергей.",,,
25828,25829,11422,Вечные вершины: Стихи.,"ЗАРЯН, Наири (ЗАРЬЯН, Наири).",,,
25830,25831,11423,Вечные ветви: Стихи и поэмы.,"ХАКИМ, Сибгат.",,,
25832,25833,11424,Вечные вопросы.,"ЛУХМАНОВА, Надежда Александровна.",,,
25834,25835,11425,Вечные корни: Повесть о Курман-газы. Рассказы. Очерки.,"АЛИМЖАНОВ, Ануар Турлубекович.",,,
25836,25837,11426,Вечные леса: Книга стихов.,"СОЛНЦЕВ, Роман.",,,
25838,25839,11427,Вечные люди.,"ГОРДЕИЧЕВ, Владимир Григорьевич.",,,
25840,25841,11428,Вечные мгновения: Стихи.,"ЖУ-РИН, Александр.",,,
25842,25843,11429,Вечные миражи: Роман.,"НЕМИРОВИЧ-ДАНЧЕНКО, Василий Иванович.",,,
25844,25845,11430,Вечные огни: Стихи.,"АГАПОВ, Виктор Данилович.",,,
25846,25847,11431,Вечные паруса: Фантастические повести.,"НАЗАРОВ, Вячеслав Алексеевич.",,,
25848,25849,11432,Вечные следы: Книга о землепроходцах и мореходах.,"МАРКОВ, Сергей Николаевич.",,,
25850,25851,11433,Вечные странники: (Записки коммивояжера и рассказы).,"СВИРСКИЙ, Алексей Иванович.",,,
25852,25853,11434,Вечные строки: Воспоминания о встречах с М. М. Пришвиным.,"ПРИШВИН, Андрей Сергеевич.",,,
25854,25855,11435,Вечный бой: Роман.,"КАРПОВ, Владимир Васильевич.",,,
25856,25857,11436,Вечный ветер: Фантастическая повесть.,"ЖЕМАИТИС, Сергей Георгиевич.",,,
25858,25859,11437,Вечный вопрос.,"АГРАНОВСКИЙ, Валерий Абрамович.",,,
25860,25861,11438,Вечный двигатель: Рассказ.,"ПЕТ-РОПАВСКИЙ [!], К. [!] ",,,"Е. (КАРО-НИН, С)."
25862,25863,11439,Вечный двигатель: Роман.,"ДАНИЛОВ, П. Н.",,,
25864,25867,11440,Вечный день:   Стихотворения.,"ЛИПКИН, Семен.",,,
25868,25869,11441,Вечный день июня: Рассказы.,"КОРПАЧЕВ, Эдуард Маркович.",,,
25870,25871,11442,Вечный жид: Драматическая легенда в 5-ти д.,"ВАСИЛЬЕВ, Павел Андреевич.",,,
25872,25873,11443,Вечный жид: Пародия.,"ПОТАПОВ, Василий Федорович.",,,
25874,25875,11444,Вечный жид: Поэма.,"КЮХЕЛЬБЕКЕР, Вильгельм Карлович.",,,
25876,25879,11445,Вечный жид: Роман.,"СЮ, Евгений (СЮ, Эжен). ",Агасфер; Блуждающий вечный жид; Странствующий жид; Странствующий вечный жид.,,
25880,25881,11446,Вечный жид: [Стихотворение].,"ЗОТОВ, Владимир Рафаилович.",,,
25882,25883,11447,Вечный жид: Трагедия великолепного отчаяния.,"ШЕРШЕНЕВИЧ, Вадим Габриэлевич.",,,
25884,25885,11448,Вечный зов: Роман.,"ИВАНОВ, Анатолий Степанович.",,,
25886,25887,11449,Вечный зов: Стихи.,"ЛУГОВСКОИ, Иннокентий Степанович.",,,
25888,25889,11450,Вечный источник: Народная драма в 4-х актах.,"ЗОРИН, Дмитрий Иванович.",,,
25890,25891,11451,Вечный календарь: Стихотворения и поэма.,"ЩУРОВ, Геннадий Леонидович.",,,
25892,25893,11451а,Вечный корень: Стихи.,"ЭРЕНД-ЖЕНОВ, Константин Эрендженович.",,,
25894,25895,11452,Вечный муж: Рассказ.,"ДОСТОЕВСКИЙ, Федор Михайлович.",,,
25896,25897,11453,Вечный огонь: Героическая драма в 5-ти карт.,"ПАДАЛКА, Георгий Иванович.",,,
25898,25901,11454,Вечный огонь:      Драматическая поэма в 3-х д. с прологом.,"ХОРЬКОВ, Петр Андреевич.",,,
25902,25905,11455,Вечный   огонь: Лирика.,"КУЛЕ- МИН, Василий Лаврентьевич.",,,
25906,25909,11456,Вечный  огонь:  Поэмы   и стихи.,"АЛИЕВА, Фазу Гамзатовна.",,,
25910,25911,11457,Вечный огонь: Рассказы.,"ЧОПИЧ, Бранко.",,,
25912,25913,11458,Вечный огонь: Роман.,"КРАСИЛЬЩИКОВ, Владимир Ильич.",,,
25914,25915,11459,Вечный огонь: Роман.,"ЮЩЕНКО, Валентин Тимофеевич.",,,
25916,25917,11459а,Вечный огонь: Роман в повестях.,"ФЕДОРОВ, Владимир Иванович.",,,
25918,25921,11460,Вечный  огонь:  Стихи.,"БОЛДЫ- РЕВ, Иван Федорович.",,,
25922,25925,11461,Вечный   огонь: Стихи.,"ПАНЧЕН- КО, Пимен Емельянович.",,,
25926,25927,11461а,Вечный огонь: Стихи.,"ФАРБЕР, Александр Михайлович.",,,
25928,25929,11462,Вечный огонь: Стихи.,"САРАНА, Иван Иванович.",,,
25930,25931,11463,Вечный огонь: Стихи.,"ШАДРИН, Олег Васильевич.",,,
25932,25935,11464,Вечный огонь:      Стихотворения.,"АЗАРОВ, Всеволод Борисович.",,,
25936,25937,11465,Вечный огонь: Стихотворения.,"ПОПОВ, Серафим Алексеевич.",,,
25938,25939,11466,Вечный огонь или Повествование об атамане Алене: (Поэма).,"СИМДЯНО-ВА, Эмма Ивановна.",,,
25940,25941,11467,Вечный огонь кленов: Повесть.,"МОРОЗОВ, Евгений Сергеевич.",,,
25942,25943,11468,Вечный поиск: Повесть.,"ЧАЧКО, Марк Ильич.",,,
25944,25945,11469,Вечный поток: Вторая книга стихов.,"КОКОВЦОВ, Дмитрий Иванович.",,,
25946,25947,11470,Вечный праздник: Роман.,"ЯСИНСКИЙ, Иероним Иеронимович (БЕЛИНСКИЙ, Максим).",,,
25948,25949,11471,Вечный пропуск: Повесть.,"СТРЕХ-НИН, Юрий Федорович.",,,
25950,25951,11472,Вечный путь: Роман.,"ШАПОШНИКОВ, Вячеслав Иванович.",,,
25952,25953,11473,Вечный родник: (Степной Маяк).,"КОНОВАЛОВ, Григорий",,,! Иванович.
25954,25955,11474,Вечный свет: Портреты.,"РАВИЧ, Николай Александрович.",,,
25956,25957,11475,Вечный свет: Стихотворения и поэмы.,"ТУРСУНЗАДЕ, Мирзо.",,,
25958,25959,11476,Вечный секундант.,"ПУШКИН, Виктор Васильевич.",,,
25960,25961,11477,Вечный скиталец; Такмак: Сибирские легенды.,"АНУЧИН, Василий Иванович.",,,
25962,25963,11478,Вечный странник.,"ДЫМОВ, Осип.",,,
25964,25965,11479,Вечный транзит.,"ТИХОНОВ, Николай Семенович.",,,
25966,25969,11480,Вечный траур и другие рассказы.,"ВЕРА, Педро Хорхе.",,,
25970,25971,11481,Вечный укор убийце: (Повесть).,"АЛЕКСАНДРОВСКИЙ, Ал. П.",,,
25972,25973,11482,Вечный финиш.,"ВЛАСОВ, Юрий Петрович.",,,
25974,25975,11483,Вечный холостяк: Роман.,"ПАРРИШ, Анн.",,,
25976,25977,11484,Вечный человек: Роман.,"АБСАЛЯ-МОВ, Абдурахман Сафиевич.",,,
25978,25979,11485,Вешка у родника.,"РОДИЧЕВ, Николай Иванович.",,,
25980,25981,11486,Вешние вздохи.,"РЫКЛИН, Григорий Ефимович.",,,
25982,25983,11487,Вешние воды: Пьеса в 4-х д.,"ЭФЕНДИЕВ, Ильяс Магомед оглы.",,,
25984,25985,11488,Вешние воды: Рассказы.,"НОВИКОВ, Иван Алексеевич.",,,
25986,25987,11489,Вешние воды: Роман.,"НИЕДРЕ, Янис Янович.",,,
25988,25989,11490,Вешние воды: Роман.,"ТУРГЕНЕВ, Иван Сергеевич.",,,
25990,25991,11491,"Вешние всходы: Стихи, эскизы, наброски и песни.","МАРТЬЯНОВ, Петр Кузьмич.",,,
25992,25993,11492,Вешние грозы: Комедия в 4-х д.,"ТУНОШЕНСКИЙ, Владимир Владимирович.",,,
25994,25995,11493,Вешние грозы: [Рассказ].,"ГОС-ЛАВСКИИ, Евгений Петрович.",,,
25996,25997,11494,Вешние сны: Стихотворения 1905— 1913 гг.,"ШАЦКИХ, Павел Трефильевич.",,,
25998,25999,11495,Вешний ветер: Пьеса в 4-х д.,"МУЙЖЕЛЬ, Виктор Васильевич.",,,
26000,26001,11496,Вешний день: Стихи.,"ЧАЛАИ, Василий.",,,
26002,26003,11497,Вешний поток: Рассказы и очерки.,"ФЕДОРОВ-ДАВЫДОВ, Александр Александрович.",,,
26004,26005,11498,Вешний путь: Пьеса в 7-ми карт.,"БАРАНОВ, Александр Ильич.",,,
26006,26007,11499,Вешний след: Повесть и рассказы.,"ПОВЕДЕНОК, Надежда Георгиевна.",,,
26008,26009,11500,Вешний цвет: Рассказы.,"ДМИТРИЕВА, Валентина Иововна.",,,
26010,26011,11501,Вешняя тяга: Стихотворения и переводы 30—60-х годов.,"СМЕРДОВ, Александр Иванович.",,,
26012,26013,11502,* Вещая сказка.,"БЕДНЫЙ, Демьян.",,,
26014,26015,11503,Вещее слово: Исторический роман.,"СОКОЛОВА, Александра Ивановна.",,,
26016,26019,11504,Вещественное   доказательство: Юмористические рассказы.,"ПАВЛОВА, Аза Ивановна.",,,
26020,26023,11505,Вещественное   доказательство: Юмористические рассказы.,"ПРИВАЛОВ, Борис Авксентьевич.",,,
26024,26027,11506,"Вещественные   доказательства: Повести, фельетоны и рассказы.","СЕМЕНОВ, Мануил Григорьевич.",,,
26028,26029,11507,Вещество Ариль.,"ПАЛЬМАН, Вячеслав Иванович.",,,
26030,26031,11508,Вещи: Одна из историй шестидесятых годов.,"ПЕРЕК, Жорж.",,,
26032,26033,11509,Вещи: Рассказы.,"КАТАЕВ, Валентин Петрович.",,,
26034,26035,11510,Вещи видят: Роман.,"ЭСТОНЬЕ, Эдуард.",,,
26036,26037,11510а,Вещи о войне: [Рассказы].,"НИКИТИН, Николай Николаевич.",,,
26038,26039,11511,Вещи этого года: До 1-го авг. 1923 г.,"МАЯКОВСКИЙ, Владимир Владимирович.",,,
26040,26041,11512,"Вещие вещи: [Юмористические стихи, рассказы, эпиграммы].","КРИВИН, Феликс Давыдович.",,,
26042,26043,11513,Вещие вещи: Юмористический рассказ.,"ШТОРМ, Георгий Петрович.",,,
26044,26045,11514,Вещие зори: Повесть.,"КОЧУРИН, Павел Иванович.",,,
26046,26051,11515,Вещие колокола: Святочная сказка.,"ДИККЕНС, Чарльз. ",1. Вещие колокола: Святочная сказка; 2. Итальянский узник: Рассказ. Изд. также под заглавиями: Колокола; Часовые куранты *.,,
26052,26055,11515а,1. Вещие колокола: Святочная сказка; 2. Итальянский узник; Рассказ. (Загл. обл.).,"ДИККЕНС, Чарльз. ",Вещие колокола: Святочная сказка.,,
26056,26057,11516,Вещие сны: Рождественские рассказы.,"ВОЛКОВ, Дмитрий Тихонович.",,,
26058,26059,11517,Вещий звон: Драматическая поэма-сказка в 4-х д.,"ОЛЕНИН, Петр Алексеевич.",,,
26060,26061,11518,Вещий камень: Рассказы.,"ДАНИЛОВ, Владимир Михайлович.",,,
26062,26063,11519,Вещий сон: Быль из быта духовенства.,"ЧИКИЛЕВСКИИ, Михаил Иванович.",,,
26064,26067,11520,Вещий сон: Быль XVII века в 4-х карт.,"ДМИТРИЕВ, Дмитрий Савватее-вич.",,,
26068,26071,11521,Вещий сон: Средневековая легенда в 5-ти д.,Имя авт. не установлено.,,,
26072,26073,11522,Вещий сон и телефон: Миниатюра.,"КАИЗЕРМАН, Григорий Яковлевич.",,,
26074,26075,11523,Вещий сон Карабая: Симбирская легенда.,"АРДАТОВ, Н. (ДЕРЖАВИН, Николай Александрович).",,,.
26076,26077,11524—11525,Веют ветры: Роман.,"СЕ-ЛИС, Роберт.",,,
26078,26081,11526,Веяния времени: (Хамелеон). Комедия в 4-х д.,"КАРПОВ, Евтихий Павлович. ",Он: (Хамелеон).,,
26082,26083,11527,Взаимная любовь: Драма в 4-х д.,"БОЛОТОВ, Юрий Васильевич.",,,
26084,26085,11528,Взаимная любовь: Комедия-водевиль. В 3-х д.,"РУБИНШТЕЙН, Илья Соломонович.",,,
26086,26087,11529,Взаимный банк: Роман из жизни на Амуре.,"МАТЮШЕНСКИЙ, Александр Иванович.",,,
26088,26089,11530,Взаимность: [Очерки].,"ХРАБРОВА, Нина Сергеевна.",,,
26090,26091,11531,Взаимность: [Стихи].,"КРИВОЩЕКОВ, Леонид Данилович.",,,
26092,26093,11532,Взаимность: Стихи.,"РЫВЛИН, Аркадий Исаакович.",,,
26094,26095,11533,Взаимность: Стихи и поэма.,"ДЖАББАРОВ, Джуманияз.",,,
26096,26097,11534,Взаимоотношения.,"ГРАМЕН, Николай.",,,
26098,26099,11535,Взаимопомощь на селе —удар по бедности и мгле: Повесть в стихах.,"ДОЛЕВ, Дмитрий.",,,
26100,26103,11536,Взамен политики.,"ТЭФФИ, Н. А. ",,Выслужился...,
26104,26105,11537,Взбаламученная Русь: Исторический роман из русской жизни XVII века.,"АЛТАЕВ, Ал.",,,
26106,26109,11538,Взбаламученное море: Роман в 6-ти ч.,"ПИСЕМСКИЙ, Алексей Феофилак-тович.",,,
26110,26111,11539,Взбаламученный город: Роман.,"ПЛАНКЕТТ, Джеймс.",,,
26112,26115,11540,Взбалмошная головка: Рассказ.,"РОДЕН, Эмилия. ",Упрямица.,,
26116,26117,11541,Взбредет же в голову: Фарс в 3-х д.,ЛАРИН. ,,,Константин Павлович.
26118,26119,11542,Взбрело в башку: Из записок деревенского обывателя.,"УСПЕНСКИЙ, Глеб Иванович.",,,
26120,26121,11543,Взвейтесь кострами!: Стихи и песни.,"ЖАРОВ, Александр Алексеевич.",,,
26122,26125,11544,"Взвейтесь кострами, синие ночи: (Судьба Илюши Барабанова). Пьеса в 2-х д.","ЖАРИКОВ, Леонид.",,,
26126,26127,11545,"Взвейтесь, соколы, орлами: Из жизни юнкеров. Повесть.",АТСКИЙ.,,,
26128,26129,11546,Взвод.,"РАКИТИН, Николай Васильевич.",,,
26130,26131,11547,Взвод под снегом.,"ГАВРИЛОВ, В.",,,
26132,26133,11548,Взводень: Стихи и поэмы.,"ЖУ-РАВЛЕВ-ПЕЧОРСКИЙ, Василий Степанович.",,,
26134,26135,11549,Взволнованная страна.,"КОЗИН, Владимир Романович.",,,
26136,26137,11550,Взволнованный берег: Стихи.,"ШПИРТ, Александр Исаакович.",,,
26138,26139,11551,Взволнованный мир: Повесть.,"ВОРОНЦОВА, Тамара Федоровна.",,,
26140,26141,11552,Взгляд: Стихи.,"ЛЮБОВИКОВ, Овидий Михайлович.",,,
26142,26143,11553,Взгляд: Стихи и поэмы.,"ВОЗНЕСЕНСКИЙ, Андрей Андреевич.",,,
26144,26145,11554,Взгляд в корень.,"ПРУТКОВ, Иван Кузьмич.",,,
26146,26147,11555,Взгляд земли.,"МАВРОДИЕВ, Владимир Евгеньевич.",,,
26148,26149,11556,Взгляд на мою жизнь: Записки действительного тайного советника Ивана Ивановича Дмитриева. В 3-х ч.,"ДМИТРИЕВ, Иван Иванович.",,,
26150,26151,11557,Взгляд на поэзию: Стихотворение.,"ДОБРОХОТОВ, Феофил.",,,
26152,26153,11558,Взгляд на русские сказки и песни и Повесть в духе старинных русских стихотворений.,"ЦЕРТЕЛЕВ, Николай Андреевич.",,,
26154,26155,11559,Взгляд назад: Повесть.,"СТРОГОВ, Михаил (ВЕРНЕР, Михаил Антонович).",,,
26156,26157,11560,Взгляд прощающий: Повесть.,"ЯРОВОЙ, Павел.",,,
26158,26161,11561,Взгляды аббата Жерома Куаняра.,"ФРАНС, Анатоль.",,,
26162,26163,11562,"Взгляни на дом свой, ангел: История погребенной жизни. Роман.","ВУЛЬФ, Томас.",,,
26164,26165,11563,Взгорья.,"КОНОВАЛОВА, Лидия Александровна.",,,
26166,26167,11564,Вздор: Комедия в 3-х д.,"ФИНН, Константин.",,,
26168,26169,11565,Вздор: Роман.,"ВУДВОРД, Вильям ",,,Е_
26170,26171,11566,Вздорные рассказы.,"БУДИЩЕВ, Алексей Николаевич.",,,
26172,26173,11567,Вздохи на скамейке: Юмористические рассказы.,"ЕГОРОВ, Борис Андрианович.",,,
26174,26175,11568,Вздохи о Холмщине: Стихотворения.,"ОСТРОВСКИЙ, Владимир Павлович.",,,
26176,26179,11569,Взирая на календарь.,"ГРАНОВ, Вильгельм.",,,
26180,26181,11570,"Взирая на лица: (Пародии, эпиграммы, иронические портреты).","ВАСИЛЬЕВ, Сергей Александрович.",,,
26182,26183,11571,Взирая на лица: Стихи. Фельетоны. Басни.,"ПАУШКИН, Геннадий Александрович.",,,
26184,26185,11572,Взлет: Повести и рассказы.,"БЕ-ЖАНИШВИЛИ, Ростом Титикович.",,,
26186,26187,11573,Взлет: Пьеса в 4-х д.,"ВАГРАМОВ, Федор Аркадьевич.",,,
26188,26189,11574,Взлет: Рассказы о Владимире Коккинаки.,"ТАРАДАНКИН, Константин Михайлович, ВИЛЕНСКИЙ, Эзра Самой-лович.",,,
26190,26191,11575,Взлет: Роман.,"КИРИИ, Алексей Алексеевич.",,,
26192,26193,11576,Взлет: Стихи.,"ВАГАНОВ, Николай Васильевич",,,","
26194,26195,11577,Взлет: Стихи.,"ЖАРОКОВ, Таир Жарокович.",,,
26196,26197,11578,Взлет: Стихи.,"ЖУРАВЛЕВ, Василий Андреевич.",,,
26198,26199,11579,Взлет против ветра: Повести и рассказы.,"СЕМЕНИХИН, Геннадий Александрович.",,,
26200,26201,11580,Взлетают против ветра: Роман.,"СИНЕНКО, Владимир Иванович.",,,
26202,26203,11581,Взлетная полоса: Драма в 3-х д.,"ТОБОЛКИН, Зот Корнилович.",,,
26204,26205,11582,Взлетная полоса: Избранные стихи.,"ОИФА, Петр Наумович.",,,
26206,26207,11583,Взлетная полоса: Повесть.,"КОЛЕСНИКОВ, Виктор Сергеевич.          ",,,^
26208,26209,11584,Взлетная полоса: Повесть.,"ЧЕРЕПАНОВ, Лев Степанович.",,,
26210,26211,11585,Взлетная полоса: Роман.,"НАКА-МОТО, Такако.",,,
26212,26213,11586,Взлетная полоса: Роман и повесть.,"БЕЛЯЕВ, Александр Павлович.",,,
26214,26215,11587,Взлетная полоса: Стихи.,"НЕФЕДОВ, Евгений Андреевич.",,,
26216,26217,11588,Взлетная полоса: Стихи.,"СЮНЬ-КОВ, Геннадий Константинович.",,,
26218,26219,11589,Взлеты: Рассказы.,"ШИШКОВ, Вячеслав Яковлевич.",,,
26220,26221,11590,Взлеты: [Роман].,"АРСКИЙ, Р.",,,
26222,26223,11591,Взлеты: Стихи.,"ИСАКОВСКИЙ, Михаил Васильевич.",,,
26224,26225,11592,Взлеты и падения Семена Струч-кова: Юмористическая повесть.,"ШИНГА-РЕВ, Владимир Павлович.",,,
26226,26227,11593,Взломщики сердец или Хождение в страну пяти рек.,"СИНГХ, Даршан, БЕ-НЮХ, Олесь.",,,
26228,26229,11594,Взмах: Стихи.,"ОБРАДОВИЧ, Сергей Александрович.",,,
26230,26231,11595,Взмах крыла: [Стихи].,"КРУГЛЯКОВ, Геннадий Владимирович.",,,
26232,26233,11596,Взмах крыла: [Стихи].,"МАЙСКИЙ, Павел Николаевич.",,,
26234,26235,11597,Взмах руки: Стихи.,"ЕВТУШЕНКО, Евгений Александрович.",,,
26236,26237,11598,Взмахи.,"ГРУДЕВ, Игорь Тимофе ",,,евич.
26238,26239,11599,Взмет: Пьеса.,"ИЛЬИНСКИЙ, Федор Владимирович.",,,
26240,26241,11600,Взмет: Пьеса в 7-ми карт.,"ЦИ-НОВСКИИ, Леонид Яковлевич.",,,
26242,26243,11601,Взморье: Повесть и рассказы.,"ЖДАНОВ, Игорь Николаевич.",,,
26244,26245,11602,Взморье: Стихи.,"ШЕФНЕР, Вадим Сергеевич.",,,
26246,26247,11603,Взморье жизни: Драма в 5-ти д.,"МНИМЫЙ, А.",,,
26248,26249,11604,"Взойдет ясно солнце, прощай светел месяц: Комедия в 2-х д. (Снимок с натуры).",КОЛ-. К.,,,
26250,26251,11605,Взорваль.,"КРУЧЕНЫХ, Алексей Елисеевич.",,,
26252,26253,11606,Взорванные горы: Книга очерков.,"НОРИН, Сергей.",,,
26254,26255,11607,Взорванный горизонт: Стихи.,"КОРЕНЕВ, Александр Кириллович.",,,
26256,26257,11608,Взошла Венера; Острова; Сопки идут на Север: Повести.,"МАЗНИЦЫН, Владимир Иванович.",,,
26258,26259,11609,Взошла... звезда-то...: Рассказ.,"СЕВЕРНЫЙ, С. (ДУРЫЛИН, Сергей Николаевич).",,,
26260,26261,11610,Взрастает новь: (Производственные очерки).,"ЧМЫРЬ, Владимир (РОКОТОВ).",,,
26262,26263,11611,Взрослеют в пути: Повесть.,"КИ-БАРДИН, Юрий Архипович.",,,
26264,26265,11612,Взросло на камне: Стихи.,"ДО-ЛЕНГО, Михаил (КЛОКОВ, Михаил Васильевич).",,,
26266,26267,11613,Взрослым...,"АКСЕНОВА, Анна Сергеевна.",,,
26268,26269,11614,Взрослым и детям: Стихи и басни.,"МИХАЛКОВ, Сергей Владимирович.",,,
26270,26271,11615,Взрыв: Несмешная комедия в 3-х д.,"ТАРАЗИ, Аким.",,,
26272,26273,11616,Взрыв: (Отрывок из повести «Тамара»).,"ЖЕЛИХОВСКАЯ, Вера Петровна.",,,
26274,26275,11617,Взрыв: Повесть.,"ГУРО, Ирина.",,,
26276,26277,11618,Взрыв: Повесть.,"ПОЛУХИН, Юрий Дмитриевичч.",,,
26278,26279,11619,Взрыв: Повесть.,"ТЕРЕЩЕНКО, Григорий Михайлович.",,,
26280,26281,11620,Взрыв: Приключенческие повести.,"КИРИЧЕНКО, Анатолий Павлович, МЯСНИКОВ, Валентин Николаевич.",,,
26282,26283,11621,Взрыв: Пьеса в 2-х актах.,"ДВОРЕЦКИЙ, Игнатий Моисеевич.",,,
26284,26285,11622,Взрыв: Пьеса в 3-х д.,"СМИРНОВ, Николай Григорьевич, ЩЕРБАКОВ, С. С.",,,
26286,26287,11623,Взрыв: Пьеса в 4-х актах.,"ГЛАЗЫРИН, Влад.",,,
26288,26289,11624,Взрыв: Рассказ.,"МОНИГЕТТИ, Константин Федорович.",,,
26290,26291,11625,Взрыв: Рассказ из железнодорожного быта.,"БАБКИН, Петр Иванович.",,,
26292,26293,11626,Взрыв [Рассказы].,"ПАВЛОВ, Владимир Владимирович.",,,
26294,26295,11627,Взрыв: [Роман].,"КУДИМОВ, Виктор.",,,
26296,26301,11628,Взрыв: Роман.,"МОПАССАН, Гюи де. ",Золотое дно; Монт-Ориоль.,,
26302,26303,11629,Взрыв: [Роман].,"МУЛИН, Ларе.",,,
26304,26305,11630,Взрыв: Роман.,"СКОСЫРЕВ, Петр Георгиевич.",,,
26306,26307,11631,"Взрыв в бухте Караташ: Повесть, рассказы.","БОЖАТКИН, Михаил Иванович.",,,
26308,26309,11632,Взрыв в бухте Тихой: Повести и рассказы.,"БОЖАТКИН, Михаил Иванович.",,,
26310,26311,11633,Взрыв в океане: Повесть.,"ЖЕ-МАИТИС, Сергей Георгиевич.",,,
26312,26313,11634,Взрыв замедленного действия. Роман.,"МЕЛЬНИК, Михаил Ефимович.",,,
26314,26315,11635,"Взрыв, которого не было.","МУ-ХАММАДИЕВ, Фазлиддин.",,,
26316,26317,11636,Взрыв на заре.,"ВОДОПЬЯНОВ, Михаил Васильевич.",,,
26318,26319,11637,Взрыв на реке Бёрме: Роман.,"ХАНССОН, Харальд.",,,
26320,26321,11638,Взрыв произведен сегодня: Приключенческие повести и рассказы.,"ТОМАН, Николай Владимирович.",,,
26322,26323,11639,Взрыв стал неизбежен: Публицистический рассказ.,"КОБЫШ, Виталий Иванович.",,,
26324,26325,11640,Взрыв турецкого корабле и семь дней в плену у турок: Рассказы старого русского моряка.,"КУКЕЛЬ (ЛУНИН, В. А.).",,,
26326,26327,11641,Взрывчатая тишина: Стихи.,"КОВАЛЕВ, Владимир Дмитриевич.",,,
26328,26329,11642,Взрывы кончаются в полночь: Повесть.,"РАДЧЕНКО, Виталий Григорьевич.",,,
26330,26331,11643,Взрывы над Днепром: (Рассказы о выдающемся руководителе партизанской борьбы в Белоруссии К. С. Заслонове).,"КРУШИНСКИЙ, Алексей Степанович.",,,
26332,26333,11644,Взывающие корпуса.,"ЛАИЦЕНС, Линард (ЛАЙЦЕН, Линард Петрович).",,,
26334,26335,11645,Взыскательный путник: Книга стихов.,"НАРОВЧАТОВ, Сергей Сергеевич.",,,
26336,26337,11646,Взятие Базейля: Из франко-прусской войны.,"ЗОЛЯ, Эмиль.",,,
26338,26339,11647,Взятие Бастилии: (14-е июля). Драма в 3-х д.,"РОЛЛАН, Ромен.",,,
26340,26341,11648,Взятие Берлина в 1760 г.: Повесть.,"СЕМЕНОВ, Сергей Иванович.",,,
26342,26343,11649,Взятие Варшавы: Стихотворение.,"ВЕРЕВКИН, Николай Николаевич.",,,
26344,26345,11650,Взятие Великошумска: Повесть.,"ЛЕОНОВ, Леонид Максимович.",,,
26346,26347,11651,Взятие Громовицы: Маленькая повесть.,"АСАНОВ, Николай Александрович.",,,
26348,26349,11652,Взятие Иерихона или Спасенная грешница: Поэма.,"КОТТЕН, Софи.",,,
26350,26351,11653,Взятие Казани: Сценическая поэма в 10-ти отделениях.,"ЛАПИН, Василий Иннокентьевич.",,,
26352,26353,11654,Взятие Карса или Да здравствует Муравьев.,"НЕСТЕРОВ, Александр Коно-нович.",,,
26354,26355,11655,Взятие Массады или Конец войны Иудейской.,"ВОЙЦЕХОВИЧ, Иван П.",,,
26356,26357,11656,Взятие редута.,"МЕРИМЕ, Про-спер.",,,
26358,26359,11657,"Взятие Севастополя или Хотели, да не успели.","ТАТАРИНОВ, Петр Петрович.",,,
26360,26361,11658,Взятие сто четвертого: Повесть.,"АГРАНОВСКИЙ, Валерий Абрамович.",,,
26362,26363,11659,Взятие Тымкаберта.,"ТУМАНЯН, Ованес Тадевосович.",,,
26364,26365,11660,Взятое с бою: Стихи.,"КОВАЛЕВСКИЙ, Иван Ефимович.",,,
26366,26367,11661,Взятые города: Стихи.,"БЕЛИНСКИЙ, Яков Львович.",,,
26368,26369,11662,Взять живым!: Роман.,"КАРПОВ, Владимир Васильевич.",,,
26370,26371,11663,Ви Вилли Винки — Мотти Гюй: Таинственное происшествие.,"КИПЛИНГ, Редьярд.",,,
26372,26373,11664,Виа Антонио Грамши: Повесть.,"ХИГЕРОВИЧ, Рафаил Исаевич.",,,
26374,26375,11665,Виа де Магадзини: Семейная хроника.,"ПРАТОЛИНИ, Васко.",,,
26376,26377,11666,Виадук: Комедия в 4-х д.,"ГО-ЛОВЧИНЕР, Виктор.",,,
26378,26381,11667,Вива Вилья!:    Киносценарий.,"ХЕКТ, Бен.",,,
26382,26383,11668,Виват Абдул!: Да здравствуют французы! или Торжество Парижа.,К. М. С...,,,
26384,26385,11669,Вивьетта.,"ЛОКК, Уильям Джон.",,,
26386,26387,11670,Вид с белой горы.,"КЕШОКОВ, Алим Пшемахович.",,,
26388,26389,11671,Вид с горы: Рассказы.,"СИНЕРВО, Эльви.",,,
26390,26391,11672,Вид с моста: Пьеса в 1-м д.,"МИЛЛЕР, Артур.",,,
26392,26393,11673,Видение: Исторический рассказ из жизни имп. Екатерины I; Ангел-хранитель. Исторический рассказ из жизни имп. Петра II.,"ЗАРИН, Андрей Ефимович.",,,
26394,26395,11674,Видение дона Родерика.,"СКОТТ, Вальтер.",,,
26396,26397,11675,Видение императора: Из серии рассказов «Легенды о Христе».,"ЛАГЕРЛЕФ, Сельма.",,,
26398,26401,11676,Видение Наполеона: Исторический рассказ.,Имя авт. не установлено.,,,
26402,26403,11677,"Видение наяву и Разговор Наполеона] с С[атаною] после сожжения Москвы и подорвания части кремлевских стен при уходе Наполеона с войсками из оной, куда он был допущен без бою и почти в пустую.","ОТСТАВНОЙ РУССКИЙ НА СТЕПИ (НОВИКОВ, Семен).",,,
26404,26405,11678,Видение Соломона: Стихотворение.,"КАШИНЦОВ, Николай Андреевич.",,,
26406,26407,11679,Видение Уильяма о Петре Пахаре.,"ЛЕНГЛЕНД, Уильям.",,,
26408,26411,11680,Видения в Пиренейском замке: В 8-ми ч.,Имя авт. не установлено.,,,
26412,26413,11681,Видения и мечты японского «Микадо»: Тени великих русских полководцев.,"В... В, Д.",,,
26414,26415,11682,Видения молодого Офега.,"ГАНС-СОН, Ола (ХАНСОН, Ула).",,,
26416,26417,11683,Виденное и слышанное: Рассказы и воспоминания.,"ФОРЗАГ, Юрий Н.",,,
26418,26419,11684,"Виденное, слышанное, передуманное и перечувствованное.","СЕЛИВАНОВ, Илья Васильевич.",,,
26420,26421,11685,Виденье: Комедия в 1-м д.,"БУЛА-ЦЕЛЬ, Иван Михайлович.",,,
26422,26423,11686,Виденья: Мелкие стихотворения. Вып. 1.,"РОС ЛАВ Л ЕВ, Александр Степанович.",,,
26424,26425,11687,Видеть и не видеть: Повести и рассказы.,ЗАХАРЖЕВСКИИ В,,,алериан Петрович.
26426,26427,11688,Видземские рассказы.,"БААЛЬ, Вольдемар Иванович.",,,
26428,26429,11689,Видимое и невидимое: Рассказы.,"КОЖЕВНИКОВ, Вадим Михайлович.",,,
26430,26431,11690,Видная шея: Юмор и сатира.,"СМИРНОВ, Вячеслав Васильевич.",,,
26432,26433,11691,Видок: Король разбойников — король сыщиков. Роман.,"ЛОНЕ, Луи, МАРИО, Марк.",,,
26434,26435,11692,Вижу берег: Повести.,"ДАВЫДОВ, Юрий Владимирович.",,,
26436,26437,11693,Вижу зеленый!: Повесть.,"АНДРИАНОВ, Федор Константинович.",,,
26438,26439,11694,Вижу зеленый...: Повесть.,"ЛОПУХОВ, Петр Михайлович.",,,
26440,26441,11695,Вижу землю: Повести и рассказы.,"НЕЧАЕВ, Вадим Викторович.",,,
26442,26443,11696,Вижу море.,"ХАЛИЛЕЦКИИ, Георгий Георгиевич.",,,
26444,26445,11697,Вижу солнце: Документальная повесть.,"ОСЬКИН, Дмитрий Васильевич.",,,
26446,26447,11698,Вижу цель: Стихи.,"СКРИБЧЕН-КО, Александр Александрович.",,,
26448,26449,11699,Виза в Россию: Драма в 3-х д.,"ТУР, Ариадна, ТУР, Петр.",,,
26450,26451,11700,Виза времени.,"ЭРЕНБУРГ, Илья Григорьевич.",,,
26452,26453,11701,Византийская царевна.,"РАЗИН, Алексей Егорович.",,,
26454,26455,11702,Византийский клад.,"АКБАЛ, Октай.",,,
26456,26457,11703,Византия: [Драма].,"АДАН, Поль.",,,
26458,26459,11704,Византия: Роман.,"ЛОМБАР, Жан.",,,
26460,26461,11705,"Визирь Абдул и другие рассказы, были и басни.","ТОЛСТОЙ, Лев Николаевич.",,,
26462,26463,11706,Визит: Рассказы и повести.,"ЯРОШ, Петер.",,,
26464,26467,11707,Визит: Шуточная сценка.,"ЛАВЕ-ДАН, Анри Леон. ",,За десертом...,
26468,26469,11708,Визит в Москву: Дневник Клер Шаридан. В 3-х д.,"ГВОЗДЕВ, Евгений Иванович.",,,
26470,26471,11709,Визит вежливости: Киносценарий.,"ГРЕБНЕВ, Анатолий Борисович, РАЙЗМАН, Юлий Яковлевич.",,,
26472,26473,11710,Визит вежливости: Сатирические и юмористические рассказы.,"РЫБКИН, Александр Романович.",,,
26474,26475,11711,Визит дамы: Пьеса в 3-х актах.,"ДЮРРЕНМАТТ, Фридрих.",,,
26476,26477,11712,Визит к Минотавру: Роман.,"ВАЙНЕР, Аркадий Александрович, ВАЙНЕР, Георгий Александрович.",,,
26478,26479,11713,Визит капитана Стормфильда на небесах.,"ТВЭН, Марк (ТВЕН, Марк).",,,
26480,26483,11714,Визит на маленькую планету: Фантастико-сатирическая комедия в 3-х д.,"ВИДАЛ, Гор.",,,
26484,26487,11715,Визит пожилой дамы: Трагикомедия с послесловием.,"ДЮРРЕНМАТТ, Фридрих. ",Визит дамы.,,
26488,26489,11716,Визитная карточка: Водевиль в 1-м д.,"ГРЕИ, С. (РОЗОВСКИЙ, Александр Константинович).",,,
26490,26491,11717,Визитная карточка: [Пасхальный этюд-шутка].,"ТОМСКИЙ, Ник.",,,
26492,26495,11718,Визитная карточка:    [Стихи].,"БСИСУ, Муин.",,,
26496,26501,11719,Визиты в окно или Четыре вдруг: Водевиль в 1-м д.,Имя авт. не установлено.,,,
26502,26505,11720,Вий.,"ГОГОЛЬ, Николай Васильевич. ",Три ночи у гроба ведьмы: (Вий).,,
26506,26507,11721,Викинг: Романтическая история из эпохи III и IV столетий.,"ДЮ-ШАЛЬЮ, Поль (ДЮШАЙЮ, Поль Беллон).",,,
26508,26509,11722,Викинги: Роман.,"УНДСЕТ, Сигрид (УНСЕТ, Сигрид).",,,
26510,26511,11723,Виконт Альфонс: Рассказ.,"ГАРСИА, Педро.",,,
26512,26515,11724,Виконт де Бражелон: Роман. Ч. 1—6.,"ДЮМА, Александр (отец). ",Десять лет спустя.,,
26516,26519,11725,Виконтесса Жермена:    Роман.,"МОНТЕПЕН, Ксавье де.",,,
26520,26521,11726,Виктор: Повесть.,"ВЕЛЬТМАН, Елена Ивановна.",,,
26522,26523,11727,Виктор Бельский: Ч. 1—2.,"ЕВ-ПСИХИЕВ, Петр.",,,
26524,26525,11728,Виктор Вавич.,"ЖИТКОВ, Борис Степанович.",,,
26526,26527,11729,Виктор Галин: Комедия в 4-х д.,"КРЕЧИНИН, Сергей Ильич.",,,
26528,26529,11730,Виктор или Дитя в лесу.,"ДЮК-РЕ-ДЮМИНИЛЬ, Франсуа Гийом.",,,
26530,26531,11731,Виктор или Следствия худого воспитания.,"С... в, П... (СУМАРОКОВ, Павел Иванович).",,,
26532,26533,11732,Виктор Михалев ищет место в жизни.,"ЗАХАРОВ, Петр Михайлович.",,,
26534,26535,11733,Виктор Павлович Пичужкин: Сцены из провинциальной жизни в 4-х д.,"ФЕДОТОВ, Александр Филиппович.",,,
26536,26537,11734,Виктор Полинский: Роман.,"МАШКОВ, Петр Алексеевич.",,,
26538,26539,11735,Викторин.,"МАЛО, Гектор.",,,
26540,26541,11736,Виктористы.,"Г-В, И. А. (ГОРЯЙНОВ, Иван Александрович).",,,
26542,26543,11737,Виктория: (История одной любви).,"ГАМСУН, Кнут.",,,
26544,26547,11738,Виктория Павловна: (Именины). Роман.,"АМФИТЕАТРОВ, Александр Валентинович. ",Именины.,,
26548,26551,11739,Виктория Фельтон:      Роман.,"ДЖОРДЖ, Уолтер.",,,
26552,26553,11740,Вилена: Научно-фантастическая пьеса в 3-х д.,"КАЗАНЦЕВ, Александр Петрович.",,,
26554,26555,11741,Виленская жизнь: Фельетонные этюды.,"ЛЕВАНДА, Лев Осипович.",,,
26556,26557,11742,Виленские коммунары: Роман-хроника; Тихое течение: Повесть.,"ГОРЕЦКИИ, Максим Иванович.",,,
26558,26559,11743,Вилка без ножа или Наши адвокаты в затруднительном положении: Сцена a propos в 2-х д.,"ГРЕШНЫЙ, А. ",,,"3. (БУРАКОВСКИЙ, Александр Захарович)."
26560,26561,11744,Вилла «Амур».,"ЛИПШИЦ, Семен Германович.",,,
26562,26563,11745,Вилла Виктория.,"БЬЯРНЕ, Иван.",,,
26564,26565,11746,Вилла Купидона: Фарс в 1-м д.,"МАНУШИ, Жан, ТИМОРИ (ТИММОРИ, Габриель).",,,
26566,26567,11747,Вилла роз; Силки: Романы; Сыр; Танкер: Повести.,"ЭЛСХОТ, Виллем.",,,
26568,26569,11748,Вилла «Эдит»: Повесть.,"БАРИНОВ, Марк Михайлович.",,,
26570,26571,11749,Вилли: Повесть в стихах.,"ЛУХМАНОВ, Дмитрий Афанасьевич.",,,
26572,26573,11750,Вилли из Гамбурга.,"МЕЩЕРЯКОВ, Тимофей Степанович.",,,
26574,26577,11751,Виллиам и Генрих или Первая неосторожность опасна: Английский роман.,Имя авт. не установлено.,,,
26578,26579,11752,Вилошники.,"АППАКОВА, Дардь-жи Сейфуловна (АППАКОВА, Дарджия Сейфулловна).",,,
26580,26583,11753,"Вильгельм, будешь ты бедный...",НИКИФОРОВ,,,", с. и."
26584,26585,11754,Вильгельм в аду: [Рассказ в стихах].,"ЗЛОЙ САТИР (ШКУЛЕВ, Филипп Степанович).",,,
26586,26587,11755,Вильгельм в аду: [Стихотворение].,"МЕЧ, Р. (МЕНДЕЛЕВИЧ, Родион Абрамович).",,,
26588,26589,11756,Вильгельм в гареме султана или Кровавый пир: Немецко-турецкая сказка.,"ШУХМИН, Христофор Алексеевич.",,,
26590,26593,11757,Вильгельм II и его союзники: (Поэма).,"ТУТОВ, Н. [!] ",,,"И. [!] (ТУТОВ, И. Н.). На 1-й с. текста загл.: Вильгельм Кровавый и Франц-Иосиф Лукавый."
26594,26595,11758,Вильгельм Гугарт: Стихотворение.,"БЕЗДАРНЫЙ, Петр.",,,
26596,26597,11759,Вильгельм-Завоеватель: Комедия в 1-м д.,"ДЕ-КАИЛЬАВЕ (КАИЯВЭ, Гастон Арман), ФЛЕР, Роберт де.",,,
26598,26599,11760,Вильгельм-Завоеватель или Любовная ванна: Неожиданность в 1-м д.,"ШИЛОВСКИИ, Е. (ШИЛОВСКАЯ, Елизавета Петровна).",,,
26600,26601,11761,Вильгельм и Вера Чеберяк или Драма с мандолиною: Миниатюра в 1-м д.,"СВЕНЦИЦКИИ, Оттон Николаевич.",,,
26602,26603,11762,"Вильгельм—клоп: Юмористические и фантастические военные рассказы, стихи и карикатуры.","ТРАВИН, Петр Александрович.",,,
26604,26605,11763,Вильгельм-колонист или Одураченный немец: Немецкая любовь. Картинка из русско-немецкой деревенской; жизни в 1-м д. с пением.,"ЛЕОНИДОВ, Виктор (КВЕЦИНСКИИ, Виктор Францевич).",,,
26606,26607,11764,Вильгельм Кровавый: (Поэма).,"ТУТОВ, И. Н.",,,
26608,26611,11765,Вильгельм Кровавый и Франц-Иосиф Лукавый: (Поэма).,"ТУТОВ, И. Н. Изд. ",,,также под заглавиями: Вильгельм II и его союзники.
26612,26613,11766,"Вильгельм-людоед: Юмористические и фантастические военные рассказы, стихи и карикатуры.","ТРАВИН, Петр Александрович.",,,
26614,26617,11767,Вильгельм с Францем и Магоме- том у колдуньи Розеты: Рассказ.,"ШУХМИН, Христофор Алексеевич.",,,
26618,26619,11768,Вильгельм Телль: Исторический рассказ.,"НИРИЦ, Густав (НИРИТЦ, Густав).",,,
26620,26623,11769,Вильгельм Телль: [Рассказ].,Имя авт. не установлено.,,,
26624,26625,11770,Вильгельм Телль: [Рассказ].,"РОЗАНОВА, Мария Ивановна.",,,
26626,26627,11771,Вильгельм Телль: Трагедия.,"ШИЛЛЕР, Фридрих.",,,
26628,26631,11772,Вильгельм Телль и его товарищи: Историческая повесть.,"МАРШАЛЛ, Генриетта Елизабет.",,,
26632,26633,11773,Вильгельм Телль или Освобожденная Швейцария: С исторической картинкою и с присовокуплением новейшего сочинения сего автора под названием: Розальба. Сицилийская повесть.,"ФЛОРИАН, Жан Пьер Клари.",,,
26634,26635,11774,Вильнюсские этюды: Стихи.,"МО-ЗУРЮНАС, Владас Юозович.",,,
26636,26637,11775,Вилья-Мисерия тоже Америка.,"ВЕРБИТСКИ, Бернардо.",,,
26638,26639,11776,Вильям Вильсон.,"ПО, Эдгар Аллан.",,,
26640,26641,11777,Вильям Ратклиф: Трагедия.,"ГЕЙНЕ, Генрих.",,,
26642,26643,11778,Вилюйский узник: Драма в 3-х актах.,"ОЛЬХОН, Анатолий.",,,
26644,26645,11779,Вилюйский узник: Поэма.,"ДО-РОШКО, Петро (ДОРОШКО, Петр Онуф-риевич).",,,
26646,26647,11780,Вилюе Каралюс: Роман.,"СИМО-НАЙТИТЕ, Ева Эдмасовна.",,,
26648,26649,11781,Вина: Драма в 3-х д.,"ГИЛЬБЕР, Ярослав.",,,
26650,26655,11782,Виндзорские кумушки: Комедия в 5-ти д.,"ШЕКСПИР, Вильям. ",Веселые виндзорские кумушки; Виндзорские насмешницы; Виндзорские проказницы; Превосходная и приятная комедия о сэре Джоне Фальстафе и виндзорских насмешницах.,,
26656,26657,11783,Виндзорские насмешницы: Превосходная и приятная комедия о сэре Джоне Фальстафе и виндзорских насмешницах.,"ШЕКСПИР, Вильям.",,,
26658,26659,11784,Виндзорские проказницы.,"ШЕКСПИР, Вильям.",,,
26660,26661,11785,Винета.,"ЛАГЕРЛЕФ, Сельма.",,,
26662,26663,11786,Виннету.,"МАИ, Карл Фридрих.",,,
26664,26667,11787,Виннипегский волк: Рассказ.,"СЕТОН-ТОМПСОН, Эрнест. ",Волк из Виннипега.,,
26668,26669,11788,Винные погреба: (Стихи).,"РЯД-ЧЕНКО, Иван Иванович.",,,
26670,26671,11789,Вино: Рассказ крестьянина.,"СЕМЕНОВ, Сергей Терентьевич.",,,
26672,26673,11790,Вино в деревне.,"ЗАВРАЖНЫИ, Григорий.",,,
26674,26675,11791,Вино виновато.,Т-СЬ.,,,
26676,26677,11792,Вино волос.,"ПОЛОНСКИЙ, Яков.",,,
26678,26679,11793,Вино из одуванчиков.,"БРЕДБЕРИ, Рэй (БРЭДБЕРИ, Рэй).",,,
26680,26681,11794,Вино пить — беде быть: Рассказ.,"БУЛГАКОВ, П.",,,
26682,26683,11795,Вино человека сгубило: Рассказ.,"КУМИЧИЧ, Евгений.",,,
26684,26685,11796,Виноват актер: Шутка в 1-м д.,"МАНСФЕЛЬД, Дмитрий Августович.",,,
26686,26687,11797,Виновата ли она?: Записки.,"ПИСЕМСКИЙ, Алексей Феофилактович.",,,
26688,26689,11798,Виновата ли она?: Повесть.,"БЕЛОВ, Иван Дмитриевич.",,,
26690,26695,11799,Виновата ль она?: Драма в 5-ти д.; Средство не платить налогов: Водевиль в 1- м д.; Формальный развод: Водевиль в 2- х д.,"БАДИКОВ, Павел Федорович.",,,
26696,26697,11800,Виноватая: Комедия в 5-ти д.,"ПОТЕХИН, Алексей Антипович.",,,
26698,26699,11801,Виноватые.,"ГЕНЕЛЬ, Ганс Отто.",,,
26700,26701,11802,Виноватые и правые: Рассказы судебного следователя.,"ПОПОВ, К.",,,
26702,26703,11803,Виноватый; Переполох на загонах.,"ГОЛОВАЧ, Платон Романович.",,,
26704,26705,11804,Виноватых прощают.: Повести.,"ФЕДОРОВА, Лариса Федоровна.",,,
26706,26707,11805,"Виновна, но...: Роман мятежной души.","ЧАРСКАЯ, Лидия.",,,
26708,26711,11806,Виновная мать.,"БОМАРШЕ, Пьер Огюстен Карон. ",,Севильский цирюльник...,
26712,26713,11807,Виновник торжества: Повесть и рассказы.,"КОВАЛЕВ, Юрий Алексеевич.",,,
26714,26715,11808,Виновные; Кумир толпы: Повести.,"ЛАЦИС, Вилис Тенисович.",,,
26716,26717,11809,"Виновные, но не судимые. Драма в 5-ти д.","ГЕ, Иван Николаевич.",,,
26718,26719,11810,Виновный: Роман.,"КОППЕ, Франсуа.",,,
26720,26721,11811,Виноград: Рассказ.,"КАМАНИН, Федор.",,,
26722,26723,11812,Виноград: [Рассказы].,"ШМЕЛЕВ, Иван Сергеевич.",,,
26724,26725,11813,Виноградная лоза: Лирическая комедия в 2-х ч. с прологом.,"САФАР-ЗА-ДЕ, Юнис Гайдарович.",,,
26726,26727,11814,Виноградная лоза: Повесть.,"ДАВ-ТЯН, Маркар Даниелович.",,,
26728,26729,11815,Виноградная лоза: Стихи.,"СЕИ-ТОВ, Ходжабек.",,,
26730,26731,11816,Виноградник мой: Стихи.,"БЕРИ-АШВИЛИ, Бердия Петрович.",,,
26732,26733,11817,Виноградовцы: Героическая драма в 2-х карт.,"КОЗИН, Алексей Семенович.",,,
26734,26735,11818,Винокур.,"ГАНСОН, Т.",,,
26736,26737,11819,Винт в деревне: Юмористическая поэма.,ЛЮБИТЕЛЬ ВИНТА.,,,
26738,26739,11820,Винтик: (Байки).,"ВОЛКОВ, Михаил Иванович.",,,
26740,26741,11821,Винтовая лестница: Лирика.,"ВЕ-ГИН, Петр Викторович.",,,
26742,26743,11822,Винтовка: Представление в 1-м д.,"РОМАН, Р., ЖЕМЧУЖНЫЙ, Виталий Леонидович.",,,
26744,26745,11823,Винтовка: Рассказы.,"ИЛЛЕШ, Бела.",,,
26746,26747,11824,Винтовка брата.,"ЗАХАРОВ, Виталий Федорович.",,,
26748,26749,11825,"Винтовка и любовь: Стихи, 1921 — 23 гг.","ОБРАДОВИЧ, Сергей Александрович.",,,
26750,26751,11826,Винтовка № 492116: Пьеса вЗ-хд.,"КРОН, Александр.",,,
26752,26753,11827,Винтовка Шамиля: Рассказы.,"ДАНИЛИН, Сергей Степанович.",,,
26754,26755,11828,Винтовки: (Дневники о молодых партизанах).,"МИРОШНИЧЕНКО, Григорий Ильич.",,,
26756,26759,11829,Винтовки стоят в пирамиде.,"ГОЛЬДМАН, Юний Семенович.",,,
26760,26761,11830,Винтовку для Одиссея!: Рассказы.,"КУЛАКОВ, Николай Иванович.",,,
26762,26763,11831,Виолончель Санта Тереза: Повесть о музыке.,"МОГИЛЕВСКАЯ, Софья Абрамовна.",,,
26764,26767,11832,Виорикина месть: [Рассказ].,"МА-ЛЕВА, Вера Львовна. ",,Встреча...,
26768,26769,11833,Вира якорь: Повесть.,"БОТКОВ, Валерий Владимирович.",,,
26770,26771,11834,Виргиния или Поездка в Россию: Ч. 1—2.,"ВЕЛЬТМАН, Александр Фомич.",,,
26772,26773,11835,Виргинцы: Роман минувшего столетия.,ТЕККЕРЕИ У,,,"ильям, Мейкпис."
26774,26775,11836,Виринея: Повесть.,"СЕИФУЛЛИ-НА, Лидия Николаевна.",,,
26776,26777,11837,Виринея: Сцены народной жизни в 5-ти д.,"СЕЙФУЛЛИНА, Лидия Николаевна, ПРАВДУХИН, Валериан Павлович.",,,
26778,26779,11838,Вирус «В»-13: Приключенческая повесть.,"МИХЕЕВ, Михаил Петрович.",,,
26780,26783,11839,Вирфуль-Кудор.,"КАРМЕН, Сильва. ",,Пиатра Арса...,
26784,26785,11840,Вирява (Хозяйка леса). Одноактная пьеса.,"ЧЕРАПКИН, Николай Иосифович.",,,
26786,26787,11841,Вис и Рамин: Поэма.,"ГУРГАНИ, Фахриддин.",,,
26788,26789,11842,Вислый камень: Роман.,"БЕЛЯНКИН, Евгений Осипович.",,,
26790,26791,11843,Високосный год: Повесть.,"КОЗЬ-КО, Виктор Афанасьевич.",,,
26792,26793,11844,Високосный год: Рассказы.,"ЖУПАН, Иосиф Васильевич.",,,
26794,26795,11845,Витамин справедливости: Повести и рассказы.,"ГЕРОДНИК, Геннадий Иосифович.",,,
26796,26797,11846,Витамины для мозгов.,"ЮРЬЕВ, Зиновий Юрьевич.",,,
26798,26799,11847,Витамора: (Серый орел). Рассказ.,"ВИЛЬДЕ, Генрих.",,,
26800,26801,11848,Витим золотой.,"ФЕДОРОВ, Павел Ильич.",,,
26802,26803,11849,Виток времени.,"БЕЛИЧЕНКО, Юрий Николаевич.",,,
26804,26805,11850,Виток истории: Сборник научнофантастических повестей и рассказов.,РО-СОХОВАТСКИЙ. ,,,Игорь Маркович.
26806,26807,11851,Виток спирали: Повести.,"СТАРО-ДУБ, Сергей Федорович.",,,
26808,26809,11852,Виток спирали: (Рассказы).,"РИЧ, Валентин Исаакович.",,,
26810,26811,11853,Витражи: [Книга стихов].,"КРАВЦОВ, Геннадий Иванович.",,,
26812,26813,11854,Витражи: Миниатюры и лирические записи.,"БРЫЛЬ, Янка.",,,
26814,26815,11855,Витрина сердца: Стихи.,"МАРИЕНГОФ, Анатолий Борисович.",,,
26816,26817,11856,Витрины и манекены.,"ПОЗДНЕВА, Ольга Владимировна.",,,
26818,26819,11857,Виттория Аккорамбони.,СТЕНДАЛЬ.,,,
26820,26821,11858,Витушкин; Мужицкая калгота; Медоломы: Три рассказа.,"САЛОВ, Илья Александрович.",,,
26822,26823,11859,Витьбичи: Исторические новеллы.,"ОБУХОВА, Лидия Алексеевна.",,,
26824,26825,11860,Витька Грохотов и его компания: Повесть.,"КОЗЛОВ, Вильям Федорович.",,,
26826,26827,11861,Витька из нашего класса.,"ДУП-ЛЕНКО, Александра Петровна.",,,
26828,26829,11862,Витька Магеллан: Заседание Комиссии по делам несовершеннолетних с перерывом на 15 минут.,"НЕСТАИКО, Всеволод Зиновьевич.",,,
26830,26831,11863,Витька Мураш — победитель всех: Повесть.,"ТОМИН, Юрий.",,,
26832,26833,11864,Витька Мюнхаузен.,"ТРЕТЬЯКОВ, Юрий Федорович.",,,
26834,26835,11865,Витька с планеты Тропорэа.,"ВАСИЛЬЕВ, Владимир (ЛАГОНАКИС, Владимир Петрович).",,,
26836,26837,11866,Витька-тренер: Рассказы.,"ГОРБУНОВ, Николай Сергеевич.",,,
26838,26841,11867,Витя.,"МИЗГИРЬ, Николай. ",,Блаженный...,
26842,26843,11868,Витя в тигровой шкуре: [Рассказ].,"МИТТА, Александр Наумович.",,,
26844,26845,11869,Витя в тигровой шкуре: Рассказы.,"НИКИТЕНКО, Камилла Алексеевна.",,,
26846,26847,11870,Витя идет в плавание.,"ВОИТЮК, Иван Денисович.",,,
26848,26849,11871,"Витя Коробков — пионер, партизан.","ЕРШОВ, Яков Алексеевич.",,,
26850,26851,11872,Витя Тимофеев.,"ДУБЯНСКАЯ, Мария Марковна.",,,
26852,26853,11873,Витязи.,"КОБЗЕВ, Игорь Иванович.",,,
26854,26855,11874,Витязи неба: Повесть.,"КУРГУ-ЗОВ, Иван Петрович.",,,
26856,26857,11875,Витязи Руси: Стихотворения.,"АВРАМОВ, Евгений Павлович.",,,
26858,26859,11876,Витязи — синицы или Волшебный фонарь нашего времени.,СТАРЫЙ РУССКИЙ ИНВАЛИД.,,,
26860,26861,11877,Витязи студеного моря: Повесть.,"МАМИН, Николай Иванович.",,,
26862,26863,11878,Витязь: Пьеса в 4-х д.,"ЖУКОВСКАЯ-ЛИСЕНКО, Наталия Юльевна (ЖУКОВСКАЯ, Наталия Юльевна).",,,
26864,26865,11879,Витязь в дерматиновой шкуре: Веселые и серьезные рассказы.,"ТИХОМИРОВ, Константин Константинович.",,,
26866,26867,11880,Витязь в тигровой шкуре: Поэма.,"РУСТАВЕЛИ, Шота.",,,
26868,26869,11881,Витязь мести: Батуринский рассказ.,"П-СКИЙ, А.",,,
26870,26877,11882,Витязь новгородский Громовой: Повесть из времени Владимира Красного Солнышка.,Имя авт. не установлено. ,Громовой.,,
26878,26879,11883,Витязь с двумя мечами: Повесть.,"ТАТАИ, Шандор.",,,
26880,26881,11884,Витязь соловьиного слова.,"МАЛОВ, Федор Иванович.",,,
26882,26883,11885,Витязь Уструшаны: Повесть.,"ПАВЛОВА, Александра Ермолаевна.",,,
26884,26885,11886—11887,Витязь Янош: Повесть в стихах.,"ПЕТЕФИ, Шандор.",,,
26886,26887,11888,Вифлеемский младенец: Из серии рассказов «Легенды о Христе».,"ЛАГЕР-ЛЕФ, Сельма.",,,
26888,26889,11889,Вихран.,"АГАПКИНА, Анна.",,,
26890,26891,11890,Вихри: Рассказ.,"ТРЕНЕВ, Константин Андреевич.",,,
26892,26893,11891,Вихри: Стихи и песни.,"КОНДЫ-РЕВ, Лев Николаевич.",,,
26894,26895,11892,Вихри: Стихи и поэмы.,"АКБАРИ, Султан.",,,
26896,26897,11893,Вихри весенние.,"МУСЛИМ, Марат.",,,
26898,26899,11894,Вихри враждебные: Повесть.,"БИРЮКОВ, Николай Зотович.",,,
26900,26901,11895,Вихри мятежные: Драматическая эпопея в 13-ти карт.,"ЖЕЛЯБУЖСКИЙ, Алексей Леонидович.",,,
26902,26903,11896,Вихрь: Драма в 4-х д.,"ШИШКОВ, Вячеслав Яковлевич.",,,
26904,26905,11897,Вихрь: [Повесть].,"КОЗЕКО, Евгения Ивановна.",,,
26906,26907,11898,Вихрь: Роман.,"УЭДСЛИ, Оливия.",,,
26908,26909,11899,Вихрь: (1917). Роман.,"ДЕМИДОВ, Алексей Алексеевич.",,,
26910,26911,11900,Вихрь: (Шквал). Пьеса в 4-х д.,"ПОЛ ИЛОВ, Георгий Тихонович.",,,
26912,26913,11901,«Вихрь» и другие произведения последнего времени.,"ДОРОШЕВИЧ, Влас Михайлович.",,,
26914,26915,11902,Вихрь на рассвете: Роман.,"ВАХОВ, Анатолий Алексеевич.",,,
26916,26917,11903,Вихрь с кухни: Комедия в 2-х д.,"БЕЗДОМНЫЙ, Борис.",,,
26918,26919,11904,Вицмундир: Водевиль в 1-м д.,"КАРАТЫГИН, Петр Андреевич.",,,
26920,26921,11905,Вишенка: Роман.,"КОК, Поль де.",,,
26922,26923,11906,Вишневая ветка: Рассказы.,"ЖУКОВСКАЯ, Вера.",,,
26924,26925,11907,Вишневая гора: Стихи.,"КАМАЛОВ, Хасим Нуретдинович.",,,
26926,26927,11908,Вишневая косточка.,"ОЛЕША, Юрий Карлович.",,,
26928,26929,11909,Вишневая трубка: Повесть.,"РУ-ДОВ, Вениамин Семенович.",,,
26930,26931,11910,Вишневое дерево: Рассказы.,"КОП-ПАРД, Альфред Эдгар.",,,
26932,26933,11911,"Вишневые усмешки, крымские.","ВИШНЯ, Остап.",,,
26934,26935,11912,Вишневый листок: Рассказы.,"СЕН-ЧЕНКО, Иван Ефимович.",,,
26936,26937,11913,Вишневый май: Стихи.,"ВАРАВВА, Иван Федорович.",,,
26938,26939,11914,Вишневый омут.,"АЛЕКСЕЕВ, Михаил Николаевич.",,,
26940,26941,11915,Вишневый сад: Комедия в 4-х д.,"ЧЕХОВ, Антон Павлович.",,,
26942,26943,11916,Вишневый сад: Повесть.,"МУСАТОВ, Алексей Иванович, ЛЯШЕНКО, Михаил Юрьевич.",,,
26944,26945,11917,Вишневый сад: [Роман].,"БАБЛЯК, Владимир Самойлович.",,,
26946,26947,11918,Вишневый сад: Стихи.,"ТАТЬЯНИ-ЧЕВА, Людмила Константиновна.",,,
26948,26949,11919,Вишни: Рассказы.,"НОВИКОВ, Иван Алексеевич.",,,
26950,26953,11920,Вишни в снегу: Пьеса в 4-х д.,"ЧЕКИН, Игорь Вячеславович. ",Вишни цветут.,,
26954,26955,11921,Вишни для компота: Роман.,"СУХОТИН, Павел Сергеевич.",,,
26956,26957,11922,Вишни под дождем: Стихи.,"ПОЦ-ХИШВИЛИ, Морис Фомич.",,,
26958,26959,11923,Вишни цветут: Пьеса в 4-х д.,"ЧЕКИН, Игорь Вячеславович.",,,
26960,26961,11924,Вишня: Рассказы.,"КОРОЛЕВ, Алексей Васильевич.",,,
26962,26963,11925,Вишня в лесу: Стихи.,"МОРГУН, Федор Авксентьевич.",,,
26964,26965,11926,Вишня цветет: Рассказы.,"ВЕТЛУ-ГИН, Алексей Павлович.",,,
26966,26967,11927,Вишня цветет: Стихи.,"ПОЛТОРАЦКИЙ, Виктор.",,,
26968,26969,11928,Вклад.,"БЕДНЫЙ, Демьян.",,,
26970,26973,11929,Включаем без предупреждения.,"ЗВАНЦЕВ, Сергей.",,,
26974,26975,11930,Включите северное сияние.,"ПОГОДИН, Радий Петрович.",,,
26976,26977,11931,Вкруг ракитова куста и другие рассказы.,"МАМИН-СИБИРЯК, Дмитрий Наркисович.",,,
26978,26979,11932,Вкус воды: Повесть и рассказы.,"ГОГУА, Алексей Ночевич.",,,
26980,26981,11933,Вкус дикой вишни: Стихи.,"АКСЕНОВ, Константин Иванович.",,,
26982,26983,11934,Вкус жизни: Повести и рассказы.,"НИКОНОВ, Николай Григорьевич.",,,
26984,26985,11935,Вкус лимонника.,"СУСЛОПАРОВА, Фрида Абрамовна.",,,
26986,26987,11936,Вкус меда.,"ДИЛЭИНИ, Шейла (ДИЛЭИНИ, Шила).",,,
26988,26989,11937,Вкус медной проволоки: Рассказы.,"ЧЕРКАШИН, Геннадий Александрович.",,,
26990,26991,11938,Вкус переломленного хлеба: Повесть и рассказы.,"ШЕМЕТОВ, Алексей Иванович.",,,
26992,26993,11939,Вкус своего хлеба: Рассказы.,"ДАВЫДОВ, Исай.",,,
26994,26995,11940,Вкус тмина: Рассказы.,"ПОЦЮС, Альгирдас Зенонович.",,,
26996,26997,11941,Вкус хлеба: Повесть.,"УСОЛЬЦЕВ, Альберт Харлампьевич.",,,
26998,26999,11942,Вкус хлеба: Стихи и поэма.,"ЧЕ-ПАСОВ, Юрий Павлович.",,,
27000,27001,11943,Вкус черешни: Лирическая комедия в 2-х актах.,"ОСЕЦКАЯ, Агнешка.",,,
27002,27003,11944,"Владей, Фадей, нашей Настасьей, о десяти умных и об одном дураке: Сказка.","ОРЛОВ, Александр Анфимович.",,,
27004,27005,11945,Владек и Франек из Кревок: Рассказ.,"ДУНИН, А. А.",,,
27006,27007,11946,Владелец шарманки: Стихи и проза.,"ЦЫБУЛЬСКИЙ, Александр Семенович.",,,
27008,27011,11947,Владелица замка на Ливане: Роман.,"БЕНУА, Пьер. ",Владетельница Ливанского замка; Властительница Ливана.,,
27012,27013,11948,Владетель островов: Поэма в 6-ти песнях.,"СКОТТ, Вальтер.",,,
27014,27015,11949,Владетельница Ливанского замка: Роман.,"БЕНУА, Пьер.",,,
27016,27017,11950,Владимир: Драма в 5-ти актах.,"РУДАКОВА, А.",,,
27018,27019,11951,Владимир: Поэма эпическая.,"ХЕРАСКОВ, Михаил Матвеевич.",,,
27020,27021,11952,Владимир: Роман.,"СКЛЯРЕНКО, Семен Дмитриевич.",,,
27022,27023,11953,Владимир Барановский: Историческая повесть.,"МИКСОН, Илья Львович.",,,
27024,27025,11954,Владимир Бельский: Роман в стихах. Ч. 1—2.,МАЛЫШЕВ. ,,,Н. А.
27026,27027,11955,Владимир Великий: Поэма в трех песнях.,"СТАГНЕЛИУС, Иоган Эрик.",,,
27028,27031,11956,Владимир Влонский: Трагедия в 4- х д.,"ИВЕЛЬЕВ (ВЕЛИКОПОЛЬСКИЙ, Иван Ермолаевич).",,,
27032,27033,11957,Владимир Волгин: Повесть.,"БУТОВ, Николай Георгиевич.",,,
27034,27035,11958,Владимир Волгин: Роман в стихах.,"ПАНОВ, Николай Андреевич.",,,
27036,27037,11959,Владимир Грибиниченко.,"СОКОЛОВ, Виктор Викторович.",,,
27038,27041,11960,Владимир Заревский: Драма в 5- ти д.,"ЕФИМОВИЧ, Кондратий Дмитриевич.",,,
27042,27043,11961,Владимир и Юлия или Любовь девушки в шестнадцать лет: Роман. Ч. 1—2.,"К.С.Р.Н., Федор (КАРСАВИН, Федор).",,,
27044,27045,11962,Владимир Ильич Ленин: Поэма.,"МАЯКОВСКИЙ, Владимир Владимирович.",,,
27046,27047,11963,Владимир — Красное Солнышко.,АНДРЕЕВСКАЯ. ,,,Варвара Павловна.
27048,27051,11964,Владимир Маяковский: Поэма-воспоминание.,"ЖЕЛЕЗНОВ, Павел Ильич. ",,Максим Горький...,
27052,27053,11965,Владимир Маяковский: Трагедия в 2-х д. с прологом и эпилогом.,"МАЯКОВСКИЙ, Владимир Владимирович.",,,
27054,27055,11966,Владимир Молодцов.,"ГОЛ АНД, Валентина Яковлевна, ЖЕЛТОВ, Валентин Иванович.",,,
27056,27057,11967,Владимир Мстиславский или Русские в 1654 г.: Исторический роман из времен царствования царя Алексея Михайловича. В 2-х ч.,"Г...ЛЬ, Н.",,,
27058,27059,11968,Владимир Равноапостольный: Исторический роман.,"ДОБРЖИНСКИЙ, Гавриил Валерианович.",,,
27060,27063,11969,"Владимир, русское сердце, или Сдача города Могилева: Исторический роман из времен царствования царя Алексея Михайловича в 1654 г. В 2-х ч.",Имя авт. не установлено.,,,
27064,27065,11970,Владимир Серов.,"ШАНШАШВИ-ЛИ, Дмитрий Григорьевич.",,,
27066,27067,11971,Владимирские мономахи: Роман. В 4-х ч.,"САЛИАС, Е. А. (САЛИАС ДЕ ТУРНЕМИР, Евгений Андреевич).",,,
27068,27069,11972,Владимирские проселки.,"СОЛОУХИН, Владимир Алексеевич.",,,
27070,27071,11973,Владиславлев: Повесть из быта семинаристов и духовенства. Т. 1—4.,"МА-ЛЕОНСКИЙ, М. (БУРЦЕВ, Михаил Федорович).",,,
27072,27073,11974,Владыка: Рассказы.,"ТРЕНЕВ, Константин Андреевич.",,,
27074,27075,11975,Владыка Марса: («Марсиане»). Роман.,"БЭРРОУЗ, Эдгар (БЕРРОУЗ, Эдгар Райс).",,,
27076,27077,11976,Владыка мира: Современная пьеса в 4-х д.,"ГУМИЛЕВСКИЙ, Лев Иванович.",,,
27078,27081,11977,Владыка мира: [Роман].,"ВЕРН, Жюль. ",Властелин мира; Властелин над миром *.,,
27082,27083,11978,Владыка морей: Картина жизни Индийского океана.,"САЛЬГАРИ, Эмилио.",,,
27084,27085,11979,Владычный суд: Быль (Из недавних воспоминаний).,"ЛЕСКОВ, Николай Семенович.",,,
27086,27087,11980,Владькина победа.,"ЖУРАВЛЕВА, Эммелина Григорьевна.",,,
27088,27089,11981,Влас.,"МАЙСТРАХ, Владимир Францевич.",,,
27090,27091,11982,Власов или Погоня за наукою в доброе старое время: Этюды из народной жизни. Историческая драма в 5-ти д. с эпилогом.,ВИТТ.,,,
27092,27093,11983,Властелин: Большой таллакский медведь.,"ТОМПСОН-СЕТОН, Э. (СЕТОН-ТОМПСОН, Эрнест).",,,
27094,27101,11984,"Властелин Вселенной: Таинственный изобретатель капитан Морг, гроза всего мира, овладевший подземным миром и всеми планетами солнечной системы, имеющий свои форты на Луне и Марсе и це- лый город под землей. Новый, небывалый, фантастический, научный роман.",Имя авт. не установлено. ,"Гроза всего мира, Капитан Морг.",,
27102,27103,11985,Властелин гор.,"КАРПОВИЧ, Ти-тус.",,,
27104,27105,11986,Властелин и раба.,"ГЕОРГИЕВСКАЯ, М. В.",,,
27106,27107,11987,Властелин мира: Иллюстрированный роман.,"КРАФТ, Роберт.",,,
27108,27109,11988,Властелин мира: Научно-фантастическая повесть.,"ДАШКИЕВ, Николай Александрович.",,,
27110,27111,11989,Властелин мира: Научно-фантастический роман; Человек-амфибия; Продавец воздуха.,"БЕЛЯЕВ, Александр Романович.",,,
27112,27113,11990,Властелин мира: [Роман].,"ВЕРН, Жюль.",,,
27114,27115,11991,Властелин молний.,"БЕЛЯЕВ, Сергей Михайлович.",,,
27116,27117,11992,Властелин Окси-мира: Повесть.,БАХТАМОВ. ,,,Рафаил Борисович.
27118,27119,11993,Властелин южных морей: Роман.,"ЛОНДОН, Джек.",,,
27120,27121,11994,Властелины камня: Документальная повесть.,"СЕВЕРОВ, Петр Федорович.",,,
27122,27123,11995,"Властители и чудотворцы: (Или-одор, Гермоген и Распутин). Историческая хроника в 5-ти д.","БОРИСОВ, Дмитрий Михайлович.",,,
27124,27125,11996,Властитель дум: (Чернышевский). Пьеса в 4-х д.,"ЛЕРНЕР, Николай Никитич.",,,
27126,27127,11997,Властитель Золотой страны: Роман.,У ЛА.,,,
27128,27129,11998,Властительница Ливана: Роман.,"БЕНУА, Пьер.",,,
27130,27131,11999,Властительный костер: Вторая книга стихов.,"БРУСИЛОВСКАЯ, Е.",,,
27132,27133,12000,Власть: Драма в 2-х ч.,"СОФРО-НОВ, Анатолий Владимирович.",,,
27134,27135,12001,Власть: Драматические фрагменты Октября. В 4-х д.,"ГЛЕБОВ, Анатолий.",,,
27136,27137,12002,Власть: Драматическое представление в 4-х д.,"ТВЕРСКОЙ, Никита.",,,
27138,27139,12003,Власть: Стихи.,"АДАЛИС, А.",,,
27140,27141,12004,Власть апреля.,"КРУТОВ, Юрий.",,,
27142,27143,12005,Власть без славы: Роман.,"ХАРДИ, Фрэнк.",,,
27144,27145,12006,Власть воспитания или Отцы и дети: Драма в 4-х д.,"УМАНСКИЙ, Борис Филиппович.",,,
27146,27147,12007,Власть города: Книга рассказов.,"ЛЕСНОЙ, Илья (АГАФОНОВ, Илья Акимович).",,,
27148,27149,12008,Власть греха: Драма в 4-х д.,"ВЕРШИНИН, Алексей Платонович.",,,
27150,27151,12009,Власть денег: [Повесть].,"ФИБИХ, Клара.",,,
27152,27155,12010,Власть денег: Пьеса в 3-х д.,"МИР-БО, Октав. ",Раб наживы; Только нажива.,,
27156,27157,12011,Власть женщины: Повесть.,"ГЕЙНЦЕ, Николай Эдуардович.",,,
27158,27159,12012,Власть женщины: Роман.,"ГЕИЕР-СТАМ, Густав ",,,аф.
27160,27161,12013,Власть земли; Не случилось; Старый бурмистр: Очерки и отрывки из памятной книжки.,"УСПЕНСКИЙ, Глеб Иванович.",,,
27162,27163,12014,Власть земли: Роман.,"ЗОЛЯ, Эмиль.",,,
27164,27165,12015,Власть земли: Роман.,"ШАТОБРИ-АН, Альфонс.",,,
27166,27167,12016,Власть и другие рассказы.,"АВИЛОВА, Лидия Алексеевна.",,,
27168,27169,12017,Власть и золото: Завоевание Перу в XVI веке.,"АЛТАЕВ, Ал., ФЕЛИЧЕ, Арт. (ЯМЩИКОВА, Людмила Андреевна).",,,
27170,27171,12018,Власть и народ: Роман.,"ИВЕР, Колет.",,,
27172,27173,12019,Власть и народ: Tetralogia romana de bellis civilibus. Ч. 1—4.,"ЕЗЕРСКИЙ, Милий Викентьевич.",,,
27174,27175,12020,Власть лжи: Роман.,"БОЙЕР, Иоганн.",,,
27176,27179,12021,Власть лукавого: Рассказ.,"БУЛГАКОВ, П. Изд. ",,,также под загл.: Жадность.
27180,27181,12022,Власть над землей: [Очерки].,"ИВАНОВ, Леонид Иванович.",,,
27182,27183,12023,Власть над землей: Стихи.,"ОЛЕ-НИЧ-ГНЕНЕНКО, Александр Павлович.",,,
27184,27187,12024,Власть натуры: (Кузнец). Драма в 4-х д.,"ПИНСКИЙ, Давид. ",Яшка-кузнец.,,
27188,27189,12025,Власть ничтожества: Драма в 3-х д.,"ЭЧЕГАРАЙ, Хосе.",,,
27190,27191,12026,Власть плоти: Новеллы.,"МАДЕ-ЛЭН, Мария (МАДЛЕН, Мари).",,,
27192,27193,12027,Власть плоти: Пьеса в 4-х д.,"ПРОТОПОПОВ, Виктор Викторович.",,,
27194,27195,12028,Власть плоти: [Рассказы].,"АРТЕМЬЕВ, Вячеслав (ЛИСЕНКО, Вячеслав Константинович)",,,","
27196,27197,12029,Власть плоти: Рассказы.,"ГУК, Николай Петрович фон.",,,","
27198,27199,12030,Власть прошлого: Драма в 5-ти д.,"ГОЛОВИН, Константин Федорович.",,,
27200,27201,12031,Власть рока: Драма в 2-х д.,"ЭР-ВЬЕ, Поль.",,,
27202,27203,12032,Власть света: Сцены из народной жизни в 4-х д.,"ГРЕКОВ, К. Т.",,,
27204,27205,12033,Власть сердца: Стихотворения и поэмы.,ПОДЕЛКОВ. ,,,Сергей.
27206,27207,12034,Власть сердца: Сцена в 4-х д.,"МАКАРЬЕВА, Людмила Семеновна.",,,
27208,27209,12035,Власть страсти: Драма в 5-ти д.,"АНТОНОВИЧ, Ипполит (ВЕРНЕР, Ипполит Антонович)",,,*
27210,27211,12036,Власть тайги: Повести и рассказы.,"МОЖАЕВ, Борис Андреевич.",,,
27212,27213,12037,Власть «танго»: Веселая миниатюра в 1-м д.,"ЯРОН, П., ДЕЛЛИ, В. (ЯРОСЛАВЦЕВ, Петр Данилович).",,,
27214,27215,12038,Власть тела.,"МАУРИН, Евгений Иванович.",,,
27216,27217,12039,Власть тела и раскрепощение брака: Роман из жизни современного общества.,"ГРАФ АМОРИ (РАПГОФ, Ипполит Павлович).",,,
27218,27219,12040,Власть трассы: Рассказы.,"ПОЛУХИН, Юрий Дмитриевич.",,,
27220,27221,12041,Власть тьмы в царстве света: Рассказ из времен св. Иоанна Златоуста.,"ФАРРАР, Фредерик Вильям.",,,
27222,27225,12042,"Власть тьмы или Коготок увяз, всей птичке пропасть: Драма.","ТОЛСТОЙ, Лев Николаевич. ","Коготок увяз, всей птичке пропасть.",,
27226,27229,12043,Власть улицы: Роман.,РОНИ-С,,,"тарший (РОНИ-Старший, Жозеф Анри). Изд. также под загл.: Улица."
27230,27231,12044,Власть фактов: Пьеса в 5-ти актах.,"ГУРАН, В. (ИГИШЕВ, Владимир Никифорович).",,,
27232,27233,12045,Влах в Венеции.,"ПУШКИН, Александр Сергеевич.",,,
27234,27237,12046,Влетел!: Драматический этюд в 1-м д.,"АПРАКСИН, Александр Дмитриевич.",,,
27238,27239,12047,Влечение: Комедия в 2-х д.,"ГАРТ-ЛЕБЕН, Отто Эрих.",,,
27240,27241,12048,Влипли: Юморески.,"ШИШОВ, Юрий Викторович.",,,
27242,27243,12049,Влияние исповеди.,"БОТКИНА, Александра Павловна.",,,
27244,27245,12050,Влиятельный привет: Фельетоны и рассказы.,"ШЕВЦОВ, Николай Иванович.",,,
27246,27247,12051,Влопались...,"ШУХМИН, Христофор Алексеевич.",,,
27248,27249,12052,Влопался!: Сценка-монолог в 1-м д.,"ЧУЕВ, М. (ЖИЛИН, Михаил Михайлович).",,,
27250,27251,12053,Влюбилась!: Комедия-шутка в 2-х д.,"ЛИБЕРМАН, Матвей Лазаревич.",,,
27252,27253,12054,Влюбленная: Комедия в 3-х д.,"ЛОПЕ де ВЕГА, Феликс.",,,
27254,27255,12055,Влюбленная: Пьеса в 3-х д.,"ПОРТО-РИШ, Жорж де.",,,
27256,27257,12056,Влюбленная монахиня: Роман.,"РИШБУР, Эмиль (РИШБУРГ, Эмиль).",,,
27258,27259,12057,Влюбленная полячка или Смерть от радости.,"КУЗМИЧЕВ, Федот Семенович",,,","
27260,27261,12058,Влюбленное дыхание: Пьеса-сказка в 2-х ч.,"ЕВГЕНИИ, Николай, ГАМСА-ХУРДИЯ, Авксентий Александрович.",,,
27262,27263,12059,Влюбленное облако: Сказки.,НА-ЗЫМ ХИКМЕТ.,,,
27264,27265,12060,Влюбленность: Первая книга стихов.,"ГОЛУБКОВ, Дмитрий Николаевич.",,,
27266,27267,12061,Влюбленность: Стихи.,"КОЛ ЧИН, М.",,,
27268,27269,12062,Влюбленность: [Стихи].,"МАЗУРИНА, Лидия Ивановна.",,,
27270,27271,12063,Влюбленность: [Стихи].,"МАРЧЕНКО, Эмма Васильевна.",,,
27272,27273,12064,Влюбленность: Стихи и поэмы.,"АВДОНИН, Александр Николаевич.",,,
27274,27279,12065,Влюбленные:   [Киносценарий].,АГИШЕВ. ,,,Одельша Александрович. В кн.: Нежность...
27280,27281,12066,Влюбленные: Комедия в 3-х д.,"ТОКАЕВ, Ашах Инусович.",,,
27282,27283,12067,Влюбленные: [Очерки].,"ИВАНОВ, Леонид Иванович.",,,
27284,27285,12068,Влюбленные: Поэма.,"ТАЖИБАЕВ, Абдильда.",,,
27286,27287,12069,Влюбленные: [Рассказы].,"ПАВЛОВ, Георгий Павлович.",,,
27288,27289,12070,Влюбленные: Роман.,"АРЛЕН, Майкл.",,,
27290,27291,12071,Влюбленные: Роман.,"ПЕТУХОВ, Юрий Константинович.",,,
27292,27293,12072,Влюбленные: Стихи.,"КУНИЦЫН, Александр Васильевич.",,,
27294,27295,12073,Влюбленные из Кандагара: Рассказ.,"ГОБИНО, Жозеф Артур.",,,
27296,27297,12074,Влюбленные не умирают: Стихи.,"СЕЛЬВИНСКИИ, Илья Львович.",,,
27298,27301,12075,Влюбленные птицы:     Повесть.,"КАЛЧЕВ, Камен.",,,
27302,27303,12076,Влюбленные сердца: Лирическая комедия в 2-х д.,"БАРАБАШ, Иван Иванович.",,,
27304,27307,12077,Влюбленный англичанин: Роман в 2- х ч.,"АДРИЕН, Поль.",,,
27308,27311,12078,"Влюбленный в луну:     Роман. Ч, 1 — 10.","КОК, Поль де.",,,
27312,27313,12079,Влюбленный в самого себя или Приключения с красавцем: Ч. 1—2.,"КРЫЛОВ, Иван Захарович.",,,
27314,27315,12080,Влюбленный дьявол.,"КАЗОТТ, Жак.",,,
27316,27317,12081,Влюбленный лев: Пьеса в 3-х д.,"ДЕЛЕНИИ, Шила (ДИЛЭЙНИ, Шила).",,,
27318,27319,12082,Влюбленный майор: Шутка в 1-м д.,"ЛЕОНТЬЕВ, Иван Леонтьевич (ШЕГЛОВ, Иван).",,,
27320,27321,12083,Влюбленный морж: Басни.,"КОР-БАН, Владимир Иванович.",,,
27322,27323,12084,Влюбленный насмешник.,"ГЭ, Софья (ГЕ, София).",,,
27324,27327,12085,"Влюбленный приказчик или Повесть о том, каким образом невеста приказного сбежала в день сговора.",Имя авт. не установлено.,,,
27328,27329,12086,Влюбленный черт: Малороссийская легенда.,"БРАНКЕ, Николай.",,,
27330,27333,12087,Влюбленный Шекспир: Комедия в 3- х д. и в прозе.,"ДЮВАЛЬ, Александр Винсент.",,,
27334,27335,12088,Влюбленным всей земли: Избранные стихи.,"ГАТОВ, Александр Борисович.",,,
27336,27337,12089,Влюбленных — на службу обществу!: Рассказы.,"ЖИЛИНСКАЙТЕ, Вита (ЖИЛИНСКАЙТЕ, Витауте Юргисовна).",,,
27338,27339,12090,Вместе: Драма в 1-м д.,"МУКА-ЛОВ, Михаил Н.",,,
27340,27341,12091,Вместе: Рассказ.,"БАРБЮС, Анри.",,,
27342,27343,12092,«Вместе веселей» и другие рассказы.,"ЗАМОИСКИЙ, Петр.",,,
27344,27345,12093,Вместе с вами: Стихи.,"СЕРГЕЕВ, Владимир Андреевич.",,,
27346,27347,12094,"Вместе с вами, друзья: Стихи.","КАЛИМУЛЛИН, Ильгиз Нуруллович.",,,
27348,27349,12095,Вместе с друзьями: [Сборник].,"ШЕСТАКОВА, Юлия Алексеевна.",,,
27350,27351,12096,Вместе с друзьями: Стихи.,"ПАВ-ЛИЧЕНКО, Евгений Максимович.",,,
27352,27353,12097,Вместе с птицами: Стихи.,"ШЕН-ТАЛИНСКИИ, Виталий Александрович.",,,
27354,27355,12098,Вместе с ребятами: Рассказы.,"ЕЛОВСКИХ, Василий Иванович.",,,
27356,27357,12099,Вместе с солдатами: Повесть.,"ГУБАНОВ, Петр Петрович.",,,
27358,27359,12100,Вместе с тобой.,"КОНОНЕНКО, Елена Викторовна.",,,
27360,27361,12101,Вместе с тобою: Стихи.,"БЫЛ-КИН, Иван Никитич.",,,
27362,27363,12102,Вместе со всеми: Рассказы.,"ПАТОВ, Николай Иванович.",,,
27364,27365,12103,"Вместе тесно, а порознь скучно: Шутка в 1-м д.","ПЕТИ, Жорж.",,,
27366,27367,12104,Вместо дебюта: Водевиль в 1-м д. с пением и переодеванием.,"ШАБЕЛЬСКИИ, Александр Васильевич.",,,
27368,27369,12105,Вместо извинения.,"ХОДЖАЕВ, Мухиддин.",,,
27370,27373,12106,Вместо любовника оказались штиблеты: Рассказ из судебной хроники.,Имя авт. не установлено.,,,
27374,27375,12107,Вместо матери: Повесть в 3-х ч.,"ЗАЯИЦКИЙ, Сергей Сергеевич.",,,
27376,27377,12108,"Вместо предисловия или Смерть, как она есть.",ИЗРАИЛЬ.,,,
27378,27379,12109,Вместо рождественской елки: Святочные рассказы.,"ФЕДОРОВ-ДАВЫДОВ, Александр Александрович.",,,
27380,27381,12110,Вместо роскоши.,"МОРА, Констан-сия де ",,,ла.
27382,27385,12111,Вместо савана—халат арестанта: В 1Х-ти главах.,"ГИЛЯРОВ, А. П. (ЗОТОВ, Михаил).",,,
27386,27387,12112,Вместо стихов о любви.,"ПЕРВОМАЙСКИЙ, Леонид Соломонович.",,,
27388,27389,12113,Вначале была Земля...: Повесть-воспоминание о Ю. Гагарине.,"ОБУХОВА, Лидия Алексеевна.",,,
27390,27391,12114,Вначале их было двое: Повести и рассказы.,"ГОРДОН, Илья Зиновьевич.",,,
27392,27395,12115,Вне жизни: Будничный эпизод в 4-х д.,"ПРОТОПОПОВ, Виктор Викторович.",,,
27396,27397,12116,Вне жизни: Драматический этюд в 1-м д.,"ЛЬВОВСКИЙ, Зиновий Давидович.",,,
27398,27399,12117,Вне жизни: Повесть. Уголки театрального мирка.,"КРЕСТОВСКАЯ, Мария Всеволодовна.",,,
27400,27401,12118,Вне жизни: Рассказы.,"ЧЕХОВ, Антон Павлович.",,,
27402,27403,12119,Вне закона: (Кинематографический роман).,"МОРОЗОВ, Валентин Георгиевич.",,,
27404,27405,12120,Вне закона: (Отец). Драма в 3-х д.,"СТРИНБЕРГ [!] Г. [!] (СТРИНД-БЕРГ, Август).",,,
27406,27407,12121,Вне закона: Повесть.,"САМСОНОВ, Тимофей Петрович.",,,
27408,27409,12122,Вне закона: Пьеса в 3-х д.,"САВЕЛЬЕВ, Л.",,,
27410,27411,12123,Вне закона: Рассказ.,"АКИМОВ, Владислав Иванович.",,,
27412,27413,12124,Вне закона: Роман. Ч. 1*—4.,"КРЕСТОВСКИЙ, Всеволод Владимирович.",,,
27414,27415,12125,Вне земли: (Повесть).,"ЦИОЛКОВСКИЙ, Константин Эдуардович.",,,
27416,27417,12126,Вне игры: [Повесть].,"ЛЕРОВ, Леонид Моисеевич, ЗУБОВ, Алексей Николаевич.",,,
27418,27419,12127,Вне игры: [Юмористические рассказы].,"ЛЕВИН, Имануил Ильич.",,,
27420,27421,12128,Вне колеи: Рассказы и очерки.,"БОГЕМСКИЙ, Дмитрий Анисимович.",,,
27422,27423,12129,Вне колеи: Роман.,"ОРЛОВСКИЙ, К. Ф. (ГОЛОВИН, Константин Федорович).",,,
27424,27425,12130,Вне общественных интересов: Роман.,"ЛЕТНЕВ, П.",,,
27426,27427,12131,Вне перемирия: Сборник рассказов.,"ЭРЕНБУРГ, Илья Григорьевич.",,,
27428,27429,12132,Вне почвы: Драма в 5-ти д.,"ИНОЗЕМЦЕВА, Анна Андреевна.",,,
27430,27431,12133,Вне рутины; Счастье привалило: Две повести.,"ЛЕЙКИН, Николай Александрович.",,,
27432,27437,12134,Вне толпы: (Мастер). Комедия в 3-х д.,"БАР, Герман. ",Необыкновенный человек или Властелин жизни.,,
27438,27439,12135,Вне церкви без божьего благословения: Рассказ.,"ОРЛОВ, Иоанн.",,,
27440,27441,12136,Внезапный дождь.,"МАГАЛИФ, Юрий Михайлович.",,,
27442,27443,12137,Внезапный смотр: Пьеса в 4-х д.,Б. П.,,,
27444,27445,12138,Вниз и вверх по течению: Повести.,"РАСПУТИН, Валентин Григорьевич.",,,
27446,27447,12139,Вниз по Волге-реке: Историческая повесть из русской жизни XVII века.,"АЛТАЕВ, Ал.",,,
27448,27449,12140,Внизу: Рассказ.,"СЕМЕНОВ, Сергей Терентьевич.",,,
27450,27451,12141,Внизу — передний край: Документальная повесть.,"МАРИИНСКИЙ, Евгений Пахомович.",,,
27452,27453,12142,Внизу — Сванетия.,"КУЗНЕЦОВ, Александр Александрович.",,,
27454,27455,12143,"Внимание: АХИ!: Фантастические памфлеты, пародии и юморески.","БАХНОВ, Владлен Ефимович.",,,
27456,27457,12144,Внимание! В небе — Камозин: Документально-художественная повесть.,"РЕИ-МЕРС, Георгий Константинович.",,,
27458,27459,12145,"Внимание, говорит город: Повесть.","УВАРОВ, Виталий Сергеевич.",,,
27460,27461,12146,"Внимание, Ковпак!","БРАЙКО, Петр Евсеевич, КАЛИНЕНКО, Оксана Семеновна.",,,
27462,27465,12147,"Внимание, мины!:     Рассказы.","АЛЕКСЕЕВ, Михаил Николаевич.",,,
27466,27467,12148,Внимание! На старт!: Пьеса в 3-х д.,"АЗАРХ, Александр Борисович, СИНЯВСКИЙ, Вадим Святославович.",,,
27468,27469,12149,Внимание: опасность!: Литературные фельетоны и пародии.,"ИЛЬИНА, Наталия Иосифовна.",,,
27470,27473,12150,"Внимание, черепаха!; Телеграмма: Киносценарии.","ЛУНГИН, Семен Львович, НУСИНОВ, Илья Исаакович.",,,
27474,27475,12151,Внимание: чудо-мина!: Повесть.,"ГОРЧАКОВ, Овидий Александрович.",,,
27476,27477,12152,Внимая радости: Стихотворения.,"СОКОЛОВ, Василий Андреевич.",,,
27478,27479,12153,Вновь я посетил...: Рассказы.,"ГА-СЕНКО, Григорий Степанович.",,,
27480,27481,12154,Внук: Поэма.,МИРМУХСИН.,,,
27482,27483,12155,Внук: [Рассказ].,"ШИШКОВ, Вячеслав Яковлевич.",,,
27484,27485,12156,Внук Баяна.,"РОЗАНОВ, Сергей Константинович.",,,
27486,27489,12157,Внук Генриха VIII.,"НАРИНЬЯ- НИ, Семен Давыдович.",,,
27490,27491,12158,Внук декабриста.,"ЗАДОНСКИЙ, Николай Алексеевич.",,,
27492,27493,12159,Внук Дон-Жуана: Фарс в 1-м д.,"ГЕРОС, Э. (ЭРО, Эжен).",,,
27494,27495,12160,Внук замочника: Рассказы.,"СЕЛЕЗНЕВА, Евгения Николаевна.",,,
27496,27497,12161,Внук зеленой молнии: Матросские сказки и легенды.,"ПАНЬКИН, Иван Федорович.",,,
27498,27499,12162,Внук золотого короля: Повесть.,"ЗАЯИЦКИЙ, Сергей Сергеевич.",,,
27500,27501,12163,Внук коммунара: Повесть.,"ДРОЗДОВ, Александр Михайлович.",,,
27502,27503,12164,Внук коммунара: Пьеса в 4-х актах.,"ДРОЗДОВ, Александр Михайлович, ЛОИТЕР, Эфраим Борисович.",,,
27504,27505,12165,Внук короля: Комедия в 3-х д.,"ШЕЙНИН, Лев Романович.",,,
27506,27507,12166,Внук Мергена: Роман.,"КАУШУТОВ, Ата.",,,
27508,27509,12167,Внук Обломова: Роман в 2-х ч.,"ПРИВОЛЬСКИЙ, Л. Ф. (ВАСИЛЬЕВ, Лавр Фролович).",,,
27510,27511,12168,Внук Онегина: Роман; Стихотворения.,"РУАДЗЕ, Владимир Павлович.",,,
27512,27513,12169,Внук охотника.,"КОЛЕСОВ, Гавриил Гаврилович.",,,
27514,27517,12170—12171,Внук Петра Великого: Исторический роман из первой половины XVIII столетия.,Имя авт. не установлено.,,,
27518,27519,12172,Внук Тальони: Роман.,"ШИРЯЕВ, Петр Алексеевич.",,,
27520,27521,12173,Внук фараона: Историческая легенда.,"ПРУС, Болеслав.",,,
27522,27523,12174,Внук шахтера: Повесть.,"ПАРЫ-ГИНА, Наталья Деомидовна.",,,
27524,27525,12175,Внуки: Повесть.,"ЛАМБЕРОВ, Анатолий Григорьевич.",,,
27526,27527,12176,Внуки: Роман.,"БРЕД ЕЛЬ, Вилли.",,,
27528,27531,12177,Внуки бандуриста.,"ЖУРБА, Павел. ",,Александр Матросов...,
27532,27533,12178,Внуки Ванюшина: Фарс-пародия в 3-х д.,ОБОИДЕНОВ.,,,
27534,27535,12179,Внуки деда Ивана.,"КРЮЧКИН, Матвей Абрамович.",,,
27536,27537,12180,Внуки деда Мороза.,"КАРДАШЕ-ВА, А. (КАРДАШОВА, Анна).",,,
27538,27541,12181,Внуки Колумба: Роман.,"СКУИНЬ, Зигмунд Янович. ",Молодые.,,
27542,27543,12182,Внуки красного атамана: Повесть.,"КОРКИЩЕНКО, Алексей Абрамович.",,,
27544,27545,12183,Внуки Марса: Научно-фантастическая повесть.,"КАЗАНЦЕВ, Александр Петрович.",,,
27546,27547,12184,Внуки наших внуков.,"САФРОНОВ, Юрий Павлович, САФРОНОВА, Светлана Александровна.",,,
27548,27549,12185,Внуки спросят; Нильская легенда: Повести.,"ХИЖНЯК, Антон Федорович.",,,
27550,27551,12186,Внуки старой Тамаши: Повесть.,"АБУЛЬГАСАН, А.",,,
27552,27553,12187,Внуки Тубэргэна: Повесть и рассказы.,"ЭРДЫНЕЕВ, Доржи Осорович.",,,
27554,27555,12188,Внуковская осень: Стихи.,"НОВИКОВ, Николай Георгиевич.",,,
27556,27557,12189,Внутри.,"МЕТЕРЛИНК, Морис.",,,
27558,27559,12190,Внутри и снаружи: (Житейские и литературные мелочи).,"СПИРИДОНОВ, Иван.",,,
27560,27561,12191,Внучатая племянница преступника или Кому прежде умереть: Шутка в 1-м акте.,"ЮРКЕВИЧ, Петр Ильич (ГОЛУ-БИН, П. И.).",,,
27562,27563,12192,Внучек: Рассказ.,"ЮНОША, Клеменс.",,,
27564,27565,12193,Внучек слону: (О жиряках).,"ЧЕГЛОК, Александр.",,,
27566,27567,12194,Внучек Шелапутный.,"ЗАМОЙСКИЙ, Петр.",,,
27568,27571,12195,Внучка.,Имя авт. не установлено.,,,
27572,27573,12196,Внучка коммунара.,"ВЕРЕЙСКАЯ, Елена Николаевна.",,,
27574,27575,12197,Внучка панцирного боярина: Роман из времени последнего польского мятежа.,"ЛАЖЕЧНИКОВ, Иван Иванович.",,,
27576,27579,12198,Внучка партизана:    Повести.,"КАНЬЯБУЛАТОВА, Катиба.",,,
27580,27581,12199,Внучка храброго капрала: Рассказ из времен 1812 г.,"ЛЯЛИНА, Мария Андреевна.",,,
27582,27583,12200,Внушение.,"КУРТЕЛИН, Жорж.",,,
27584,27585,12201,Во весь голос: От заметки к стиху.,"ИЛЮХИН, Иван.",,,
27586,27587,12202,Во весь голос: (Первое вступление в поэму).,"МАЯКОВСКИЙ, Владимир Владимирович.",,,
27588,27589,12203,Во весь голос: [Стихи].,"НИГМА-ТИ, Рашит.",,,
27590,27591,12204,Во весь рост: Рассказы.,"ЕМЕЛЬЯНОВА, Нина",,,",."
27592,27593,12205,Во весь рот: Рассказы.,"ДОЛЬ (ДОЛЕВ, Дмитрий).",,,
27594,27595,12206,Во власти варваров: Эпизод в 1-м д. (Составлено по газетным рассказам).,"ЯРОСЛАВЦЕВ, Николай (КОРСАКОВ, Николай Александрович).",,,
27596,27597,12207,Во власти жизни: Пьеса в 4-х д.,"ГАМСУН, Кнут.",,,
27598,27599,12208,Во власти золота: (Ленская бойня).,"ЖДАНОВ, Лев.",,,
27600,27601,12209,Во власти моря: Рассказы.,"НО-ВИКОВ-ПРИБОИ, Алексей Силыч.",,,
27602,27603,12210,Во власти моря: Роман.,ТАРЫК ДУРСУН (ДУРСУН ТАРЫК).,,,
27604,27605,12211,Во власти океана: Повесть.,"САНДО, Жюль.",,,
27606,27607,12212,Во власти океана: [Роман].,"ГАУПТМАН, Гергарт.",,,
27608,27609,12213,Во власти тьмы.,"ПЫТАЛЕВ, Михаил.",,,
27610,27613,12214,Во время бала: (Сценка в стихах). В 1-м д.,"БЕРЕДНИКОВА, Е. П. ",,Цветок счастья...,
27614,27615,12215,Во время бурана: Пьеса в 1-м д.,"КУЛИК, Арнольд Семенович.",,,
27616,27617,12216,Во время бурана и другие рассказы.,"СМОЛЯН, Александр Семенович.",,,
27618,27619,12217,Во время войны: Рассказы.,"ЛАЗАРЕВСКИЙ, Борис Александрович.",,,
27620,27621,12218,Во время войны: [Стихотворение].,"НЕПЛЮЕВА, Ольга.",,,
27622,27623,12219,Во время войны — дома: Из записок провинциального адвоката.,"КРОТКОВ, Валерий Степанович.",,,
27624,27625,12220,Во время оно: Бэн-Хур. Повесть.,"УОЛЛЕС, Льюис.",,,
27626,27629,12221,Во время оно: Исторический роман.,"УОЛЛЕС, Льюис. ","Бен-Гур; Во дни оны: (Бэн-Гур); Князь Иегуда, Бен Гур; Во время оно: (Бэн-Хур).",,
27630,27631,12222,Во время перемирия: Пьеса в 1-м д.,"ШАРМЭН, А.",,,
27632,27633,12223,Во время прощания: Повесть и рассказы.,"ЖДАН, Олег.",,,
27634,27635,12224,Во время стачки: Драматический этюд в 1-м д.,"ЗАПОЛЬСКАЯ, Габриэля.",,,
27636,27637,12224а,Во все дела человеческие: Очерки и рассказы.,"НИКИТИН, Сергей Исакович.",,,
27638,27639,12225,Во всем дворе первая.,"НИКАНД-РОВ, Николай.",,,
27640,27643,12226,Во вторник после двенадцати.,"БАДЬЕВА, Эльза Александровна.",,,
27644,27645,12227,Во второй половине дня: Рассказ.,"ВАНШЕНКИН, Константин Яковлевич.",,,
27646,27647,12228,"Во-вторых, о себе.","ТОРОПЫГИН, Владимир Васильевич.",,,
27648,27649,12229,Во глубине России: Повесть.,"ПЕВНЕР, Федор Павлович.",,,
27650,27651,12230,"Во глубине России: Публицистика, очерки, фельетоны, воспоминания.","РЯБОВ, Иван Афанасьевич.",,,
27652,27653,12231,Во глубине России: Стихи и поэмы.,"ЛЕВУШКИН, Анатолий Ильич.",,,
27654,27655,12232,Во дворе злая собака!: Трагическая комедия в 3-х актах.,"БУАЧИДЗЕ, Кита Михайлович.",,,
27656,27657,12233,Во дни кометы.,"УЭЛЛС, Герберт Джордж.",,,
27658,27659,12234,Во дни оны: (Бэн-Гур).,"УОЛЛЕС, Льюис.",,,
27660,27661,12235,Во дни Петра: Историческая пьеса в 4-х д.,"БАРЯТИНСКИЙ, Владимир Владимирович.",,,
27662,27663,12236,"Во дни смуты, 1610—1613 гг.: Историческая повесть в 3-х ч.","ЖДАНОВ, Лев.",,,
27664,27665,12237,Во дни фельдфебеля: Драматический этюд. (Из жизни Т. Г. Шевченко в Орской крепости).,"СЕМЕШКО, В. Ф.",,,
27666,27667,12238,Во дни Юлиана Отступника: Исторический роман.,"ЭИСКОФ, Джон.",,,
27668,27669,12239,Во имя: Стихи.,"ЛЕОНОВИЧ, Владимир Николаевич.",,,
27670,27671,12240,Во имя большой любви.,"АСАДОВ, Эдуард Аркадьевич.",,,
27672,27673,12241,Во имя будущего: Очерки.,"ГАЛИН, Борис.",,,
27674,27675,12242,Во имя господне.,"НОВИКОВ, Иван Алексеевич.",,,
27676,27677,12243,Во имя долга: (Благодетельная). Драма в 4-х д.,"РУТКОВСКИИ, Фаддей Викторович.",,,
27678,27679,12244,Во имя долга; Кукла; Над пучиной: Три рассказа.,"ЖЕЛИХОВСКАЯ, Вера Петровна.",,,
27680,27681,12245,Во имя долга: Повесть.,"ЧЕРНИ-КЕЕВ, Василий Иванович.",,,
27682,27683,12246,Во имя долга: [Рассказы].,"НОВИКОВ-ПРИБОЙ, Алексей Силыч.",,,
27684,27685,12247,Во имя долга: Рассказы.,"ЭЙДЕ-МАН, Роберт Петрович.",,,
27686,27687,12248,Во имя дружбы: Избранные стихотворения.,"СИМОНОВ, Константин Михайлович.",,,
27688,27689,12249,Во имя жизни: [Очерки о героях Советского Союза А. А. Кокорине и Н. М. Руденко].,"ПИСЬМЕННЫЙ, Александр Григорьевич.",,,
27690,27691,12250,Во имя жизни: [Очерки].,"ПОПОВСКИЙ, Александр Данилович.",,,
27692,27693,12251,Во имя жизни: Повесть.,"НЕМИ-РОВА, Майя Александровна, КАЛАНДАД-ЗЕ, Энвер Абдулович.",,,
27694,27695,12252,Во имя жизни: Пьеса в 3-х актах.,"АЛЕКСАНДРОВ, Евгений.",,,
27696,27697,12253,Во имя жизни: [Рассказы].,"ДЕМИРЧЯН, Дереник Карапетович.",,,
27698,27699,12254,Во имя жизни: Рассказы.,"ТРЕТЬЯКОВ, Федор Андреевич.",,,
27700,27701,12255,Во имя жизни: Стихи.,"МИЛЬЧА-КОВ, Алексей Иванович.",,,
27702,27703,12256,Во имя жизни: Стихи и поэмы.,"МОДАРРИС, Шараф (МУДАРРИС, Ша-раф Хасиятуллович).",,,
27704,27705,12257,Во имя жизни: Стихотворения.,"ШУБИН, Павел Николаевич.",,,
27706,27709,12258,Во имя искусства:      Повесть.,"БРЕШКО-БРЕШКОВСКИЙ, Николай Николаевич.",,,
27710,27711,12259,Во имя коммунизма: Стихи и поэмы.,"МУХТАР, Аскад.",,,
27712,27713,12260,Во имя любви: Две драмы.,"ГРА-ДОВСКИИ, Григорий Константинович.",,,
27714,27715,12261,Во имя любви: Поэма в прозе.,"ОЛЕНИН, К. Л.",,,
27716,27717,12262,Во имя любви: Пьеса в 3-х актах.,"НИККОДЕМИ, Дарио.",,,
27718,27719,12263,Во имя матери: Рассказ.,"ГОРЕВ, Михаил.",,,
27720,27721,12264,Во имя мира: Стихи.,"ПОГОСЯН, Рипсимэ Мисаковна.",,,
27722,27723,12265,Во имя народа: Воспоминания.,"ГРЫБЧЕВА, Митка.",,,
27724,27725,12266,Во имя нас: Стихи и поэмы.,"БАУКОВ, Иван Петрович.",,,
27726,27729,12267,Во имя нравственности: Драматический этюд в 1-м д.,"ГАРТЛЕБЕН, Отто Эрих. ",Во имя строгой морали; Нравственность.,,
27730,27731,12268,Во имя отечества: [Рассказы].,"НИКУЛИН, Лев.",,,
27732,27733,12269,Во имя отечества: Стихи.,"КОСТИН, Иван Иванович, ГОЛЬДБЕРГ, Александр Яковлевич.",,,
27734,27735,12270,Во имя отца и сына: Роман.,"ШЕВЦОВ, Иван Михайлович.",,,
27736,27737,12271,Во имя правды: Рассказы.,"ВОЛЖИН, Валериан Александрович.",,,
27738,27739,12272,Во имя ребенка: (Суд Соломона). Пьеса в 3-х д.,"БРИЕ, М.[!] (БРИЕ, Эжен).",,,
27740,27741,12273,Во имя революции: Рассказы.,"ФРОСИН (ЯНЧЕВСКИЙ, Николай Леонидович).",,,
27742,27743,12274,Во имя родины: [Новые главы из 2-й части «Цусимы»].,"НОВИКОВ-ПРИБОЙ, Алексей Силыч.",,,
27744,27745,12275,Во имя родины: Очерки.,"ГОРБАТОВ, Борис Леонтьевич.",,,
27746,27747,12276,Во имя родины: Очерки о Героях Советского Союза.,"ЛИЧАК, Николай Кириллович.",,,
27748,27749,12277,Во имя солнечного дня: Поэмы.,"ДАВЫДОВ, Энвер Муртазеевич.",,,
27750,27751,12278,Во имя строгой морали: Драматический этюд в 1-м д.,ГАРТЛЕБЕН. ,,,Отто Эрих.
27752,27753,12279,Во имя счастья: Повесть.,"ЛЯМИН, Михаил Андреевич.",,,
27754,27755,12280,Во имя твое: Стихи.,"ПРАСОЛОВ, Алексей Тимофеевич.",,,
27756,27757,12281,Во имя тебя: Стихи.,"ЩИПАХИ-НА, Людмила Васильевна.",,,
27758,27759,12282,Во имя человека: [Очерки].,"ПОПОВСКИЙ, Александр Данилович.",,,
27760,27761,12283,Во имя человека: Пьеса в 3-х д.,"РОМАНЕНКО, М., ФРОЛОВ, Ю.",,,
27762,27763,12284,Во имя человека: Роман и повести.,"ДЕМЕНТЬЕВ, Николай Степанович.",,,
27764,27765,12285,Во лесях: Рассказы. Поэмы. Апокриф.,"ВЕРХОУСТИНСКИЙ, Борис Алексеевич.",,,
27766,27767,12286,Во львиной пасти: Историческая повесть из эпохи основания Петербурга.,"АВЕНАРИУС, Василий Петрович.",,,
27768,27769,12287,Во льдах: [Рассказ].,"БАЙЛИ, Август (БАЙИ, Огюст).",,,
27770,27771,12288,Во льдах: Рассказ.,"СЕРАФИМОВИЧ, Александр.",,,
27772,27773,12289,Во льдах Антарктики.,"РИХТЕР, Зинаида Владимировна.",,,
27774,27777,12290,Во льдах Арктики.,"РИХТЕР, Зинаида Владимировна. ",,В снегах Эльбруса...,
27778,27779,12291,Во мне и рядом—даль: Стихи и поэма.,"КУЗНЕЦОВ, Юрий Поликарпович.",,,
27780,27781,12292,"Во мраке: Драма в 5-ти д. с пением, хорами и танцами.","СУХОДОЛЬСКИЙ, Алексей Львович.",,,
27782,27783,12293,Во мраке неведомого: Рассказ.,"РОБЕРТС, Чарльз.",,,
27784,27785,12294,Во мраке ночи: Драма в 1-м акте.,"КРАЙНСКИИ, Николай Васильевич.",,,
27786,27787,12295,Во мраке ночи: [Стихотворения].,"ШЕСТАК, В.",,,
27788,27789,12296,Во мхах: Повести.,"ГРАБАРЬ, Леонид.",,,
27790,27793,12297,"Во-первых, во-вторых и в-третьих: Стихи разных лет.","МАРТЫНОВ, Леонид Николаевич.",,,
27794,27795,12298,"Во поле береза: Повести и рассказы,.","САПАЕВ, Василий Федорович.",,,
27796,27797,12299,Во рву.,"БЕРЕЗОВСКИЙ, Феоктист Алексеевич.",,,
27798,27799,12300,Во ржи: Сцены из жизни обитателей поля.,"ЛЮБИЧ-КОШУРОВ, Иоасаф Арианович.",,,
27800,27801,12301,Во святой обители: Исторический роман из времен Петра Великого. В 4-х ч.,"ЧМЫРЕВ, Николай Андреевич.",,,
27802,27803,12302,Во славу божию: Историческая повесть.,"ИЕНСЕН, Вильгельм.",,,
27804,27805,12303,Во славу божию! (1551—96 гг.).,"РАЗИН, Алексей Егорович.",,,
27806,27807,12304,Во славу жизни: Роман.,"ЧЕТВЕРИКОВ, Борис Дмитриевич.",,,
27808,27809,12305,Во славу Родины: (Стихи).,"БРЯНСКИЙ, Константин Гаврилович.",,,
27810,27811,12306,Во славу русского оружия: Рассказ.,"ГЕРАСИМОВ, Павел Николаевич.",,,
27812,27815,12307,Во сне: Комедия в 3-х д.,"ШМИДТ, Лотар (ГОЛЬДШМИДТ, Лотар). ",Майский сон.,,
27816,27817,12308,Во сне и наяву: [Повесть].,"КОРНЕВ, В.",,,
27818,27819,12309,Во сне и наяву: Рассказы и эскизы.,"ПРУЖАНСКИЙ, Н. (ЛИНОВСКИЙ, Николай Осипович).",,,
27820,27821,12310,Во тьме: Повесть.,"МИНЦЛОВ, Сергей Рудольфович.",,,
27822,27823,12311,Во тьме: Повесть из жизни Грушевских углекопов.,СВИРСКИЙ. ,,,Алексей Иванович.
27824,27825,12312,Во тьме веков: Драматико-фанта-стический этюд в 1-м д.,"ГЕН, Савелий.",,,
27826,27827,12313,"Во тьме вековой: Повесть и три рассказа из быта хлыстов, скопцов и бегунов.","БЕРЕЗКИН, Дмитрий Михайлович.",,,
27828,27829,12314,Во Флоренах.,"БАРСКИЙ, Лев Миронович.",,,
27830,27831,12315,Во флоте и на море.,"НАУМОВ, Иван Куп.",,,риянович.
27832,27833,12316,Во Франции: Заметки писателя.,"ФИНК, Виктор Григорьевич.",,,
27834,27835,12317,Во Франции: Путевые впечатления.,"КАРАВАЕВА, Анна Александровна.",,,
27836,27837,12318,Во чреве кита: Рассказ.,"БИБИК, Алексей Павлович.",,,
27838,27839,12319,Во что бы то ни стало: Повесть.,"ПЕРФИЛЬЕВА, Анастасия Витальевна.",,,
27840,27841,12320,Во что бы то ни стало: Роман.,"АХШАРУМОВ, Николай Дмитриевич.",,,
27842,27845,12321,Во что обходится красивая женщина.,"БЕРЧИК, Арпад фон. ",,Раб...,
27846,27847,12322,«Во что обходится любезность» и другие юмористические рассказы.,"ДЖЕРОМ, Джером Клапка.",,,
27848,27849,12323,Вова приспособился: Комедия в 2-х д.,"МИРОВИЧ, Евстигней.",,,
27850,27851,12324,Вова Снежкин становится лыжником.,"НЕМУХИН, Игорь Александрович.",,,
27852,27853,12325,"Вовик: Полубыль, полусказка.","ЧАРСКАЯ, Лидия.",,,
27854,27855,12326,Вовка: (Из биографии одного кадета).,"ЗАСОДИМСКИИ, Павел Владимирович.",,,
27856,27857,12327,"Вовка Грушин и другие: Рассказы, повести, пьеса.","СОТНИК, Юрий Вячеславович.",,,
27858,27859,12328,Вовка — Дон Жуан: Сатирические и шуточные стихи.,"КОТЛЯРОВ, Борис Иванович.",,,
27860,27861,12329,Вовка-моряк.,"ШАДРИН, Адихан Измаилович.",,,
27862,27863,12330,Вовка на планете Ялмез: Водевиль в 2-х ч.,"КОРОСТЫЛЕВ, Вадим Николаевич.",,,
27864,27867,12331,Вовка—сын командира или Необыкновенные приключения в тылу врага: Повесть.,"СВИРИДОВ, Георгий Иванович.",,,
27868,27869,12332,Вовкина тайна: Повесть.,"ПРОДАН, Юрий Юрьевич.",,,
27870,27871,12333,Вогул Никита: Очерк быта вогулов.,"СМИРНОВ, Александр Платонович.",,,
27872,27873,12334,Вовремя: Рассказ.,"КАРАУЛОВ, Михаил Федорович.",,,
27874,27875,12335,Вовчий Недогрызок: (Рассказы ди-да Панаса).,"ДЗЯКОВИЧ, П.",,,
27876,27877,12336,Вода: Рассказ.,"МИТРОПОЛЬСКИЙ, Н. [!] (МИТРОПОЛЬСКИЙ, Иван Иванович).",,,
27878,27879,12337,Вода в море соленая.,"ШЕВЦОВ, Александр Степанович.",,,
27880,27881,12338,Вода на камешках: Повести.,"ШИМ, Эдуард.",,,
27882,27883,12339,Вода не идет: Повесть.,"ДАМАН-СКАЯ, Августа Филипповна.",,,
27884,27885,12340,"Вода спит, враг не спит: Повесть.","ДЬЯТА, Фатмир (ГЬЯТА, Фатмир).",,,
27886,27887,12341,"Вода, хлеб и пули.","РЕГЛЕР, Густав.",,,
27888,27889,12342,Водевиль.,"ЧЕХОВ, Антон Павлович.",,,
27890,27891,12343,Водители: Роман.,"РЫБАКОВ, Анатолий.",,,
27892,27893,12344,Водители фрегатов: Книга о великих мореплавателях.,"ЧУКОВСКИЙ, Николай Корнеевич.",,,
27894,27895,12345,Водка сгубила: (Рассказы).,"БАБАНИН, Иван Николаевич.",,,
27896,27897,12346,"Водка сильна, но сильней воля своя.","ЧАРДЫМСКАЯ, Н. П.",,,
27898,27899,12347,Водоворот: Драма в 3-х д.,"МО-ГИЛЕВИЧ, Роман В.",,,
27900,27901,12348,Водоворот: Драма в 4-х д.,"АВСЕЕНКО, Василий Григорьевич.",,,
27902,27903,12349,Водоворот: Исторический роман.,"ГУЛИА, Георгий Дмитриевич.",,,
27904,27905,12350,Водоворот: Роман.,"БУСАКОВ, Джамал.",,,
27906,27907,12351,Водоворот: Роман.,"СЕНКЕВИЧ, Генрик.",,,
27908,27909,12352,Водоворот: Роман.,"ТЮТЮННИК, Григорий Михайлович.",,,
27910,27911,12353,Водоворот: [Стихи].,"САЗОНОВ, Александр Александрович.",,,
27912,27913,12354,Водоворот жизни: Роман в 2-х ч.,"ШАТИЛОВ, Л. Н.",,,
27914,27915,12355,Водовороты: Повести и рассказы.,"СРЕТЕНСКАЯ, Иоанна (ДРАГЕИМ-СРЕ-ТЕНСКАЯ, Иоанна Фердинандовна).",,,
27916,27917,12356,Водолаз: Рассказ о потонувших кораблях.,"ФЕНН, Георг Менвиль.",,,
27918,27919,12357,Водолазы: [Рассказы].,"ГУК, Геннадий Григорьевич, ПОПОВ, И.",,,
27920,27921,12358,Водолазы: (Рассказы).,"ДОНИ-КОВ, Николай Иванович.",,,
27922,27923,12359,Водонос умер: Роман.,"ЭЛЬ-СИ-БАН, Юсеф (СИБАН, Юсеф).",,,
27924,27925,12360,Водопад: Избранные стихотворения.,"ДЕРЖАВИН, Гавриил Романович.",,,
27926,27927,12361,"Водопад: Повести, рассказы.","ГО-РЫШИН, Глеб Александрович.",,,
27928,27929,12362,Водопад: Стихи.,ЗУЛЬФИЯ.,,,
27930,27931,12363,Водопад: Стихи.,"ИМАМВЕРДИ-ЕВ, Габиль Аллахверди оглы.",,,
27932,27933,12364,Водопад: Стихи и поэма.,"АДЫ-ШЕВА, Тенти Джунушбаевна.",,,
27934,27935,12365,Водопады: Стихи.,"ШЕРАЗАДИ-ШВИЛИ, Закария.",,,
27936,27937,12366,Водопады: Стихотворения.,"ПРАС-КУНИН, Михаил Васильевич.",,,
27938,27939,12367,Водопады Аксая: Повесть.,"АНАР-БАЕВ, Суннатулла.",,,
27940,27941,12368,Водопады не замерзают: Роман.,"СЕДОВ, Семен Давыдович.",,,
27942,27943,12369,Водоплавающая дичь: Из «Записок ружейного охотника Ореноургской губ.»,"АКСАКОВ, Сергей Тимофеевич.",,,
27944,27945,12370,Водораздел: Повествование.,"ЯК-КОЛА, Николай Матвеевич.",,,
27946,27947,12371,Водоросли: Новый сборник стихотворений.,"ЛЬВОВА, Александра Дмитриевна.",,,
27948,27949,12372,Водоросли цветут в глубинах: Повесть.,"КУДИЕВСКИИ, Константин Игнатьевич.",,,
27950,27951,12373,Воды Нарына.,"БИРЮКОВ, Николай Зотович.",,,
27952,27953,12374,Воды Хаконэ: Исторический роман.,"ТАКАКУРА, Тэру.",,,
27954,27955,12375,Водяная мельница: Рассказ.,"ЗА-МОИСКИИ, Петр.",,,
27956,27957,12376,Водяная пустыня или Водой по лесу: Роман.,"МАЙН-РИД, Томас (РИД, Томас Майн).",,,
27958,27959,12377,Водяной: Из жизни оляпок.,"ЧЕГЛОК, Александр.",,,
27960,27961,12378,Водяной бой: Рассказ.,"СУТЫ-РИН, Н.",,,
27962,27963,12379,Водяной дедушка и крестьянский сын: (Русская быль).,"КАССИРОВ, Иван.",,,
27964,27967,12380,Водяной и воздушный волк: Рассказ.,"РОБЕРТС, Чарльз. ",,Торпеда в перьях...,
27968,27971,12381,Водяной и русалки.,Имя авт. не установлено.,,,
27972,27973,12382,Водяной на мельнице или Мельник-колдун: Забавная сказка.,"ЕВСТИГНЕЕВ, Михаил Е.",,,
27974,27975,12383,Водяной орех: Повести и рассказы.,"АШИНОВ, Хазрат Ахметович.",,,
27976,27979,12384,Водяные.,"ГНЕДИЧ, Петр Петрович.    ",,,‘ В кн.: По духовным завещаниям...
27980,27981,12385,Воевода: (Сон на Волге). Сцены из народной жизни в 5-ти д. с прологом.,"ОСТРОВСКИЙ, Александр Николаевич.",,,
27982,27987,12386,"Воевода Волчий Хвост: Драма-былина из времен Володимира Красное Солнышко, князя Стольно-Киевского. В 5-ти д.","КОНДРАТЬЕВ, Иван Кузьмич.",,,
27988,27989,12387,Воевода Дерслав.,"ЕЖ, Теодор Томаш.",,,
27990,27991,12388,Воевода на кочке: Фельетоны.,"ЕГОРОВ, Борис Адрианович, ПОЛИЩУК, Ян Азарович.",,,
27992,27993,12389,Военком: Пьеса в 8-ми ч.,"ОВЧА-РЕНКО, Иван Митрофанович.",,,
27994,27995,12390,Военком: Рассказы.,"МЕЩЕРЯКОВ, Тимофей Степанович.",,,
27996,27997,12391,Военком Янов: Рассказ.,"КЛЯГИН, Константин Иванович.",,,
27998,27999,12392,Военкор Герасимов: Рассказ из красноармейской жизни.,"СКОСЫРЕВ, Петр Георгиевич.",,,
28000,28001,12393,Военкоры: Повесть.,"ФЕДОТОВ, Петр.",,,
28002,28003,12394,Военлеты: Повесть.,"МОРОЗОВ-УРАЛЬСКИЙ, Ст.",,,
28004,28005,12395,Военлеты: Рассказы о воздушном флоте.,"ТОЛСТОЙ, Владимир Михайлович.",,,
28006,28007,12396,Военная весна: [Стихи].,"ФЕФЕР, Ицик.",,,
28008,28009,12397,Военная весна: Стихотворения и песни.,"БРАУН, Николай Леопольдович.",,,
28010,28011,12398,"Военная весть: Приключения, размышления и видения. Юмористический и сатирический альманах.","ДЕД ТРАВОЕД (ТРАВИН, Петр Александрович).",,,
28012,28013,12399,Военная гордость: Рассказы.,"БОЧИН, Николай Дмитриевич.",,,
28014,28015,12400,"Военная гроза: Приключения, размышления и видения. Юмористический и сатирический альманах.","ДЕД ТРАВОЕД (ТРАВИН, Петр Александрович).",,,
28016,28017,12401,Военная гроза: Роман из эпохи «Великой войны 1914—15 гг.» В 2-х ч.,"ПАЗУХИН, Алексей Михайлович.",,,
28018,28019,12402,Военная косточка: [Баллады и песни].,"ДОЛМАТОВСКИЙ, Евгений Аронович.",,,
28020,28021,12403,Военная косточка: Повесть.,"ВАСИЛЕВСКИЙ, Виталий Сергеевич.",,,
28022,28023,12404,Военная косточка — полковая дочка: (Кавказская дочка). Комедия в 1-м д.,"КАРНЕЕВ, М. В.",,,
28024,28025,12405,Военная молодость: Стихи.,"МОЛЧАНОВ, Иван Никанорович.",,,
28026,28027,12406,Военная Нева: Стихи.,"ДУДИН, Михаил Александрович.",,,
28028,28029,12407,Военная почта: Рассказы.,"ЗАЛКА, Матэ (ЗАЛКА, Мате).",,,
28030,28031,12408,Военная тайна: [Повесть].,"ГАЙДАР, Аркадий.",,,
28032,28033,12409,Военная тайна: Приключенческая повесть.,"ШЕЙНИН, Лев Романович.",,,
28034,28035,12410,Военная тайна: [Рассказ].,"КРИШ-ТОПЕНКО, А. Е.",,,
28036,28037,12411,Военная тайна: Рассказ.,"МОНИ-ГЕТТИ, Константин Федорович.",,,
28038,28039,12412,Военная хитрость: Сценка.,"СИДОРОВ, П., РОМАНЬСКИЙ, С.",,,
28040,28043,12413,"Военное время:   Приключения, размышления и видения. Юмористический и сатирический альманах.","ДЕД ТРАВОЕД (ТРАВИН, Петр Александрович).",,,
28044,28045,12414,Военное время: Стихи.,"ГОРОДСКОЙ, Яков Зиновьевич.",,,
28046,28047,12415,Военное время: [Стихи].,"ТОП-ЧИЙ, Леонид Иванович.",,,
28048,28049,12416,Военное море: Рассказы.,"ЖДАНОВ, Николай Гаврилович.",,,
28050,28051,12417,Военное поле: Рассказы.,"ГОЛЬ-БЕРГ, Ефим Яковлевич (ДОРОШ, Ефим).",,,
28052,28053,12418,Военное положение.,"ГУМИЛЕВСКИЙ, Лев Иванович.",,,
28054,28055,12419,Военно-морские повести.,"КОЛ-БАСЬЕВ, Сергей Адамович.",,,
28056,28057,12420,Военнопленные: Записки капитана.,"БОНДАРЕЦ, Владимир Иосифович.",,,
28058,28059,12421,"Военные годы: Повести, рассказы, очерки.","ГОРБАТОВ, Борис Леонтьевич.",,,
28060,28061,12422,Военные дни: Рассказы и повесть.,"НИЯЗИ, Фатех.",,,
28062,28063,12423,Военные кони: Рассказы.,"ТИХОНОВ, Николай Семенович.",,,
28064,28065,12424,Военные на войне; Святочные рассказы.,"БЕЖЕЦКИЙ, А. Н. (МАСЛОВ, Алексей Николаевич).",,,
28066,28067,12425,Военные поезда.,"ДОРИЗО, Николай Константинович.",,,
28068,28071,12426,Военные похождения Фридерикса в 1812 году: Исторический рассказ для юношества и народа из эпохи нашествия Наполеона на Москву.,"ГОРН, В. О. фон",,,", (ЭРТЕЛЬ, Вильгельм). Загл. обл.: 1812-й год."
28072,28073,12427,Военные события в честь победоносного российского воинства: Стихотворение.,"ЛЕБЕДЕВ, Виктор.",,,
28074,28075,12428,Военные странички.,"МИТРОПОЛЬСКИЙ, Арсений.",,,
28076,28077,12429,Военные сцены из записок русского офицера.,"ЛЕБЕДЕВ, Виктор.",,,
28078,28079,12430,"Военный балагур: Последние телеграммы и новости и все верней верного! Приключения, размышления и видения. Юмористический и сатирический альманах.","ДЕД ТРАВОЕД (ТРАВИН, Петр Александрович).",,,
28080,28081,12431,"Военный бич: Юмористический альманах. Экстренные телеграммы: рассказы, сказки, анекдоты, стихи и карикатуры.","ДЕД ТРАВОЕД (ТРАВИН, Петр Александрович).",,,
28082,28083,12432,Военный досуг: Стихотворения.,"ГОЛИШЕВ, Николай.",,,
28084,28085,12433,Военный корреспондент: Рассказы.,"ЛАПИН, Константин Кириллович.",,,
28086,28087,12434,Военный край.,АТСКИЙ.,,,
28088,28089,12435,"Военный отголосок: Приключения, размышления и видения. Юмористический и сатирический альманах.","ФИША ПАСТУШОК (ШКУЛЕВ, Филипп Степанович).",,,
28090,28091,12436,Военный постой: Картинка с натуры в 2-х д.,"МАКК, А. (ГОРОДЦОВ, Андрей Александрович).",,,
28092,28093,12437,"Военный рожок: Юмористический и сатирический альманах. Приключения, размышления и видения.","ДЕД ТРАВОЕД (ТРАВИН, Петр Александрович).",,,
28094,28095,12438,Военный совет в Филях: Историческая пьеса в 1-м д. Из эпохи Отечественной войны 1812 г.,"КАСАТКИН, Н. П.",,,
28096,28097,12439,Военный Совет Вильгельма с чертями: Юмористический рассказ.,"ШУХМИН, Христофор Алексеевич.",,,
28098,28099,12440,Военный урожай: Весенняя повесть.,"БЕДНЫЙ, Демьян.",,,
28100,28103,12441,"Военный юмористический и сатирический альманах 1915 года: Приключе- ния, видения и размышления.","ДЕД ТРАВОЕД (ТРАВИН, Петр Александрович).",,,
28104,28105,12442,Воет ураган.,"ЗАМОЙСКИЙ, Петр.",,,
28106,28107,12443,Вожак; Неурядица; Под паровозом; На переправе; Грамотей Захар: (Эпизоды из истории постройки Баку-Тифлис-ского участка Закавказской ж. д.).,"ЯКИ МОВ, Павел Михайлович.",,,
28108,28109,12444,Вожак: Очерк.,"КОЗИН, Владимир Романович.",,,
28110,28111,12445,Вожак: Пьеса в 2-х актах с прологом.,"ПЕТУХОВ, Юрий Константинович.",,,
28112,28113,12446,Вожак санитарной упряжки.,"КОКОВИН, Евгений Степанович.",,,
28114,28115,12447,Вожатый: Пьеса в 3-х д.,"БАРДОВСКИЙ, Александр Александрович.",,,
28116,28117,12448,Вожатый: [Рассказ].,"УЖГИН, Семен Семенович.",,,
28118,28119,12449,Вожатый: Стихи.,"КУЗМИН, Михаил Алексеевич.",,,
28120,28123,12450,Вожди.,"МОЛЧАНОВ, Иван Ника-норович. ",,Между двумя семафорами...,
28124,28125,12451,Вождь: (Индейская легенда).,"СЕНКЕВИЧ, Генрик.",,,
28126,28127,12452,Вождь: (Кровавая комедия недавних дней). Пьеса в 5-ти д.,"ВИК-ТОРИНО-ВИЧ (СУЛЬЖИКОВ, Александр Виктори-нович).",,,
28128,28129,12453,Вождь: Пьеса в 3-х д.,"ЭРНСТ, Отто.",,,
28130,28131,12454,Вождь: Роман.,"ГИДАШ, Анатоль (ГИДАШ, Антал).",,,
28132,28135,12455,Вождь:   [Стихи о Сталине].,"ШМИДТ, Борис.",,,
28136,28137,12456,Вождь гверильясов: Роман; Похождения Жака Депара: Роман.,"МАЙН-РИД, Томас (РИД, Томас Майн).",,,
28138,28139,12457,Вождь деревенской бедноты В. И. Ульянов-Ленин: Биографический очерк.,"М-В, А. (МИТРОФАНОВ, Алексей Христофорович).",,,
28140,28141,12458,Вождь индейцев.,"СЕНКЕВИЧ, Генрик.",,,
28142,28143,12459,Вождь краснокожих.,О'ГЕНРИ.,,,
28144,28147,12460,Вождь мужиков: Князь Михаил Васильевич Скопин-Шуйский. Исторический рассказ из времен царя Василия Ивановича Шуйского (1608—1610 гг.).,"ВОЛКОВА, Е. Ф. Изд. ",,,также под загл.: Князь Михаил Васильевич Скопин-Шуйский.
28148,28149,12461,Вождь народный: (Опыт психологического изображения личности Моисея). Историческая драма в 5-ти д.,"ДОНХИН, Макс.",,,
28150,28151,12462,Воз березовых дров: Повесть.,"ТРОФИМОВ, Федор Алексеевич.",,,
28152,28153,12463,Возврат: Роман колеблющихся настроений.,"ТИХОНОВ, Алексей Алексеевич.",,,
28154,28155,12464,Возврат: 3-я симфония.,"БЕЛЫЙ, Андрей.",,,
28156,28159,12465,Возврат Чацкого в Москву: Продолжение комедии Грибоедова «Горе от ума». Разговор в стихах.,"РОСТОПЧИНА, Евдокия Петровна. ",Возврат Чацкого в Москву или Встреча знакомых лиц после двадцатипятилетней разлуки.,,
28160,28165,12466,Возврат Чацкого в Москву или Встреча знакомых лиц после двадцатипя- тилетней разлуки. (Загл. обл.).,"РОСТОПЧИНА, Евдокия Петровна. ",,,На тит. л.: Возврат Чацкого в Москву: Продолжение комедии Грибоедова «Горе от ума». Разговор в стихах.
28166,28167,12467,Возврата нет: Повесть.,"КАЛИНИН, Анатолий Вениаминович.",,,
28168,28169,12468,Возврата нет: Пьеса в 1-м д.,"ЕЛИЗАРОВ, Николай Никитич.",,,
28170,28171,12468а,Возврата нет: [Рассказ].,"АЗО-ВЕЦ, Н. В. (НИКИТИН, Н. В.).",,,
28172,28173,12469,Возвратившееся счастье: Поэма.,"КРУГЛЫЙ, Георгий М.",,,
28174,28175,12470,Возвратная волна: Повесть.,"ПРУС, Болеслав.",,,
28176,28179,12471,Возвратная любовь:     Повесть.,"ШУРТАКОВ, Семен Иванович.",,,
28180,28181,12472,Возвращаюсь к тебе: Стихи.,"СААКОВА, Валентина Григорьевна.",,,
28182,28185,12473,Возвращаются ветры:      Стихи.,"ЗЛОБИНА, Дина Дмитриевна.",,,
28186,28187,12474,Возвращаются птицы.,"НАИДИЧ, Михаил Яковлевич.",,,
28188,28189,12475,Возвращающий надежду.,"ЯРМА-ГАЕВ, Емельян.",,,
28190,28191,12476,Возвращение: Из книги «Завет». [Стихотворения].,"БЕСТУЖЕВ, Вл. (ГИППИУС, Владимир Васильевич).",,,
28192,28193,12477,Возвращение: [Книга стихов].,"ПЕ-РЕДРЕЕВ, Анатолий Константинович.",,,
28194,28195,12478,Возвращение: Комедия в 3-х д.,"БРИЕ, Эжен.",,,
28196,28197,12479,Возвращение: [Очерки].,"МОНАХОВ, Вадим Иванович.",,,
28198,28199,12480,Возвращение: Повести.,"АГИШЕВ, Рустам Константинович.",,,
28200,28201,12481,Возвращение: Повести и рассказы.,"ШИШОВ, Александр Федорович.",,,
28202,28203,12482,Возвращение: [Повесть].,"АПРЕСЯН, Ваграм Захарович.",,,
28204,28205,12483,Возвращение: Повесть.,"ВАДЕДКИЙ, Борис Александрович.",,,
28206,28207,12484,Возвращение: Повесть.,"ВОЛКОВ, Константин Петрович.",,,
28208,28209,12485,Возвращение: Повесть.,"ГРЯЗНОВ, Борис Зотович.",,,
28210,28211,12486,Возвращение: Повесть.,"ЕРЕМИН, Дмитрий Иванович.",,,
28212,28213,12487,Возвращение: [Повесть].,"МЮР-ДАЛЬ, Ян.",,,
28214,28215,12488,Возвращение: [Повесть].,"ПЕТРОВ, Евгений Александрович.",,,
28216,28217,12489,Возвращение: Повесть.,"ТОХА, Мохтар.",,,
28218,28219,12490,Возвращение: [Повесть].,"УЛУГ-ЗОДА, Сатым Улугович.",,,
28220,28221,12491,Возвращение: Повесть в письмах.,"ГАЙДОВСКИЙ, Георгий Николаевич.",,,
28222,28223,12492,Возвращение: Повесть и рассказы.,"БУРТЫНСКИЙ, Александр Семенович.",,,
28224,28225,12493,Возвращение: Повесть и рассказы.,"ИФАНТЬЕВ, Вадим Николаевич.",,,
28226,28227,12494,Возвращение: Повесть [о В. И. Ленине].,"МАКРУШЕНКО, Павел Ильич.",,,
28228,28231,12495,Возвращение: (Полдень. 22-й век). Фантастическая повесть.,"СТРУГАЦКИЙ, Аркадий Натанович, СТРУГАЦКИЙ, Борис Натанович. ","Полдень, XXII век: (Возвращение).",,
28232,28233,12496,Возвращение: Последние рассказы.,"МУИЖЕЛЬ, Виктор Васильевич.",,,
28234,28235,12497,Возвращение: Пьеса.,"ЗАДОНСКИЙ, Николай Алексеевич.",,,
28236,28237,12498,Возвращение: Пьеса в 2-х д.,"СТАВСКИЙ, Элигий Станиславович.",,,
28238,28239,12499,Возвращение: Пьеса в 1-м д.,"ЯЛЫДЕВ, Павел Дмитриевич.",,,
28240,28241,12500,Возвращение: Пьеса в 5-ти д.,"ТРИГЕР, Макс Яковлевич.",,,
28242,28243,12501,Возвращение: Рассказ.,"ГОРБАТОВ, Борис Леонтьевич.",,,
28244,28247,12502,Возвращение: Рассказ.,"ГРИН, Александр. ",,На склоне холмов...,
28248,28249,12503,Возвращение: Рассказ.,"КОПТЕ-ЛОВ, Афанасий Лазаревич.",,,
28250,28251,12504,Возвращение: Рассказ.,"ЛЕВИН, Борис Михайлович.",,,
28252,28253,12505,Возвращение: Рассказ.,"ПИНЯЕВ, Иван Данилович.",,,
28254,28255,12506,Возвращение: Рассказ.,"ЧЕРНОВА, Ольга Михайловна.",,,
28256,28257,12507,Возвращение: Рассказ.,"ШИЛ БД, Рунар.",,,
28258,28259,12508,Возвращение: Рассказы.,"АСАНОВ, Николай Александрович.",,,
28260,28261,12509,Возвращение: Рассказы.,"БАЙД-ЖИЕВ, Мар Ташимович.",,,
28262,28263,12510,Возвращение: Рассказы.,"ГОРБАЧЕВ, Николай Андреевич.",,,
28264,28265,12511,Возвращение: Рассказы.,"ЕВТЫХ, Аскер Кадербечевич.",,,
28266,28267,12512,Возвращение: Рассказы.,"ИЛЬЕНКОВ, Василий Павлович.",,,
28268,28269,12513,Возвращение: Рассказы.,"ЛОКОТКОВ, Константин Петрович.",,,
28270,28271,12514,Возвращение: Рассказы.,"МОПАССАН, Гюи де.",,,
28272,28273,12515,Возвращение: Рассказы.,"НИКИТИН, Сергей Константинович.",,,
28274,28275,12516,Возвращение: Рассказы.,"РЫБАК, Натан Самойлович.",,,
28276,28277,12517,Возвращение: Рассказы.,"РЯХОВ-СКИЙ, Василий Дмитриевич.",,,
28278,28279,12518,Возвращение: Рассказы.,"СКОМО-РОВСКИЙ, Рафаил Соломонович.",,,
28280,28281,12519,Возвращение: Рассказы.,"ЧИКО-ВАНИ, Григол.",,,
28282,28283,12520,Возвращение: Роман.,"ГЕРМАН, Анна Ивановна.",,,
28284,28285,12521,Возвращение: Роман.,"ДЕСНОЭС, Эдмундо.",,,
28286,28287,12522,Возвращение: Роман.,"ИЛЬИНА, Наталия Иосифовна.",,,
28288,28289,12523,Возвращение: Роман.,"НАСЕДКИН, Филипп Иванович.",,,
28290,28291,12524,Возвращение: Роман.,"ОЛЕСОВ, Федор.",,,
28292,28293,12525,Возвращение: [Роман].,"РЕМАРК, Эрих Мария.",,,
28294,28295,12526,Возвращение:  Роман.,"ЧЕРНОВ, Виталий Михайлович.",,,
28296,28297,12527,Возвращение: (Сборник расска¬ зов).,"БЭС, Гарегин (БЕС, Гарегин).",,,
28298,28299,12528,Возвращение:  Стихи.,"БАЛИН, Александр.",,,
28300,28301,12529,Возвращение:  [Стихи].,"БУНИН, Александр Семенович.",,,
28302,28303,12530,Возвращение:  Стихи.,"ВЕРТИН- СКИИ, Анатоль.",,,
28304,28305,12531,Возвращение: [Стихи].,"ВОЗНЯК, Александр Александрович.",,,
28306,28307,12532,Возвращение: Стихи.,"ГОРОДСКОЙ, Яков Зиновьевич.",,,
28308,28309,12533,Возвращение: Стихи.,"КАЛАШНИКОВ, Иван Федорович.",,,
28310,28311,12534,Возвращение: Стихи.,"КАЛМЫКОВ, Владимир Григорьевич.",,,
28312,28313,12535,Возвращение: Стихи.,"КРАВЦОВ, Александр Федорович.",,,
28314,28315,12536,Возвращение: Стихи.,"КРАПИВНИКОВ, Леонид Осипович.",,,
28316,28317,12537,Возвращение: Стихи.,"МЕЖИРОВ, Александр Петрович.",,,
28318,28321,12538,Возвращение: Стихи.,"НЕДОГО- НОВ, Алексей Иванович.",,,
28322,28325,12539,Возвращение: Стихи.,"ПОД ГОР- НИКОВ, Юрий Васильевич.",,,
28326,28329,12540,Возвращение: [Стихи].,"СОФРО- НОВ, Анатолий Владимирович.",,,
28330,28331,12541,Возвращение: Стихи.,"ТАНИЧ, Михаил Исаевич.",,,
28332,28335,12542,Возвращение: Стихи.,"ФИЛАТОВ, Владимир Федорович.",,,
28336,28337,12543,Возвращение: Стихи и переводы.,"АВСАРАГОВ, Борис Сергеевич.",,,
28338,28339,12544,Возвращение: Стихи и поэмы.,"ДА-РИЕНКО, Петря.",,,
28340,28341,12545,Возвращение: Стихи последних лет.,"РЕШЕТНИКОВ, Леонид Васильевич.",,,
28342,28343,12546,Возвращение: Стихи разных лет.,"МИХАЙЛОВ, Игорь Леонидович.",,,
28344,28345,12547,Возвращение: Стихи разных лет. Поэма.,"РОЖДЕСТВЕНСКИЙ, Роберт Иванович",,,","
28346,28347,12548,Возвращение: Фронтовые записи.,"ЛУЗГИН, Михаил Васильевич.",,,
28348,28349,12549,Возвращения Авеля: Рассказы.,"СУЛАКАУРИ, Арчил Самсонович.",,,
28350,28351,12550,Возвращение брата: Роман.,"АМ-ЛИНСКИЙ, Владимир Ильич.",,,
28352,28353,12551,Возвращение Будды: Рассказы.,"ИВАНОВ, Всеволод Вячеславович.",,,
28354,28357,12552,Возвращение в Брайдсхед: Роман.,"ВО, Ивлин. ",,Мерзкая плоть...,
28358,28359,12553,Возвращение в Бухарест: Роман.,"КОНСТАНТИНОВСКИЙ, Илья Давыдович.",,,
28360,28361,12554,Возвращение в Вавилон: Рассказы.,"ФИЦДЖЕРАЛЬД, Френсис Скотт.",,,
28362,28363,12555,Возвращение в город: Стихи.,"ДМИТРИЕВ, Олег Михайлович.",,,
28364,28365,12556,Возвращение в горы: Стихи.,"МАГОМЕДОВ, Рамазан Магомедович.",,,
28366,28367,12557,Возвращение в долину Фрагаля.,"СТРЫЙКОВСКИЙ, Юлиан.",,,
28368,28369,12558,Возвращение в дом: Стихи.,"ГОР-БОВСКИЙ, Глеб Яковлевич.",,,
28370,28371,12559,"Возвращение в дом отчий: Четвертая книга стихов, 1913—1915.","СОЛОВЬЕВ, Сергей Михайлович.",,,
28372,28373,12560,Возвращение в жизнь: Документальная повесть.,"ЗУБАРЕВ, Петр Михайлович.",,,
28374,28377,12561,Возвращение в жизнь: Повесть.,"АНДРЕЕВ, Вадим Леонидович. ",,История одного путешествия...,
28378,28379,12562,Возвращение в жизнь: Повесть.,"САКСЕ, Анна Оттовна.",,,
28380,28381,12563,Возвращение в жизнь: Роман.,"ШОШМИН, Георгий Иванович.",,,
28382,28383,12564,Возвращение в Итаку: Повесть.,"ГАГАРИН, Станислав Семенович.",,,
28384,28385,12565,"Возвращение в отечество любезного моего брата, князя Павла Александровича, из пятилетнего морского похода, в течение которого плавал он на многих морях, начиная от Балтики до Архипелага, видел многие европейские земли и, наконец, из Тулона сухим путем через Париж возвратился в Россию 1810 года мая 30 дня.","ШИХМАТОВ, Сергей Александрович.",,,
28386,28387,12566,Возвращение в сказку: Стихи.,"РУММО, Пауль-Эрик Паулович.",,,
28388,28389,12567,Возвращение в строй.,"ГОНЧАРОВ, Юрий Данилович.",,,
28390,28391,12568,Возвращение в фиесту.,"СЕМЕНОВ, Юлиан Семенович.",,,
28392,28393,12569,Возвращение в Чили: Два путешествия.,"АЛИГЕР, Маргарита Иосифовна.",,,
28394,28395,12570,Возвращение в юность: Стихи.,"КУЗЬМИН, Анатолий Михайлович.",,,
28396,28397,12571,Возвращение весны.,"РАВИЧ, Леонид Осипович.",,,
28398,28399,12572,Возвращение Грачика.,"КУДИМОВ, Виктор.",,,
28400,28401,12573,Возвращение десяти тысяч: Роман.,"КОДЖАГЕЗ, Самим.",,,
28402,28403,12574,Возвращение домой: Роман.,"СНОУ, Чарльз Перси.",,,
28404,28405,12575,Возвращение духа: Роман.,"АЛЬ-ХАКИМ, Тауфик.",,,
28406,28407,12576,Возвращение и смерть Яна Робеж-нека: Роман.,"УПИТ, Андрей Мартынович.",,,
28408,28409,12577,Возвращение Ибадуллы: Роман.,"ИВАНОВ, Валентин Дмитриевич.",,,
28410,28411,12578,Возвращение из Иерусалима: Комедия в 4-х д.,ДОННЭ. ,,,Морис.
28412,28413,12579,Возвращение из колонии Чад: Путевые заметки.,"ЖИД, Андрэ.",,,
28414,28415,12580,Возвращение из неизвестности.,"ЗАХАРОВ, Яков Иванович.",,,
28416,28417,12580а,Возвращение Имрея.,"КИПЛИНГ, Редьярд.",,,
28418,28419,12581,Возвращение Иржи Скалы.,"ПОЛАХ, Богумир.",,,
28420,28421,12582,Возвращение к горизонту: Повесть.,"КРАКОВСКИЙ, Владимир Лазаревич.",,,
28422,28423,12583,Возвращение к жизни: [Очерки].,"ШАПОВАЛОВ, Евгений Андреевич.",,,
28424,28425,12584,Возвращение к жизни: [Повесть].,"ГОЛУБЕВ, Анатолий Дмитриевич.",,,
28426,28427,12585,Возвращение к жизни: Повесть.,"КАЦОВИЧ, Лазарь Абрамович.",,,
28428,28429,12586,Возвращение к истокам: Лирика.,"САПРОНОВ, Владимир Сергеевич.",,,
28430,28431,12587,Возвращение к легенде.,"ВАСИЛЬЕВ, Александр Сергеевич.",,,
28432,28433,12588,Возвращение к людям: Повесть.,"ПЕТУНИИ, Павел Иванович, ЕРМОЛАЕВ, Алексей Иванович.",,,
28434,28435,12589,Возвращение к незабудкам: Стихи.,"ЛЮГАРИН, Михаил.",,,
28436,28437,12590,Возвращение к себе: Стихи.,"КВЛИВИДЗЕ, Миха (КВЛИВИДЗЕ, Михаил Георгиевич).",,,
28438,28439,12591,Возвращение Казановы: Новелла.,"ШНИЦЛЕР, Артур.",,,
28440,28445,12592,Возвращение Казановы на родину: Новелла.,"ШНИЦЛЕР, Артур. ",Возвращение Казановы.,,
28446,28447,12593,Возвращение капитана.,"ШИРЯЕВА, Галина Даниловна.",,,
28448,28449,12594,Возвращение корабля: Рассказы.,"КОКОВИН, Евгений",,,! Степанович.
28450,28451,12595,Возвращение лета: Рассказы.,"РОДИН, Николай Александрович.",,,
28452,28453,12596,Возвращение Ли-Вэй-Чана.,"ЗАЛ-КА, Матэ (ЗАЛКА, Мате).",,,
28454,28455,12597,Возвращение лодки: Рассказы.,"БАЛАБАЕВ, Геннадий Викторович.",,,
28456,28457,12598,Возвращение любви: Роман.,"ПЕР-ЧАТКИН, Василий Михайлович.",,,
28458,28459,12599,Возвращение любви: Роман.,"ЧУ-ВАКИН, Александр Иванович.",,,
28460,28461,12600,Возвращение машиниста.,"ПРЕЦАНГ, Эрнст (ПРЕЧАНГ, Эрнст).",,,
28462,28463,12601,Возвращение Менделя Маранца.,"ФРИДМАН, Давид.",,,
28464,28465,12602,Возвращение молодости: Вторая книга стихотворений.,"КУШТУМ, Николай.",,,
28466,28467,12603,Возвращение моряка: Роман.,ГАРНЕТТ Д,,,"авид (ГАРНЕТ, Давид)."
28468,28469,12604,Возвращение на Итаку.,"БЕРЗИН, Юлий Соломонович.",,,
28470,28471,12605,Возвращение на круги своя: Повести.,"ДРУЦЭ, Ион Пантелеевич.",,,
28472,28473,12606,Возвращение на Родину: Драма в 2-х д.,"БАЛАЖ, Бела (БАЛАШ, Бела Семенович).",,,
28474,28475,12607,Возвращение на родину: (Отрывки из повести).,"БЕЛЫЙ, Андрей.",,,
28476,28479,12608,Возвращение на родину: Рассказ сапера.,Имя авт. не установлено.,,,
28480,28481,12609,Возвращение на родину: Роман.,"ХАРДИ, Томас (ГАРДИ Томас).",,,
28482,28483,12610,Возвращение на старую землю: Фантастический роман.,"ЖУЛАВСКИИ, Георгий (ЖУЛАВСКИЙ, Ежи).",,,
28484,28487,12611,Возвращение невинно осужденного.,"КАПЮС, Альфред. ",,"Благотворительный, бал... *",
28488,28489,12612,Возвращение Нейтана Бекера.,"МАРКИШ, Перец Давыдович.",,,
28490,28491,12613,Возвращение Одиссея: [Отрывок из поэмы].,ГОМЕР.,,,
28492,28493,12614,Возвращение Одиссея: Рассказы.,"ЛАВРЕНЕВ, Борис Андреевич.",,,
28494,28495,12615,Возвращение отца.,"КОЦЕБУ, Август Фридрих.",,,
28496,28497,12616,Возвращение папанинцев.,"ВИЛЕНСКИЙ, Эзра Самойлович.",,,
28498,28499,12617,Возвращение партизана: Повесть.,"ЛИСТ, Павел.",,,
28500,28501,12618,Возвращение под огонь: Рассказы и очерки.,"ШМЕЛЕВ, Олег Михайлович.",,,
28502,28503,12619,Возвращение покойника с кладбища в дом родных.,"ПРОХОДИМЕЦ (ЗОТОВ, Михаил).",,,
28504,28505,12620,Возвращение птиц.,"КРИВОЩЕ-КОВ, Леонид Данилович.",,,
28506,28507,12621,Возвращение Птичкина.,"СУХАРЕ-ВИЧ, Василий Михайлович.",,,
28508,28509,12622,Возвращение русского солдата на родину: Повесть.,"ПАН ЯН (ПЕРМЯКОВ, Осип).",,,
28510,28511,12623,Возвращение Санина: Роман.,"ГРАФ АМОРИ (РАПГОФ, Ипполит Павлович).",,,
28512,28513,12624,"Возвращение славянской царицы Доброславы: Пролог в 2-х д., в стихах.","ОЛИН, Валериан Николаевич.",,,
28514,28515,12625,Возвращение со звезд; Звездные дневники Ийона Тихого.,"ЛЕМ, Станислав.",,,
28516,28519,12626,Возвращение солдата на родину: Рассказ для чтения воинских нижних чинов и народа.,"НИКУЛИН, Александр Николаевич.",,,
28520,28521,12627,Возвращение солнца: Приключенческие повести.,"КРАСОВСКИЙ, Леонид Станиславович.",,,
28522,28525,12628,Возвращение султана: Сцена в 1-м д.,"ВОРОНОВ, Василий Сергеевич.",,,
28526,28527,12629,Возвращение супруга; Гадальщица; Повинность смерти.,"ДЖЭКОБС, Вильям Вильмарк (ДЖЕКОБС, Вильям Ви-марк).",,,
28528,28531,12630,Возвращение Тараса: Комедия в 4-х актах.,"ЗОРИН, Дмитрий Иванович.",,,
28532,28535,12631,Возвращение Тарзана. (Загл. обл).,"БЭРРОУЗ, Эдгар (БЕРРОУЗ, Эдгар Райс). ",Возвращение Тарзана в джунгли.,,
28536,28541,12632,Возвращение Тарзана в джунгли.,"БЭРРОУЗ, Эдгар (БЕРРОУЗ, Эдгар Райс). ",Возвращение Тарзана.,,
28542,28543,12633,Возвращение Филиппа Латинови-ча: Роман.,"КРЛЕЖА, Мирослав.",,,
28544,28545,12634,Возвращение Христины домой: Комедия в 3-х д.,"ГОФМАНСТАЛЬ, Гуго фон.",,,
28546,28547,12635,Возвращение человека-тайны: Историческая повесть.,"ГОРДИН, Руфин Руфи-нович.",,,
28548,28551,12636,Возвращение Шерлока Гольмса.,"ДОЙЛЬ, Артур Конан.",,,
28552,28555,12637—12638,Возвращение Юрия Митрофановича.,"СТАРИКОВ, Виктор Александрович. ",,Мы летим в Анзас...,
28556,28559,12639,Возвращенная жизнь: Пьеса в 1-м д.,"ФАТУЕВ, Роман.",,,
28560,28561,12640,Возвращенная земля.,"ВИРТА, Николай Евгеньевич.",,,
28562,28563,12641,Возвращенная молодость.,"ЗОЩЕНКО, Михаил Михайлович.",,,
28564,28565,12642,Возвращенная песня: Стихи.,"АЛИ-КЯН, Абрам Саркисович.",,,
28566,28567,12643,Возвращенный город: Драматическая баллада.,"БРАГИН, Владимир Григорьевич.",,,
28568,28569,12644,Возвращенный к жизни: Повесть.,"ПАПИАШВИЛИ, Георгий Давидович.",,,
28570,28571,12645,Возвращенный преступник: Рассказ старого священника. (Отрывок из «Посмертных записок Пиквикского клуба»).,"ДИККЕНС, Чарльз.",,,
28572,28573,12646,Возвращенный Пушкин: Новеллы.,"ЗИЛОВ, Лев Николаевич.",,,
28574,28577,12647,Возвращенный рай:      Поэма.,"МИЛЬТОН, Джон.",,,
28578,28579,12648,Возвращенный свет.,"МАРВИЧ, Соломон.",,,
28580,28581,12649,Возвышение Сюзанны Ленокс: Роман.,"ФИЛЛИПС, Давид Грэхем.",,,
28582,28583,12650,Возвышенное и земное: Роман.,"ВЕЙС, Дэвид.",,,
28584,28585,12651,Возвышенное чувство: (Любовь). Трагикомический гротеск в 3-х актах.,"АПЕЛЬ, Пауль.",,,
28586,28587,12652,Возвышенность: Стихи.,"БОЛЕ-СЛАВСКИЙ, Лев Ионович.",,,
28588,28589,12653,Возгорится пламя.,"КОПТЕЛОВ, Афанасий Лазаревич.",,,
28590,28591,12654,Воздаяние нежностью: Стихи.,"ГОРБУНОВ, Михаил Николаевич.",,,
28592,28593,12655,Воздухи далей: Стихи.,"ТРУБИН, Иван Семенович.",,,
28594,28595,12656,Воздушная арка: Стихи.,"СВИ-РЕЛЬНИК, Ник. (ДВОРЯШИН, Николай Павлович).",,,
28596,28597,12657,Воздушная война 1936 года: Разрушение Парижа.,ГЕЛЬДЕРС (ХЕЛЬ-ДЕРС).,,,
28598,28601,12658,Воздушная деревня:      Роман.,"ВЕРН, Жюль.",,,
28602,28605,12659,Воздушное путешествие: Рассказ.,Имя авт. не установлено.,,,
28606,28607,12660,Воздушное путешествие Непира на Кронштадт: Сны Пальмерстона.,"НЕСТЕРОВ, Александр Кононович.",,,
28608,28611,12661,"Воздушное путешествие через Африку, составленное по запискам д-ра Фер-гюссона.","ВЕРН, Жюль. ",Пять недель на аэростате; Пять недель на воздушном шаре.,,
28612,28613,12662,Воздушные делишки пионера Мишки.,"ГРАНОВ, Вильгельм Исакович, ГОРБАЧЕВ, Николай Николаевич.",,,
28614,28615,12663,Воздушные замки: (Комический этюд).,"ИНКОГНИТО (ГРАБИНА, Алексей Трофимович).",,,
28616,28619,12664,Воздушные корабли: (Авиация). Стихи.,"ТУЛИН, Григорий. ",Воздушный флот: (Авиация). Стихи.,,
28620,28621,12665,Воздушные корабли: [Стихотворение] .,"ВАЗА, Сергей.",,,
28622,28623,12666,Воздушные пути.,"ПАСТЕРНАК, Борис Леонидович.",,,
28624,28625,12667,Воздушные фрегаты: Новеллы.,"МАРТЫНОВ, Леонид Николаевич.",,,
28626,28627,12668,Воздушный десант: Роман.,"КОЖЕВНИКОВ, Алексей Венедиктович.",,,
28628,28629,12669,Воздушный замок: Комедия в 3-х д.,"РУДЫЙ, Леонид Моисеевич.",,,
28630,28631,12670,Воздушный извозчик: Сценарий.,"ПЕТРОВ, Евгений.",,,
28632,28633,12671,Воздушный колодец.,"ЯЗВИЦКИЙ, Валерий Иоильевич.",,,
28634,28637,12672,Воздушный корабль: Новый роман.,"ВЕРН, Жюль. ",Робур-Побе-дитель; Робур-завоеватель.,,
28638,28639,12673,Воздушный корабль: [Рассказ].,"СЛОНИМСКИЙ, Михаил Леонидович.",,,
28640,28643,12674,"Воздушный пират: Приключения таинственного человека в маске, покорителя воздушного царства. Вып. 1—70.",Имя авт. не установлено.,,,
28644,28647,12675,Воздушный пирог: Комедия в 5-ти д.,"РОМАШОВ, Борис Сергеевич.",,,
28648,28649,12676,Воздушный поединок.,"ЧАЧКО, Марк Ильич.",,,
28650,28651,12677,Воздушный путь: Рассказы.,"БАЛЬМОНТ, Константин Дмитриевич.",,,
28652,28653,12678,Воздушный разведчик.,"ЧЕРНИЕВ-СКИЙ, Владимир Карпович.",,,
28654,28655,12679,Воздушный флот: (Авиация). Стихи.,"ТУЛИН, Григорий.",,,
28656,28657,12680,Воздушный царь: Рассказ.,"РОБЕРТС, Чарльз.",,,
28658,28659,12681,Воздушный шар: Рассказ.,"ЛАГЕР-ЛЕФ, Сельма.",,,
28660,28661,12682,Возле золотого прииска: Бытовые сцены.,В. Ч.,,,
28662,28663,12683,Возле Ишима: Пьеса в 1-м д.,"КУЛИК, Арнольд Семенович.",,,
28664,28667,12684,Возле ребенка: Рассказ.,"СЕР АО, Матильда. ",Рыжак.,,
28668,28669,12685,Возле сердца: Стихи.,"НАЙДИЧ, Михаил Яковлевич.",,,
28670,28673,12686,Возле старых ясеней: Пьеса в 4-х д.,"ЛЮБИМОВА, Валентина Александровна.",,,
28674,28677,12687,Возле счастья.,"МЕЛЬНИКОВА, М. ",,Утро адвоката...,
28678,28679,12688,Возлюбивший войну: Роман.,"ХЕР-СИ, Джон Ричард.",,,
28680,28683,12689,Возлюбленная.,Имя авт. не установлено.,,,
28684,28687,12690,Возлюбленная Поля.,"МОПАССАН, Гюи де. ",Подруга Поля.,,
28688,28689,12691,"Возлюбленная псу: Сильная поэма, 1913—1915.","ХОМИНСКИЙ, Артур.",,,
28690,28691,12692,Возлюбленная фаворита: Исторический роман.,"МАУРИН, Евгений Иванович.",,,
28692,28693,12693,Возмездие: (Вот я иду!). Драма в 3-х д. (Новая редакция).,"БЕРЕЗКО, Георгий Сергеевич.",,,
28694,28695,12694,Возмездие: Драма в 3-х д.,"ИКРАМИ, Джалол Икрамович.",,,
28696,28697,12695,Возмездие: Драма в 4-х д.,"ЛИТВИН, С. К. (ЭФРОН, Савелий Константинович).",,,
28698,28699,12696,"Возмездие: (Мать). Пьеса в 9-ти карт, с прологом.","ВИННИКОВ, Николай Георгиевич.",,,
28700,28701,12697,Возмездие: Повесть.,"АВШАЛУ-МОВ, Хизгил Давидович.",,,
28702,28703,12697а,Возмездие: Повесть.,"АРДАМАТСКИЙ, Василий Иванович.",,,
28704,28705,12698,Возмездие: Повесть.,"ЛАВРИК, Александр Григорьевич, ГОКЖАЕВ, Захар Христофорович.",,,
28706,28707,12699,Возмездие: Повесть.,"ЛЕВИН, Борис Наумович.",,,
28708,28709,12700,Возмездие: Повесть.,НЕЕРА.,,,
28710,28713,12701,Возмездие:   [Поэма],"БЛОК, Александр Александрович.",,,
28714,28717,12702,Возмездие: [Поэма].,"ШТРОМ-БЕРГ, М. ",,Аларис...,
28718,28719,12703,Возмездие: Пьеса в 3-х д.,"КРУЧ-КОВСКИЙ, Леон.",,,
28720,28721,12704,Возмездие: Рассказ.,"ЕМЕЛЬЯНОВ, Борис Александрович.",,,
28722,28723,12705,Возмездие: Рассказ.,"КАРАУЛОВ, Михаил Федорович.",,,
28724,28727,12706—12707,Возмездие: [Рассказ].,"ТА-БУРНО, Иероним Павлович. ",,Воспоминания повстанца...,
28728,28729,12708,Возмездие: Романы.,"НАСИБОВ, Александр Ашотович.",,,
28730,28731,12709,Возмездие. [Сборник стихотворений].,"ГЮГО, Виктор.",,,
28732,28733,12710,Возмездие: [Стихи].,"ТВАРДОВСКИЙ, Александр Трифонович.",,,
28734,28737,12711,"Возмездие злодеям или Что посеешь, то пожнешь: Роман в 2-х ч.",Имя авт. не установлено.,,,
28738,28739,12712,Возмездие или Чудеса нашего времени.,Е. М.,,,
28740,28743,12713,Возможна гроза.,"КУДИНОВ, Иван Павлович. ",,Городская жизнь...,
28744,28745,12714,"Возможно, их зовут иначе.","КАЛЬ-МА, Н.",,,
28746,28747,12715,Возможны варианты: Семейная фантазия в 2-х д. с комедиями и трагедиями.,"АЗЕРНИКОВ, Валентин Захарович.",,,
28748,28749,12716,Возможный вариант.,ТУР,,,", братья."
28750,28751,12717,Возможный случай.,"МАТВЕЕВ, Герман Иванович.",,,
28752,28753,12718,Возмужание: Очерки.,"ЯХЛАКОВ, Евгений Петрович.",,,
28754,28757,12719,Возмутители: Исторический роман.,"ЧЕХОВ, Виктор Григорьевич. ",Клим Соболев.,,
28758,28759,12720,Возмутители: [Повесть].,"ЗУЕВ-ОРДЫНЕЦ, Михаил Ефимович.",,,
28760,28761,12721,Возмутитель спокойствия.,"СОЛОВЬЕВ, Леонид Васильевич.",,,
28762,28763,12722,Возмутительница спокойствия.,"СО-ЛОДАРЬ, Цезарь Самойлович.",,,
28764,28765,12723,Возмутительницы или Кто же тут социалисты: Юмористический роман из времен непонимания друг друга.,"СОКОЛОВ, Александр Алексеевич.",,,
28766,28769,12724,Возмутительно!!: Комедия-воде- виль в 4-х д.,"СЕВЕРОВА, Н. Б. (НОРД-МАН-СЕВЕРОВА, Наталья Борисовна).",,,
28770,28771,12725,"Возмутительные похождения нового разбойника Карла, внука Савицких и Эльзы Тавронской, или Тайны Могилевских лесов.","ТЯЖЕЛОИСПЫТАННЫЙ, Андрей (ПРОХОРОВИЧ,Андрей Васильевич).",,,
28772,28775,12726,"Возмутительные похождения раз- бойника Юрченко, изнасилователя женщин, или Любовные тайны новобрачных.","ТЯЖЕЛОИСПЫТАННЫЙ, Андрей (ПРОХОРОВИЧ, Андрей Васильевич).        ",,,*
28776,28779,12727,"Возмутительные      похождения страшного морского чудовища, людоеда, опасного, беспощадного, хищного разбойника, или морского дьявола.","ТЯЖЕЛОИСПЫТАННЫЙ, Андрей (ПРОХОРОВИЧ, Андрей Васильевич).",,,
28780,28783,12728,Возмутительный брак: Роман.,"ЛЕО, Андрэ. ",Скандальный брак.,,
28784,28787,12729,Возмутительный факт.,"ЕМЕЛЬЯ-НОВ-КОХАНСКИЙ, Александр. ",,Клеопатра...,
28788,28789,12730,Вознаграждение — тысяча франков: Драма в 4-х актах.,"ГЮГО, Виктор.",,,
28790,28793,12731,Вознесение Тафи:      Рассказы.,"ФРАНС, Анатоль.",,,
28794,28795,12732,Возникновение города: Стихотворная повесть.,"ЗАВОДЧИКОВ, Владимир Павлович.",,,
28796,28797,12733,Возница смерти: Повесть.,"ЛАГЕР-ЛЕФ, Сельма.",,,
28798,28801,12734,Возобновление юности.,"БУДИ-ЩЕВ, Алексей Николаевич. ",,Нечистая сила...,
28802,28803,12735,Возобновленная жизнь: Рассказ.,"ИЛЬИН, Сергей Константинович.",,,
28804,28805,12736,Возраст: Книга стихов.,"КОРНИЛОВ, Владимир Николаевич.",,,
28806,28807,12737,Возраст: Лирика.,"БУГАЕВ, Виктор.",,,
28808,28809,12738,Возраст: [Стихи].,"ВАСИЛЬЕВ, Сергей Александрович.",,,
28810,28811,12739,Возраст: [Стихи].,"ФИЛЬШТЕЙН, Михаил Яковлевич.",,,
28812,28813,12740,Возраст: Стихи. Поэма.,"КУГУЛЬ-ТИНОВ, Давид Никитич.",,,
28814,28815,12741,Возраст Адама: Повесть.,"ШМИДТ, Борис.",,,
28816,28819,12742,Возраст актрисы: (Розалинда). Комедия в 1-м д.,"БАРРИ, Джеймс Мэтью. ",Розалинда.,,
28820,28821,12743,Возраст Джульетты: (Юность). Пьеса в 3-х актах.,"ДЕВАЛЬ, Жак.",,,
28822,28823,12744,Возраст женщины: Музыкальная комедия в 2-х ч.,"ШАТУНОВСКИИ, Евгений Евгеньевич.",,,
28824,28825,12745,Возраст земли: Роман.,"БУРЛАК, Борис Сергеевич.",,,
28826,28827,12746,Возраст любви.,"БУРЖЕ, Поль.",,,
28828,28829,12747,Возраст мужания: Повести.,"ЖАРИКОВ, Андрей Дмитриевич.",,,
28830,28831,12748,Возраст мужчины: Диалоги в 2-х д.,"ЭДЛИС, Юлиу Филиппович.",,,
28832,28833,12749,Возраст на ладони: Юмористические стихи.,"ПЕРОВ, Григорий.",,,
28834,28835,12750,Возраст памяти: Стихи.,"ЛЕВИН, Роман Александрович.",,,
28836,28837,12751,Возраст расплаты: Пьеса в 3-х актах.,"ЖУХОВИЦКИЙ, Леонид Аронович.",,,
28838,28839,12752,Возраст шалостей.,"ЛАВЕДАН, Анри Леон.",,,
28840,28841,12753,Возрождающаяся земля: Роман.,"БАЗЕН, Ренэ (БАЗЭН, Ренэ).",,,
28842,28843,12754,Возрождение; В руднике; У паровоза: Рассказы.,"СЕВЕРЦЕВ-ПОЛИЛОВ, Г. Т. (ПОЛИЛОВ, Георгий Тихонович).",,,
28844,28845,12755,Возрождение: Комедия в 3-х д.,"ПИКАР, Андре.",,,
28846,28847,12756,Возрождение: Рассказ.,"ГОРБУНОВ, Сергей.",,,
28848,28849,12757,Возрождение: Рассказ.,"И. М. (МОРДВИНОВ, Исаакий Петрович).",,,
28850,28851,12758,Возрождение: Роман.,"ПОРТНОВ, Константин Федорович.",,,
28852,28853,12759,Возрождение: Стихи.,"ИВАНОВ, Игорь Анатольевич.",,,
28854,28857,12760,Возрождение: Стихи.,"ПАЛЕЦКИС, Юстас Игнович. ",На жизненном пути.,,
28858,28859,12761,Возрождение: Ueber den Wassern. Драма в 3-х д.,"ЭНГЕЛЬ, Георг.",,,
28860,28861,12762,Возрожденная земля.,"ШАМШИЕВ, Толен.",,,
28862,28863,12763,Возрожденный городок.,"РОМЭН, Жюль де.",,,
28864,28865,12764,Возропщем.,"КРУЧЕНЫХ, Алексей Елисеевич.",,,
28866,28869,12765,Возчик Геншель: Драма в 5-ти д.,ГАУПТМАН,,,; Гергарт. Изд. также под заглавиями: Извозчик Геншель; Геншель.
28870,28871,12766,Возчик первого класса.,"ДЛУГО-ЛЕНСКИЙ, Яков Ноевич.",,,
28872,28873,12767,Возьмешь чужое — потеряешь свое: Правдивый рассказ из народной жизни.,"СКВОРЕШНИКОВ, Алексей Г.",,,
28874,28875,12768,"Возьми мои сутки, Савичев!: Повести и рассказы.","ВОЛОДИН, Борис Генрихович.",,,
28876,28879,12769,Возьмите автограф у Арктики.,"ТЕПЛЯКОВ, Юрий Николаевич.",,,
28880,28881,12770,"Возьмите улыбку, товарищ!: Юмористические рассказы.","ПЕНКРАТ, Михась.",,,
28882,28883,12771,Возьму перо в дорогу.,"ЧЕРНЫХ, Елена Дмитриевна.",,,
28884,28885,12772,Воин: Комедия в 4-х д.,"ПОТУ-ЛОВ, Александр Александрович.",,,
28886,28889,12773,Воин-девица или Русские люди в 1812 году: Историческая повесть.,Имя авт. не установлено.,,,
28890,28891,12774,Воин-поэт.,"НЕВЕДОМСКИИ, Николай Васильевич.",,,
28892,28893,12775,Воинам земли русской: Стихотворения.,"КАРПОВИЧ, Анна.",,,
28894,28895,12776,Воинская страда: Боевые впечатления.,"ОКУНЕВ, Яков.",,,
28896,28897,12777,Воинское счастье: Рассказы.,"КОЖЕВНИКОВ, Вадим Михайлович.",,,
28898,28899,12778,Воинство славы.,"РАХИМИ, Муха-меджан Вахабович.",,,
28900,28901,12779,Воинствующая жизнь: Рассказы.,"ГАМСУН, Кнут.",,,
28902,28903,12780,Воины в броне.,"РОСТКОВ, Аркадий Федорович.",,,
28904,28905,12781,Воины времен очаковских или Возвращение на свою родину капитана Доброхотова после долговременной разлуки с семейством своим: Московская повесть в стихах.,"ФОМИН, Николай Ильич.",,,
28906,28907,12782,Воины труда.,"КОЧНЕВ, Михаил Харлампиевич.",,,
28908,28909,12783,Воительница: Очерк.,"ЛЕСКОВ, Николай Семенович.",,,
28910,28911,12784,Вой тьмы: Стихотворения.,"БОГУ-СЛАВЛЕВ, Марк.",,,
28912,28913,12785,Войди в искусство: Очерки.,ГОРБАЧЕВ. ,,,Николай Андреевич.
28914,28915,12786,Войди в каждый дом: Роман.,"МАЛЬЦЕВ, Елизар.",,,
28916,28917,12787,Войди в мою жизнь.,"ШЕСТИН-СКИЙ, Олег Николаевич.",,,
28918,28919,12788,Войди другом в мой дом: Роман.,"ЗОРИЧ, Анастасия Антоновна.",,,
28920,28921,12789,Войдите в дом: Пьеса в 4-х д.,ПЕТРОВ. ,,,А. Пв.
28922,28925,12790,Войлоков и миллионы: Роман в 2-х ч.,"ШАМОНИН, А. П.",,,
28926,28927,12791,Война: (Апрель 1942 — март 1943).,"ОРЕНБУРГ, Илья Григорьевич.",,,
28928,28929,12792,Война: (Апрель 1943 — март 1944).,"ОРЕНБУРГ, Илья Григорьевич.",,,
28930,28931,12793,Война; Аринушка; На передовых позициях; Вблизи Перемышля.,СКИТАЛЕЦ.,,,
28932,28933,12794,Война: Драматическая фантазия в 9-ти карт.,"КУРЛОВ, Евгений Евграфович.",,,
28934,28935,12795,Война: (Из романа «Рожденные в 1902 году»).,"ГЛЕЗЕР, Орнст.",,,
28936,28937,12796,Война: (Июнь 1941 —апрель 1942).,"ОРЕНБУРГ, Илья Григорьевич.",,,
28938,28939,12797,Война: Кто кого побьет.,"ГОРЯЙНОВ, Иван Александрович.",,,
28940,28941,12798,Война; Мир; Отклики сердца.,"ОЛЕНИЧ-ГНЕНЕНКО, Павел Павлович.",,,
28942,28943,12799,Война: Победное шествие Фрица и Карла от кружки пива в... русский плен.,"ТУРГЕНЕВ, Николай Александрович.",,,
28944,28945,12800,Война: [Повесть].,"ТИХОНОВ, Николай Семенович.",,,
28946,28947,12801,Война: (Приключения русского коммерсанта на Дальнем Востоке). Популярно-беллетристический очерк. Вып. 1—2.,"АРТУРСКИЙ, Евгений.",,,
28948,28949,12802,Война: Пьеса в 4-х д.,"СТАВСКИЙ, Владимир.",,,
28950,28951,12803,Война: Рассказ.,ДЯДЯ ЖОРЖ.,,,
28952,28955,12804,Война: [Рассказ].,"МИРБО, Октав. ",На войне.,,
28956,28957,12805,Война: Рассказ из быта черногорцев.,"В. П. (КАРПИНСКАЯ, Вера Николаевна).",,,
28958,28959,12806,Война: Роман.,"СТАДНЮК, Иван Фотиевич.",,,
28960,28961,12807,Война: Сборник рассказов.,"КОВАЛЬСКИЙ, Казимир Адольфович.",,,
28962,28963,12808,Война: Стихи.,"СОЛОГУБ, Федор.",,,
28964,28965,12809,Война: Стихи и поэма.,"РУМЯНЦЕВА, Майя Александровна.",,,
28966,28967,12810,"Война: Стихи, 1937—1943 гг.","СИМОНОВ, Константин Михайлович.",,,
28968,28969,12811,Война: [Стихотворение].,"МИХАЙЛОВА, Варвара.",,,
28970,28971,12812,Война: Стихотворения.,"ВАТСОН, Мария Валентиновна.",,,
28972,28973,12813,Война: Стихотворения.,"РЕБРОВ, Яков Яковлевич.",,,
28974,28975,12814,Война: Стихотворения (1914— 1917).,"ГОРБУНОВ-ПОСАДОВ, Иван Иванович.",,,
28976,28977,12815,Война: Фронтовые стихи.,"ВАСИЛЬЕВ, Сергей Александрович.",,,
28978,28979,12816,Война: Художественно-публицистический сборник.,"ЭРЕНБУРГ, Илья Григорьевич.",,,
28980,28981,12817,Война: Эпопея.,"ВИШНЕВСКИЙ, Всеволод Витальевич.",,,
28982,28983,12818,Война Англии с бурами: Фарс в 1-м д.,"СЕРПОЛЕТТИ, Андрей Захарович.",,,
28984,28985,12819,Война без выстрелов: Роман.,"СОКОЛОВ, Владимир Константинович.",,,
28986,28987,12820,Война без мира: Рассказы.,"ИСЕТ-СКИЙ, Александр.",,,
28988,28989,12821,Война без фронта.,"РАВИЧ, Николай Александрович.",,,
28990,28991,12822,Война богов: Поэма в 10-ти песнях с эпилогом.,"ПАРНИ, Эварист.",,,
28992,28993,12823,Война в воздухе: Роман из недалекого будущего.,"УЭЛЬС, Герберт (УЭЛЛС, Герберт Джордж).",,,
28994,28995,12824,Война в джунглях: Записки военного корреспондента.,"ВАРНЕНСКАЯ, Моника.",,,
28996,28997,12825,Война в доме священника: Пьесса в 3-х д.,"ЖЕЛЕЗНИКОВ, Владимир Карпович.",,,
28998,28999,12826,Война в лесу.,"БИАНКИ, Виталий Валентинович.",,,
29000,29001,12827,Война в Махтра: Роман.,"ВИЛЬ-ДЕ, Эдуард Юрьевич.",,,
29002,29003,12828,Война войне: Драма в 4-х актах.,"КОЛАС, Якуб.",,,
29004,29005,12829,Война—войне: Стихи.,"ЩИПАЧЕВ, Степан Петрович.",,,
29006,29007,12830,Война Двуглавого Орла с заморским зверем Крокодилом: Историческая басня. Посвящается русским чудо-богатырям.,"ДЯДЯ ГОРДЕЙ (ШВЕЦОВ, Гордей Михайлович).",,,
29008,29011,12831,Война двух племен в Эндилендской школе: Рассказ; Одна из наших забав.,Имя авт. не установлено.,,,
29012,29015,12832,"Война жен с мужьями или Спорь до слез, а об заклад не бейся!: Водевиль в 5-ти д.","ДЕМАР, Виктор Эжен, ТЕОЛОН ДЕ ЛАМБЕР, Мари Эммануэль Гийом.",,,
29016,29017,12833,Война за океан: Роман.,"ЗАДОРНОВ, Николай Павлович.",,,
29018,29019,12834,Война за опиум: Роман.,"БРУНН-ГРАБЕР, Рудольф.",,,
29020,29021,12835,Война и девиз воюющих.,"БЕЛИТ-ЧЕНКО, Николай ",,,Г1.
29022,29023,12836,Война и жизнь: Трагедия в 3-х д.,К. Я.,,,
29024,29025,12837,Война и любовь: Комедия в 4-х д. (из Русско-японской войны).,"ВЕРЕМЕИ-КО, П.",,,
29026,29027,12838,Война и люди: [Очерки. Заметки публициста].,"ПЕСКОВ, Василий Михайлович.",,,
29028,29029,12839,Война и люди: (Семнадцать месяцев с дроздовцами).,"ВЕНУС, Георгий Давидович.",,,
29030,29031,12840,Война и люди: Стихи.,"ФЕФЕР, Ицик.",,,
29032,29035,12841,Война и мир: Исторический роман из эпохи великих событий 1812 г. (Грозный год).,Имя авт. не установлено.,,,
29036,29037,12842,Война и мир: Комедия в 5-ти д.,"ГОРОДНЯ, Василий (ГРЕЧИНСКИЙ, Василий Павлович).",,,
29038,29039,12843,Война и мир: [Поэма].,"МАЯКОВСКИЙ, Владимир Владимирович.",,,
29040,29041,12844,Война и мир: (Поэма).,"СЕВРЮ-КОВ, Семен Алексеевич.",,,
29042,29043,12845,Война и мир: Пьеса в 3-х д.,"НИКИФОРОВ, Георгий Константинович.",,,
29044,29045,12846,Война и мир: [Роман]. Т. 1—6.,"ТОЛСТОЙ, Лев Николаевич.",,,
29046,29047,12847,"Война и народ: Юмористический и сатирический альманах. Приключения, размышления и видения.","ФИША ПАСТУШОК (ШКУЛЕВ, Филипп Степанович).",,,
29048,29049,12848,Война и плен: Рассказы.,"УЛЬЯН-СКИЙ, Антон Григорьевич.",,,
29050,29051,12849,Война и приключения оловянных солдатиков: Из воспоминаний реалиста. Рассказ.,"МИНЦЛОВ, Сергей Рудольфович.",,,
29052,29053,12850,Война и прожектор.,"БЕЛИТЧЕН-КО, Николай П.",,,
29054,29057,12851,Война и свобода: Республиканские песни и стихи. (Загл. обл.).,"СКЛЯРОВ, Леонид. ",Свобода и война: Республиканские песни.,,
29058,29061,12852,Война и человек: Комедия в 3-х д.,"ШОУ, Бернард.",,,
29062,29063,12853,"Война или Куда дерево клонилось, туда оно повалилось: Русско-турецкая кампания в 1877—78 гг. Драма в 5-ти д.",РОЗОВ-РАССВЕТОВ.,,,
29064,29065,12854,"Война «кольца» с «союзом» (Англия, Франция, Россия, Германия, Австрия, Италия): Повесть грядущих событий.","Р-ЦКИИ, Петр.",,,
29066,29067,12855,Война купца Трифона Лукича Му-зобоева с гейшами в Японии: Странное и маловероятное происшествие.,"ДЕДУШКО ПАНФИЛЫЧ (ГОЛОХВАСТОВ, К. К.).",,,
29068,29069,12856,Война кухарки с барыней в Даевом переулке: Рассказ.,А. Г.,,,
29070,29071,12857,Война кухарки с барыней или Нашла коса на камень: Петербургская историйка.,"ОКО, Нестор (НЕСТЕРОВ, Александр Кононович).",,,
29072,29075,12858,Война кухарки с буржуем на Тверском бульваре.,Имя авт. не установлено.,,,
29076,29077,12859,"Война летом: Юмористический альманах. Экстренные телеграммы, рассказы, сказки, анекдоты, стихи и карикатуры.","ДЕД ТРАВОЕД (ТРАВИН, Петр Александрович).",,,
29078,29079,12860,Война—Мир: Поэма.,"МАНЕНКОВ, Сергей.",,,
29080,29081,12861,Война миров.,"УЭЛЛС, Герберт Джордж.",,,
29082,29089,12862,Война мышей и лягушек: Забавная поэма. Изд. также под заглавиями: Брань мышей и лягушек; Ваграхомиомахия или Война лягушек и мышей.,Имя авт. не установлено. ,,,Ошибочно приписывалось Гомеру.
29090,29091,12863,Война мышей и лягушек: [Пьеса].,"ЧЕБЫШЕВА-ДМИТРИЕВА, Евгения Александровна.",,,
29092,29093,12864,Война мышей и лягушек: [Сказка].,"ЖУКОВСКИЙ, Василий Андреевич.",,,
29094,29097,12865,Война на Балканах: Комедия в 1- м д.,"КОПТЕВ, Виктор.",,,
29098,29099,12866,Война на верху конки или Женский персонал одержал победу.,"ДУНИН, Василий Эразмович.",,,
29100,29101,12867,Война на хуторах или Юность Феди Панько: Повесть.,"ДРОЗДОВ, Виктор Александрович, КАПУСТО, Юдифь Борисовна.",,,
29102,29103,12867а,Война народов: (Под молотом истории). Роман из современной действительности.,"ЕМЕЛЬЯНЧЕНКО, Иван Яковлевич.",,,
29104,29105,12868,Война невидимок.,"ШПАНОВ, Николай Николаевич.",,,
29106,29107,12869,Война отменена: Комедия-фарс в 2- х д.,"НЕЕЛОВ, А. Л.",,,
29108,29111,12870,"Война петербургских жен с мужьями или Курица не птица, а женщина не человек.",Имя авт. не установлено.,,,
29112,29115,12871,Война петербуржцев с москвичами: (Курьезное приключение с француженками).,Имя авт. не установлено.,,,
29116,29117,12872,Война по выбору: Рассказ.,"КАРИ-КАШ, Фридьеш.",,,
29118,29119,12873,Война под крышами: Роман.,"АДАМОВИЧ, Александр Михайлович.",,,
29120,29121,12874,Война примиряет: Пьеса на злобу дня в 4-х карт. Действие происходит в Люблинской губернии на границе с Галицией.,"ПЕТРОВИЧ, М. А.",,,
29122,29123,12875,"Война Пуришкевича с извозчиком или Володя, не свисти.",ГЕЙНЕ ИЗ ТИФЛИСА (ДОН БАЧАРА).,,,
29124,29125,12876,Война России с Австро-Германией: Поэма.,"МЕТЕЛКИН, Алексей Степанович.",,,
29126,29129,12877,"Война России с Германией и Австрией: Обстановочное представление в 7-ми д. Калейдоскоп событий с театра войны, с живыми батальными картинами событий войны, с шествиями, морскими и на суше сражениями, с хором, большим балетом, с пением и грандиозной декоративной обстановкой.","ЕФИМОВА, Ольга Трофимовна, ТРЕФИЛОВ, Сергей Александрович (АФАНАСЬЕВ, Сергей).",,,
29130,29131,12878,Война Россси с Турцией в 1877 и 1878 годах: [Стихотворение].,"БОЛДЫРЕВ, А. В.",,,
29132,29133,12879,Война России с Японией: Стихотворение.,"ЛИВАНСКИЙ, Илья Васильевич.",,,
29134,29135,12880,Война с аксиомой: Спорные истории из школьной жизни.,"ИСАРОВА, Лариса Теодоровна.",,,
29136,29137,12881,Война с болотом.,"ЗЫКОВ, Борис.",,,
29138,29141,12882,Война с женами: Комедия в 3-х д.,Имя авт. не установлено.,,,
29142,29143,12883,Война с злодеем!: Военный юмористический альманах. Экстренные телеграммы.,"ДЕД ТРАВОЕД (ТРАВИН, Петр Александрович).",,,
29144,29145,12884,Война с китайцами: Фарс в 1-м д.,"МИРОСЛАВСКИЙ-ВИННИКОВ, К. П. (МИРОСЛАВСКИЙ, Константин Павлович).",,,
29146,29147,12885,Война с Колорадо.,"РИД, Джон.",,,
29148,29151,12886,Война с кринолинами: (Веселая историйка).,Имя авт. не установлено.,,,
29152,29155,12887,Война с Наполеоном в 1812 году: Историческое стихотворение в 3-х ч. 1812 г. Д-в-е-н-а-д-ц-а-т-и-с-л-о-г. Каждой буквы двенадцать строк.,"ЯНИСЛАВСКИИ, Стефан Альфонсович.",,,
29156,29157,12888,Война с саламандрами.,"ЧАПЕК, Карел.",,,
29158,29159,12889,Война с тараканами: Стихи.,"ИСАКОВСКИЙ, Михаил Васильевич.",,,
29160,29161,12890,Война с Турцией: Альбом русского патриота.,"ТАТАРИНОВ, Петр Петрович.",,,
29162,29163,12891,Война сковородников с огородниками.,"ПРЕОБРАЖЕНСКИЙ, Сергей Иванович.",,,
29164,29165,12892,Война славян: Повесть.,"ТЕТМАЙ-ЕР, Казимир (ТЕТМАЙЕР, Казимеж).",,,
29166,29167,12893,Война-соперница: Стихи.,"ВОЛЖИНА, Тамара Васильевна.",,,
29168,29169,12894,Война спичек.,"КАТАЕВ, Валентин Петрович.",,,
29170,29171,12895,"Война 1915 года: Юмористический и сатирический альманах. Приключения, видения и размышления.","ФИША ПАСТУШОК (ШКУЛЕВ, Филипп Степанович).",,,
29172,29173,12896,Война у Титова пруда: Повесть.,"НАУМЕНКО, Иван Яковлевич.",,,
29174,29175,12897,Война уходит на запад: Роман.,"КРИВОЩЕКОВ, Леонид Данилович.",,,
29176,29179,12898,Война цирульника. (Загл. обл.).,"ЕВСТИГНЕЕВ, Миша (ЕВСТИГНЕЕВ, Михаил Е.). ",Цирульник.,,
29180,29181,12899,Война — чуме!,"КИРСАНОВ, Семен Исаакович.",,,
29182,29183,12900,Война этажей: Пьеса в 4-х актах.,"АРСКИЙ, Павел, ГОРЕВ, Илья Александрович.",,,
29184,29185,12901,Война юбок с брюками или Как прогорел купец-молодец.,"Г-Ъ, А.",,,
29186,29187,12902,Война Японии с Китаем: Фарс-водевиль в 3-х д.,"ШУХМИН, Христофор Алексеевич.",,,
29188,29191,12903,"Война Японии с Россией: Патриотическое обстановочное представление в 7-ми карт, с блестящим апофеозом «Мир Мира», с живыми батальными картинами, шествиями, сражениями: морскими и на суше, с хорами, пением, куплетами, большим балетом, грандиозной декоративной обстановкой.","ТРЕФИЛОВ, Сергей Александрович (АФАНАСЬЕВ, Сергей), ТРЕФИЛОВА, Надежда Пименовна.",,,
29192,29193,12904,Войнаровский: Поэма.,"РЫЛЕЕВ, Кондратий Федорович.",,,
29194,29195,12905,Войны уже не было: Повесть и рассказы.,"АХУБА, Джума Виссарионович.",,,
29196,29197,12906,«Войт» и другие рассказы.,"МАР-ТОВИЧ, Лесь.",,,
29198,29199,12907,Вокзалы ранних лет: Стихи.,"КОЗЫРЕВ, Виктор Сергеевич.",,,
29200,29201,12908,Вокзальная площадь: Стихи и поэма.,"СЕРГЕЕВ, Владимир Иванович.",,,
29202,29203,12909,Вокзальники: Рассказы.,"КОЖЕВНИКОВ, Алексей Венедиктович.",,,
29204,29205,12910,Вокруг болгарского трона: Исторический роман в 3-х ч.,"ОСИПОВ, Ал. Л.",,,
29206,29207,12911,Вокруг да около: Рассказы.,"ПАВЛОВ, Владимир Константинович.",,,
29208,29209,12912,Вокруг жизни: Рассказы. Кн. 1.,"ЛОГИНОВ, Павел Семенович. ",,,"(ЛОГИНОВ-ЛЕСНЯК, Павел Семенович)."
29210,29211,12913,Вокруг звезды: Рассказы.,"ХАХА-ЛИН, Лев Александрович.",,,
29212,29213,12914,Вокруг земли: Избранные стихи.,"ФИНИНБЕРГ, Эзра Иосифович.",,,
29214,29215,12915,Вокруг и около женщин: В прозе и стихах.,"ШТЕЙН, О. С.",,,
29216,29217,12916,"Вокруг капусты: Юмористические стихи, эпиграммы, басни.","КРИВИН, Феликс Давыдович.",,,
29218,29219,12917,Вокруг костра или Охотники на бизонов.,"МАЙН-РИД, Томас (РИД, Томас Майн).",,,
29220,29221,12918,Вокруг крючка: Юмористические рассказы.,"ЗАБОРСКИЙ, Михаил Александрович.",,,
29222,29223,12919,Вокруг кувшина: Водевиль в 2-х д.,"ДВОРКИН, Илья Львович, ДЛУГОЛЕН-СКИЙ, Яков Ноевич.",,,
29224,29227,12920,Вокруг луны: Рассказы.,"ВЕРН, Жюль. ",Путешествие вокруг Луны.,,
29228,29229,12921,Вокруг любви: Комедия в 3-х д.,"БРАККО, Роберто.",,,
29230,29231,12922,Вокруг мяча: Альбом дружеских шаржей и эпиграмм.,"БЕЗЫМЕНСКИЙ, Александр Ильич.",,,
29232,29233,12923,Вокруг одного дня: Рассказы.,"ЛУКНИЦКИИ, Павел Николаевич.",,,
29234,29235,12924,Вокруг Парижа: (Воображаемые прогулки).,"НИКУЛИН, Лев.",,,
29236,29237,12925,Вокруг полумесяца: Роман.,"СА-МАРОВ, Грегор.",,,
29238,29239,12926,Вокруг ринга: Пьеса в 3-х д.,"БИЛЛЬ-БЕЛОЦЕРКОВСКИЙ, Владимир Наумович.",,,
29240,29241,12927,Вокруг России: Польша — Бессарабия; Крым; Урал; Финляндия; Нижний. Портреты и пейзажи.,"ДЕДЛОВ, Владимир.",,,
29242,29243,12928,Вокруг света: Рассказы.,"ГРИН, Александр.",,,
29244,29245,12929,Вокруг света: [Роман].,"БЛАСКО ИБАНЬЕС, Висенте.",,,
29246,29247,12930,Вокруг света в восемьдесят дней: Представление в 5-ти д. с прологом.,"ВЕРН, Жюль, ДЕННЕРИ, Адольф Филипп.",,,
29248,29249,12931,Вокруг света в восемьдесят дней: Фантазия доктора Окса.,"ВЕРН, Жюль.",,,
29250,29251,12932,Вокруг света в первый раз.,"КА-РИНЦЕВ, Николай.",,,
29252,29253,12933,Вокруг света в пятьдесят дней: Повесть.,"КАЛЬНИЦКИИ, Яков Исаакович, ЮРЕЗАНСКИЙ, Владимир.",,,
29254,29255,12934,Вокруг света на аэроплане: Приключенческий роман. Вып. 1—5.,"КАРИН-ЦЕВ, Николай.",,,
29256,29257,12935,Вокруг света на «Коршуне»: Сцена из морской жизни в 2-х ч.,"СТАНЮКОВИЧ, Константин Михайлович.",,,
29258,29259,12936,Вокруг света поневоле.,"ЦИММЕ-РИНГ, Макс.",,,
29260,29261,12937,Вокруг света с гривенником в кармане: Роман.,"ИВУА, Поль д'.",,,
29262,29263,12938,Вокруг Сердца.,"СТАР, Мария.",,,
29264,29265,12939,Вокруг собора: Повесть из времен XV века.,"АЛЬКОК, Д.",,,
29266,29267,12940,Вокруг солнца: Необыкновенные приключения русского ученого. Фантастический роман.,"ЛЕ-ФОР, Жорж, ГРАФИНЬИ, Анри.",,,
29268,29269,12941,Вокруг тиары: Исторический роман.,"ГЕБГАРТ, Эмиль (ЖЕБАР, Эмиль).",,,
29270,29271,12942,Вокруг тигра: Фельетоны. Рассказы.,"ПАРХОМОВСКИЙ, Эльрад Яковлевич.",,,
29272,29273,12943,Вокруг трона: Роман.,"ПАЗУХИН, Алексей Михайлович.",,,
29274,29275,12944,Вокруг центральных озер.,"ГРИН, Александр.",,,
29276,29277,12945,Вокруг Чехова: Встречи и впечатления.,"ЧЕХОВ, Михаил Павлович.",,,
29278,29281,12946,Воладеро: Роман.,"ЭМАР, Гюстав. ",,,Изд. также под. загл.: Сожженные леса.
29282,29285,12947,Волга: [Новелла].,"РУМЯНЦЕВ, Борис Михайлович. ",,Песня...,
29286,29287,12948,Волга: Поэма.,"ЗОЛОТНИЦКИЙ, Алексей.",,,
29288,29289,12949,Волга: [Поэма и стихи].,"БЛАГОВ, Николай Николаевич.",,,
29290,29291,12950,Волга: Путевой очерк.,"М-А, Е. А. (САЛИАС ДЕ ТУРНЕМИР, Евгений Андреевич).",,,
29292,29293,12951,"Волга: Сказания, картины и думы.","КОРИНФСКИЙ, Аполлон Аполлонович.",,,
29294,29295,12952,Волга: Стихи.,"КУЗОВЛЕВА, Татьяна Витальевна.",,,
29296,29299,12953,Волга в огне: (Записки партизана).,"ЧЕРКАСОВ, Иван Трифонович, КО-СТЕРИН, Алексей Евграфович. ",,,Изд. также под. загл.: Повесть о простых людях.
29300,29301,12954,Волга впадает в Каспийское море: Очерки.,"ЛИХОДЕЕВ, Леонид.",,,
29302,29303,12955,Волга впадает в Каспийское море: Роман.,"ПИЛЬНЯК, Борис.",,,
29304,29305,12956,Волга всегда рядом.,"МАНЕВИЧ, Артем.",,,
29306,29307,12957,Волга и Волчок.,"ГРИГОРЬЕВ, Сергей.",,,
29308,29309,12958,"Волга и Сибирь: Ермак Тимофеевич — покоритель Сибири. Историческая пьеса, переделанная для кинематографа.","ГОНЧАРОВ, Василий Михайлович.",,,
29310,29311,12959,"Волга, иволга и таволга: Стихи и поэмы.","ЧАСОВНИКОВ, Александр Михайлович.",,,
29312,29313,12960,Волга-матушка: Драматическо-бытовой этюд в 5-ти актах. Из жизни низового Поволжья в исходе XVI ст.,"ДУБЛИЦ-КИЙ, Александр Александрович.",,,
29314,29315,12961,Волга — матушка-река.,"ПАНФЕРОВ, Федор Иванович.",,,
29316,29317,12962,Волга моя: Стихи.,"СМИРНОВ, Иван Алексеевич.",,,
29318,29319,12963,"Волга, песня моя!","ОЗЕРНЫЙ, Борис.",,,
29320,29321,12964,Волга — русская река: Роман.,"ГОНЧАРЕНКО, Геннадий Иванович.",,,
29322,29323,12965,Волгари: Повесть.,"ПОПОВ, Виктор Иванович.",,,
29324,29325,12966,Волгари: Пьеса в 4-х д.,"БАРКОВ, Борис Прокопьевич.",,,
29326,29327,12967,Волгари: Рассказы и очерки.,"МАЛИНОВСКИЙ, Владимир Никитич.",,,
29328,29329,12968,Волгари: Стихи.,"ЧАСОВНИКОВ, Александр Михайлович.",,,
29330,29331,12969,Волгарь.,"ЖУРАВЛЕВ, Тихон Ко-нонович.",,,
29332,29333,12970,Волгины: Роман. Кн. 1—2.,"ШОЛОХОВ-СИНЯВСКИЙ, Георгий Филиппович.",,,
29334,29335,12971,Волго-Дон.,"РУММО, Пауль-Эрик Паулович.",,,
29336,29337,12972,Волжане: Очерки.,"КУЗМЕНКО, Степан Егорович.",,,
29338,29339,12973,Волжане: Рассказ.,"МИТРОПОЛЬСКИЙ, Иван Иванович.",,,
29340,29341,12974,Волжанка — людям добрым служанка: Сказы.,"КОЧНЕВ, Михали Харлам-пиевич.",,,
29342,29343,12975,Волжаночка: Пьесы.,"КОСТИН, Владимир Матвеевич.",,,
29344,29345,12976,Волжанская весна.,"СУББОТИН, Федор Евстафьевич.",,,
29346,29347,12977,Волжская гиль: Исторический роман.,"СОКОЛОВ, Александр Алексеевич.",,,
29348,29349,12978,Волжская кипень и другие рассказы.,"БОГДАНОВ, Александр Алексеевич.",,,
29350,29351,12979,Волжская крепость: Повесть.,"ЕРЕМИН, Александр Алексеевич.",,,
29352,29353,12980,Волжская мозаика.,"ПОМОЗОВ, Юрий Фомич.",,,
29354,29355,12981,Волжская новелла.,"КУКАНОВ, Василий Иванович.",,,
29356,29357,12982,Волжская радуга; Время: Лирика.,"ЛЬВОВ, Михаил Давыдович.",,,
29358,29359,12983,Волжская рыбачка.,"ТОРОХОВ, Борис Михайлович.",,,
29360,29361,12984,Волжские были: [В стихах].,"КОЧНЕВ, Михаил Харлампиевич.",,,
29362,29363,12985,Волжские были: [Рассказы].,"ДЕНИСОВ, Иван Михайлович.",,,
29364,29365,12986,Волжские встречи.,"РОЗЕН, Александр Германович.",,,
29366,29367,12987,Волжские запевы: Рассказы.,"ЧЕРНЕНКО, Александр Иванович.",,,
29368,29369,12988,Волжские зори.,"АВДЕЕВ, Виктор Иванович.",,,
29370,29371,12989,Волжские напевы.,"ЕРИКЕЕВ, Ахмет Фазылович.",,,
29372,29373,12990,Волжские песни: Стихотворения.,"ШИРЯЕВЕЦ, Александр.",,,
29374,29375,12991,Волжские повести.,"БАНЫКИН, Виктор Иванович.",,,
29376,29377,12992,Волжские рассказы.,"БОРОВИКОВ, Григорий Федорович.",,,
29378,29379,12993,Волжские рассказы.,"ЯКОВЛЕВ, Александр.",,,
29380,29381,12994,Волжские сказки.,"ЧИРИКОВ, Евгений Николаевич.",,,
29382,29383,12995,Волжские сказы.,"ШАПОВАЛОВ, Евгений Андреевич.",,,
29384,29385,12996,Волжские стихи.,"ЯН, Тамара Германовна.",,,
29386,29387,12997,Волжское диво: Стихи.,"КАУФМАН, Яков Давидович.",,,
29388,29391,12998,Волжское сияние:    [Рассказы].,"АБАТУРОВ, Константин Иванович.",,,
29392,29393,12999,Волжское сияние: Стихи.,"ГУЛЕН-КОВ, Сергей Михайлович.",,,
29394,29395,13000,Волк: (Бегство Сандукова). Пьеса в 4-х д.,"ЛЕОНОВ, Леонид Максимович.",,,
29396,29397,13001,Волк: Драма в 1-м д.,"БАЛАШОВ, Владимир Филиппович.",,,
29398,29399,13002,Волк: Комедия в 3-х д. из народного быта.,"ЭНГЕЛЬМЕИЕР, Александр Клементьевич.",,,
29400,29401,13003,Волк: Комедия в 4-х д.,"ФЕДОТОВ, Александр Филиппович.",,,
29402,29403,13004,Волк: Повесть.,"РОЙЗМАН, Матвей Давидович.",,,
29404,29407,13005,Волк; Под снегом; Рыболовы.,"МОПАССАН, Гюи де.",,,
29408,29409,13006,Волк; Разные дороги: Юмористические заметки из портфеля Воршиллы.,"СЕНКЕВИЧ, Генрик.",,,
29410,29411,13007,Волк: [Рассказ].,"ЖИГА, Иван.",,,
29412,29413,13008,Волк: [Рассказ].,"ЛОНДОН, Джек.",,,
29414,29415,13009,Волк: [Рассказ].,"СКРЕБИЦКИЙ, Георгий Алексеевич.",,,
29416,29417,13010,Волк: [Рассказ].,"СТАВСКИИ, Владимир.",,,
29418,29419,13011,Волк: [Рассказ].,"СЭТОН-ТОМП-СОН, Э. (СЕТОН-ТОМПСОН, Эрнест).",,,
29420,29421,13012,Волк: [Роман].,"ТАКАКУРА, Тару.",,,
29422,29425,13013,Волк: Эпизод из Варфоломеевской ночи. Повесть.,Имя авт. не установлено.,,,
29426,29427,13014,Волк в овечьей шкуре: Фельетон газеты «Доля бедняка».,"ТРАВИН, Петр Александрович.",,,
29428,29429,13015,Волк в овчарне. Сцены из провинциального быта.,"КАМКИН, П.",,,
29430,29431,13016,Волк за волком: Драма.,"ЧАПЫГИН, Алексей Павлович.",,,
29432,29433,13017,Волк Злодеич.,"ВЕНСКИЙ, Евгений.",,,
29434,29435,13018,Волк и журавль: Басня.,"КРЫЛОВ, Иван Андреевич.",,,
29436,29437,13019,Волк и звезды: Басни.,"АКУЛИНИН, Василий Иванович.",,,
29438,29439,13020,Волк-индеец: История великого восстания индейцев в 1890—91 гг.,"ЭЛЛИС, Эдвард Сильвестер.",,,
29440,29441,13021,Волк и кот.,"КРЫЛОВ, Иван Андреевич.",,,
29442,29443,13022,Волк и лисица.,"КРЫЛОВ, Иван Андреевич.",,,
29444,29445,13023,Волк и шахматы: Рассказ.,"ГОЛИЦЫН, Сергей Владимирович.",,,
29446,29447,13024,Волк и ягненок.,"КРЫЛОВ, Иван Андреевич.",,,
29448,29451,13025,Волк из Виннипега:     Рассказ.,"СЭТОН-ТОМПСОН, Э. (СЕТОН-ТОМПСОН, Эрнест).",,,
29452,29453,13026,"Волк, лиса и гусь: Сказка.","ЛИТВИНЕНКО, Петр Евстафьевич.",,,
29454,29455,13027,Волк на псарне.,"КРЫЛОВ, Иван Андреевич.",,,
29456,29457,13028,Волк среди волков.,"ФАЛ Л АДА, Ганс.",,,
29458,29459,13029,Волк тундры: Повесть.,"ПАНФЕРОВ, Ким Федорович, ПОТАПОВ, Прокопий Александрович.",,,
29460,29461,13030,Волк Фенрис: Финансовая повесть.,"ФЕРСХОФЕН, Вильгельм.",,,
29462,29463,13031,Волки: (Береговые братья). Пьеса в 3-х актах.,"ТУДУЗ, Жорж Гюстав.",,,
29464,29465,13032,Волки: Пьеса в 4-х д.,"ДАЛЬНИЙ, Степан.",,,
29466,29467,13033,Волки: Рассказ.,"АНДРЕЕВ, Василий Михайлович.",,,
29468,29471,13034,Волки: Рассказ.,"ГЛАДКОВ, Федор Васильевич. ",,,Изд. также под. загл.: Зеленя.
29472,29473,13035,Волки: Рассказ.,"ДМИТРИЕВА, Валентина Иововна.",,,
29474,29475,13036,Волки: Рассказ.,"ЗАВАДОВСКИЙ, Леонид Николаевич.",,,
29476,29477,13037,Волки: Рассказ.,"ЕЛЛИНСКИЙ, Б.",,,
29478,29479,13038,Волки: Рассказ.,"ИВАНЕНКО, Оксана Дмитриевна.",,,
29480,29481,13039,Волки: Рассказ.,"ТАЛАЛАЕВ, Василий Тимофеевич.",,,
29482,29483,13040,Волки: Рассказы.,"ЗАЙЦЕВ, Борис Константинович.",,,
29484,29485,13041,Волки: Рассказы.,"ОЛИГЕР, Николай Фридрихович.",,,
29486,29487,13042,Волки: Рождественский рассказ.,"ЛИТВИНЕНКО, Петр Евстафьевич.",,,
29488,29489,13043,Волки: Роман.,"МАЗЛИН, Ги.",,,
29490,29491,13044,Волки: Уголовный роман.,"КОРАБ-ЛИНОВ, Владимир Александрович, ГОНЧАРОВ, Юрий Данилович.",,,
29492,29493,13045,Волки в городе: Судебная драма в 3-х актах.,"ШЕЙНИН, Лев Романович.",,,
29494,29495,13046,Волки в овчарне: Пьеса в 4-х д.,"РУДАКОВ, Иларион Николаевич.",,,
29496,29497,13047,Волки и овцы: Комедия в 5-ти д.,"ОСТРОВСКИЙ, Александр Николаевич.",,,
29498,29499,13048,Волки и овцы: Роман.,"ЯТ, Эдмунд (ИЕТС, Эдмонд Ходжсон).",,,
29500,29501,13049,Волки и овцы: Роман в 3-х ч.,"КОЛЫШКО, Иосиф Иосифович.",,,
29502,29503,13050,Волки на Волчьей: Роман.,"БЫЛИ-НОВ, Александр.",,,
29504,29505,13051,Волков: Драматический этюд в 1-м д.,"РАЙНИС, Ян.",,,
29506,29507,13052,Волна: Сборник стихов.,"АЛБОГА-ЧИЕВ, Муса Загирович.",,,
29508,29509,13053,Волна: Стихи.,"ЛИДЖИЕВ, Эрен-цен Нимгирович.",,,
29510,29511,13054,Волна и камень: Сказки для взрослых.,"МИН, Евгений.",,,
29512,29513,13055,Волна и камень: [Стихи].,"САМОЙЛОВ, Давид.",,,
29514,29515,13056,Волна Октября: Историческая драма в 4-х актах.,"КАЛГАН, Александр.",,,
29516,29517,13057,Волна сенокосная.,"КУЗЬКИН, Михаил (ВОРОНЕЦКИЙ, Михаил Гаврилович).",,,
29518,29521,13058,Волна 300 метров.,"КОЛОСОВ, К. Н.",,,
29522,29523,13059,Волнам навстречу.,"БИККУЛОВ, Шакир Салимович.",,,
29524,29525,13060,Волне навстречу: Стихи.,"ХАУ-СТОВ, Леонид Иванович.",,,
29526,29529,13061,Волнение:  Стихи.,"ВОЛГИН, Игорь Леонидович.",,,
29530,29531,13062,Волнение: [Стихи].,"ПАНКРАТОВ, Юрий Иванович.",,,
29532,29537,13063,Волнение [!] красной куропатки: Рассказы.,"ДОДЭ, Альфонс (ДОДЕ, Альфонс) . ",Волнения старой куропатки. Изд. также под загл.: Тревоги маленькой куропатки.,,
29538,29539,13064,Волнение Маргариты: Водевиль в 1-м д.,"КОЗЬМИН-ПЕРВАГО, Петр Константинович.",,,
29540,29541,13065,Волнения и тревоги.,"ХАКИМ, Сибгат.",,,
29542,29543,13066,Волнения семьи Зиминых: Пьеса в 2-х д.,"УСПЕНСКИЙ, Андрей Васильевич.",,,
29544,29549,13067,Волнения старой    куропатки. (Загл. обл.).,"ДОДЭ, Альфонс (ДОДЕ, Альфонс). ",Волнение [!] красной куропатки.,,
29550,29551,13068,Волноваться нельзя: Сцена в 1-мд.,"СЕН, Николай Иванович.",,,
29552,29555,13069,Волнолом: Стихи.,"БЕРШАД- СКИЙ, Виктор Арнольдович.",,,
29556,29557,13070,Волнолом: Стихи.,"ПАНТЮХОВ, Игорь Михайлович.",,,
29558,29561,13071,Волнолом: Сцены      в 2-х д.,"ЭДЛИС, Юлиу Филиппович.",,,
29562,29565,13072,Волнуется синее море: Пьеса в 3-х д.,"САДОВНИКОВ, Василий Евдокимович, ТРОНИН, Михаил Сергеевич.",,,
29566,29567,13073,Волнуюсь за тебя; Девушка из Гулистана: Повести.,"ПАНОВ, Александр Сергеевич.",,,
29568,29573,13074,"Волнующаяся Азия: Путешествие по Индии, Китаю, Японии.","ГОЛИЧЕР, Артур.",,,
29574,29577,13075,Волны: Драма в 4-х д.,Имя авт. не установлено.,,,
29578,29579,13076,Волны: Лирика.,"ВАНШЕНКИН, Константин Яковлевич.",,,
29580,29581,13077,"Волны: [Отрывки из повести «Старая Секретная», романа «Цемент» и повести «Огненный конь»].","ГЛАДКОВ, Федор Васильевич.",,,
29582,29583,13078,Волны: [Повести и рассказы].,"НЕМИРОВИЧ-ДАНЧЕНКО, Василий Иванович.",,,
29584,29585,13079,Волны: Рассказы.,"МУХАМЕТ-ШИН, Газиз.",,,
29586,29587,13080,Волны: Рассказы из пароходной жизни.,"МЫЛЬНИКОВА, Ксения.",,,
29588,29589,13081,Волны: Роман.,"ЗБАНАЦКИИ, Юрий.",,,
29590,29591,13082,Волны: Стихи.,"КАНОАТОВ, Му-мин (КАНОАТ, Мумин).",,,
29592,29593,13083,Волны: Стихи.,"ПЯТКОВ, Григорий Игнатьевич.",,,
29594,29595,13084,Волны: Стихотворения.,"БЕЗСО-НОВ, В. Н. (БЕССОНОВ, В. Н.).",,,
29596,29597,13085,Волны: [Стихотворения].,"ВАЗИЛ-ЛО, Александр Т.",,,
29598,29599,13086,Волны: Стихотворения.,"ВОРОНОВ, Александр Александрович.",,,
29600,29601,13087,Волны бьют о берег: Драма в 2-х д. с эпилогом.,"ТЕРЕНТЬЕВ, Николай Терентьевич.",,,
29602,29603,13088,Волны дней: Стихи.,"ВЯЧЕСЛАВОВ, Павел Леонидович.",,,
29604,29605,13089,Волны Дуная: Повести и рассказы.,"БОНДАРИН, Сергей Александрович.",,,
29606,29607,13090,Волны жизни: Из воспоминаний детства.,"АЛТАЕВ, Ал.",,,
29608,29609,13091,"Волны жизни: Мечты, сатиры и поэмы.","УСПЕНСКИЙ, С. П.",,,
29610,29611,13092,Волны жизни: Очерки и рассказы.,"НАВРОЦКИЙ, Александр Александрович.",,,
29612,29613,13093,Волны жизни: Рассказы.,"ДРАКУ, М. (КОБАН, Е. Г.).",,,
29614,29617,13094,Волны жизни: Роман.,"ШПИЛЬ-ГАГЕН, Фридрих. ",Равнина.,,
29618,29619,13095,Волны жизни: Сборник рассказов.,"ВАРЧЕНКО, А. В.",,,
29620,29621,13096,Волны житейские: Драматический этюд в 1-м д.,"МИТЯЙ (ГОЛЬДШТЕЙН, Марк Михайлович).",,,
29622,29625,13097,Волны житейские:     (Повесть).,"ВАКУЛОВСКИИ, Андрей Николаевич.",,,
29626,29627,13098,Волны житейские: Уголовный роман. Из хроники суда и ссылки.,"ТИМОФЕЕВ, Никита Павлович.",,,
29628,29629,13099,Волны и травы: Стихи.,"АФАНАСЬЕВ, Анатолий Павлович.",,,
29630,29631,13100,Волны Караидели.,"БИКЧЕНТА-ЕВ, Анвер Гадеевич.",,,
29632,29635,13101,"Волны крови: Роман из итальянской жизни. Изумительные, поражающие примеры душевной доблести, беззаветной преданности, справедливости и человечности, самоотверженной храбрости и возвышенной любви. Вып. 1—5.",Имя авт. не установлено.,,,
29636,29637,13102,Волны крылатой Балтики.,"ВАРШАВСКИЙ, Сергей Петрович, РЕСТ, Б. (ШАРО, Юлий Исаакович).",,,
29638,29639,13103,Волны над нами: Драма в 3-х д.,"СИНЕЛЬНИКОВ, Лев Ильич.",,,
29640,29641,13104,Волны стремятся к берегу: Рассказы. Повесть. Роман. Сказка.,"СУЛАКАУ-РИ, Арчил Самсонович.",,,
29642,29643,13105,Волны уносят...: Драматические сцены в 4-х д. Исповедь благодушествующего Россиянина.,"ГОЛОВЕШКИН, И. Ф. (МАИКОВ-ГОЛОВЕШКИН, Иван Филато-вич).",,,
29644,29645,13106,Волны Черного моря.,"КАТАЕВ, Валентин Петрович.",,,
29646,29647,13107,Волны шумят: (Отрывок из повести «Дочь бакенщика»).,"ГУБАЙ, Тариф.",,,
29648,29649,13108,Волны Японии: Стихи.,"НАКАНО, Сигэхару.",,,
29650,29653,13109,Вологодская республика.,"ОКУЛОВ, Алексей Иванович. ",,Камо...,
29654,29655,13110,"Вологодские жители Толстосумов и Финагей Финагеич Девичьи слезы и смешная предприимчивость владимирских обитателей или Люди, желающие перенести юг на север: Старинная повесть.","ОРЛОВ, Александр Анфимович.",,,
29656,29657,13111,Володиевский: Исторический роман в 3-х ч.,"СЕНКЕВИЧ, Генрих.",,,
29658,29659,13112,Володин фронт.,"МОРОЗОВ, Вячеслав Николаевич.",,,
29660,29661,13113,Володина сумка: Повесть.,"МАРКОВА, Марина Васильевна.",,,
29662,29663,13114,Володины братья: Повесть.,"КО-РИНЕЦ, Юрий Иосифович.",,,
29664,29665,13115,Володька Кольцов: Рассказ.,"ВЛАДИМИРСКИЙ, Владимир Константинович.",,,
29666,29667,13116,Володькин друг: Рассказы.,"СИМОНОВА, Ольга Ивановна.",,,
29668,29671,13117,Володькино счастье:  Повесть.,"БОНДАРЕНКО, Иван Иванович.",,,
29672,29675,13118,Володя:   Рассказ.,"ЛОБЧЕВ- СКИЙ, П.",,,
29676,29677,13119,Володя: Рассказ.,"ПАНОВА, Вера Федоровна.",,,
29678,29679,13120,Володя: [Рассказ].,"ЩЕЛКАНО-ВА, Мария Федоровна.",,,
29680,29681,13121,Володя и Мартиic      Повесть и рассказы.,"СТАРОДУБ, Сергей Федорович.",,,
29682,29683,13122,Володя Колосов: (Очерк из жизни гимназиста).,"КУЛИКОВА, В.",,,
29684,29685,13123,Володя с Первой Речки.,"В АХОВ, Анатолий Алексеевич.",,,
29686,29687,13124,Володя-Солнышко: Документальная повесть и рассказы.,"ЕРМАКОВ, Иван Михайлович.",,,
29688,29689,13125,Володя Ульянов в Казани и Ко-кушкине: Рассказы для детей.,"БАЙДЕ-РИН, Виктор Александрович.",,,
29690,29691,13126,Волокна и ткани.,"ДЕМБОВЕЦ-КИИ, Василий Эдуардович.",,,
29692,29693,13127,Волоколамск — Москва: Драма в 2-х д.,"БЕК, Александр Альфредович, БЛОК, Владимир Борисович",,,", ЛОИКО, Наталья Всеволодовна, МОКИН, Н."
29694,29695,13128,Волоколамское шоссе: (2-я повесть о панфиловцах).,"БЕК, Александр Альфредович.",,,
29696,29697,13129,Волонтер: Пьеса в 1-м д.,"ЧАЛАЯ, Зинаида.",,,
29698,29699,13130,Волонтеры революции.,"ОЛЕМА, Даура.",,,
29700,29701,13131,Волос мадонны.,"НАЖИВИН, Иван Федорович.",,,
29702,29705,13132,Волосатая обезьяна: Комедия древности и современности. В 8-ми сценах.,"О'НИЛЬ, Юджин (О'НИЛ, Юджин Гладстон). ",Косматая обезьяна.,,
29706,29707,13133,Волостной писарь: Заметки и сцены из народного быта.,"ЛАТКА, Харитон.",,,
29708,29709,13134,Волостной писарь: Рассказ.,"МАЗЕПИН, Евгений Константинович.",,,
29710,29711,13135,"Волостной писарь или Где хвостначало, там голова — мочало: Русский водевиль в 1-м д.","КОНДРАТЬЕВ, Иван Кузьмич.",,,
29712,29713,13136,Волостной старшина: (Рассказ).,"СОКОЛОВ, Александр Алексеевич.",,,
29714,29715,13137,Волостной суд: (Мироеды). Сцены из жизни дореволюционной деревни в 1-м д.,"ЛЕБЕДЕВ, Иван Иванович.",,,
29716,29717,13138,Волочаевка: Поэма.,"ДУДОРОВ, Валентин.",,,
29718,29719,13139,Волочаевка: Рассказы.,"КУЗНЕЦОВ, Олег Павлович.",,,
29720,29721,13140,Волхвы: Роман XVIII века. В 2-х т.,"СОЛОВЬЕВ, Всеволод Сергеевич.",,,
29722,29723,13141,Волхов не замерзает: Повесть.,"ДЕВЯТКИН, Абрам Михайлович.",,,
29724,29725,13142,Волхова: Стихи.,"АЛЕКСЕЕВ, Олег Алексеевич.",,,
29726,29727,13143,Волховец и Полиста: Исторический рассказ.,"МАКАРОВА, София Марковна.",,,
29728,29729,13144,Волхонская барышня.,"ЭРТЕЛЬ, Александр Иванович.",,,
29730,29731,13145,Волчар.,"АЛЕКСАНДРОВ, Ян Александрович.",,,
29732,29733,13146,Волчец: Стихотворения.,"ЛУК-НИЦКИИ, Павел Николаевич.",,,
29734,29735,13147,Волчий глаз: Приключенческая повесть.,"ВАНЮШИН, Василий Федорович.",,,
29736,29737,13148,Волчий дом: Историческая повесть.,"ВЕИМАН, Стенли Джон.",,,
29738,29741,13149,Волчий зуб: Рассказ.,Имя авт. не установлено.,,,
29742,29743,13150,Волчий кут.,"ПАВЛОВИЧ, В.",,,
29744,29745,13151,Волчий лог: Повести.,"КАМАНИН, Федор.",,,
29746,29747,13152,Волчий лог:    Рассказ.,"ХОВАНСКАЯ, Анна (ШЕФЕР, Анна Семеновна).",,,
29748,29749,13153,Волчий лог:    Роман.,"БУНИНА, З. М.",,,
29750,29753,13154,Волчий приемыш:     (Из «Книги джунглей»).,"КИПЛИНГ, Редьярд.",,,
29754,29755,13155,"Волчий рот, лисий хвост: Комедия-водевиль.","ЛЕНСКИЙ, Дмитрий.",,,
29756,29757,13156,Волчий сын.,"НЕМИРОВИЧ-ДАНЧЕНКО, Василий Иванович.",,,
29758,29759,13157,Волчиха: Драма в 3-х д.,"АЛЕКСАНДРОВ, Владимир Александрович.",,,
29760,29761,13158,Волчиха: Драма в 4-х д.,"ЗАСО-ДИМСКИЙ, Павел Владимирович.",,,
29762,29763,13159,Волчиха: Исторический роман из времен французской революции.,"УАЙТ-МЕЛЬВИЛЬ (УАЙТ-МЕЛВИЛЛ, Джордж Джон).",,,
29764,29767,13160,Волчиха: Рассказ.,"ЗАСОДИМ-СКИЙ, Павел Владимирович. ",,Грешница...,
29768,29769,13161,Волчица: Драма в 1-м д.,"ГЛАЗОВА, Надежда Андреевна.",,,
29770,29771,13162,Волчица: Рассказы.,"КОБЫ Л ЯНСКАЯ, Ольга Юлиановна.",,,
29772,29773,13163,Волчки.,О'ГЕНРИ.,,,
29774,29775,13164,Волчок: Басни.,"ЗАМЯТИН, Евгений Петрович.",,,
29776,29779,13165,Волчок:   Рассказ.,"УЛЬЯНОВ, А. Н.",,,
29780,29781,13166,Волчок-доносчик: Рассказ для детей.,"САЛИАС, Е. А. (САЛИАС ДЕ ТУР-НЕМИР, Евгений Андреевич).",,,
29782,29783,13167,Волчонок: Драма в 4-х д.,"КУЗИН, Михаил Викторович.",,,
29784,29785,13168,Волчонок: Комедия в 4-х д.,"АВСЕЕНКО, Василий Григорьевич.",,,
29786,29787,13169,Волчонок: [Рассказ для детей].,"ДМИТРИЕВА, Валентина Иововна.",,,
29788,29789,13170,Волчонок: [Рассказ для детей].,"ЕФРЕМОВ, Евгений Евгеньевич.",,,
29790,29791,13171,Волчонок-коммунар: Повесть о Парижской коммуне.,"ЛАРИНА, Лариса Михайловна.",,,
29792,29795,13172,Волчье гнездо: Сцены из современной жизни в                    4-х д.,"КАРЕЕВ, Федор Дмитриевич.",,,
29796,29799,13173,Волчье логово: [Повесть].,"БРО- ТЕН, Оскар.",,,
29800,29803,13174,Волчье логово: [Рассказы].,"СА- ВИН, Виктор Афанасьевич.",,,
29804,29805,13175,Волчье солнце: Книга стихов вторая.,"ЛИВШИЦ, Бенедикт Константинович.",,,
29806,29807,13176,Волчье солнце: Стихи.,"ЭРЛИХ, Вольф Иосифович.",,,
29808,29809,13177,Волчье стадо: Записки провинциального адвоката; Сцены и картины сельского суда.,"КРОТКОВ, Валерий Степанович.",,,
29810,29811,13178,Волчьи ворота: Стихи.,"ГЕРБСТ-МАН, Александр Осипович.",,,
29812,29813,13179,Волчьи души: Пьеса в 4-х д.,"ЛОНДОН, Джек.",,,
29814,29815,13179а,Волчьи зубы: Драма в 5-ти д.,"АЛМАЗОВ, А. П. (ВЕРШИНИН, Алексей Платонович).",,,
29816,29819,13180,Волчьи зубы:   Рассказы.,"ВОЛ- КОВ, Михаил Иванович.",,,
29820,29821,13181,Волчьи ночи: Роман.,"ЧАХКИЕВ, Саид Идрисович.",,,
29822,29823,13182,Волчьи ягоды: Повесть.,"ДАЛЬНИЙ, Борис.",,,
29824,29825,13183,Волчьи ягоды: Пьеса в 8-ми карт.,"СТОРОЖЕВА, Мария Федоровна.",,,
29826,29827,13184,Волчьи ягоды: [Рассказ].,"СУВОРОВ, Евгений Адамович.",,,
29828,29829,13185,Волчьи ягоды: Стихи.,"КРАШЕНИННИКОВ, Иннокентий.",,,
29830,29831,13186,Волчьи ямы: Пьеса в 3-х д.,"ВАКС, Борис Арнольдович.",,,
29832,29833,13187,Волчьи ямы: Рассказ.,"ОДЮБОН, Як (ОДЮБОН, Жан Жак).",,,
29834,29835,13188,Волчьи ямы: [Рассказы].,"АВЕРЧЕНКО, Аркадий Тимофеевич.",,,
29836,29837,13189,Волчья балка: Повесть.,"ЕРМОЛЕНКО, Василий Иванович.",,,
29838,29841,13190,Волчья балка: Повесть.,"ЖУРБА, Павел. ",,У прощального кургана...,
29842,29843,13191,Волчья доля: Повесть для детей.,"СКВОРЦОВ, Николай Алексеевич.",,,
29844,29845,13192,Волчья жизнь: [Рассказ].,"ГРЕБЕНЩИКОВ, Георгий Дмитриевич.",,,
29846,29847,13193,Волчья жизнь: Рассказы.,"СВЭН, Илья (КРЕМЛЕВ, Илья).",,,
29848,29849,13194,Волчья заводь.,ЛЕСНИК.,,,
29850,29851,13195,Волчья кровь: Драма в 4-х д.,"ЛАПТЕВ, Юрий Григорьевич, ЛЮБИМОВ, В.",,,
29852,29853,13196,Волчья лапа.,"ВЯЛИ, Хайно Юлиу-сович.",,,
29854,29855,13197,Волчья ночь: Повесть и рассказы.,"БАСАРГИН, Иван Ульянович.",,,
29856,29857,13198,Волчья падь: Пьеса в 1-м д.,"ВСЕВОЛОЖСКИЙ, Игорь Евгеньевич.",,,
29858,29861,13199,Волчья пасть:  В сетях любви. Комедия в 3-х д.,"БИЛЬЮ, Поль (БИЛО, Поль), ЭННЕКЕН, Морис.",,,
29862,29863,13200,Волчья пасть: (Кабачок). Драма в 5-ти д.,"ЗОЛЯ, Эмиль.",,,
29864,29865,13201,Волчья песня.,"ЛОГИНОВ-Л ЕС-НЯК, Павел Семенович.",,,
29866,29867,13202,Волчья приманка: Очерки из сибирской жизни.,"ФЕДОРОВ-ДАВЫДОВ, Александр Александрович.",,,
29868,29869,13203,Волчья стая: Повесть.,"БЫКОВ, Василь (БЫКОВ, Василий Владимирович).",,,
29870,29871,13204,Волчья стая: Повесть.,"МОРДВИН-КИН, В.",,,
29872,29873,13205,"Волчья стая: Пьеса в 3-х карт, с прологом.","ЯЛЬЦЕВ, Павел Дмитриевич.",,,
29874,29875,13206,Волчья сыть: Роман в 3-х д.,"НЕМИРОВИЧ-ДАНЧЕНКО, Василий Иванович.",,,
29876,29879,13207,Волчья тропа: Драма в 4-х д.,"АФИНОГЕНОВ, Александр Николаевич.",,,
29880,29881,13208,Волчья шкура: Роман.,"ЛЕБЕРТ, Ганс.",,,
29882,29883,13209,Волчья шуба. Рассказ.,"ЧУЖБИН-СКИЙ, А. (АФАНАСЬЕВ-ЧУЖБИНСКИИ, Александр Степанович).",,,
29884,29885,13210,Волчья яма: Роман.,"ГЛАЗАРОВА, Ярмила.",,,
29886,29887,13211,Волшебная булава: Драматическая сказка в стихах.,"ДЕЛЯНУ, Ливиу Семенович.",,,
29888,29889,13212,Волшебная бутылка.,"СТИВЕНСОН, Роберт Льюис.",,,
29890,29891,13213,Волшебная гайка: Рассказ.,"КУРБАТОВ, Константин Иванович.",,,
29892,29895,13214,"Волшебная галоша или Необыкновенные приключения Вадима Смирнова, его лучшего друга Паши Кашкина и 33 невидимок из 117-й школы.","СЕРГЕЕВ, Марк.",,,
29896,29897,13215,Волшебная дудочка: Народная сказка в стихах.,"СОЛОВЬЕВА, Поликсена Сергеевна.",,,
29898,29899,13216,Волшебная книга: Повесть.,"РЫ-ЛЕНКОВ, Николай Иванович.",,,
29900,29901,13217,Волшебная книга: Сказка.,"ЛЮ-БИЧ-КОШУРОВ, Иоасаф Арианович.",,,
29902,29903,13218,Волшебная коробочка: Сказки Старой Бухары.,"ЯНОВСКАЯ, Минионна Исламовна, ЮСУПОВА, Сараджон Михайловна.",,,
29904,29905,13219,Волшебная лавка: Невероятный роман.,"БЛЭЧФОРД, Роберт.",,,
29906,29907,13220,Волшебная лампа Аладдина: Книга-фильм.,"ВИТКОВИЧ, Виктор Станиславович, ЯГДФЕЛЬД, Григорий Борисович.",,,
29908,29911,13221,Волшебная песня:     Повесть.,"КРАСНОВ, Петр Николаевич.",,,
29912,29913,13222,Волшебная птица: Стихи и поэмы.,"СТАВСКАЯ, Ирина Федоровна.",,,
29914,29915,13223,Волшебная рукавица.,"РЫТХЭУ, Юрий Сергеевич.",,,
29916,29917,13224,Волшебная свирель: Музыкальная комедия-сказка в 3-х д.,"БУГАЙСКИИ, Станислав.",,,
29918,29919,13225,Волшебная свирель: Фантастическая пьеса в 5-ти (или 4-х д.) с пением и танцами.,"НОВИЧ, Н. Н. (БАХТИН, Николай Николаевич).",,,
29920,29921,13226,Волшебная сила искусства: Рассказы.,"ДРАГУНСКИЙ, Виктор Юзефович.",,,
29922,29923,13227,Волшебная сказка: Повесть для юношества.,"ЧАРСКАЯ, Лидия.",,,
29924,29925,13228,Волшебная сказка: Пьеса в 4-х д.,"ПОТАПЕНКО, Игнатий Николаевич.",,,
29926,29927,13229,Волшебная стрела: Документальная повесть.,"КЫЧАКОВ, Иван Спиридонович.",,,
29928,29929,13230,Волшебная флейта: [Рассказ].,"ФИЛИППОВА, Ирина (ЗЕМЛЯКОВА, Ирина Филипповна).",,,
29930,29931,13231,Волшебная флейта: Сказка для не совсем маленьких детей.,"ФИЛИМОВИЧ, Дмитрий Казимирович.",,,
29932,29933,13232,Волшебная чернильница: Повесть о необыкновенных приключениях и размышлениях Колобка и Колышка.,"СЛУЦ-КИС, Миколас Гецелевич.",,,
29934,29935,13233,Волшебная шкатулка: [Повести].,"ВАСИЛЕНКО, Иван Дмитриевич.",,,
29936,29937,13234,Волшебная шкатулка: [Рассказы и повесть].,"ИВАНЧЕНКО, Александр Семенович.",,,
29938,29939,13235,Волшебник: Драматические сцены в 4-х д.,"ЯРЦЕВ, Петр Михайлович.",,,
29940,29941,13236,"Волшебник: Повести, рассказы.","ЛОХВИЦКИЙ, Михаил Юрьевич.",,,
29942,29943,13237,Волшебник: Рассказ.,"МАМИН-СИБИРЯК, Дмитрий Наркисович.",,,
29944,29945,13238,Волшебник. Рассказ.,"ЧИРИКОВ, Евгений Николаевич.",,,
29946,29947,13239,Волшебник без бороды: Повесть.,"РАЗУМНЕВИЧ, Владимир Лукьянович.",,,
29948,29949,13240,Волшебник в белом халате.,"ДЯГИЛЕВ, Владимир Яковлевич.",,,
29950,29951,13241,Волшебник Гонестус.,"БЕРНЕ, Людвиг.",,,
29952,29953,13242,Волшебник XIX века.,"УЭЛЛС, Герберт Джордж.",,,
29954,29955,13243,Волшебник из Гель-Гью: Романтическая повесть о А. С. Грине.,"БОРИСОВ, Леонид Ильич.",,,
29956,29959,13244,"Волшебник Карачун или Не бывать бы счастью, да несчастье помогло: Русская сказка.","МИРОНОВ, Николай П.",,,
29960,29961,13245,Волшебник Лейни: Сказка.,"МОР-ДВИНКИН, В.",,,
29962,29963,13246,Волшебник Мерлин: Драматическая поэма.,"ЛЬВОВА, Александра Дмитриевна.",,,
29964,29965,13247,Волшебник Оберон: Фантастическая феерия в 4-х д. с песнями и танцами.,"ШАБЕЛЬСКИЙ, Александр Васильевич.",,,
29966,29971,13248,Волшебник Точка и пастух Ваня. (Загл. обл.).,"ЗОТОВ, Осип Осипович. ","Сказка о замечательном волшебнике Точке, с помощью которого пастух Ваня стал известнейшим художником в мире.",,
29972,29973,13249,"Волшебники живут рядом: Сценки, монологи, фельетоны, пьесы.","ХАЗИН, Александр Абрамович.",,,
29974,29975,13250,Волшебница: Поэма.,"ГИППИУС, Василий Васильевич.",,,
29976,29977,13251,Волшебница: Рассказ.,"ПИНЯЕВ, Иван Данилович.",,,
29978,29979,13252,Волшебница: Стихи.,"МИЛОСЕР-ДОВ, Семен Семенович.",,,
29980,29981,13253,Волшебница прибрежья: Роман. В 4-х ч.,"ФЕВАЛЬ, Поль Анри.",,,
29982,29985,13254,Волшебное дерево: Воспоминания детских лет.,"ЛЕОНИДЗЕ, Георгий Николаевич. ",В тени родных деревьев.,,
29986,29987,13255,Волшебное зелье Востока или Необыкновенно забавные приключения трех правоверных товарищей: Восточная сказка.,"ГАМАЗОВ, Матвей Авельевич.",,,
29988,29989,13256,Волшебное зеркало и другие сказ* ки.,"КУНДЕР, Юхан.",,,
29990,29991,13257,Волшебное зерно: Сказка в 4-х актах.,"СИМУКОВ, Алексей Дмитриевич.",,,
29992,29995,13258,Волшебное кольцо:   Повесть.,"ЧЕТВЕРИКОВ, Борис Дмитриевич.",,,
29996,29997,13259,Волшебное кольцо: Сказка в 5-ти карт.,"ШИРЯЕВЕЦ, Александр.",,,
29998,29999,13260,Волшебное кольцо: [Стихи].,"НИЗАМИ, Гянджеви.",,,
30000,30001,13261,Волшебное подземелье: Рассказ.,"ДУДОРОВ, Петр Петрович (ОРЛОВЕЦ, П.).",,,
30002,30003,13262,Волшебное слово: Одноактная пьеса.,"ТЕМКИН, Александр Маркович.",,,
30004,30005,13263,Волшебное средство.,"СВЕТОВ, Александр Абрамович.",,,
30006,30009,13264,Волшебное существо: Пьеса в 4-х д.,"ПЛАТОНОВ, Андрей, ФРАЕРМАН, Рувим Исаевич.",,,
30010,30011,13265,Волшебные гусли.,"СТИИЕН-СКИЙ, Радуле.",,,
30012,30013,13266,Волшебные звуки: Драматический этюд в 1-м д. В стихах.,"ГЕНЦ, Алексей Рейнгольдович.",,,
30014,30017,13267,Волшебные звуки граммофона в 1-м д.,"ПАЗУХИН, Алексей Михайлович.",,,
30018,30019,13268,Волшебные звуки Шопена: Фарс в 3-х д.,"БАРРЭ, Альберт, КЕРУЛЬ, Анри.",,,
30020,30021,13269,Волшебные лыжи: Сказка-быль.,"МАЛЕИНОВ, Андрей Александрович.",,,
30022,30027,13270,Волшебные приключения пионера Вити:   Сказка.,"РОМАНЧЕНКО, Ольга Ивановна.",,,
30028,30033,13271,Волшебные приключения принца Солигдара:  Персидская сказка.,"БАЙ- КОВ, Д.",,,
30034,30037,13272,Волшебные руки труда и науки.,"ДИЖУР, Белла Абрамовна.",,,
30038,30039,13273,Волшебные сказки наших дней: Повести и рассказы из жизни Южно-Американского материка.,"ОРДЫНЦЕВ, М. Д. (ОРДЫНЦЕВ-КОСТРИЦКИЙ, Михаил Дмитриевич).",,,
30040,30041,13274,Волшебные сказки о злой ведьме Непогоде на кровопролитной битве Яш-Бабы с Непогодой и о волшебном сне прекрасной боярышни Шиповны.,"МОЛЧАНОВ, В.",,,
30042,30043,13275,Волшебные часы.,"ГОЛОВИНА, Нина Александровна, ЗЛЫВКО, Иван Си-лович.",,,
30044,30045,13276,Волшебный браслет: Повесть-сказка о приключениях Тимки в царстве Хранителя Вита.,"ЯБЛОКОВ, Алексей Владимирович, БАКУЛИНА, Элеонора Дмитриевна.",,,
30046,30047,13277,Волшебный виноград: Пьеса в 3-х д.,"ТАРАХОВСКАЯ, Елизавета Яковлевна.",,,
30048,30049,13278,Волшебный горшок.,"УГРЮМОВ, Владимир Петрович.",,,
30050,30051,13279,Волшебный дворец или Приключения принцессы: Волшебная сказка. Е.,"М. Е. (ЕВСТИГНЕЕВ, Михаил Е.).",,,
30052,30057,13280,Волшебный замок: Знаменитый Родриг.,Имя авт. не установлено. ,,,Загл.. обл.: Волшебный замок или знаменитый рыцарь Родриг.
30058,30059,13281,Волшебный замок: Повесть.,"ТИК, Людвиг Иоганн.",,,
30060,30065,13282,Волшебный замок или Знаменитый рыцарь Родриг. (Загл. обл.).,Имя авт. не установлено. ,Волшебный замок: Знаменитый Родриг.,,
30066,30067,13283,Волшебный камень: Роман.,"АСА-НОВ, Николай Александрович.",,,
30068,30069,13284,Волшебный камень: Сказки.,"ША-ДАЕВ, Аполлон Иннокентьевич.",,,
30070,30073,13285,Волшебный камень: Фантастическая повесть.,"ANSTEY (ЭНСТИ, Ф.). ",Шиворот-навыворот: (Урок отцам).,,
30074,30075,13286,Волшебный клад: Сказка в 4-х д.,"КРИГЕР-БОГДАНОВСКАЯ, Надежда Ниловна.",,,
30076,30079,13287,Волшебный клад под Купалов день: Древнее поверье.,Имя авт. не установлено.,,,
30080,30081,13288,Волшебный ключ: Повесть.,"ГРЕКОВА, Татьяна Терентьевна.",,,
30082,30083,13289,Волшебный колодец.,"ГРЕШНОВ, Михаил Николаевич.",,,
30084,30085,13290,Волшебный колпак: Комедия в 1-м д.,"КОЦЕБУ, Август Фридрих.",,,
30086,30089,13291,Волшебный колпак: [Поэма].,Имя авт. не установлено.,,,
30090,30093,13292,Волшебный корабль:    Сказка.,"ГАУФФ, Вильгельм (ГАУФ, Вильгельм).",,,
30094,30095,13293,Волшебный котелок: (На домашнем фронте). Пьеса в 2-х карт.,"СИНИЯРВ, Карл.",,,
30096,30097,13294,Волшебный крысолов.,"СОБОЛЕВ, Леонид Сергеевич.",,,
30098,30099,13295,Волшебный лотос: Романтическая фантазия.,"ПРЕМ, Чайя.",,,
30100,30101,13296,Волшебный мост.,"ЛУКИН, Аркадий Васильевич.",,,
30102,30103,13297,Волшебный остров: Эскиз.,ГОФФЕ,,,", 3‘; К."
30104,30105,13298,Волшебный папоротник: Роман.,"БОНОСКИИ, Филипп (БОНОСКИ, Филлип).",,,
30106,30107,13299,Волшебный пароль: Опыт современной сказки.,"НОВОГРУДСКИИ, Лев Соломонович, ОРЛОВ, Даль Константинович.",,,
30108,30109,13300,Волшебный перстень.,"БОГАТЫРЕВ, Вениамин Сергеевич.",,,
30110,30111,13301,Волшебный профиль. О.,ГЕНРИ.,,,
30112,30115,13302,Волшебный сад.,"НАГРОДСКАЯ, Евдокия Аполлоновна. ",,День и ночь...,
30116,30117,13303,Волшебный свет: Рассказы.,"ХЕИ-НЕСЕН, Вильям.",,,
30118,30119,13304,Волшебный сон: Пьеса в 1-м д.,"НЕБЕЛЬСОН, А. П.",,,
30120,30121,13305,Волшебный сплав.,"ШУТОВ, Виктор Васильевич.",,,
30122,30123,13306,Волшебный улов.,"ДЕГЕН, Юрий.",,,
30124,30125,13307,Волшебный фонарик: Сказка.,"ТОКАРЕВА, К. (РОЖДЕСТВЕНСКАЯ, Клавдия Васильевна).",,,
30126,30127,13308,Волшебный фонарь: Вторая книга стихов.,"ЦВЕТАЕВА, Марина Ивановна.",,,
30128,30129,13309,Волшебный фонарь: Повесть.,"КАЗАКОВА, Лия Самуиловна.",,,
30130,30131,13310,Волшебный фонарь: Повесть. Рассказы. Миниатюры.,"ЯМПОЛЬСКИЙ, Борис Самойлович.",,,
30132,30133,13311,Волшебный хлеб: Стихи.,"ЧУРСИН, Федор Андреевич.",,,
30134,30135,13312,Волшебный эликсир: Комедия в 2-х д.,"Ш...Р, Вл.",,,
30136,30137,13313,Волынка: Пьеса в 3-х актах для рабочего клуба.,"ГОЛЬДБЕРГ, Анна Григорьевна.",,,
30138,30139,13314,Волынская новь.,"БЕКЕТОВ, Виктор Прокофьевич.",,,
30140,30141,13315,Волынская повесть про «Шукай добро» господаря.,"МЕНЧИЦ, Владимир А.",,,
30142,30143,13316,Волынщик из Стракониц: Пьеса-сказка в 3-х д.,"ТЫЛ, Йозеф Каэтан.",,,
30144,30145,13317,Волынь: Роман.,"ХАРЧУК, Борис Никитович.",,,
30146,30147,13318,Волька в милиции.,"МУСИКОВ, Владимир Петрович.",,,
30148,30151,13319,Волька Суховей терпит бедствие.,"ПОПОВ, Юрий Васильевич.",,,
30152,30153,13320,Вольная душа: Из воспоминаний художника. Роман.,"НЕМИРОВИЧ-ДАНЧЕНКО, Василий Иванович.",,,
30154,30155,13321,Вольная пташка: Комедия-шутка в 3-х д.,"КАРПОВ, Евтихий Павлович.",,,
30156,30157,13322,Вольная птица: Повесть.,"МИХЕЕВА, Софья Исаковна.",,,
30158,30159,13323,Вольная птица и другие рассказы.,"КОРИНФСКИЙ, Аполлон Аполлонович.",,,
30160,30163,13324,Вольная пуля: Американский рассказ.,"ЭМАР, Гюстав. ",Меткая пуля *.,,
30164,30165,13325,Вольная стая.,"НЕМЧИНОВ, Геннадий Андреевич.",,,
30166,30167,13326,Вольница: Повесть.,"ГЛАДКОВ, Федор Васильевич.",,,
30168,30169,13327,Вольница: Пьеса в 4-х карт.,СКИТАЛЕЦ.,,,
30170,30171,13328,Вольница поневоле или Как кулак попал в подвал: Комедия в 3-х д.,"ОРЛОВ, Ф.",,,
30172,30173,13329,Вольноопределяющийся в императорское подвижное ополчение: Прощание вольноопределяющегося с женой. 1855 года.,"ПРЕСНОВ, В.",,,
30174,30175,13330,Вольнослушатель: Повесть.,"ШЕЛЕПОВ, Борис Федорович.",,,
30176,30179,13331,Вольность: Ода.,"РАДИЩЕВ, Александр Николаевич.",,,
30180,30181,13332,Вольность:   Повести. Рассказы.,"КАДЫРОВ, Пиримкул (КАДЫРОВ, Прим-кул Кадырович).",,,
30182,30185,13333,Вольные дни Великого Новгорода: Историческая повесть.,"ОКС, Виктор Борисович.",,,
30186,30187,13334,Вольные мастера: Пьеса в 3-х д.,"ДАНОВСКАЯ, Зоря Николаевна.",,,
30188,30189,13335,Вольные напевы: Стихотворения.,"ФЕДОРОВ, Дмитрий А.",,,
30190,30191,13336,Вольные песни: Избранные стихотворения.,"НЕЧАЕВ, Егор Ефимович.",,,
30192,30193,13337,Вольные песни. [Стихи].,"РУД-МАН, Владимир.",,,
30194,30197,13338,Вольные птицы:    Водевиль в 1-м д.,"АФАНАСЬЕВ, Сергей (ТРЕФИЛОВ).",,,
30198,30199,13339,Вольные птицы: Повесть.,"ЗОТОВ, Александр Васильевич.",,,
30200,30201,13340,Вольные ритмы: Сти>и.,"СИМО-НЕНОК, Венедим Николаевич.",,,
30202,30203,13341,Вольные стрелки: Роман.,"БУДИ-ЩЕВ, Алексей Николаевич.",,,
30204,30205,13342,Вольные стрелки: Роман.,"ЭМАР, Гюстав.",,,
30206,30207,13343,Вольные стрелки океана.,"ДАНИЛОВ, П. М.",,,
30208,30211,13344,Вольные фламандцы: Пьеса в 5-ти д.,"ШЕРВИНСКИЙ, Сергей Васильевич, КОЧЕТКОВ, Александр Сергеевич.",,,
30212,30213,13345,Вольные штаты Славичи.,"ЛЕВИН, Дойвбер.",,,
30214,30215,13346,Вольный атаман Степан Тимофеевич Разин.,"НАВРОЦКИЙ, Александр Александрович.",,,
30216,30217,13347,Вольный аул: Стихи.,"КАШЕЖЕ-ВА, Инна Иналовна.",,,
30218,30219,13348,Вольный человек и холоп: Повесть из истории крепостного права в России XVI в.,"ЛЮБИЧ-КОШУРОВ, Иоасаф Арианович.",,,
30220,30221,13349,Вольный человек Яшка: Рассказ.,"МАМИН-СИБИРЯК, Дмитрий Наркисович.",,,
30222,30223,13350,Вольный Шамхар: Исторический роман.,"НЕМИРОВИЧ-ДАНЧЕНКО, Василий Иванович.",,,
30224,30225,13351,Вольпоне или Хитрый лис: Комедия в 5-ти актах.,"ДЖОНСОН, Бен.",,,
30226,30227,13352,Вольтерьянец: Исторический роман конца XVIII в. в 2-х ч.,"СОЛОВЬЕВ, Всеволод Сергеевич.",,,
30228,30229,13353,Вольтова дуга: Повесть и рассказы.,"ФИЛЕВ, Борис Аркадьевич.",,,
30230,30231,13354,Вольфрам.,"ВАЛЬЕХО, Сесар.",,,
30232,30233,13355,Воля: Два романа из быта беглых. Т. 1. Беглые в Новороссии: (Роман в 2-х ч.). Т. 2. Беглые воротились: (Роман в 3-х ч.).,"СКАВРОНСКИЙ, А. (ДАНИЛЕВСКИЙ, Григорий Петрович).",,,
30234,30235,13356,Воля: Драма в 3-х д.,"КОГЕН, И.",,,
30236,30237,13357,Воля: [Новая книга стихов].,"ШКЛЯРЕВСКИИ, Игорь Иванович.",,,
30238,30239,13358,"Воля: Пьеса из времен царствования императора Александра II. (В стихах. В 4-х карт, с апофеозом. Для народных и солдатских театров).","СИМОНОВИЧ, Сергей В.",,,
30240,30241,13359,Воля: Рассказ.,"КЕТЛИНСКАЯ, Вера Казимировна.",,,
30242,30243,13360,Воля: [Рассказы]. О.,ГЕНРИ.,,,
30244,30245,13361,Воля: Роман.,"ОНЭ, Жорж (ОНЕ, Жорж).",,,
30246,30247,13362,"«Воля Аллаха» или Абдул, Абдул и еще Абдул: Восточная сказка, записанная в Константинополе 9-го января 1305 г. книжным червяком.","РУБАКИН, Николай Александрович.",,,
30248,30249,13363,Воля за гробом: Драма в 2-х д.,"АЛЕКСАНДРОВ, Ипполит.",,,
30250,30251,13364,Воля — золотая доля или Несколько дней из жизни Антипа Антипови-ча Прогорелова.,"СУСЛОВ, Николай.",,,
30252,30253,13365,Воля к жизни: Документальная повесть.,"НЕВСКИЙ, Виктор Ефимович, АНТОНОВ, Иван Павлович",,,", МОИСЕЕВ, Борис Васильевич."
30254,30255,13366,Воля к жизни: Рассказы.,"ЛИПЕЦКИЙ, Алексей.",,,
30256,30257,13367,Воля к жизни: Стихи.,"ЛЮТОВА, Вера Сергеевна.",,,
30258,30259,13368,Воля короля: Роман.,"РЕНЬЕ, Анри де.",,,
30260,30261,13369,Воля народа: Стихи.,"РЫЛЬСКИЙ, Максим Фаддеевич.",,,
30262,30263,13370,Воля умершей: Роман.,"ЗОЛЯ, Эмиль.",,,
30264,30265,13371,Вомбат.,"ЧЕГЛОК, Александр.",,,
30266,30267,13372,Вон оно что!: Раз-ве-е-ли-и! Деревенский эпизод в 1-м д.,"ПЕТРАШКЕВИЧ, Николай Александрович.",,,
30268,30269,13373,Вон самогон!,"МАЯКОВСКИЙ, Владимир Владимирович.",,,
30270,30271,13374,"Воображаемые встречи: Повести о Шумане, Шопене, Листе, Вагнере.","ОР-ЖЕХОВСКАЯ, Фаина Марковна.",,,
30272,30273,13375,Воображаемые портреты; Ребенок в доме.,"ПАТЕР, Уолтер.",,,
30274,30275,13376,Воображаемый собеседник: Роман.,"САВИЧ, Овадий Герцович.",,,
30276,30277,13377,Вообще и в частности...: Сатирические стихи.,"БЛАГОВ, Юрий Николаевич.",,,
30278,30279,13378,Вообще и в частности: [Фельетоны].,"РЫКЛИН, Григорий Ефимович.",,,
30280,30281,13379,Воодушевленный Егор: Рассказы.,"ВИРТА, Николай Евгеньевич.",,,
30282,30283,13380,Вооружение: Стихи.,"ЛИХАРЕВ, Борис Михайлович.",,,
30284,30285,13381,Вооруженные песни.,"ЛАХУТИ, Абулькасим (ЛАХУТИ, Абольгасем Ахмед-заде).",,,
30286,30287,13382,Вооруженный комсомол: Агитпоэма.,"АЗАРОВ, Всеволод Борисович, ИРИНИН, Михаил.",,,
30288,30289,13383—13384,Воочию.,"КОЗЛОВСКИЙ, Яков Абрамович.",,,
30290,30291,13385,Вопли сердца: Стихотворения.,"ИВАНИЛОВ, В. Е.",,,
30292,30295,13386,Вопль: Рассказ.,"КРЕСТОВСКАЯ, Мария Всеволодовна. ",,Исповедь Мытищева...,
30296,30297,13387,Вопль: [Стихотворение в прозе].,"СОБОЛЕВ, Дмитрий Гаврилович.",,,
30298,30299,13388,Вопль души: (Война).,"ДЯДЯ САША (ПУГАЧЕВ, А. А.).",,,
30300,30301,13389,Вопль дщери Иудейской.,"НЕВА-ХОВИЧ, Лейба (НЕВАХОВИЧ, Лев Николаевич).",,,
30302,30303,13390,Вопреки всему: Избранные стихотворения.,"ФРЕЙЛИГРАТ, Фердинанд.",,,
30304,30305,13391,"Вопреки всему: Очерки, рассказы, фельетоны.","КОЛОСОВ, Алексей Иванович.",,,
30306,30307,13392,Вопрос: (Анатоль). Пьеса в 1-мд.,"ШНИЦЛЕР, Артур.",,,
30308,30309,13393,Вопрос: Комедия в 4-х д.,"СУВОРИН, Алексей Сергеевич.",,,
30310,30311,13394,Вопрос любви.,"БОКАЖ, Поль, ТОЛЬ, Аврелиан (ТОЛЬ, Орельен).",,,
30312,30313,13395,Вопрос о счастье поставлен.,"СТИЛЬ, Андре.",,,
30314,30315,13396,Вопрос принципа: Пьеса в 2-х д. с эпилогом.,"ИОРДАНОВ, Недялко Асенов.",,,
30316,30317,13397,"Вопрос решен: Басни, эпиграммы.","СКОВОРОДНИКОВ, Борис Евдокимович.",,,
30318,30319,13398,? (Вопросительный знак): Фарс в 3-х д.,"ШОЛИЭ, Арман.",,,
30320,30323,13399,Вопросов больше нет: Пьеса в 2-х д.,"ВАСИЛЬЕВ, Аркадий Николаевич.",,,
30324,30325,13400,Вопросов больше нет...: Роман.,"ВАСИЛЬЕВ, Аркадий Николаевич.",,,
30326,30327,13401,Вопросы есть?: Пьеса в 1-м акте.,"ТРУУ, Сильвия.",,,
30328,30329,13402,Вопросы жизни: Повесть и другие рассказы. Кн. 1. М.,"Н. В. (ВЕЛЬСОВ-СКИЙ, Михаил Николаевич).",,,
30330,30331,13403,Вопросы жизни: Роман.,"РОД, Эдуард.",,,
30332,30333,13404,Вопросы жизни: (Стихотворения).,"КЛУННЫИ, Петр Михайлович.",,,
30334,30335,13405,Вопросы пола.,"РОМАНОВ, Пантелеймон Сергеевич.",,,
30336,30337,13406,Вопросы совести: Пьеса в 2-х д.,"БУРЖЕ, Поль, БАССЭ, Серж.",,,
30338,30339,13407,Вопросы чести: Пьеса из военного быта в 4-х д.,"ЖДАНОВ, Лев Григорьевич.",,,
30340,30341,13408—13409,Вор: Из жизни вогулов.,"ИНФАНТЬЕВ, Порфирий Павлович.",,,
30342,30343,13410,Вор: Комедия-водевиль.,"АДАДУ-РОВ, Евграф Иванович.",,,
30344,30345,13411,Вор; Лесной обжора: [Рассказы].,"РОБЕРТС, Чарльз.",,,
30346,30347,13412,Вор: (Месть). Пьеса в 1-м д.,"САВЕЛЬЕВ-СЛУЦКИЙ, Лев Исаакович.",,,
30348,30349,13413,Вор: (Очерк).,"КОВАЛЬСКИЙ, Казимир Адольфович.",,,
30350,30351,13414,Вор: Повесть.,"ГОЛОЛОБОВ, Яков Егорович (ГОЛОЛОБОВ, Яков Георгиевич).",,,
30352,30353,13415,Вор: Повесть.,"КЛАЗ, Илья Семенович.",,,
30354,30357,13416,"Вор: [Пьеса]. СИНКЛЕР, Эптон. 13416а. Вор: Пьеса; Бумажник: Пьеса.","МИРБО, Октав.",,,
30358,30359,13417,Вор. Пьеса в 3-х д.,"БЕРНШТЕЙН, Анри.",,,
30360,30361,13418,Вор: Пьеса в 3-х д.,"МЕДВЕДЕВ, Сергей Иванович.",,,
30362,30363,13419,Вор: [Рассказ].,"ПЕРЕГУДОВ, Александр Владимирович.",,,
30364,30365,13420,Вор: [Рассказ].,"ТИМЧЕНКО, П.",,,
30366,30367,13421,Вор: [Рассказы].,"МИЛЛЬ, Пьер.",,,
30368,30369,13422,Вор: Рассказы.,"ЧАНДАР, Кри-шан.",,,
30370,30371,13423,Вор: Роман.,НИРАНДЖАНА.,,,
30372,30373,13424,Вор: Роман.,"ЭРМАН, Абель.",,,
30374,30375,13425,Вор: Роман в 4-х ч.,"ЛЕОНОВ, Леонид Максимович.",,,
30376,30377,13426,Вор: Сценки из деревенской жизни.,"ЗАВАЛИШИН, Александр Иванович.",,,
30378,30379,13427,Вор Гришка.,"ПЕТРОВ, А. Пв.",,,
30380,30381,13428,Вор-девка: Оригинальный водевиль в 2-х д.,"ЯКОВЛЕВ, Леонард Фомич.",,,
30382,30383,13429,Вор и собаки: Повесть.,"МАХФУЗ, Нагиб.",,,
30384,30387,13430,Вор Эдифи: Рассказ.,"ВЕРНЕТ, Френсис Ходжсон. ",,Сара Кру или Что случилось с мисс Минчин...,
30388,30389,13431,"Вор Яшка, медная пряжка: Народный шуточный рассказ.","ЕВСТИГНЕЕВ, Михаил Е.",,,
30390,30391,13432,Воришка: Сценка в 1-м д.,"УР-ВАНЦОВ, Лев Николаевич.",,,
30392,30393,13433,Воришки меда.,"БУШ, Вильгельм.",,,
30394,30395,13434,Воробеич.,"МИХАЙЛОВА, Вера Григорьевна.",,,
30396,30397,13435,Воробей: Комедия в 1-м акте.,"ГО-ЛУБИН, Петр.",,,
30398,30399,13436,Воробей: Рассказ.,"ВАСЮКОВ, Семен Иванович.",,,
30400,30401,13437,Воробей: Сказка.,"ЭВАЛЬД, Карл.",,,
30402,30403,13438,Воробей в галошах.,"КИСЕЛЕВ, Виктор Владимирович.",,,
30404,30405,13439,Воробей на снегу: Повесть и рассказы.,"МАСС, Анна Владимировна.",,,
30406,30407,13440,Воробушки: Комедия в 3-х д.,"ЛАБИШ, Эжен Мари, ДЕЛАКУР, Альфред Шарлеман.",,,
30408,30409,13441,Воробьевы горы: Повесть.,"ЛИБЕ-ДИНСКАЯ, Лидия Борисовна.",,,
30410,30411,13442,Воробьевы горы: Пьеса в 4-х актах.,"СИМУКОВ, Алексей Дмитриевич.",,,
30412,30413,13443,Воробьи: Рассказ.,"КАШКАРОВ, Николай.",,,
30414,30417,13444,Воробьи все видели: Рассказ на Рождество.,Имя авт. не установлено.,,,
30418,30419,13445,Воробьиная ночь: Драматический этюд в 2-х д.,"ХЛОПОВ, Николай Афанасьевич.",,,
30420,30421,13446,"Воробьиная ночь: Повесть, рассказы.","ФЕДОРОВ, Владимир Васильевич.",,,
30422,30423,13447,Воробьиная ночь: Рассказы.,"КАВЕРИН, Вениамин.",,,
30424,30425,13448,Воробьиная ночь: Рассказы.,"СЕРАФИМОВИЧ, Александр.",,,
30426,30427,13449,Воробьиное дерево.,"КОРКИНА, Алла.",,,
30428,30429,13450,Воробьиное озеро.,"ПАТОВ, Николай Иванович.",,,
30430,30431,13451,"Вороватый мужик: (Сказка, высмеивающая барина); Набитый дурак: (Популярная русская сказка).","НИКИТИН, Александр.",,,
30432,30433,13452,Воровка: Пьеса в 4-х актах.,МАК-КЕЛЛАН.,,,
30434,30435,13453,Воровка: Роман.,НГУЕН ХОНГ.,,,
30436,30437,13454,Воровка детей: Драма в 5-ти д. с прологом.,"ГРАНЖЕ, Эжен, ЛАМБЕР-ТИ-БУ, Пьер Антуан.",,,
30438,30439,13455,Воровка-мать: Рассказ.,"ЛЯШКО, Николай.",,,
30440,30441,13456,Воровская шайка или Приключения бедного сироты Оливера Твиста.,"ДИККЕНС, Чарльз.",,,
30442,30443,13457,Вороги: Пьеса в 3-х д. Из революционной жизни деревни.,"СОКОЛОВ, Константин Леонидович.",,,
30444,30445,13458,Ворожея: Рассказ.,КУКЕ ЛЬ (ЛУНИН В. А.).,,,
30446,30449,13459,Ворожея из Хогсдена: Комедия в 5-ти актах.,"ХЕЙВУД, Томас.",,,
30450,30453,13460,Ворожея на кофейной гуще: (Истинный случай).,Имя авт. не установлено.,,,
30454,30455,13461,Ворон; Индейцы: Рассказы.,"ПОЛИВАНОВ, Владимир Павлович.",,,
30456,30459,13462,Ворон: [Новелла].,"КИЕЛЛАНД, Александр (ХЬЕЛЛАНН, Александр). ",,Битва при Ватерлоо...,
30460,30461,13463,Ворон: Повесть.,"МАКУЛОВ, Леонид Федорович.",,,
30462,30463,13464,Ворон: Рассказ.,"РЕРБЕРГ, Софья Ивановна.",,,
30464,30465,13465,Ворон: Роман.,"ФОРШ, Ольга Дмитриевна.",,,
30466,30469,13466,Ворон: [Стихотворение].,"ПО, Эдгар Аллан. ",,Красная немочь...,
30470,30473,13467,Ворон: [Стихотворение].,"ФЕДОРОВ, Григорий. ",,Прощание воина...,
30474,30475,13468,Ворон-челобитчик.,"САЛТЫКОВ-ЩЕДРИН, Михаил Евграфович.",,,
30476,30477,13469,Ворона: Комедия в 1-м д.,"ОСЕТРОВ, Захар Борисович.",,,
30478,30479,13470,Ворона: Рассказ.,"КО ЛОКО Л Ь-НИКОВА, Вера Яковлевна.",,,
30480,30481,13471,Ворона: [Стихи].,"ШУКУРБЕКОВ, Райкан.",,,
30482,30483,13472,Ворона в павлиньих перьях: Оригинальный водевиль в 3-х д.,"КРЕСТОВСКИЙ, Николай (КУЛИКОВ, Николай Иванович).",,,
30484,30487,13473,Ворона в павлиньих перях или Слуга-граф — граф-слуга: Водевиль в 1-м д.,Имя авт. не установлено.,,,
30488,30489,13474,Ворона в трубе: Повести.,"ЗИЛОВ, Лев Николаевич.",,,
30490,30491,13475,Ворона и ее знакомые.,"ЛЮБИЧ-КОШУРОВ, Иоасаф Арианович.",,,
30492,30493,13476,Ворона и лисица: Басня.,"КРЫЛОВ, Иван Андреевич.",,,
30494,30495,13477,Вороная кобыла: Рассказы.,"ФЕДОРОВ, Евгений Александрович.",,,
30496,30497,13478,Вороная Лиза.,"МИТЧЕЛЬ, Люси Спрег.",,,
30498,30499,13479,Воронежская поэма.,"КОРАБЛИ-НОВ, Владимир Александрович.",,,
30500,30501,13480,Воронежские корабли.,"КОРАБЛИ-НОВ, Владимир Александрович.",,,
30502,30503,13481,Воронежские плесы.,"КАСАТКИН, Павел Ефимович.",,,
30504,30505,13482,Вороненок: Повесть.,"ЕФИМОВ, А. (ЗАРИН, Андрей Ефимович).",,,
30506,30509,13483,Вороненок:   [Рассказ].,ШВАРЦ Е,,,вгений Львович.
30510,30511,13484,Вороненок: Рассказ в стихах; Купальщики.,"БУШ, Вильгельм.",,,
30512,30513,13485,Вороний камень: Пьеса в 4-х актах.,"ГРУЗДЕВ, Илья Александрович, ЧЕТВЕРИКОВ, Борис Дмитриевич.",,,
30514,30515,13486,Вороний камень: Стихи.,"ШОШИН, Владислав Андреевич.",,,
30516,30517,13487,Вороний переполох.,"ШАМШУРИН, Юрий Иванович.",,,
30518,30519,13488,Вороново крыло: Шутка-фарс в 1-м д.,"ГАРАНД (ГАРАН, Шарль), ТОМАС (ТОМА, Луи).",,,
30520,30521,13489,Воронограй: Историческая повесть из XV в.,"ЛИХАРЕВ, Николай Осипович.",,,
30522,30523,13490,Вороны: Комедия в 4-х актах.,"БЕК, Генрих (БЕК, Анри Франсуа).",,,
30524,30525,13491,Вороны: [Рассказ].,"БАНГ, Герман Иоахим.",,,
30526,30527,13492,Вороные кони: Рассказы.,"ЛИДИН, Владимир Германович.",,,
30528,30529,13493,Воронье: [Рассказы].,"КАРАВАЕВА, Анна Александровна.",,,
30530,30531,13494,Воронье: Рассказы из эпохи польского восстания.,"ЖЕРОМСКИЙ, Стефан.",,,
30532,30533,13495,Воронье гнездо: (Быль).,"КИСТЕНЬ, Ф.",,,
30534,30537,13496,Воронье гнездо; Награда за усердие:     Юмористические рассказы.,"БУШ, Вильгельм.",,,
30538,30539,13497,Вороньи перья или Московская самодурка: Сатирическая повесть.,"ОРЛОВ, Александр Анфимович.",,,
30540,30541,13498,Воронята: Рассказ.,"ЛЕМЬЕРК, Михаил Евгеньевич.",,,
30542,30543,13499,Ворота в простор: Рассказы.,"ТРУСОВ, Иван Федорович.",,,
30544,30545,13500,Ворота в Сибирь: Повесть и очерки.,"ПАНОВ, Виктор Алексеевич.",,,
30546,30549,13501,Ворота диких гусей.,"МУГУЕВ, Хаджи-Мурат Магометович. ",,Комсомолец Тан-чи...,
30550,30553,13502,Ворота настежь! или Необыкновенный постоялый двор: Быль.,Имя авт. не установлено.,,,
30554,30557,13503,Воротник.,"АНДЕРСЕН, Ганс-Христиан. ",,Принцесса на горошине...,
30558,30559,13504,Воротов бор: Рассказ.,"НЕВТОНО-ВА, Александра Александровна.",,,
30560,30563,13505,Воротынцевы: (Фамильнаяхроника).,"СЕВЕРИН, Н. И. (МЕРДЕР, Надежда Ивановна). ",Фамильная хроника Воротынцевых.,,
30564,30565,13506,Ворохов в Петербурге.,"ВЕЙН-БЕРГ, Павел Павлович.",,,
30566,30567,13507,Ворошилов: Поэма.,"АЛТАЙСКИЙ, Константин Николаевич.",,,
30568,30569,13508,Ворошиловский зачет.,"ИШ, Лев.",,,
30570,30571,13509,Ворошины: Сцены современной жизни в 5-ти д.,"АЛЯБЬЕВ, Борис Иванович.",,,
30572,30573,13510,Ворпсведе; Огюст Роден; Письма; Стихи.,"РИЛЬКЕ, Райнер Мария.",,,
30574,30575,13511,Ворскла речка-невеличка: Комедия в 4-х д.,"ВОЛОШИН, Иван Иванович.",,,
30576,30577,13512,Воры; Ванька.,"ЧЕХОВ, Антон Павлович.",,,
30578,30579,13513,Воры в доме: Роман.,"КИСЕЛЕВ, Владимир Леонтьевич.",,,
30580,30581,13514,18-я весна: Повесть.,"СИТНИКОВ, Владимир Арсентьевич.",,,
30582,30583,13515,Восемнадцатая весна: Поэмы.,"АЛИЕВА, Фазу Гамзатовна.",,,
30584,30585,13516,Восемнадцатилетие: Из романа.,"СМОЛИЧ, Юрий Корнеевич.",,,
30586,30587,13517,18 марта 1899 г.,"РОГАЛЕВИЧ, Г. Л. [!] (РОГАЛЕВИЧ, Генрих Адольфович).",,,
30588,30589,13518,Восемнадцатый год.,"ТОЛСТОЙ, Алексей Николаевич.",,,
30590,30591,13519,Восемнадцатый годочек: Повесть.,"КОСТЕРИН, Алексей Евграфович.",,,
30592,30593,13520,Восемнадцать бывает каждому: Повесть.,"ХАЛМИРЗАЕВ, Шукур.",,,
30594,30597,13521,18 городов.,"КОЛЬЦОВ, Михаил. ",19 городов.,,
30598,30599,13522,Восемнадцать лет: Музыкальная история в 3-х д.,"КОНСТАНТИНОВ, Владимир Константинович, РАЦЕР, Борис Михайлович.",,,
30600,30601,13523,Восемнадцать лет: Повести.,"ИВАНОВ, Александр Михайлович.",,,
30602,30603,13524,Восемнадцать лет: Стихи и песни.,"ЗАСТРОЖНЫЙ, Владимир Кириллович.",,,
30604,30607,13525—13526,Восемь дней Ваканции или Время идет скоро: Повесть в 8-ми отд.,Имя авт. не установлено.,,,
30608,30609,13527,Восемь дней в неделю: Повесть.,"ТОМИН, Юрий.",,,
30610,30613,13528,Восемь дней и один океан.,"КА- ТЕРЛИ, Елена.",,,
30614,30615,13529,Восемь дней ожидания: Повести.,"МЕТЕЛЬСКИЙ, Георгий Васильевич.",,,
30616,30617,13530,Восемь лет: Воспоминания о гимназии.,"КРАШЕНИННИКОВ, Николай Александрович.",,,
30618,30619,13531,Восемь ликов озера Бива: Японская новелла о любви.,"ДАУТЕНДЕИ, Макс.",,,
30620,30621,13532,Восемь неизвестных: Невыдуманная история.,"КОТЕНКО, Илья Михайлович.",,,
30622,30623,13533,Восемь племен: Из древней жизни крайнего Северо-Востока Азии.,"ТАН, В. Г. (БОГОРАЗ, Владимир Германович).",,,
30624,30625,13534,Восемь райских садов: Поэма.,АМИР ХОСРОВ ДЕХЛЕВИ.,,,
30626,30627,13535,Восемь розовых динозавров.,"ОСАДЧИЙ, Олег Мартинович.",,,
30628,30629,13536,Восемь ударов стенных часов: Роман.,"ЛЕБЛАН, Морис.",,,
30630,30631,13537,Восемь хлебов: Рассказы.,"ДАС-КАЛОВ, Стоян Цеков.",,,
30632,30633,13538,82 дня в океане: Очерки.,"НАУМОВ, Л. (ЗЕЛЬЦМАН, Леонид Наумович).",,,
30634,30637,13539,Восемьдесят тысяч верст под водой: Путешествие под волнами океана в 2-х ч.,"ВЕРН, Жюль. ",80 000 километров под водой; Восемьдесят тысяч километров под волнами океана; Двадцать тысяч лье под водой; Двадцать тысяч лье (80 000 верст) под водою; Сто тысяч верст.,,
30638,30639,13540,80 000 километров под водой.,"ВЕРН, Жюль.",,,
30640,30641,13541,Восемьдесят тысяч километров под волнами океана.,"ВЕРН, Жюль.",,,
30642,30643,13541а,813: (Последние приключения Арсена Люпена). Роман.,"ЛЕБЛАН, Морис.",,,
30644,30645,13542,Воскан Ереванци: Исторический роман.,"ГУКАСЯН, Ованес Арамович.",,,
30646,30647,13543,Восклицательный знак.,"РАСКИН, Александр Борисович.",,,
30648,30649,13544,Восковая персона.,"ТЫНЯНОВ, Юрий Николаевич.",,,
30650,30651,13545,"Воскресение; Баян: Статьи, стихи.","ГОРОДНЯ, Василий (ГРЕЧИНСКИИ, Василий Павлович).",,,
30652,30653,13546,Воскресение: Драма в 4-х д.,"КА-ЛИШЕВСКИИ, Виктор Степанович.",,,
30654,30655,13547,Воскресение: Повесть.,"МАНН, Генрих.",,,
30656,30657,13548,Воскресение: Роман.,"ТОЛСТОЙ, Лев Николаевич.",,,
30658,30661,13549,Воскресение мертвых: Поэма в 12-ти песнях. Кн. 1—2.,"ТИМОФЕЕВ, Алексей Васильевич. ","Микула Селянино-вич, представитель земли.",,
30662,30663,13550,Воскресение Юлия Цезаря: Драма в 4-х д. (С целью критики). ф.-К.,М. Г.,,,
30664,30667,13551,Воскресения парижского буржуа.,"МОПАССАН, Гюи де. ","Воскресения французского чиновника; Воскресные дни парижского буржуа; Воскресные отдыхи парижского буржуа; Воскресные, прогулки парижского буржуа; Воскресные экскурсии парижского чиновника.",,
30668,30669,13552,Воскресенье:  [Рассказ].,"БАХМЕТЬЕВ, Владимир Матвеевич.",,,
30670,30673,13553,Воскресенье: Рассказ.,Имя авт. не установлено.,,,
30674,30675,13554,Воскресенье: Рассказы.,"ГУМИЛЕВСКИЙ, Лев Иванович.",,,
30676,30677,13555,Воскресенье в Марьиной роще: Интермедия в 1-м д.,"АНИЧКОВ, Иван Адрианович.",,,
30678,30679,13556,Воскресенье в Риме: Музыкальная комедия в 2-х д.,"ГАРИНЕИ, Пьетро, ДЖОВАННИНИ, Сандро.",,,
30680,30681,13557,Воскресенье на даче.,"ЛЕЙКИН, Николай Александрович.",,,
30682,30685,13558,Воскресни!,"ВОЛЬНЫЙ, Петр (ОЛЕНИН, Петр Алексеевич). ",,,* В кн.: Враги — евреи...
30686,30687,13559,Воскреснувшие сны: Стихотворения.,"ЯСИНСКИЙ, Иероним Иеронимович.",,,
30688,30689,13560,Воскресные охотники; Воскресенье на даче; Рыболовы: Юмористические рассказы о похождениях столичных подгородных охотников.,"ЛЕЙКИН, Николай Александрович.",,,
30690,30691,13561,Воскресный наряд.,"ПЕТРОВ, Борис Николаевич.",,,
30692,30693,13562,Воскресный обед: Рассказы.,"БАРБУ, Эуджен.",,,
30694,30695,13563,Воскресный отдых.,"МИЛЛЬ, Пьер.",,,
30696,30697,13564,Воскресным днем: Пьеса в 1-м д.,"ВАЛЫДЕВА, Анна.",,,
30698,30699,13565,Воскресшая девочка: Рассказ.,"БЕКЕТОВА, Екатерина Андреевна.",,,
30700,30701,13566,Воскресшая душа: Роман из столичной жизни.,"ЛАВРОВ, А. И. (КРАС-НИЦКИЙ, Александр Иванович).",,,
30702,30703,13567,Воскресшая земля: Стихотворения.,"ВЛАСОВ-ОКСКИИ, Николай.",,,
30704,30705,13568,Воскресшая икона: Пьеса в 4-х карт.,"ШИШАКОВ, Виталий Алексеевич.",,,
30706,30707,13569,Воскресшая песнь: (Святочный рассказ).,"НЕМИРОВИЧ-ДАНЧЕНКО, Василий Иванович.",,,
30708,30711,13570,Воскресшая радость: Этюд.,Имя авт. не установлено.,,,
30712,30713,13571,Воскресшее племя: Роман.,"ТАН-БОГОРАЗ, Владимир Германович (БОГОРАЗ, Владимир Германович).",,,
30714,30717,13572,Воскресшие боги: Леонардо да Винчи.,"МЕРЕЖКОВСКИЙ, Дмитрий Сергеевич. ",Христос и Антихрист: Трилогия.,,
30718,30721,13573,"Воскресшие были: (Очерки, рассказы, миражи).","НЕМИРОВИЧ-ДАНЧЕНКО, Василий Иванович. ",Марева.,,
30722,30723,13574,Воскресшие песни: Книжка 3.,"БЕЛОЗЕРОВ, Александр Андреевич.",,,
30724,30725,13575,Воскресший.,"КАРИМ, Хаким.",,,
30726,30727,13576,Воскресший Дон-Жуан: (Ямбы).,"РАДЗИЕВСКИЙ, Александр.",,,
30728,30731,13577,Воскресший мертвец или Неожиданная развязка: Рассказ.,Имя авт. не установлено.,,,
30732,30733,13578,Воскресший Рокамболь: [ч. 1—5].,"ПОНСОН ДЮ ТЕРРАЙЛЬ, Пьер Алексис де.",,,
30734,30735,13579,Воскресший человек: Роман.,"МИР, Джалал.",,,
30736,30737,13580,Воскресший Шерлок Холмс: Новые мемуары известного сыщика.,"ДОЙЛЬ, Артур Конан.",,,
30738,30739,13581,Воскресший Шерлок Холмс в России: Вып. 13—20.,"НИКИТИН, П.",,,
30740,30743,13582,Воскрешение из мертвых: Повесть об одном исследовании.,"ШАГИНЯН, Мариэтта Сергеевна. ",Йозеф Мысливе-чек.,,
30744,30745,13583,Воскрешение из мертвых: Приключенческие повести.,"ТОМАН, Николай Владимирович.",,,
30746,30749,13584,Воспитание.,"КОРЧАК, Януш. ",,Весенняя песня...,
30750,30751,13585,Воспитание — великое дело: Комедия в 2-х ч.,"ПРИВАЛОВ, В.",,,
30752,30753,13586,Воспитание воли: Повесть в новеллах.,"СЕВЕРОВ, Петр Федорович.",,,
30754,30755,13587,Воспитание души: Воспоминания.,"ЛИБЕДИНСКИИ, Юрий Николаевич.",,,
30756,30757,13588,Воспитание или Вот приданое!: Комедия в 4-х д. в стихах.,"КОКОШКИН, Федор Федорович.",,,
30758,30761,13589,Воспитание льва; Обед у медведя: Басни.,"КРЫЛОВ, Иван Андреевич.",,,
30762,30763,13590,Воспитание моряка: Первая книга адмирала С. О. Макарова.,"ЗОНИН, Александр Ильич.",,,
30764,30765,13591,Воспитание мужества: Повесть.,"ВЛАСОВ, Николай Кузьмич.",,,
30766,30767,13592,Воспитание Петра Великого: Рассказ.,"ЯСТРЕБОВ, Владимир Николаевич.",,,
30768,30769,13593,Воспитание под Верденом.,"ЦВЕЙГ, Арнольд.",,,
30770,30771,13594,Воспитание принца: Комедия в 4-х д.,"ДОННЭ, Морис.",,,
30772,30773,13595,Воспитание характера: Рассказы.,"СЛЕЗКИН, Юрий Львович.",,,
30774,30775,13596,Воспитание характера: [Роман].,"СОЛОВЬЕВ, Борис Иванович.",,,
30776,30777,13597,Воспитание чувств: (Иван Груздев). Комедия в 4-х д.,"ЦЕССАРСКИЙ, Альберт Вениаминович.",,,
30778,30779,13598,Воспитание чувств: История одного молодого человека.,"ФЛОБЕР, Гюстав.",,,
30780,30781,13599,Воспитание чувств: Киносценарий.,"СМИРНОВА, Мария Николаевна.",,,
30782,30785,13600,Воспитание чувств:  Рассказы.,"ЧЕРНЕНКО, Александр Иванович.",,,
30786,30789,13601,Воспитанник иезуитов: Роман. Ч. 1-2.,"ШМЕЛИНГ, Карл.",,,
30790,30791,13602,Воспитанник капитанов: Повесть.,"РЫСС, Евгений Самойлович.",,,
30792,30793,13603,Воспитанник любви: Gean Ч. 1—4.,"КОК, Поль де.",,,
30794,30795,13604,Воспитанник любви или Как он переменился: Комедия-водевиль в 4-х ч.,"ТЕОЛОН ДЕ ЛАМБЕР, Мари Эммануэль Гийом, СИНЬОЛЬ, Альфонс.",,,
30796,30797,13605,Воспитанник Страны Советов: Пьеса в 4-х д.,"ШОЛОМЗИНА, С.",,,
30798,30799,13606,Воспитанник унтер-офицера: Быль; Женихи и невесты: Новый русский оригинальный иллюстрированный роман.,"СОКОЛОВСКИЙ, А. ",,,3.
30800,30801,13607,Воспитанница: Комедия.,"ОСТРОВСКИЙ, Александр Николаевич.",,,
30802,30805,13608,Воспитанница: Роман.,"РОДИО- НОВ, Виктор Викторович.",,,
30806,30807,13609,Воспитанница из генеральского дома: Рассказ.,"КУКЕЛЬ (ЛУНИН, В. А.).",,,
30808,30811,13610,Воспитанница природы: Рассказ.,"ЯКУБОВА, А.",,,
30812,30813,13611,Воспитанница Сара.,"ВЕЛЬТМАН, Александр Фомич.",,,
30814,30817,13612,Воспитатели в  масках.,"МОНА- ХОВ, Николай Иванович.",,,
30818,30821,13613,Воспитатель Флахсман: Комедия в 3-х д.,"ЭРНСТ, Отто.",,,
30822,30825,13614,Воспоминание: (Анатоль). Пьеса в 1-м д.,"ШНИЦЛЕР, Артур.",,,
30826,30829,13615,Воспоминание: [Поэма].,Имя авт. не установлено.,,,
30830,30831,13616,Воспоминание: [Стихи].,"LAMEN-TOSO (ЛАЛОШ, Варвара Михайловна).",,,
30832,30833,13617,Воспоминание дерптского студента.,РАГ-ПЕТРОЦКИЙ.,,,
30834,30835,13618,Воспоминание мая 1-го дня 1814 года в Твери.,В. П.,,,
30836,30837,13619,Воспоминание о будущем: Стихи.,"КРОНГАУЗ, Анисим Максимович.",,,
30838,30843,13620,Воспоминание о защите Малахова кургана:  Стихотворение.,"ПАЛЬГУНОВ, Сергей Андреевич.",,,
30844,30847,13621,Воспоминание о прошедшем или Признательность общества офицеров к доброму начальнику: Драматический отрывок в 3-х д.,Имя авт. не установлено.,,,
30848,30851,13622,Воспоминание о Себрове.,Имя авт. не установлено.,,,
30852,30853,13623,Воспоминание об Ильиче.,"УЛЬЯНОВА-ЕЛИЗАРОВА, Анна Ильинична.",,,
30854,30855,13624,Воспоминания: В стихах.,"БАР-КОВСКИЙ, Андрей.",,,
30856,30857,13625,Воспоминания: Поэма.,"ЛЕГУВЕ, Габриэль Мари.",,,
30858,30859,13626,Воспоминания: [Стихи].,Г. А. Р.,,,
30860,30865,13627,Воспоминания американского школьника.,"ОЛЬДРИЧ, Т. Белей (ОЛДРИЧ, Томас Бейли). ",Американский школьник.,,
30866,30869,13628,Воспоминания беглеца: Очерки американских нравов.,"ГИЛЬДРЕТ (ХИЛЬДРЕТ, Ричард). ",Белый раб.,,
30870,30871,13629,Воспоминания бедного студента.,"ВАЛЛЕС, Жюль.",,,
30872,30875,13630,Воспоминания бывшего ребенка: Юмористическая повесть и такие же рассказы.,"АНДРАША, Михаил.",,,
30876,30877,13631,Воспоминания детства; Нигилистка.,"КОВАЛЕВСКАЯ, София Васильевна.",,,
30878,30879,13632,Воспоминания детства: Повести.,НИКОЛАИ М. ,,,"(КУЛИШ, Пантелеймон Александрович)."
30880,30881,13633,Воспоминания детства: [Сказки].,"КРЯНГЭ, Ион.",,,
30882,30883,13634,Воспоминания земского врача: Рассказ.,М. В.,,,
30884,30887,13635,Воспоминания и впечатления: Стихотворения.,"ВИСКОНТИ, Александр Александрович.",,,
30888,30889,13636,Воспоминания и необыкновенные путешествия Захара Загадкина.,"ИЛЬИН, Михаил Ильич.",,,
30890,30893,13637,Воспоминания и очерки жизни: Рассказы. Ч. 1—2.,"БРАНТ, Леопольд Васильевич.",,,
30894,30895,13638,Воспоминания идеалистки.,"МЕЙ-ЗЕНБУГ, Мальвида Амалия.",,,
30896,30897,13639,Воспоминания институтки. АЛ...,"ЕЛ... (АЛАДЬИНА, Елизавета Васильевна).",,,
30898,30899,13640,Воспоминания конармейца.,"РАКИТИН, Николай Васильевич.",,,
30900,30903,13641,Воспоминания Марии Тарновской: Вып. 1.,Имя авт. не установлено.,,,
30904,30905,13642,Воспоминания моего товарища: Рассказ.,"ЧИСТЯКОВ, Михаил Борисович.",,,
30906,30907,13643,Воспоминания о Велемире Хлебникове.,"ПЕТРОВСКИЙ, Дмитрий Васильевич.",,,
30908,30909,13644,Воспоминания о Владимире Ильиче.,"ГИНДИН, Яков Исаакович.",,,
30910,30911,13645,Воспоминания о встречах с Лениным.,"КОРОТКОВ, Борис Петрович.",,,
30912,30913,13646,Воспоминания о Горьком: (Переписка и встречи).,"МАКСИМОВ, Павел Хрисанфович.",,,
30914,30915,13647,Воспоминания о графе Л. Н. Толстом в шестидесятых годах.,"КУЗМИН-СКАЯ, Татьяна Андреевна.",,,
30916,30919,13648,Воспоминания о Есенине.,"МАРИЕНГОФ, Анатолий Борисович. ",О Сергее Есенине.,,
30920,30921,13649,Воспоминания о Ленине.,"БОНЧ-БРУЕВИЧ, Владимир Дмитриевич.",,,
30922,30923,13650,Воспоминания о Ленине.,"ВИЛЬЯМС, Альберт Рис.",,,
30924,30927,13651,Воспоминания о Ленине. (Загл. обл.).,"КРЖИЖАНОВСКИЙ, Глеб Максимилианович. ",О Владимире Ильиче.,,
30928,30929,13652,Воспоминания о Льве Николаевиче Толстом.,"ГОРЬКИЙ, Максим.",,,
30930,30931,13653,Воспоминания о Льве Николаевиче Толстом.,"КОНИ, Анатолий Федорович.",,,
30932,30933,13654,Воспоминания о моей жизни: Незабываемые встречи.,"МГАЛОБЛИШВИЛИ, Софром Захарьевич.",,,
30934,30937,13655,Воспоминания о моем детстве.,"БРАУН, Изабелла.",,,
30938,30941,13655а,"Воспоминания о Н. Г. Чернышевском. КОРОЛЕНКО, Владимир Галактионович 136556. Воспоминания о П. А. Плетневе.","ПЛЕТНЕВ, Алексей Петрович.",,,
30942,30945,13656,Воспоминания о писателях.,"ГОРЬКИЙ, Максим. ",Литературные портреты; Портреты замечательных людей.,,
30946,30947,13657,"Воспоминания о писателях: (Вл. Маяковский, Ал. Фадеев, Вл. Став-ский).","МАКСИМОВ, Павел Хрисанфович.",,,
30948,30949,13658,Воспоминания о писателях.,"КОНИ, Анатолий Федорович.",,,
30950,30951,13659—13660,Воспоминания о писателях.,"КОРОЛЕНКО, Владимир Галактионович.",,,
30952,30953,13661,Воспоминания о поэтической жизни Пушкина.,"ГЛИНКА, Федор Николаевич.",,,
30954,30955,13662,Воспоминания о русском флоте.,"МИРОШЕВСКИИ, Василий.",,,
30956,30959,13663,Воспоминания о русско-турецкой войне 1877—1878 гг. и о М. Скобелеве ординарца его.,"ДУКМАСОВ, Петр Архипович. ",Со Скобелевым в огне.,,
30960,30961,13664,Воспоминания о Сократе.,КСЕНОФОНТ.,,,
30962,30963,13665,Воспоминания о 1812 годе.,"ВЯЗЕМСКИЙ, Петр Андреевич.",,,
30964,30965,13666—13667,Воспоминания о царе-осво-бодителе Александре II.,"ГОЛУБЕВ, Константин.",,,
30966,30967,13668,Воспоминания о Чехове.,"КОНИ, Анатолий Федорович.",,,
30968,30969,13669,Воспоминания о Шерлоке Гольмсе.,"ДОЙЛЬ, Артур Конан.",,,
30970,30971,13670,Воспоминания о школьной жизни.,"Р-КО, Д. К.",,,
30972,30973,13671,Воспоминания об Ильиче.,"КОЛ-ЛОНТАЙ, Александра Михайловна.",,,
30974,30975,13672,Воспоминания об Ильиче.,"УЛЬЯНОВА-ЕЛИЗАРОВА, Анна Ильинична.",,,
30976,30977,13673,Воспоминания об Ильиче (1917— 1918 гг.).,"СКРЫПНИК, Мария Николаевна.",,,
30978,30983,13674,Воспоминания об Иоанне дАрк ее пажа и секретаря Луи де Конта: Т. 1—2.,"ТВЭН, Марк (ТВЕН, Марк). ",» Жанна д'Арк; Личные воспоминания о Жанне д'Арк ее пажа и секретаря Луи де Конта.,,
30984,30985,13675,"Воспоминания об Италии, Англии и Америке: Ч. 1—2.","ШАТОБРИАН, Франсуа Рене де.",,,
30986,30987,13676,"Воспоминания одессита о заграничных путешествиях: Швейцария, Франция, Италия... и т. д.","ЧИЖЕВИЧ, Осип Осипович.",,,
30988,30991,13677,Воспоминания одного американского школьника.,"ОЛДРИЧ, Томас Бейли. ",Воспоминания американского школьника; История одного американского школьника.,,
30992,30995,13677а,Воспоминания одного мундирчика.,"ГОМУЛИЦКИЙ, Виктор Теофил. ",Синий мундирчик.,,
30996,30997,13678,Воспоминания одной русской знаменитости; Страницы из жизни семнадцатилетней.,"ЛИХАЧЕВА, Елизавета.",,,
30998,30999,13679,Воспоминания оркестрины Чайковского.,"МАЙСТРАХ, Владимир Францевич.",,,
31000,31001,13680—13681,Воспоминания охотничьей собаки: В 6-ти кусках и 6-ти кусочках.,"ЭЛЬБЕРД, М.",,,
31002,31003,13682,Воспоминания повстанца; Возмездие; Заколдованный камень; Клад; Полетит.,"ТАБУРНО, Иероним Павлович.",,,
31004,31007,13683,Воспоминания при взгляде на памятник императора Александра Первого: Стихотворение.,"БАКУНИН, Василий Михайлович.",,,
31008,31009,13684,Воспоминание призрака: Хроника одного кладбища.,"ЛАМОТЛАНГОН, Этьен Леон де.",,,
31010,31013,13685,Воспоминания пролетария: Рассказ.,ЭРКМАН-ШАТРИАН. ,Парижские баррикады (в сокращ. и перераб. виде).,,
31014,31015,13686,Воспоминания пропащего человека.,"СВЕШНИКОВ, Николай Иванович.",,,
31016,31017,13687,"Воспоминания прошедшего: Были, рассказы, портреты, очерки. Вып. 1—2.","СЕЛИВАНОВ, Илья Васильевич.",,,
31018,31019,13688—13689,Воспоминания рекрута.,"ШАТРИАН, Александр.",,,
31020,31021,13690,Воспоминания слепого: Путешествие вокруг света.,"АРАГО, Жак.",,,
31022,31023,13691,Воспоминания собаки Мускуби: Рассказ.,"ПРИВАТ, Гонзаго.",,,
31024,31027,13692,Воспоминания старого петроградца: Семейная хроника.,"КИЛЬШТЕТ, Карл Егорович. ",Из жизни: Воспоминания старого петроградца. Семейная хроника.,,
31028,31029,13693,"Воспоминания Фелиции Л..., состоящие из отборнейших мыслей и изящнейших анекдотов: Ч. 1—2.","ЖАН ЛИС, Стефани Фелисите.",,,
31030,31031,13694,Воспоминания художника.,"БОГОРОДСКИЙ, Федор Семенович.",,,
31032,31033,13695,Воспоминания юнги Захара За-гадкина.,"ИЛЬИН, Михаил Ильич.",,,
31034,31035,13696,Воспоминанье о красном снеге: Стихи.,"ЛЕВИТАНСКИЙ, Юрий Давыдович.",,,
31036,31037,13697,Воспрянет род людской: Драматическая поэма.,"НИКАНОРКИН, Анатолий Игнатьевич.",,,
31038,31041,13698,Восставшая Венгрия в песнях.,"ГИДАШ, Антал.",,,
31042,31043,13699,Восставшая Мексика: Рассказы и очерки.,"РИД, Джон.",,,
31044,31045,13700,Восставшие: Драма в 1-м д.,БУНИНА,,,", 3. М."
31046,31047,13701,Восставшие: Современные события в 3-х д.,"САМБУРОВ, Иван Артемьевич.",,,
31048,31049,13702,Восставшие из пепла: (По воспоминаниям оставшихся в живых). Пьеса в 2-х д.,"МИКАЭЛЯН, Сергей Герасимович, ГОРБОВИЦКИЙ, Гастон Самуилович.",,,
31050,31051,13703,Восставший город: Историческая повесть.,"МАРКОВ, Александр Сергеевич, РЮМШИН, Николай Афанасьевич.",,,
31052,31053,13704,Восставший завод: Рассказ.,"СИ-ВАЧЕВ, Михаил Гордеевич.",,,
31054,31055,13705,Восстание: Повести и рассказы.,"КАШКАРОВ, Николай.",,,
31056,31057,13706,Восстание: Повесть.,"ПУШКАРЕВ, Глеб Михайлович.",,,
31058,31059,13707,Восстание: [Рассказ].,"ЯКОВЛЕВ, Александр.",,,
31060,31061,13708,Восстание: Роман.,"АРНОЛЬД, Иоганнес.",,,
31062,31065,13709,Восстание: Роман.,"БЕССОНОВ, Юрий Николаевич. ","Суровая юность, (в сокращ. и перераб. виде).",,
31066,31067,13710,Восстание: [Роман].,"ОВЧАРЕН-КО, Иван Митрофанович.",,,
31068,31069,13711,Восстание: Роман.,"РЕБРЯНУ, Ливиу.",,,
31070,31073,13712,Восстание:  [Роман].,"РЯХОВ- СКИИ, Василий Дмитриевич.",,,
31074,31077,13713,Восстание:     [Стихотворение].,"АЛЕКСАНДРОВСКИЙ, Василий Дмитриевич.",,,
31078,31079,13714,Восстание: Стихотворение.,"ВЕР-ХАРН, Эмиль.",,,
31080,31083,13715,Восстание ангелов:      Роман.,"ФРАНС, Анатоль.",,,
31084,31087,13716,Восстание в Гурии: Исторический роман.,"НИНОШВИЛИ, Эгнате.             ",,,.
31088,31089,13717,Восстание в Индии: Исторический роман.,"РАТКЛИФ, Джон (РЕТКЛИФ, Джон).",,,
31090,31091,13718,Восстание в крепости: Роман.,"МУСАЕВ, Гылман Иса Бала оглы.",,,
31092,31093,13719,Восстание в Нья-Мей: Роман.,"ЭЛЬМИН, Генрих.",,,
31094,31095,13720,Восстание в подземелье: Повесть и рассказы.,"ЗИЛЬБЕРМАН, Хаим Айзи-кович.",,,
31096,31097,13721,Восстание Васкеца.,"МОГУЧИЙ, Николай Витольдович",,,","
31098,31099,13722,Восстание детей.,"УЛИТЦ, Арнольд.",,,
31100,31101,13723,Восстание из-за юноши Эрнста.,"ВАССЕРМАН, Якоб.",,,
31102,31103,13724,Восстание камней и другие рассказы.,"ЭЙДЕМАН, Роберт Петрович.",,,
31104,31107,13725,Восстание Кораха: Трагедия в 5-ти д. В стихах.,"ГЕЛЬМАН, Б.",,,
31108,31109,13726,Восстание мелочей.,ТУР,,,", братья."
31110,31111,13727,Восстание мизантропов.,"БОБРОВ, Сергей Павлович.",,,
31112,31115,13728,Восстание на золотых приисках.,"ЛИНДСЕЙ, Джек.",,,
31116,31117,13729,Восстание на «Св. Анне».,"ЛЕБЕДЕНКО, Александр Гервасьевич.",,,
31118,31119,13730,Восстание озерян.,"МСТИСЛАВСКИЙ, Сергей.",,,
31120,31121,13731,Восстание повешенных.,"ТРАВЕН, Бруно.",,,
31122,31123,13732,Восстание рабов: Пьеса в 3-х д.,"ЧУМАЧЕНКО, Ада Артемьевна.",,,
31124,31127,13733,Восстание рыбаков.,"ЗЕГЕРС, Анна. ",Восстание рыбаков в Санкт-Барбаре.,,
31128,31129,13734,Восстание рыбаков в Санкт-Барбаре; Транзит: Роман; Через океан: Повесть.,"ЗЕГЕРС, Анна.",,,
31130,31131,13735,Восстание сердец: Роман.,"ФРАНК, Герберт.",,,
31132,31133,13736,Восстание топора: Рассказы.,"ЦЕП-ЛИС, Альвил Карлович.",,,
31134,31137,13737,Восстановление ада: Легенда.,"ТОЛСТОЙ, Лев Николаевич. ",Разрушение ада и восстановление его.,,
31138,31139,13738,Восток: Поэмы.,"БЕДНЫЙ, Демьян.",,,
31140,31141,13739,Восток: Стихи.,"АФАНАСЬЕВ, Вячеслав Николаевич.",,,
31142,31143,13740,Восток: Стихи.,"ВАТАГИН, Марк.",,,
31144,31145,13741,"Восток: Стихи и поэмы, 1925— 1934.","САННИКОВ, Григорий Александрович.",,,
31146,31147,13742,Восток алеет...: Стихи.,"ЛАНТЭ, В. (АРУТЮНОВ, Вардан Яковлевич).",,,
31148,31149,13743,Восток в огне: Из дорожного блокнота журналиста.,"СЫРКИН, Альберт.",,,
31150,31151,13744,Восток зарей пылает: Стихи.,"ТАНК, Максим.",,,
31152,31153,13745,Восток и война.,"ДОРОШЕВИЧ, Влас Михайлович.",,,
31154,31155,13746,Восток и запад: Роман. Кн. 1.,"ВОИНОВА, Александра.",,,
31156,31159,13747,Восток и запад: Современные стихотворения с 10-го февр. 1854 по 21-е апр. 1855.,Имя авт. не установлено.,,,
31160,31161,13748,Восток и запад: [Стихи].,"ЛУ-ГОВСКОЙ, Владимир Александрович.",,,
31162,31163,13749,Восток и Запад (1949—1957); [Стихи].,"СУРКОВ, Алексей Александрович.",,,
31164,31165,13750,Восток смеется.,"РОДА-РОДА, Александр.",,,
31166,31169,13751,Востокиада: Юмористическая поэма в 61ти песнях.,Имя авт. не установлено.,,,
31170,31171,13752,Восторги любви: Повесть из жизни каскадной певицы.,ТРАВИАТА.,,,
31172,31173,13753,Восточная лютня.,"ШИШКОВ, Александр Ардалионович.",,,
31174,31177,13754,Восточная политика; Румынская музыка; Редкое отличие; Специалисты; Конец.,"АВЕРЧЕНКО, Аркадий Тимофеевич. ",Свинцовые сухари.,,
31178,31181,13755,Восточная сказка.,"ЗАСОДИМ-СКИЙ, Павел Владимирович. ",,Неведомый скиталец...,
31182,31183,13756,Восточные меридианы: Рассказы и повесть.,"ПИСЬМЕННЫЙ, Александр ",,,Г ригорьевич.
31184,31185,13757,Восточные мотивы: (Стихотворения).,"ВЕЛИЧКО, Василий Львович.",,,
31186,31187,13758,Восточные рассказы.,"ЗАРТ, Елена.",,,
31188,31191,13759,Восточные рассказы. (Загл. обл.).,"ФАРРЕР, Клод. ",Рассказы.,,
31192,31193,13760,Восточные рассказы.,"ШАГИНЯН, Мариэтта Сергеевна.",,,
31194,31195,13761,Восточные сказанья.,"СЕВЕРЯНИН (ДОЛГОРУКОВ, Всеволод Алексеевич).",,,
31196,31197,13762,Восточные стихотворения.,"ГЮГО, Виктор.",,,
31198,31199,13763,Восточные этюды: Стихи.,"ПАК, Борис Сенсуевич.",,,
31200,31201,13764,Восточный  батальон:  4 акта.,"ТУР, братья, ПРУТ, Иосиф Леонидович.",,,
31202,31203,13765,Восточный ветер: Повесть о Перекопе.,"ВАШЕНЦЕВ, Сергей Иванович.",,,
31204,31207,13766,Восточный  кордон:    Повесть.,"ПАЛЬМАН, Вячеслав Иванович.",,,
31208,31209,13767,Восточный океан: Стихи.,"АДА-ЛИС, А.",,,
31210,31211,13768,Восточный перекресток: Стихи.,"КРЯКВИН, Евгений Евгеньевич.",,,
31212,31213,13769,Восточный подарок.,"МУСТАФА-УГЛУ, Исмаил-Бек.",,,
31214,31215,13770,Восточный сектор Арктики: Стихи.,"ОЛЬХОН, Анатолий.",,,
31216,31217,13771,Восточный фронт: Роман.,ХАНЬ ФЭН.,,,
31218,31219,13772,Восточный человек: Юмористические сцены из тифлисской жизни.,"ОСЕТРОВ, Захар Борисович.",,,
31220,31221,13773,Восточным ветрам навстречу.,"ЯХНИН, Зорий Яковлевич.",,,
31222,31223,13774,Вострое и С-н: Встреча трех поколений.,"ЧЕВКИН, Сергей Михайлович.",,,
31224,31225,13775,Воструха: Щучий рассказ.,"ФЛЕИ-РОН, Свен.",,,
31226,31229,13776,Вострухинские     заговорушки: (Вопль). Комедия в 2-х д.,"БЛИНОВ, Валентин Васильевич.",,,
31230,31231,13777,"Восход: Повести, рассказы, стихотворения.","АММОНДТ, В. Э.",,,
31232,31233,13778,Восход: [Повесть].,"ЖЕРНАКОВ, Николай Кузьмич.",,,
31234,31235,13779,Восход: [Повесть].,"ЗАМОИСКИИ, Петр.",,,
31236,31237,13780,Восход: Повесть.,"ЛЮБЧЕНКО, Константин Дмитриевич.",,,
31238,31239,13781,Восход: Поэма.,"ВАХИДОВ, Эркин Чуянбаевич.",,,
31240,31241,13782,Восход: Пьеса в 3-х д.,ЦАО ЮИ.,,,
31242,31243,13783,Восход: Роман.,"ОШЕИКО, Виктор Поликарпович.",,,
31244,31245,13784,Восход солнца: Пьесы.,"ШКЕ-ТАН, М.",,,
31246,31247,13785,Восход солнца: Стихи и поэма.,"КОНДРАТЕНКО, Виктор Андреевич.",,,
31248,31249,13786,Восходит день: Стихи и поэмы.,"КАЛЯЕВ, Санджи Каляевич.",,,
31250,31251,13787,Восходит солнце: (Ханлар). Драматическая поэма в 3-х д.,"ВУРГУН, Са-мед.",,,
31252,31253,13788,Восходящая звезда: Оригинальная повесть.,Н. Ф.,,,
31254,31255,13789,Восходящий поток: Рассказы о летчиках.,"ПОЗДНЕЕВ, Александр Александрович.",,,
31256,31259,13790,Восхождение:   [Документальная повесть].,"БОРИН, Александр Борисович.",,,
31260,31261,13791,Восхождение: Документальная повесть.,"КОСТАНОВ, Дмитрий Григорьевич, ПЛЕСКАЧЕВСКИИ, Лазарь Юдович.",,,
31262,31265,13792,Восхождение:   [Очерк].,"ПРО- КОФЬЕВ, Дмитрий Георгиевич.",,,
31266,31267,13793,Восхождение: [Рассказы].,"КАРАВАЕВА, Анна Александровна.",,,
31268,31269,13794,Восхождение: [Рассказы].,"КОП-ТЕЛОВ, Афанасий Лазаревич.",,,
31270,31271,13795,Восхождение: Роман.,"ПОДОБЕДОВ, Максим Михайлович.",,,
31272,31273,13796,Восхождение: Стихи.,"БОГДАНОВ, Павел Федорович.",,,
31274,31275,13797,Восхождение: [Стихи].,"ГАНКИН, Борис Аркадьевич.",,,
31276,31277,13798,Восхождение: Стихи.,"ЗАПОРОЖЕЦ, Светлана Владимировна.",,,
31278,31279,13799,Восхождение: Стихи.,"МАРГИАНИ, Реваз Акакиевич.",,,
31280,31281,13800,Восхождение: Стихи.,"НОВОКШЕ-НОВ, Николай Сидорович.",,,
31282,31283,13801,Восхождение: Стихи.,"ШОГЕНЦУ-КОВ, Адам Огурлиевич.",,,
31284,31285,13802,Восхождение молодости.,"ВОЛГИН, Сергей.",,,
31286,31287,13803,Восхождение на облака: Роман.,"ПАЛИИЧУК, Борис Дмитриевич. ",,,-
31288,31289,13804,Восхождение на Фудзияму: Драма в 2-х ч.,"АЙТМАТОВ, Чингиз Торекуло-вич, МУХАМЕДЖАНОВ, Калтай Мухамед-жанович.",,,
31290,31291,13805,Восхождение солнца: Из поэмы.,"ТОМСОН, Джемс.",,,
31292,31295,13806,Восшествие на престол Михаила Федоровича Романова: Драматическая хро- ника (1611—1613) в 3-х д. с эпилогом.,"МИХНЕВИЧ, Александр Петрович.",,,
31296,31297,13807,Восшествие Петра 1-го на трон: Драма в 1-м д.,"СУХОВ, А.",,,
31298,31299,13808,Восьмая атака.,"ПОЛТОРАЦКИЙ, Виктор.",,,
31300,31301,13809,Восьмая тайна моря.,"БЕЛОВ, Михаил Прокопьевич.",,,
31302,31303,13810,Восьмидесятники: Роман. Т. 1—2.,"АМФИТЕАТРОВ, Александр Валентинович.",,,
31304,31305,13811,Восьминогий сизиф.,"АЗИЗ, Несин.",,,
31306,31309,13812,Восьмое декабря: (Хроника одного дня).,"БЕК, Александр Альфредович.",,,
31310,31311,13813,8-е марта: Пьеса в 6-ти карт.,КАВЕ (КАВЭ).,,,
31312,31313,13814,8-е марта: [Стихи].,"МАЯКОВСКИЙ, Владимир Владимирович.",,,
31314,31315,13815,Восьмое море: Документальная повесть.,"ЗЛОБИН, Анатолий Петрович, ВЕРЮЖСКИИ, Александр Маркович.",,,
31316,31317,13816,Восьмое ранение.,"СИМОНОВ, Константин Михайлович.",,,
31318,31319,13817,"Восьмое сентября 1862 года в Новгороде или Незабвенный день русской земли: (Описание в виде рассказа торжественного открытия памятника России, служащее продолжением к рассказу о тысячелетии России).","ГОЛУБКОВ, Константин.",,,
31320,31321,13818,Восьмое чудо: Оригинальный фарс в 1-м д.,"ДРОЖДИНИН, Алексей Александрович.",,,
31322,31323,13819,Восьмой бастион: Рассказы.,"АЗ-БУКИН, Борис Павлович.",,,
31324,31325,13820,Восьмой грех: Достоверный репортаж из дома Трофимовых в 3-х д.,"СЕРГЕЕВ, Лев (ТАПКИН, Лев Сергеевич).",,,
31326,31327,13820а,Восьмой день...: Документальная повесть.,"ЯКОВЛЕВ, Егор Владимирович, КОГИНОВ, Юрий Иванович.",,,
31328,31329,13821,Восьмой день недели: Роман.,"БАЮКАНСКИИ, Анатолий Борисович.",,,
31330,31331,13822,Восьмой сын: Повести и рассказы.,"МАМЕДОВ, Алтай Юсиф оглы.",,,
31332,31333,13823,Восьмой цвет радуги: Стихи.,"ЛЮБЦОВ, Анатолий Васильевич.",,,
31334,31335,13824,Восьмой цвет радуги: Странное происшествие в 2-х д.,"ОЛЬШАНСКИЙ, Иосиф Григорьевич.",,,
31336,31337,13825,Восьмушка дяди Яши.,"КУЗНЕЦОВ, И. В.",,,
31338,31339,13826,Вот в чем соль: Сатирические стихи.,"АЛЕКСЕЕВ, Владимир Павлович.",,,
31340,31341,13827,Вот в чем соль!: [Стихи].,"НИКОЛАЕВ, Александр Маркович.",,,
31342,31343,13828,Вот вам крылья!,"ЛЕБЛАН, Морис.",,,
31344,31345,13829,Вот где равенство и счастье: Сценка для детей.,"ТИМОФЕЕВ, Г. (МИХАЙЛОВ, Е.).",,,
31346,31347,13830,Вот едет Докей: Комедия в 2-х д.,"ШАЙМЕРДЕНОВ, Сафуан.",,,
31348,31349,13831,Вот за тем поворотом...: Повесть.,"ШУЛЬЖИК, Валерий Владимирович.",,,
31350,31351,13832,Вот и все: Роман.,"СИРИОС-ГИ-РА, Витаутас Людасович.",,,
31352,31353,13833,Вот и поразмысли: школьные вершки!..: Комедия из народного быта в оригинале. В 5-ти д.,"ГАЛИ, Клавдия.",,,
31354,31355,13834,Вот именно: Деревенское представление в 2-х карт.,"НАВРОЗОВ, Андрей.",,,
31356,31357,13835,Вот как достаются двести тысяч.,"ИЗВОЛЬСКИЙ, Сергей Петрович.",,,
31358,31359,13836,Вот как случилось!..: Комедия в 1-м д.,"МИЛЮНАС, Викторас Викторасо-вич.",,,
31360,31361,13837,Вот какие дела!: Рассказы и фельетоны.,"РЫКЛИН, Григорий Ефимович.",,,
31362,31363,13838,Вот какие караси!,"МАТВЕЕВ, Евгений Александрович.",,,
31364,31365,13839,"Вот какой компот, ребята!: Комедия-сказка в 2-х д.","КУНАЕВ, Андрей Леонидович.",,,
31366,31367,13840,"Вот камень, вот весы: Повесть в новеллах.","МЕДЖИД, Г.",,,
31368,31369,13841,Вот кончилась зима: Роман.,"ЧИ-ЛАДЗЕ, Тамаз Иванович.",,,
31370,31371,13842,Вот Москва.,"НИКУЛИН, Лев.",,,
31372,31373,13843,Вот мы и дома...: Повесть.,"ГАУЗ-НЕР, Жанна Владимировна.",,,
31374,31375,13844,Вот мы и познакомились!,"СТЕПАНОВ, Иван Николаевич.",,,
31376,31377,13845,Вот мы какие!; Навстречу буре: Повести.,"ЦЗЕ, Сян-линь.",,,
31378,31379,13846,Вот одлицные анекдоты и сцены из еврейского быта.,Е. Г.,,,
31380,31381,13847,«Вот он — реформатор!»: Рассказ.,"МИХАИЛОВ-СТОЯН, Константин Иванович.",,,
31382,31383,13848,"Вот она какая, любовь!","ЛАПИН, Константин Кириллович.",,,
31384,31387,13849,Вот оне — «неземные создания»: Сборник рассказов и сценок из жизни дам и дамочек.,"КОМАР (ПАЗУХИН, Алексей Михайлович).",,,
31388,31389,13850,Вот они какие: Рассказы о животных.,"ЛИХАЧЕВА, Зинаида Алексеевна.",,,
31390,31391,13851,Вот придет Белемей...: Рассказы.,"ОСАДЧИЙ, Олег Мартинович.",,,
31392,31393,13852,Вот придет большая волна...: Повесть и рассказы.,"ЛЕОНОВ, Юрий Николаевич.",,,
31394,31395,13853,Вот приедет фокусник.,"ОРЛОВ, Виктор Венедиктович.",,,
31396,31397,13854,Вот пришел великан...: Повесть.,"ВОРОБЬЕВ, Константин Дмитриевич.",,,
31398,31399,13855,Вот публика!.. Юмор и сатира.,"АНТОНОВ, Василий Васильевич.",,,
31400,31401,13856,Вот так водевиль!: Шутка в 1-мд.,"ГРЕССЕР, Гавриил Николаевич.",,,
31402,31403,13857,Вот так выручил из беды!: Комедия в 1-м д.,"ВЕРУНИН, Ив. (БОЛДЫ-ЖЕВ, Иван Иванович).",,,
31404,31405,13858,Вот так жених: Шутка в 1-м д.,"ПИСАНЕЦКИИ, К. (ВАНЧЕНКО, Константин Ипполитович).",,,
31406,31407,13859,"Вот так Казань!: Что ни шаг, то и диво. Рассказ о том, как Микитка беспалый да Терешка удалый в Казани побывали да чудес повидали.","КРАСНОРАМЕН-СКИЙ, М. (ЯРЫГИН, Федор Александрович).",,,
31408,31409,13860,Вот так клюква!: Рассказы и фельетоны.,"ФРОЛОВ, Виктор Матвеевич.",,,
31410,31411,13861,"Вот так Мимишка!: (Всем приятны, всем полезны помидоры). Буффонада в 1-м д.","ЖДАРСКИЙ, И. (ДАНСКИЙ, Иван Иванович), БЕЛАЯ, Софья (БОГДАНОВСКАЯ, Софья Николаевна).",,,
31412,31415,13862,"Вот так охота! Ай! да охотники!: Сто восемьдесят веселых, забавных и приятных новелл и баснословных характеристик из охотничьего быта легкого жанра. (Сцены, рассказы, шаржи, пародии и ка- рикатуры)...","ДЗЮБЕНКО, Алексей Архипович.",,,
31416,31417,13863,"Вот так пилюли, что в рот, то спасибо!: Волшебная сказка.","МИРОНОВ, Николай П.",,,
31418,31419,13864,Вот так сказки!,"КИПЛИНГ, Редь-ярд.",,,
31420,31421,13865,"Вот тебе, бабушка, и Юрьев день (1591—1605 гг.).","РАЗИН, Алексей Егорович.",,,
31422,31423,13866,Вот то-то и оно-то!: Сатирические стихи.,"БЛАГОВ, Юрий Николаевич.",,,
31424,31425,13867,Вот три кумушки-кумы: Современная песенка.,"ЗУБОВА, Елизавета.",,,
31426,31427,13868,Вот что произошло.,"САХНИН, Аркадий Яковлевич.",,,
31428,31429,13869,Вот что случается порой: Рассказ.,"КУКЕЛЬ (ЛУНИН, В. А.).",,,
31430,31433,13870,Вот что такое кукуруза! (Загл. обл.).,"БЕЗЫМЕНСКИЙ, Александр Ильич. ",Стихотворный репортаж из колхоза «Путь новой жизни».,,
31434,31435,13871,Вот это было лето!,"ЭРГЛЕ, Зен-та Эрнестовна.",,,
31436,31437,13872,Вот это чисто по-русски! или Князь Бебутов под Карсом 24 июля 1854 года.,"ЗУБОВ, Платон.",,,
31438,31439,13873,Вот я и говорю...: Сатирические стихи.,"БЛАГОВ, Юрий Николаевич.",,,
31440,31443,13874,Вотур. (Загл. обл.).,"ДЮВАЛЬ, Жорж, ДЕЗОЖЬЕ, Марк Антуан",,,", ТУР-НЕЙ, Матье-Жан-Батист. На тит. л. загл.: Вотур или Хозяин за печатью."
31444,31449,13875,Вотур или Хозяин за печатью: Водевиль в 1-м д.,"ДЮВАЛЬ, Жорж, ДЕЗОЖЬЕ, Марк Антуан",,,", ТУРНЕИ, Матье-Жан-Батист. Загл. обл.: Вотур."
31450,31451,13876,Вохомский хоровод: Стихи.,"ШАПОШНИКОВ, Вячеслав Иванович.",,,
31452,31453,13877,"Вояж господина Незабудки в Пятигорск: Его лечение, похождения, сенсации и разочарования. Повесть в лицах.","ТУРКЕСТАНОВ, Федор Николаевич.",,,
31454,31455,13878,Вояки: Пионерский водевиль в 2i-x д.,"САЖИН, Зиновий Абрамович, ГУ-ШАНСКИЙ, С.",,,
31456,31457,13879,Вояки: Рассказ.,"КУРОЧКИН, Иван.",,,
31458,31459,13880,Впервые: Роман.,"ФАЗИН, Зиновий.",,,
31460,31461,13881,Вперед!: Очерк.,"ЭРЕНБУРГ, Илья Григорьевич.",,,
31462,31463,13882,Вперед: Роман в 2-х кн.,"ШПИЛЬ-ГАГЕН, Фридрих.",,,
31464,31465,13883,Вперед!: Роман из событий последней турецкой войны.,"НЕМИРОВИЧ-ДАНЧЕНКО, Василий Иванович.",,,
31466,31467,13884,Вперед: Стихи.,"МИНИН, Сергей Константинович.",,,
31468,31469,13885,Вперед!: Стихотворения последних лет.,"ПАНОВ, Николай Андреевич.",,,
31470,31471,13886,Вперед в атаку!,НГУЕН ДИНЬ ТХИ.,,,
31472,31473,13887,"Вперед, гвардия!: 2-я часть романа «Школа победителей».","СЕЛЯНКИН, Олег Константинович.",,,
31474,31475,13888,"Вперед, герои!: Стихи донского казака.","ПЕТРОВ, В. И.",,,
31476,31477,13889,"Вперед, заре навстречу!: Стихи о комсомоле и молодежи.","БЕЗЫМЕНСКИЙ, Александр Ильич.",,,
31478,31479,13890,Вперед и выше.,"БЕДНЫЙ, Демьян.",,,
31480,31481,13891,Вперед к жизни!,"МАЗУРКЕВИЧ, Н. И.",,,
31482,31483,13892,"Вперед, к победе: Песни и стихи.","ЛЕБЕДЕВ-КУМАЧ, Василий Иванович.",,,
31484,31487,13893,"Вперед, капитаны:     Повесть.","ЭГАРТ, Марк Моисеевич.",,,
31488,31489,13894,"Вперед, мушкетеры!","ТАРЛОВ-СКИЙ, Марк Наумович.",,,
31490,31491,13895,"Вперед, народ трудовой!: Роман.","ВИКСТРЕМ, Ульяс Карлович.",,,
31492,31493,13896,"Вперед наука, не ходи за внука: Комедия-фарс в 4-х д.","БАБКИН, Петр Иванович.",,,
31494,31495,13897,"Вперед, отважные!: Пьеса в 4-х д.","ЗАК, Авраам Григорьевич, КУЗНЕЦОВ, Исай Константинович.",,,
31496,31497,13898,Вперед смелее!: Сборник стихотворений.,"ХМЕЛЬНИЦКАЯ, Екатерина Фаддеевна.",,,
31498,31499,13899,Вперед смотреть: Стихи.,"СНЕГИРЕВ, Николай Арсеньевич.",,,
31500,31501,13900,Вперед умнее будь!: Солдатская сказка про великодушного царя российского и про хвастливого царя немецкого. В 1-м д.,"ШИЛОВСКИИ, Е. (ШИЛОВСКАЯ, Елизавета Петровна).",,,
31502,31503,13901,"Вперед, эскадрон!: Героическая драма в 3-х д.","ГАРФЕЛЬД, Леонид Евгеньевич.",,,
31504,31505,13902,Впереди веков: Историческая повесть из жизни Леонардо да Винчи.,"АЛТАЕВ, Ал., ФЕЛИЧЕ, Арт. (ЯМЩИКОВА, Людмила Андреевна).",,,
31506,31507,13903,Впереди всех.,"КАВЕРИН, Вениамин.",,,
31508,31509,13904,Впереди дальняя дорога: Роман.,"СТАРИКОВ, Виктор Александрович.",,,
31510,31511,13905,Впереди — день: Повести и рассказы.,"ОМЕЛЬЧЕНКО, Василий Михайлович.",,,
31512,31517,13906,Впереди — Днепр!,"МАРКИН, Илья Иванович. ",Курский перевал.,,
31518,31519,13907,Впереди идущие: Роман.,"НОВИКОВ, Алексей Никандрович.",,,
31520,31523,13908,Впереди — огонь:  Повесть.,"ИО- НОВ, Владимир Борисович.",,,
31524,31525,13909,Впереди — океан: Повесть.,"ПАВЛОВ, Андрей Евгеньевич.",,,
31526,31529,13910,"Впереди — океан: Стихи, песни.","ФЛЕРОВ, Николай Григорьевич.",,,
31530,31531,13911,Впереди — перегоны.,"БАЕВА, Антонина Антоновна.",,,
31532,31535,13912,Впереди — счастье:   Рассказы.,"ЛЕВАКОВСКАЯ, Евгения Владимировна.",,,
31536,31537,13913,Впередсмотрящие.,"ОБРАНТ, Семен Ефимович.",,,
31538,31539,13914,Впередсмотрящий: Статьи. Очерки. Выступления.,"ВИШНЕВСКИЙ, Всеволод Витальевич.",,,
31540,31541,13915,Впечатления: [Рассказы].,"СЕРАФИМОВИЧ, Александр.",,,
31542,31543,13916,Впечатления: Сборник стихотворений.,"НИКИТИН, В. П.",,,
31544,31545,13917,Впечатления бытия: Стихи.,"ОР-ШАНИН, А.",,,
31546,31547,13918,Впечатления жизни: Стихотворения.,"ШАХ-ПАРОНИАНЦ, Леон Михайлович.",,,
31548,31549,13919,Впечатления и заметки.,"ПЕТРУ-СЕВИЧ, Владимир Иванович.",,,
31550,31551,13920,Впечатления моряка во время двух путешествий вокруг света.,"В. З. (ЗАВОЙКО, Василий Степанович).",,,
31552,31553,13921,Вполголоса: Стихи.,"НАЛБАН-ДЯН, Альберт Мамиконович.",,,
31554,31555,13922,Вполне порядочные парни: Киносценарий.,"СОЛОВИЧ, Ян.",,,
31556,31557,13923,Вполшелеста: Стихи о природе русской.,"КОРЕНЕВ, Александр Кириллович.",,,
31558,31559,13924,Впотьмах: Рассказ.,"ПОГОРЕЛОВ, Алексей (СИГОВ, Алексей Сергеевич).",,,
31560,31561,13925,Впотьмах: Рассказ служивого.,"РВАЧЕВ, П.",,,
31562,31563,13926,Впотьмах: [Рассказы].,"НЕМИРОВИЧ-ДАНЧЕНКО, Василий Иванович.",,,
31564,31565,13927,Впрогрезь: Стихи. Кн. 1-я.,"БУШ-КАНЕЦ, Любовь.",,,
31566,31567,13928,Враг: Пьеса в 7-ми карт.,"ВЕТЛУ-ГИН, Сергей.",,,
31568,31569,13929,Враг: Пьеса в 3-х д.,"АППАКОВА, Дардьжи Сейфуловна (АППАКОВА, Дард-жия Сейфулловна).",,,
31570,31573,13930,Враг: [Рассказ].,"КОНДАКОВ, Алексей.",,,
31574,31575,13931,Враг: [Рассказы и очерки].,"СЛОНИМСКИЙ, Михаил Леонидович.",,,
31576,31579,13932,Враг: Рассказы из современной жизни.,Имя авт. не установлено.,,,
31580,31583,13933,Враг: [Роман].,"ПЕРМИТИН, Ефим Николаевич.",,,
31584,31585,13934,Враг всего мира.,"ЛОНДОН, Джек.",,,
31586,31587,13935,Враг женщин: (Монолог).,"ЕЛИЗАВЕТИН (ШТЕЙН, О. С.).",,,
31588,31591,13936,Враг народа: (Доктор Штокман). Драма в 5-ти д.,"ИБСЕН, Генрик. ",Враг человечест-ства: (Доктор Штокман).,,
31592,31593,13937,Враг-неведимка.,"ДИНИН, Сергей Михайлович.",,,
31594,31597,13938,Враг общества.,"МИЛЛЬ-ПОЛЯР-НЫЙ, Казимир Ромуальдович. ",,Человек с блокнотом...,
31598,31599,13939,Враг отечества: Драматический случай из времен войны с французами в 1812 г. Пьеса в 3-х д.,"УЛЬЯНОВ, А. Н.",,,
31600,31601,13940,Враг под микроскопом: Повесть о Луи Пастере.,"КУЗНЕЦОВА, Ольга Ивановна.",,,
31602,31603,13941,Враг попутал!: Рассказ из народной жизни.,"СКВОРЕШНИКОВ, Алексей Г.",,,
31604,31605,13942,Враг попутал — бог спас: Рассказы из русского быта.,"Д-КИИ, В.",,,
31606,31607,13943,Враг Птолемея: Биографический роман.,"АРЕЛЬСКИЙ, Грааль.",,,
31608,31609,13944,Враг рядом: Повесть.,"СЕМИН, Леонид Павлович.",,,
31610,31611,13945,Враг своей тени: 3-я кн. стихов.,"ПАНОВ, Николай Николаевич.",,,
31612,31613,13946,Враг человечества: (Доктор Штокман). Пьеса в 5-ти д.,"ИБСЕН, Генрик.",,,
31614,31615,13947,Враги; В пути: [Рассказы].,"МУЙ-ЖЕЛЬ, Виктор Васильевич.",,,
31616,31617,13948,Враги: (Воспоминания).,"БАБУШКИН, Виктор Федорович.",,,
31618,31619,13949,Враги: [Повесть].,"КАНТОРОВИЧ, Лев Владимирович.",,,
31620,31621,13950,Враги: Драматические сцены в 4-х д. из времен войны 1914 г.,"БЕНЕВИТ-СКИИ, Илья Николаевич.",,,
31622,31623,13951,Враги: [Очерк].,"ОРЕНБУРГ, Илья Григорьевич.",,,
31624,31625,13952,Враги: Повесть.,"ГОФМАН, Франц",,,
31626,31627,13953,Враги: [Повесть].,"ОЛЬГИН, М.",,,
31628,31629,13954,Враги: Повесть.,"СВИТЫЧ, Марк.",,,
31630,31631,13955,Враги: Повесть в 2-х ч. с эпилогом.,"НАБАТОВ, Аполлон.",,,
31632,31633,13956,Враги: (Полюсы). Пьеса в 4-х д.,"ВОЛОХОВ, Марк Евгеньевич.",,,
31634,31635,13957,Враги: Пьеса в 5-ти д.,"АРЦЫБАШЕВ, Михаил Петрович.",,,
31636,31637,13958,Враги: Пьеса в 4-х д.,"БОН-ДИН, П. [!] (БОНДИН, Алексей Петрович).",,,
31638,31639,13959,"Враги: Пьеса в 4-х карт, из современной жизни.","ГАРИН, Сергей.",,,
31640,31641,13960,Враги: Рассказ.,"АИЗМАН, Давид Яковлевич.",,,
31642,31643,13961,Враги: Рассказ.,"ВЕРЕСАЕВ, В.",,,
31644,31645,13962,Враги: Рассказ.,ДИАТРОПТОВ Е. ,,,Н.
31646,31647,13963,Враги: Рассказ.,"ТРУШКОВ, Василий Кононович.",,,
31648,31649,13964,Враги: Рассказ из русско-германской войны.,"САМАРСКИЙ, Андрей.",,,
31650,31651,13965,Враги: Рассказ из русско-японской войны.,"ИНФАНТЬЕВ, Порфирий Павлович.",,,
31652,31653,13966,Враги: [Рассказы].,"ГУСЕВ-ОРЕН-БУРГСКИИ, Сергей Иванович.",,,
31654,31655,13967,Враги: Рассказы.,"САБАХАТТИН, Али.",,,
31656,31657,13968,Враги: [Рассказы].,СИМУРГ.,,,
31658,31659,13969,Враги: [Рассказы].,"ЯКОВЛЕВ, Александр.",,,
31660,31661,13970,Враги: (Семья Плетухиных). Пьеса в 5-ти актах.,"ЧЕБОТАРЕВ, Ф. М.",,,
31662,31663,13971,Враги: Сцены.,"ГОРЬКИЙ, Максим.",,,
31664,31665,13972,Враги: (Шах и мат). Мелодрама в 6-ти актах.,"ПОПОВСКИЙ, Александр Данилович.",,,
31666,31667,13973,Враги Ваала: Роман.,"ДЮМА, Александр (отец).",,,
31668,31671,13974,Враги Джобсона: Опыт исследования политической и общественной жизни из Великобританской империи. Роман в 8-ми ч.,"ДЖЕНКИНС, Эдуард.",,,
31672,31673,13975,Враги-друзья: Исторический рассказ из 1812 года.,"ШВЕДЕР, Евгений Иосифович.",,,
31674,31675,13976,Враги — евреи: Воскресни!; Люди-братья: Два рассказа.,"ВОЛЬНЫЙ, Петр (ОЛЕНИН, Петр Алексеевич).",,,
31676,31677,13977,Враги женщин: Роман в 4-х ч.,"ЗАХЕР-МАЗОХ, Леопольд.",,,
31678,31679,13978,Враги и друзья: Стихи.,"ЖАРКОВ-СКИЙ, С. А.",,,
31680,31681,13979,Враги коллективизации: Агитсуд.,"ЕРШОВ, Артемий Ильич.",,,
31682,31683,13980,Враги кооперации.,"ДЕНИСОВ, Сергей Аверьянович.",,,
31684,31685,13981,Враги мещанства: Роман.,"ШЛАФ, Иоганн.",,,
31686,31687,13982,Враги общества: Роман.,"КЕС-СЕЛЬ, Патрик.",,,
31688,31689,13983,Врагу не сдается...: Документальная повесть.,"ЯНЮШКИН, Иван Андреевич.",,,
31690,31691,13984,Вражда: Комедия в 4-х д.,"НЕ-ВЕЖИН, Петр Михайлович.",,,
31692,31693,13985,Вражда: Рассказы.,"ЗАВАДОВ-СКИЙ, Леонид Николаевич.",,,
31694,31695,13986,Вражда: Рассказы.,"ХЕРСТ, Фанни.",,,
31696,31697,13987,Вражда: [Роман].,"ОЛДИНГТОН, Ричард.",,,
31698,31699,13988,Вражий путь: Пьеса в 3-х д.,"СКВОРЦОВ, Д.",,,
31700,31701,13989,"Вражье лепко, а божье крепко.","ТОЛСТОЙ, Лев Николаевич.",,,
31702,31703,13990,Вражья немочь.,"ПЕЛИСОВ, Павел Иванович.",,,
31704,31705,13991,Вразброд: Пьеса в 3-х д.,ШО-ЛОМ-АЛЕЙХЕМ.,,,
31706,31707,13992,Вразброд: Роман в 2-х ч.,"ШЕЛЛЕР-МИХАЙЛОВ, Александр Константинович.",,,
31708,31709,13993,"Вразрез с жизнью: Очерки, фельетоны.","ПАВЛОВ, Роман Семенович, РУСАНОВ, Иннокентий Семенович.",,,
31710,31711,13994,Вразумила царица небесная: Рассказы из народной жизни.,"ПОСЕЛЯНИН, Е. (ПОГОЖЕВ, Евгений Николаевич) .",,,
31712,31713,13995,Враль: Комедия в 2-х ч.,"ОСНОС, Юрий Александрович.",,,
31714,31715,13996,Вранье: Комедия в 3-х д.,"ВСЕВОЛОЖСКИЙ, Игорь Евгеньевич, КВАС-НИЦКИИ, Виталий Иванович.",,,
31716,31717,13997,Вранье: (Мыльные пузыри). Комедия в 5-ти д.,"СКРИБ, Эжен.",,,
31718,31719,13998,Врасплох: Повесть из событий русско-японской войны.,"ЛАВРОВ, А. И. (КРАСНИЦКИИ, Александр Иванович).",,,
31720,31721,13999,Врасплох; Собачья история; Говорящая лошадь. [Рассказы].,"ЭНСТИ, Ф. (АНСТЕЙ, Ф.).",,,
31722,31725,14000,Врата.,"НАЦУМЭ, Сосэки. ",,Сансиро...,
31726,31727,14001,Врата бессмертия: Фантастическая комедия в 2-х д.,"КРАПИВА, Кондрат.",,,
31728,31729,14002,Врата Багдада: Роман.,"МУ ГУ ЕВ, Хаджи-Мурат Магометович.",,,
31730,31731,14003,Врата тесные: Вторая книга стихов.,"БЕЛЕНСОН, Александр Эммануилович.",,,
31732,31733,14004,Вратарь республики: Литературный звуковой сценарий. Комедия.,"ЮДИН, Михаил Алексеевич, КАССИЛЬ, Лев Абрамо ",,,вич.
31734,31735,14005,Вратарь республики: Роман.,"KAG СИЛЬ, Лев Абрамович.",,,
31736,31737,14006,Врач из гетто: Пьеса в 4-х д.,"БИРЮКОВ, А.",,,
31738,31741,14007,Врач на распутье:   Комедия в 5-ти д.,"ШОУ, Бернард.",,,
31742,31747,14008,"Врач-разбойник,     прозванный «Красный сатана» или Месть студента: Вып. 1—86.",Имя авт. не установлено.,,,
31748,31749,14009—14010,Врачебная тайна: Драматический этюд в 1-м д.,"ТРИГЕР, Макс Яковлевич.",,,
31750,31751,14011,Вредители: Астрономическая пьеса в 1-м д.,"ГРОХОВСКИЙ, Михаил Игнатьевич.",,,
31752,31753,14012,Вредители: Драма в 4-х д.,"АКИМОВ, Дмитрий Иванович.",,,
31754,31755,14013,Вредители: Пьеса в 6-ти карт.,"ЯНЧЕВСКИИ, Николай Леонардович.",,,
31756,31757,14014,Вредители: Рассказ.,"КЕЛЛЕР, Иосиф Исаакович, КАЗАРОВ, Г.",,,
31758,31759,14015,Вредители: Рассказ.,"ФУК Л ЕВ, Н.",,,
31760,31761,14016,Вредитель Витька Черенок: Повести.,"ДОБРЯКОВ, Владимир Андреевич.",,,
31762,31763,14017,Вредная бабенка: Пьеса в 2:-х д.,ГРОШИК.,,,
31764,31765,14018,Вредная болезнь: Бытовая сцена в 2-х карт.,"ЕЛЕНСКИЙ, Николай Октавие-вич.",,,
31766,31767,14019,Вредная профессия: Рассказы. Фельетоны. Пародии.,"ЮРЬЕВ, Зиновий Юрьевич.",,,
31768,31769,14020,Вредная Хивря: Комедия в 1-мд.,"КРАВЧЕНКО, Федор Тихонович.",,,
31770,31773,14021,Вредная черепашка и теленомус: Реалистическая сказка.,"ФИШ, Геннадий Семенович.",,,
31774,31777,14022,"Вредные знакомые или Письма, собранные одним обществом для предостережения других: Ч. 1—4.","ШОДЕРЛО ДЕ ЛАКЛО, Пьер Амбруаз Франсуа. ",Опасные связи.,,
31778,31779,14023,Вредные ископаемые: Сатира и юмор.,"МУХИН, Владимир Евграфович.",,,
31780,31781,14024,Вредный финик: Пьеса для детей и их родителей.,"ЕФИМОВ, Игорь Маркович.",,,
31782,31783,14025,Вредный характер: Комедия в 1-м д.,"ВЕТЛУГИН, Сергей.",,,
31784,31785,14026,Вредный цех.,"ИВАНОВ, Владимир Михайлович.",,,
31786,31787,14027,Вредный элемент: Водевиль в 3-х д.,"ШКВАРКИН, Василий Васильевич.",,,
31788,31789,14028,Времена: Роман.,"КРЕПТЮКОВ, Даниил Александрович.",,,
31790,31791,14029,Времена года: Из летописей г. Эн-ска. Роман.,"ПАНОВА, Вера Федоровна.",,,
31792,31793,14030,Времена года: Картины русской природы.,"СОЛОУХИН, Владимир Алексеевич.",,,
31794,31795,14031,Времена года: Книга стихотворений.,"СМИРНОВ, Юрий Васильевич.",,,
31796,31797,14032,Времена года: Лирические стихи.,"КОРКИНА, Алла.",,,
31798,31799,14033,Времена года: Поэма.,"ДОНЕЛАЙТИС, Кристионас.",,,
31800,31801,14034,Времена года: Поэма.,"СЕН-ЛАМ-БЕР, Жан Франсуа де.",,,
31802,31803,14035,Времена года: Рассказы.,"ВОРОНИН, Сергей Алексеевич.",,,
31804,31805,14036,Времена года: Рассказы.,"УРМАНОВ, Кондратий Никифорович.",,,
31806,31807,14037,Времена года: Роман. Повесть.,"ТИРИ, Арпад.",,,
31808,31809,14038,Времена года: Стихи.,"ПОЛТОРАЦКИЙ, Виктор.",,,
31810,31813,14039,Времена землемеров:     Роман.,"КАУДЗИТ, Рейнис, КАУДЗИТ, Матис.",,,
31814,31815,14040,Времена и дороги: Стихи 1967— 1969 гг.,"ТИХОНОВ, Николай Семенович.",,,
31816,31817,14041,Времена и люди: Роман.,"РОЗЕН, Александр Германович.",,,
31818,31819,14042,Времена меняются: Роман.,"МЕ-ЛАМУД, Хаим Гершкович.",,,
31820,31821,14043,Времена мессии: (На пути в Сион). Драматическая поэма в 3-х д.,"АШ, Шолом.",,,
31822,31823,14044,Времена мужества: Стихи. Портрет. Поэма.,"ПОЛОНСКАЯ, Елизавета Григорьевна.",,,
31824,31825,14045,Временная столица: Роман.,"КОР-САКЕНЕ, Галина Петровна.",,,
31826,31827,14046,Временная учительница.,"КАЛЕНО-ВА, Тамара Александровна.",,,
31828,31829,14047,Временник: Рассказы. Повести. Очерки.,"ВАСИЛЕВСКИЙ, Виталий Сергеевич.",,,
31830,31831,14048,Временник: Стихи. 1932—1933 гг.,"ПРОКОФЬЕВ, Александр Андреевич.",,,
31832,31833,14049,Временное правительство: Комедия-памфлет в 4-х д.,"ГЕХТМАН, Н. [!] (ГЕХТМАН, Исаак Ефимович).",,,
31834,31837,14050,Временный жилец:    Комедия в 3-х д.,"ПОЛЯКОВ, Владимир Соломонович.",,,
31838,31839,14051,Временный поселок: Стихи.,"КРАВЕЦ, Валерий Ефимович.",,,
31840,31841,14052—14053,Временщик: Исторический роман.,"АЛТАЕВ, Ал.",,,
31842,31843,14054,"Время: Ода, сочиненная по случаю торжества России на вступление великого государя императора Александра I в Париж марта 19 дня 1814 года.","ВИСКО-ВАТОВ, Степан Иванович.",,,
31844,31847,14055,Время: Роман.,"ХОТТА, Есиэ. ",,Шестерни...,
31848,31849,14056,Время: Стихи.,"АЛЕШИН, Александр Павлович.",,,
31850,31851,14057,Время: [Стихи].,"ВАСИЛЬЕВ, Сергей Александрович.",,,
31852,31853,14058,Время: [Стихи].,"КРИВАНЧИКОВ, Николай Григорьевич.",,,
31854,31855,14059,Время: Стихи.,"ЛОЗОВОЙ, Борис Алексеевич.",,,
31856,31857,14060,Время: Стихи.,"ЛЬВОВ, Михаил Давыдович.",,,
31858,31859,14061,Время: Стихи.,"МУХТАР, Аскад.",,,
31860,31861,14062,Время: Стихи.,"САЗОНОВ, Михаил Логинович.",,,
31862,31863,14063,Время: Стихи.,"СЛУЦКИЙ, Борис Абрамович.",,,
31864,31865,14064,Время: Стихи.,"ТРИФОНОВ, Юрий Александрович.",,,
31866,31867,14065,Время: Стихи.,"ХУБИЕВ, Осман Ахияевич.",,,
31868,31869,14066,Время: Стихи и поэмы.,"АНТОКОЛЬСКИЙ, Павел Григорьевич.",,,
31870,31871,14067,Время: [Стихотворение].,"СМЕЛЬ-СКИЙ, Никанор.",,,
31872,31873,14068,"Время: Стихотворения, 1964— 1967.","ДУДИН, Михаил Александрович.",,,
31874,31875,14069,Время бесстрашных: Стихи.,"КОМАРОВ, Петр Степанович.",,,
31876,31877,14070,Время близится...: Стихи.,"ШАПОВАЛОВ, Иван Евдокимович.",,,
31878,31879,14071,Время больших ожиданий: Повесть.,"ПАУСТОВСКИЙ, Константин Георгиевич.",,,
31880,31881,14072,Время быть красивой: Рассказы.,"СОТНИК, Леонид Андреевич.",,,
31882,31883,14073,Время в моей судьбе: Дастан в 3-х тетрадях.,"МУХТАР, Аскад.",,,
31884,31885,14074,Время в песках: Очерки.,"ЗЕМСКАЯ, Милица Измайловна.",,,
31886,31887,14075,Время ведет разговор: Невыдуманные поэмы.,"ВАСИЛЬЕВ, Сергей Александрович.",,,
31888,31889,14076,"Время, вперед: Комедия в 3-х д.","КАТАЕВ, Валентин Петрович.",,,
31890,31891,14077,"Время, вперед!: [Роман].","КАТАЕВ, Валентин Петрович.",,,
31892,31893,14078,Время — двадцать четыре часа: Грузинская хроника в 3-х д.,"КАНДЕЛАКИ, Валериан Лазаревич.",,,
31894,31895,14079,Время действия — 60-е годы...: Сборник пьес.,"ШВЕДОВ, Игорь Александрович.",,,
31896,31897,14080,Время дождей: Роман.,"КОНОПЛИН, Александр Викторович.",,,
31898,31899,14081,Время долгих ночей: Повести и рассказы.,"КРАВЧЕНКО, Василий Васильевич.",,,
31900,31901,14082,Время долгого ожидания; Живые и мертвые.,"МИНАЧ, Владимир.",,,
31902,31903,14083,Время долгой зимы: Повествование в 5-ти ч.,"ТКАЧЕНКО, Анатолий Сергеевич.",,,
31904,31905,14084,Время жатвы: Стихи.,"РОМАНЕНКО, Лариса Николаевна.",,,
31906,31907,14085,Время жениться: Лирическая комедия в 3-х д.,"ЛАРЕВ, Александр Константинович.",,,
31908,31909,14086,Время жизни.,"ПАРХОМОВСКИИ, Петр Григорьевич.",,,
31910,31911,14087,Время жить: Роман.,"РЕМАКЛЬ, Андре.",,,
31912,31913,14088,Время жить [Стихи].,"ГУСЕВ, Анатолий Павлович.",,,
31914,31917,14089,Время жить и время умирать.,"РЕМАРК, Эрих Мария.",,,
31918,31919,14090,Время за нас: Произведения разных лет.,"ЛУКНИЦКИИ, Павел Николаевич.",,,
31920,31921,14091,Время зовет: Драма в 3-х д.,"БОРИСКОВ, Петр Семенович, ПАНЬКИН, Иван Федорович.",,,
31922,31923,14092,Время — золото: Повесть.,"ГУКАСЯН, Ованес Арамович.",,,
31924,31925,14092а,Время и люди: Воспоминания. 1898—1905.,"ТИХОНОВ, Александр Николаевич (СЕРЕБРОВ, Александр).",,,
31926,31927,14093,Время и люди: Рассказы и очерки.,"ВОЛК, Ирина Иосифовна.",,,
31928,31929,14094,Время и люди: Роман в 2-х кн.,"КРЕМЛЕВ, Илья.",,,
31930,31931,14095,Время и люди: Стихи.,"ДЖУРАЕ-ВА, Гюльчехра Садыковна.",,,
31932,31933,14096,Время и сердце: Стихи.,"АВДОНИН, Александр Николаевич.",,,
31934,31935,14097,Время к вечеру.,"БЕРДЕННИКОВ, Владилен Константинович.",,,
31936,31937,14098,Время — конь крылатый.,"КАРИМ, Мустай.",,,
31938,31939,14099,"Время, которое всегда с нами; Письма из прошлого; М. Горький: Последние годы.","ДОБРОДЕЕВ, Борис Тихонович.",,,
31940,31941,14100,"Время, которое он обгоняет: Документальная повесть.","КАЛИНОВСКИЙ, Эдуард Яковлевич.",,,
31942,31943,14101,"Время, которому нет цены!: Героическая драма в 2-х ч.","СОКОЛОВ, Валерий Никитич.",,,
31944,31945,14102,Время летит: Рассказы и повести.,"ТОКОМБАЕВ, Аалы.",,,
31946,31947,14103,Время летних отпусков: Повести и рассказы.,"РЕКЕМЧУК, Александр Евсеевич.",,,
31948,31949,14104,Время лучших.,"АСЕЕВ, Николай Николаевич.",,,
31950,31951,14105,Время любви: Лирика.,"ОИФА, Петр Наумович.",,,
31952,31953,14106,Время любить: Комедия в 3-х д.,"ЛАСКИН, Борис Савельевич.",,,
31954,31955,14107,Время любить: Роман.,"ЭРИА, Филипп.",,,
31956,31957,14108,Время мое: Стихи.,"СКОРОДУМОВ, Михаил Сергеевич.",,,
31958,31959,14109,Время моей любви: Повесть; Перед дальней дорогой: Повесть; Среди людей: Роман.,"ХАРЧИКОВ, Александр Тихонович.",,,
31960,31961,14110,Время молодым.,"ПРУДКОВ-СКИИ, Петр Николаевич.",,,
31962,31963,14111,Время молодых.,"ИВАНОВ, Андрей Силаевич.",,,
31964,31965,14112,Время на повороте.,"БАРСУКОВ, Михаил Николаевич.",,,
31966,31967,14113,Время надежд: Роман.,"РУСЫЙ, Игорь.",,,
31968,31969,14114,Время надежд: Роман.,"СИЛАЕВ, Борис Дмитриевич.",,,
31970,31971,14115,Время — наше!,"КИРСАНОВ, Семен Исаакович.",,,
31972,31973,14116,Время нашей зрелости: Повесть.,"ЯРМАГАЕВ, Емельян.",,,
31974,31975,14117,Время наших забот: Стихи.,"ТО-РОПЫГИН, Владимир Васильевич.",,,
31976,31977,14118,Время не властно: Писатели на фронте.,"ОРТЕНБЕРГ, Давид Иосифович.",,,
31978,31979,14119,Время не выбирают: Стихи.,"СМОЛЬНИКОВ, Алексей.",,,
31980,31981,14120,Время не ждет: Повесть.,"АПРЕСЯН, Ваграм Захарович.",,,
31982,31983,14121,Время не ждет: [Рассказы].,"МАР-КУША, Анатолий.",,,
31984,31985,14122,Время не ждет: Стихи.,"ДАВИ-ДЕНКО, Игорь Владимирович.",,,
31986,31987,14123,Время не останавливается: Роман.,"СОТНИКОВ, Иван Владимирович.",,,
31988,31989,14124,Время не праздно: Стихотворения крестьянина.,"СУХАНОВ, Михаил Дмитриевич.",,,
31990,31991,14125,Время ожиданий: Повести и роман.,"БЛИНОВ, Андрей Дмитриевич.",,,
31992,31993,14126,Время первой тропы: Рассказы и очерки.,"МАЦКЕВИЧ, Эдуард Олегович.",,,
31994,31995,14127,Время первых дождей: Стихи.,"МАХАЛОВ, Валентин Васильевич.",,,
31996,31997,14128,Время петь: Стихи.,"ПУЛАТ, Акмал.",,,
31998,31999,14129,Время пожинать плоды: Пьеса в 3-х д.,"ОВЕЧКИН, Валентин Владимирович.",,,
32000,32001,14130,Время полной листвы: Стихи.,"СТЕКОЛЬНИКОВ, Лев Борисович.",,,
32002,32003,14131,Время-полымя: Повесть. Кн. 1.,"ШОШИН, Михаил Дмитриевич.",,,
32004,32005,14132,Время — полымя: Сказы и рассказы.,"КОЧНЕВ, Михаил Харлампиевич.",,,
32006,32007,14133,"Время, пространство, движение: Т. 1—[2].","НИКУЛИН, Лев.",,,
32008,32009,14134,Время ранних разлук.,"ЕГОРОВ, Борис Андрианович.",,,
32010,32011,14135,Время расставаний: Рассказы. Роман.,"СИЛАЕВ, Борис Дмитриевич.",,,
32012,32013,14136,Время рассудит: Повесть.,"АБРАМОВ, Иван Васильевич.",,,
32014,32015,14137,Время рассудит: Роман.,"ЧИРВА, Федор Ермолаевич.",,,
32016,32017,14138,Время решений.,"КАН, Альберт Юджин.",,,
32018,32019,14139,Время свадеб: Повести.,"ЛИЧУ-ТИН, Владимир Владимирович.",,,
32020,32021,14140,Время свадеб: Стихи.,"ЧЕБЫКИ-НА, Наталья Владимировна.",,,
32022,32023,14141,Время сгущается в образ: Стихотворения и поэмы.,"ИВАНОВ, Андрей Митрофанович.",,,
32024,32025,14142,Время синего цвета: Повесть и новеллы.,"БАТРОВ, Александр Михайлович.",,,
32026,32027,14143,Время скажет: Повесть.,"ХАВКИН, Оскар Адольфович.",,,
32028,32029,14144,Время счастливых находок: Рассказы и повести.,"ИСКАНДЕР, Фазиль Аб-дуллович.",,,
32030,32031,14145,Время сыновей: Документальная повесть.,"СТЕПАНЕНКО, Владимир Иванович.",,,
32032,32033,14146,Время такое.,"ШАХТАМАНОВ, Омар-Гаджи Магомедович.",,,
32034,32035,14147,Время таяния снегов: Повесть.,"РЫТХЭУ, Юрий Сергеевич.",,,
32036,32037,14148,Время твое: Стихи.,"ОСТЕР, Григорий Бенционович",,,","
32038,32039,14149,Время твоей жизни.,"БАЖЕНОВ, Георгий Викторович.",,,
32040,32041,14150,Время теплых дождей: Стихи.,"ТАТЬЯНИЧЕВА, Людмила Константиновна.",,,
32042,32043,14151,Время трав: Стихи.,"ГОЦУЛЕН-КО, Владимир Николаевич.",,,
32044,32045,14152,Время требует песни: Стихи.,"ВИНОГРАДОВ, Виктор Владимирович.",,,
32046,32047,14153,Время тревог: Пьеса в 2-х д.,"ЧАКОВСКИИ, Александр Борисович, ПАВЛОВСКИЙ, Павел Исаакович.",,,
32048,32049,14154,Время цветения: Рассказы.,"ФЕ-СЕНКО, Андрей Яковлевич.",,,
32050,32051,14155,Время что ли такое...,"БАДАЕВ, Алексей Данилович.",,,
32052,32053,14156,"Времяпровождение юношества или Нравственные басни, забавные и поучительные: Ч. 1—2.","БЕРТИН, Теодор Пьер.",,,
32054,32055,14157,Вровень с птицами.,"ПОЛУХИН, Юрий Дмитриевич.",,,
32056,32059,14158,Врозь и вместе:     Рассказ.,"ВАСИЛЬКОВСКИЙ, А. К.",,,
32060,32061,14159,Всадник: Лирические стихи.,"ХУ-БИЕВ, Назир Ахияевич.",,,
32062,32063,14160,Всадник: Цикл стихотворений.,"БАБАДЖАН, Вениамин Симонович.",,,
32064,32065,14161,"Всадник без бороды: Юмористическая повесть по мотивам казахских народных преданий, сказок и анекдотов.","ПРИВАЛОВ, Борис Авксентьевич.",,,
32066,32067,14162,Всадник без головы: Роман из Техасской пустыни.,"МАЙН-РИД, Томас (РИД, Томас Майн).",,,
32068,32071,14163,Всадник переходит бурную реку: Роман.,"АШИНОВ, Хазрет Ахметович.",,,
32072,32075,14164,"Всадник, скачущий впереди: [Повесть].","КОТОВ, Михаил Иванович, ЛЯС-КОВСКИИ, Владимир Георгиевич. ",,,Изд. также под загл.:! Гайдар на войне.
32076,32077,14165,"Всадник, скачущий впереди!: Пьеса в 4-х д.","ПРИНЦЕВ, Юзеф Янушевич.",,,
32078,32079,14166,"Всадник, скачущий к солнцу: Монгольские очерки.","МАКАРЕНКО, Яков Иванович.",,,
32080,32081,14167,"Всадник, скачущий над городом: Рассказы.","ЯКОВЛЕВ, Юрий Яковлевич.",,,
32082,32083,14168,Всадники: Комедия.,АРИСТОФАН.,,,
32084,32085,14169,Всадники: [Роман].,"ЯНОВСКИЙ, Юрий Иванович.",,,
32086,32087,14170,Всадники: [Стихи].,"СОСНОРА, Виктор Александрович.",,,
32088,32089,14171,Всадники ветра: (Двойники). Роман.,"ПАНОВ, Николай Николаевич.",,,
32090,32091,14172,Всадники и кони: Роман.,"ФЕДОРОВ, Павел Ильич.",,,
32092,32093,14173,Всадники и пешеходы.,"ЛУКНИЦ-КИЙ, Павел Николаевич.",,,
32094,32095,14174,Всадники неприступных гор: Повесть.,"ГАЙДАР, Аркадий.",,,
32096,32097,14175,Всадники ниоткуда.,"АБРАМОВ, Александр Иванович, АБРАМОВ, Сергей Александрович.",,,
32098,32099,14176,"Всадники, песни, дороги: Стихи, песни.","ДОЛМАТОВСКИЙ, Евгений Аронович.",,,
32100,32101,14177,Все боли века: Стихи и поэмы.,"РЯДЧЕНКО, Иван Иванович.",,,
32102,32105,14178,Все больные.,"КАПЮС, Альфред. ",,Благотворительный бал...,
32106,32107,14179,Все в масках: Лирическая комедия в 3-х д.,"МАРЧЕЛЛО, Марчеллиано.",,,
32108,32109,14180,Все в порядке: Комедия-сатира в 4-х д.,"ЛЕВИТИН, Михаил Ефремович.",,,
32110,32111,14181,"Все в порядке: Сатирические стихи, миниатюры, карикатуры.","ГАВРИЛИН, Евгений Васильевич.",,,
32112,32113,14182,Все в прошлом: Драма в 4-х д.,"ПРОШИНСКАЯ, Надежда Федоровна.",,,
32114,32115,14183,Все в твоем сердце.,"ГЕВЕЛИНГ, Александр Феодосьевич.",,,
32116,32117,14184,Все в той же Галактике.,"ЮРОВСКАЯ, Ольга Федоровна.",,,
32118,32119,14185,Все вверх дном: Необыкновенное путешествие.,"ВЕРН, Жюль.",,,
32120,32121,14186,Все виноваты: Комедия в 3-х д. в стихах.,"ГЕТЕ, Иоганн Вольфганг.",,,
32122,32123,14187,Все вместе.,"ДУДИН, Михаил Александрович.",,,
32124,32127,14188,"Все впереди: (Здравствуй, Крымов). Пьеса в 3-х д.","НАЗАРОВ, Роальд Викторович. ","Здравствуй, Крымов.",,
32128,32129,14189,"Все впереди; Куда вы, белые лебеди?.. Повести и рассказы.","ЯКИМЕНКО, Лев Григорьевич.",,,
32130,32131,14190,Все впереди: Повесть.,"РЕКЕМ-ЧУК, Александр Евсеевич.",,,
32132,32133,14191,Все времена сердца.,"ШИШКАН, Константин Борисович.",,,
32134,32135,14192,Все 24 часа суток: Рассказы.,"ВИ-СТУНОВ, Евгений Иванович.",,,
32136,32139,14193,Все для других: [Рассказ].,"РА-ДИЧ, Василий Андреевич. ",,Братья...,
32140,32141,14194,Все для женщин или Из огня да в полымя!: Водевиль в 1-м д.,"МИШЕЛЬ, Марк, ЛАБИШ, Эжен Мари.",,,
32142,32145,14195,Все для партии.,У ЮНЬ-ДО. ,По зову партии.,,
32146,32147,14196,Все для победы!: Стихи и песни.,"АЛЫМОВ, Сергей Яковлевич.",,,
32148,32149,14197,"Все дни, включая воскресенье...: Рассказы.","ЗВЕРЕВ, Илья.",,,
32150,32151,14198,Все дни недели: Рассказы.,"ШРАИБМАН, Ихиль Ицкович.",,,
32152,32153,14199,Все дозволено: Фантастический роман.,"АБРАМОВ, Александр Иванович, АБРАМОВ, Сергей Александрович.",,,
32154,32155,14200,Все дороги ведут в Госбанк.,"БОСОЙ, П.",,,
32156,32157,14201,Все дороги ведут в Москву: Роман.,"ИЛЛЕШ, Бела.",,,
32158,32159,14202,Все его сыновья: Рассказы и повести.,"СВИСТУНОВ, Иван Иулианович.",,,
32160,32161,14203,Все еще в апреле: Стихи.,"МОЧАЛОВ, Лев Всеволодович.",,,
32162,32163,14204,Все еще впереди: Повесть.,"МАЛЫХ, Екатерина Федоровна.",,,
32164,32165,14205,Все живое: Научно-фантастический роман.,"САЙМАК, Клиффорд Дональд.",,,
32166,32167,14206,Все живое: Стихи и поэмы.,НГУЕН ЗУ.,,,
32168,32169,14207,Все за одного: Из серии рассказов об обычаях.,"ИРКУТОВ, Андрей.",,,
32170,32171,14208,Все за одного: [Повесть].,"СКРЯБИН, Михаил Евгеньевич.",,,
32172,32173,14209,Все зависит от вас!,"ШЕВЕЛЕВА, Екатерина Васильевна.",,,
32174,32175,14210,Все идет к лучшему в этом лучшем из миров: Роман и повести.,"ВОЛЬТЕР, Франсуа-Мари.",,,
32176,32177,14211,"Все из дыма: Юмористические рассказы, фельетоны, миниатюры.","КЯУ-ЛЕЙКИС, Леонас.",,,
32178,32179,14212,"Все из-за камелий!: Комедия в 1-м д., подражание французскому.","ФЕДОРОВ, Михаил Павлович.",,,
32180,32181,14213,Все из-за любви: Уголовный роман из действительной жизни.,"КУЗНЕЦОВ, В. П.",,,
32182,32183,14214,Все из-за Сережки: Рассказы.,"ФЕЦИНА, Ольга Филипповна.",,,
32184,32185,14215,Все из-за хлеба: Повесть.,"ТРЕ-ЦЕК, Леон Осипович.",,,
32186,32187,14216,Все из любви к царю: Исторический рассказ за Байкалом.,"ГЛИНКА, Сергей Николаевич.",,,
32188,32189,14217,Все изменяет тебе: Роман.,"ТОМАС, Гвин.",,,
32190,32191,14218,Все к добру: (Очерк).,"БРОДОВСКИЙ, Марк Максимович.",,,
32192,32193,14219,"Все к лучшему. Волшебная пьеска в 6-ти карт, с пением, танцами, живыми картинами и апофеозом.","СМЕЛЬСКАЯ, В. Ф.",,,
32194,32197,14220,Все к лучшему: [Рассказ].,Имя авт. не установлено.,,,
32198,32199,14221,"Все как у людей: Рассказы, повесть.","ТАРАСЕНКОВА, Наталья Николаевна.",,,
32200,32201,14222,Все круги ада.,"ТИХОХОДОВ, Василий Васильевич.",,,
32202,32203,14223,"Все, кто нужен: Рассказы.","БУР-ДЫКИН, Борис Ефимович.",,,
32204,32205,14224,"Все ли ты помнишь, Мария?: Рассказы о вере, истинной и ложной.","БОГА-ЧУК, Антонин (БОГАЧУК, Анатолий Иннокентьевич) .",,,
32206,32207,14225,«Все ложь». Пьеса в 1-м д.,"МИ-РАНЯН, Лео.",,,
32208,32209,14226,Все люди божьи: Из солдатской жизни.,"ВАСИЛЬКОВСКИЙ, А. К.",,,
32210,32211,14227,Все люди — братья.,"ДМИТРИЕВА, Валентина Иововна.",,,
32212,32213,14228,Все люди — враги: Роман.,"ОЛ-ДИНГТОН, Ричард.",,,
32214,32217,14229,Все людским рукам подвластно: Стихи.,"СТЮАРТ, Елизавета Константиновна.",,,
32218,32221,14230,Все может быть: (Русский ро- манс). Комедия в 3-х д.,"СИМУКОВ, Алексей Дмитриевич.                     ",,,-
32222,32223,14231,Все мои приятели: Стихотворения. 1930—1931.,"КОРНИЛОВ, Борис Петрович.",,,
32224,32225,14232,Все мои сыновья; Смерть коммивояжера; Суровое испытание; Вид с моста.,"МИЛЛЕР, Артур.",,,
32226,32227,14233,Все мы были мальчишками: Повесть.,"СОФРОНОВ, Лев Семенович.",,,
32228,32229,14234,Все мы в душе поэты.,"ХАРИТОНОВ, Владимир Гаврилович.",,,
32230,32233,14235,Все мы жаждем любви: (Рассказ).,Имя авт. не установлено.,,,
32234,32235,14236,Все мы люди: Повесть.,"РАДИН, Василий Никанорович.",,,
32236,32237,14237,Все мы люди: Пьеса в 2-х ч. с прологом.,"ДЕМИДОВ, Павел Павлович.",,,
32238,32239,14238,Все мы люди: Юмористические рассказы.,"ШТРАЛЬ, Руди.",,,
32240,32241,14239,Все мы не красавцы: Рассказы и повести.,"ПОПОВ, Валерий Георгиевич.",,,
32242,32243,14240,Все мы — открыватели.,"КУБЛИЦ-КИИ, Георгий Иванович.",,,
32244,32245,14241,Все мы под богом ходим: Рассказ.,"ПРЕЛАТОВА, С.",,,
32246,32247,14242,Все на войну: Пьеса в 3-х д.,"ГЕЙДУШЕК, Ольга.",,,
32248,32249,14243,Все на перевыборы: Пьеса в 3-х д. для крестьянского театра.,"МОРОЗОВ, А. Ф.",,,
32250,32251,14244,Все наоборот: Юмористические рассказы.,"ЧЕЛКАШ (ЧАВДАРОВ-ЧЕЛ-КАШ, Димитр).",,,
32252,32253,14245,Все началось весной: Роман.,"ТЛЮСТЕН, Юсуф Ибрагимович.",,,
32254,32255,14246,Все началось с телеграммы: Комедия в 2-х актах.,"ВИКТОРОВ, Виктор, АЛЕКСИН, Анатолий Георгиевич.",,,
32256,32257,14247,Все начинается просто: Стихи.,"СТАЦЕНКО, Семен Сергеевич.",,,
32258,32259,14248,Все начинается с детства: Книга очерков.,"МИХАЛКОВ, Сергей Владимирович.",,,
32260,32261,14249,Все начинается с детства: Повесть.,"БРЫНСКИХ, Сергей Александрович.",,,
32262,32263,14250,Все начинается с дороги: Стихи и поэма.,"ХОНИНОВ, Михаил Ванькаевич.",,,
32264,32265,14251,"Все начинается с, мелочей: Рассказы и повесть.","ИНШАКОВ, Павел Кузьмич.",,,
32266,32267,14252,Все начинается с мечты...: Рассказы.,"УСЛАНОВ, Всеволод Иванович.",,,
32268,32269,14253,Все начинается с тебя: (Жажда). Героическая драма в 2-х ч.,"ГВОЗДЕВА, Анна.",,,
32270,32271,14254,Все начинается с тебя: Стихи.,"СОФРОНОВ, Анатолий Владимирович.",,,
32272,32273,14255,Все начиналось: Рассказы.,"ГРЕШНОВ, Михаил Николаевич.",,,
32274,32275,14256,Все неповторимо: Стихи.,"ШЕВЧЕНКО, Виталий Степанович.",,,
32276,32277,14257,Все нормально.,"СОБОЛЕВ, Леонид Сергеевич.",,,
32278,32279,14258,Все о деревне: Очерки.,"БУКОВСКИЙ, Константин Иванович.",,,
32280,32281,14259,Все о них... Стихотворения.,"З. З. (ЗЕМБИЦКАЯ, Зинаида).",,,
32282,32283,14260,Все о тебе: Лирика.,"СТОЛЯРОВ, Валентин Алексеевич.",,,
32284,32285,14261,Все о тебе: Стихи.,"ЖУРАВЛЕВ, Николай Андреевич.",,,
32286,32289,14262,Все они таковы: Комедия в 4-х актах.,"АДЕРЕР, Адольф, ЭФРАИМ, Арман. ",Таковы они все.,,
32290,32291,14263,Все от бога: Рассказ.,"ТХОРЖЕВ-СКИИ, Корнелий Владиславович.",,,
32292,32293,14264,Все относительно: Сборник стихотворений.,"КАРЕВСКИЙ, Павел Михайлович.",,,
32294,32295,14265,Все по местам!: Повесть и рассказы.,"ТЕЛЬПУГОВ, Виктор Петрович.",,,
32296,32297,14266,Все подробности: Рассказы.,"НИ-КАНДРОВ, Николай.",,,
32298,32299,14267,Все правда: Рассказы.,"СМИРНОВ, Илья Дмитриевич.",,,
32300,32301,14268,Все приятели: Веселые рассказы.,"ЕВСТИГНЕЕВ, Миша (ЕВСТИГНЕЕВ, Михаил Е.). ",,,.
32302,32303,14269,Все про Наташку: Роман.,"ВОЛОШИН, Александр Никитич.",,,
32304,32307,14270,Все пропало!: Водевиль в 3-х д.,Имя авт. не установлено.,,,
32308,32309,14271,Все проходит: Рассказ.,"ЮРЬЕВА, М. Е.",,,
32310,32311,14272,Все проходит!: Рассказы о встречах и о былом. (Из литературных воспоминаний).,"ТЕЛЕШОВ, Николай Дмитриевич.",,,
32312,32313,14273,Все равно будет май: Роман.,"СВИСТУНОВ, Иван Иулианович.",,,
32314,32315,14274,Все равно ты со мной.,"ГРАДОВ, Петр Михайлович.",,,
32316,32317,14275,Все равно я приду.,"АСАДОВ, Эдуард Аркадьевич.",,,
32318,32319,14276,Все сбылось: Повести и рассказы.,"БОРИСОВ, Климентий Федорович.",,,
32320,32321,14277,Все семьдесят с лишним лет: Повести и рассказы.,"ТРЕТЬЯКОВ, Иван По-ликарпович.",,,
32322,32323,14278,Все сердце людям.,"КОРШУНОВ, Иван Иванович.",,,
32324,32325,14279,Все случилось летом: Повести.,"ВИЛКС, Эвалд.",,,
32326,32327,14280,"Все сначала: Стихи, поэма.","ЛИ-СЯНСКИИ, Марк Самойлович.",,,
32328,32329,14281,"Все, сочиненное Владимиром Маяковским, 1909—1919.","МАЯКОВСКИЙ, Владимир Владимирович.",,,
32330,32331,14282,Все страны света в рассказах маленького москвича.,"ШАХНОВСКИЙ, Иван Константинович.",,,
32332,32337,14283,Все счастие здесь одна лишь мечта или Страдания Ортенбергской фамилии.,"КОЦЕБУ, Август Фридрих. ",Страдания Ортенбергской фамилии.,,
32338,32339,14284,Все так делают: Комедия в 2-х д.,"МЕРДЕР, Надежда Ивановна.",,,
32340,32341,14285,Все так и было.,"ГУЛИА, Георгий Дмитриевич.",,,
32342,32343,14286,Все так просто: Рассказы.,"КАСПАРОВ, Сурен Даниелович.",,,
32344,32345,14287,Все там будем: Рассказ из народной жизни.,"СКВОРЕШНИКОВ, Алексей Г.",,,
32346,32347,14288,Все те же слова: Роман.,"ГОИ-ТИСОЛО, Луис.",,,
32348,32349,14289,Все только начинается: Повесть.,"СТАВСКИИ, Элигий Станиславович.",,,
32350,32351,14290,"Все только начинается: Стихи и песни о светлой Африке, о любви, о фантазерах и строителях.","ДОЛМАТОВСКИЙ, Евгений Аронович.",,,
32352,32353,14291,Все тот же Джура: Две повести.,"СИДКИ, Агзам.",,,
32354,32355,14292,Все тот же я...: Стихи.,"ШАРИПОВ, Хуснитдин.",,,
32356,32357,14293,Все три времени года: Драматическое происшествие в 3-х д.,"БУСУИОК, Аурелиу Александрович.",,,
32358,32359,14294,Все ураганы в лицо: Роман.,"КОЛЕСНИКОВ, Михаил Сергеевич.",,,
32360,32361,14295,Все ушли на фронт: Рассказы.,"ЖАРИКОВ, Леонид.",,,
32362,32363,14296,Все хороши: Шутка в 4-х д.,"ОСТ-РОЖСКИЙ, К. (ГОГЕЛЬ, Константин Сергеевич).",,,
32364,32365,14297,Все хорошо кончается: Водевиль в 1-м д.,"ПОПОВ, Владимир Михайлович.",,,
32366,32367,14298,"Все хорошо, что хорошо кончается: Одноактный водевиль.","ЛУРЬЕ, Матильда Хаймовна, ПЕТРОВА, Зоя Алексеевна.",,,
32368,32369,14299,"Все хорошо, что хорошо кончилось: Комедия-шутка в 1-м д. ГР.","АЛЕКСИС ЖАСМИНОВ (БУРЕНИН, Виктор Петрович).",,,
32370,32371,14300,Все цвета радуги: Рассказы.,"ОТ-РЕШКО, Михаил Андреевич.",,,
32372,32373,14301,Все цвета радуги: [Рассказы].,"СВЕТЛОВ, Валериан.",,,
32374,32375,14302,Все часы времени: Рассказы: 1968—69.,"ЛИДИН, Владимир Германович.",,,
32376,32377,14303,"Все, чем живем: Стихи разных лет.","МИХАИЛОВ, Игорь Леонидович.",,,
32378,32379,14304,"Все, что мне дорого: Стихи и песни.","МАТУСОВСКИИ, Михаил Львович.",,,
32380,32383,14305,"Все, что могу, и немного больше... Документальная повесть о Л. Берсеневе, друге Н. Островского.","ЦИРУЛЬНИКОВ, Александр Маркович.",,,
32384,32385,14306,"Все, что сердце имело: Избранные стихи.","АЛАТЫРЦЕВ, Владимир Иванович.",,,
32386,32387,14307,"Все, что тебе угодно!",КУРТЕ ,,,"-ЛИН, Жорж."
32388,32389,14308,"Все, что я знаю о Кройкове: Литературный сценарий фильма «В трудный час».","ГАБРИЛОВИЧ, Евгений Иосифович.",,,
32390,32391,14309,Все это было!: Повесть.,"ПИЛЯР, Юрий Евгеньевич.",,,
32392,32393,14310,Все это было на войне: Стихи.,"СОФРОНОВ, Анатолий Владимирович.",,,
32394,32395,14311,"Всеволод и Велеслава: Происшествие, сохранившееся в письмах.","МУРАВЬЕВ, Николай Назарович.",,,
32396,32397,14312,Всегда: Стихи.,"КАШЕЖЕВА, Инна Иналовна.",,,
32398,32399,14313,Всегда в командировке: Стихи.,"ЕМЕЛЬЯНОВ, Анатолий Федорович.",,,
32400,32401,14314,Всегда в полете: [Рассказы].,"КАМБУЛОВ, Николай Иванович.",,,
32402,32403,14315,Всегда в полете: Стихи.,"ШАМОВ, Иван Васильевич.",,,
32404,32405,14316,Всегда в пути. Морские были.,"ЮНГА, Евгений.",,,
32406,32407,14317,Всегда в пути: [Стихи].,"БАИГУ-ШЕВ, Александр Тимофеевич.",,,
32408,32409,14318,Всегда в пути: Стихи.,"ПАУШКИН, Геннадий Александрович.",,,
32410,32411,14319,Всегда в пути: Стихи и песни.,"ОШАНИН, Лев Иванович.",,,
32412,32413,14320,Всегда в пути: Стихи и поэмы.,"ЛИСОВСКИЙ, Казимир Леонидович.",,,
32414,32415,14321,Всегда в пять: Драма в 3-х актах.,"МОГЭМ, Сомерсет (МОЭМ, Вильям Сомерсет).",,,
32416,32417,14322,Всегда в седле: Рассказы о Бета-ле Калмыкове.,"ШОРТАНОВ, Аскерби Тахирович.",,,
32418,32419,14323,Всегда в строю: Рассказы.,"ГОНЧАР, Олесь (ГОНЧАР, Александр Терентьевич).",,,
32420,32421,14324,Всегда в строю: Рассказы.,"НАГИБИН, Юрий Маркович.",,,
32422,32423,14325,Всегда в строю: Стихи.,"КОНОВАЛОВ, Станислав Георгиевич.",,,
32424,32425,14326,Всегда в строю: Стихи.,"СИМА-НЕНКОВ, Илья Константинович.",,,
32426,32427,14327,Всегда в строю: Стихи.,"СКАЛ-КОВСКИИ, Леонид Васильевич.",,,
32428,32429,14328,Всегда весна: Стихи.,"ТЕВЗАДЗЕ, Андро Ражденович.",,,
32430,32431,14329,Всегда вместе: Повесть.,"ХАВКИН, Оскар Адольфович.",,,
32432,32433,14330,Всегда вместе с тобой: Повесть.,"БРЕГОВА, Дора Давыдовна.",,,
32434,32435,14331,Всегда впереди: Стихи.,"МИЛЬ-ЧАКОВ, Владимир Андреевич.",,,
32436,32437,14332,Всегда готов!. Пионерские повести.,"ГУБАРЕВ, Виталий Георгиевич.",,,
32438,32439,14333,Всегда готовы!: Инсценировка к 10 годовщине Красной Армии.,"ГРАНОВ, Вильгельм Исаакович.",,,
32440,32441,14334,Всегда готовы!.. Поэмы.,"КОСТИН, Владимир Матвеевич.",,,
32442,32443,14335,Всегда за мечтой: Годы тридцатые— шестидесятые. Очерки.,"ГАЛИН, Борис.",,,
32444,32445,14336,Всегда на вахте: Стихи.,"ОЙС-ЛЕНДЕР, Александр Ефимович.",,,
32446,32447,14337,Всегда на крыльях.,"БОРИСОВ, Валентин Николаевич, БРАЗУЛЬ, Ирина Дмитриевна.",,,
32448,32449,14338,Всегда на марше: Повести.,"РАДИЩЕВ, Леонид Николаевич.",,,
32450,32451,14339,Всегда на марше: Сборник.,"ВИШНЕВСКИЙ, Всеволод Витальевич.",,,
32452,32453,14340,Всегда на посту: [Очерки].,"СОКОЛОВСКИЙ, Александр Александрович.",,,
32454,32455,14341,Всегда на посту: [Пьеса].,"ИР-КУТОВ, Андрей.",,,
32456,32457,14342,Всегда на посту: Рассказы о работниках милиции.,"ПРОКОПЕНКО, Григорий Семенович.",,,
32458,32459,14343,Всегда настороже: Партизанская хроника.,"ШУЛЕРЖ, Олдржих.",,,
32460,32461,14344,Всегда на страже: Рассказы.,"ЛЫЖИН, Константин Дмитриевич.",,,
32462,32463,14345,Всегда начеку: Рассказы и очерки о милиции.,"НЫРКОВ, Михаил Иванович.",,,
32464,32465,14346,Всегда под звездами: Стихи и поэмы.,"НАДЖМИ, Назар.",,,
32466,32467,14347,Всегда рядом: Лирика.,"ТКАЧЕНКО, Валентина Даниловна.",,,
32468,32469,14348,Всегда рядом: Повесть.,"ЕФРЕ-ЧОВА, Лилия Михайловна.",,,
32470,32471,14349,Всегда с Донбассом: Стихи.,"БЕСПОЩАДНЫЙ, Павел Григорьевич.",,,
32472,32473,14350,Всегда с молодостью: Очерк.,"РЯ-БИКИН, Борис Павлович.",,,
32474,32475,14351,Всегда с нами: Стихи.,"ЛИСЯН-СКИЙ, Марк Самойлович.",,,
32476,32477,14352,Всегда с тобой!: Стихи.,"ЗОЛО-ТУШКИН, Александр Львович.",,,
32478,32479,14353,Всегда с тобой: Стихи.,"МАГОМЕДОВ, Мирза Магомедович.",,,
32480,32481,14354,Всегда с тобой: Стихи.,"ЧАСОВ, Николай Васильевич.",,,
32482,32483,14355,Всегда с тобой: Стихи и баллады.,"ШКАВРО, Леонид Григорьевич.",,,
32484,32485,14356,Всегда с тобой: Стихи и поэмы.,"БРОВКА, Петрусь.",,,
32486,32487,14357,Всегда с тобою: Роман.,"ЮЩЕНКО, Валентин Тимофеевич.",,,
32488,32489,14358,Всегда сначала: Стихи разных лет.,"ОКУНЕВ, Юрий.",,,
32490,32491,14359,Всегда со мной: Стихи.,"КАТА-НОВ, Василий Михайлович.",,,
32492,32493,14360,Всегда со мной: Стихи и поэмы.,"КУАШЕВ, Бетал Ибрагимович.",,,
32494,32495,14361,Всегда со мной: Стихи и поэмы.,"СУЛТАНОВ, Омор.",,,
32496,32497,14362,Всегда твой: Стихи и поэма.,"РОДИОНОВ, Владимир Савельевич.",,,
32498,32499,14363,Всегда тринадцать: Роман.,"БАР-ТЭН, Александр Александрович.",,,
32500,32501,14364,Всегда ты хороша.,"ГЛЕИЗАРОВ, Николай Валентинович.",,,
32502,32503,14365,"Всего вволю, любви понемногу: Роман. В 4-х ч.","КОК, Поль де.",,,
32504,32505,14366,Всего десять лет...: Рассказы.,МА ФЫН.,,,
32506,32507,14367,Всего дороже: Повесть.,"ВОРОНИН, Сергей Алексеевич.",,,
32508,32509,14368,Всего дороже: Стихи.,"БАЛАЕВ, Темболат (БАЛАЕВ, Тембулат Ильич).",,,
32510,32511,14369,Всего лишь день: Лирика.,"ДУБРОВИН, Борис Саввович.",,,
32512,32513,14370,Всего лишь несколько лет...: Роман.,"ОРЖЕХОВСКАЯ, Фаина Марковна.",,,
32514,32515,14371,Всего несколько слов: Рассказы.,"ПАРХОМОВ, Михаил.",,,
32516,32517,14372,"Всего один билет; Не душа, а пар; Кадош: Рассказы.","БОБОРЫКИН, Петр Дмитриевич.",,,
32518,32519,14373,Всего одна жизнь: Драма в 2-х ч.,"МОВЗОН, Аркадий.",,,
32520,32521,14374,Всего одна жизнь: Очерки.,"АБЫЗОВ, Владимир Иванович.",,,
32522,32523,14375,Всего понемногу: Очерки и рассказы.,"КАЗИ-БЕК, Юрий.",,,
32524,32525,14376,Всего понемножку: Стихотворения. Пародии.,"КЛЕМЕНТЦ (СТЕПАНОВ, Николай Васильевич).",,,
32526,32527,14377,"Всего понемножку: Фельетонноюмористические наброски. (Сценки, рассказы, очерки, повестушки, путевые заметки, были и небылицы). В 3-х сер.","МИХНЕВИЧ, Владимир Осипович.",,,
32528,32529,14378,Всего понемножку или Чем богат—тем и рад.,"ТАТАРИНОВ, Петр Петрович.",,,
32530,32531,14379,Всего сильнее: Сказки.,"БЕЛИНО-ВИЧ, Надежда Сергеевна.",,,
32532,32533,14380,Всего только семь дней.,"CHEL-DON, Ch. М. (ШЕЛДОН, Чарльз Монро).",,,
32534,32535,14381,Всего три дня: Повесть и рассказы.,"БИРЮКОВ, Валерий Григорьевич.",,,
32536,32537,14382,Всего хорошего: [Рассказы].,"КУЧМИДА, Николай Павлович.",,,
32538,32539,14383,Всего хорошего: Стихи.,"ЧЕБО-ДАЕВ, Михаил Николаевич.",,,
32540,32541,14384,Всезнайка: Стихи.,"КУЗНЕЦОВ, Василий Николаевич.",,,
32542,32543,14385,Всезнайкины загадки.,"ГЕРШЕН-ЗОН, Михаил Абрамович.",,,
32544,32545,14386,Всей земле быть в цвету: Стихи и поэмы.,"ЭУЛИ, Сандро.",,,
32546,32547,14387,Вселенная за окном: Стихи.,"МОЧАЛОВ, Лев Всеволодович.",,,
32548,32549,14388,Вселенная и послание о уме человеческом: Поэма.,"МЫСОВСКИИ-СВЕ-ТОГОРСКИЙ, Сергей Д.",,,
32550,32551,14389,Вселенная рядом: Стихи.,"МА-ЗУРКИН, Александр Александрович.",,,
32552,32553,14390,Вселенская война.,"КРУЧЕНЫХ, Алексей Елисеевич.",,,
32554,32555,14391,Вселенщина: Взлет первый. Август III г. — Сентябрь IV г.,"СИММЕН, Николай Яковлевич.",,,
32556,32557,14392,Всем денщикам — денщик: Рассказ из последней турецкой войны.,"ГЕРАСИМОВ, Павел Николаевич.",,,
32558,32561,14393,"Всем захочешь угодить, сам без толку будешь жить.",Имя авт. не установлено.,,,
32562,32563,14394,"Всем, кто меня слышит: Повесть.","ХАЛОВ, Павел Васильевич.",,,
32564,32569,14395,Всем людям родня.,СКОПИНА. ,,,"Клара Павловна.         . Изд. также под загл.: Федор, Ира, Илья, Виктор, Света, Женя."
32570,32571,14396,«Всем повезло»: Комедия в 1-м д.,"РАЕВСКИЙ, Н. Ф.",,,
32572,32573,14397,Всем сердцем... [Очерки].,"ЛОПАТИНА, Екатерина Кузьминична.",,,
32574,32575,14398,Всем сердцем: Повесть.,"ДЕДЮ-ХИН, Василий Аполлонович.",,,
32576,32577,14399,Всем сердцем: Рассказы.,"КАССИЛЬ, Лев Абрамович.",,,
32578,32579,14400,Всем сердцем: [Стихи].,"ШИРШОВ, Федор Петрович.",,,
32580,32581,14401,Всем сердцем: Стихи.,"ЯХУТЛЬ, Сафер Махмудович.",,,
32582,32583,14402,"Всем сестрам по серьгам: Юмористический сборник. Песни, сцены, эпиграммы и пр.","МИНАЕВ, Дмитрий Дмитриевич.",,,
32584,32585,14403,Всем скорбящим: Вторая книга стихов.,"КОРОЛЕВ, Владимир.",,,
32586,32587,14404,Всем смертям назло: Драма в 3-х д.,"ТИТОВ, Владислав Андреевич, МИ-ЛЕНКО, Константин Данилович.",,,
32588,32589,14405,Всем смертям назло: [Очерк].,"СИДКИ, Агзам.",,,
32590,32591,14406,Всем смертям назло: Повесть.,"ТИТОВ, Владислав Андреевич.",,,
32592,32593,14407,Всем смертям назло: Повесть и рассказы.,"ГУРО, Ирина.",,,
32594,32595,14408,Всем смертям назло: Рассказы.,"ГОРДИЕНКО, Анатолий Алексеевич.",,,
32596,32597,14409,Всем смертям назло: Романтическая драма в 3-х д.,"РОМАНОВ, Роман Германович.",,,
32598,32599,14410,Всем солнышко светит: Рассказы.,"ВЕРЕЖНИКОВ, Александр Васильевич.",,,
32600,32601,14411,Всем шильям шило: Повесть.,"ПО-ГОССКИЙ, Александр Фомич.",,,
32602,32603,14412,Всеми забытый; Станция; Корова; А был ли Иван Иванович?; Два упрямца.,НАЗЫМ ХИКМЕТ.,,,
32604,32607,14413,Всемирная война: Мечты немца. Роман.,"НИМАН, Август. ",Мировая война: (Фантазия германца).,,
32608,32609,14414,Всемирная выставка.,"СКУАРЦИ-НА, Луиджи.",,,
32610,32611,14415,Всемирный пожар: «В кровавом пожаре войны». Позор германцев. Патриотическая пьеса в 7-ми д.,"ЕФИМОВА, Ольга Трофимовна, ТРЕФИЛОВ, Сергей Александрович (АФАНАСЬЕВ, Сергей).",,,
32612,32613,14416,Всемирный пожар: Современный роман в 3-х ч.,"ЗАРИН, Андрей Ефимович.",,,
32614,32615,14417,Всемогущая «барыня». Шутка-сказка в 3-х карт.,С. И. Ч.,,,
32616,32617,14418,Всему виной лукавый: Пьеса в 1-м д.,"ТУРГЕНЕВ, Николай Александрович.",,,
32618,32619,14419,Всему виной пожар: Драма в 4-х д.,"ЛОПАШЕВ, Александр Дмитриевич.",,,
32620,32621,14420,Всему свое время: Народное представление в 2-х д.,"ПРЕГЕР, Ф.",,,
32622,32623,14421,Всеобщая песнь.,"НЕРУДА, Пабло.",,,
32624,32627,14422,Всеобщее равенство: (Новая утопия).,"ДЖЕРОМ, Джером Клапка. ",Новая утопия; Царство социализма.,,
32628,32629,14423,Всеобъемлющий зайчик: Юмористические рассказы.,"ПЕТРОВ, Евгений.",,,
32630,32631,14424,"Всероссийские юродивые: Искалеченный. (Очерки, почерпнутые в море житейском).","ЖЕЛИХОВСКАЯ, Вера Петровна.",,,
32632,32633,14425,Всероссийский чемпион: Комедия-шутка в 3-х д.,"САБУРОВ, Симон Федорович.",,,
32634,32635,14426,Всерьез: Новые стихи и поэмы.,"РОЖДЕСТВЕНСКИЙ, Роберт Иванович.",,,
32636,32637,14427,Всерьез и в шутку.,"АГАКОВ, Леонид Яковлевич.",,,
32638,32639,14428,Всерьез и... ненадолго или Советская женитьба: Юридический трактат.,"БЕДНЫЙ, Демьян.",,,
32640,32641,14429,Всесветный бродяга: Повесть.,"НЕМИРОВИЧ-ДАНЧЕНКО, Василий Иванович.",,,
32642,32643,14430,"Всеслав, внук Аскольда: Историческая русская повесть времен св. Ольги в стихах.","АНДРЕЕВ, Яков.",,,
32644,32645,14431,"Всех касается: Эстрадные фельетоны, пьесы и сцены.","ЛЕВИТИН, Михаил Ефремович.",,,
32646,32647,14432,Всех скорбящих: Драма в 3-х д.,"ГЕЙЕРМАНС, Герман.",,,
32648,32649,14433,Всея Великия и Белыя и Малыя и прочая и прочая: Трагикомедия.,"ТВЕРСКОЙ, Никита.",,,
32650,32653,14434,Вскрытие.,"ЕМЕЛЬЯНОВ-КОХАН-СКИИ, Александр. ",,Клеопатра...,
32654,32657,14435,Вслед за героем: Повесть.,"МУХАМЕДОВ, Мумтаз Мухамедович. ",По следам героя.,,
32658,32659,14436,Вслух и про себя: Юмористические рассказы для эстрады.,"АРДОВ, Виктор.",,,
32660,32661,14437,Вслушиваясь в тишину: Стихи и поэмы.,"НАДЖМИ, Назар.",,,
32662,32663,14438,Вспаханное поле.,"КАСТРО, Эрнесто Л.",,,
32664,32665,14439,"Вспашка пара: 5 карт, из жизни колхоза «Ынне Теэ». Пьеса в 2-х д.","КОЛЬ, Отть Эдуардович.",,,
32666,32669,14440,Всплеск:  [Стихи].,"МЕХТИЕВ, Виктор.",,,
32670,32671,14441,Всплеск: 3-я книга стихов.,"ЭИЗ-ЛЕР, Моиз А.",,,
32672,32673,14442,Всплески: Повести и рассказы.,"ЦЫБИН, Владимир Дмитриевич.",,,
32674,32675,14443,Всплески: Рассказы.,"ДОРОХОВ, Павел Николаевич.",,,
32676,32677,14444,Всплески: Стихи.,"ВОЛЖАНИН, Александр (БОЛОДУРИН, Александр А.).",,,
32678,32679,14445,Всплески: Стихи.,"ПЕРЛ, Людмила.",,,
32680,32681,14446,Всплыть на полюсе!: Повести.,"МИХАЙЛОВСКИЙ, Николай Григорьевич.",,,
32682,32683,14447,Всполох: (Из романа «Над Кубанью»).,"ПЕРВЕНЦЕВ, Аркадий Алексеевич.",,,
32684,32685,14448,Всполохи: Стихотворения и поэмы.,"СКУРАТОВ, Михаил Маркелович.",,,
32686,32687,14449,Вспоминаю вас: Стихи.,"ДИЛЬ-БАЗИ, Мирварид Паша ",,,кызы.
32688,32689,14450,Вспоминают кремлевские курсанты.,"ЗАРАПИН, Дмитрий Федорович.",,,
32690,32693,14451—14452,«Вспомни!»: Повесть.,"ГОЛУБЕВ, Глеб Николаевич. ",,Голос в ночи...,
32694,32695,14453,Вспомним молодость или Любовь в трех таймах: Комедия.,"БУАЧИДЗЕ, Кита Михайлович.",,,
32696,32697,14454,Вспомните. Стихи.,"ОБОРИН, Александр Константинович.",,,
32698,32701,14455,Вспышка молнии:     Рассказы.,"АДАМЧИК, Вячеслав Владимирович.",,,
32702,32703,14456,Вспышки: Стихотворения.,"НЕЛЕДИНСКИЙ, Владимир Михайлович.",,,
32704,32705,14457,Вспышки и порывы: Стихотворения.,"ДОБРЯНСКИИ, Л. В.",,,
32706,32707,14458,Вставай в ряды: Театрализованный доклад о вовлечении единоличника в колхоз. В 3-х д.,"ГЛЕБОВ, Анатолий.",,,
32708,32709,14459,Вставочка: Роман из жизни шведских суффражисток.,"ВЕГНЕР, Элин.",,,
32710,32711,14460,Встаем с рассветом: (Сельские очерки).,"ШИБАЛИС, Михаил Израилевич.",,,
32712,32713,14461,Встанут тысячи новых борцов: Повесть.,"ЛООГ, Карл Карлович, ТУЛИК, Арнольд Михкелевич.",,,
32714,32715,14462,Встань до счета «девять». Повесть.,"РАИГОРОДЕЦКИИ, Роман Исаакович.",,,
32716,32717,14463,Встань и иди.,"БАЗЕН, Эрве.",,,
32718,32719,14464,"Встаньте, живые!: Документальная повесть.","РОДИМЦЕВ, Александр Ильич.",,,
32720,32721,14465,Встают Родопы: Стихи.,"СТЕФАНОВА, Лиляна.",,,
32722,32723,14466,Встревоженный город: Картины губернской жизни.,"СТАХЕЕВ, Дмитрий Иванович.",,,
32724,32725,14467,Встревоженный улей: Драматический эскиз в 2-х д. (Из времен после заключения мира России с Японией).,"ПОПОВ, Владимир Михайлович.",,,
32726,32727,14468,Встретились двое.,"ГРИНЬКО, Виктор Дмитриевич.",,,
32728,32729,14469,Встретим 3-й!,"КИРСАНОВ, Семен Исаакович.",,,
32730,32733,14470,Встретимся в Берлине.,"ЕГОРОВ, Федор Иванович. ",,Не склонив головы...,
32734,32735,14471,Встретимся в понедельник: Повесть.,"КАЛИНИЧЕВ, Станислав Сергеевич.",,,
32736,32737,14472,Встретимся завтра: Повести из записной книжки.,"АЛЕКСИН, Анатолий Георгиевич.",,,
32738,32739,14473,Встретимся на баррикадах: Роман.,"ПЕСТРАК, Филипп Семенович.",,,
32740,32741,14474,Встретимся на Волге: Повесть.,"ТУНИЦКИИ, Александр Николаевич.",,,
32742,32743,14475,Встретимся на Востоке: Стихи.,"КАЗАКОВА, Римма Федоровна.",,,
32744,32745,14476,Встретимся на Ольчане: Стихи.,"МАЛЫШЕВ, Николай Иосифович.",,,
32746,32747,14477,Встреча; Виорикина месть: Рассказы.,"МАЛЕВА, Вера Львовна.",,,
32748,32749,14478,Встреча: Вторая книга стихов.,"МАКСИМОВ, Виктор Григорьевич.",,,
32750,32751,14479,Встреча; Дамка: [Рассказы].,СКИТАЛЕЦ.,,,
32752,32753,14480,Встреча: Драматический этюд в 1-м д.,"КУШНИР, Л. А.",,,
32754,32755,14481,Встреча: Картины боевой жизни на Дальнем Востоке. Рассказ.,"ЛУГОВОЙ, Ан. ",,,"[!Алексей] (ТИХОНОВ, Алексей Алексеевич)."
32756,32757,14482,Встреча: Комедия в 1- д.,"ТЭН, Валерий.",,,
32758,32759,14483,Встреча; Лес и ветер: [Рассказы].,"БОЛОГОВ, В.",,,
32760,32761,14484,Встреча: Лирические стихи.,"МАКСИМОВ, Владимир Иванович.",,,
32762,32763,14485,Встреча: (Мари-Октябрь). Пьеса в 2-х д.,"ДЮВИЛЬЕ, Жюльен",,,", (ДЮВИ-ВЬЕ, Жюльен), РОБЕР, Жак, ЖЕАН-СОН, Энри (ЖАНСОН, Анри)."
32764,32765,14486,Встреча: [Отрывок из книги «Повесть о настоящем человеке»].,"ПОЛЕВОЙ, Борис.",,,
32766,32767,14487,Встреча: Повести и рассказы.,"ЭПИК, Григорий Данилович.",,,
32768,32769,14488,Встреча: Повесть.,"ДОБРЫВ, А. П.",,,
32770,32771,14489,Встреча: [Повесть].,"ПОТРЧ, Иван.",,,
32772,32773,14490,Встреча: Повесть о Марии Александровне Ульяновой.,"ВОСКРЕСЕНСКАЯ, Зоя Ивановна.",,,
32774,32775,14491,Встреча: Поэма.,"АЛИЕВА, Фазу ",,,Г амзатовна
32776,32777,14492,Встреча: Поэмы.,"КИЛЬДЮШЕВ, Александр Васильевич.",,,
32778,32779,14493,Встреча: Пьеса в 1-м д.,"САМСО-НИЯ, Алексей Аполлонович.",,,
32780,32781,14494,Встреча: Пьеса в 1-м д.,"СИНЕЛЬНИКОВ, С.",,,
32782,32783,14495,Встреча: Пьеса в 1-м д.,"ТАЛ-ВЕСТ, Май.",,,
32784,32785,14496,Встреча: Пьеса в 1-м д.,"УСТИНОВ, Михаил Васильевич.",,,
32786,32787,14497,Встреча: Пьеса в 1-м д.,"ЯЛЬ-ЦЕВ, Павел Дмитриевич.",,,
32788,32789,14498,Встреча: Пьеса в 3-х- актах.,"ВА-ЛЕВСКИЙ, Александр Александрович.",,,
32790,32791,14499,Встреча: [Рассказ].,"ГАРИН, Н. (ГАРИН-МИХАЙЛОВСКИЙ, Николай Георгиевич).",,,
32792,32795,14500,Встреча: [Рассказ].,"ГУТЕР, Иван. ",,Галлюцинация...,
32796,32797,14501,Встреча: [Рассказ].,"ДМИТРИИ РАБОЧИЙ (ВАСИЛЬЕВ, Дмитрий Михайлович).",,,
32798,32799,14502,Встреча: [Рассказ].,"ЖЕЛЕЗНОГОРСКИЙ, Григорий Абрамович.",,,
32800,32801,14503,Встреча: [Рассказ].,"КАТАЕВ, Иван Иванович.",,,
32802,32805,14504,Встреча: [Рассказ].,"КИАЧЕЛИ, Лео. ",,Отец и сын...,
32806,32807,14505,Встреча: Рассказ.,"МИЛИЦЫНА, Елизавета Митрофановна.",,,
32808,32809,14506,Встреча: [Рассказ].,"МУИЖЕЛЬ, Виктор Васильевич.",,,
32810,32811,14507,Встреча: Рассказ.,"ПАУСТОВСКИЙ, Константин Георгиевич.",,,
32812,32815,14508,Встреча: [Рассказ].,"ПОЛИВАНОВ, Н. И. ",,Божье крепко — вражье лепко...,
32816,32819,14509,Встреча:    [Рассказ].,"ПОП- КОВ, В. А.",,,
32820,32823,14510,Встреча:  Рассказ.,"РУЧЬЕВ, Иван.",,,
32824,32825,14511,Встреча: [Рассказ].,"СМИРНОВ, Василий Александрович.",,,
32826,32827,14512,Встреча: Рассказ. (Эпизод из Отечественной войны 1812 г.).,"ШВЕДЕР, Евгений Иосифович.",,,
32828,32829,14513,Встреча: Рассказы.,"ДАЛЕКИЙ, Николай.",,,
32830,32831,14514,Встреча: Рассказы.,"ЕРМАКОВ, Александр Дмитриевич.",,,
32832,32833,14515,Встреча: Рассказы.,"КАРАЛ ИЙ-ЧЕВ, Ангел.",,,
32834,32835,14516,Встреча: Рассказы.,"ЛОНДОН, Джек.",,,
32836,32837,14517,Встреча: Рассказы.,"МОПАССАН, Гюи де.",,,
32838,32839,14518,Встреча: Рассказы.,"ПОЛОНСКАЯ, Елена Викторовна.           ",,,*
32840,32841,14519,Встреча: [Рассказы].,"РЯЗАНОВА, Екатерина Михайловна.",,,
32842,32843,14520,Встреча: Рассказы.,"ТУМАЙОВСКАЯ, Ирина Павловна.",,,
32844,32845,14521,Встреча: Рассказы.,"ФИНН, Константин.",,,
32846,32847,14522,Встреча: [Рассказы].,"ХАИТ, Давид Маркович.",,,
32848,32849,14523,Встреча: [Рассказы].,"ХЕРОДИ-НОВ, А.",,,
32850,32851,14524,Встреча: Рассказы и очерки.,"КАРПОВ, Павел Яковлевич.",,,
32852,32853,14525,Встреча: Рассказы и повесть.,"МЕТТЕР, Израиль Моисеевич.",,,
32854,32855,14526,Встреча: Роман.,"КРЕСТОВСКИЙ, В. (ХВОГЦИНСКАЯ, Надежда Дмитриевна).",,,
32856,32857,14527,Встреча: Роман.,"НИКАНДРОВ, Николай.",,,
32858,32859,14528,Встреча: Роман.,"ПОТАПЕНКО, Игнатий Николаевич.",,,
32860,32861,14529,Встреча; Рыцарь; Приключение: [Рассказы].,"ОМПТЕДА, Георг фон.",,,
32862,32863,14530,Встреча: Сборник стихов.,"ШАМ-КЕНОВ, Аманжол.",,,
32864,32865,14531,Встреча: [Стихи].,"АРАМУНИ, Ваган Хачатурович.",,,
32866,32867,14532,Встреча: Стихи.,"ВАСИЛЬЕВ, Владимир Александрович.",,,
32868,32869,14533,Встреча: Стихи.,"ВАСИЛЬЕВА, Лариса Николаевна.",,,
32870,32871,14534,Встреча: Стихи.,"КОМИССАРОВА, Мария Ивановна.",,,
32872,32873,14535,Встреча: Стихи.,"МАМЕДОВА, Джерен.",,,
32874,32875,14536,Встреча: Стихи.,"МЕЛЬНИКОВ, Федор.",,,
32876,32877,14537,Встреча: Стихи.,"ОРЛОВ, Николай Александрович.",,,
32878,32879,14538,Встреча: Стихи.,"РАДЕВИЧ, Борис Леонидович.",,,
32880,32881,14539,Встреча: [Стихи].,"РЕНЬЕ, Анри де.",,,
32882,32883,14540,Встреча: [Стихи].,"ЧЕРЕПНИНА, Зарина Всеволодовна.",,,
32884,32885,14541,Встреча: (Суррогат жизни). Драматическая миниатюра. В 1-м акте.,"КАНИНА, С.",,,
32886,32887,14542,Встреча: Сцена.,"ПОДЪЯЧЕВ, Семен Павлович.",,,
32888,32889,14543,Встреча: Сцена из колхозной жизни.,"АРДОВ, Виктор.",,,
32890,32891,14544,Встреча боевых товарищей.,"ГЕЙНЦЕ, Николай Эдуардович.",,,
32892,32893,14545,Встреча в веках: Драматическая поэма в 3-х актах.,"СОТНИКОВ, Николай Афанасьевич.",,,
32894,32895,14546,Встреча в городе ветров: Две новеллы.,"ЖАКИЕВ, Бексултан.",,,
32896,32897,14547,Встреча в Заречье: Стихи и поэма.,"СМОЛЯКОВ, Степан Авксентьевич.",,,
32898,32899,14548,Встреча в Китае.,"ТОКОМБАЕВ, Аалы.",,,
32900,32901,14549,Встреча в коридоре.,"АРДОВ, Виктор.",,,
32902,32903,14550,Встреча в отряде с московским знакомым.,"ТОЛСТОЙ, Лев Николаевич.",,,
32904,32905,14551,Встреча в песне.,"ИСХАК, Ахмет.",,,
32906,32907,14552,Встреча в полночь.,"КОРЕНКО, Ян.",,,
32908,32909,14553,Встреча в порту: Стихи.,"БЕРШАДСКИЙ, Виктор Арнольдович.",,,
32910,32911,14554,Встреча в темноте: Пьеса в 4-х д.,"КНОРРЕ, Федор Федорович.",,,
32912,32913,14555,Встреча в Цегледе: Рассказы.,"ПАВЛОВ, Валентин Петрович.",,,
32914,32915,14556,Встреча весны: Стихи.,"ПАВЛИ-ЧЕНКО, Евгений Максимович.",,,
32916,32917,14557,Встреча во времени: Научно-фантастические рассказы.,"РОСОХОВАТСКИИ, Игорь Маркович.",,,
32918,32919,14558,Встреча Гапона с Пуришкевичем в Петербурге на Невском.,"ЗОТОВ, Михаил.",,,
32920,32921,14559,Встреча двух приятелей перед Новым годом на пути из Титовки в Титовку.,"ЛЕБЕДЕВ, П. В.",,,
32922,32925,14560,"Встреча двух приятелей, следующих на пути из Титовки в Титовку.","ЛЕБЕДЕВ, П. В. Изд. ",,,также под загл.: Встреча двух приятелей перед Новым годом на пути из Титовки в Титовку.
32926,32927,14561,Встреча желаний: Новеллы.,"МОСКВИН, Николай.",,,
32928,32929,14562,«Встреча» и другие рассказы.,"РЕЙ-МОНТ, Владислав Станислав.",,,
32930,32931,14563,Встреча Марии.,"ГОЛОВАНИВ-СКИЙ, Савва Евсеевич.",,,
32932,32933,14564,Встреча на берегу: Пьеса в 3-х д.,"ВАНАГ, Юлий Петрович.",,,
32934,32935,14565,Встреча на далекой планете: Фантастическая пьеса в 3-х д.,"ГУБАРЕВ, Виталий Георгиевич.",,,
32936,32939,14566,Встреча на далеком меридиане: Роман.,"УИЛСОН, Митчел.",,,
32940,32941,14567,Встреча на лесной дороге: Рассказы и очерки.,"МАЛЬЦЕВ, Орест Михайлович.",,,
32942,32943,14568,Встреча на Невском проспекте. Мой иногородний друг; Петербургский Монте-Кристо.,НОВЫЙ ПОЭТ. ,,,"(ПАНАЕВ, Иван Иванович)."
32944,32945,14569,Встреча на ринге.,"СВИРИДОВ, Георгий Иванович.",,,
32946,32949,14570,Встреча на станции.,"ПАНАЕВ, Иван Иванович. ",,Парижские увеселения...,
32950,32951,14571,Встреча на Эльбе: Киносценарий.,ТУР,,,", братья, ШЕЙНИН, Лев Романович."
32952,32953,14572,Встреча над Агиделью: Поэма.,"НИГМАТИ, Рашит.",,,
32954,32955,14573,Встреча над Тускаророй: Рассказы.,"ЕФРЕМОВ, Иван Антонович.",,,
32956,32961,14574,Встреча Нового года по-новому: Картинка с натуры в 1-м д.,"АЛЕКСЕЕВ, Степан. ",Буржуазный бюрократ.,,
32962,32963,14575,Встреча под дождем: Рассказы.,"ХМЕЛЬКОВСКИИ, Юлий Евгеньевич.",,,
32964,32965,14576,Встреча после долгой разлуки или Вся беда от летней жары: Фарс в 1-м д.,"ЕРОШКИН, Александр Петрович.",,,
32966,32967,14577,Встреча с границей: Повесть.,"РОМАНОВ, Николай Александрович.",,,
32968,32969,14578,Встреча с детством: Повесть. Рассказы.,"ПУЗАНОВ, Иван Ефимович.",,,
32970,32971,14579,Встреча с друзьями. Стихи.,"ДРУЖИНИН, Игорь Александрович.",,,
32972,32973,14580,Встреча с любовью: Лирика.,"ТЕРЕЩЕНКО, Дина Анатольевна.",,,
32974,32975,14581,Встреча с любовью: Рассказы.,"РОШКА, Валентин Федорович.",,,
32976,32977,14582,Встреча с молодостью: Комедия в 3-х д.,"ЯРИШ, Милан.",,,
32978,32979,14583,Встреча с Москвой: Стихи.,"ЛЕ-ВИТАНСКИЙ, Юрий Давыдович.",,,
32980,32981,14584,"Встреча с мужеством: Повесть, рассказы.","ГЛУХОВ, Алексей Гаврилович.",,,
32982,32983,14585,Встреча с неведомым: Роман.,"МУХИНА-ПЕТРИНСКАЯ, Валентина.",,,
32984,32985,14586,Встреча с осенью: Стихи.,"ЗА-РИЦКИЙ, Алексей Александрович.",,,
32986,32987,14587,Встреча с песней: Стихи и поэма.,"КОБЗЕВ, Игорь Иванович.",,,
32988,32989,14588,Встреча с прошлым: Повесть.,"АРХИПОВ, Трофим Архипович.",,,
32990,32991,14589,Встреча с Родиной: Стихи.,"КРАВЧЕНКО, Лариса Павловна.",,,
32992,32993,14590,Встреча с самим собой: Стихи.,"ЗАЙЦЕВ, Вячеслав Петрович.",,,
32994,32995,14591,Встреча с совестью: Повести.,"ШАХМАГОНОВ, Федор Федорович.",,,
32996,32997,14592,Встреча с солнцем.,САИЯР.,,,
32998,32999,14593,Встреча с тобой: Книга стихов.,"ДОРИЗО, Николай Константинович.",,,
33000,33001,14594,Встреча с тобой: [Стихи].,"MИХНЯ, Паул.",,,
33002,33003,14595,Встреча с цветами.,"ЛАВРЕНЮК, Борис Порфирьевич.",,,
33004,33005,14596,Встреча с Чапаевым: Поэма и стихи.,"УХСАИ, Яков Гаврилович.",,,
33006,33007,14597,Встреча с человеком: Повести и рассказы.,"САЧЕНКО, Борис Иванович.",,,
33008,33009,14598,Встреча с чудом: Повесть.,"ЛАВРОВ, Илья Михайлович.",,,
33010,33011,14599,Встреча с юностью: Книга лири ки.,"ГОРДЕЕВ, Семен.",,,
33012,33015,14600,Встреча с юностью: Комедия в 3-х актах.,"АРБУЗОВ, Алексей Николаевич. ",И вновь встреча с юностью.,,
33016,33017,14601,Встреча с юностью: Рассказы.,"ЛЬВОВ, Вилен Львович.",,,
33018,33019,14602,Встреча с юностью: Стихи.,"БУГОРКОВ, Степан Степанович.",,,
33020,33021,14603,Встреча с юностью: [Стихи].,"ПЕТРАКОВ, Михаил Петрович.",,,
33022,33023,14604,Встреча со знаменитостью.,"МИ-КУЛИЧ, В.",,,
33024,33025,14605,Встреча солнца: Избранные стихи.,"ГОЛОВАНИВСКИЙ, Савва Евсеевич.",,,
33026,33031,14606,Встреча старого времени с новым.,Имя авт. не установлено. ,Рукописи из зеленого портфеля.,,
33032,33033,14607,"Встреча Суворова с Кутузовым или Вести, принесенные в царство мертвых князем Смоленским.","ОКУЛОВ, Григорий Андреевич.",,,
33034,33039,14608,Встреча супругов — гробовщика и акушерки после 30 лет разлуки.,Имя авт. не установлено. ,Неожиданная встреча мужа-гробовщика с женой-акушеркой после 30летней разлуки.,,
33040,33041,14609,Встреча товарищей: Рассказы.,"НЕЙМАН, Лина Самойловна.",,,
33042,33043,14610,Встреча у родника: Рассказы.,"АВШАЛУМОВ, Хизгил Давидович.",,,
33044,33045,14611,Встреча у цыган.,В. П.,,,
33046,33049,14612,Встреча четырех женщин или Разные мнения о счастии: Ч. 1—2.,Имя авт. не установлено.,,,
33050,33051,14613,Встреча чумы с холерою или Внезапное уничтожение замыслов человеческих: Московская повесть.,"ОРЛОВ, Александр Анфимович.",,,
33052,33055,14614,Встреча-68 (Загл. обл.).,"КУПРИЯНОВА, Анастасия Викторовна. ",Аленка.,,
33056,33057,14615,Встречаем май: Сценарий для встречи Первого мая.,"ЖЕМЧУЖНЫЙ, Виталий Леонидович, ЛЕВИН, В. [!] (ЛЕВИН, Борис Михайлович).",,,
33058,33059,14616,Встречайте проездом: Рассказы.,"РАКША, Ирина Евгеньевна.",,,
33060,33061,14617,Встречающие солнце на высоте.,"ГЕТТУЕВ, Максим Исмаилович.",,,
33062,33063,14618,Встречая будущее: Стихи.,"ГУЛЯМ, Гафур.",,,
33064,33065,14619,Встречи: [Воспоминания].,"ПЯСТ, Владимир.",,,
33066,33067,14620,Встречи: 2-я книга стихов.,"РЫ-ЛЕНКОВ, Николай Иванович.",,,
33068,33069,14621,Встречи: Новеллы.,"КОВАЛЬЧУК, М.",,,
33070,33071,14622,Встречи: Очерки.,"ЗОЗУЛЯ, Ефим Давидович.",,,
33072,33073,14623,Встречи: Очерки.,КОПТЕЛОВ. ,,,Афанасий Лазаревич.
33074,33075,14624,"Встречи: Очерки, репортажи, обозрения.","ЕРМОЛОВИЧ, Николай Николаевич.",,,
33076,33077,14625,Встречи: Рассказы.,"АРАГОН, Луи.",,,
33078,33079,14626,Встречи: Рассказы.,"АРДАМАТСКИЙ, Василий Иванович.",,,
33080,33081,14627,Встречи: Рассказы.,"ВАСИЛЕВСКАЯ, Ванда Львовна.",,,
33082,33083,14628,Встречи: Рассказы.,"ВОРОНИН, Сергей Алексеевич.",,,
33084,33085,14629,Встречи: Рассказы.,"КАМСКИЙ, Михаил Васильевич.",,,
33086,33087,14630,Встречи: Рассказы.,"КОШЕЛЕВ, Николай Васильевич.",,,
33088,33089,14631,Встречи: [Рассказы].,"МИХАИ-ЛОВ-ДОРОНОВИЧ, Михаил Федорович.",,,
33090,33091,14632,Встречи: Рассказы.,"НИКУЛИН, Михаил Андреевич.",,,
33092,33093,14633,Встречи: Рассказы.,"РЫБАС, Тарас Михайлович.",,,
33094,33095,14634,Встречи: Рассказы.,"САНГИ, Владимир Михайлович.",,,
33096,33097,14635,Встречи: Рассказы.,"ЮЩЕНКО, Валентин Тимофеевич.",,,
33098,33099,14636,Встречи: Рассказы. Очерки.,"ЖУРАВЛЕВ, Тихон Кононович.",,,
33100,33101,14637,Встречи: [Рассказы и воспоминания].,"ПАВЛОВА, Евдокия Ефимовна.",,,
33102,33103,14638,"Встречи: Рассказы, очерки.","ИЛА-РИОНОВ, Сергей Константинович.",,,
33104,33105,14639,Встречи: Сборник рассказов.,"МА-МИН-СИБИРЯК, Дмитрий Наркисович.",,,
33106,33107,14640,Встречи: Стихи.,"ГАРНАКАРЬЯН, Ашот Георгиевич.",,,
33108,33109,14641,Встречи: Стихи.,"ГОРОДСКОЙ, Яков Зиновьевич.",,,
33110,33111,14642,Встречи: Стихи.,"ПИНАЕВ, Александр Ефимович.",,,
33112,33113,14643,Встречи: Стихотворения.,"РОМАНОВ, Игорь Степанович.",,,
33114,33115,14644,Встречи без стенограмм: Воспоминания журналиста.,"ПОТАПОВ, Николай Максимович.",,,
33116,33117,14645,Встречи в Буране: Повесть.,"ГОРБАЧЕВ, Алексей Михайлович.",,,
33118,33119,14646,"Встречи в горах: Очерки, рассказы.","ДЕМЧЕНКО, Александр Михайлович.",,,
33120,33121,14647,Встречи в лесу.,ЛЕСНИК.,,,
33122,33123,14648,Встречи в песках: Документальная повесть.,"ВОЛАНСКА, Гела (ВОЛАН-СКАЯ, Гелена).",,,
33124,33125,14649,Встречи в пути: Очерки.,"МИКУ-ЛИНА, Елена Николаевна.",,,
33126,33127,14650,Встречи в пути: Очерки.,"СКРЫП-НИК, Александр Петрович.",,,
33128,33129,14651,Встречи в пути: [Очерки].,"ЦАРЕВ, Федор Иванович.",,,
33130,33131,14652,"Встречи в пути: Очерки, документальная повесть.","РОМАНОВ, Александр Николаевич.",,,
33132,33133,14653,"Встречи в пути: Очерки, зарисовки, новеллы, статьи.","РЫСАЛИЕВ, Токон.",,,
33134,33135,14654,Встречи в пути: (Очерки и зарисовки).,"СМОЛЯНИЦКИЙ, Соломон Владимирович.",,,
33136,33137,14655,Встречи в пути: Повести нашего времени.,"ПОЛТОРАЦКИЙ, Виктор.",,,
33138,33139,14656,Встречи в пути: Рассказы.,"ВОДОПЬЯНОВ, Борис Павлович.",,,
33140,33141,14657,Встречи в пути: Рассказы.,"ЛОХВИЦКИЙ, Михаил Юрьевич.",,,
33142,33143,14658,Встречи в пути: [Стихи].,"КОНСТАНТИНОВА, Варвара.",,,
33144,33145,14659,Встречи в редакции: Записки журналиста.,"ЮДОВИЧ, Иосиф Михайлович.",,,
33146,33147,14660,Встречи в степи: Документальная повесть.,"ИВАНЕНКО, Виктор Трофимович.",,,
33148,33149,14661,Встречи в Суоми.,"ФИШ, Геннадий Семенович.",,,
33150,33151,14662,Встречи в Чащобах: Рассказы охотника.,"СУРЕЕВ, Петр Алексеевич.",,,
33152,33155,14663,Встречи господина де Брео.,"РЕНЬЕ, Анри де.",,,
33156,33157,14664,Встречи добрые и недобрые.,"КОЧЕТОВ, Всеволод Анисимович.",,,
33158,33159,14665,Встречи друзей: Стихи.,"ХЕЛЕМ-СКИЙ, Яков Александрович.",,,
33160,33161,14666,Встречи и верность: Рассказы.,"РУДНЕВА, Любовь Саввишна.",,,
33162,33163,14667,Встречи и воспоминания: Из литературного и военного мира.,"ЗАХАРЬИН, Иван Николаевич.",,,
33164,33165,14668,Встречи и впечатления: Из еврейского быта.,"ФРУГ, Семен Григорьевич.",,,
33166,33167,14669,Встречи и впечатления: (Посмертные записки).,"ГЮГО, Виктор.",,,
33168,33169,14670,Встречи и настроения: Рассказы.,"БЕРНОВ, Михаил Александрович.",,,
33170,33171,14671,Встречи и письма.,"НАЗАРОВ, Иван Абрамович.",,,
33172,33173,14672,Встречи и разлуки: Повести.,"ПЕВ-НЕР, Федор Павлович.",,,
33174,33175,14673,Встречи и разлуки: Рассказы и юморески.,"ПОЛЯНКЕР, Григорий Исаакович.",,,
33176,33177,14674,"Встречи и расстояния: По чужим дорогам с записной книжкой, с фотоаппаратом.","ПОЧИВАЛОВ, Леонид Викторович.",,,
33178,33179,14675,Встречи и характеристики.,"ПЛЕТНЕВ, Алексей Петрович.",,,
33180,33181,14676,Встречи комсомольцев с В. И. Лениным.,"БЕЗЫМЕНСКИЙ, Александр Ильич.",,,
33182,33183,14677,Встречи на Байкале: Рассказы и повести.,"ЛАДЕЙЩИКОВ, Николай Павлович.",,,
33184,33187,14678,Встречи на Бузулуке и Хопре.,"ПЕТРОВ, Дмитрий Ильич (БИРЮК).",,,
33188,33189,14679,Встречи на границе.,"КОПАЛЫГИН, Борис Петрович.",,,
33190,33193,14680,Встречи на дорогах:  (Записки учителя).,"ТЕРЕШЕНКОВ, Ефим Яковлевич.",,,
33194,33197,14681,Встречи на дорогах:   Пьеса в 3-х д.,"БРАГИНСКИЙ, Эмиль Вениаминович.",,,
33198,33201,14682,Встречи на дорогах: Рассказы.,"СОБОЛЕВ, Анатолий Пантелеевич.",,,
33202,33203,14683,Встречи на земле.,"МИЩЕНКО, Лидия Моисеевна.",,,
33204,33205,14684,Встречи на земле Зинджей: Очерки.,"ШАПОШНИКОВА, Вера Дмитриевна.",,,
33206,33207,14685,Встречи на перекрестках: Наброски с натуры.,"ПОЛЕВОЙ, Борис.",,,
33208,33209,14686,Встречи на перекрестках: Роман.,"ЛАМБЕРОВ, Анатолий Григорьевич.",,,
33210,33213,14687,Встречи на росстанях: Роман.,"КУЛАКОВСКИЙ, Алексей Николаевич.",,,
33214,33215,14688,Встречи на этой планете: Стихи.,"ШЕВЕЛЕВА, Екатерина Васильевна.",,,
33216,33217,14689,Встречи Невезучего.,"КАЛЕН ДАРОВ, Ахмед.",,,
33218,33221,14690,Встречи под открытым небом: Рассказы и очерки.,"ОСИПОВ, Иосиф Зиновьевич.",,,
33222,33225,14691,Встречи приятные и неприятные: Из записной книжки фельетониста.,"РЫК-ЛИН, Григорий Ефимович.",,,
33226,33227,14692,Встречи... разлуки...: Роман.,"ЗОРИЧ, Анастасия Антоновна.",,,
33228,33231,14693,"Встречи, разлуки:     [Стихи].","ЮНИЦКАЯ, Марина Сергеевна.",,,
33232,33233,14694,Встречи-расставания: Стихи и песни.,"МИХЕЕВ, Николай Степанович.",,,
33234,33235,14695,Встречи с героями: Из записной книжки фотокорреспондента.,"СУРОВЦЕВ, Николай Дмитриевич.",,,
33236,33237,14696,"Встречи с героями: Стихотворения, 1932—1934.","ТИТОВ-ОМСКИИ, Виктор Александрович.",,,
33238,33239,14697,Встречи с добротой.,"ВОДОЛА-ГИН, Валерий Михайлович.",,,
33240,33241,14698,Встречи с друзьями: Рассказы и очерки.,"ПАСЬКО, Семен Данилович.",,,
33242,33243,14699,Встречи с жизнью: Очерки.,"ДМИТРОВСКИЙ, Михаил Иванович.",,,
33244,33245,14700,Встречи с Ильичем.,"ШАМОВ, Иван Васильевич.",,,
33246,33247,14701,Встречи с Лениным.,"ЭССЕН, Мария Моисеевна.",,,
33248,33249,14702,Встречи с Лениным: [Воспоминания] .,"МАЛЫШЕВ, Сергей Васильевич.",,,
33250,33251,14703,Встречи с Лиз: Рассказы.,"ДОБЫЧИН, Леонид Иванович.",,,
33252,33255,14704,Встречи с любовью:   Рассказы.,"КАР АЛИНА, Елена.",,,
33256,33259,14705,Встречи  с Максимом    Горьким.,"ИВАНОВ, Всеволод Вячеславович.",,,
33260,33261,14706,"Встречи с писателями: Лев Толстой, Достоевский, Н. Лесков, Всеволод Гаршин.","МИКУЛИЧ, В.",,,
33262,33263,14707,Встречи с природой.,"ЖДАНОВ, Юрий Андреевич.",,,
33264,33265,14708,Встречи с Прометеем.,"ДАВЫД-ЧЕНКОВ, Василий Тихонович.",,,
33266,33269,14709,Встречи  с прошлым:   [Воспоми- нания] .,"АРШАРУНИ, Аршалуйс Михайлович.",,,
33270,33271,14710,Встречи с прошлым: [Очерки и маленькая повесть].,"КОЗОПОЛ ЯНСКИЙ, Олег Михайлович.",,,
33272,33275,14711,Встречи  с соседями:  Рассказы.,"РЕБРОВ, Юрий Нестерович.",,,
33276,33277,14712,Встречи с тобой: Стихи.,"РОЖДЕСТВЕНСКИЙ, Игнатий Дмитриевич.",,,
33278,33279,14713,Встречи с юностью: Стихи и поэма.,"СОКОЛОВ, Александр Иванович.",,,
33280,33281,14714,Встречное дыхание.,"НЕДОГО-НОВ, Алексей Иванович.",,,
33282,33283,14715,Встречные корабли: Повести и рассказы.,"ПАУСТОВСКИЙ, Константин ",,,Г еоргиевич.
33284,33285,14716,Встречные люди.,"СТРОГОВА, Екатерина Григорьевна.",,,
33286,33287,14717,Встречные токи: Роман.,"БАРИН-ГУЛЬД, Сабина (БЭРИНГ-ГУЛЬД, Сабина).",,,
33288,33291,14718,Встречный: Материал для художественно-зрелищных       агитпропбригад.,"РЕЗНИК, Михаил Борисович, ФЕДОРОВИЧ, А. А.",,,
33292,33293,14719,Встречный бой: Рассказы.,"ТИТОВ, Федор Иванович.",,,
33294,33295,14720,Встречный ветер: [Повесть].,"ФЕДОРОВ, Павел Ильич.",,,
33296,33297,14721,Встречный ветер: Роман.,"НИКИФОРОВ, Георгий Константинович.",,,
33298,33299,14722,Встречный ветер: Стихи.,"ЕЛЬ-КИН, Александр Александрович.",,,
33300,33301,14723,Встречный ветер: Стихи.,"СОМОВА, Светлана Александровна.",,,
33302,33303,14724,Встречный взгляд: Стихи.,"ДАВЫДОВ, Сергей.",,,
33304,33305,14725,Встречный огонь: Стихи.,"АВАНЕСОВ, Иван Вартазарович.",,,
33306,33307,14726,Встречь ветра: Повесть о Николае Бирюкове.,"БУРКОВА, Инесса Емельяновна.",,,
33308,33309,14727,Встречь солнца: Повесть.,"НЕКРАСОВ, Борис Владимирович.",,,
33310,33311,14728,Встречь солнца: Стихи.,"АКСА-МЕНТОВ, Юрий Петрович.",,,
33312,33313,14729,Встряска: [Повесть].,"КОЗЛОВ, Иван Андреевич.",,,
33314,33315,14730,Встряска: Пьеса в 2-х д.,"ЕЛЕН-СКИИ, Николай Октавиевич.",,,
33316,33317,14731,Встряска: Шутка в 1-м д.,"ВЕРШИНИН, Алексей Платонович.",,,
33318,33319,14732,Вступаем в строй: Стихи.,"ВЫЛЕГЖАНИН, Павел Степанович, ЛЕБЕДЕВ, Константин Евгеньевич.",,,
33320,33321,14733,Вступающим в жизнь: Стихи и сказки.,"ТУКАЙ, Габдулла.",,,
33322,33323,14734,Вступление: Очерк.,"ТОЧКИН, Владимир Васильевич.",,,
33324,33325,14735,Вступление: [Поэма].,"ТВАРДОВСКИЙ, Александр Трифонович.",,,
33326,33327,14736,Вступление: Роман.,"ГЕРМАН, Юрий Павлович.",,,
33328,33329,14737,Вступление: Стихи.,"ЕРАНЦЕВ, Алексей Никитович.",,,
33330,33331,14738,Вступление: Стихи.,"КУЛИКОВ, Павел Александрович.",,,
33332,33333,14739,Вступление: Стихи.,"ПЕЧЕРСКИЙ, Альфред Ильич.",,,
33334,33335,14740,Вступление: (Стихи).,"УСЕНКО, Александр Яковлевич.",,,
33336,33337,14741,Вступление: [Стихи].,"ФИЛЬШ-ТЕИН, Михаил Яковлевич.",,,
33338,33339,14742,Вступление: Стихи.,"ЯРМИЦКАЯ, Виктория Наумовна.",,,
33340,33341,14743,Вступление в будни.,"РАИМАН, Бригитта.",,,
33342,33343,14744,Вступление в должность: Повесть.,"ВАКУЛОВСКАЯ, Лидия Александровна.",,,
33344,33345,14745,Вступление в жизнь: Избранное.,"РОЖДЕСТВЕНСКАЯ, Клавдия Васильевна.",,,
33346,33347,14746,Вступление в жизнь: Повести и рассказы.,МИРМУХСИН.,,,
33348,33349,14747,Вступление в жизнь: Роман.,"ШЕРЕМЕТЬЕВА, Екатерина Михайловна.",,,
33350,33351,14748,Вступление в жизнь: Совершенно невероятная драма в 3-х д.,"ЖИНГА-НОВ, Н.",,,
33352,33353,14749,Вступление весны: Стихи и «Поэма о любви».,"ГУСЕИНЗАДЕ, Гусейн Джамал оглы.",,,
33354,33355,14750,Вступление к поэме: Повесть.,"ДРУЖИНИН, Игорь Александрович.",,,
33356,33357,14751,Вступление к танцам: Избранные стихи.,"ПАРНАХ, Валентин Яковлевич.",,,
33358,33359,14752,Вступление к эпохе: Повесть о начале счастья.,"АДАЛИС, А.",,,
33360,33361,14753,Вступление на престол князя Александра Тверского: Историческая повесть в стихах.,"БАХТУРИН, Константин Александрович.",,,
33362,33363,14754,Вступление на французский престол Генриха IV: Исторический роман.,"ПОНСОН ДЮ ТЕРРАИЛЬ, Пьер Алексис де.",,,
33364,33365,14755,Всходы: Драма в 4-х д. из эпохи 1905 г.,"ЖУРАВЛЕВ, Борис Александрович.",,,
33366,33367,14756,Всходы; «Медвежий лог»: Пьесы.,"КИЛЬЧИЧАКОВ, Михаил Еремеевич.",,,
33368,33369,14757,Всходы: [Очерк].,"МЕРНИК, М.",,,
33370,33371,14758,Всходы: [Очерки].,"РАСПОРКИН, Федор Павлович.",,,
33372,33375,14759,Всходы: [Повесть].,"БЕЛИНСКИЙ, Максим (ЯСИНСКИЙ, Иероним Иеронимович). ",,Бунт Ивана Ивановича...,
33376,33377,14760,Всходы: Повесть.,"ЧЕПИЖНЫЙ, Александр Кузьмич.",,,
33378,33379,14761,Всходы: Повесть.,"ЧУВАКИН, Александр Иванович.",,,
33380,33381,14762,Всходы: Стихи.,"ПУХОВ, Виктор Андреевич.",,,
33382,33383,14763,Всходы: Стихи и поэма «Сельчанин».,"ГОЛУБЕВ, Борис Николаевич.",,,
33384,33385,14764,Всходы: (Стихотворение).,"ЗИ-МАЕВ, И.",,,
33386,33389,14765,Всходы: [Стихотворения].,"КУЗ- НЕЦОВ-КАПЛИН, Т. ",,,3.                    .
33390,33391,14766,Всходы будущего.,"ХУУСКОНЕН, Тайсто Калеви.",,,
33392,33393,14767,Всходы Октября: (Стихи).,"ПОЛИВИН, Николай Георгиевич.",,,
33394,33395,14768,Всходы творчества: Стихи.,"ЛУ-КАШИН, Илья Денисович.",,,
33396,33397,14769,Всю жизнь...: (Воспоминания коммуниста).,"БАГАЕВ, Константин Еремеевич.",,,
33398,33401,14770,Всюду встречались мне люди: Этюды детские и недетские.,"АШКЕНАЗИ, Людвик.",,,
33402,33403,14771,"Всюду есть товарищи у нас!.. Стихи, баллады, поэмы.","ЧАЛЫЙ, Богдан Иосифович.",,,
33404,33405,14772,Всюду жизнь: [Повести и рассказы] .,"ВОЛОХОВ, Федор Сергеевич.",,,
33406,33407,14773,Всюду жизнь: Рассказ из жизни и природы.,"СОРОКИН, Николай Васильевич.",,,
33408,33409,14774,Всюду жизнь: Рассказы.,"НЕВОДОВ, Борис Семенович.",,,
33410,33411,14775,Всюду любовь: Сборник рассказов.,"АЛТАЕВ, Ал.",,,
33412,33413,14776,Всюду чужой; Царица золотого пруда.,"РОБЕРТС, Чарльз.",,,
33414,33415,14777,Вся в мамашу: Фарс в 3-х д.,"ВЕРШИНИН, Алексей Платонович.",,,
33416,33417,14778,Вся для других.,"РАДИЧ, Василий Андреевич.",,,
33418,33419,14779,Вся его жизнь.,"ЗЛОБИН, Анатолий Петрович, ВЕРЮЖСКИЙ, Александр Маркович.",,,
33420,33421,14780,"Вся женская жизнь в нескольких часах: Повесть, исполненная философии.","БАРОН БРАМБЕУС (СЕНКОВСКИЙ, Осип Иванович).",,,
33422,33423,14781,Вся жизнь: Роман в 2-х ч.,"СЫСОЕВ, Владимир Григорьевич.",,,
33424,33425,14782,Вся жизнь впереди: Повести и рассказы.,"АЛИМКУЛОВ, Такен Танирберген.",,,
33426,33427,14783,Вся жизнь плюс еще два часа: Роман.,"ДАВЫДОВА, Наталья.",,,
33428,33429,14784,Вся земля на ладони: Документальные новеллы.,"ДИХТЯРЬ, Адольф Борисович.",,,
33430,33431,14785,Вся золотая листва: Стихи.,"БРУ-ТАНЕ, Валия Яновна.",,,
33432,33433,14786,Вся королевская рать: Роман.,"УОРЕН, Роберт Пен (УОРРЕН, Роберт Пенн).",,,
33434,33435,14787,Вся красота человечества.,"АВДЕЕНКО, Александр Остапович.",,,
33436,33437,14788,Вся молодость.,"КОППЕ, Франсуа.",,,
33438,33439,14789,Вся Москва тут.,Д-В.,,,
33440,33441,14790,Вся моя надежда: Повесть.,"БОГУСЛАВСКИЙ, Иосиф Борисович.",,,
33442,33443,14791,Вся сила в демократе: (Агитатор-демократ). Буффонада в 1-м д.,"КИРЕЕВ-ГАТЧИНСКЙИ, А. А.",,,
33444,33445,14792,Вся чужая.,"НЕМИРОВИЧ-ДАНЧЕНКО, Василий Иванович.",,,
33446,33447,14793,Всяк Еремей про себя разумей: Пролетарские басни.,"БЕДНЫЙ, Демьян.",,,
33448,33451,14794,Всяк по-своему: Комедия в 1-м д.,"ИКОННИКОВ, Николай Григорьевич. ",,Отцеубийство или Неблагодарность сына...,
33452,33455,14795,Всяк сам своего счастья кузнец: Рассказ.,"ТУРБИН, Владимир А.",,,
33456,33457,14796,Всяк своему счастью — кузнец: Рассказ.,"САМОЙЛОВ, Евгений.",,,
33458,33459,14797,Всяк свою службу правит: Повесть.,"ДОГАНОВИЧ, Анна Никитична.",,,
33460,33461,14798,Всякая всячина: Рассказы.,"СТОР, Николай.",,,
33462,33463,14799,Всякая всячина: Сатирические и юмористические рассказы.,"ДЖАМАЛЬ-ЗАДЕ, Сеид Мохаммад Али.",,,
33464,33465,14800,Всякая всячина: Юмористические картинки.,"УМАНЕЦ, Лев Игнатьевич.",,,
33466,33467,14801,Всякая всячина из жизни разных деятелей и бездельников Тверской губернии: Вып. 1.,"ВЕРНЕ, Аким (КАРНЕЕВ, Михаил Иванович).",,,
33468,33471,14802,"Всякая всячина или Чем богат, тем и рад: Ч. 1—4.",Имя авт. не установлено.,,,
33472,33473,14803,Всякие: Очерки современной жизни.,"БОБРОВСКИЙ, А. (СУВОРИН, Алексей Сергеевич).",,,
33474,33475,14804,Всякий Еремей про себя разумей или Царство Додона: Сказка.,"ФОМА ЧУДАК (ЗЕЛЕНЕЦКИИ, Алексей Алексеевич).",,,
33476,33477,14805,Всякое бывает: Рассказы.,"КАЛЬ-НИЦКИЙ, Яков Исаакович.",,,
33478,33481,14806,"Всякое бывало:   Сатирические, юмористические и просто стихи.","БЛАГОВ, Юрий Николаевич.",,,
33482,33483,14807,Всякое такое.,"ПРУТКОВ, Иван Кузьмич.",,,
33484,33485,14808,Всякой твари воля мила: Рассказ.,"АЛТАЕВ, Ал.",,,
33486,33487,14809,Всякому гвоздю свое место: Повесть в 2-х ч.,"КРУГЛОВ, Александр Васильевич.",,,
33488,33489,14810,Всякому свое: Басни.,"БЕДНЫЙ, Демьян.",,,
33490,33491,14811,Всясь: Первая и единственная фу-турная миродрама.,"ПОПОВ, Артамон.",,,
33492,33493,14812,Всяческая суета.,"СМУРОВ, Федор Филиппович.",,,
33494,33497,14813,"Втихомолку от жены, кто не прочь от кутерьмы: Комедия в 3-х д.","САРДУ, Викторьен. ",,,Изд. также под. загл.: На огонек.
33498,33499,14814,Вторая атака.,"ОСИНИН, Владимир.",,,
33500,33501,14815,Вторая весна: Повесть.,"ЗУЕВ-ОР-ДЫНЕЦ, Михаил Ефимович.",,,
33502,33503,14816,Вторая весна: Повесть.,"ФРАЕР-МАН, Рувим Исаевич.",,,
33504,33505,14817,Вторая весна: Поэма.,"ИСАКОВ, Андрей Максимович.",,,
33506,33507,14818,Вторая весна: [Рассказы].,"ПРУД-КОВСКИИ, Петр Николаевич.",,,
33508,33509,14819,Вторая весна: Роман.,"ПАЗУХИН, Алексей Михайлович.",,,
33510,33511,14820,Вторая весна: Стихи.,"КОСТИН, Владимир Матвеевич.",,,
33512,33513,14821,Вторая весна: Стихи.,"ЛОШМА-НОВ, Михаил Иванович, ШИРОКОВ, Леонид.",,,
33514,33515,14822,Вторая весна: Стихи.,"РУСТАМ, Сулейман.",,,
33516,33517,14823,Вторая весна: Стихи. 1941—45.,"БАУКОВ, Иван Петрович.",,,
33518,33519,14824,Вторая встреча: Книга стихов.,"ЖУРАВЛЕВ, Василий Андреевич.",,,
33520,33521,14825,Вторая встреча: Приключенческая повесть.,"ЛОБКО, Николай Прокофьевич.",,,
33522,33523,14826,Вторая встреча: Роман.,"ОРОВЕЦ-КИИ, Павел Андреевич.",,,
33524,33525,14827,Вторая встреча: Стихи.,"ВЕРГЕ-ЛИС, Арон Алтерович.",,,
33526,33527,14828,Вторая встреча: [Стихи].,"СВИРИДОВ, Георгий Иванович.",,,
33528,33529,14829,Вторая высота: Стихи.,"ФАТЕЕВ, Геннадий Семенович.",,,
33530,33531,14830,Вторая граница: Пьеса в 1-м д.,"ЛУКОВСКИЙ, Игорь Владимирович.",,,
33532,33533,14831,Вторая древнейшая профессия. Роман.,"СИЛЬВЕСТР, Роберт.",,,
33534,33535,14832,Вторая жена: Новый роман.,"СТИВЕНС, Эдуард.",,,
33536,33537,14833,Вторая жена: Пьеса в 4-х д.,"ПИНЕРО, Артур Уинг.",,,
33538,33539,14834,Вторая жена: Роман.,"АДАМЯН, Нора.",,,
33540,33541,14835,Вторая жизнь: Научно-фантастический роман.,"ВАНЮШИН, Василий Федорович.",,,
33542,33543,14836,Вторая жизнь: Оригинальный роман. В 3-х ч.,"СОКОЛОВСКИЙ, А. ",,,3.
33544,33545,14837,Вторая жизнь: [Очерки].,"ЕЛИЗАВЕТИН, Георгий Васильевич.",,,
33546,33547,14838,Вторая жизнь: Повесть.,"АЗИМЗА-ДЕ, Юсиф Ахадулла оглы.",,,
33548,33549,14839,Вторая жизнь Мартена Крамуа-зана: Роман.,"АНРИО, Эмиль.",,,
33550,33551,14840,Вторая жизнь Николая Деринско-го.,"ПОКУС, Иван Иванович.",,,
33552,33553,14841,Вторая книга: Стихи.,"ЗАБОЛОЦКИЙ, Николай Алексеевич.",,,
33554,33555,14842,Вторая книга: Стихи.,"МАНДЕЛЬШТАМ, Осип Эмильевич.",,,
33556,33557,14843,Вторая книга Амока: Новеллы.,"ЦВЕЙГ, Стефан.",,,
33558,33559,14844,Вторая луна. Астрономический роман.,"ТРЭН, Артур.",,,
33560,33561,14845,Вторая любовь: [Очерки].,"ТОМА-ЕВА, Ада Борисовна.",,,
33562,33563,14846,Вторая любовь: Повесть в письмах.,"РОДИН, Николай Александрович.",,,
33564,33565,14847,Вторая любовь: Психологический этюд.,"БУРЖЕ, Поль.",,,
33566,33567,14848,Вторая любовь: [Рассказ].,"МАЛЫГИНА, Надежда Петровна.",,,
33568,33569,14849,Вторая мать: Рассказ.,"БУТЭ, Фредерик (БУТЕ, Фредерик).",,,
33570,33571,14850,Вторая Мещанская: Юмористические рассказы.,"НИКУЛИН, Лев.",,,
33572,33573,14851,Вторая молодость: Драма в 4-х д.,"НЕВЕЖИН, Петр Михайлович.",,,
33574,33575,14852,Вторая молодость: [Рассказы и очерки].,"КОЧЕТКОВ, Юрий Иванович.",,,
33576,33577,14853,Вторая молодость: Роман.,"ПАЗУХИН, Алексей Михайлович.",,,
33578,33579,14854,Вторая молодость: Роман из современной жизни.,"КОЛОВ, А. А.",,,
33580,33581,14855,Вторая молодость: [Стихи].,"СОКОЛОВ, Владимир Николаевич.",,,
33582,33583,14856,Вторая молодость: Стихи.,"ШАБАЛИН, Александр Павлович.",,,
33584,33585,14857,Вторая молодость Генриха IV: Роман.,"ПОНСОН ДЮ ТЕРРАЙЛЬ, Пьер Алексис де.",,,
33586,33587,14858,Вторая находка: Рассказы.,"ВИНОГРАДОВ, Иван Иванович.",,,
33588,33589,14859,Вторая Нина: Повесть.,"ЧАРСКАЯ, Лидия.",,,
33590,33591,14860,Вторая ночь.,"КИРЮХИН, Алек ",,,сандр Васильевич.
33592,33593,14861,«Вторая отечественная война 1914—1915 гг.»: Сборник стихотворений к современным событиям.,"СУЛИН, Сергей Федорович.",,,
33594,33595,14862,Вторая очередь.,"ЧУРКИН, Александр Дмитриевич.",,,
33596,33599,14863,Вторая  половина   года:  Роман.,"БАРЫШЕВ, Михаил Иванович.",,,
33600,33601,14864,Вторая половина дня: Книга лирики.,"ХЕЛЕМСКИЙ, Яков Александрович.",,,
33602,33605,14865,Вторая  половина   дня:   Стихи.,"ЯКУШЕВ, Николай Михайлович.",,,
33606,33609,14866,Вторая  половина   лета:  Стихи.,"НЕКРАСОВ, Георгий Александрович.",,,
33610,33611,14867,Вторая правда: Рассказ.,"МАЧТЕТ, Григорий Александрович.",,,
33612,33613,14868,Вторая программа: Документальная повесть.,"ЛЕОНТЬЕВА, Тамара Константиновна.",,,
33614,33615,14869,Вторая разведка: Стихи. Поэмы.,"РИНК, Игорь Августович.",,,
33616,33619,14870,Вторая родина: [Роман].,"ВЕРН, Жюль. ",Второе отечество *.,,
33620,33621,14871,Вторая родина: [Стихи].,"РУЧЬЕВ, Борис.",,,
33622,33623,14872,Вторая роса; Разнолетье: Стихи.,"ГОЛЬДБЕРГ, Александр Яковлевич.",,,
33624,33625,14873,Вторая рота: Повесть.,"ВЕЖИ-НОВ, Павел.",,,
33626,33627,14874,Вторая рота: Повесть.,"ГРЕБЕНЩИКОВ, Дмитрий Михайлович.",,,
33628,33629,14875,Вторая рота: [Повесть].,"ФИЛАТОВ, Лев Иванович.",,,
33630,33631,14876,Вторая семья: Повести и рассказы.,"ПОЧИВАЛИН, Николай Михайлович.",,,
33632,33633,14877,Вторая семья: [Повесть].,"ЧИКО-ВАНИ, Григол.",,,
33634,33635,14878,Вторая семья: Повесть.,"ЯБС, Густав.",,,
33636,33637,14879,Вторая стихия: Рассказы.,"ЛЕСС, Александр Лазаревич.",,,
33638,33639,14880,Вторая столица: Повесть.,"ФИНН, Константин.",,,
33640,33641,14881,Вторая стрелковая: Повесть.,"УШАКОВ, Николай Иванович.",,,
33642,33643,14882,Вторая трава.,"ОРЕШИН, Петр Васильевич.",,,
33644,33645,14883,"Вторая ударная: Поэма о второй пятилетке. Инсценированная программа для агитбригад, фабрик и заводов.","ЛАПТЕВ, Алексей Михайлович.",,,
33646,33647,14884,Вторая ударная: Пьеса в 6-ти карт.,"КОССОВСКИИ, Михаил Семенович, ПАВЛОВ, Владимир Константинович.",,,
33648,33649,14885,"Вторая юность: О проделках времени, о секрете долговечности, об отдыхе, о покое, о серебряном роге и кое-что о нашем климате. В 4-х д.","ВЕЧОРА, Герман Юрьевич.",,,
33650,33651,14886,Вторжение: [Пьеса].,"МЕТЕРЛИНК, Морис.",,,
33652,33653,14887,Вторжение: Роман.,"БЛАСКО ИБАНЬЕС, Висенте.",,,
33654,33655,14888,Вторжение: Роман.,"СОКОЛОВ, Василий Дмитриевич.",,,
33656,33657,14889,Вторжение: Стихи.,"ПЕРШИН, Владимир Иванович.",,,
33658,33659,14890,Вторжение с Альдебарана: Научно-фантастические рассказы.,"ЛЕМ, Станислав.",,,
33660,33663,14891,Вторжение смерти.,"МЕТЕРЛИНК, Морис. ",Вторжение.,,
33664,33665,14892,Вторжение Швейка в мировую войну. Отрывки из кн.: «Похождение бравого солдата Швейка во время мировой войны».,"ГАШЕК, Ярослав.",,,
33666,33669,14893,Вторник и пятница.,"КОРЖЕНЕВ-СКИИ, Иосиф (КОЖЕНЁВСКИИ, Юзеф). ",,Тридцать лет спустя...,
33670,33671,14894,"Вторник Мэри: Представление в 3-х ч. для кукол, живых или деревянных.","КУЗМИН, Михаил Алексеевич.",,,
33672,33673,14895,Вторник на Фоминой неделе: Картина-водевиль в 1-м д.,"СОКОЛОВ, Н. С.",,,
33674,33675,14896,"Вторник, 7 мая: История одного изобретения.","ВЕБЕР, Юрий Германович.",,,
33676,33677,14897,Вторник у Каролины Павловой: Сцены из жизни московских литературных салонов 40-х годов.,"ГРОССМАН, Леонид Петрович.",,,
33678,33679,14898,"Второе апреля: Рассказы, повести, публицистика.","ЗВЕРЕВ, Илья.",,,
33680,33681,14899,Второе дыхание: Комедия в 4-х д.,"КРОН, Александр.",,,
33682,33683,14900,Второе дыхание: Новая книга.,"ТУШНОВА, Вероника Михайловна.",,,
33684,33687,14901,Второе дыхание:    [Рассказы].,"ИЛЬЕНКОВ, Василий Павлович.",,,
33688,33689,14902,Второе дыхание: Рассказы.,"СЕВЕРСКИЙ, Георгий Леонидович.",,,
33690,33691,14903,Второе дыхание: Рассказы о спортсменах.,"РАЕВСКИЙ, Борис Маркович.",,,
33692,33693,14904,Второе дыхание: Роман.,"ПРОН-СКИИ, Василий Григорьевич.",,,
33694,33695,14905,Второе дыхание: Стихи.,"ДАЕН, Леонид Абрамович.",,,
33696,33697,14906,Второе дыхание: Стихи.,"КАНУБ-РИКОВ, Андрей Васильевич.",,,
33698,33699,14907,Второе дыхание: Стихи.,"ЛИСОВСКИЙ, Казимир Леонидович.",,,
33700,33701,14908,Второе дыхание: [Стихи].,"СОРОКИН, Лев Леонидович.",,,
33702,33703,14909,"Второе дыхание: [Стихи, рассказы].","ГЛЕБОВ, Борис Дмитриевич.",,,
33704,33705,14910,Второе знакомство: Драма в 3-х д.,"ГОРУЛЕВ, Николай Александрович.",,,
33706,33707,14911,Второе знакомство: Лирика.,"МО-СКВИТИН, Александр Максимович.",,,
33708,33709,14912,Второе зрение: Стихи.,"МИШИН, Олег.",,,
33710,33711,14913,Второе кипение: Рассказы и повести.,"ИНФАНТЬЕВ, Вадим Николаевич.",,,
33712,33713,14914,Второе крыло.,"ДЖИМБИНОВ, Бем Окунович.",,,
33714,33715,14915,Второе лето.,"ФЕДОТОВ, Виктор Иванович",,,
33716,33717,14916,Второе лицо: Пьеса.,"СОЛОДАРЬ, Цезарь Самойлович.",,,
33718,33719,14917,Второе небо: Рассказы и повести.,"ПОЛЕТАЕВ, Самуил Ефимович.",,,
33720,33721,14918,Второе поколение: Повесть.,"ГОЛОВИН, Константин Федорович.",,,
33722,33723,14919,Второе поколение: Повесть о Зое Космодемьянской.,"УСПЕНСКИЙ, Владимир Дмитриевич.",,,
33724,33725,14920,Второе поколение: Роман.,"УИЛЬЯМС, Реймонд.",,,
33726,33727,14921,Второе пришествие: Пьеса в 4-х д.,"БОРОДИН, Александр Павлович.",,,
33728,33731,14922,Второе пришествие: Трагифарс в 2-х д.,"ВИННИКОВ, Виктор Владимирович, КРАХТ, Владимир Константинович.",,,
33732,33733,14923,Второе путешествие Каипа: Романтические повести.,"ПУЛАТОВ, Тимур.",,,
33734,33735,14924,Второе рождение: Очерки.,"БРОШИН, Анатолий Емельянович.",,,
33736,33737,14925,Второе рождение: [Повесть].,"ЖУКОВ, Владимир Николаевич.",,,
33738,33741,14926,Второе рождение:  [Рассказы].,"ЛЯШКО, Николай.",,,
33742,33743,14927,Второе рождение: Роман.,"КОНСТАНТИНОВ, В.",,,
33744,33745,14928,Второе рождение: [Стихи].,"ПАСТЕРНАК, Борис Леонидович.",,,
33746,33747,14929,Второе рождение: Стихи.,"СТЮАРТ, Елизавета Константиновна.",,,
33748,33749,14930,Второе рождение Петьки Озорни-кова.,"ПАВЛОВСКИЙ, Олег Порфирьевич.",,,
33750,33751,14931,Второе распятие Христа: (Фантазия).,"СВЕНЦИЦКИИ, Валентин Павлович.",,,
33752,33753,14932,Второе свидание: Драма в 2-х д.,"СОБКО, Вадим Николаевич.",,,
33754,33755,14933,Второе свидание: Рассказ.,"ШО-ШИН, Михаил Дмитриевич.",,,
33756,33757,14934,Второе свидание: Стихи и поэмы.,"ОСИНИН, Владимир.",,,
33758,33759,14935,Второе свидание лесного разбойника.,"ТЯЖЕЛОИСПЫТАННЫЙ, Андрей (ПРОХОРОВИЧ, Андрей Васильевич).",,,
33760,33761,14936,Второе сердце: 1-я книга стихов.,"ЕВАНГУЛОВ, Георгий.",,,
33762,33763,14937,Второе слово: Стихи.,"НЕСТЕРОВА, Елена Васильевна.",,,
33764,33765,14938,Второе цветение: [Очерки].,"УВАРОВА, Людмила Захаровна.",,,
33766,33767,14939,Второе цветение: Стихи.,"КОЧЕР-БИТОВ, Алексей Михайлович.",,,
33768,33769,14940,Второе чудо.,"МЕДНИКОВ, Анатолий Михайлович.",,,
33770,33771,14941,Второе «я» Энна Кальма: Роман.,"КУУСБЕРГ, Пауль Аугустович.",,,
33772,33773,14942,Второй брак: Драма в 5-ти д.,"ГЕ, Иван Николаевич.",,,
33774,33775,14942а,Второй гигант: Очерки о Сибири.,"НИКИТИН, Михаил Александрович.",,,
33776,33777,14943,"Второй двор, лестница пять: Рассказы из жизни немецких работниц.","ЛАСК, Берта Леопольдовна.",,,
33778,33781,14944,Второй дом от угла: Драма в 3-х д.,"ВИННИКОВ, Виктор Владимирович, КРАХТ, Владимир Константинович.",,,
33782,33783,14945,Второй Император: Историческая повесть.,"СИЗОВА, Александра Константиновна.",,,
33784,33785,14946,Второй ключ: Рассказы.,"МЕДВЕДЕВА, Надежда Матвеевна.",,,
33786,33789,14947,Второй медовый месяц.,Имя авт. не установлено.,,,
33790,33791,14948,Второй номер: Повесть.,"ЛАПТЕВ, Иван Дмитриевич.",,,
33792,33793,14949,"Второй огонь: Стихотворения и поэмы, 1939—1965.","ФЕДОРОВ, Василий Дмитриевич.",,,
33794,33795,14950,Второй перевал: Стихи.,"САМОЙЛОВ, Давид.",,,
33796,33797,14951,Второй раунд.,"ТАРАДАНКИН, Александр Константинович, ФЕСЕНКО, Игорь Михайлович.",,,
33798,33799,14952,Второй старт: Рассказы.,"ЩЕЛОКОВ, Александр Александрович.",,,
33800,33801,14953,Второй цвет: Рассказы.,"ВОРОНИН, Сергей Алексеевич.",,,
33802,33803,14954,Второй экзамен: Сборник рассказов.,"АЛЕКСАНДРОВ, Василий.",,,
33804,33805,14955,Второй эшелон: Повесть.,"ДАВУ-РИН, Давид.",,,
33806,33807,14956,Вторые петухи: Лирический дневник.,"КУЗИН, Евгений Петрович.",,,
33808,33809,14957,Вторые пути: Пьеса в 3-х актах.,"АФИНОГЕНОВ, Александр Николаевич.",,,
33810,33811,14958,Вторые травы: Стихи.,"ЗАВАЛЬ-НЮК, Леонид Андреевич.",,,
33812,33813,14959,Втроем на Бонапарта!: Историческая повесть.,"ИЛЬИНА-ПОЖАРСКАЯ, Елена Дмитриевна.",,,
33814,33815,14960,Втроем на велосипедах.,"ДЖЕРОМ, Джером Клапка.",,,
33816,33817,14961,Втроем на четырех колесах.,"ДЖЕРОМ, Джером Клапка.",,,
33818,33821,14962,Втроем по Темзе.,"ДЖЕРОМ, Джером Клапка. ","Забавные приключения холостяков: На лодке. (Три человека в лодке и с ними собака); Трое в лодке, не считая собаки; Трое в одной лодке; Трое в одной» в лодке, кроме собаки; Трое в одной лодке, не считая собаки.",,
33822,33825,14963,Вудсток или Всадник: История Кромвелевых времен. 1651 г. Ч. 1—4.,"СКОТТ, Вальтер. ",Замок Вудсток; Удсток.,,
33826,33827,14963а,Вукадин: Повесть.,"СРЕМАЦ, Стеван.",,,
33828,33829,14964,By кол: Психологический очерк.,"ПОМЯЛОВСКИЙ, Николай Герасимович.",,,
33830,33831,14965,Вулкан в кармане: Вып. 1—5.,"ЛИПАТОВ, Борис Викторович.",,,
33832,33833,14966,Вулкан и динамит; Неуловимый враг.,"ИВУА, Поль ",,,д\
33834,33835,14967,Вулкан Суби: Роман.,"КОУЛ, Берт.",,,
33836,33837,14968,Вулканическая натура или Сногсшибательно: Фарс-водевиль в 1-м д.,"МОРОЗОВ, Александр Петрович.",,,
33838,33839,14969,Вулканический континент: Путешествие по Южной Америке.,ЛУНДКВИСТ. ,,,Артур.
33840,33841,14970,Вулканусова сила.,"НАСИМОВИЧ, Александр Федорович.",,,
33842,33843,14971,Вулканы на равнинах: (Сцены в 2-х карт.).,"ГРИГОРЬЕВ, Яков.",,,
33844,33845,14972,Вулканы над нами.,"ЛЬЮИС, Норман.",,,
33846,33847,14973,Вулканы 6 «Б»: Пионерская повесть.,"ЗЕМСКАЯ, Ирина Михайловна.",,,
33848,33849,14974,Вулли: История одной желтой дворняжки.,"СЭТОН-ТОМПСОН, Э. (СЕТОН-ТОМПСОН, Эрнест).",,,
33850,33853,14975,"Вулли, пастушья собака.","ТОМП-СОН-СЭТОН, Э. (СЕТОН-ТОМПСОН, Эрнест) . ",Вулли.,,
33854,33855,14976,«ВУР»: Верстандовы универсальные работари. Утопическая социальная драма в 3-х д. с прологом.,"ЧАПЕК, Карел.",,,
33856,33857,14977,"Вурр, старый барсук: Рассказ.","РАГОЗА, Н.",,,
33858,33859,14978—14979,Вутлан зажигает огни: Роман.,"ТАЛВИР, Алексей.",,,
33860,33861,14980,Вход посторонним воспрещен!,"ЦУПРИК, Нина Васильевна.",,,
33862,33863,14981,"Входите, входите!: Маленькие ко-; медии.","АСЛАНОВ, Таймаз Абдулатипович.",,,
33864,33865,14982,Входя в этот дом: Лирическая драма в 6-ти карт.,"СТОРОЖЕВА, Мария Федоровна.",,,
33866,33867,14983,Вхожу в июнь: Стихи.,"ЧИСТЯКОВ, Антонин Федорович.",,,
33868,33871,14984,Вчера:   Драматический этюд.,"ГОФМАНСТАЛЬ, Гуго фон.",,,
33872,33873,14985,Вчера: Повесть.,"КОНОВАЛОВ, Григорий Иванович.",,,
33874,33875,14986,Вчера: Рассказы.,"ВЯТКИН, Георгий Андреевич.",,,
33876,33877,14987,Вчера: [Рассказы].,"ТЭФФИ, Н. А.",,,
33878,33879,14988,Вчера был бой...,"ПАВЛИЧЕНКО, Евгений Максимович.",,,
33880,33881,14989,Вчера была война: Повести и рассказы.,"ВОРОБЬЕВ, Евгений Захарович.",,,
33882,33883,14990,Вчера были подростками: Роман.,"ТОРИН, Владимир Ефремович.",,,
33884,33885,14991,Вчера и завтра.,"МИНАЧ, Владимир.",,,
33886,33887,14992,Вчера и сегодня: Комедия в 2-х ч. К.,"М. У. (УШАКОВ, Константин Михайлович).",,,
33888,33889,14993,Вчера и сегодня: Повести и рассказы.,"КРУГЛОВ, Александр Васильевич.",,,
33890,33891,14994,Вчера и сегодня: [Пьеса].,"МАЛИНОВСКАЯ, Софья Александровна.",,,
33892,33893,14995,Вчера и сегодня: Рассказы.,"ЖЕРОМСКИЙ, Стефан.",,,
33894,33895,14996,Вчера и сегодня: Рассказы.,"МИР, Джалал.",,,
33896,33897,14997,Вчера и сегодня: [Рассказы].,"ФОРШ, Ольга Дмитриевна.",,,
33898,33899,14998,Вчера и сегодня: Рассказы и повесть.,"ВАСИЛЕВСКИЙ, Виталий Сергеевич.",,,
33900,33901,14999,Вчера и сегодня: Роман. Повесть.,"ГОРДОН, Илья Зиновьевич.",,,
33902,33903,15000,Вчера и сегодня: Стихи.,"ГЛОТОВ, Василий Иванович.",,,
33904,33905,15001,Вчера и сегодня: Стихи.,"МИРО-ШИН, Леонид Андреевич.",,,
33906,33907,15002,Вчера и сегодня: Стихи о Востоке.,"ГОРДИЕНКО, Юрий Петрович.",,,
33908,33909,15003,Вчера на Рейне.,"МИХАЛКОВ, Сергей Владимирович.",,,
33910,33911,15004,"Вчера, сегодня, завтра...: [Избранные стихи].","МИХАЛКОВ, Сергей Владимирович.",,,
33912,33913,15005,"Вчера, сегодня, завтра: [Очерки].","УСПЕНСКАЯ, Елена Борисовна.",,,
33914,33915,15006,"Вчера, сегодня, завтра: Очерки и рассказы.","БЕЛЯВСКИЙ, Петр Иванович.",,,
33916,33917,15007,"Вчера, сегодня, завтра: Трилогия. Ч. 1.","СМОЛИН, Дмитрий Петрович.",,,
33918,33919,15008,Вчерашнее облако: Повесть.,"СЕЛИВЕРСТОВ, Семен Леонтьевич.",,,
33920,33923,15009,Вчерашние солдаты:      Очерк.,"БОЛЬШАКОВ, Георгий Александрович.",,,
33924,33925,15010,Вчерашний день: Из полевой книжки.,"СВИРИДОВ, Иван.",,,
33926,33927,15011,Вчерашний день: [Рассказ].,"ОЖЕГОВ, Арнольд Федорович.",,,
33928,33929,15012,Вчерашний день: Рассказы.,"ФОРШ, Ольга Дмитриевна.",,,
33930,33931,15013,Вчерашний день идет за нами: Пьеса в 3-х д.,"КУПРИЯНОВ, Иван Петрович.",,,
33932,33935,15014,Вчерашний день или Некоторые размышления о жалованье и о пенсиях.,"ИЗМАИЛОВ, Александр Ефимович.",,,
33936,33937,15015,Вы: Драма в 3-х д.,"ПАЛЬГУ-НОВ, Сергей Андреевич.",,,
33938,33939,15016,Вы будете призваны: Повесть.,"МАРЬЕНКОВ, Михаил Макарович. ",,,.
33940,33941,15017,Вы бывали в дубравах?: Стихи.,"СЕРИКОВ, Станислав Васильевич",,,","
33942,33943,15018,Вы знаете ее?: Сатирические стихи.,"КОТЛЯРОВ, Борис Иванович.",,,
33944,33945,15019,Вы и ваши знакомые.,"АГРАНОВСКИЙ, Валерий Абрамович.",,,
33946,33947,15020,Вы и вывеска: Юмористические рассказы.,"РЫБКИН, Александр Романович.",,,
33948,33949,15021,Вы их знаете!: Стихи.,"ОЛЕЙНИК, Степан Иванович.",,,
33950,33951,15022,"Вы их узнаете?: Маленькие пьесы, рассказы, фельетоны.","ПОЛЯКОВ, Владимир Соломонович.",,,
33952,33953,15023,"Вы, Коля, Чижик: Уцелевшие страницы дневника.","ГОРОХОВСКИЙ, Владимир Александрович.",,,
33954,33955,15024,"Вы не плачьте, ивы.","АЩЕУЛОВ, Вениамин Абрамович.",,,
33956,33957,15025,Вы остаетесь за нас: Повесть.,"ФОТЬЕВ, Николай Иванович.",,,
33958,33959,15026,Вы — партизаны.,"ГАЧЕ, Беким.",,,
33960,33961,15027,Вы поймете меня: Стихи и поэм<~.,"БАЯНОВ, Ахсан Фатхулбаянович.",,,
33962,33963,15028,Вы с ними встречались: Водевиль в 2-х д.,"МАКАРСКАЯ, Тамара.",,,
33964,33965,15029,Вы с ними встречались: Очерки. Изорепортаж. Зарисовки.,"ЖИВИЛО, Марк Феодосьевич.",,,
33966,33967,15030,Выбор: Драма в 2-х ч.,"АРБУЗОВ, Алексей Николаевич.",,,
33968,33969,15031,Выбор: Повесть.,"ПУЛЬСОН, Абрам Исаакович.",,,
33970,33971,15032,Выбор: Повесть.,"ЯБС, Густав.",,,
33972,33973,15033,Выбор: [Рассказы].,"КРЕТОВА, Ольга Капитоновна.",,,
33974,33975,15034,Выбор: Роман нравов.,"ВАЛЬД-ШТЕТТЕР, Рут.",,,
33976,33977,15035,Выбор: Стихи.,"ФИЛИППОВ, Ростислав Владимирович.",,,
33978,33979,15036,Выбор: [Стихи и поэмы].,"ДОЛИНСКИЙ, Даниил Маркович.",,,
33980,33981,15037,Выбор гувернера: Комедия.,"ФОНВИЗИН, Денис Иванович.",,,
33982,33983,15038—15039,Выбор имени.,"МАЛИКОВ, Кубанычбек Иманалиевич.",,,
33984,33985,15040,Выбор невесты: Повесть.,"ГОФМАН, Эрнст Теодор Амадей.",,,
33986,33987,15041,Выбор невесты: Повесть.,"КОР-ЖЕНЕВСКИЙ, Иосиф (КОЖЕНЕВСКИЙ, Юзеф).",,,
33988,33989,15042,Выбор оружия.,"ЭШ, Уильям.",,,
33990,33991,15043,Выбор Париса: Первая книга стихов.,"ЭЛЬСНЕР, Владимир Юрьевич.",,,
33992,33993,15044,Выбор пути: Стихи.,"КУКУЛЛУ, Амалдан.",,,
33994,33995,15045,Выбор цели.,"ГРАНИН, Даниил.",,,
33996,33999,15046,Выборгская сторона:    Роман.,"АНОВ, Николай.",,,
34000,34001,15047,Выборная кампания: 1. Блок. Трагикомические сценки в 2-х д.,"ДЕВОР, Д. А.",,,
34002,34003,15048,Выборы.,"ТРЕНЕВ, Константин Андреевич.",,,
34004,34005,15049,Выборы в Венгрии: Роман.,"МИК-САТ, Кальман.",,,
34006,34009,15050,Выборы депутата: Из русской жизни.,Имя авт. не установлено.,,,
34010,34011,15051,Выборы. Игуменьи.,"СТЭНОЮ, Дамиан.",,,
34012,34013,15052,Выборы отцов города: Картинки с натуры.,"КОЗОЧКИИ, А. П.",,,
34014,34015,15053,Выборы царя: Сцены из времен избрания на царство Михаила Федоровича Романова.,"МАЗОВ, Н.",,,
34016,34017,15054,"Выбранное, что лучше: Рассказы и повесть.","СТАРОСТИН, Н. Д.",,,
34018,34019,15055,Выбранные места из переписки с друзьями.,"ГОГОЛЬ, Николай Васильевич.",,,
34020,34021,15056,Выброшенные морем.,"БЭКЕР, Са-муэль (БЕЙКЕР, Самюэл Уайт).",,,
34022,34023,15057,Выбыл из строя и другие рассказы.,"СИВАЧЕВ, Михаил Гордеевич.",,,
34024,34025,15058,Вывернутый колодец.,"МЕРГЕН, Ата Копек (МЕРГЕНОВ, Атакопек).",,,
34026,34029,15059,"Вывих. КРЕТОВА, Ольга Капитоновна. 15059а, Выгодная партия: Оригинальный водевиль в 1-м д.","А. П. (ПОХВИСНЕВ, Аркадий Николаевич).",,,
34030,34031,15060,Выгодное дело. Пьеса в 3-х д.,"ШУМИЛОВА, Л. И.",,,
34032,34033,15061,Выгодное дело: (Хитрый дворянин). Комедия в 4-х д.,"ЭНГЕЛЬ, Александр, ГОРСТ, Юлий.",,,
34034,34035,15062,Выгодное предприятие: Комедия в 4-х д.,"ПОТЕХИН, Алексей Антиповлч.",,,
34036,34039,15063,Выгодный жених:     (Неравный брак). Комедия в 3-х д.,ТУР,,,", братья."
34040,34041,15064,Выгодный жилец: Картинка с натуры в 1-м д.,"АННЕНКОВ, Георгий.",,,
34042,34043,15065,Выдвиженец: Роман.,"ШУЛИКОВ, Василий.",,,
34044,34045,15066,Выдвиженец: Юмористические рассказы.,"САВОСИН, Степан Емельянович.",,,
34046,34047,15067,Выдвиженцы: Рассказы. Очерки.,"ОСТРОГОРСКИЙ, Николай Иванович.",,,
34048,34049,15068,Выдуманная любовь: Стихи.,"ЛЕЙ-ТИН, Борис Натанович.",,,
34050,34051,15069,Выдумщица: Рассказы.,"СУХАНОВА, Светлана Николаевна.",,,
34052,34053,15070,Выезд батарей: Стихи.,"КАЛИНИН, Алексей Федорович.",,,
34054,34055,15071,Выезд в деревню: Рассказ.,"ЧИСТЯКОВ, Михаил Борисович.",,,
34056,34057,15072,Выздоровление; На мартенах; Юр-базар: Три повести.,"ШВЕДОВ, Яков Захарович.",,,
34058,34059,15073,Выздоровление: [Стихи].,"КОБРИН, Юрий Леонидович.",,,
34060,34061,15074,Вызов: Драматический пролог в 3-х д.,"ГОРЧИНСКИЙ, Болеслав.",,,
34062,34063,15075,Вызов: Колхозные очерки.,"ТРЕТЬЯКОВ, Сергей Михайлович.",,,
34064,34065,15076,Вызов: Пьеса в 2-х карт.,"ЗАДОНСКИЙ, Николай Алексеевич.",,,
34066,34067,15077,Вызов: [Роман].,"БОГДАНОВ, Николай Владимирович.",,,
34068,34069,15078,Вызов: Хроника современной жизни. В 2-х д.,"ВИННИЧЕНКО, Иван Федорович.",,,
34070,34071,15079,Вызов брошен: Первая повесть из цикла «Ударники».,"СЕМЕНОВ, Демьян Захарович.",,,
34072,34073,15080,Вызов на дуэль: Рассказы.,"МОШ-КОВСКИИ, Анатолий Иванович.",,,
34074,34075,15081,Вызов на дуэль: Фарс в 1-м д.,"САВЕЛЬЕВ-СЛУЦКИЙ, Лев Исаакович.",,,
34076,34077,15082,Вызов принят: Роман.,"ФРЕИ-ЛИХМАН, Иосиф М.",,,
34078,34079,15083,Вызываем огонь на себя.,"ГОРЧАКОВ, Овидий Александрович.",,,
34080,34081,15084,Вызываем «Соболь-2».,"СУРОВА, Елена Ивановна.",,,
34082,34083,15085,Вызывайте 5... 5... 5...: Рассказы.,"ЗУЕВ-ОРДЫНЕЦ, Михаил Ефимович.",,,
34084,34085,15086,Вызываются свидетели: Драматические сцены в 2-х д.,"ЭДЛИС, Юлиу Филиппович.",,,
34086,34087,15087,Выиграл: (Рассказ из жизни труженика печати).,"КРУПНОВ, А. Е.",,,
34088,34089,15088,Выиграл: Шутка в 1-м д.,"БУЛАВКИН, Н. В.",,,
34090,34091,15089,Выигрыш: Водевиль в 1-м д.,"ТУРОВСКИЙ, Борис Ильич.",,,
34092,34093,15090,Выигрыш: Комедия в 3-х д.,"МАТУШКИН, Василий Семенович.",,,
34094,34095,15091,Выигрыш: Пьеса в 3-х карт.,"ГОРЯЧИЙ, Александр.",,,
34096,34099,15092,Выигрыш: Юмористический .рассказ.,"ДЖАКОБС, В. (ДЖЕКОБС, Вильям Вимарк). ",,Победа Блунделля...,
34100,34101,15093,Выигрыш без билета 25000 рублей: Рассказ.,ПАНЬКО РУДЫЙ.,,,
34102,34105,15094,Выигрыш без расчета: Комедия в 2-х д.,"ПАВЛОВ, Андрей.",,,
34106,34107,15095,Выигрыш в 200 тысяч: (Быль на святках).,"СОКОЛОВСКИЙ, А. ",,,3.
34108,34109,15096,Выигрыш в лотерею: Пьеса в 1-м акте.,"КАПЛИНСКАЯ, Елена Сергеевна.",,,
34110,34111,15097,Выигрышный билет.,ШОЛОМ-АЛЕЙХЕМ.,,,
34112,34115,15098,Выигрышный билет нумер 9672.,"ВЕРН, Жюль. ","Лотерейный билет; Приданое в бутылке или На воде прощались, на суше повенчались.",,
34116,34117,15099,Выйти из пустыни: Рассказы и публицистика.,"БОЛДУИН, Джеймс Артур.",,,
34118,34119,15100,Выкорчевка: Пьеса в 4-х д. Репертуар хлебозаготовительной и осенней посевной кампании.,"ДАВЫДОВ, Василий Иванович.",,,
34120,34121,15101,Выкресты: Пьеса в 4-х д.,"НО-ЗЬЕР, Фернанд, САВУАР, Альфред.",,,
34122,34123,15102,Выкуп: [Рассказ].,О. ГЕНРИ.@ В кн.: Красные розы...,,,
34124,34125,15103,Выкуп; Свекровь; Отец Андрей: Рассказы.,"ВОВЧОК, Марко.",,,
34126,34127,15104,Выкуп вождя краснокожих.,О. ГЕНРИ.,,,
34128,34129,15105,Выкуп Оссиана.,"ПИСАРЕВ, Александр Иванович.",,,
34130,34131,15106,Вылазка в будущее: Стихи.,"БРАУН, Николай Леопольдович.",,,
34132,34133,15107,"Вылазка Кандида или Да не погибнет Вестфалия в пучине смеха: Перевод с немецкого г-на доктора Ральфа с добавлением, которое было найдено в кармане у доктора, когда он скончался в застенке на Александерплац в лето благодати господней 1934 г.","САВИН, Лев Исаевич.",,,
34134,34135,15108,Вылет ласточек: Очерки из школьной жизни молодых девушек.,"СОНИНА, С.",,,
34136,34137,15109,Вылеченный принц: Сказка для детей совершенного возраста.,"ВОЛХОВСКИЙ, Феликс Вадимович.",,,
34138,34139,15110,Вылечился: Пасхальный рассказ.,"МОЛЧАНОВ, Александр Николаевич.",,,
34140,34141,15111,Вылечился: Рассказ.,"СЕРАФИМОВИЧ, Александр.",,,
34142,34143,15112,«Вымирающие»: Драма в 3-х д.,"БАЯНОВ, Федор.",,,
34144,34145,15113,Вымирающий лебедь: Электропляс.,"ЛАНИН, Илларион Антонович.",,,
34146,34147,15114,Вымпел: Стихи.,"КАРЕВ, Григорий Андреевич.",,,
34148,34149,15115,Вымпел мира: Стихи.,"БЕРШАДСКИЙ, Виктор Арнольдович.",,,
34150,34151,15116,Вымпел на мачте.,"КУРЕННОЙ, Евгений Гаврилович.",,,
34152,34153,15117,Вымпел над клотиком: Повесть.,"РЕУТОВ, Алексей Ильич.",,,
34154,34155,15118,Вымпел скорости.,"МОСКВИТИН, Николай Тихонович.",,,
34156,34157,15119,Вымышленные жизни.,"ШВОБ, Марсель.",,,
34158,34161,15120,Вынужденная клевета: Драма в 5-ти д. (Оригинал).,"БЕРЕЗКИН, Фаддей Николаевич.",,,
34162,34165,15121,Вынужденная ложь: Повесть.,Имя авт. не установлено.,,,
34166,34167,15122,Вынужденная остановка.,"ЛЕБЕН-ЗОН, Иосиф (ЛЕОНИДОВ, Иосиф), ЭНТИН, Александр Михайлович.",,,
34168,34171,15123,Вынужденная посадка: Комедия в 4-х д.,"ЛАПТЕВ, Юрий Григорьевич, ВОДОПЬЯНОВ, Михаил Васильевич.",,,
34172,34173,15124,Вынужденная посадка: Повесть.,"ТОМАН, Николай Владимирович.",,,
34174,34175,15125,Вынужденная посадка: Повесть о молодых специалистах.,"БЕЛУТИН, Виктор Александрович.",,,
34176,34177,15126,Выпадет снег: Рассказы и повесть.,"КУЧМИДА, Николай Павлович.",,,
34178,34179,15127,Выписка из протокола.,"МИКИ-ТЕНКО, Иван Кондратьевич.",,,
34180,34181,15128,Выполненное обещание: Комедия в 1-м д.,"ЗАЛЕССКИЙ, Зиновий Михайлович, ЧИКАРЬКОВ, Александр Васильевич.",,,
34182,34183,15129,«Выпрямила».,"УСПЕНСКИЙ, Глеб Иванович.",,,
34184,34185,15130,Выпускается десятый «А»: Повесть.,"БАБЕНКО, Надежда Ивановна.",,,
34186,34187,15131,Выпускники: Пьеса в 3-х д.,"СКОВРОНСКИИ, Здзислав.",,,
34188,34189,15132,Выпусти птицу!: Стихи и поэмы.,"ВОЗНЕСЕНСКИЙ, Андрей Андреевич.",,,
34190,34191,15133,Выпустить птицу на волю: Стихи.,"ПАНЮШКИН, Сергей Порфирьевич.",,,
34192,34195,15134,Вырвавшееся признание.,"МЯСОЕДОВ, Александр Дмитриевич. ",,Иван Стамезкин...,
34196,34197,15135,Выродки: Пьеса в 5-ти д.,"ЧИСТЯКОВА, В.",,,
34198,34199,15136,Выродки: Серия рассказов из жизни падших.,"РАБОЧИЙ АЛЕКСАНДР (БЕЗВЕСТНЫЙ (ЭТТИНГИН, Александр 3.) (ЭТТИНГЕН, Александр 3.).",,,
34200,34201,15137,Выродок.,"СТЕРН, А. В.",,,
34202,34203,15138,Вырождение: Итоги жизни. Пьеса в 4-х д.,"ВЕРШИНИН, Алексей Платонович.",,,
34204,34205,15139,Вырос камушек: Повесть.,"ШАБАЕВ, Эрик Георгиевич.",,,
34206,34207,15140,Выросли мы в пламени: Героическая поэма в 3-х ч.,"ВЯТСКИЙ, Андрей, МОРЕВ, Владимир.",,,
34208,34209,15141,Выросли мы в пламени...: [Рассказы].,"ПРИВАЛЬСКИИ, Всеволод Михайлович.",,,
34210,34211,15142,Выросшие в пламени.,"ВАХОВ, Анатолий Алексеевич.",,,
34212,34213,15143,Вырубленный сад: Стихотворения.,"ЛУЧИНИН, Леонид.",,,
34214,34215,15144,Выручил: Драматическая картина в 1-м д.,"АПОЛЛОНОВ, С.",,,
34216,34217,15145,Выручил: (О куницах).,"ЧЕГЛОК, Александр.",,,
34218,34219,15146,Выручил: [Пьеса].,"ИРКУТОВ, Андрей.",,,
34220,34221,15147,Выручил: Пьеса в 1-м д.,"ЛЕВ-ШИН, Владимир Артурович.",,,
34222,34223,15148,Выручил: Шутка в 1-м д.,"МАНС-ФЕЛЬД, Дмитрий Августович.",,,
34224,34227,15149,Выручила: [Рассказ].,"ГУТЕР, Иван. ",,Галлюцинация...,
34228,34229,15150,Выручила: Рассказ.,"ИЛЬИНА, Мария Федоровна.",,,
34230,34231,15151,Выручка: (Правдивая история).,"ВАСИЛЬКОВСКИЙ, А. К.",,,
34232,34233,15152,Выручка: Рассказ.,"ДИНСКИЙ, А.",,,
34234,34235,15153,Выселение полицейского.,"ДЖЕ-КОБС, Вильям Вимарк.",,,
34236,34237,15154,Выселок: Повесть.,"АХО, Юхани.",,,
34238,34239,15155,Выселок: Рассказ.,"ПЕИВЕРИНТ, П. (ПЯИВЯРИНТА, Пиетари).",,,
34240,34241,15156,Выскочка: Комедия-водевиль в 2-х д.,"СТАМАТИ, Константин Константинович (СТАМАТИ-ЧУРЯ, Константин Константинович).",,,
34242,34243,15157,Выскочка: [Рассказ].,"РЕИЗИН, Авраам.",,,
34244,34245,15158,Выскочка: Сценка из жизни пансионерок в 1-м д.,"СМЕЛЬСКАЯ, В. Ф.",,,
34246,34249,15159,Выслужившийся офицер или Война Монтроза: Исторический роман. Ч. 1—4.,"СКОТТ, Вальтер. ",Легенда о Монтрозе; Предания о Монтрозе и его спутниках.,,
34250,34251,15160,Выслужился; Новогодние поздравления; Веселая вечеринка; Проворство рук; Взамен политики.,"ТЭФФИ, Н. А.",,,
34252,34253,15161,Высокая вода: Стихи.,"АБРАМОВ, Герман Моисеевич.",,,
34254,34255,15162,Высокая должность: Очерки.,"МАКАРЕНКО, Яков Иванович.",,,
34256,34257,15163,Высокая должность: [Повесть о молодых сталеварах].,"ЕВДОКИМОВ, Николай Семенович.",,,
34258,34259,15164,Высокая должность: Роман.,"КУКУШКИН, Василий Николаевич.",,,
34260,34261,15165,Высокая должность: Стихи.,"РЯД-ЧЕНКО, Иван Иванович.",,,
34262,34263,15166,Высокая жизнь: Комедия в 4-х д.,"ЗУДЕРМАН, Герман.",,,
34264,34265,15167,Высокая звезда: Стихи.,РЕШЕТНИКОВ,,,",, Леонид Васильевич."
34266,34267,15168,Высокая звезда: Стихи.,"СМИРНОВ, Дмитрий Артемьевич.",,,
34268,34269,15169,Высокая земля: Романтическое повествование. Кн. 1.,"ШИРЯЕВ, Петр Алексеевич.",,,
34270,34271,15170,Высокая земля: Стихи.,"КОНДАКОВ, Георгий Васильевич.",,,
34272,34273,15171,Высокая кладка: Повесть. Рассказы.,"ЕМЕЛЬЯНОВ, Алексей Тимофеевич.",,,
34274,34275,15172,Высокая луна: Стихи.,"ДЖАБУ-ШАНУРИ, Габриэл Лукич.",,,
34276,34277,15173,Высокая орбита: Сборник стихов.,"МЕЛЬНИКОВ, Юрий Иосифович.",,,
34278,34279,15174,Высокая песнь: Избранные стихи.,"РЫЛЬСКИЙ, Максим Фаддеевич.",,,
34280,34281,15175,Высокая равнина: Стихи.,"ПУЛЬ-СОН, Абрам Исаакович.",,,
34282,34283,15176,Высокая радуга: Рассказы.,"ПАЙВИН, Иван Константинович.",,,
34284,34285,15177,Высокая тропа: Рассказы.,"ШЕСТАКОВА, Юлия Алексеевна.",,,
34286,34287,15178,Высокая честь: Стихи и поэма.,"ШЕРЕМЕТ, Микола.",,,
34288,34289,15179,Высокая широта: Роман.,"МУРАВЬЕВ, Владимир Игнатьевич.",,,
34290,34291,15180,Высоки снега.,"АБДУЛЛИНА, Лира Султановна.",,,
34292,34293,15181,Высокие деревья: Стихи.,"ШИЛЯ-ЕВ, Анатолий Степанович.",,,
34294,34295,15182,Высокие деревья: Стихотворения.,"КУЛИЕВ, Кайсын Шуваевич.",,,
34296,34297,15183,Высокие звезды: Стихи и поэма.,"ГАМЗАТОВ, Расул Гамзатович.",,,
34298,34299,15184,Высокие зори: Стихи.,"СЕМКО, Олег Федорович.",,,
34300,34301,15184а,Высокие колокола: Стихи.,"ОЛЬШЕВСКИЙ, Рудольф Александрович.",,,
34302,34303,15185,Высокие низы: Письма с Украины.,"МИХАЛЕВИЧ, Александр Владимирович.",,,
34304,34305,15186,Высокие ноты: Стихи.,"МАЛДО-НИС, Альфонсас Мотеяус.",,,
34306,34307,15186а,Высокие полдни: Стихотворения и поэмы.,"МУЛДАГАЛИЕВ, Джубан.",,,
34308,34309,15187,Высокие равнины: Рассказы.,"ГО-РОБОВА, Александра Львовна.",,,
34310,34311,15188,Высокие снега: Стихи.,"ШАВЫ-РИН, Юрий Михайлович.",,,
34312,34313,15189,Высокие тополя: Рассказы.,"ЕЛОВ-СКИХ, Василий Иванович.",,,
34314,34315,15190,Высокие широты: [Очерки].,"ИЛЬИН, Виктор Андреевич.",,,
34316,34317,15191,Высокие широты: Стихи.,"ВИЛЬ-ЧЕК, Всеволод.",,,
34318,34319,15192,Высокий берег: Очерки.,"МАРИНА, Валентина Ивановна.",,,
34320,34321,15193,Высокий берег: Рассказы.,"ВОЛЫНСКИЙ, Леонид Наумович.",,,
34322,34323,15194,Высокий берег: Стихи.,"ГАТОВ, Александр Борисович.",,,
34324,34325,15195,Высокий берег: Стихи.,"ЯКУШЕВ, Николай Михайлович.",,,
34326,34327,15196,Высокий ветер: Роман.,"ЛЬВОВА, Ксения Сергеевна.",,,
34328,34329,15197,Высокий гость: Рассказ.,"КРУГЛОВ, Александр Васильевич.",,,
34330,34331,15198,Высокий дождь: Рассказы.,"МЕЛЬНИЧЕНКО, Иван Максимович.",,,
34332,34333,15199,Высокий Замок: Роман.,"ЛЕМ, Станислав.",,,
34334,34335,15200,Высокий ключ: Рассказы. Повести.,"ГУЛЯКОВСКИЙ, Евгений Яковлевич.",,,
34336,34337,15201,Высокий мой берег: Стихи.,"ТА-ТЬЯНИЧЕВА, Людмила Константиновна.",,,
34338,34339,15201а,Высокий остров: Роман.,"СЕР-ГИЕВИЧ, Дмитрий Григорьевич.",,,
34340,34341,15202,Высокий перевал.,"ЖУМАМУРА-ТОВ, Тлеуберген (ДЖУМАМУРАТОВ, Тле-уберген).",,,
34342,34343,15203,Высокий полдень: Стихи.,"ДОКО-ЛИНА, Галина Павловна.",,,
34344,34345,15204,Высокий полдень: Стихи.,"СТЕЛЬМАХ, Михайло (СТЕЛЬМАХ, Михаил Афанасьевич) .",,,
34346,34347,15205,Высокий порог.,"ФОМЕНКО, Лидия Николаевна.",,,
34348,34349,15206,Высокий потолок: Стихи и поэма.,"БАЛТАКИС, Альгимантас.",,,
34350,34351,15207,Высокий путь: Повести.,"ИТИН, Вивиан Азарьевич.",,,
34352,34353,15208,Высокий свод: Стихи.,"СИДОРОВ, Валентин Митрофанович.",,,
34354,34355,15209,Высокий татарин.,"ЗАСОДИМ-СКИЙ, Павел Владимирович.",,,
34356,34357,15210,Высокий фонтан: Роман.,"ИВАНКОВ, Алексей Федорович.",,,
34358,34359,15211,Высоко в горах.,"РАДОВСКАЯ, Ремида Григорьевна.",,,
34360,34361,15212,Высоко на крыше: Повести и рассказы.,"ЕФИМОВ, Игорь Маркович.",,,
34362,34363,15213,Высоко на третьем этаже: Повесть.,"ДОБРОВЕНСКИЙ, Роальд Григорьевич.",,,
34364,34365,15214,Высоко над землей.,"ТВЕРДОВ, Ефим Григорьевич.",,,
34366,34367,15215,Высоковольтка: Стихи.,"ЦВЕТКОВ, Денис Михайлович.",,,
34368,34369,15216,Высокогорные стихи.,"АСЕЕВ, Николай Николаевич.",,,
34370,34371,15217,Высокогорный снег: Поэма и стихи.,"АЛИЕВ, Адалло Магомедович (АДАЛ-ЛО, А.).",,,
34372,34373,15218,Высокогорье.,"ГАМИДОВ, Магомед.",,,
34374,34375,15219,Высокое давление.,"СОЛОВЬЕВ, Леонид Васильевич.",,,
34376,34377,15220,Высокое звание: Стихи.,"МУХИН, Владимир Евграфович.",,,
34378,34379,15221,Высокое и голубое: Рассказы.,"ГЕЛЬВИ, Марина Эрастовна.",,,
34380,34381,15222,Высокое искусство: Рассказы.,"ЧЕРНЫЙ, Осип Евсеевич.",,,
34382,34383,15223,Высокое мгновение: Стихи и поэмы.,"ДОМРИН, Владимир Викторович.",,,
34384,34385,15224,Высокое напряжение: [Очерки Кузбасса].,"КРИГЕР, Евгений Генрихович.",,,
34386,34389,15225,Высокое напряжение: Пьеса в 1-м д.,"НИКУЛИН, Юрий Вениаминович.",,,
34390,34391,15226,Высокое напряжение: Рассказы и очерки.,"РОМАНОВ, Александр Николаевич.",,,
34392,34393,15227,Высокое напряжение: Стихотворения.,"АНТОКОЛЬСКИЙ, Павел Григорьевич.",,,
34394,34395,15228,Высокое напряжение: (Сын века). [Героическая комедия в 3-х д.],"КУПРИЯНОВ, Иван Петрович.",,,
34396,34397,15229,Высокое небо: Избранные стихи.,"МУРЗИДИ, Константин Гаврилович.",,,
34398,34399,15230,Высокое небо: Повесть.,"МУСАТОВ, Алексей Иванович.",,,
34400,34401,15231,Высокое пламя.,"ПАЛЬ, Роберт Васильевич.",,,
34402,34403,15232,Высокое поле: Повести и рассказы.,"ЛЕБЕДЕВ, Василий Алексеевич.",,,
34404,34405,15233,Высокое солнце: Сборник пьес.,"АНТОКОЛЬСКИЙ, Александр Альбертович.",,,
34406,34407,15234,Высокое солнце: Стихи.,"НАРЗУЛ-ЛАЕВ, Нормурад.",,,
34408,34409,15235,Высокое чувство: Пьеса в 4-х д.,"ЖАТКИН, Петр Лазаревич.",,,
34410,34411,15236,Высокое чувство: Рассказы.,"ХАИТ, Давид Маркович.",,,
34412,34417,15237,Высокопоставленное лицо: Фарс в 3-х д.,Имя авт. не установлено.,,,
34418,34419,15238,Высокочтимые попрошайки.,"ПА-РОНЯН, Акоп Ованесович.",,,
34420,34421,15239,Высота. Книга стихов.,"ОСМИЕВ, Хамзат Сосиевич.",,,
34422,34423,15240,Высота: Повесть.,"ПРОКОФЬЕВ, Дмитрий Георгиевич.",,,
34424,34425,15241,Высота: Поэма.,"ПИНЯЕВ, Иван Данилович.",,,
34426,34427,15242,Высота: Проза и стихи.,"ТРУХА-НОВ, Владимир Иванович.",,,
34428,34429,15243,Высота: Рассказы Яши Кудрявцева.,"МУРЗИДИ, Константин Гаврилович.",,,
34430,34431,15244,Высота: Роман.,"ВОРОБЬЕВ, Евгений Захарович.",,,
34432,34433,15245,Высота: Стихи.,"ВАГАБЗАДЕ, Бахтияр Махмуд оглы.",,,
34434,34435,15246,Высота: Стихи.,"ГРАХОВСКИИ, Сергей Иванович.",,,
34436,34437,15247,Высота: Стихи.,"КАРАНДИН, Николай Ефимович.",,,
34438,34439,15248—15249,Высота: Стихи.,"КОВАЛЬ-ВОЛКОВ, Александр Иванович.",,,
34440,34441,15250—15251,Высота: Стихи.,"МОСИЕНКО, Николай Алексеевич.",,,
34442,34443,15252,Высота: [Стихи].,"ПРИЦКЕР, Лев Петрович.",,,
34444,34445,15253,Высота: Стихи.,"СБИТНЕВ, Юрий Николаевич.",,,
34446,34447,15254,Высота: Стихи.,"ХУЗАНГАИ, Педер (ХУЗАНГАЙ, Петр Петрович).",,,
34448,34449,15255,Высота: Стихи.,"ШАБАЛИН, Александр Павлович.",,,
34450,34451,15256,Высота: Стихи и поэмы.,"АМАШУ-КЕЛИ, Реваз Бидзинович.",,,
34452,34453,15257,Высота Безымянная: Повесть.,"ЗИ-БОРОВ, Евгений Александрович.",,,
34454,34455,15258,Высота Безымянная: Повесть о китайских народных добровольцах в Корее.,ЛАО ШЭ.,,,
34456,34457,15259,Высота бессмертных: Документальная повесть.,"БАКАЛОВ, Александр Петрович, ТИМОФЕЕВ, Давид Тимофеевич.",,,
34458,34459,15260,Высота героев: Документальная повесть.,"ИНШАКОВ, Павел Кузьмич.",,,
34460,34461,15261,Высота 2222: Повесть.,"ВИНКМАН, Мария Карловна, ИВАНОВ, Евгений Филиппович.",,,
34462,34463,15262,Высота полета: Рассказы.,"КОНОНОВ, Виктор Михайлович.",,,
34464,34465,15263,Высота С.,"ЯКУБ, Эсфирь Александровна.",,,
34466,34467,15264,Высота Тюрпека.,"ФИШ, Геннадий Семенович, ШУР, Михаил Маркович.",,,
34468,34469,15265,Высотный аттракцион: Повесть о нескольких днях американской жизни.,"ХА-РИТАНОВИЧ, Эдуард Брониславович.",,,
34470,34471,15266,Высотный почерк.,"ЩЕРБАКОВ, Юрий Михайлович.",,,
34472,34475,15267,Высоты: Драма в 4-х д.,"ЛИБЕ-ДИНСКИЙ, Юрий Николаевич. ",1927 (Высоты).,,
34476,34477,15268,Высоты: Лирические очерки.,"ЗАХАРОВ, Николай Иванович.",,,
34478,34479,15269,Выставка красавиц: Комедия-фарс в 3-х д.,"СОКОЛОВ-ЖАМСОН, Павел Ананьевич (СОКОЛОВ, Павел Ананьевич).",,,
34480,34481,15270,Выстрел: Комедия в стихах; Трагедийная ночь; Социализм; Рубеж столетий.,"БЕЗЫМЕНСКИЙ, Александр Ильич.",,,
34482,34483,15271,Выстрел: Комедия в 4-х д.,"ТОЛСТОЙ, Алексей Николаевич.",,,
34484,34485,15272,Выстрел: Повесть.,"ПУШКИН, Александр Сергеевич.",,,
34486,34487,15273,Выстрел: [Повесть и рассказы].,"ИВАНТЕР, Бениамин Абрамович.",,,
34488,34489,15274,Выстрел: [Рассказ].,"ДОМБРОВСКИЙ, Р.",,,
34490,34491,15275,Выстрел: Роман.,"АЧИМОВИЧ, Ти-хомир Михайлович.",,,
34492,34493,15276,Выстрел: [Стихи].,"ЗАМАШКИН, Александр Георгиевич.",,,
34494,34495,15277,Выстрел в бухте.,"СЕННИКОВ, Георгий Иванович.",,,
34496,34497,15278,Выстрел в землянке.,"ГУСЕВ, Александр Васильевич.",,,
34498,34501,15279,Выстрел в лесу: [Повесть].,"АЗБУ-КИН, Борис Павлович. ",,Ленькин салют...,
34502,34503,15280,Выстрел в лесу: Повесть.,"МАРКЯ-ВИЧУС, Анелюс Микович (МАРКЯВИ-ЧЮС, Анелюс Микович).",,,
34504,34505,15281,Выстрел в лесу: Повесть.,"МЯСНИКОВ, Валентин Николаевич.",,,
34506,34507,15282,Выстрел в лесу: Рассказы.,"ПАНЧ, Петро.",,,
34508,34509,15283,Выстрел в Метехи: Повесть о Л. Кецховели.,"ЛОХВИЦКИЙ, Михаил Юрьевич.",,,
34510,34511,15284,Выстрел в переулке.,"САМОЙЛОВ, Л., ГИРИН, Владимир Михайлович.",,,
34512,34513,15285,Выстрел в тумане.,"ЯКОБСЕН, Иене Петер.",,,
34514,34515,15286,Выстрел и другие рассказы.,"СЛУ-ЧЕВСКИЙ, Константин Константинович.",,,
34516,34517,15287,Выстрел на окраине: Рассказы о работниках милиции.,"ПОЧИВАЛИН, Николай Михайлович.",,,
34518,34519,15288,Выстрел на перевале: Повесть.,"АУЭЗОВ, Мухтар Омарханович.",,,
34520,34521,15289,Выстрел на рассвете: Повесть и рассказы.,"САФРОНОВ, Виктор Михайлович.",,,
34522,34523,15290,Выстрел на Фонтанке: Из хроники семьдесят пятой комнаты Смольного.,"СОНКИН, Михаил Евгеньевич.",,,
34524,34525,15291,Выстрел под Прагой: Повесть.,"СКОРОХОДОВ, Николай Никитич.",,,
34526,34527,15292,Выстрел с Невы.,"ЛАВРЕНЕВ, Борис Андреевич.",,,
34528,34529,15293,Выстрел Сиверина; Бойкот: Рассказы.,"ЕРМАКОВ, Ник.",,,
34530,34531,15294,Выстрелы: Стихи и поэма.,"ЖУКОВ, Владимир Семенович.",,,
34532,34533,15295,Выстрелы в горах: Повесть.,"ЛАШКОВ, Игорь Вячеславович.",,,
34534,34537,15296,Выстрелы в степи:    Повесть.,"АЛЕКСАНДРОВ, Виктор Евгеньевич.",,,
34538,34539,15297,Выстрелы на заре.,"КИРЕЕВ, Алексей Филиппович.",,,
34540,34541,15298,Выстрелы на поляне: Маленькие повести.,"ЗЕМЛЯНСКИЙ, Анатолий Федорович.",,,
34542,34543,15299,Выступление в путь.,"ТИТОВ, Константин Маркович.",,,
34544,34545,15300,Высшая мера: [Повести].,"НАИ-ДИЧ, Михаил Яковлевич.",,,
34546,34547,15301,Высшая мера: Повести и рассказы.,"НИКУЛИН, Лев.",,,
34548,34551,15302,Высшая награда:   [Рассказы].,"ЖУРБА, Павел.",,,
34552,34553,15303,Высшая награда: Сборник рассказов.,"ВЕЛИКАНОВ, Владимир Феодосьевич.",,,
34554,34555,15304,Высшая ступень: Очерки.,"ЮРИН, Сергей Васильевич.",,,
34556,34557,15305,Высшая школа: Комедия в 4-х актах.,"ГАЛИАТ, Рустем (ВАЛАЕВ, Рустем Георгиевич).",,,
34558,34559,15306,Высшее милосердие: Новогоднее (1889 г.) посвящение.,"ЗАВИТНЕВИЧ, Иван Зенонович.",,,
34560,34561,15307,Высшее существо: Комедия в 3-х д.,"ФЕХЕР, Клара.",,,
34562,34563,15308,Высшей категории трудности.,"ЯРОВОЙ, Юрий Евгеньевич.",,,
34564,34565,15309,Высший класс.,"РАХТАНОВ, Исай Аркадьевич.",,,
34566,34567,15310,Высший принцип: Рассказы.,"ДРДА, Ян.",,,
34568,34569,15311,Выталкивающая сила.,"МАТЛИН, Александр Григорьевич.",,,
34570,34573,15312,Вытурил: Шутка в 1-м д.,"ГРЕС-СЕР, Гавриил Николаевич, ЧИРИКОВ, С. В.",,,
34574,34575,15313,Выход: Маленькая повесть.,"СЫСОЕВ, Владимир Григорьевич.",,,
34576,34577,15314,Выход в море.,"ЮНГА, Евгений.",,,
34578,34579,15315,Выход в океан: [Путевые заметки].,"ПЕРВЕНЦЕВ, Аркадий Алексеевич.",,,
34580,34581,15316,Выход в океан: [Эпизоды исторической хроники 17-го и 18-го века].,"ЮНГА, Евгений",,,
34582,34583,15317,Выход весны: Стихи.,"ЧУРКИН, Александр Дмитриевич.",,,
34584,34585,15318,"Выход комика: Сцена в 1-м д.; После дебюта: Сцена-монолог из жизни артистки; Твердое решение: Психологический эпизод из жизни холостяка. Сцена-монолог. (Заимствована); Нет худа без добра: Комедия в 1-м д. с куплетами. Драматические сочинения. Пьесы, сцены и монологи.","ОБО-ДОВСКИИ, Алексей Платонович.",,,
34586,34587,15319,Выходец из Вяземского дома-лавры или Приключения Федьки Карнаухого.,"КУРАГИН, К. (ГОЛОХВАСТОВ, К. К.).",,,
34588,34591,15320,Выходец с того света: Водевиль в 1- м д.,"БЕРКУТОВ, Д. (САМОИЛОВ-ХО-ТЕВ, Дмитрий Аркадьевич).",,,
34592,34593,15321,Выходим на цель.,"КАРПОВ, Александр Алексеевич.",,,
34594,34595,15322,Выходные данные: Роман.,"КАНТ, Герман.",,,
34596,34597,15323,Выходцы из Межеполя: Роман в 3-х ч.,"ЯРОШЕВСКИЙ, Сергей Осипович.",,,
34598,34601,15324,Выходцы из черты оседлости: Сборник рассказов.,"ЗАЙДЕЛЬ, Лев Давидович.",,,
34602,34603,15325,Выхожу один я на дорогу: Собрание песен и романсов.,"ЛЕРМОНТОВ, Михаил Юрьевич.",,,
34604,34605,15326,Вышгород: Стихотворения.,"ЛУГОВОЙ, Владимир Михайлович.",,,
34606,34607,15327,Выше!: Лиремы. (Лирические стихотворения).,"ЧЕРКАСОВ, Николай.",,,
34608,34611,15328,"Выше голову, капитан!: Пьеса в 2- х ч.","ПОНОМАРЕВ, Валентин Егорович.",,,
34612,34613,15329,"Выше голову, сынок!: Рассказы.","ПАРХОМОВ, Михаил.",,,
34614,34615,15330,Выше гор: Стихи.,"ТАРБЕЕВ, Виктор.",,,
34616,34617,15331,Выше любви: Рассказы.,"КОВА-ЛЕНКОВ, Александр Александрович.",,,
34618,34619,15332,Выше нас одно море: Рассказы и повесть.,"БЕЛЯЕВ, Альберт Андреевич.",,,
34620,34621,15333,"Выше нос, капитан!: Маленькие повести.","МИШАТКИН, Юрий Иванович.",,,
34622,34623,15334,"Выше стропила, плотники.","СЭЛИНДЖЕР, Джером Дэвид.",,,
34624,34625,15335,Вышел сеятель: Рассказы.,"КРУ-ШИНСКИЙ, Сергей Константинович.",,,
34626,34627,15336,Вышиваю небо: Стихи.,"БАЛКАРО-ВА, Фоусат Гузеровна.",,,
34628,34629,15337,Вышки в море: Повесть в стихах.,"МАРКОВ, Алексей Яковлевич.",,,
34630,34631,15338,Вышли в жизнь романтики: Повесть.,"ЗЛАТОГОРОВ, Михаил.",,,
34632,34633,15339,Вышли мы все из народа.,"БЕРЦЕ, Визбул Августович.",,,
34634,34637,15340,"Вьетнам, зима семидесятого...: Книга стихов.","СИМОНОВ, Константин Михайлович.",,,
34638,34639,15341,Вьетнамская весна: Путевые очерки.,"СЕВУНЦ, Гарегин Севиевич.",,,
34640,34641,15342,Вьется тропка лесная: (Короткие рассказы).,"КОРОЛЕВ, Иосиф Степанович.",,,
34642,34643,15343,Вьюга; Авось и небось: Рассказы.,"ТИМКОВСКИЙ, Николай Иванович.",,,
34644,34645,15344,Вьюга: Драма в 5-ти д.,"ШИМКЕ-ВИЧ, Михаил Владимирович.",,,
34646,34647,15345,Вьюга: Драма в 3-х д.,"РАЗ ДОЛЬСКИЙ, Виталий Александрович.",,,
34648,34649,15346,Вьюга: Из времен 1905 г.,"ХОВАНСКАЯ, Анна (ШЕФЕР, Анна Семеновна).",,,
34650,34651,15347,Вьюга: Комедия в 1-м д.,"ВИЛЬ-ДЕ, Николай Николаевич.",,,
34652,34653,15348,Вьюга: Поэма.,"ДОГАДАЕВ, Владимир Павлович.",,,
34654,34657,15349,Вьюга: Повесть.,"БОГДАНОВ, Евгений Федорович. ",,Ожерелье Иомалы...,
34658,34659,15350,Вьюга: Пьеса в 1-м д.,"СУХОДОЛЬСКИЙ, Владимир Алексеевич.",,,
34660,34661,15351,Вьюга: Рассказы военных лет.,"ЧЕКМЕНЕВ, Николай Симонович.",,,
34662,34663,15352,Вьюга: Роман.,"ДЕРЬЯЕВ, Хыдыр.",,,
34664,34665,15353,Вьюга: Стихи.,"МАРЬЕВ, Борис Михайлович.",,,
34666,34667,15354,Вьюга: Стихотворения.,"КОРЕНЕВ, Александр Кириллович.",,,
34668,34669,15355,Вьюга жизни или Смерть на могиле милой: Рассказ.,"ШУХМИН, Христофор Алексеевич.",,,
34670,34671,15356,Вьюган.,"ЮРИН, Сергей Васильевич.",,,
34672,34673,15357,Вьюги: Стихи и поэмы.,"ШВЕДОВ, Яков Захарович.",,,
34674,34675,15358,Вьюжная неделя: Рассказы.,"ПЕТРОВ, Борис Николаевич.",,,
34676,34677,15359,Вьюжный день: Пьеса в 1-м д.,"СЫРЫЩЕВА, Татьяна Яковлевна.",,,
34678,34679,15360,Вьюн: Комедия в 3-х д.,"ЗАПОЛЬ-СКАЯ, Габриэля.",,,
34680,34683,15361,Вьюнок.,"КУГУШЕЕВ, Ал. ",,Никешка-мечтатель...,
34684,34685,15362,Вьючные люди.,"ВОЛЬНЫЙ, Петр (ОЛЕНИН, Петр Алексеевич).",,,
34686,34687,15363,Вэверлей или Шестьдесят лет тому назад.,"СКОТТ, Вальтер.",,,
34688,34689,15364,Вэкэт и Агнес.,"РЫТХЭУ, Юрий Сергеевич.",,,
34690,34693,15365,Вэлинашев омут.,"САДОВЯНУ, Михаил. ",,По Серету мельница плыла...,
34694,34695,15366,Вэня: (История одной женской души). Повесть.,"ЛАЗАРЕВСКИЙ, Борис Александрович.",,,
34696,34697,15367,Вяжите... Я женат: Миниатюра-шутка в 1-м акте.,"ЛЕАНДР (ГРОССМАН, Лев Павлович).",,,
34698,34699,15368,Вязальные иголки: Драма в 4-х д.,"КОЦЕБУ, Август Фридрих.",,,
34700,34701,15369,Вязы да березы: Повесть.,"АЛ ГА, Александр Егорович.",,,
34702,34703,15370,Вязьмо: Роман.,"ЗАРЕЦКИЙ, Ми-хась.",,,
34704,34705,15371,Вятские записки.,"ЛЕБЕДЕВ, Всеволод Владимирович.",,,
34706,34707,15372,Вятские — люди хваткие: Рассказы и повесть.,"РОМАНОВСКИЙ, Станислав Тимофеевич.",,,
34708,34709,15373,Вятские парни: Роман.,"МИЛЬЧА-КОВ, Алексей Иванович.",,,
34710,34713,15374,Вячеслав и Елена: Повесть.,В. П. ,,,
34714,34715,15375,"Г. М. Пулам, эсквайр: Роман.","МАРКЕНД, Джон Филиппе.",,,
34716,34717,15376,Г-н Богатонов или Провинциал в столице: Комедия в 5-ти д.,"ЗАГОСКИН, Михаил Николаевич.",,,
34718,34721,15377,Г. Ч.,"ДОЛГУШИН, Юрий Александрович. ",Генератор чудес.,,
34722,34723,15378,Габриэла: Роман.,"АМАДУ, Жоржи.",,,
34724,34725,15379,Габриэль: Комедия в 5-ти д. в стихах.,"ОЖЬЕ, Эмиль.",,,
34726,34727,15380,Гавайские рассказы.,"ЛОНДОН, Джек.",,,
34728,34729,15381,Гаванские чиновники в домашнем быту или Галерная гавань во всякое время дня и года: Пейзаж и жанр.,"ГЕНСЛЕР, Иван Семенович.",,,
34730,34731,15382,Гавань: Поэма.,"ВАДЕЦКИЙ, Борис Александрович.",,,
34732,34733,15383,Гавань: Роман.,"ПУЛЬ, Эрнест (ПУЛ, Эрнест).",,,
34734,34737,15384,Гавань мертвых вод: Роман.,"МАК ОРЛАН, Пьер.                        ",,,.
34738,34739,15385,Гавань надежды: Повесть.,"КАША-ФУТДИНОВ, Илья.",,,
34740,34741,15386,Гавань Фэйюньган: Приключенческая повесть.,ЧЖАН ЧЖИ-МИН.,,,
34742,34743,15387,Гавриил Бояр.,"ШЕХТМАН, Эля.",,,
34744,34745,15388,Гавриил Кириченко — школяр: Две повести.,"МИКИТЕНКО, Иван Кондратье-вич.",,,
34746,34749,15389,"Гаврила Иванович Михляев, казанский купец и фабрикант: Русская быль в 1-м д. с прологом из времен Петра Великого.","СЛАВИН, А. П. (ПРОТОПОПОВ, Александр Павлович).",,,
34750,34753,15390,Гаврила Скворцов: Повесть.,"СЕМЕНОВ, Сергей Терентьевич. ",,В родной деревне...,
34754,34757,15391,Гаврилиада: Эротическая поэма.,"ПУШКИН, Александр Сергеевич. ",Тройное благовещение.,,
34758,34759,15392,Гаврилко: Рассказ из галицко-рус-ской жизни.,"ИЕРОНИМ АНОНИМ (ХИЛЯК, Владимир Игнатьевич).",,,
34760,34761,15393,Гавриш из Катарей.,МУХИНА-ПЕТРИНСКАЯ. ,,,Валентина.
34762,34763,15394,Гаврош: [Отрывок из романа «Отверженные»].,"ГЮГО, Виктор.",,,
34764,34765,15395,Гаврош из Курбан-Кала: Невыдуманные рассказы.,"ЮСУПОВ, Яхья.",,,
34766,34767,15396,Гаврош Брестской крепости: (Маленькие солдаты Брестской крепости). Героическая драма в 3-х д.,"МАХНАЧ, Алесь Иванович.",,,
34768,34769,15397,Гаврская улица.,"ГИМАР, Поль.",,,
34770,34771,15398,Гаврский нотариус; Наставники; Битва с тенями: Романы цикла «Хроника семьи Паскье».,"ДЮАМЕЛЬ, Жорж.",,,
34772,34773,15399,Гаврюшка: Рассказ.,"ДАНИЛИН, Иван Андреевич.",,,
34774,34775,15400,Гаврюшкин плен: Повесть.,"НЕМИРОВИЧ-ДАНЧЕНКО, Василий Иванович.",,,
34776,34777,15401,«Гавря-комсомолец» и другие рассказы.,"УЖГИН, Семен Семенович.",,,
34778,34779,15402,Гага-аул: Роман.,"ГАТУЕВ, Дза-хо.",,,
34780,34781,15403,Гагаи: Роман.,"ЧЕПИЖНЫИ, Александр Кузьмич.",,,
34782,34783,15404,Гагара.,"РОБЕРТС, Чарльз.",,,
34784,34785,15405,Гагарье гнездо.,"СОЛОВЬЕВ, Виктор Алексеевич.",,,
34786,34787,15406,Гадалка: (Шутка в 2-х д.).,"ШЕ-БУЕВ, Николай Георгиевич.",,,
34788,34789,15407,Гадальщик БГДО.,"ЩЕРБИНИН, Г. Я.",,,
34790,34793,15408,Гадальщица.,"ДЖЭКОБС, Вильям Вимарк (ДЖЕКОБС, Вильям Вимарк). ",,Возвращение супруга...,
34794,34795,15409,Гаданье: Быль. Святочный рассказ.,"ГОРИН, Н. К.",,,
34796,34797,15410,Гаданье: Святочный расссказ для детей.,"ХРЕБТОВ, Александр Николаевич.",,,
34798,34799,15411,Гаджи Керим: (Этюды из жизни закавказских мусульман).,"ГАДЖИБЕКОВ, Джейхун.",,,
34800,34801,15412,Гадины тыла: (Немецкий шпионаж). Роман; Таинственный унтер-офицер.,"БРЕШКО-БРЕШКОВСКИИ, Николай Николаевич.",,,
34802,34803,15413,Гадкий утенок: История жизни сказочника Ханса-Христиана Андерсена.,"МАИХНЕР, Фриц.",,,
34804,34807,15414,Гадкий утенок; Навозный жук: Две сказки.,"АНДЕРСЕН, Ганс-Христиан.",,,
34808,34809,15415,Гадкий утенок из созвездия Лебедя: Научно-фантастическая пьеса в 2-х ч.,"ЛИМАНОВ, Юрий Леонидович.",,,
34810,34811,15416,Гадюка: Повесть об одной девушке.,"ТОЛСТОЙ, Алексей Николаевич.",,,
34812,34813,15417,Гадюка: [Рассказ].,"ТУРКИН, Ф.",,,
34814,34815,15418,Гадючки с лапками: Юмористические рассказы.,"ГРАМЕН, Николай.",,,
34816,34817,15419,Гаер: Пьеса в 4-х д. Из жизни французских бродячих артистов.,"ТАТИЩЕВ, Леонид Леонидович.",,,
34818,34819,15420,Газ: Драма в 5-ти д.,"КАЙЗЕР, Георг.",,,
34820,34821,15421,Газ: Сценическое изложение элементарных правил безопасности. В 3-х карт.,В. С.,,,
34822,34823,15422,Газават: Драматические картины из эпохи кавказской войны. В 4-х д.,"ЯХОНТОВ, Евгений Николаевич.",,,
34824,34825,15423,Газават: Тридцать лет борьбы горцев за свободу. Историческая повесть.,"ЧАРСКАЯ, Лидия.",,,
34826,34827,15424,Газали: Стихи.,"ДЖУРА, Султан.",,,
34828,34829,15425,Газета Бобби: Рассказ.,"БЕННЕТ, Джон.",,,
34830,34831,15426,Газета напутала: Шутка в 1-м д.,"БУЛАЦЕЛЬ, Иван Михайлович.",,,
34832,34833,15427,Газета «Обух» и гимназист Нико-ленька Медведников.,"АЛЕКСАНДРОВ, А.",,,
34834,34835,15428,Газета помогла: Комедия в 3-х д.,"ИВАНИЦКИЙ, Б. И.",,,
34836,34837,15429,Газета-предательница: Водевиль в 1-м д.,"КУЗНЕЦОВ, И. П.",,,
34838,34841,15430,Газета с того света.,"СИДОРОВ, К. Я. Изд. ",,,также под загл.: Книжка нового времени под названием «Газета с того света».
34842,34845,15431,Газета — явление общественное: Комедия в 1-м д.,"КРЕМЛЕВ, Анатолий Николаевич.",,,
34846,34849,15432,Газетная утка: Комедия в 1-м д.,Имя авт. не установлено.,,,
34850,34851,15433,Газетный лист.,СКИТАЛЕЦ.,,,
34852,34853,15434,Газетчики: Повесть.,"ЮДАЛЕ-ВИЧ, Марк Иосифович.",,,
34854,34855,15435,Газинур: Роман.,"АБСАЛЯМОВ, Абдурахман Сафиевич.",,,
34856,34857,15436,Газовый спец: Комедия в 3-х карт.,"ВЕРХОВЦЕВ, Иосиф Львович.",,,
34858,34859,15437,Газы: Комедия в 1-м д.,"ДАВЫДОВ, Василий Иванович.",,,
34860,34861,15438,Газыри.,"РАБАДАНОВ, Сулейман Рабаданович.",,,
34862,34863,15439,Гай Маннеринг или Астролог: Роман.,"СКОТТ, Вальтер.",,,
34864,34865,15440,Гайавата: Сказка из жизни северо-американских индейцев.,"ЛОНГФЕЛЛО, Генри Уодсуорт.",,,
34866,34867,15441,Гайдамак Гаркуша: Украинская быль в 5-ти д.,"ОРЛИКОВСКИЙ, П. (ГО-ЛУБИН, Петр).",,,
34868,34869,15442,Гайдамаки: Историческая повесть из жизни Правобережной Украины в XVIII веке.,"МИКЛАШЕВСКИЙ, М. М.",,,
34870,34871,15443,Гайдамаки: Поэма.,"ШЕВЧЕНКО, Тарас Григорьевич.",,,
34872,34873,15444,Гайдамаки: Роман.,"МУШКЕТИК, Юрий Михайлович.",,,
34874,34877,15445,Гайдамаки или Месть казачки: Роман из времен Петра Великого.,"КРА-СОТКИН, Н.",,,
34878,34879,15446,Гайданцы: Роман.,"ЮРИН, Сергей Васильевич.",,,
34880,34881,15447,Гайдар на войне.,"КОТОВ, Михаил Иванович, Л ПСКОВСКИЙ, Владимир Георгиевич.",,,
34882,34883,15448,Гайдар шагает впереди.,"КОРОЛЕВ, Виктор Тимофеевич.",,,
34884,34885,15449,Гайдерхан: Поэма.,"ДАНИЛОВ, Садоф Яковлевич (ДАНИЛОВ, Сергей).",,,
34886,34887,15450,Гайдук Станко: Роман.,"ВЕСЕ Л И-НОВИЧ, Янко.",,,
34888,34889,15451,Гайдуки: Рассказы Адриана Зо-трафа.,"ИСТРАТИ, Панаит.",,,
34890,34891,15452,Гайка.,"РОМАНОВ, Пантелеймон Сергеевич",,,
34892,34897,15453,Гакраб: (Битва).,"ЭЙХЕНБАУМ, Яков Моисеевич. ",Древняя поэма о шахматной игре.,,
34898,34899,15454,Галаган: Роман.,"РУДИН, Илья.",,,
34900,34901,15455,Галантная жизнь Константинополя.,"АВЕРЧЕНКО, Аркадий Тимофеевич.",,,
34902,34903,15456,Галатея: Пастушеский роман.,"ФЛОРИАН, Жан Пьер Клари.",,,
34904,34905,15457—15458,Галатея: Роман.,"СЕРВАНТЕС СААВЕДРА, Мигель де.",,,
34906,34907,15459,Галей Хузин: Рассказ.,"ТХОР-ЖЕВСКИЙ, Корнелий Владиславович.",,,
34908,34911,15460,Галеотто: Драма в 3-х д. с прологом.,"ЭЧЕГАРАЙ, Хосе. ",Великий Галеотто.,,
34912,34913,15461,Галерея женщин.,"ДРАЙЗЕР, Теодор.",,,
34914,34915,15462,Галерея современных деятелей: Эпиграммы. Вып. 1.,"ПУРИШКЕВИЧ, Владимир Митрофанович.",,,
34916,34917,15463,Галерка: Юмористические рассказы.,"ПОДОЛЬСКИЙ, Виктор Аврамо-вич.",,,
34918,34921,15464,Галерная гавань.,"НОВЫЙ ПОЭТ (ПАНАЕВ, Иван Иванович). ",,Дачник...,
34922,34923,15465,Галидон-Гнлль: Драматическая картина из шотландской истории.,"СКОТТ, Вальтер.",,,
34924,34925,15466,Галилей: Исторический рассказ.,"ФРИЧЕ, Владимир Максимович.",,,
34926,34927,15467,Галилей: Поэма в 5-ти д.,"СМОЛИН, Дмитрий Петрович.",,,
34928,34929,15468,Галилей: Пьеса в 4-х д.,"НЕМЕТ, Ласло.",,,
34930,34931,15469,Галилео Галилей: Пьеса в 4-х д.,"ВАСИЛЬЕВ-СЕВЕРЯНИН, Петр Васильевич.",,,
34932,34933,15470,Галилея: Дневник путешествия.,"ЛОТИ, Пьер.",,,
34934,34935,15471,Галилея: [Стихи].,"СОРОКИН, Григорий Эммануилович.",,,
34936,34937,15472,Галина: Корень жизни. Комедия в 3-х актах.,"ШТОК, Исидор Владимирович.",,,
34938,34939,15473,Галина: Лирическая повесть.,"АСАДОВ, Эдуард Аркадьевич.",,,
34940,34941,15474,Галина: [Рассказ].,"СЕРАФИМОВИЧ, Александр.",,,
34942,34943,15475,Галина Ильина: Повесть.,"БАН-ДАРИНА, Зинаида Александровна.",,,
34944,34945,15476,Галина любовь: Поэма.,"МАРТЫНОВ, Александр Константинович.",,,
34946,34947,15477,Галифе: Юмористические рассказы.,"РАКИТНИКОВ, Александр Николаевич.",,,
34948,34951,15478,Галицийская жакерия: (Слово о Якове Шеле). Драматическая поэма.,"ЯСЕНСКИЙ, Бруно. ",Слово о Якубе Шеле.,,
34952,34953,15479,Галка: [Повесть].,"БОРИСОВ, Леонид Ильич.",,,
34954,34957,15480,Галка: Рассказ.,"КОВАЛЕНСКАЯ, Александра Григорьевна. ",Наташино хозяйство.,,
34958,34959,15481—15482,Галл: Сцены из римской жизни времен Августа.,"БЕККЕР, Вильгельм Адольф.",,,
34960,34961,15483,Галлюцинация; Встреча; Выручила: Три рассказа.,"ГУТЕР, Иван.",,,
34962,34963,15484,Галочка: Повесть.,"КУЗЬМИН, Валентин Григорьевич.",,,
34964,34965,15485,Галоши Спиридона.,"ОРЛОВЕЦ, П.",,,
34966,34967,15486—15487,Галстук: Повесть.,"ЛАГУТИН, Филипп.",,,
34968,34969,15488,Галстук мой красный!: Драматическая повесть в 3-х д.,"АКУЛОВ, Григорий Васильевич.",,,
34970,34971,15489,Галстук пионера: Пьеса в 5-ти карт.,"ЯЛЬЦЕВ, Павел Дмитриевич.",,,
34972,34973,15490,Галстук цвета зари.,"ДРОБОТОВ, Виктор Николаевич.",,,
34974,34975,15491—15492,Гасуб: Поэма.,"ПУШКИН, Александр Сергеевич.",,,
34976,34977,15493,Галчата: Рассказ.,"КАСАТКИН, Иван Михайлович.",,,
34978,34981,15494,Галчонок: Повесть.,"АТАВА, Сергей (ТЕРПИГОРЕВ, Сергей Николаевич). ",,Марфинькино счастье...,
34982,34983,15495,Галчонок: Повесть.,"КОРМЧИЙ, Л. (ПИРАГИС, Леонард Юлианович).",,,
34984,34985,15496,Галька: Повесть и рассказы.,"МИ-ЩИК, Александр Васильевич.",,,
34986,34987,15497,Галька: Стихи.,"ПЕТРОВСКИЙ, Дмитрий Васильевич.",,,
34988,34989,15498,Галька-ветерок.,"ЛАПИН, Константин Кириллович.",,,
34990,34991,15499,Галя: Повесть для юношества.,"НОВИЦКАЯ, Вера Сергеевна.",,,
34992,34993,15500,Галя: Рассказ.,"БРЫЛЬ, Янка.",,,
34994,34995,15501,Галя: Рассказ.,"ШМИДТ, Ольга Ильинична (РОГОВА, Ольга Ильинична).",,,
34996,34997,15501а,Галя: Роман.,"СЕРГЕЕНКО, Петр Алексеевич.",,,
34998,34999,15502,Галя вернулась из отпуска: Рассказы.,"РОЗЕН, Александр Германович.",,,
35000,35001,15503,Галя и Тимка.,"ПЕВНЕР, Федор Павлович.",,,
35002,35003,15504,Гамаюн — птица вещая: Роман.,"ПЕРВЕНЦЕВ, Аркадий Алексеевич.",,,
35004,35005,15505,Гамбринус; На глухарей.,"КУПРИН, Александр Иванович.",,,
35006,35007,15506,Гамбузиносы: Роман.,"ЭМАР, Гюстав.",,,
35008,35009,15507,Гамбургский оракул: Роман.,"ИМЕРМАНИС, Анатоль Адольфович.",,,
35010,35013,15508,Гамбусино.,"ЭМАР, Гюстав. ",,Твердая рука...,
35014,35017,15509,Гамбусины: Роман.,"ЭМАР, Гюстав. ",Гамбусино.,,
35018,35021,15510—15511,Гамлет: Трагедия в 5-ти д.,"ШЕКСПИР, Вильям. ","Гамлет, принц датский; Трагическая история о Гамлете, принце датском; Трагедия о Гамлете, принце датском.",,
35022,35023,15512,"Гамлет из квартиры № 13: Поиски, встречи и раздумья девятнадцатилетнего человека.","ВЕИЦЛЕР, Андрей Леонидович, МИШАРИН, Александр Николаевич.",,,
35024,35025,15513,"Гамлет, принц датский:- Драматическое представление.","ШЕКСПИР, Вильям.",,,
35026,35027,15514,Гамлет Щигровского уезда.,"ТУРГЕНЕВ, Иван Сергеевич.",,,
35028,35029,15515,Гамлетовский вопрос: Монолог кассира.,"ОСА (ФРЕИДЕНБЕРГ, Михаил Филиппович).",,,
35030,35031,15516,Гамма-излучение.,"ФЕДОТОВ, Станислав Петрович.",,,
35032,35033,15517,Гаммы: Стихотворения.,"ПОЛОНСКИЙ, Яков Петрович.",,,
35034,35037,15518,Ган-Исландец: Роман.,"ГЮГО, Виктор. ",Человек-чудовище: (Ган-Исландец).,,
35038,35039,15519,«Ганг встречается с морем» и другие рассказы.,"МИТРО, Премендро.",,,
35040,35041,15520,Гангстеры подают в суд.,"НИКОЛАЕВ, Владимир Дмитриевич.",,,
35042,35043,15521,Гангутская победа.,"РЫКАЧЕВ, Яков Семенович.",,,
35044,35047,15522,Гангутское сражение: Историческая повесть.,"РЫКАЧЕВ, Яков Семенович. ",Гангутская победа.,,
35048,35049,15523,Гангутцы: Роман.,"РУДНЫЙ, Владимир Александрович.",,,
35050,35051,15524,Гандвик — Студеное море.,"ШЕР-ГИН, Борис Викторович.",,,
35052,35053,15525,Ганзейцы: Исторический роман.,"ГЕКЕР, Оскар (ГЕККЕР, Оскар).",,,
35054,35055,15526,Ганна: Драматическая фантазия. В 2-х карт.,"ГАУПТМАН, Гергарт.",,,
35056,35057,15527,Ганна: Повесть.,"БОЧИН, Николай Дмитриевич.",,,
35058,35059,15528,Ганнеле: Фантастические сцены в 2-х ч.,"ГАУПТМАН, Гергарт.",,,
35060,35061,15529,Ганнибал.,"ЛИНДСЕИ, Джек.",,,
35062,35063,15530,Ганнуся: Рассказ.,"ОСНОВЬЯ-НЕНКО, Грицко (КВИТКА-ОСНОВЬЯ-НЕНКО, Григорий Федорович).",,,
35064,35065,15531,Ганочка: Роман.,"ЖИЛКИН, Иван Васильевич.",,,
35066,35067,15532,Ганс Дударь: Историческая повесть.,"АЛТАЕВ, Ал.",,,
35068,35069,15533,Ганс и Грета: Деревенская рия.,"ШПИЛЬГАГЕН, Фридрих.",,,
35070,35071,15534,Ганс и Карл.,"КОЛОСОВ, Алексей Иванович.",,,
35072,35073,15535,Ганс из Долины игрушек.,"МОРЛЕЙ, Маргрет Уорнер.",,,
35074,35075,15536,Ганс-Филин: Роман.,"ШПИЛЬГАГЕН, Фридрих.",,,
35076,35077,15537,Гансы и фрицы: Басни.,"ФЛИТ, Александр Матвеевич.",,,
35078,35079,15538,Ганц Кюхельгартен: Идиллия в картинах.,"АЛОВ, В. (ГОГОЛЬ, Николай Васильевич).",,,
35080,35081,15539,Ганя: Повесть.,"СЕНКЕВИЧ, Генрик.",,,
35082,35083,15540,Ганя: Роман.,"ПОЗДНЯКОВ, Иван Федорович.",,,
35084,35085,15541,Ганя и Маруся: (Поэма).,"СЕВ-РЮКОВ, Семен Алексеевич.",,,
35086,35087,15542,Ганя Опанасенко.,"МИХАИЛОВ, Борис Николаевич.",,,
35088,35089,15543,Ганя Хмуров: Роман в 3-х ч.,"МУРОВ, Г. Г.",,,
35090,35091,15544,Гао Гань-да; Светлый путь: Повести.,ОУЯН ШАНЬ.,,,
35092,35095,15545,"Гапон: Историческая хроника в 4-х д. Написана по личным воспоминаниям и по историческим документам: Отчеты Рутенберга по «Делу Гапона», «Былое», 1917 г.","КЕЧЕ ДЖИ-ШАПОВАЛОВ, Михаил Васильевич.                     ",,,..
35096,35097,15546,Гапур из Сунжа-Юрта: Повесть.,"ВЕДЗИЖЕВ, Ахмет Абубакарович.",,,
35098,35099,15547,Гапур — тезка героя: Повесть.,"ВЕДЗИЖЕВ, Ахмет Абубакарович.",,,
35100,35101,15548,Гаральд и Елизавета или Век Иоанна Грозного: Исторический роман. Ч. 1—2.,"ЭРТЕЛЬ, Василий Андреевич.",,,
35102,35103,15549,Гарантированные неприятности.,"КОЗЛОВ, Валентин Иванович.",,,
35104,35105,15550,Гаранька: Рассказ.,"ПЕЧЕРСКИЙ, Андрей (МЕЛЬНИКОВ, Павел Иванович).",,,
35106,35107,15551,Гараська: Очерк.,"СЕЛЬКИН, Н.",,,
35108,35109,15552,Гараська: (Фронтовые зарисовки). Рассказы.,"КОНЯХИНА, Александра",,,","
35110,35111,15553,Гаргантюа и Пантагрюэль: Роман.,"РАБЛЕ, Франсуа.",,,
35112,35113,15554,"Гарденины, их дворня, приверженцы и враги: Роман.","ЭРТЕЛЬ, Александр Иванович.",,,
35114,35117,15555,Гарем XX века.,ГОМЕРИУС. ,Женщины-рабыни.,,
35118,35119,15556,Гарибальди: Биографическая повесть.,"АЛТАЕВ, Ал.",,,
35120,35121,15557,Гарибальди: Поэма.,"КОЦУБА, И.",,,
35122,35123,15558,Гарибальдиец Грозный: Документальная повесть.,"НАСОНОВ, Георгий Яковлевич.",,,
35124,35125,15559,Гарибальдийцы.,"БОТКИН, В.",,,
35126,35127,15560,Гармоника: Рассказы.,"РАЙСКИЙ, С.",,,
35128,35129,15561,Гармонист Суворов: Рассказы.,"АНДРЕЕВ, Василий Михайлович.",,,
35130,35131,15562,Гармония: Книга лирики.,"ЧИЧИ-БАБИН, Борис Алексеевич.",,,
35132,35133,15563,Гармонь: Поэма.,"ЖАРОВ, Александр Алексеевич.",,,
35134,35135,15564,Гармонь: Стихи.,"ПИХТИН, Николай.",,,
35136,35137,15565,Гармонь: [Стихи].,"ПРОКОФЬЕВ, Александр Андреевич.",,,
35138,35139,15566,Гармонь и сердце: Стихи.,"ВИРИ-ДАРСКИИ, Марат Валерианович.",,,
35140,35141,15567,Гармонь-солдатка: Стихи.,"ТАИН-ЧУКОВ, Александр Поликарпович.",,,
35142,35143,15568,Гармошка: Рассказ.,"ЧЕПИЖ-НЫИ, Александр Кузьмич.",,,
35144,35145,15569,Гармошка: Рассказы.,АНДРИЕВСКАЯ. ,,,М.
35146,35147,15570,Гармошка на том берегу: Рассказ.,"МАЗАЕВ, Владимир Михайлович.",,,
35148,35149,15571,Гарнизон в тайге: Роман.,"ШМАКОВ, Александр Андреевич.",,,
35150,35151,15572,Гарнизон маленькой крепости: Повесть.,"КОКОВИН, Евгений Степанович.",,,
35152,35153,15573,Гарнизон Н.: Роман.,"КОМЯКОВ, Виктор Алексеевич.",,,
35154,35155,15574—15575,Гарнизон острова Свободы: Повесть.,"ПЛЕСКАЧЕВСКИИ, Лазарь Юдович.",,,
35156,35159,15576,Гарпагоны в беде:    Роман.,"МИЛЛЬ, Пьер.",,,
35160,35161,15577,Гарри Айзман — американский пионер.,"КАРОТТИ, Артуро.",,,
35162,35163,15578,Гарри из Дюссельдорфа: Повесть о Генрихе Гейне.,"ДЕЙЧ, Александр Иосифович.",,,
35164,35167,15579,Гаррик.,"РОКОТКОВ, Александр (КОРОТКОВ, Карп Егорович). ",,Вампир и гений времени...,
35168,35171,15580,"Гартмут, граф фон Гельденштейн, убийца своей жены или несчастное приключение от безрассудной ревности: Истинная повесть.",Имя авт. не установлено.,,,
35172,35173,15581,Гарчо.,"ДАСКАЛОВ, Стоян Це-ков",,,","
35174,35175,15582,Гарь: Роман.,"СМИРНОВ, Василий Александрович.",,,
35176,35177,15583,Гасить котлы!: Историческая драма в 12-ти сценах.,"ТОЛЛЕР, Эрнест.",,,
35178,35181,15584,Гаспар Фикс: История одного консерватора. Исторический роман из времен Второй империи царствования Луи Филиппа.,ЭРКМАН-ШАТРИАН. ,История консерватора.,,
35182,35183,15585,Гассан и его Джедди: Рассказ.,"ШМЕЛЕВ, Иван Сергеевич.",,,
35184,35185,15586,Гассан Мудрый: О дикобразах.,"ЧЕГЛОК, Александр.",,,
35186,35187,15587,Гастелло: Драма в 4-х актах.,"ШТОК, Исидор Владимирович.",,,
35188,35189,15588,Гастролер: Миниатюра в 1-м д.,"ФОХТ, А. Э.",,,
35190,35191,15589,Гастролер-экспроприатор: Комедия в 3- д.,"ГЗОВСКИИ, Александр Осипович.",,,
35192,35193,15590,Гастролерша: Шутка в 1-м д.,"ЩЕГЛОВ, Иван.",,,
35194,35195,15591,Гастролеры: Шутка в 1-м д.,"ЕЛЕНСКИИ, Николай Октавиевич.",,,
35196,35197,15592,Гастроли м-11е Заза: Фарс в 1-м д.,"ГАНДИЛЛО, Леон (ГАНДИЙО, Леон).",,,
35198,35199,15593,«Гастроли» отменяются...,"АБРАМОВ, Бронислав Борисович.",,,
35200,35201,15594,Гаудеамус: Роман.,"СИДЕЛЬНИКОВ, Олег Васильевич.",,,
35202,35205,15595,"Гауденс- Властелин:  Роман. Вып. 6. Человек, который умолк. Вып. 8. Подводные враги: (Химическая война).","СМИТС, Лео Клэр.",,,
35206,35207,15596,Гаури: Роман.,"АНАНД, Мулк Радж.",,,
35208,35209,15597,Гафиз.,"РУМШЕВИЧ, А.",,,
35210,35211,15598,Гафир и Мариам: Рассказы и повести.,"ИВАНОВ, Всеволод Вячеславович.",,,
35212,35213,15599,Гашамида: Повесть и рассказы.,"ТХАЙЦУХОВ, Бемурза Хангериевич.",,,
35214,35215,15600,Гашиш: Рассказ туркестанца.,"ГОЛЕНИЩЕВ-КУТУЗОВ, Арсений Аркадьевич.",,,
35216,35217,15601,Гашиш: Рассказы.,"ЛАРМИН, И.",,,
35218,35219,15602,«Гашиш» и другие новые рассказы.,"МОШИН, Алексей Николаевич.",,,
35220,35223,15603,Гаю-киу-чуэнь или Благополучный брак: Китайский роман. В 4-х ч.,Имя авт. не установлено.,,,
35224,35225,15604,Гаян: Роман.,"КОНОВАЛОВ, Михаил Алексеевич.",,,
35226,35227,15605,Гаяна: Фантастический роман.,"АМАТУНИ, Петроний Гай.",,,
35228,35229,15606,Гвади Бигва.,"КИАЧЕЛИ, Лео.",,,
35230,35233,15607,"Гвалд, я больше не буду.","БРОЙТ-МАН, Моисей. ",,На полете...,
35234,35235,15608,Гвардейские высоты: Рассказы и очерки.,"ПЕРВЕНЦЕВ, Аркадий Алексеевич.",,,
35236,35239,15609,Гвардейский корабль «Стойкий».,"ЗОНИН, Александр Ильич.",,,
35240,35243,15610,Гвардейский офицер: Комедия в 3-х д.,"МОЛЬНАР, Ференц.",,,
35244,35247,15611,Гвардейцы: [Очерки].,"ГЛЕБОВ, Алексей.",,,
35248,35249,15612,Гвардейцы: Повесть.,"ДЯГИЛЕВ, Владимир Яковлевич.",,,
35250,35251,15613,Гвардейцы: Повесть.,"ЕГОРОВ, Федор Иванович.",,,
35252,35253,15614,Гвардейцы: Повесть.,"ЛИБЕДИН-СКИИ, Юрий Николаевич.",,,
35254,35255,15615,Гвардейцы: [Поэма и стихи].,"КОНДРАТЕНКО, Виктор Андреевич.",,,
35256,35257,15616,Гвардейцы: [Рассказы].,"КОПЫЛОВ, Александр Иванович, СУФТИН, Георгий Иванович.",,,
35258,35259,15617,Гвардейцы: [Роман].,"КУХТИН, Петр.",,,
35260,35261,15618,Гвардейцы в бою.,"ШАШЛО, Тимофей Максимович.",,,
35262,35263,15619,Гвардейцы на Днепре.,"НАГИБИН, Юрий Маркович.",,,
35264,35265,15620,Гвардии казак: Рассказы.,"ХО-ЛЕНДРО, Дмитрий Михайлович",,,","
35266,35267,15621,Гвардии капитан: Повесть.,"КУБАНСКИЙ, Георгий.",,,
35268,35269,15622,Гвардии капрал: Миниатюра в 1-м д. из быта XVIII века.,"ГРАБИНА, Алексей Трофимович.",,,
35270,35271,15623,Гвардии корнет: Шутка в 1-м д.,"ГРИГОРЬЕВ (ГИНЦБУРГ, Осип Григорьевич).",,,
35272,35273,15624,Гвардии Красной сын: Повесть.,"ГРАВИШКИС, Владислав Ромуальдович.",,,
35274,35275,15625,Гвардии лейтенант: Повесть.,"КОМИССАРОВ, Владимир Сергеевич.",,,
35276,35277,15626,Гвардии майор: Комедия в 3-х д.,"РЕЗЧИКОВ, Михаил Александрович.",,,
35278,35279,15627,Гвардии полковник Преображенский.,"МИРОШНИЧЕНКО, Григорий Ильич.",,,
35280,35281,15628,Гвардии рядовой: Пьеса в 4-х актах.,"МДИВАНИ, Георгий Давидович.",,,
35282,35283,15629,Гвардии рядовой: [Рассказ].,"ПАНТЕЛЕЕВ, Леонид.",,,
35284,35285,15630,Гвардии рядовой: [Рассказ].,"ПОЛЕВОЙ, Борис.",,,
35286,35287,15631,Гвардии рядовой: Стихи и поэмы.,"СМИРНОВ, Сергей Васильевич.",,,
35288,35289,15632,Гвардии рядовые.,"ГОСТЕВ, Василий Сергеевич.",,,
35290,35291,15633,Гвардии станичник.,"ВСЕВОЛОЖСКИЙ, Игорь Евгеньевич.",,,
35292,35293,15634,Гвардия: Дилогия.,"ВОЛЬНЫЙ, Федор Григорьевич.",,,
35294,35295,15635,Гвардия высот: Стихи.,"ПРОКОФЬЕВ, Александр Андреевич.",,,
35296,35297,15636,Гвардия Мак Кумгала: Исторический роман.,"ЛАНН, Евгений Львович.",,,
35298,35299,15637,Гвардия мира: Стихи.,"КАССИН, Николай Семенович.",,,
35300,35301,15638,Гвардия мира: Стихи.,"РЕЗНИКОВ, Павел Ефимович.",,,
35302,35305,15639,Гвая-ллир или Мехиканские ночи: Рассказ в стихах.,"ДАНИЛЕВСКИЙ, Григорий Петрович.",,,
35306,35307,15640,Гверилья: Историческая хроника. В 4-х д.,"ШЕРШЕНЕВИЧ, Вадим Габ-риэлевич.",,,
35308,35309,15641,Гвианский пустынник или Изображение парижских нравов и обычаев в начале XIX столетия.,"ЖУИ, Виктор Жозеф.",,,
35310,35313,15642,Гвидо:    Повесть.,ФАН-ДЕР- ФЕЛЬД (ФЕЛЬДЕ. Франц Карл фан дер).,,,
35314,35317,15643,Гвинплен Горе-Смех: Повесть из английской жизни начала восемнадцатого века в 2-х ч.,"ГЮГО, Виктор. ","Маска смеха; Человек, который смеется; Человек-чудовище.",,
35318,35319,15644,Гвозди: Пьеса в 3-х актах.,"МИ-ШЕЕВ, Николай Исидорович.",,,
35320,35321,15645,Гвозди: Фантасмагория в 3-х карт.,"ЛУНГИН, Семен Львович, НУСИ-НОВ, Илья Исаакович.",,,
35322,35323,15646,Гвоздика: Стихи.,"САКИНА, Н.",,,
35324,35325,15647,Гвоздика и томатный сок: Рассказы.,"ФАИК, Саид.",,,
35326,35327,15648,Гвоздики под ливнями: Избранные стихи.,"УРИН, Виктор Аркадьевич.",,,
35328,35329,15649,Гвоздь: Драматизированный плакат в 6-ти карт.,"СМИРНОВ, Николай ",,,Г ригорьевич.
35330,35331,15650,Гвоздь в сапоге: Басни и фельетоны.,"ЧЕРЕПАНОВА, Надежда Михайловна.",,,
35332,35333,15651,Гвоздь в сапоге: Басшг разных лет.,"МИЗИН, Николай Иванович.",,,
35334,35335,15652,Гвоздь в сапоге: [Рассказ].,"ЗАРУБИН, Г. С.",,,
35336,35337,15653,Гвоздь в сапоге: [Рассказы].,"ЛЕВИН, Борис Михайлович.",,,
35338,35339,15654,Гвоздь на трибуне.,"СОРИН, Семен Григорьевич.",,,
35340,35341,15655,Гвоздь программы: [Очерки и рассказы из жизни артистов цирка и эстрады].,"КОБЕР, А. Г.",,,
35342,35343,15656,Гвоздь программы: Фантастическая пьеса в 2-х д. с пантомимой.,"МАРАН, Ико Тынисович.",,,
35344,35345,15657,Гдалье из Межеречья: Пьеса в 1-м д.,"ХАИН, В. ",,,","
35346,35347,15658,Где апельсины зреют: Юмористическое описание путешествия супругов Николая Ивановича и Глафиры Семеновны Ивановых по Ривьере и Италии.,"ЛЕЙКИН, Николай Александрович.",,,
35348,35349,15659,Где бы я ни был...: Стихи.,"ШИН-КУБА, Баграт Васильевич.",,,
35350,35351,15660,Где все судьбою стало.,"НЕ-ФЕДЬЕВ, Виталий Дмитриевич.",,,
35352,35353,15661,Где встретятся все корабли.,"ИМЕРМАНИС, Анатоль Адольфович.",,,
35354,35355,15662,"Где вы, друзья?: Повесть.","АКСЕНОВА, Анна Сергеевна.",,,
35356,35357,15663,"Где вы, друзья-товарищи?: Повесть.","МЕДВЕДЕВ, Ефим Евгеньевич.",,,
35358,35359,15664,Где вязель сплелась: Роман.,"КОРСУНОВ, Николай Федорович.",,,
35360,35361,15665,Где гнездятся ласточки: Стихи и поэма.,"ПОСКРЕБЫШЕВ, Олег Алексеевич.",,,
35362,35365,15666,"Где господин?: Записки «Цезаря», собаки короля.",Имя авт. не установлено.           ,,,*
35366,35367,15667,Где граница?: Рассказ.,КЛЕМЕНТ.,,,
35368,35369,15668,"Где деньги, там и грех: Роман.","С-В, А.",,,
35370,35371,15669,"Где дьявол бессилен, там баба сильна: Рассказ.","САФОНОВ, М. А.",,,
35372,35373,15670,Где ее невинность?: Комедия-фарс в 1-м д.,"АРСКИЙ, Павел.",,,
35374,35375,15671,Где ж твое солнце?: Пьеса в 3-х д.,"КОЛОМИЕЦ, Алексей Федотович.",,,
35376,35377,15672,Где же вы теперь?: Рассказы и фельетоны о молодежи.,"БЕЛЯЕВ, Дмитрий Герасимович.",,,
35378,35379,15673,"Где же вы теперь, друзья-однополчане?: Записки военного корреспондента.","ГАРИН, Фабиан Абрамович.",,,
35380,35381,15674,Где же правда?: Избранные мысли из сочинений.,"ГОРЬКИЙ, Максим.",,,
35382,35383,15675,"Где же твой дом, Сабина?: Пьеса в 7-ми карт.","ХАММЕЛЬ, Клаус.",,,
35384,35385,15676,Где живет голубой лебедь?: Рассказы.,"УВАРОВА, Людмила Захаровна.",,,
35386,35387,15677,Где живет счастье: Степная быль.,"МУКИМОВ, Юлдаш Мукимович.",,,
35388,35389,15678,Где живет форель: Повести и рассказы.,"СОЛОДОВНИКОВ, Эдуард Иосифович.",,,
35390,35391,15679,Где жил я и рос...,"ХАРАБАРОВ, Иван Митрофанович.",,,
35392,35393,15680,Где зимуют раки.,"ЗЕМЛЯК, Якуб.",,,
35394,35395,15681,Где золото роют в горах: Маленькие повести и рассказы.,"ГРАВИШКИС, Владислав Ромуальдович.",,,
35396,35397,15682,Где золото роют в горах: Стихи.,"КОНКИН, Петр Кириллович.",,,
35398,35399,15683,Где кочуют норд-осты.,"БУДАРИН, Михаил Ефимович.",,,
35400,35401,15684,Где лучше?: Рассказы из жизни приморских босяков.,"БОГЕМСКИЙ, Дмит-трий Анисимович.",,,
35402,35403,15685,Где лучше?: Роман. В 2-х ч.,"РЕШЕТНИКОВ, Федор Михайлович.",,,
35404,35407,15685а,Где лучше?: Сказка о четырех братьях и об их приключениях. А.,"Д. В. (ТИХОМИРОВ, Лев Александрович). ",Счастливая встреча или Любовь к родине; Четыре странника или Правда и Кривда; Сказка о четырех братьях.,,
35408,35409,15686,Где любовь?: Роман.,"ЛОКК, Уильям Джон.",,,
35410,35411,15687,"Где любовь, там и бог: (Наперебой). Драма» в 5-ти д.","АМПЛЕЕВ, Н.",,,
35412,35413,15688,"Где любовь, там и бог: Рассказ.","СЕВАСТЬЯНОВ, Александр Николаевич.",,,
35414,35415,15689,"Где любовь, там и напасть: Драма в 5-ти д.","ШПАЖИНСКИЙ, Ипполит Васильевич.",,,
35416,35419,15690,"Где мои шестнадцать лет?!: Репортаж, повесть, интервью, рассказы, свидетельские показания, письма и другие материалы о необычайных и поучительных приключениях Ерофея Никодимовича Редькина.","СИДЕЛЬНИКОВ, Олег Васильевич.",,,
35420,35421,15691,Где море встречается с небом.,"МИШАТКИН, Юрий Иванович.",,,
35422,35423,15692,Где нас любят...: Драма в 2-х ч.,"МИТРОФАНОВ, Лев Иванович.",,,
35424,35425,15693,Где начало любви...: Новые стихи и поэмы.,"МЕЛЬНИКОВ, Юрий Иосифович.",,,
35426,35427,15694,Где наша не пропадала.,"ДУДИН, Михаил Александрович.",,,
35428,35429,15695,Где не ждут тишины: Роман.,"КРУГОВЫХ, Николай Петрович.",,,
35430,35433,15696,Где не тают льды. (Загл. обл.).,"КУДИС, Дмитрий Карлович. ",В тундре.,,
35434,35435,15697,"Где не чается, там случается: Шутка-водевиль, в 1-м д.","ГРОМАКОВ-СКАЯ, Юлия Петровна.",,,
35436,35437,15698,Где нет сирени для букета: Пьеса в 2-х д.,"ЭРЕНБУРГ, Наум Львович, ПАНКРАТОВ, Георгий Иванович.",,,
35438,35439,15699,Где ночует зимний ветер: Роман.,"СТЕПАНЕНКО, Владимир Иванович.",,,
35440,35441,15700,"Где он, Залив Радуги?: (Заметки военного публициста).","КОТЫШ, Николай Тимофеевич.",,,
35442,35443,15701,Где она и что с ней?; Подкидыш; Богоданка: Три рассказа.,"КЛЮЧНИКОВ, Вениамин Михайлович.",,,
35444,35445,15702,"Где печаль, там и радость: Повесть из времен императора Павла I.","ДМИТРИЕВ, Дмитрий Савватеевич.",,,
35446,35447,15703,Где правда?: Комедия в 5-ти д.,"ЭНГЕЛЬГАРДТ, А.",,,
35448,35449,15704,Где правда?: Монолог помешанного.,"КУНИЦКИИ, Роберт Витальевич.",,,
35450,35451,15705,Где правда: Повесть.,"РЕЙМОНТ, Владислав Станислав.",,,
35452,35453,15706,Где правда?: Повесть из современной жизни.,"ЗНАКОМЫЙ, Ф. С.",,,
35454,35455,15707,Где правда: [Рассказ].,"ГОРОДЕЦКИЙ, Сергей Митрофанович.",,,
35456,35457,15708,Где притаилась смерть?: Памяти Бруно Гарибальди.,"СЕРОВ, Владимир.",,,
35458,35459,15709,Где пропадал Тимоша: Сказка.,"ЕФИМОВ, Игорь Маркович.",,,
35460,35461,15710,Где просыпается солнце: Повесть и рассказы.,"НОСОВ, Евгений Иванович.",,,
35462,35463,15711,Где проходит человек: Рассказы.,"ЧЕРНЕНКО, Владимир Александрович.",,,
35464,35465,15712,Где пряталась сказка.,"МИТЯЕВ, Анатолий Васильевич.",,,
35466,35467,15713,Где растут бессмертники.,"ЖИЧ-КА, Федор Дмитриевич.",,,
35468,35469,15714,Где рождаются облака: Рассказы.,"ПОЛУЯНОВ, Иван Дмитриевич.",,,
35470,35471,15715,Где рождаются циклоны.,"ША-ДУРН, Луи.",,,
35472,35473,15716,Где рос ясень: Повесть.,"ТУ РЕНСКАЯ, Валентина Ионовна.",,,
35474,35475,15717,Где Север?: Рассказы.,"ВАСИ-ЛЕВСКИР, Борис Александрович.",,,
35476,35477,15718,Где сходятся берега: Повесть.,"ПРОТВА, Николай (ГЕРАСИМОВ, Николай Афанасьевич).",,,
35478,35479,15719,Где сходятся дороги: Лирические рассказы.,"ВИНОГРАДОВ, Иван Иванович.",,,
35480,35481,15720,Где счастье?: (Рассказ).,"ПОЛИТУР, Николай Романович.",,,
35482,35483,15721,Где счастье?: Рассказы и сказки.,"СЕВЕРЦОВ, В.",,,
35484,35485,15722,Где счастье?: [Стихи и рассказы].,"ЗАВЬЯЛОВСКИЙ, Петр.",,,
35486,35487,15723,Где та дорога: Рассказы.,"ИБРАГИМБЕКОВ, Максуд Мамед Ибрагим оглы.",,,
35488,35489,15724,Где твое счастье...: Повести и рассказы.,"ГОГИАВА, Климентий Лукич.",,,
35490,35491,15725,"Где твои пахари, земля?","ЛУПАН, Анна Павловна.",,,
35492,35495,15726,"Где твой брат, Авель?: Диалог в 2-х ч.","ЭДЛИС, Юлиу Филиппович.",,,
35496,35497,15727,Где твой дом?: Повесть.,"ВОРОНКОВА, Любовь Федоровна.",,,
35498,35499,15728,Где твой дом...: [Повесть и рассказы] .,"БИТЮКОВ, Владимир Николаевич.",,,
35500,35501,15729,Где твой дом?: Рассказы.,"ГРАЧЕВ, Рид.",,,
35502,35503,15730,Где течет Донец: Стихи.,"МУШ-НИК, Сергей Михайлович.",,,
35504,35505,15731,Где-то в Брянском лесу: Рассказы. Были.,"СОКОЛОВ, Владимир Константинович.",,,
35506,35507,15732,Где-то в Германии...: Документальная повесть.,"КОРОЛЬКОВ, Юрий Михайлович.",,,
35508,35509,15733,Где-то в Москве: Комедия-обозрение в 3-х д.,"МАСС, Владимир Захарович, ЧЕРВИНСКИЙ, Михаил Абрамович.",,,
35510,35511,15734,Где-то в Москве: Роман. Повести.,"КАРЕЛИН, Лазарь Викторович.",,,
35512,35513,15735,Где-то в России: Повести.,"КОР-НЮШИН, Леонид Георгиевич.",,,
35514,35515,15736,Где-то в Сибири: Повесть.,"ИРОШНИКОВА, Ирина Ивановна.",,,
35516,35517,15737,Где-то возле консерватории: Рассказ.,"НАГИБИН, Юрий Маркович.",,,
35518,35519,15738,Где-то гремит война: Повести и рассказы.,"АСТАФЬЕВ, Виктор Петрович.",,,
35520,35521,15739,Где-то есть сын: Новеллы.,"БАХШИЕВ, Феликс Михайлович.",,,
35522,35523,15740,Где-то за Одером: Повесть.,"ГРИ-ЦАН, Николай Иванович.",,,
35524,35525,15741,Где-то на Северном Донце: Повесть.,"ВОЛОСКОВ, Владимир Васильевич.",,,
35526,35527,15742,Где-то совсем рядом: Пьесы.,"ЛАВРЕНТЬЕВ, Виктор.",,,
35528,35529,15743,Где-то там...,"ДАМАНСКАЯ, Августа Филипповна.",,,
35530,35531,15744,"Где тонко, там и рвется: Комедия в 1-м д.","ТУРГЕНЕВ, Иван Сергеевич.",,,
35532,35535,15745,"Где тонко, там и рвется: Русская быль.",Имя авт. не установлено.,,,
35536,35537,15746,Где трубы дымят.,"ГРЯЗНОВ, Иннокентий Петрович.",,,
35538,35539,15747,"Где труд, там счастье: Святочный рассказ.","МАМИН-СИБИРЯК, Дмитрий Наркисович.",,,
35540,35541,15748,"Где ты был, Адам?","БЕЛЛЬ, Генрих.",,,
35542,35543,15749,"Где ты, город?: Повести. Рассказы.","ТОРОПОВ, Иван Григорьевич.",,,
35544,35545,15750,"Где ты, Зарина?: Драматическая повесть.","ШАИМЕРДЕНОВ, Сафуан.",,,
35546,35547,15751,"Где ты летала, чайка: Рассказы.","ЛИСИН, Михаил Дмитриевич.",,,
35548,35549,15752,"Где ты, Луиджи?","СОЛОДАРЬ, Цезарь Самойлович.",,,
35550,35551,15753,"Где ты, мой садовник?: Стихи.","КАХИДЗЕ, Медея Ильинична.",,,
35552,35553,15754,"Где ты, Россия?: Повесть.","САХИБ, Джамал.",,,
35554,35555,15755,"Где ты, Светлана?: Лирическая комедия в 3-х д.","ЯН, Тамара Германовна.",,,
35556,35557,15756,"Где ты, силушка русских витязей: Баллада.","УГАДАЙ, Варвара Климовна.",,,
35558,35559,15757,"Где ты, счастье мое?: Роман.","КАТКОВА, Зинаида Федоровна.",,,
35560,35561,15758,Где у мальчишки дом?: Рассказы.,"ЗУБАВИН, Борис Михайлович.",,,
35562,35563,15759,Где черт не сможет —туда бабу пошлет: Рассказ.,"ВАСИЛЬКОВСКИЙ, А. К.",,,
35564,35565,15760,Где черти водятся...,"ЛЯСКОВ-СКИЙ, Владимир Георгиевич.",,,
35566,35567,15761,"Где честный труд, там и счастье: (Архангельская быль).","ПРИОРОВ, Михаил Капитонович.",,,
35568,35569,15762,Где швартуется солнце: Лирика.,"БЫЧКОВСКИЙ, Владимир Леонтьевич.",,,
35570,35571,15763,Где шумит пшеница: Повесть из истории Краснознаменной машинно-тракторной станции им. Т. Г. Шевченко.,"ФРОЛОВ, Александр Сергеевич.",,,
35572,35573,15764,Где шумят чужие города.,"ВИНОГРАДОВ, Александр Александрович.",,,
35574,35575,15765,"Где эта улица, где этот дом?: Водевиль-обозрение в 3-х д.","ДЫХОВИЧНЫЙ, Владимир Абрамович, СЛОБОДСКОЙ, Морис Романович.",,,
35576,35577,15766,Где этот дом: Рассказы. Повести.,"ВАЛЬЦЕВА, Анна.",,,
35578,35581,15767,"Где я потерял тебя, Лешка?","КЛЕЩЕВ, Дмитрий Яковлевич.",,,
35582,35583,15768,Геворг Марзпетуни.,МУРАЦАН.,,,
35584,35587,15769,Гедали.,"ОЖЕШКО, Элиза. ",Коробейник.,,
35588,35589,15770,Гедда Габлер: Драма в 4-х д.,"ИБСЕН, Генрик.",,,
35590,35591,15771,Гедеон Флис: Роман.,"ЛЮСИ, Генри Вильям.",,,
35592,35593,15772,Гейдар Алиев и его друзья: Рассказы.,"ВИНОГРАДСКАЯ, Эдда Адольфовна.",,,
35594,35595,15773,Гей-Меннринг или Астролог: Роман.,"СКОТТ, Вальтер.",,,
35596,35597,15774,Гейне в Париже.,"ДЕЙЧ, Александр Иосифович.",,,
35598,35599,15775,Гейне и Маркс.,"ДЕЙЧ, Александр Иосифович.",,,
35600,35601,15776,Гейнрих фон Офтердинген: (Посмертный роман).,НОВАЛИС.,,,
35602,35603,15777,Гейс: Роман.,"СОМЕРС-ФЕРМЕР, Я. П.",,,
35604,35605,15778,Гейша: Водевиль в 1-м д. с пением.,"ГЕБЕН, Лев Ильич.",,,
35606,35607,15779,Гейша: Роман из жизни опереточных артистов. Роман-миниатюра.,"СУРИН, Георгий.",,,
35608,35609,15780,Гейша или Чайный домик 10 000 радостей: Водевиль в 1-м д.,"САХАРОВ, Константин Николаевич.",,,
35610,35611,15781,Гейша Эйко: Роман.,"ТАНИСА-КИ, Сейдзи (ТАНИДЗАКИ, Сейдзи).",,,
35612,35613,15782,Гектар чудес: Рассказы о замеча тельных делах юных мичуринцев Дона.,"БОНДАРЕНКО, Петр Федорович.",,,
35614,35615,15783,«Гектор» и рассказы о прошлом.,"ЕЛПАТЬЕВСКИЙ, Сергей Яковлевич.",,,
35616,35617,15784,Гектор —моя собака.,"ЮНГ, Эгер-тон Риерсон.",,,
35618,35619,15785,Гектор Сервадак: Путешествие и приключения в солнечном мире.,"ВЕРН, Жюль.",,,
35620,35623,15786,Гектор Фиерамоска или Барлетт-ский поединок: Роман.,"Д'АЗЕЛИО, Массимо (Д'АДЗЕЛИО, Массимо). ",Этторе Фьерамоска или Барлеттский турнир; Этторе Фьерамоска или Турнир в Барлетте.,,
35624,35627,15787,Гекуба.,"ОЖЕШКО, Элиза. ",Мать и дочь.,,
35628,35629,15788,Гела Мин дел и: Поэма.,"ОНЕЛИ, Арно.",,,
35630,35631,15789,"Гелиодора или Гречанка, играющая на лютне. Ч. 1—3.","ЛИНДАУ, Вильгельм Адольф.",,,
35632,35635,15790,Гелион-Эолион.,"СЛОВАЦКИЙ, Юлий (СЛОВАЦКИЙ, Юлиуш). ",,Балладина...,
35636,35639,15791,Гело Себехлебский: Комедия в 5-ти д.,"ГОЛЛЫ, Йозеф.",,,
35640,35641,15792,Гелокандр: Восточная сказка.,"РУЛАНД, Вильгельм.",,,
35642,35643,15793,Гельголанд зовет!: Драма в 4-х д.,"КУЗНЕЦОВ, Андрей Юрьевич.",,,
35644,35645,15794,Геммы.,"ОЛИДОРТ, Борис.",,,
35646,35647,15795,Генацвале: Стихи.,"ХАЛВАШИ, Фридон Ишикович.",,,
35648,35649,15796,Гендель: Картины из жизни.,"КА-РИНЦЕВ, Николай.",,,
35650,35651,15797,Генерал: Комедия в 3-х д.,"УРУСОВ, Леонид Герасимович.",,,
35652,35653,15798,Генерал: [Повесть].,"ЗАЛ К А, Ма-тэ (ЗАЛКА, Мате).",,,
35654,35655,15799,Генерал: Фронтовые рассказы.,"ВАШЕНЦЕВ, Сергей Иванович.",,,
35656,35659,15800,Генерал армии: Киносценарий.,"ЧИРСКОВ, Борис Федорович. ",Победители.,,
35660,35661,15801,Генерал «Африка»: Повесть.,"ИВАНОВ-ЛЕОНОВ, Валентин Георгиевич.",,,
35662,35665,15802,Генерал Багратион.,"ГОЛУБОВ, Сергей Николаевич. ",Багратион.,,
35666,35667,15803,Генерал Барч.,"КАДЕН-БАНД-РОВСКИИ, Юлий.",,,
35668,35671,15804,Генерал Бо: Роман.,"ГУЛЬ, Роман Борисович.",,,
35672,35673,15805,Генерал Бонапарт: (Полководец). Комедия в 1-м д.,"ШОУ, Бернард.",,,
35674,35675,15806,Генерал Брусилов: Драма в 3-х актах.,"СЕЛЬВИНСКИЙ, Илья Львович.",,,
35676,35677,15807,Генерал Ватутин: Драматический портрет в 3-х д.,"ДМИТЕРКО, Любомир Дмитриевич.",,,
35678,35679,15808,Генерал великой армии Бонапарте: Пьеса в 4-х д.,"БАР, Герман.",,,
35680,35681,15809,Генерал Вперед: (Фельдмаршал Суворов). Историческая драма в 3-х д.,"ПЕЛОВ, Сергей (ДЗЮБИНСКИИ, Сергей Николаевич).",,,
35682,35683,15810,Генерал Доватор: Роман. Кн. 1. Глубокий рейд. Кн. 2. Под Москвой.,"ФЕДОРОВ, Павел Ильич.",,,
35684,35685,15811,Генерал завтракает: Картинка из военной жизни в 1-м д.,"ВЛАДИМИРОВ, В. И. (ЛАНГАММЕР, Владимир Иванович).",,,
35686,35687,15812,Генерал и адъютант: Рассказы о писателях.,"ГЕЛЬФАНБЕЙН, Григорий Михайлович.",,,
35688,35689,15813,Генерал и поэт: Документальная повесть.,"ТЕЛЬМАН, Исаак Григорьевич.",,,
35690,35693,15814,Генерал Каломерос:    Роман.,"ВЕЛЬТМАН, Александр Фомич.",,,
35694,35695,15815,Генерал коммуны; Садыя; Романы.,"БЕЛЯНКИН, Евгений Осипович.",,,
35696,35699,15816,Генерал Коммуны: (Ярослав Домбровский).,"ГРАНИН, Даниил. ",Ярослав Домбровский.,,
35700,35701,15817,Генерал Кукушкин: Рассказ.,"ТХОРЖЕВСКИИ, Корнелий Владиславович.",,,
35702,35705,15818,"Генерал-лейтенант Тергукасов или Геройские подвиги русских войск на Кавказе: 1) сидение в крепости Баязете без воды и хлеба, 2) разбитие и пленение полчищ Мутара-паши, 3) взятие неприступной крепости Карса с громадной армией и 300 орудий. В 2-х ч.",Имя авт. не установлено.,,,
35706,35707,15819,Генерал Лукач: Роман.,"ТИХОМИРОВ, Михаил Иванович.",,,
35708,35709,15820—15821,Генерал Онагренко; Вблизи кровавых камней; Потерянная бумага; Неотразимая сила.,"ДЛУССКИИ, Константин Михайлович.",,,
35710,35711,15822,Генерал-поручик Паткуль: Трагедия в 5-ти актах в стихах.,"КУКОЛЬНИК, Нестор Васильевич.",,,
35712,35713,15823,Генерал Рахимов.,"ЯШЕН, Камиль.",,,
35714,35715,15824,Генерал — сват: Рассказ из жизни Суворова.,"ЛЕБЕДЕВ, Михаил Николаевич.",,,
35716,35717,15825,Генерал Севера: Историческая повесть.,"СЕМЕНОВ, Сергей Иванович.",,,
35718,35719,15826,Генерал Симоняк.,"СТРЕШИН-СКИИ, Михаил Петрович, ФРАНТИШЕВ, Иван Моисеевич.",,,
35720,35721,15827,Генерал Солнце.,"АЛЕКСИС, Жак Стефан.",,,
35722,35723,15828,Генерал-фельдмаршал Гурко или Славный переход геройских русских войск через Балканские горы: Рассказ в 2-х ч.,"БАЛАГУР, Фома.",,,
35724,35727,15829,Генерал Фомбомбо:     Роман.,"СТРИБЛИНГ, Томас Сигизмунд.",,,
35728,35731,15830,Генерал Шленсгейм: Драма в 4-х д.,"ШПИСС, Христиан Генрих (ШПИС, Христиан Генрих).",,,
35732,35733,15831,Генералиссимус Суворов: Военноисторическая хроника в 5-ти д. (1795— 1799).,"ДАНДЕВИЛЬ, Михаил Викторович.",,,
35734,35735,15832,Генералиссимус Суворов: Исторический роман XVIII столетия. В 3-х ч.,"ГЕЙНЦЕ, Николай Эдуардович.",,,
35736,35737,15833,Генералиссимус Суворов: [Роман] .,"РАКОВСКИИ, Леонтий Иосифович.",,,
35738,35739,15834,Генералы умирают в постели: Роман.,"ГАРРИСОН, Чарльз (ХАРРИСОН, Чарльз).",,,
35740,35741,15835,Генеральная весна: Повесть.,"КОЖЕМЯКИН, Алексей Яковлевич.",,,
35742,35743,15836,Генеральная запань.,"ПАНОВ, Виктор Алексеевич.",,,
35744,35745,15837,Генеральная репетиция: Комедия в 1-м д.,"ЛЯЛИНА, Мария Андреевна.",,,
35746,35749,15838,Генеральная репетиция: Рассказ со сцены о московском вооруженном восстании 1905 г. в 3-х ч.,"СОБОЛЕВ, Юрий Васильевич, ПОДГОРНЫЙ, Владимир Афанасьевич.",,,
35750,35751,15839,Генеральная репетиция: Рассказы и повести.,"ДАВЫДОВ, Петр Александрович.",,,
35752,35753,15840,Генеральный консул: (Их подлинное лицо).,"БЕНЕШ, Карел Йозеф.",,,
35754,35755,15841,Генеральный консул: Пьеса в 4-х актах.,ТУР,,,", братья, ШЕЙНИН, Лев Романович."
35756,35759,15842,Генеральный прокурор: Драма в 3- х д. с прологом и эпилогом.,"ТРОФИМОВА, Стелла Александровна, ЛАГОВСКАЯ, Евгения Александровна.",,,
35760,35761,15843,Генеральный смотр совести Наполеона или Беседы Наполеона с совестью: С присовокуплением стихов под названием «Посрамленный завоеватель света или Неистовый корсиканец в своем унижении»...,"С... (УШАКОВ, Семен Иванович). ",,,Предполагаемое имя авт.
35762,35763,15844,Генеральская дочка: Повесть.,"ЧАРСКАЯ, Лидия.",,,
35764,35765,15845,Генеральская звезда.,"МОРГАН, Эл.",,,
35766,35767,15846,Генеральский Прохор: Рассказ.,"КРУГЛОВ, Александр Васильевич.",,,
35768,35769,15847,Генеральша: Очерк.,"КРУГЛОВ, Александр Васильевич.",,,
35770,35771,15848,Генеральша Грознова: Комедия в 1-м д.,"САМОЙЛО, Николай Иванович.",,,
35772,35775,15849,Генеральша Матрена: Комедия в 4- х д.,"СЕВЕРИН, Н. И. (МЕРДЕР, Надежда Ивановна), КРЫЛОВ, Виктор Александрович.",,,
35776,35777,15850,Генератор чудес (ГЧ): Роман.,"ДОЛГУШИН, Юрий Александрович.",,,
35778,35779,15851,Гениальная идея; Не везет; Одиссей и Пенелопа: Рассказы.,"АДЛЕРС-ФЕЛЬД-БАЛЛЕСТРЕМ, Евфимия.",,,
35780,35781,15852,Гениальная личность: Комедия в 3-х д.,"ВЕТОШКИН, Сергей (СОЛОДЕ-НИН, Сергей Михайлович).",,,
35782,35783,15853,Гениальное открытие: Эскиз в 1-м д.,"МИТЯЙ (ГОЛЬДШТЕЙН, Марк Михайлович).",,,
35784,35785,15854,Гениальный человек: Роман.,ДАШ,,,", графиня."
35786,35787,15855,Гении помощники и непримиримый гном.,ВИЛЛАР ДЕ МОНФОКОН (ВИЛЯР ДЕ МОНФОКОН).,,,
35788,35789,15856,Гений: [Поэма].,"ГУСЕВ, Виктор Михайлович.",,,
35790,35791,15857,Гений: [Роман].,"ДРАЙЗЕР, Теодор.",,,
35792,35793,15858,Гений: [Стихи].,"РУССОВ, Степан Васильевич.",,,
35794,35795,15859,Гений — благотворитель природы и человечества.,Ф. С.,,,
35796,35797,15860,Гений женщины: Символическая трагедия вне эпохи. (Женский вопрос в художественном его разрешении).,"ПОЛЕВОЙ, Андрей Львович.",,,
35798,35799,15861,Гений зла или Знаменитый русский сыщик Гектор Гринфельд: Иллюстрированный роман из современной русской действительности. Вып. 3—17.,"ОСТЭРАЛЬ, В.",,,
35800,35803,15862,"Гений, кровь и народы: Трагедия в 5-ти д. с эпилогом. Посвящается Париж- ской коммуне, 1792—1793 и 1871 г.","СКОПИН, Всеволод Иванович.",,,
35804,35805,15863,Гений наизнанку: Роман.,"ХЕКТ, Бен.",,,
35806,35807,15864,"Гений, но кустарь: Фельетоны.","КОЛЬЦОВ, Михаил.",,,
35808,35809,15865,Гений одной ночи: (Марсельеза. 25 апр. 1792 г.).,"ЦВЕЙГ, Стефан.",,,
35810,35811,15866,Гений русского сыска И. Д. Путилин: Рассказы о его похождениях.,"ДОБРЫЙ, Роман (АНТРОПОВ, Роман Лукич).",,,
35812,35813,15867,Гений с прицепом.,"МИТНИЦ-КИЙ, Лазарь Давидович.",,,
35814,35815,15868,Гений Японии.,"ТАГОР, Рабиндранат.",,,
35816,35817,15869,Генка: [Повесть].,"ЕФРЕМОВ, Иван Яковлевич.",,,
35818,35819,15870,Генка Пыжов — первый житель Братска: Повесть.,"ПЕЧЕРСКИЙ, Николай Павлович.",,,
35820,35821,15871,Геннадий Голенев: (Поэма).,"ПЕТРОВ, Александр.",,,
35822,35823,15872,Геннадка-мореход: Повесть.,"СЕ-ВЕРЦЕВ-ПОЛИЛОВ, Г. Т. (ПОЛИЛОВ, Георгий Тихонович).",,,
35824,35825,15873,Генри Денбэр: Роман.,"БРЭД-ДОН, Мэри Елисавета (БРЭДДОН, Мари Элизабет).",,,
35826,35827,15874,Генриада: Эпическая поэма.,"ВОЛТЕР (ВОЛЬТЕР, Франсуа-Мари).",,,
35828,35831,15875,Генриетта: Роман.,"КОППЕ, Франсуа. ",Две женщины.,,
35832,35835,15876,Генриетта Марешаль или Жертва. (Загл. обл.).,"ГОНКУР, Эдмонд де. ",Жертва или Генриэтта Марешаль.,,
35836,35837,15877,Генриетта Темпль: Роман.,"ДИЗРАЭЛИ (БИКОНСФИЛЬД, Бенджамин Дизраэли).",,,
35838,35839,15878,Генриетта Якоби: Роман.,"ГЕРМАНН, Георг (ГЕРМАН, Георг).",,,
35840,35841,15879,Генрхи: Повесть.,"СКОТТ, Вальтер.",,,
35842,35845,15880,Генрих Восьмой и его двор: Роман.,"МЮЛЬБАХ, Е. [!] (МЮЛЬБАХ, Луиза).",,,- Изд. также под загл.: Шестая жена короля Генриха Восьмого.
35846,35847,15881,Генрих Гейне.,"ДЕЙЧ, Александр Иосифович.",,,
35848,35849,15882,Генрих Гиткот из Генгуаля: Из жизни австралийских поселенцев.,"ТРОЛЛОП, Антоний (Троллоп Энтони).",,,
35850,35853,15883,"Генрих и Жанетта или Дети, оставленные в лесу: История, основанная на истине и сочиненная в подражание г. Дюкре-Дюминилю, автору Виктора, Целины, Катиньки и других. Ч. 1—4.",Имя авт. не установлено.,,,
35854,35855,15884,Генрих Наварский: Историческая пьеса в 5-ти д.,"ДЕВЕРЕ, Вильям.",,,
35856,35857,15885,"Генрих Рау Железная рука, знаменитый атаман 19 столетия: Его жизнь и приключения. Сенсационный роман. Вып. 1-56.","ГАГЕН, Г.",,,
35858,35859,15886,Генрих Рейс фон Плауэн или Осада Мариенбурга: Трагедия в 5-ти д.,"КОЦЕБУ, Август Фридрих.",,,
35860,35861,15887,"Генрих 111: Историческая драма в 5-ти д., в прозе.","ДЮМА, Александр (отец).",,,
35862,35865,15888,Генрих 111 и его двор: Новая историческая драма в 5-ти д.,"ДЮМА, Александр (отец). ",Генрих III.,,
35866,35869,15889,Генрих IV: Историческая хроника. В 2-х ч.,"ШЕКСПИР, Вильям. ",Король Генрих IV.,,
35870,35871,15890,Генрих Шестой на охоте: Комедия в 4-х д. из английской истории.,"БОГУСЛАВСКИЙ, Войцех.",,,
35872,35875,15891,Генуэзская башня:   Повести.,"ТКАЧ, Дмитро (ТКАЧ, Дмитрий Васильевич).",,,
35876,35877,15892,Геншель: Драма в 5-ти д.,"ГАУПТМАН, Гергарт.",,,
35878,35879,15893,География всея Руси: Сатира.,"ЛАВРОВСКИЙ, М. Я.",,,
35880,35881,15894,Геологи идут на север.,"ГАЛЧЕН-КО, Иннокентий Иванович.",,,
35882,35883,15895,Геологи продолжают путь.,"ГАЛ-ЧЕНКО, Иннокентий Иванович.",,,
35884,35885,15896,Геометрический лес: Повести и рассказы.,"ГОР, Геннадий.",,,
35886,35887,15897,Геометрия природы: Стихи.,"КА-НЫКИН, Аркадий Иванович.",,,
35888,35889,15898,Георг Арнов: Драма; Сельская учительница: Драма; Два христианина: Рассказ.,СЕРАФ-ЛЯНГУ.,,,
35890,35891,15899,Георг Вашингтон.,"ГОРН, В. О. фон (ЭРТЕЛЬ, Вильгельм).",,,
35892,35893,15900,Георг Енач: (Из эпохи борьбы швейцарского народа за независимость).,"МЕЙЕР, Конрад Фердинанд.",,,
35894,35895,15901,"Георг—Синяя Птица, приемный сын ирокозов.","ЮРГЕН, Анна.",,,
35896,35897,15902,Георг Стефенсон.,"ГОРН, В. О. фон (ЭРТЕЛЬ, Вильгельм).",,,
35898,35899,15903,"Георге, вдовий сын: Повесть.","ДРУЦЕ, Ион Пантелеевич.",,,
35900,35901,15904,Георгиевский кавалер: Рассказ.,"ДЕРМАН, Абрам Борисович.",,,
35902,35903,15905,Георгиевский кавалер: Рассказ. (Эскиз).,Р. З.,,,
35904,35905,15906,Георгиевский кавалер донской казак Козьма Крючков: Оригинальная быль в 3-х д.,"ПОПИВНЕНКО-РОСТОВСКИЙ, Никифор Гаврилович (ПОПИВНЕНКО, Никифор Гаврилович).",,,
35906,35907,15907,Георгиевский крест: Рассказ.,"ЛЮБИЧ-КОШУРОВ, Иоасаф Арианович.",,,
35908,35909,15908,Георгий Гапон: Драма в 5-ти д. с прологом.,"ШАПОВАЛЕНКО, Николай Николаевич.",,,
35910,35911,15909,Георгий Саакадзе: Роман.,"АНТОНОВСКАЯ, Анна Арнольдовна.",,,
35912,35913,15910,Георгий Седов.,"ПИНЕГИН, Николай Васильевич.",,,
35914,35915,15911,Георгий Скарина: Исторический роман.,"ЛЬВОВ, Евгений (ЛЬВОВ-КОЧЕТОВ, Евгений Львович), САДКОВИЧ, Микола.",,,
35916,35917,15912,Георгий Скорина: Драматическая поэма.,"КЛИМКОВИЧ, Михаил Николаевич.",,,
35918,35919,15913,Георгий Славин: Роман 1Х-гла-вый.,"КОССОВСКИЙ-НЕВРАЛЬГИН, Э. (КОССОВСКИЙ, Эфраим Лейбович).",,,
35920,35921,15914,Георгий Шестой: Поэма.,"АБАШИДЗЕ, Григол Григорьевич.",,,
35922,35923,15915,Георгики.,ВЕРГИЛИЙ МАРОН ПУБЛИЙ.,,,
35924,35925,15916,Георгины.,"МОРИН, Георгий Иванович.",,,
35926,35929,15917,Гептамерон: Новеллы.,МАРГАРИТА,,,", королева Наварры. Изд. также под загл.: Сад наслаждений."
35930,35933,15918,Гераклиды: Трагедия.,ЕВРИПИД. ,Геракл*; Неистовый Геракл; Ипполит.,,
35934,35935,15919,Гераковы; Земля.,ЕЛИН-ПЕЛИН.,,,
35936,35937,15920,Герань: Книга стихов.,"ПОТЕМКИН, Петр Петрович.",,,
35938,35939,15921,Герань: Стихи.,"ЛЕЗИНА, Людмила Дмитриевна.",,,
35940,35943,15922,Геранька или Нет худа без добра: Рассказ.,Имя авт. не установлено.,,,
35944,35945,15923,Герасим Курин.,"ГОЛУБОВ, Сергей Николаевич.",,,
35946,35947,15924,Герасим Лебедев: Исторический роман.,"СМИРНОВА-РАКИТИНА, Вера Алексеевна.",,,
35948,35949,15925,Гераськина ошибка.,"ВАСИЛЕНКО, Иван Дмитриевич.",,,
35950,35951,15926,Гербарий моей дочери.,"ХОЛОДКОВСКИИ, Николай Александрович.",,,
35952,35955,15927,Гервей или Хижина престарелого корабельщика.,Имя авт. не установлено.,,,
35956,35957,15928,Гергард Грим: Драматическая поэма в 5-ти д.,"ГЕДБЕРГ, Тор Гаральд.",,,
35958,35959,15929,Геркуланум: Роман из древнеримской жизни.,"КРЫЖАНОВСКАЯ, Вера Ивановна.",,,
35960,35963,15930,Геркулес: Рассказ.,"НЕМИРОВИЧ-ДАНЧЕНКО, Василий Иванович. ",,Майор Бобко и его сироты...,
35964,35967,15931,Геркулес: Шутка в 1-м д.,Имя авт. не установлено.,,,
35968,35971,15932,Геркулесов выбор: Зрелище в 1-м д. Писано в 1795 г.,Имя авт. не установлено.,,,
35972,35973,15933,Герман Дроворуб.,"МАЛАН, Сезар Анри Абраам.",,,
35974,35975,15934,Герман и Доротея: Поэма в IX песнях.,"ГЕТЕ, Иоганн Вольфганг.",,,
35976,35977,15935,Герман Лопатин.,"СМОЛЬНИКОВ, Игорь Федорович.",,,
35978,35979,15936,Герман Фридберг.,"ЛЕВ, З. Н.",,,
35980,35981,15937,Германиада: (Илиада XX века). Песня 1.,"СОЧ, А.",,,
35982,35983,15938,Германия: Зимняя сказка.,"ГЕЙНЕ, Генрих.",,,
35984,35985,15939,Германия: Очерки.,"ЧУМАНДРИН, Михаил Федорович.",,,
35986,35987,15940,Германия: Очерки и рассказы.,"СЛОНИМСКИЙ, Михаил Леонидович.",,,
35988,35989,15941,Германия — убийца.,"ТРАВИН, Петр Александрович.",,,
35990,35991,15942,Германцы или Замок в Богемии при Судетских горах: Ч. 1—2.,"ЛАФОНТЕН, Август Генрих Юлий.",,,
35992,35993,15943,Гермес из Манхэттена: Повесть.,"ФЕДОСЕЕВ, Виктор Иванович.",,,
35994,35995,15944,Гернани: Драма в 5-ти д.,"ГЮГО, Виктор.",,,
35996,36001,15945,Гернани или Кастильская честь: Трагедия.,"ГЮГО, Виктор. ",Гернани; Эрнани.,,
36002,36003,15945а,Геро и Леандр.,"ДЕМУТЬЕ, Карл Альберт.",,,
36004,36005,15946,Герои: (Из  детских воспоминаний).,"ВАЛЬКО-ОТШЕЛЬНИК (ВАЛЬ-КОВСКИИ, Владислав Викторович).",,,
36006,36007,15947,Герои: Пьеса в 3-х д.,"ГЛАЗЫЧЕВ, Константин Дмитриевич, ЛЕБЗАК, Ольга Яковлевна.",,,
36008,36011,15947а,Герои: Сцены из детской жизни.,"СЕРГЕЕНКО, Петр Алексеевич. ",Искатели клада.,,
36012,36013,15948,Герои Аджимушкая: Рассказы о мужестве подземного гарнизона.,"КОНДРАТЬЕВ, Владимир Александрович.",,,
36014,36015,15949,Герои Амбарпиура.,"В АРМА, Вриндаванлал.",,,
36016,36017,15950,Герои Аму: Героико-приключенческая комедия в 3-х д.,"ТЛЕГЕНОВ, Прлепес.",,,
36018,36019,15951,Герои Балтики: Киноповесть.,"КО-БЕЦ, Григорий Яковлевич.",,,
36020,36021,15952,Герои Балтики: Очерки о военных моряках прошлых и настоящих дней.,"ВИШНЕВСКИЙ, Всеволод Витальевич.",,,
36022,36023,15953,Герои без вести не пропадают: Роман.,"КИБЕК, М.",,,
36024,36025,15954,Герои без имени.,"КУРЧАВОВ, Александр Алексеевич.",,,
36026,36027,15955,Герои блока смерти.,"СМИРНОВ, Сергей Сергеевич.",,,
36028,36029,15956,Герои Брестской крепости.,"СМИРНОВ, Сергей Сергеевич.",,,
36030,36031,15957,Герои будней: Пьеса в 3-х д.,"МАНДИ, Эва.",,,
36032,36033,15958,Герои будущего романа.,"ОСТРОВ, Дмитрий.",,,
36034,36035,15959,Герои в дерюге.,"ПЕТЕФИ, Шандор.",,,
36036,36037,15960,Герои «Варяга».,"ПОНОМАРЕВ, Иван Ильич.",,,
36038,36039,15961,Герои-дагестанцы.,"ТРУНОВ, Дмитрий Иванович.",,,
36040,36041,15962,"Герои XX века: Сатира на современных мужей. Фарс в 3-х действиях-миниатюрах: Гибель Титаника, Охота на львов и Жертва гарема.","ЯРОНГОФ, Петр (ЯРОСЛАВЦЕВ, Петр Данилович).",,,
36042,36045,15963,Герои дзота №     11.,"ШМЕР- ЛИНГ, С.",,,
36046,36047,15964,Герои дня: Роман из современной: жизни.,С***.,,,
36048,36049,15965,Герои дня и минуты.,"СЕДЕЛЬНИКОВ, Николай Михайлович.",,,
36050,36051,15966,Герои долга: Рассказы из быта на границе.,"ТЮТЧЕВ, Федор Федорович.",,,
36052,36053,15967,Герои едут в колхоз.,"ГУСЕВ, Виктор Михайлович.",,,
36054,36055,15968,"Герои жизни: Повести, рассказы и эскизы.","ПРУЖАНСКИИ, Н. (ЛИНОВ-СКИИ, Николай Осипович).",,,
36056,36057,15969,Герои и героини.,"МУРАТОВ, Павел Павлович.",,,
36058,36061,15970,Герои и жертвы Великой войны.,СВЕНЦИЦКИИ. ,,,Андрей Эдуардович.
36062,36063,15971,Герои и подвиги.,"ВАРШАВСКИЙ, Сергей Петрович, РЕСТ, Б. (ШАРО, Юлий Исаакович).",,,
36064,36065,15972,Герои из мира животных: 1—8.,"СЕТОН-ТОМПСОН, Эрнест.",,,
36066,36069,15973—15974,Герои Кунгахеллы.,"ЛА-ГЕРЛЕФ, Сельма. ",Королевы в Кун-гахэлле.,,
36070,36071,15975,Герои литературного шантажа: Повесть.,"СЛОБОДИН, П.",,,
36072,36075,15976,Герои лихолетья.,"ПАВИЦКИИ, А. Д.                              ",,,о
36076,36079,15977,Герои Малахова кургана: Роман в 3-х ч.,"БУССЕНАР, Луи Анри. ",Жан-Сорви голова: Герои Малахова кургана.,,
36080,36081,15978,Герои морских берегов: Повесть.,"ГОРН, В. О. фон (ЭРТЕЛЬ, Вильгельм).",,,
36082,36083,15979,Герои морских берегов: Повесть.,"ХОРН, Отто.",,,
36084,36085,15980,Герои морских глубин.,"ЗИНГЕР, Макс Эммануилович.",,,
36086,36087,15981,Герои московских трущоб: Алеш-ка-Пройди-свет и Настя Горькая.,"ЗОТОВ, Михаил.",,,
36088,36089,15982,Герои нашего фронта.,"ШУБИН, Павел Николаевич.",,,
36090,36091,15983,Герои не нашего времени: Фельетоны и сатирические рассказы.,"МАЛЮГА-НОВ, Владимир Александрович.",,,
36092,36093,15984,Герои не умирают: Быль.,"ЕГОРОВ, Василий Федорович.",,,
36094,36095,15985,Герои не умирают: Быль.,"РОГОЖИН, Алексей Николаевич, ЕГОРОВ, Василий Федорович",,,", ЗОТОВ, Николай Иванович."
36096,36099,15986,Герои не умирают. [Документальная повесть].,"ЕРМОЛАЕВ, Владимир Константинович, МАРКОВ, Соломон Маркович. ",Матрос с лидера «Минск».,,
36100,36101,15987,Герои не умирают: Документальная повесть.,"МУРАДЯН, Виктор Асланович.",,,
36102,36103,15988,Герои не умирают: Из записдой книжки партизанских лет.,"СЕМЕНОВ, Алексей Филиппович.",,,
36104,36105,15989,Герои не умирают: Повесть о Герое Советского Союза В. Левакове.,"ЕФРЕМОВ, Павел Андреевич.",,,
36106,36107,15990,Герои новейшего времени: Роман.,"ОКРЕИЦ, Станислав Станиславович.",,,
36108,36109,15991,Герои нок-аута: Рассказы боксера.,"ЖЕРЕБЦОВ, Петр Евстратьевич.",,,
36110,36111,15992,Герои огненных лет.,"МАКСУДОВ, Рамзи Гарифович.",,,
36112,36113,15993,Герои одного села: Из фронтовых записей.,"ЩЕГЛОВ, Александр Сергеевич.",,,
36114,36115,15994,Герои Олерона.,"АНДРЕЕВ, Вадим Леонидович, СОСИНСКИЙ, Владимир Брониславович",,,", ПРОКША, Леонид Януарович."
36116,36117,15995,"Герои острогов и каторги: Роман из жизни отверженных и падших личностей, списанный с натуры и заимствованный из юридических дел.",Н. В.,,,
36118,36121,15996,Герои Отечественной войны: 1. Пленение генерала П. А. Тучкова: Автобиографическая записка; 2. Партизан Фигнер; 3. Подвиг Раевского.,"ДАНИЛЕВСКИЙ, Михаил Григорьевич.",,,
36122,36123,15997,"Герои, подвиги, судьбы: (Записки журналиста).","ДРУЖИНИН, Борис Вячеславович.",,,
36124,36125,15998,Герои «Потемкина».,"ПОНОМАРЕВ, Иван Ильич.",,,
36126,36127,15999,Герои преферанса или Душа общества: Оригинальная комедия-водевиль в 3-х карт.,"ГРИГОРЬЕВ, Петр Иванович.",,,
36128,36129,16000,Герои прошлого: (Повесть из жизни русских революционеров 1906— 1908 годов).,"ЗАРИН, Андрей Ефимович.",,,
36130,36131,16001,Герои пустынных горизонтов.,"ОЛДРИДЖ, Джеймс.",,,
36132,36133,16002,Герои советского Китая: Рассказы.,"СМЭДЛИ, Агнеса (СМЕДЛИ, Агнес).",,,
36134,36135,16003,Герои среди нас.,"ТУНИЦКИИ, Александр Николаевич.",,,
36136,36137,16004,Герои Сталинграда: Рассказы.,"ГУММЕР, Иосиф Самуилович, ХАРИН, Юрий Александрович.",,,
36138,36139,16005,Герои страны: Стихи и песни.,"СМИРНОВ, Александр.",,,
36140,36141,16006,Герои Таганрога: Документальная повесть.,"ГОФМАН, Генрих Борисович.",,,
36142,36143,16007,Герои темного мира: Сцены из петербургской жизни в 4-х д. с куплетами.,"Ж-В, Г. (ЖУЛЕВ, Гавриил Николаевич), Х-В, С. (ХУДЕКОВ, Сергей Николаевич).",,,
36144,36147,16007а,Герои техники.,"БОНД, Александр Руссель. ",У героев техники.,,
36148,36149,16008,Герои тыла: Революционная комедия в 1-м д.,"КИСИН, З. М.",,,
36150,36151,16009,Герои цирка: Комедия-буфф в 3-хд.,"БИЛЬО, Поль (БИЛО, Поль), ЭН-НЕКЕН, Морис.",,,
36152,36153,16010,Герои чертова моста: (Суворов на Альпах). Поэма в стихах.,"ГРУЗДЕВ, А.",,,
36154,36155,16011,Герои шансонетки: Роман.,"ГИЛЬБЕР, Иветт.",,,
36156,36157,16012,Герои янтарного края.,"ПИНЧУК, Людмила Романовна.",,,
36158,36159,16013,Героида XI. Канаце Макарию.,"ОВИДИЙ НАЗОН, Публий.",,,
36160,36161,16014,Героика будней: Стихотворения.,"ЛИБОВ, Александр.",,,
36162,36163,16015,Героика Буэнос-Айреса.,"ДРАГУН, Освальдо.",,,
36164,36165,16016,Героика стройки: Стихи.,"ЗЕРНИТ, Бруно Иванович.",,,
36166,36167,16017,Героини.,"ОВИДИЙ НАЗОН, Публий.",,,
36168,36169,16018,Героиня: (Быль). Рассказ из сибирской жизни.,"ВЫСОКИЙ (KOPHATОBСКИЙ, Дмитрий.Николаевич).",,,
36170,36171,16019,«Героиня»: (Дневник медички).,"СИЛОН, И. П. (ПОПОВ, Владимир Афа: насьевич).",,,
36172,36173,16020,Героиня: Комедия-шутка. В 1-мд.,ИРТЕНЬЕВ,,,", Н,,Н."
36174,36175,16021,Героиня: Повесть.,"ЧИСТЯКОВ, Михаил Борисович.",,,
36176,36177,16022,Героиня: Рассказ.,"БЕЗДОЛЬНЫЙ, Сергей (КОТЕЛЬНИКОВ, Нил. Д.).",,,
36178,36179,16023,Героиня веры: Рассказ из первых веков христианства.,"БАРИН-ГУЛЬД, Сабина (БЭРИНГ — ГУЛЬД, Сабина).",,,
36180,36181,16024,Героиня-невеста Параша гимназистка: Повесть из русско-немецкой войны в современном духе.,"СКОРБНЫЙ, Иван.",,,
36182,36183,16025—16026,Героиня полусвета: Картины парижской жизни в 2-х д.,"ЖИРАРДЕН, Эмиль.",,,
36184,36185,16027,Героическая баллада: Стихи.,"КРАСНОВ, Николай Степанович.",,,
36186,36187,16028,Героическая баллада: [Стихи].,"СУББОТИН, Василий Ефимович.",,,
36188,36189,16029,Героическая любовь: Китайский водевиль.,ГЕНЕРАЛ ЧЕНГ-КИ-ТОНГ.,,,
36190,36191,16030,"Героическая песнь на победы, одержанные над французами при Двине под предводительством графа Витгенштейна.","ОКУЛОВ, Григорий Андреевич.",,,
36192,36193,16031,Героическая песня: Стихи.,"ДЖАЛИЛЬ, Муса.",,,
36194,36195,16032,Героическая повесть: Драма в 3-х д.,"ИСАЕВ, Яков Исаевич.",,,
36196,36197,16033,Героическая поэма.,"ЕГОРОВ, Алексей Харлампиевич.",,,
36198,36199,16034,Героические были из жизни крымских партизан.,"ВЕРГАСОВ, Илья Захарович",,,","
36200,36201,16035,Героические дни.,"ЛЕБЕДЕВ, Вячеслав Алексеевич.",,,
36202,36203,16036,Героические иллюзии Тито Басси: Роман.,"РЕНЬЕ, Анри де.",,,
36204,36205,16037,Героические мечтания Тито Басси: Роман.,"РЕНЬЕ, Анри де.",,,
36206,36209,16038,Героический дневник.,"ЯРУНКО-ВА, Клара. ",,Золотая сеть...,
36210,36211,16039,Героический корабль.,"НОВИКОВ-ПРИБОЙ, Алексей Силыч.",,,
36212,36215,16040,Героический мирок: Роман.,"ФО-ГАЦЦАРО, Антонио. ",Отживший мирок.,,
36216,36217,16041,Героический поступок: Отрывки из дневника. Роман.,"МИЛОРАДОВИЧ, Александра Александровна.",,,
36218,36219,16042,Героический район: Роман из дней Венгерской революции.,"КИШ, Лайош.",,,
36220,36221,16043,Героическое.,"БЕДНЫЙ, Демьян.",,,
36222,36223,16044,Героическое детство.,ЛУ ЧЖУ-ГО.,,,
36224,36225,16045,Герой: Комедия в 3-х д.,"СИНГ, Джон Миллингтон.",,,
36226,36227,16046,«Герой»: Комедия в 3-х д.,"ТОМА, Людвиг.",,,
36228,36231,16047,Герой; Ночь под рождество.,"БРЕТ-ГАРТ, Фрэнсис.",,,
36232,36235,16048,Герой: Повесть.,Имя авт. не установлено.,,,
36236,36237,16049,Герой: Пьеса в 1-м д.,"ДЕМИДОВ, Алексей Алексеевич.",,,
36238,36239,16050,Герой: Рассказ.,"КРЭК (КРЭЙК, Дина Мери).",,,
36240,36241,16051,Герой: Рассказ.,"НЕМИРОВИЧ-ДАНЧЕНКО, Василий Иванович.",,,
36242,36243,16052,Герой: [Рассказ].,"ПОЗДНЯКОВ-УХТОМЦЁВ, Николай Григорьевич (ПОЗДНЯКОВ, Николай Григорьевич).",,,
36244,36247,16053,Герой: [Рассказ].,"ЧАРСКАЯ, Лидия. ",,За царя и родину...,
36248,36249,16054,Герой: Рассказы и очерки.,"ГЕР-ГЕЛЬ, Шандор (ГЕРГЕЙ, Шандор).",,,
36250,36251,16055,Герой: [Роман].,"ЛЭМПЕЛЛ, Миллард.",,,
36252,36253,16056,Герой-барабанщик: Исторический рассказ.,"РУССЕЛЕ, Луи (РУССЛЕ, Луи).",,,
36254,36257,16057,Герой былых времен: Повесть из жизни Великого князя Александра Невского.,"ЕПИФАНОВ, Иван.                ",,,«
36258,36259,16058,Герой в пижаме: Сатирические миниатюры.,"ДЕМЬЯНОВ, Владимир Петрович.",,,
36260,36261,16059,Герой Василий Рябов: Драматические сцены из русско-японской войны.,"КОСОВЕЦ, Михаил Григорьевич.",,,
36262,36263,16060,Герой великого 1914 г.: Рассказ.,"ЗАЛКА, Матэ (ЗАЛКА, Мате).",,,
36264,36265,16061,Герой-гимназист.,"ВАСИЛЬЕВ, Н.",,,
36266,36267,16062,Герой XX века: Роман в стихах.,БАРОН МИШЕЛЬ.,,,
36268,36269,16063,Герой Джемалик: Поэма.,"МАЛА-ЗОНИЯ, Нестор Глахунович.",,,
36270,36271,16064,Герой дня: Пьеса в 3-х д.,"ГРЕБНЕВ, Григорий.",,,
36272,36273,16065,Герой дня!: Роман.,"БРОДИ, Александр (БРОДИ, Шандор).",,,
36274,36275,16066,Герой-доброволец: (Поэма).,"ГОЛИЦЫН, Николай Карпович.",,,
36276,36277,16067,"Герой, донской казак Кузьма Крючков: Очерк.","ШУХМИН, Христофор Алексеевич.",,,
36278,36279,16068,Герой и император: Роман. Т. 1-2.,"САМАРОВ, Грегор.",,,
36280,36281,16069,Герой из Тысячи-одной ночи: Водевиль в 1-м д.,"ТОЛЧЕНОВ, Александр Павлович.",,,
36282,36283,16070,Герой-изменник: Исторический рассказ.,"ПОТАПЕНКО, Игнатий Николаевич.",,,
36284,36285,16071,Герой или безумец?; Летом.,"ЛОТАР, Рудольф.",,,
36286,36287,16072,Герой Кара-Кумов: Повесть.,"ДЬЯКОВ, Борис Александрович.",,,
36288,36289,16073,Герой Кнопкин: (Повестушка).,"МИТНИЦКИИ, Лазарь Давидович.",,,
36290,36291,16074,Герой конца века: Роман.,"СОКОЛОВ, Александр Алексеевич.",,,
36292,36293,16075,Герой конца века: Роман-хроника в 3-х ч.,"ГЕЙНЦЕ, Николай Эдуардович.",,,
36294,36295,16076,Герой Крючков.,"КАМЕНСКИЙ, Николай.",,,
36296,36297,16077,Герой Малороссии Зиновий—Богдан Хмельницкий или Присоединение Малороссии к России: Исторический роман в 4-х ч.,"ГОРЕЛОВ, Евгений Иванович.",,,
36298,36299,16078,Герой Марс: Исторический рассказ из времен войны 1812 года.,"ЛЕ-ЖЕР, Л.",,,
36300,36301,16079,Герой на час: (Порыв настроения). Комедия-шутка в 1-м д.,"БЕЛЯВСКИЙ, М.",,,
36302,36303,16080,Герой народной свободы «Голо-та»: Пьеса в 5-ти д.,"МИХЕЕВ, Василий Михайлович.",,,
36304,36305,16081,Герой нашего времени: Водевиль-анекдот в 1-м д.,A. S.,,,
36306,36307,16082,Герой нашего времени: (Из черновика найденной неоконченной поэмы).,А. Я.,,,
36308,36309,16083,Герой нашего времени: [Роман].,"ЛЕРМОНТОВ, Михаил Юрьевич.",,,
36310,36311,16084,Герой нашего времени: Фарс-сатира в 2-х д.,"ЗУДАТЕШИН, Петр (ЯКОБИ, Петр Николаевич).",,,
36312,36313,16085,Герой нашей повести.,ИСМОИ-ЛИЙ [!] ,,,"Мирзакалон (ИСМАИЛИ, Мир-закалан)."
36314,36317,16086,Герой от Омона: Повесть.,Имя авт. не установлено.,,,
36318,36319,16087,Герой пера; Голоса родины.,"ВЕРНЕР, Элизабет.",,,
36320,36321,16088,Герой подполья: Историческая повесть.,"БУХШТАБ, Борис Яковлевич.",,,
36322,36323,16089,Герой поневоле.,"БАРАЛЕВСКИИ, Василий Михайлович.",,,
36324,36327,16090,Герой прерий: Повесть для юношества.,"КАРИНЦЕВ, Николай. ",Приключения американского пионера.,,
36328,36329,16091,Герой района: Пьеса в 3-х д. для рабочих клубов.,"ТУМАННЫЙ, Д. (ПАНОВ, Николай Николаевич).",,,
36330,36331,16092,Герой романа.,"ИВНЕВ, Рюрик.",,,
36332,36333,16093,Герой с высоких гор.,"ЗИНГЕР, Макс Эммануилович.",,,
36334,36335,16094,Герой Саламина: Историческая повесть.,"ВОРОНКОВА, Любовь Федоровна.",,,
36336,36337,16095,"Герой Севастополя, матрос Семен Караев: Рассказ.","БАЛАГУР, Фома.",,,
36338,36339,16096,Герой Сонгделы: Норвежский ковбойский роман.,"ВИГЕРЮСТ, Вегард.",,,
36340,36341,16097,Герой темного мира или Жена мертвеца: Драматический этюд в 2-х д.,"ФЕДОРОВ, Н.",,,
36342,36343,16098,Герой труда: Рассказ.,"ЧЕРЕВ-КОВ, Владимир Гервасьевич.",,,
36344,36345,16099,Герой 1812 г.: Хроника времен нашествия французов. Драма в 3-х д.; Передовые: Пьеса в 3-х д.,"МАРС, К. (МОРОЗОВ, Николай Кузьмич).",,,
36346,36349,16100,Герой-удалец русский солдат и поражение турок: (Рассказ).,Имя авт. не установлено.,,,
36350,36351,16101,"Герой Фатерланда: Пьеса в 5-ти карт, с прологом.","КРУЧКОВСКИИ, Леон.",,,
36352,36353,16102,Герой Чемульпо: Рассказ об одной очень нормальной женщине.,"ШЕМШУ-РИН, Андрей Акимович.",,,
36354,36355,16103,Герой-чудотворец: Роман.,"ПРИСТЛИ, Джон Бойнтон.",,,
36356,36357,16104,"Герой Щеголев, юный питомец русской славы: Достопамятный его подвиг под Одессою против соединенного англофранцузского флота в страстную субботу 10 апреля 1854 г.","ЗУБОВ, Платон.",,,
36358,36359,16105,Герой Щербаков.,"ТКАЛИЧ-ДНЕПРОВСКИИ, Георгий Михайлович.",,,
36360,36363,16106,"Геройская любовь или Примеры чрезвычайного в любви постоянства, великости и мужественной решимости в терпении всяких бедствий, неоспоримо доказывающие твердость женского духа: Ч. 1—2.",Имя авт. не установлено.,,,
36364,36365,16107,Геройская оборона Ченстохова: Рассказ из времен шведской войны. [Извлечение из романа «Потоп»].,"СЕНКЕВИЧ, Генрик.",,,
36366,36367,16108,Геройская смерть: Рассказ.,"ТХОРЖЕВСКИИ, Корнелий Владиславо-вич",,,^
36368,36371,16109,Геройская смерть гренадера Ма-хоркина: Рассказ из русско-турецкой войны в 2-х ч.,"БАЛАГУР, Фома. ",,,Загл.: обл.: Смерть Махоркина.
36372,36373,16110,Геройская смерть женщины: Правдивый рассказ из современной русской народной жизни.,"СКВОРЕШНИКОВ, Алексей Г.",,,
36374,36375,16111,Геройские подвиги казака Халина: Кавалер всех 4-х Георгиев.,БЫВАЛЫЙ.,,,
36376,36377,16112,Геройские подвиги Орлеанской девы: Быль.,"КУКЕЛЬ (ЛУНИН, В. А.).",,,
36378,36379,16113,Геройский парень: Юмористические рассказы.,"СОФРОНОВ, Лев Семенович.",,,
36380,36383,16114,Геройский подвг.? Антона Пол-зункова. (Загл. обл.).,"БАЛАГУР, Фома. ",Геройский подвиг Н. [!] И. Ползункова: Рассказ из русскотурецкой войны.,,
36384,36385,16115,"Геройский подвиг девушки, убившей германского офицера, защищая честь своей родины.","МОПАССАН, Гюи де.",,,
36386,36389,16116,Геройский подвиг Н. [!] И. Ползункова: Рассказ из русско-турецкой войны.,"БАЛАГУР, Фома. ",Геройский подвиг Антона Ползункова.,,
36390,36391,16117,"Геройский подвиг одной русской женщины Валентины Гавронской, которая победила целый германский полк и тем самым спасла весь город и всех жителей, находящихся в нем, от кровавых набегов продолжавшейся войны.","ПРОХОРОВИЧ, Андрей Васильевич.",,,
36392,36393,16118,Геройский подвиг рядового Тен-гинского полка Архипа Осипова: Рассказ из времен Кавказской войны.,"ГОЛОХВАСТОВ, К. К.",,,
36394,36395,16119,Геройское имя: Документальная повесть.,"ЦУПРИК, Нина Васильевна.",,,
36396,36399,16120,Геройство и любовь: Повесть из царствования Петра Великого.,Имя авт. не установлено.,,,
36400,36401,16121,Геройство и любовь или Замок на берегах Дона: Российско-исторический роман.,"ЗРЯХОВ, Николай.",,,
36402,36405,16122,Геройство полка.,"КОЛЕСНИКОВ, Николай Владимирович. ",,Забыли...,
36406,36409,16123,Геройство русского солдата Захария Глыбочкина и проделки казака Трофима в русско-турецкую войну: Современный рассказ.,Имя авт. не установлено.,,,
36410,36411,16124,Геройство семнадцатилетней знатной девицы или Оклеветанная невинность: Ч. 1—4.,"ЖАНЛИС, Стефани Фелисите.",,,
36412,36413,16125,Геролыптейн: Эпилог «Парижских тайн».,"СЮ, Евгений (СЮ, Эжен).",,,
36414,36415,16126,Героподвия: Повесть.,"ЗБАНАЦ-КИИ, Юрий.",,,
36416,36419,16127,"Герою нашего времени князю Варшавскому, графу Паскевичу Эриван-скому, приношение 76-летнего слепца.","БЕМ, Андрей.",,,
36420,36421,16128,Гертруда: Драма в 3-х д.,"СЕ-ДЕРБЕРГ, Яльмар.",,,
36422,36423,16129,Герц Шмуйлович: (Драма в 1-м д.).,"КРИНИЦКИИ, Марк.",,,
36424,36425,16130,Герцеговинские отчаянные бойцы в битве с турками или кровавая их месть: Роман из времен восстания герцеговинцев в 1875—1876 годах.,"КРАСОТКИН, Н.",,,
36426,36429,16131,Герцог Веспассо: (Шекспир).,"РЕВУ, Поль, МЮЛЛЕР, Шарль Поль Эмиль. ",,Человек с восковым ухом...,
36430,36433,16132,Герцог-двоеженец или Месть атамана: Роман из действительной современной жизни. Вып. 1—35.,Имя авт. не установлено.,,,
36434,36435,16133,Герцог Де-Гюиз: Роман.,"СУЛЬЕ, Фредерик.",,,
36436,36437,16134,"Герцог-деляга: Рассказы, фельетоны.","ВИЛЕНСКИЙ, Марк Эзрович.",,,
36438,36439,16135,Герцог подает в отставку: Рассказы.,"ВОРОШИЛОВ, Петр Семенович.",,,
36440,36441,16136,Герцог Портландский.,"ВИЛЬЕ ДЕ ЛИЛЬ АДАН, Огюст.",,,
36442,36443,16137,Герцогиня Акуля: Сказы и были.,"ВЛАСОВА, Серафима Константиновна.",,,
36444,36445,16138,Герцогиня Бургундская: Роман.,"СЕН-ФЕЛИКС, Жюль де.",,,
36446,36447,16139,"Герцогиня де ла Валиер: Ч, 1—2.","ЖАНЛИС, Стефани Фелисите.",,,
36448,36449,16140,Герцогиня де Лозен: Роман.,ДАШ,,,", графиня."
36450,36451,16141,Герцогиня и «конюх». Исторический роман.,"АНТРОПОВ, Роман Лукич.",,,
36452,36453,16142,Герцогиня Креветт: Фарс в 4-х д.,ФЕЙДО. ,,,Жорж.
36454,36457,16143,Герцогиня Ла-Вальер: Драма в 5-ти д.,"БУЛЬВЕР, Эдуард ",,,"(лорд ЛИТТОН) (БУЛВЕР - ЛИТТОН, Эдуард Джордж)."
36458,36459,16144,Герцогиня Лонгвиль: Эпизод из времен Фронды.,"ФЕЛИКС, С. (СЕН-ФЕ-ЛИКС, Жюль де).",,,
36460,36463,16145,Герцогиня Падуанская: Драма в 5-ти д. в стихах.,"УАЙЛЬД, Оскар.",,,
36464,36465,16146,Герцогиня Паллианская.,СТЕНДАЛЬ.,,,
36466,36469,16147,Герцогиня Шатору: Т. 1—3.,"ГЕ, София.",,,
36470,36473,16148,Герцогская корона: Ловкий удар. Исторический роман в 3-х ч.,"ГАБОРИО, Эмиль. ",Кувырком. Герцогская корона. Ловкий удар.,,
36474,36475,16149,Гершл Шамай.,"АБЧУК, Аврам Пинхусович.",,,
36476,36477,16150,Геста Берлинг: Роман из скандинавской жизни в 2-х ч.,"ЛАГЕРЛЕФ, Сельма.",,,
36478,36479,16151,Гете.,"ЛЮДВИГ, Эмиль.",,,
36480,36481,16152,Гетера Ланса: (Под солнцем Афин). Роман.,"ФРЕЖАК, Эдмонд.",,,
36482,36483,16153,Гетера Лаиса: Пьеса в 5-ти д.,"ПРОТОПОПОВ, Виктор Викторович.",,,
36484,36485,16154,Гетеры: Комедия в 1-м д.,"НО-ЗЬЕР, М. [!] (НОЗЬЕР, Фернанд).",,,
36486,36491,16155,Гетман Богдан Хмельницкий или Присоединение Малороссии: Историческая повесть.,Имя авт. не установлено. ,Богдан Хмельницкий.,,
36492,36495,16156,Гетман Малороссии Богдан Хмельницкий: Исторический роман в 3-х ч. из времен борьбы Южной Руси с ляхами.,Имя авт. не установлено.,,,
36496,36497,16157,Гетман Остряница или Эпоха смут и бедствий Малороссии: Исторический роман XVII столетия.,"КОРЕНЕВСКИЙ, Василий.",,,
36498,36501,16158,Гетман Степан Остряница 1638 г.,"РАЗИН, Алексей Егорович.",,,
36502,36503,16159,Гетманские грехи: Роман.,"КРА-ШЕВСКИЙ, Юзеф Игнацы.",,,
36504,36505,16160,Гетто: Драма в 4-х д.,"ОРЛОВ, Александр Георгиевич.",,,
36506,36507,16161,"Гец фон-Берлихинген, Железная рука: Трагедия в 5-ти д.","ГЕТЕ, Иоганн Вольфганг.",,,
36508,36509,16162,Гецел: (История с орехами). Из еврейской детской жизни.,ШОЛОМ-АЛЕЙ-ХЕМ.,,,
36510,36511,16163,Гианэя.,"МАРТЫНОВ, Георгий Сергеевич",,,
36512,36513,16164,Гибель: [Рассказы].,"СЕИФУЛ-ЛИНА, Лидия Николаевна.",,,
36514,36515,16165,Гибель: [Роман].,"РОЗЕНФЕЛЬД, Семен Ефимович.",,,
36516,36517,16166,Гибель: Роман.,"ТЕТМАЙЕР, Казимир (ТЕТМАИЕР, Казимеж).",,,
36518,36519,16167,Гибель Алексахина.,"ЛЕБЕДЕВ-КУМАЧ, Василий Иванович.",,,
36520,36521,16168,Гибель Алмазова.,"ОЛЬШАНСКИЙ, Андрей Николаевич.",,,
36522,36523,16169,Гибель Альбатроса: Рассказ из морской жизни.,"ФИЛЬГРАП, Павел.",,,
36524,36525,16170,Гибель «Анны Гольман»: Роман.,"ФРЕНСЕН, Густав.",,,
36526,36529,16171,Гибель богов: (Аспазия). Пьеса в 5-ти д.,"БУРД-ВОСХОДОВ, Александр Павлович.",,,
36530,36531,16172,"Гибель богов: Драматический памфлет в 4-х д., происходящих в Англии, Индии, Соединенных Штатах Америки и Африке.","СОФРОНОВ, Анатолий Владимирович.",,,
36532,36533,16173,Гибель богов: Роман.,"БУРЖ, Элемир.",,,
36534,36535,16174,Гибель Британии: Повесть.,"ГРИГОРЬЕВ, Сергей.",,,
36536,36537,16175,Гибель великого города: Роман.,"РАГХАВ, Рангея.",,,
36538,36539,16176,Гибель вендетты: (Вайнахская повесть).,"ЩЕПОТЕВ, Виктор Александрович, МАМАКАЕВ, Магомет Амаевич",,,", ОШАЕВ, Хамид Дудаевич."
36540,36541,16177,Гибель волка: Пьеса в 4-х д.,"САМУИЛЕНОК, Эдуард Людвигович.",,,
36542,36543,16178,Гибель Геркуланума: Оригинальный фарс в 3-х д.,"ЛАРИН, Константин Павлович.",,,
36544,36545,16179,Гибель Германии: (Изверги). Трагедия из текущей мировой войны.,"РАМАЗАНОВ, Виктор Викторович.",,,
36546,36547,16180,Гибель Германии: Фантастическая повесть.,"СИВРИЕ, де.",,,
36548,36549,16181,Гибель Главного города.,"ЗОЗУЛЯ, Ефим Давидович.",,,
36550,36551,16182,Гибель гранулемы: Повесть.,"ГРОССМАН, Марк Соломонович.",,,
36552,36553,16183,Гибель дракона: Пьеса.,"ЛУКОВ-СКИЙ, Игорь Владимирович.",,,
36554,36555,16184,Гибель дракона: Роман.,"КОЖЕВНИКОВ, Николай Павлович.",,,
36556,36557,16185,Гибель Егорушки.,"ЛЕОНОВ, Леонид Максимович.",,,
36558,36559,16186,Гибель Жанетты.,"ВЕНКСТЕРН, Наталья Алексеевна.",,,
36560,36561,16187,Гибель Железной: Повесть.,"ИВАНОВ, Всеволод Вячеславович.",,,
36562,36563,16188,Гибель Жемчужины: Пьеса в 3-х актах.,"ГАИДОВСКИИ, Георгий Николаевич.",,,
36564,36565,16189,Гибель земли: Роман.,"РОНИ-Старший (РОНИ-Старший, Жозеф Анри).",,,
36566,36567,16190,Гибель земли; Шпион с Марса: Фантастические рассказы.,"ГРУНЕРТ, Карл.",,,
36568,36571,16191,Гибель Иерусалима: Историческая повесть времен императоров Веспасьена и Тита.,"ГЕНТИ, К. А. (ГЕНТИ, Джордж Альфред).",,,
36572,36573,16192,Гибель Икара: Повесть-драма в 4-х частях-действиях.,"КРАНЦ, Людвиг Давыдович.",,,
36574,36579,16193,Гибель Иуды.,"ЖЕБАР, Эмиль. ",Последняя ночь Иуды.,,
36580,36583,16194,Гибель Кавардачинского или Мнимая вегетарианка.,"МЕКСИКАНСКИЙ, Тихон. ",Лубочные рассказы.,,
36584,36585,16195,Гибель командарма: Рассказ.,"НИКОЛАЕВА, Галина.",,,
36586,36587,16196,Гибель концессии: Повесть.,"ЗАХАРОВ, Стефан Антонович.",,,
36588,36589,16197,"Гибель корабля «Гровенор»: Рассказ о приключениях английских моряков в стране зулусов, готтентотов и бушменов.","РУБАКИН, Николай Александрович.",,,
36590,36595,16198,"Гибель Коростена, города древлянских славян: Историческая повесть из времен языческой Руси.",Имя авт. не установлено. ,"Кровавая месть или Гибель Коростена, города древлянских славян *.",,
36596,36597,16199,Гибель Кречета: Повесть.,"ВОДОПЬЯНОВ, Михаил Васильевич.",,,
36598,36599,16200,Гибель культуры: Симфония-стихи.,"ОКУЛИЧ-ОКША, С.",,,
36600,36601,16201,"Гибель кумиров или Торжество земского начальника...: Каннибальско-современная шутка-пародия в 3-х карт, с эпилогом.","БАХ, ОКРУГ.",,,
36602,36605,16202,"Гибель Кучума, последнего сибирского царя: Историческая повесть.",Имя авт. не установлено.,,,
36606,36607,16203,Гибель Лермонтова: Пьеса в 5-ти д.,"ЛЕРНЕР, Николай Никитич.",,,
36608,36609,16204,Гибель лорда Дальтона: (Дневник Кости Рябцева).,"ОГНЕВ, Николай.",,,
36610,36611,16205,Гибель миллионов: Сцены в 4-х д.,"ЛЮБАТОВИЧ, В. С.",,,
36612,36613,16206,Гибель мира: Исторический роман из эпохи Великой французской революции.,"ДУНКЕЛЬ, Макс.",,,
36614,36615,16207,Гибель мира: [Повесть].,"ФИНК, Виктор Григорьевич.",,,
36616,36619,16208,Гибель «Надежды»: Драма в 4-х д.,"ХЕЙЕРМАНС, Герман (ГЕЙЕРМАНС, Герман). ",«Надежда».,,
36620,36621,16209,Гибель от пустого чванства: Простонародная повесть.,"ГЛИНКА, Авдотья Павловна.",,,
36622,36623,16210,Гибель Помпеева: Комедия в 4-х д.,"ВИРТА, Николай Евгеньевич.",,,
36624,36625,16211,Гибель Помпеи: Народная комедия в 2-х д.,"БЕЛЯНКИН, Евгений Осипович.",,,
36626,36627,16212,Гибель поэта: Драма в 4-х актах.,"СОЛОВЬЕВ, Владимир Александрович.",,,
36628,36631,16213,Гибель профессии:     Рассказы.,"ЗВАНЦЕВ, Сергей.",,,
36632,36633,16214,Гибель пьяницы: Рассказ.,"ЯЗЫКОВ, Н. П.",,,
36634,36637,16215,"Гибель реального: Роман-хроника, 1912-1919 гг.","МОСКВИН, Николай. ",Конец старой школы.,,
36638,36639,16216,Гибель сатаны: Поэма.,"ГЮГО, Виктор.",,,
36640,36641,16217,Гибель «Св. Генриетты»: Приключения Марка. Повесть.,"ДЕНИ, Ник. (ДЕНИСОВ, Николай Васильевич).",,,
36642,36643,16218,Гибель Светлейшего.,"АНОВ, Николай.",,,
36644,36645,16219,Гибель Синего Орла: Приключенческая повесть.,"БОЛДЫРЕВ, Виктор Николаевич.",,,
36646,36647,16220,Гибель Содома: Драма в 5-ти д.,"ЗУДЕРМАН, Герман.",,,
36648,36649,16221,Гибель Титаника: (На океанском пароходе). Драматическая миниатюра.,"КУРБСКИЙ, Алексей Алексеевич.",,,
36650,36651,16222,«Гибель тореро» и еще шесть драм.,"САСТРЕ, Альфонсо.",,,
36652,36653,16223,Гибель 31 отдела.,"ВАЛЕ, Пер.",,,
36654,36655,16224,Гибель Халюзина.,"ЯКОВЛЕВ, Ал.",,,
36656,36659,16225,Гибель Цезаря: Роман.,"САМА- POB,  Грегор.",,,
36660,36661,16226,Гибель человека: Рассказ.,"ПАФО-МОВ, Александр.",,,
36662,36665,16227,Гибель Чернобога:  4-й акт из драмы-феерии «Человек».,"САВЕЛЬЕВ, Евграф Петрович.",,,
36666,36667,16228,Гибель Шемахи: (Сальфа). Поэма.,"БОРЕЙ (ШУФ, Владимир Александрович).",,,
36668,36669,16229,Гибель «Эппи Нийбур»: Драма в 3-х д.,"СМЕЛИК, Клаас.",,,
36670,36671,16230,Гибель эскадры: Пьеса в 3-х актах.,"КОРНЕЙЧУК, Александр Евдокимович.",,,
36672,36673,16231,Гибель «Ястреба»: Рассказы.,"СТАНЮКОВИЧ, Константин Михайлович.",,,
36674,36675,16232,Гиблая слобода.,"ШАБРОЛЬ, Жан-Пьер.                            ",,,.
36676,36677,16233,Гиви Шадури: Романы и рассказы.,"ДЖАВАХИШВИЛИ, Михаил.",,,
36678,36679,16234,Гигантские шаги: Стихи.,"КАРЕЛЬСКАЯ, Роза.",,,
36680,36681,16235,Гидеон Плениш: Роман.,"ЛЬЮИС, Синклер.",,,
36682,36683,16236,Гидра: Комедия в 3-х д.,"ЭТТЛИН-ГЕР, Карл.",,,
36684,36685,16237,Гидра: Повесть.,"БЕКЕТОВ, Виктор Прокофьевич.",,,
36686,36687,16238,Гидра: [Рассказ].,"ТОЛСТОЙ, Алексей Николаевич.",,,
36688,36689,16239,Гидроцентраль: [Роман].,"ЛОПЕС, Пачеко Хесус.",,,
36690,36691,16240,Гидроцентраль: Роман.,"ШАГИ-НЯН, Мариэтта Сергеевна.",,,
36692,36695,16241,Гиена: Из «Сказок».,"ЩЕДРИН, Н. (САЛТЫКОВ-ЩЕДРИН, Михаил Евграфович). ",,Бедный волк...,
36696,36697,16242,Гиена: Рассказ.,"ЧЕГЛОК, Александр.",,,
36698,36699,16243,Гикор.,"ТУМАНИЯН, О. (ТУМАНЯН, Ованес Тадевосович).",,,
36700,36701,16244,Гилиом чистосердечный или Изображение парижских нравов и обычаев в начале XIX столетия.,"ЖУИ, Виктор Жозеф.",,,
36702,36703,16245,Гильда Лихтварк: Роман.,"ЛОМАН, Рихард.",,,
36704,36705,16246,Гильзы в золе: Глазами следователя.,"АСТАФЬЕВ, Тихон Данилович.",,,
36706,36709,16247,Гильотина: Пьеса в 1-м д.,"ГЕ- POC,  Е. (ЭРО, Эжен), АБРИК, Леон.",,,
36710,36713,16248,Гималайская тетрадь:    Стихи.,"ПАНТ, Сумитранандан.",,,
36714,36715,16249,Гименей: Альбом четвертый стишков.,"СЕНТИМЕНТАЛЬНЫЙ ЮМОРИСТ (НЕМИРОВ, Григорий Александрович).",,,
36716,36717,16250,Гиммерландские рассказы.,"ИЕН-СЕН, Иоганнес Вильгельм.",,,
36718,36719,16251,Гимн богу.,"ДЕРЖАВИН, Гавриил Романович.",,,
36720,36723,16252,Гимн великолепию Коринфа и Азии.,Имя авт. не установлено.,,,
36724,36725,16253,"Гимн великому императору Александру Павловичу Первому на события двенадесятилетнего благословенного его царствования, утверждавшие блаженство и славу России.","ЛОБЫСЕВИЧ, Петр Павлович.",,,
36726,36727,16254,Гимн времени.,"ГУЛЯМ, Гафур.",,,
36728,36729,16255,Гимн доблестному русскому воинству.,"КОРОБАНОВ, Владимир Николаевич.",,,
36730,36731,16256,Гимн дороге: Стихи.,"ЩЕПОТЕВ, Виктор Александрович.",,,
36732,36733,16256а,Гимн женщине: Стихи.,"НИКИТИН, Семен Иванович.",,,
36734,36735,16257,Гимн жизни: Стихотворения.,АКРОВ.,,,
36736,36737,16258,Гимн земле и солнцу: (Книга стихов).,"ПОГОСЯН, Арташес Александрович.",,,
36738,36739,16259,«Гимн красоте» и другие новые стихотворения.,"КОРИНФСКИЙ, Аполлон Аполлонович.",,,
36740,36741,16260,Гимн кротости.,"ДЕРЖАВИН, Гавриил Романович.",,,
36742,36743,16261,«Гимн Кубе» и другие поэмы.,"НЕРУДА, Пабло.",,,
36744,36747,16262,"Гимн лиро-эпический на прогна-ние французов из отечества 1812 года: Во славу всемогущего Бога, Великого государя, верного народа, мудрого вождя и храброго воинства Российского.","ДЕРЖАВИН, Гавриил Романович.",,,
36748,36749,16263,Гимн над Невой: Военная пьеса в 7-ми карт.,"КОВАЛЕВ, Лев, КОВАЛЕВА, А.",,,
36750,36751,16264,"Гимн одержимым: Стихи, 1965— 1966 гг.","БРАУН, Николай Леопольдович.",,,
36752,36753,16265,"Гимн при берегах Днепра или Сетование россиян о кончине Александра I, императора и самодержца всероссийского, последовавшей 19 ноября 1825 года.","КОРБЕЛЕЦКИЙ, Федор Иванович.",,,
36754,36755,16266,Гимн радости: Стихи.,"БАБАЕВ, Мамарасул Бабаевич.",,,
36756,36757,16267,Гимн ремесел.,"АСЕЕВ, Николай Николаевич.",,,
36758,36759,16268,Гимн Рождеству.,"ДИККЕНС, Чарльз.",,,
36760,36761,16269,Гимн солнцу: (Чюрленис). Искусствоведческая повесть.,"РОЗИНЕР, Феликс Яковлевич.",,,
36762,36763,16270,Гимн труду: Стихи.,"ГОРДЕЕВ, Семен.",,,
36764,36765,16271,Гимн труду: [Стихи].,"ШКУЛЕВ, Филипп Степанович.",,,
36766,36767,16272,Гимн человеку: Очерки.,"АЗИМОВА, Саида Исмаиловна.",,,
36768,36769,16273,Гимн человеку: Стихи и поэма.,"ХОНИНОВ, Михаил Ванькаевич.",,,
36770,36771,16274,"Гимназистики.: В гимназии, дома, на каникулах и в деревне.","ШВЕДЕР, Евгений Иосифович.",,,
36772,36773,16275,Гимназистка: Комедия в 4-х д.,"ДЬЯЧЕНКО, Виктор Антонович.",,,
36774,36777,16276,Гимназистка: Рассказ.,"ОХОТ- СКИЙ, Сергей Иосифович.",,,
36778,36779,16277,Гимназистки:    Рассказы.,"ЧАРСКАЯ, Лидия.",,,
36780,36781,16278,Гимназистки: Роман.,"РЕВ А ЛЬ, Габриель.",,,
36782,36783,16279,Гимназистки на каникулах: Рассказы.,"ШВЕДЕР, Евгений Иосифович.",,,
36784,36785,16280,Гимназисты: (Из семейной хроники).,"ГАРИН, Н. (ГАРИН-МИХАЙЛОВСКИЙ, Николай Георгиевич).",,,
36786,36787,16281,Гимназисты: Повесть; Сирена: Повесть; В глуши: Рассказ.,"ЧАРСКАЯ, Лидия.",,,
36788,36789,16282,Гимназисты: Пьеса в 4-х д.,"ТРЕНЕВ, Константин Андреевич.",,,
36790,36793,16283,Гимназисты: [Роман].,"БРАЖНИН, Илья. ",,Мое поколение...,
36794,36795,16284,Гимназисты-анархисты или Графиня Светозарова: Шутка в 3-х карт. Для любительского спектакля.,"СТ-Н, А. (СТОЛЫПИН, Александр Аркадьевич).",,,
36796,36797,16285,Гимназические годы: [Повесть].,"ЯБЛОНОВСКИЙ, Александр Александрович.",,,
36798,36799,16286,Гимназические годы: (Стихи юности).,"РОЖДЕСТВЕНСКИЙ, Всеволод Александрович.",,,
36800,36801,16287,Гимназические годы Гоголя: Биографический рассказ.,"НАДЕЖДИН, Н. А.",,,
36802,36803,16288,Гимназия: Воспоминания детства.,"ЧУКОВСКИЙ, Корней Иванович.",,,
36804,36805,16289,Гимназия: .(Монолог еврея).,ШО-ЛОМ-АЛЕЙХЕМ.,,,
36806,36807,16290,"Гимны души: Сборник баллад, лирических рассказов, эскизов и этюдов в стихах.","ЛИСИЦКИЙ, Н. Ф.",,,
36808,36809,16290а,Гимны кооперации.,"БЛИНОВ-СКИЙ, Павел Яковлевич.",,,
36810,36813,16291,"Гимны, песни и замыслы древних: Египет, Мексика, Майя, Перу, Халдея, Ассирия, Индия, Иран, Китай, Океания, Скандинавия, Эллада, Бретань.","БАЛЬМОНТ, Константин Дмитриевич. ",Зовы древности.,,
36814,36817,16292,Гинея: Рассказ.,Имя авт. не установлено.,,,
36818,36819,16293,Гинтарас: Рассказы.,"АДЖИЕВ, Измаил Мимбулатович.",,,
36820,36821,16294,Гипатия: Историческая трагедия в 4-х д. с прологом; Мирра: Драматические картины древней Индии в 4-х д. Исторические поэмы.,"ЖДАНОВ, Лев.",,,
36822,36823,16295,Гипатия: [Роман].,"МАУТНЕР, Фриц.",,,
36824,36827,16296,Гиперболоид инженера Гарина: Роман.,"ТОЛСТОЙ, Алексей Николаевич.",,,
36828,36829,16297,Гиперболы.,"МАРТЫНОВ, Леонид Николаевич.",,,
36830,36833,16298,Гипербореи.,"УЛИН, Леонид Николаевич. ",,Вдоль по золоту...,
36834,36835,16299,Гиперборейский осел или Нынешний образ воспитания: Философская комедия в 1-м д.,"КОЦЕБУ, Август Фридрих.",,,
36836,36837,16300,Гипноз любви: Новеллы.,"КА-РИЧ, Елизавета.",,,
36838,36839,16301,"Гипноз необратимости: Фельетоны, юмористические рассказы, карикатуры.","БОБЫЛЕВ, Виктор Михайлович.",,,
36840,36841,16302,Гипноз-попуститель: Роман из тифлисской уголовной хроники.,"ДУБРОВИНА, Екатерина Оскаровна.",,,
36842,36843,16303,Гипнотизер: Роман.,"КОТЦЕ, Стефан фон.",,,
36844,36845,16304,Гипнотизер: Шутка в 1-м д.,"КРА-ШЕВСКИИ, Н. (КРАШЕНИННИКОВ, Николай Александрович).",,,
36846,36847,16305,Гипнотрон профессора Браилова: Научно-фантастическая повесть.,"ФОГЕЛЬ, Наум Давидович.",,,
36848,36849,16306,Гипполит: Трагедия.,ЕВРИПИД.,,,
36850,36855,16307,Гипполит-венценосец:  Трагедия.,ЕВРИПИД. ,"Гипполит; Ипполит; Гиполлит, несущий венок*.",,
36856,36857,16308,Гипс: Новеллы.,"КУНДЗИЧ, Алексей Леонардович.",,,
36858,36859,16309,Гипсовая роза: Рассказы.,"ФРОЛОВ, Иван Александрович.",,,
36860,36863,16310,Гирлянда:  Веселые рассказы. Д. К.,"ЛАМАНЧСКИЙ (ЕЖОВ, Николай Михайлович).",,,
36864,36865,16311,Гирлянда джатак или Сказания о подвигах Бодхисаттвы.,АРЬЯ ШУРА.,,,
36866,36867,16312,«Гирлянда роз» и другие рассказы.,ЛИКА.,,,
36868,36869,16313,Гирни Камгар: Красный флаг. Рассказ.,"ТЕРЯЕВА, Мария Прокофьевна.",,,
36870,36871,16314,Гирни-камгар: Роман.,"ВАФА, Ахмет Эс-Хабиб.",,,
36872,36873,16315,Гирт Вилкс: (Волк). Драматический этюд в 1-м д.,"РАЙНИС, Ян.",,,
36874,36875,16316,Гирш Леккерт: Драматические сцены.,"КУШНИРОВ, Арон Давидович.",,,
36876,36877,16317,Гиссарский хребет: Роман.,"МАЛЬЦЕВ, Орест Михайлович.",,,
36878,36881,16318,Гитанджали: Жертвенные песнопения.,"ТАГОР, Рабиндранат. ",Приношения в песнях; Жертвопесни.,,
36882,36883,16319,Гитара.,"КЛЯЗЬМИНСКИЙ, Н. (ЕРЕМУШКИН, Николай Нестерович).",,,
36884,36885,16320,Гитара и свирель или Собрание песен и романсов.,"ФЕДОРОВ, Борис Михайлович.",,,
36886,36887,16321,Гицца: Рассказы.,"БЕРКОВИЧИ, Конрад.",,,
36888,36889,16322,Гишпанка.,"СВИРСКИЙ, Алексей Иванович.",,,
36890,36891,16323,Гишпанский замок: Фантастическое представление в стихах в 1-м д.,"БЕНЕДИКТ (ЮРЬИН, Н. Н.).",,,
36892,36893,16324,Глава семьи: Комедия в 1-м д.,"ЧЕХОВСКАЯ, Анастасия Дмитриевна.",,,
36894,36895,16325,Глава семьи: Трагикомическая рапсодия в 3-х д.,"ЛАВРЕНТЬЕВ, Виктор Владимирович.",,,
36896,36897,16326,Главная должность: Документальная повесть.,"КУЗЬМИН, Лев Иванович.",,,
36898,36899,16327,Главная Катя: Рассказы.,"КАЛИНОВСКИЙ, Геннадий.",,,
36900,36901,16328,Главная книга: (Мануфактура Бросовых). Комедия в 4-х д.,"РАЗУМОВСКИЙ, С.",,,
36902,36903,16329,Главная линия: Рассказы и очерки.,"МЕДНИКОВ, Анатолий Михайлович.",,,
36904,36905,16330,Главная магистраль: Рассказы.,"ВОРОБЬЕВ, Леонид Иванович.",,,
36906,36907,16331,Главная палуба: Повесть и рассказы.,"СОЛЯНИКОВ, Юрий Емельянович.",,,
36908,36909,16332,Главная примета: Стихи.,"СЕМЕНОВ, Владимир Васильевич.",,,
36910,36913,16333,Главная профессия:     Повесть.,"ЗВЕЗДАЕВА, Вера Андреевна.",,,
36914,36915,16334,Главная роль: Пьеса в 3-х д.,"БРОЗИНЕР, Марко.",,,
36916,36917,16335,Главная улица: Поэма.,"БЕДНЫЙ, Демьян.",,,
36918,36921,16336,Главная улица: Роман.,"ЛЬЮИС, Синклер. ",История одной американки.,,
36922,36923,16337,Главная улица: [Стихи].,"ЛЮБ-ЧИК, Иван Иванович.",,,
36924,36925,16338,Главная улица: Стихи и поэмы.,"ШАВЛЫ, Стихван.",,,
36926,36927,16339,Главная улица России.,"КУЗНЕЦОВ, Вячеслав Николаевич.",,,
36928,36929,16340,Главное в жизни: Книга стихов.,"ХАУСТОВ, Леонид Иванович.",,,
36930,36931,16341,Главное поручение: Повести.,"ПЕЧЕРСКИЙ, Николай Павлович.",,,
36932,36933,16342,Главное свойство: Стихи.,"ГОР-ДЕЙЧЕВ, Владимир Григорьевич.",,,
36934,36935,16343,Главное — спокойствие.,"ВИБЕ, Феликс Иванович.",,,
36936,36937,16344,Главный врач: Роман.,"ФОГЕЛЬ, Наум Давидович.",,,
36938,36939,16345,Главный выигрыш: (Власть золота). Драма в 5-ти д.,"ГЕИБЕРГ, Гуннар (ХЕЙБЕРГ, Гунар).",,,
36940,36943,16346,Главный  инженер:    [Повести].,"ШИЛИН, Георгий Иванович.",,,
36944,36945,16347,Главный инженер: [Рассказы].,"ПАНТЕЛЕЕВ, Леонид.",,,
36946,36949,16348,Главный  калибр.,"РОГОЗИН- СКИИ, Павел Александрович.",,,
36950,36951,16349,Главный конструктор: Повесть.,"БРАЖНИН, Илья.",,,
36952,36953,16350,Главный ориентир.,"ЧУМАК, Илья Васильевич.",,,
36954,36957,16351,Главный  редактор:    Рассказы.,"ТЭСС, Татьяна.",,,
36958,36959,16352,Главный резерв.,"ИВАНОВ, Леонид Иванович.",,,
36960,36961,16353,Главный университет: Повесть о М. Васильеве-Южине.,"ТАБАЧНИКОВ, Семен Михайлович, КОСТЮКОВСКИЙ, Борис Александрович.",,,
36962,36963,16354,Главный штрек: Повесть.,"ГОЛЬДБЕРГ, Исаак Григорьевич.",,,
36964,36965,16355,Главный экзамен: Записки офицера.,"СКОРОБОГАТОВ, Василий Ефимович.",,,
36966,36967,16356,"Главы утра: Рассказы, 1967— 1968 гг.","ЛИДИН, Владимир Германович.",,,
36968,36969,16357,Глагол.,"ЦЫБИН, Владимир Дмитриевич.",,,
36970,36971,16358,Гладиатор: [Стихи].,"ШЕБУЕВ, Николай Георгиевич.",,,
36972,36973,16359,Гладиатор: Трагедия в 5-ти д.,"СУМЕ, Александр.",,,
36974,36977,16360,Гладиаторы: Повесть.,"БРЕШКО-БРЕШКОВСКИИ, Николай Николаевич. ",,Роман тореадора...,
36978,36979,16361,Гладиаторы: Рассказы.,"ГРИН, Александр.",,,
36980,36981,16362,Гладиаторы: Рим и Иудея. Исторический роман в 3-х ч. из времен осады Иерусалима.,"МЕЛЬВИЛЬ, Уайт (УАЙТ-МЕЛ ВИЛЛ, Джордж Джон).",,,
36982,36983,16363—16364,Гладиаторы: (Спены из жизни борцов-атлетов). В 6-ти карт.,"БРЕШКО-БРЕШКОВСКИИ, Николай Николаевич, ЛОБОДА, Георгий Иосифович.",,,
36984,36985,16365,Гладиаторы наших дней: Сборник рассказов.,"ДЯДЯ ВАНЯ (ЛЕБЕДЕВ, Иван Владимирович).",,,
36986,36987,16366,"Гладкие взятки: Очерки, заметки и наблюдения.","КРОТКОВ, Валерий Степанович.",,,
36988,36989,16367,Гладкие шкурки.,"РОБЕРТС, Чарльз.",,,
36990,36993,16368,Гладыш: Вып. 1.,Имя авт. не установлено.,,,
36994,36997,16369,Глаз.,"ОЛЬДЕНБУРГСКИЙ, Петр Георгиевич. ",,Крылатая дева...,
36998,36999,16370,Глаз Люцифера: Роман.,"ФРИХ, Эвре Рихтер.",,,
37000,37001,16371,Глаз с крючком.,"ЛОМАКИН, Игнатий Семенович.",,,
37002,37003,16372,Глаз тайфуна: Рассказы и повести.,"ПАСЕНЮК, Леонид Михайлович.",,,
37004,37005,16373,Глаз урагана.,"ВОРОНСКИИ, Александр Константинович.",,,
37006,37007,16374,Глаз Христов: Минское предание.,"БОХАН, Дорофей Дорофеевич.",,,
37008,37009,16375,Глаза: Рассказ.,"ИЛЬЕНКОВ, Василий Павлович.",,,
37010,37013,16376,Глаза Азии.,"ЛОНДОН, Джек. ",Чэрри.,,
37014,37015,16377,Глаза белой ночи.,"ШЕСТАЛОВ, Юван.",,,
37016,37017,16378,Глаза в глаза: Стихи.,"КОЛЕСНИКОВ, Евгений Григорьевич.",,,
37018,37019,16379,Глаза в глаза: Стихи.,"РЫМА-ШЕВСКИИ, Вячеслав Вацлавович.",,,
37020,37021,16380,Глаза в полнеба: Стихи и поэма.,"КРОМА, Монта Яновна.",,,
37022,37025,16381,Глаза весны: Стихи.,"КУНЯНВ, Борис Ильич.",,,
37026,37029,16382,Глаза говорят:   Стихи.,"ГОНЧА- РОВ, Виктор Михайлович.",,,
37030,37031,16383,Глаза завидущие.,"ВАСИЛЬКОВСКИЙ, А. К.",,,
37032,37033,16384,Глаза зверя.,"КЕЛЕР, Владимир В. (КЕЛЛЕР, Владимир В.).",,,
37034,37035,16385,"Глаза земли: Из дневника, 1946— 1950 гг.","ПРИШВИН, Михаил Михайлович.",,,
37036,37037,16386,Глаза и звезды: Стихи.,"РЕХВИА-ШВИЛИ, Шалва.",,,
37038,37039,16387,Глаза или Необычайные переживания Иоба.,"ГЕИЕРМАНС, Герман.",,,
37040,37041,16388,Глаза индуса: Рассказ.,"КОВЫ-НЕВ, Борис Константинович, САВРАНСКИЙ, Борис.",,,
37042,37043,16389,"Глаза, которые видели.","ЛЕМО-НЬЕ, Камилл.",,,
37044,37045,16390,Глаза лесной чащи: Рассказы.,"ГА-СТИЛОВ, Виталий Васильевич.",,,
37046,37047,16391,Глаза мертвеца.,"БРЮГГЕ, Вальтер.",,,
37048,37049,16392,Глаза моей матери: Повести.,"КАШАУСКАС, Раймондас Феликсович.",,,
37050,37051,16393,Глаза не колет.,"ЭНТЕЛИС, Николай Яковлевич.",,,
37052,37053,16394,Глаза не умеют молчать: Стихи.,"ФАТНЕВ, Юрий Сергеевич.",,,
37054,37055,16395,Глаза погребенных: Роман.,"АС-ТУРИАС, Мигель Анхель.",,,
37056,37057,16396,Глаза Рувима Меделя.,"ИСТ-РИН, В.",,,
37058,37059,16397,Глаза убитого брата.,"ЦВЕЙГ, Стефан.",,,
37060,37061,16398,Глаза Ульчи: Пьеса в 1-м д.,"ЕВ-ЛАХОВ, Сергей Сергеевич.",,,
37062,37063,16399,Глаза ящерицы: Стихи и поэма.,"ЮСУПОВ, Ибрагим.",,,
37064,37065,16400,Глазами клоуна: Роман.,"БЕЛЛЬ, Генрих.",,,
37066,37067,16401,Глазами любви: [Стихи].,"ДЕМЕНТЬЕВ, Андрей Дмитриевич.",,,
37068,37069,16402,Глазами любви: Стихи.,"СОКОЛ, Владимир.",,,
37070,37071,16403,Глазами мысли.,"ОРМАНОВ, Гали.",,,
37072,37073,16404,Глазами правды: Повести.,"ГЕРАСИМОВА, Валерия Анатольевна.",,,
37074,37075,16405,Глазами разума: Роман.,"ГЕЙМ, Стефан.",,,
37076,37077,16406,Глазами сердца: Лирика.,"РЫБАЛКО, Николай Александрович.",,,
37078,37079,16407,Глазами сердца: Стихи и поэмы.,"КУГУЛЬТИНОВ, Давид Никитич.",,,
37080,37081,16408,Глазами тех дней: Почти дневник.,"ВАЦИЕТИС, Ояр Оттович.",,,
37082,37083,16409,"Глазомер, быстрота и натиск: (Из солдатских воспоминаний).","ВАСИЛЬКОВСКИЙ, А. К.",,,
37084,37087,16410,Глас восхищенного сердца во всерадостнейший день восшествия его императорского величества на всероссийский престол.,Имя авт. не установлено.,,,
37088,37089,16411,Глас Европы при вероломном вступлении на брега Франции врага вселенной и вторократном похищении ее престола клятвопреступною его дерзостью в 1815 году.,"АВРАМОВ, Матфей.",,,
37090,37091,16412,Глас народа — глас божий: Посмертный рассказ; Завет отцов: Посмертная сказка.,"ГОФМАН, Ганс.",,,
37092,37093,16413,Глас радования восхищенных муз по случаю вожделеннейшего прибытия в первопрестольный град Москву... императора Александра Первого в первый раз по ее возобновлении: Всеподаннейшее приношение Московского университета.,"МЕРЗЛЯКОВ, Алексей Федорович.",,,
37094,37095,16414,Глас россиянина.,"СКАБЕЕВ, Василий.",,,
37096,37097,16415,"Глас Санктпетербургского общества по случаю высочайшего благоволения, объявленного ему главнокомандующим ноября 29 дня.","ДЕРЖАВИН, Гавриил Романович.",,,
37098,37099,16416,Глас страдальца.,В. Л.,,,
37100,37101,16417,"Глас умирающего поляка после сражения, бывшего под Прагою: Стихотворение.","ДАНИЛЕВСКИЙ, Николай.",,,
37102,37103,16418,Глас чувствительности или Собрание стихотворений.,"АНДРИЕВСКИЙ, Василий.",,,
37104,37105,16419,Глафира: Повесть.,"АСЕЕВА, Любовь Прокопьевна.",,,
37106,37109,16420,Глафирина тайна: Эпизоды из жизни одной человеческой группы; Из старых папок; Кольцо и желудь; Знак отличия мистера Смита; Последний день Иуды.,"АЛЬБОВ, Михаил Нилович.",,,
37110,37111,16421,Глаша: (Обыкновенная история). Комедия в 3-х д.,"ВОЛЬДЕ, Густава Исааковна.",,,
37112,37113,16422,Глаша-мотор.,"ЯФФЕ, Герман Абрамович.",,,
37114,37115,16423,Глашкина правда: Рассказ.,"ЩЕРБАКОВА, К.",,,
37116,37117,16424,Глеб Космачев: Драма в 3-х актах.,"ШАТРОВ, Михаил.",,,
37118,37121,16425,Глетчер: Новый миф о первом человеке.,"ИЕНСЕН, Иоганнес Вильгельм. ",Ледник.,,
37122,37123,16426,Глина: Рассказы.,"КАРАВАЕВА, Анна Александровна.",,,
37124,37125,16427,Глина и фарфор: Пьеса в 4-х д.,"ГРИГУЛИС, Арвид Петрович.",,,
37126,37127,16428,Глинка: (Картины из жизни).,"КАРИНЦЕВ, Николай.",,,
37128,37129,16429,Глинка: Киносценарий.,"АРН-ШТАМ, Лео Оскарович.",,,
37130,37131,16430,Глинка: Роман.,"ВАДЕДКИЙ, Борис Александрович.",,,
37132,37133,16431,Глинские пороги: Повесть.,"ЖЕС-ТЕВ, Михаил.",,,
37134,37135,16432,Глиняная книга.,"СУЛЕИМЕНОВ, Олжас Омарович.",,,
37136,37137,16433,Глиняная повозка: Драма в 10-ти д.,ШУДРАКА.,,,
37138,37141,16434,Глиняная повозочка: Древнеиндийская драма.,ШУДРАКА. ,Глиняная повозка.,,
37142,37143,16435,Глиняные голубки: Третья книга стихов.,"КУЗМИН, Михаил Алексеевич.",,,
37144,37145,16436,Глиняный квартал.,"РАКИТНИКОВ, Александр Николаевич.",,,
37146,37147,16437,Глиняный конверт: Историческая повесть.,"РУБИНШТЕЙН, Ревекка Ионовна.",,,
37148,37149,16438,"Глиняный кувшин: Стихи, 1922— 25 гг.","СМИРНОВА, Вера Васильевна.",,,
37150,37151,16439,Глиняный папуас: Научно-фантастические повести и рассказы.,"ГОР, Геннадий.",,,
37152,37153,16440,Глиняный петушок: (Рассказы).,"КАРАВАЕВА, Анна Александровна.",,,
37154,37155,16441,Глобус крутится-вертится: Стихи.,"ФОНЯКОВ, Илья Олегович.",,,
37156,37157,16442,Глома.,"БОРИСОГЛЕБСКИЙ, Михаил Васильевич.",,,
37158,37159,16443,"Глорвина, прекрасная молодая ирландка.","ОВЕНСОН, Сидней.",,,
37160,37161,16444,Глориа: Роман.,"ПЕРЕС ГАЛЬ-ДОС, Бенито.",,,
37162,37163,16445,Глориана: Фантастический роман.,"НИКОЛЬСЕН, Боргус.",,,
37164,37165,16446,Глориозо или Атаман патриот: Приключение осмаго на десять века. Ч. 1—3.,"ВУЛЬПИУС, Христиан Август.",,,
37166,37167,16447,Глория: Пьеса в 6-ти карт.,"МА-РИНКОВИЧ, Ранко.",,,
37168,37169,16448,Глоток березового сока.,"ФИЛИМОНОВ, Владислав Георгиевич.",,,
37170,37171,16449,Глоток воды: [Очерки].,"ВОЛКОВ, Константин Петрович.",,,
37172,37173,16450,Глоток воды: [Рассказы].,"ЖУ-РАВЛЕВ-ПЕЧОРСКИЙ, Василий Степанович.",,,
37174,37175,16451,Глоток воды: Стихи.,"НИКИФОРОВ, Александр Михеевич.",,,
37176,37177,16452,Глоток воздуха: Рассказы и повесть.,"ПАРХОМОВ, Михаил.",,,
37178,37179,16453,Глоток времени: Новые стихи.,"ВЫШЕСЛАВСКИИ, Леонид Николаевич.",,,
37180,37181,16454,Глоток неба: Стихи.,"ФРОЛОВ, Виталий Васильевич.",,,
37182,37183,16455,Глоток рассвета: Стихи.,"УРУКОВ, Валентин Алексеевич.",,,
37184,37185,16456,Глоток свободы: Повесть о Павле Пестеле.,"ОКУДЖАВА, Булат Шалвович.",,,
37186,37187,16457,Глоток свободы: Пьеса в 12-ти карт. с эпилогом.,"ОКУДЖАВА, Булат Шалвович.",,,
37188,37189,16458,Глоток солнца: Записки программиста Марта Снегова. Фантастическая повесть.,"ВЕЛТИСТОВ, Евгений Серафимович.",,,
37190,37191,16459,Глоток солнца: Стихи.,"ХАРИТОНОВ, Владимир Гаврилович.",,,
37192,37193,16460,Глубина: Книга стихов.,"ПЕРШИН, Юрий Петрович.",,,
37194,37195,16461,Глубина: Стихи.,"ШКОДА, Вадим Григорьевич.",,,
37196,37197,16462,Глубина 225.,"ГАВРИЛОВ, Петр Павлович.",,,
37198,37199,16463,Глубина сердца: Стихи.,"ШИЛЯ-ЕВ, Анатолий Степанович.",,,
37200,37201,16464,"Глубинка: Казахстанские рассказы, очерки.","БЕРГГОЛЬЦ, Ольга Федоровна.",,,
37202,37203,16465,Глубинка: Стихи.,"БЛАГОВ, Николай Николаевич.",,,
37204,37205,16466,Г.убинная вахта: Повесть и рассказы.,"БАРАНОВ, Юрий Александрович.",,,
37206,37207,16467,Глубинное течение: Роман.,"ЛЕ-ДЯНКО, Николай Афанасьевич.",,,
37208,37209,16468,Глубинный источник: Повесть.,"МАЛЬЦ, Альберт.",,,
37210,37211,16469,Глубинный путь: Научно-фантастический роман.,"ТРУБЛАИНИ, Николай.",,,
37212,37213,16470,Глубинный свет: Стихи и поэмы.,"ОМИРБЕКОВ, Жаппар.",,,
37214,37215,16471,Глубины: Стихи.,"ОРЛОВ, Юрий Степанович.",,,
37216,37217,16472,Глубины: Шахтерские повести.,"СЕВЕРОВ, Петр Федорович.",,,
37218,37219,16473,Глубины морские.,"ЗОЛОТОТРУ-БОВ, Александр Михайлович.",,,
37220,37221,16474,Глубокая борозда: Очерк.,"ИВАНОВ, Леонид Иванович.",,,
37222,37223,16475,Глубокая борозда: Очерки.,"БАЛЫКОВ, Николай Николаевич.",,,
37224,37225,16476,Глубокая вспашка: Рассказ.,"ЗА-ТУЧНЫЙ, Савва.",,,
37226,37227,16477,Глубокая печать: Рассказы.,"МАР-ГОЛИС, Сарра.",,,
37228,37229,16478,Глубокая провинция: Лирическая пьеса в 3-х д.,"СВЕТЛОВ, Михаил Аркадьевич.",,,
37230,37231,16479,Глубокая разведка: Драма-комедия в 4-х д.,"КРОН, Александр.",,,
37232,37233,16480,Глубокая разведка: (Пьеса в 1-м д.).,"ВАСИЛЕВСКИЙ, Иосиф Иосифович.",,,
37234,37235,16481,Глубокая река.,"ДЭКС, Пьер.",,,
37236,37237,16482,Глубокие борозды: Роман.,"ГОТ-ШЕ, Отто.",,,
37238,37239,16483,Глубокие корни: Пьеса в 3-х актах.,"ГОУ, Джеймс, Д'ЮССО, Арно.",,,
37240,37241,16484,Глубокие корни: Роман.,"ИБРАГИМОВ, Галимджан Гирфанович.",,,
37242,37243,16485,Глубокие корни: Стихи.,"ГОЛОВАНОВ, Сергей Иванович.",,,
37244,37245,16486,Глубокие раны: Роман.,"ПРОСКУРИН, Петр Лукич.",,,
37246,37247,16487,Глубокие реки: Роман.,"АРГЕДАС, Хосе Мария.",,,
37248,37249,16488,Глубокие травы: Стихи. Поэма.,"ЕРАНЦЕВ, Алексей Никитович.",,,
37250,37251,16489,«Глубокий дол» и другие рассказы.,"ДЕДЮХИН, Василий Аполлонович.",,,
37252,37253,16490,Глубокий рейд: Записки танкиста.,"МАКСАКОВ, Владимир Николаевич.",,,
37254,37255,16491,Глубокий рейд: [Роман].,"ФЕДОРОВ, Павел Ильич.",,,
37256,37257,16492,Глубокий след: [Повесть].,"САНА-КОЕВ, Васо (САНАКОЕВ, Василий Михайлович).",,,
37258,37259,16493,Глубокий след: [Сборник].,"НОВИКОВ, Семен Михайлович.",,,
37260,37261,16494,Глубокий снег: Повесть и рассказы.,"КОВАЛЕВСКИЙ, Вячеслав Александрович.",,,
37262,37263,16495,Глубокий снег: Рассказы.,"АРЕФЬЕВ, С.",,,
37264,37265,16496,Глубокий тыл: Агитстихи и песни.,"ОЛЬХОН, Анатолий.",,,
37266,37267,16497,Глубокий тыл: Роман.,"ПОЛЕВОЙ, Борис.",,,
37268,37269,16498,Глубокий шрам.,"БИТСИ, Джек.",,,
37270,37271,16499,Глубоким рейдом.,"ГОЛОВИН, Геннадий Никифорович.",,,
37272,37273,16500,Глубоким утром: (Песнопения).,"ГОРНОСТАЕВ, А. (ГОРСКИЙ, Александр Константинович).",,,
37274,37275,16501,Глубокое русло.,"БОРОВИКОВ, Григорий Федорович.",,,
37276,37277,16502,Глубокое течение: Роман.,"ШАМЯ-КИН, Иван Петрович.",,,
37278,37279,16503,Глубокое ущелье: Роман.,"ТАХИР, Кемаль.",,,
37280,37281,16504,Глубынь-городок.,"ОБУХОВА, Лидия Алексеевна.",,,
37282,37283,16505,Глумовы: Роман.,"РЕШЕТНИКОВ, Федор Михайлович.",,,
37284,37285,16506,Глупая лирика.,"КНЯЗЕВ, Василий Васильевич.",,,
37286,37287,16507,Глупое сердце: Рассказы.,"СЛЕЗ-КИН, Юрий Львович.",,,
37288,37291,16508,Глупости: Водевиль в 2-х д.,Имя авт. не установлено.,,,
37292,37293,16509,Глупость нового мыслителя сатирика.,КУ-КУ.,,,
37294,37295,16510,Глупый Федька: Рассказ для юношества.,"НЕМИРОВИЧ-ДАНЧЕНКО, Василий Иванович.",,,
37296,37297,16511,Глухари: Роман.,"РЯХОВСКИИ, Василий Дмитриевич.",,,
37298,37299,16512,Глухариные хитрости: Таежные очерки и рассказы.,"ГИНКУЛОВ, Василий Владимирович.",,,
37300,37301,16513,Глухариный выступ: Пьеса в 1-мд.,"ТОРОПОВ, Иван Григорьевич.",,,
37302,37303,16514,Глухарь в командировке: Басни.,"АКУЛИНИН, Василий Иванович.",,,
37304,37305,16515,Глухарь в павлиньих перьях: (Сказка из мира искусств).,"КОРНАТОВ-СКИИ, Дмитрий Николаевич.",,,
37306,37309,16516,Глухая исповедь: [Юмористические рассказы].,"АВЕРЧЕНКО, Аркадий Тимофеевич. ",,,В кн: Под облаками...
37310,37311,16517,Глухая крапива: Стихотворения.,"СУХОТИН, Павел Сергеевич.",,,
37312,37313,16518,Глухая Мята: Повесть.,"ЛИПАТОВ, Виль Владимирович.",,,
37314,37315,16519,Глухая пора листопада: Роман.,"ДАВЫДОВ, Юрий Владимирович.",,,
37316,37317,16520,Глухая рамень: (Таблица Крафта). Роман.,"ПАТРЕЕВ, Александр Иванович.",,,
37318,37319,16521,Глухая речка: Повести.,"СЮРЮН-ООЛ, Салим Сазыгович.",,,
37320,37323,16522,Глухая рознь: Повесть.,"ШЕЛЛЕР-МИХАЙЛОВ, Александр Константинович. ",,Школа жизни...,
37324,37325,16523,Глухая скала: Повесть и рассказы.,"АЗЕРИ, Сабир.",,,
37326,37327,16524,Глухая стена: Драма в 5-ти д.,"ШАПИР, Ольга Андреевна.",,,
37328,37329,16525,Глухая стена: Роман.,"НИКОНОВ, Борис Павлович.",,,
37330,37331,16526,Глухая сторона: (Драма в 3-х д.).,"ЗАДОНСКИЙ, Николай Алексеевич.",,,
37332,37333,16527,Глухая трава: Пьеса в 3-х д.,"ЖАТКИН, Петр Лазаревич, ТАТАРОВА, Александра Кирилловна.",,,
37334,37335,16528,Глухая улица: Роман в 3-х ч.,"БАБИКОВ, Константин Иванович.",,,
37336,37337,16529,Глухие бубенцы: Последние дни супружества Бениты и Иосся с хутора Рихвы. Рман.,"БЭЭКМАН, Эмэ Артуровна.",,,
37338,37339,16530,Глухие завалы: Повесть.,"ЛЮБИН, Николай Антонович.",,,
37340,37341,16531,Глухие места: Рассказы.,"СТАХЕ-ЕВ, Дмитрий Иванович.",,,
37342,37343,16532,"Глухие слова: (Стихи, 1912— 1913 гг.).","АМАРИ (ЦЕЙТЛИН, Михаил Осипович).",,,
37344,37347,16533,Глухов лес: Повесть.,"ДАЛЬНИЙ, Борис. ",Трое отважных: (Глухов лес).,,
37348,37351,16534,Глухое дело: [Повесть].,"ЛАНСКОЙ, Марк Зосимович. ",,Трудный поиск...,
37352,37353,16535,Глухое дело: Пьеса в 5-ти д.,"ТЮРИН, Николай Николаевич.",,,
37354,37355,16536,Глухой: Комедия в 4-х д.,"ДОНАТ-ТИ, Адольф Я.",,,
37356,37357,16537,Глухой мак: Рассказы.,"ИВАНОВ, Всеволод Вячеславович.",,,
37358,37359,16538,Глухой неведомой тайгою: Записки путешественника.,"ФЕДОСЕЕВ, Григорий Анисимович.",,,
37360,37361,16539,Глухой ночью: Рассказ.,"ПАНЮ-РИН, Г.",,,
37362,37363,16540,Глухой ночью: Рассказы.,"СУББОТИН, Василий Афанасьевич.",,,
37364,37365,16541,"Глухой тетерев или Ох, глухота— большой порок: Комедия-шутка в 1-м д.","ПЛЕЩЕЕВ, Александр Алексеевич.",,,
37366,37369,16542,Глухой угол: Бытовые сцены в 3-х д.,"ШРАЙБЕР, Борис Ефимович.",,,
37370,37371,16543,Глухомань: [Пьеса].,"КАПЛИН-СКАЯ, Елена Сергеевна.",,,
37372,37373,16544,Глухомань: [Рассказы].,"ДУНАЕВСКИЙ, Борис Владимирович, БЕЛЯВСКИЙ, Михаил.",,,
37374,37375,16545,Глухонемой: Комедия в 4-х д.,"КАРЕЕВ, Федор Дмитриевич.",,,
37376,37377,16546,Глухою ночью: Уголовный роман из хроник нового суда в 2-х ч.,"Д-ИЕВ, А.",,,
37378,37379,16547,Глушица: Стихи.,"РОЖНОВА, Полина Константиновна.",,,
37380,37381,16548,Глушь: Очерки.,"ЗОРИЧ, А.",,,
37382,37383,16549,Глушь: Провинциальные и столичные очерки.,"УСПЕНСКИЙ, Глеб Иванович.",,,
37384,37385,16550,Глушь: Пьеса в 4-х д.,"ФАЛЬ-КОВСКИИ, Федор Николаевич.",,,
37386,37387,16550а,Глушь; Разбитое счастье; Каро; Ложь; Капитанская дочка [По Пушкину]: Пьесы.,"КОВЗАН (СТРОВИНСКИИ, Антон Людвигович).",,,
37388,37389,16551,Глушь пробуждается: Картины из народной жизни в 4-х д.,"ЛАНКИНЕН, Тойво Иванович, ЯККОЛА, Николай Матвеевич.",,,
37390,37391,16552,"Глыбухинский леший: Повесть, рассказы.","ЕРЕМИН, Дмитрий Иванович.",,,
37392,37393,16553,Глюкауф: Роман.,"ГРОССМАН, Василий Семенович.",,,
37394,37395,16554,Гляди в оба!: Трагифарс. В 3-х д.,"АФИНОГЕНОВ, Александр Николаевич.",,,
37396,37397,16555,Глядите на траву: Рассказы.,"БРЫЛЬ, Янка.",,,
37398,37399,16556,Глядя в глаза: Стихи.,"МОЧАЛОВ, Лев Всеволодович.",,,
37400,37401,16557,Глядя на горы: Повесть. Рассказы.,"ЕНИКЕЕВ, Амирхан Нигметзянович.",,,
37402,37403,16558,Гляжу издалека: Рассказы.,"ЦЕХА-НОВИЧ, Василий Петрович.",,,
37404,37405,16559,Гляжу на мир влюбленными глазами: Стихи.,"ЛЮГАРИН, Михаил.",,,
37406,37407,16560,Гнев: [Пьеса].,"СВИРСКИИ, Алексей Иванович.",,,
37408,37409,16561,Гнев: Рассказы.,"УРМАНОВ, Кон-дратий Никифорович.",,,
37410,37411,16562,Гнев: Рассказы.,"ХАМАДАН, Александр.",,,
37412,37413,16562а,Гнев: [Роман].,"НИКИТИН, Иван Федорович.",,,
37414,37415,16563,Гнев: Стихи.,"ФЕОКТИСТОВ, Сергей Георгиевич.",,,
37416,37417,16564,Гнев Аллаха: Рассказ.,"НЕМИРОВИЧ-ДАНЧЕНКО, Василий Иванович.",,,
37418,37419,16565,Гнев Божий: Оккультный роман.,"РОЧЕСТЕР (КРЫЖАНОВСКАЯ, Вера Ивановна).",,,
37420,37423,16566,Гнев Божий: Роман времен короля Яна Казимира.,"КРАШЕВСКИИ, Иосиф Игнатий (КРАШЕВСКИИ, Юзеф Игнацы). ",Божий гнев: Исторический роман из времен Яна Казимира.,,
37424,37425,16567,«Гнев всевышнего» и другие рассказы.,"САХНИ, Бхишам.",,,
37426,37427,16568,Гнев Диониса.,"НАГРОДСКАЯ, Евдокия Аполлоновна.",,,
37428,37431,16569,Гнев еврейки.,"ПЕРЕЦ, Исаак Леон (ПЕРЕЦ, Ицхок-Лейбуш). ",,Шраймель...,
37432,37433,16570,Гнев земли Родной: Роман.,"ША-ТИРЯН, Микаел.",,,
37434,37435,16571,Гнев и милость магната: (Быль XVIII столетия).,"ЛЕВАНДА, Лев Осипович.",,,
37436,37437,16572,Гнев и радость: Стихи.,"ЛУКС, Валдис.",,,
37438,37439,16573,Гнев и радость: Стихи.,"ШПАК, Микола.",,,
37440,37441,16574,Гнев Кротких: Рассказы.,"КОНОВАЛОВ, Григорий Иванович.",,,
37442,37443,16575,Гнев матери.,"ПАНЧ, Петро.",,,
37444,37445,16576,Гнев Моо-То-Они: Роман из австралийской жизни.,"МОГУЧИЙ, Николай Витольдович.",,,
37446,37447,16577,Гнев народный: Историческое повествование.,"САВЕЛЬЕВ, Александр Гаврилович.",,,
37448,37449,16578,Гнев народный: [Роман].,"БОРЕЦКАЯ, Мария.",,,
37450,37451,16579,«Гнев Сатаны» и другие сатирические и юмористические рассказы.,"ЕВТУШЕНКО, Владимир Яковлевич.",,,
37452,37453,16580,Гнев сильных: Очерки.,"КРИГЕР, Евгений Генрихович.",,,
37454,37455,16581,Гнев шайтана: Вогульское предание из времен покорения Сибири.,"ИН-ФАНТЬЕВ, Порфирий Павлович.",,,
37456,37457,16582,Гнев Эльборуна: Кавказская легенда.,"ФЕЛИЧЕ, Арт. (ЯМЩИКОВА, Людмила Андреевна).",,,
37458,37459,16583,Гневная Россия: (Поэма).,"АСА-НОВ, Николай Александрович.",,,
37460,37461,16584,Гневные годы: Рассказы.,"УРМАНОВ, Кондратий Никифорович.",,,
37462,37463,16585,Гневные страницы.,"ТВЕН, Марк.",,,
37464,37465,16586,Гневные строки: [Стихи].,"БЕЗЫМЕНСКИЙ, Александр Ильич.",,,
37466,37467,16587,Гневные строки: (Фронтовые стихи).,"ВАСИЛЬЕВ, Сергей Александрович.",,,
37468,37469,16588,Гневный Стратион: Повести.,"ЗЕМЛЯК, Василь.",,,
37470,37471,16589,Гнедко: Рассказ.,"ДУДОРОВ, Петр Петрович (ОРЛОВЕЦ, П).",,,
37472,37473,16590,Гнездко: Рассказ.,"ЦЕБРИКОВА, Мария Константиновна.",,,
37474,37475,16591,Гнезда не совьют: Комедия в 5-ти д.,"БАЛКАШИН, Николай Никандрович.",,,
37476,37477,16592,Гнездо: Роман.,"АМФИТЕАТРОВ, Александр Валентинович.",,,
37478,37479,16593,Гнездо: Стихи и поэма.,"БАНТИМИРОВ, Насирдин.",,,
37480,37481,16594,Гнездо аиста: Стихи.,"АРОЧКА, Микола.",,,
37482,37483,16595,Гнездо аистов: Роман в 4-х ч.,"БЕРТЭ, Эли.",,,
37484,37485,16596,Гнездо моих отцов: Стихи.,"ТРЯП-КИН, Николай Иванович.",,,
37486,37487,16597,Гнездо осиное: (Генерал Барклаев). Пьеса в 1-м д.,"БРОНИКОВСКИЙ, Георгий.",,,
37488,37491,16598,Гнездо певчих птичек.,Имя авт. не установлено.,,,
37492,37493,16599,"Гнездо под стрехой: Повести, рассказы, миниатюры.","КРУСТЕН, Эрни.",,,
37494,37495,16600,Гнездо простых людей.,"О'ФАОЛЭЙН, Шон.",,,
37496,37497,16601,Гнездо разбойников или Остров пиратов: Рассказ.,"ПИСТОРИУС, Франц.",,,
37498,37499,16602,Гнездо соловья: Рассказы и очерки.,"ЛАСКАВАЯ, Леся Николаевна.",,,
37500,37501,16603,Гнездо сутенеров: Пьеса в 1-м д.,"ХЛОПОВ, О.",,,
37502,37503,16604,Гнездышко; Даровые билеты; Пощечины; Расточительность; Король неудачи и другие рассказы.,"ФИШЕР, Алекс, ФИШЕР, Макс.",,,
37504,37505,16605,Гнет: Роман.,"АЛМАТИНСКАЯ, Анна.",,,
37506,37507,16606,Гнет будущего: Новеллы.,"МИЧУРИНА, Екатерина.",,,
37508,37509,16607,Гнет поколений: Роман.,"ЕЗЕР-СКА, Андзя (ЕЗЕРСКАЯ, Андзя).",,,
37510,37511,16608,Гнилая вода: Роман.,ШАНИ.,,,
37512,37513,16609,Гнилое дерево.,"КУЛИК, Арнольд Семенович.",,,
37514,37517,16610,Гнилушки: Современная повесть.,"БЕРЕНТ, Вацлав. ",Гниль.,,
37518,37519,16611,Гйилые болота: Роман в 2-х ч.,"ШЕЛЛЕР-МИХАЙЛОВ, Александр Константинович.",,,
37520,37521,16612,Гнилые корни: Пьеса из деревенской жизни в 3-х д.,"ПЕРСОНОВ, Иван Иванович.",,,
37522,37523,16613,Гнилые устои: Драматические сцены в 4-х д.,"ВЕРШИНИН, Алексей Платонович.",,,
37524,37525,16614,Гниль: Из современной жизни.,"БЕРЕНТ, Вацлав.",,,
37526,37527,16615,Гномы: Поэмы.,"ШУРАИ, Т. И. (КУДРЯВЦЕВ, Тихон Иванович).",,,
37528,37529,16616,Гномы: Стихи.,"СМИРНОВ, Дмитрий Артемьевич.",,,
37530,37531,16617,Гномы и люди: Из последних новелл.,"ЛАГЕРЛЕФ, Сельма.",,,
37532,37533,16618,Гнусный обманщик: Рассказы.,О. ГЕНРИ.,,,
37534,37535,16619,Гобсек.,"БАЛЬЗАК, Оноре де.",,,
37536,37537,16620,Говенье вразумило.,"ВОСТОКОВ, Владимир Игнатьевич.",,,
37538,37539,16621,Говор.,"ПРЕЛОВСКИЙ, Анатолий Васильевич.",,,
37540,37541,16622,Говор зорь.,"КОШКАРОВ, Сергей Николаевич.",,,
37542,37543,16623,Говор камней: Четырнадцать рассказов из жизни древнего Египта.,"МОРДОВЦЕВ, Даниил Лукич.",,,
37544,37545,16624,"Говори, Мамаев курган!: Книга новых стихотворений.","УРИН, Виктор Аркадьевич.",,,
37546,37547,16625,Говори мне о России: Лирика.,"БАУКОВ, Иван Петрович.",,,
37548,37549,16626,Говорил со мною ветер...,"ЗУБАРЕВ, Валерий Федорович.",,,
37550,37551,16627,Говорит Космос!,"ТОМАН, Николай Владимирович.",,,
37552,37553,16628,Говорит Ленинград...: Главы из книги.,"БЕРГГОЛЬЦ, Ольга Федоровна.",,,
37554,37555,16629,Говорит Матвеевка: Пьеса в1-мд.,"АЗАРХ, Александр Борисович.",,,
37556,37557,16630,Говорит Москва: Драма в 3-х д.,"РОКВА, Шота Григорьевич.",,,
37558,37559,16631,Говорит Москва: Стихи.,"ГРУНИН, Матвей Львович.",,,
37560,37561,16632,Говорит радио Алжир: Поэма-сатира.,"ВШТУНИ, Азат.",,,
37562,37563,16633,Говорит Селим: (Сказание о Чечне). Поэма.,"МУЗАЕВ, Нурдин Джамалди-нович.",,,
37564,37565,16634,Говорит сердце: Лирика.,"ПОПОВА, Людмила Михайловна.",,,
37566,37567,16635,Говорит сердце: [Стихи].,"ДЕР-КАЧЕНКО, Константин Иванович.",,,
37568,37569,16636,Говорит якут: Стихи.,"ЭРТЮКОВ, Иннокентий Илларионович.",,,
37570,37571,16637,Говорите любимым о любви: Из лирического блокнота.,"ХАЛТУРИН, Федор Николаевич.",,,
37572,37573,16638,Говорите с Россией!: Из стихов о Югославии.,"ДОЛИНСКИЙ, Даниил Маркович.",,,
37574,37575,16639,Говорливый: Рассказ про камень.,"КОЖЕВНИКОВ, Алексей Венедиктович.",,,
37576,37577,16640,Говорун: Тифлисский альманах. Вып. 1—2.,"ГОРБАЧЕВ, Василий Егорович.",,,
37578,37579,16641,Говоруны: Комедия в 4-х д.,"МАНН, Ипполит Александрович.",,,
37580,37581,16642,Говорят башни.,"БЕДЖИЗАТИ, Чермен Давидович.",,,
37582,37583,16643,Говорят дети.,"МИНДЛИН, Эмилий Львович.",,,
37584,37585,16644,Говорят документы.,"ЛИДИН, Владимир Германович.",,,
37586,37587,16645,"Говорят, что я веселый...: Сатирические стихи. Басни. Фельетоны.","ГАВРИЛОВ, Лев Николаевич.",,,
37588,37589,16646,Говорящая ворона и ее слушатели: Увеселительный рассказ.,"ЕВСТИГНЕЕВ, Михаил Е.",,,
37590,37591,16647,Говорящая голова: Сборник рассказов из жизни странствующих артистов.,"ЗАРИН, Андрей Ефимович.",,,
37592,37595,16648,Говорящая лошадь.,"ЭНСТИ, Ф. (АНСТЕИ, Ф.)",,,", В кн.: Врасплох..."
37596,37597,16649,Говорящая рыба: Рассказы.,"ВОРОНИН, Петр Иванович.",,,
37598,37599,16650,Говорящее дерево: Избранные стихи.,"ЛУНДКВИСТ, Артур.",,,
37600,37601,16651,"Говорящее кино: 1-я книга стихов о кино. Сценарии, кадры. Либретто. Книга небывалая.","КРУЧЕНЫХ, Алексей Елисеевич.",,,
37602,37603,16652,Говорящее письмо: [Рассказы].,"БОРОЗДИН, Виктор Петрович.",,,
37604,37605,16653,Говорящее письмо: Рассказы.,"ВЕРНЕЕВА, Светлана Александровна.",,,
37606,37607,16654,Говорящие животные.,"ГОФМАН, Генрих.",,,
37608,37609,16655,Говорящие каракули: Стихи.,"ГРАУБИН, Георгий Рудольфович.",,,
37610,37611,16656,Говорящие письма: Стихи.,"РЫВЛИН, Аркадий Исаакович.",,,
37612,37613,16657,Говорящий дуб; Грибуль.,"САНД, Жорж.",,,
37614,37615,16658,Говорящий ключ.,"КИРЮШКИН, Виктор Владимирович.",,,
37616,37617,16659,Говорящий немой: Комедия-шутка в 3-х д.,"БИЛИБИН, Виктор Викторович.",,,
37618,37619,16660,Говорящий покойник или Вот так смерть!: Веселый рассказ.,"ЕВСТИГНЕЕВ, Михаил Е.",,,
37620,37623,16661,Говорящий тигр: Шутка в 1-м д.,"С. Ф. (ФАЛЮТИНСКИИ, Сергей Иванович) ",,,.
37624,37625,16662,Гогенцоллерны в Америке.,"ЛИКОК, Стивен.",,,
37626,37627,16663,Гоголевское: Фельетоны.,"ПЕССИМИСТ (ШВЕЙЦЕР, Владимир Захарович).",,,
37628,37629,16664,Гоголь: Биографическая повесть.,"ГАЕЦКИЙ, Юрий.",,,
37630,37631,16665,Гоголь в Москве: Сатира в 2-х карт.,"САБУРОВ, Симон Федорович.",,,
37632,37633,16666,Гоголь в Петербурге.,"ПОЛТОРАЦКИЙ, Алексей Иванович.",,,
37634,37635,16667,Гоголь-гимназист: Биографическая повесть.,"АВЕНАРИУС, Василий Петрович.",,,
37636,37637,16668,Гоголь над бездной: Пьеса в 5-ти д.,"ЛЕРНЕР, Николай Никитич.",,,
37638,37639,16669,Гоголь-студент: Биографическая повесть.,"АВЕНАРИУС, Василий Петрович.",,,
37640,37641,16670,Гоголь уходит в ночь: Повесть.,"СЕРГЕЕВ-ЦЕНСКИИ, Сергей Николаевич.",,,
37642,37643,16671,Год аиста: Стихи.,"БУРОВА, Наталья Павловна.",,,
37644,37645,16672,Год в деревне: Повесть.,"ШАФРАНОВА, Мария Александровна.",,,
37646,37647,16673,Год в Житниках: Очерки.,"КОСТИН, Иван Иванович.",,,
37648,37649,16674,Год в «Кочегарке».,"БЕСПОЩАДНЫЙ, Павел Григорьевич.",,,
37650,37651,16675,Год в одиннадцать месяцев: Роман.,"ШТЕЙГЕР, Отто.",,,
37652,37653,16676,Год в письмах: Рассказы.,"ШТЕЙН, Адам (ШПРИНГЕР, Роберт Густав Мориц).",,,
37654,37655,16677,Год в седле: (Из дневника молодого офицера). 1877—.1878 гг.,"ЕГОРОВ, Дмитрий.",,,
37656,37657,16678,Год в тысячу дней: Пьеса в 3-х д.,"ГАНСОВСКИЙ, Север Феликсович.",,,
37658,37659,16679,Год великий Пятый: Стихи.,"БЛАГОВ, Александр Николаевич.",,,
37660,37661,16680,Год веселых речек.,"АБОРСКИЙ, Александр Иванович.",,,
37662,37663,16681,Год во льдах: Повесть.,"КРАВКОВ, Максимилиан Алексеевич.",,,
37664,37665,16682,Год войны: Думы и песни.,"ГИЛЯРОВСКИЙ, Владимир Алексеевич.",,,
37666,37667,16683,Год вступления 1918: Повесть.,"ШИШОВА, Зинаида Константиновна.",,,
37668,37669,16684,"Год, год, год...: Роман.","ХАЛА-ФЯН, Зорайр Ервандович.",,,
37670,37671,16685,Год — горн (1905 г.): В 4-х д.,"ШКВАРКИН, Василий Васильевич.",,,
37672,37673,16686,Год девятнадцатый: (Член Реввоенсовета). Пьеса в 4-х д.,"ПРУТ, Иосиф Леонидович.",,,
37674,37675,16687,Год до весны: Повесть и рассказы.,"КУШХАУНОВ, Алексей Шагирович.",,,
37676,37677,16688,Год жизни: Из записок бедняка-мыслителя. Роман.,"СУВЕСТР, Эмиль.",,,
37678,37679,16689,Год жизни: [Повесть].,"ЧАКОВ-СКИИ, Александр Борисович.",,,
37680,37681,16690,Год жизни: Роман.,"ТЫЧИНИН, Вячеслав Васильевич.",,,
37682,37683,16691,Год жизни в Петербурге или Невыгоды третьего посещения.,"АЛЕКСАНДРОВ, Александр (ДУРОВА, Надежда Андреевна).",,,
37684,37685,16692,Год за годом: Пьеса в 3-х д. из батрацкой жизни.,"ИРКУТОВ, Андрей.",,,
37686,37687,16693,Год за годом: Стихи.,"КРУЧЕ-НЮК, Петря (КРУЧЕНЮК, Петр Аксен-тьевич).",,,
37688,37689,16694,Год за годом: [Стихотворения].,"УШАКОВ, Николай Николаевич.",,,
37690,37691,16695,Год и одна ночь: Повести и рассказы.,"АБАТУРОВ, Константин Иванович.",,,
37692,37693,16696,Год из детской жизни: Нравоучительные повести.,"ГОФМАН-ТАНСКАЯ, Клементина.",,,
37694,37695,16697,Год испытаний: Роман.,"ХОРН, Отто.",,,
37696,37697,16698,Год как день.,"ГУСЕВ, Владимир Иванович.",,,
37698,37699,16699,Год крестьянина: Стихотворения.,"ДРОЖЖИН, Спиридон Дмитриевич.",,,
37700,37701,16700,Год маленькой жизни: Повесть.,"ДЖАКОББЕ, Мария.",,,
37702,37703,16701,Год моего рождения: Стихи и поэмы.,"ГАМЗАТОВ, Расул Гамзатович.",,,
37704,37705,16702,Год моей жизни: Повесть.,"КОРМЧИЙ, Л. (ПИРАГИС, Леонард Юлианович).",,,
37706,37707,16703,Год на крейсере «Адмирал Нахимов»: Повесть для детей.,П. Д.,,,
37708,37709,16704,Год на Севере: Т. 1—2.,"МАКСИМОВ, Сергей Васильевич.",,,
37710,37711,16705,Год начинается осенью.,"ГРЯЗЕВ, Василий Никанорович.",,,
37712,37713,16706,Год нашей жизни: Записки Юрия Горяева.,"ЧЕРНИН, Макс Павлович.",,,
37714,37715,16707,Год неспокойного солнца: Две повести.,"КАШАФ-УТДИНОВ, Илья.",,,
37716,37717,16708,Год обезьяны: Книга стихов.,"СУЛЕИМЕНОВ, Олжас Омарович.",,,
37718,37719,16709,Год огненной змеи: Роман.,"ЖИМ-БИЕВ, Цыден-Жап Арсаланович.",,,
37720,37721,16710,"Год первый, год последний: Повесть и рассказы.","ЧЕЛАК, Григорий Ильич.",,,
37722,37723,16711,Год побежденных: Роман.,"ШАМ-СОН, Андре.",,,
37724,37725,16712,Год призыва 1941: Стихотворения и поэмы.,"ХАУСТОВ, Леонид Иванович.",,,
37726,37727,16713,Год рождения: Стихи.,"АЛИГЕР, Маргарита Иосифовна.",,,
37728,37729,16714,Год рождения 41-й: Стихи.,"ЧУЕВ, Феликс Иванович.",,,
37730,37731,16715,Год рождения 1902: Роман.,"ГЛЕЗЕР, Эрнст.",,,
37732,37733,16716,Год рождения 1921: Роман.,"ПТА-ЧНИК, Карел.",,,
37734,37735,16717,Год рождения 1924: Повесть.,"ИСБАХ, Александр.",,,
37736,37737,16718,Год рождения 1905: Хроника одного детства.,"ЧУМАНДРИН, Михаил Федорович.",,,
37738,37739,16719,Год рождения -- 1917.,"ПЕТРОВ, Евгений Александрович.",,,
37740,37741,16720,Год рыболова.,"СЕМЕНОВ, Ману-ил Григорьевич.",,,
37742,37743,16721,Год садовода.,"ЧАПЕК, Карел.",,,
37744,37745,16722,Год самой тощей коровы.,"ШАНДОР, Кальман.",,,
37746,37747,16723,Год спокойного солнца: (Говори о любви). Повесть.,"НЕВЕРОВ, Игорь Михайлович.",,,
37748,37749,16724,Год спокойного солнца: Повесть в новеллах.,"ЛИПАТОВ, Анатолий Леонидович.",,,
37750,37751,16725,Год счастья: Повесть.,"БЕЙЛИН, Павел Ефимович.",,,
37752,37753,16726,Год тридцатый: Роман.,"ХУСНИ, Фатых.",,,
37754,37755,16727,Год — тринадцать месяцев.,"МХИ-ТАРЯН, Вагаршак Христофорович.",,,
37756,37757,16728,Год 1916-й: Эпизод из романа «Девять точек».,"КОЗАКОВ, Михаил Эммануилович.",,,
37758,37759,16729,Года: Избранные стихи.,"ПОЛОНСКАЯ, Елизавета Григорьевна.",,,
37760,37761,16730,Годам вослед: Стихи и поэма «Черные воды».,"КАРИМ, Мустай.",,,
37762,37763,16731,Годекан: Стихи.,"АДАЛЛО, А.",,,
37764,37765,16732,Годен без ограничений.,ПЛАТОНОВ,,,",, Юрий Вениаминович."
37766,37767,16733,Годен к нестроевой: Записки солдата.,"КОМАРОВСКИЙ, Лев Давыдович.",,,
37768,37769,16733а,Година гнева: Первая книга рассказов из цикла «Дорогой Щорса».,"СЕРГЕЕНКО, Михаил Михайлович.",,,
37770,37771,16734,Годичный сбор мыслей в стихах за 1910 год.,"СТРАХОВ, Сергей Иванович.",,,
37772,37773,16735,Годовая стрелка: Стихи.,"СЛУЦКИЙ, Борис Абрамович.",,,
37774,37775,16736,Годовщина весны: Стихи.,"КОБЗЕВ, Николай Васильевич.",,,
37776,37777,16737,Годовщина свадьбы.,"КРАСИЦ-КИЙ, Ежи.",,,
37778,37779,16738,Годовые кольца: Избранные произведения.,"ПЕСКОВ, Борис Глебович.",,,
37780,37781,16739,Годовые кольца: Книга стихов.,"СЕРЕБРЯКОВ, Геннадий Викторович.",,,
37782,37783,16740,Годовые кольца: Стихи.,"КУЗНЕЦОВ, Валентин Иванович.",,,
37784,37785,16741,Годовые кольца: Стихи.,"ЛАЙНЕ, Николай Григорьевич.",,,
37786,37787,16742,Годовые кольца: Стихи.,"СОЛНЦЕВ, Роман.",,,
37788,37789,16743,Годовые кольца: Стихи.,"ЯКУШЕВ, Николай Михайлович.",,,
37790,37791,16744,Годуновы: Историческая трагедия в 5-ти д. с прологом.,"ФЕДОТОВ, Александр Филиппович.",,,
37792,37793,16745,Годы: Избранная лирика.,"КОВАЛЕВ, Дмитрий Михайлович.",,,
37794,37795,16746,Годы: Избранные стихи.,"АЛЕКСАНДРОВСКИЙ, Василий Дмитриевич.",,,
37796,37797,16747,Годы: Книга стихов.,"АХУНОВА, Этибор.",,,
37798,37799,16748,Годы: Лирика.,"ЛУКОНИН, Михаил Кузьмич.",,,
37800,37801,16749,Годы: Лирические поэмы.,"КУЗНЕЦОВ, Евгений Семенович.",,,
37802,37803,16750—16751,Годы: Стихи.,"ЛИВАНОВ, Александр Карпович.",,,
37804,37805,16752,Годы: Стихи.,"СНЕГИН, Дмитрий Федорович.",,,
37806,37807,16753,Годы: Стихи и поэмы.,"ДОЛИНСКИЙ, Даниил Маркович.",,,
37808,37809,16754,Годы: Стихотворения и поэмы.,"ТОКТОМУШЕВ, Абдырасул.",,,
37810,37811,16755,Годы бегущие: Рассказы.,"ПАВЛОВ, Николай Васильевич.",,,
37812,37813,16756,Годы бедствий.,ЧЖАН МЭН Л ЯН.,,,
37814,37815,16757,Годы большевистской юности.,"БЕЗЫМЕНСКИЙ, Александр Ильич.",,,
37816,37817,16758,Годы борьбы: Произведения военных лет.,"ГОРБАТОВ, Борис Леонтьевич.",,,
37818,37819,16759,Годы в песнях.,"МУЛДАГАЛИЕВ, Джубан.",,,
37820,37821,16760,Годы в шинелях: Роман.,ШУХРАТ.,,,
37822,37823,16761,Годы войны.,"ГРОССМАН, Василий Семенович.",,,
37824,37825,16762,Годы гнева.,"ШЕВЧЕНКО, Александр Иосифович.",,,
37826,37827,16763,"Годы, годы...: Поэма и стихи.","ЕРГАЛИЕВ, Хамид Ергалиевич.",,,
37828,37829,16764,Годы грозовые: Роман.,"ЧЕХОВ, Виктор Григорьевич.",,,
37830,37831,16765,Годы грозовые: Стихи.,"АРСКИЙ, Павел.",,,
37832,37833,16766,"Годы далекие, годы близкие: [Документальная повесть, очерки].","МИХАЙЛОВ, Николай Александрович.",,,
37834,37835,16767,"Годы далекие, годы близкие: Повести и рассказы.","ГЕН, Тевье Григорьевич.",,,
37836,37837,16768,Годы дальнего следования: ..По весть и рассказы.,"ГЛАЗОВ, Григорий.",,,
37838,37839,16769,Годы доблести: Стихи.,"ДИКУНОВ, Василий Яковлевич.",,,
37840,37841,16770,Годы жизни: Избранные стихотворения.,"ЯШИН, Александр.",,,
37842,37843,16771,Годы жизни: Рассказы.,"ИСБАХ, Александр.",,,
37844,37845,16772,Годы жизни: Стихи. Песни. Поэмы.,"СОФРОНОВ, Анатолий Владимирович.",,,
37846,37847,16773,Годы и встречи: Воспоминания.,"БОГОЛЮБОВ, Константин Васильевич.",,,
37848,37849,16774,Годы и встречи: [Очерки].,"КАРАСЕВ, Николай Петрович.",,,
37850,37851,16775,Годы и горы: Стихи.,"ОТАРОВ, Керим Сарамурзаевич.",,,
37852,37853,16776,Годы и камни: Повесть и рассказы.,"БАБОШИН, Николай Петрович.",,,
37854,37855,16777,Годы и люди: Избранные рассказы и очерки.,"КИШ, Эгон Эрвин.",,,
37856,37857,16778,Годы и люди: Очерки.,"РЯБОВ, Иван Афанасьевич.",,,
37858,37859,16779,Годы и люди: Пьеса в 4-х д.,"РОЗЕНБАУМ-АРКОВ, Юрий Аркадьевич.",,,
37860,37861,16780,Годы и люди: Рассказы.,"АДАРОВ, Аржан Оинчинович.",,,
37862,37863,16781,Годы и люди: [Рассказы].,"ЖЕ-СТЕВ, Михаил.",,,
37864,37865,16782,Годы и люди: [Рассказы].,"КАЛЬ-НИЦКИЙ, Яков Исаакович.",,,
37866,37867,16783,Годы и люди: Рассказы.,"ШУТОВ, Иван Никитич.",,,
37868,37869,16784,Годы и люди: Рассказы и повести.,"КУТАТЕЛИ, Александр.",,,
37870,37871,16785,Годы и песни.,"ДОЛМАТОВСКИЙ, Евгений Аронович.",,,
37872,37873,16786,Годы идут: Роман.,"КАСУМОВ, Имран Ашум оглы, СЕИД-БЕИЛИ, Гасан Мехти оглы.",,,
37874,37875,16787,Годы испытаний: Пьеса в 4-х д.,"РАЙМОНД, Екатерина Васильевна.",,,
37876,37877,16788,Годы испытаний: Роман в 2-х кн.,"ГОНЧАРЕНКО, Геннадий Иванович.",,,
37878,37879,16789,Годы их жизней: Роман.,НАЗИМ-ЗАДЕ.,,,
37880,37881,16790,"Годы, которых не забыть: Воспоминания.","ДОРОХОВ, Алексей.",,,
37882,37885,16791,"Годы, любовь.","ЮДАЛЕВИЧ, Марк Иосифович. ",,Полымя...,
37886,37887,16792,Годы мои.,"САГИЯН, Амо.",,,
37888,37891,16793,Годы молодости: Воспоминания о А. И. Куприне.,"КУПРИНА-ИОРДАНСКАЯ, Мария Карловна.",,,
37892,37893,16794,Годы молодые: Документальная повесть.,"ДЬЯКОВ, Борис Александрович.",,,
37894,37895,16795,Годы молодые: Повесть.,"КОВАЛЕВ, Юрий Алексеевич.",,,
37896,37897,16796,Годы молодые: Роман.,"МЕЛА-МУД, Хаим Гершкович.",,,
37898,37899,16797,Годы молодые: Роман в стихах.,"КВИТКО, Лев Моисеевич.",,,
37900,37901,16798,Годы мятежные: Избранное.,"БЕЛОЗЕРОВ, Александр Андреевич.",,,
37902,37903,16799,Годы мятежные: (Стихотворения).,"ЕВСЕЕВ, Н. К.",,,
37904,37905,16800,Годы нашей жизни: Очерки.,"ГАЛИН, Борис.",,,
37906,37907,16801,Годы —не птица: Рассказы.,"ФОМИЧЕВ, Николай Алексеевич.",,,
37908,37909,16802,Годы огневые.,"КОЖЕВНИКОВ, Вадим Михайлович.",,,
37910,37911,16803,Годы подполья: (Третья книга о Кольчугине).,"ГРОССМАН, Василий Семенович.",,,
37912,37913,16804,Годы презрения.,"МАЛ БРО, Андре.",,,
37914,37915,16805,Годы прозы: Стихи.,"ЛОЖКИН, Николай Львович.",,,
37916,37917,16806,Годы радости и любви.,"НУРША-ИХОВ, Азильхан.",,,
37918,37919,16807,Годы разлук: Роман.,"КАПИЦА, Петр Иосифович.",,,
37920,37921,16808,Годы скорби: (Воспоминания матери).,"САВИНКОВА, Софья Александровна.",,,
37922,37923,16809,Годы славы.,"САЯНОВ, Виссарион.",,,
37924,37925,16810,Годы странствий: Драма в 4-х актах.,"АРБУЗОВ, Алексей Николаевич.",,,
37926,37927,16811,Годы странствий: Из книги воспоминаний.,"ЧУЛКОВ, Георгий Иванович.",,,
37928,37929,16812,Годы странствий: Повести.,"КУРГАНОВ, Оскар.",,,
37930,37931,16813,Годы студенческие...: (Актовый зал). Пьеса в 2-х д.,"КАНТ, Герман.",,,
37932,37933,16814,"Годы, тропы, ружье.","ПРАВДУ-ХИН, Валериан Павлович.",,,
37934,37935,16815,Годы учения: Отрывки из «Истории моего современника».,"КОРОЛЕНКО, Владимир Галактионович.",,,
37936,37937,16816,Годы учения: Повести и рассказы.,"РАХТАНОВ, Исай Аркадьевич.",,,
37938,37941,16817,Годы учения Вильгельма Мейсте-ра: Роман.,"ГЕТЕ, Иоганн Вольфганг. ",Вильгельм Мейстер [ч. I]; Ученические годы Вильгельма Мейстера.,,
37942,37943,16818,"Годы фронтовые: Повести, рассказы, очерки.","КОЧЕТОВ, Всеволод Анисимович.",,,
37944,37945,16819,Годы штормовые: Повести и рассказы.,"ГАЙДАЕНКО, Иван Петрович.",,,
37946,37947,16820,Годы юности.,"САУЛ ИТ, Бруно Рейнович.",,,
37948,37949,16821,Гой Дальбак: Повесть.,"ДМИТРИЕВА, Надежда Всеволодовна.",,,
37950,37951,16822,Гойя или Тяжкий путь познания.,"ФЕЙТХВАНГЕР, Лион.",,,
37952,37953,16823,Гол в свои ворота: Водевиль в 2-х таймах.,"ЯЛУНЕР, Яков Ионович, КУЗНЕЦОВ, Андрей Юрьевич.",,,
37954,37955,16824,"Гол, забитый нечестно: Рассказы.","ДРОБИЗ, Герман Федотович.",,,
37956,37959,16825,Голгофа: (Лобное место). Трагедия в 5-ти актах.,"ЧИЖЕВСКИЙ, Дмитрий Федотович. ",Лобное место: (Голгофа).,,
37960,37961,16826,Голгофа: Рассказы.,"БОРИСОВ, Дмитрий Михайлович.",,,
37962,37963,16827,Голгофа: Роман.,"ГОМИН, Лесь.",,,
37964,37965,16828,Голгофа: Роман.,"МИРБО, Октав.",,,
37966,37967,16829,Голгофа: Трагедия в 5-ти актах с прологом.,"АРСКИЙ, Павел.",,,
37968,37969,16830,Голдсборо: Роман.,"ГЕЙМ, Стефан.",,,
37970,37971,16831,Голем: Роман.,"МЕЙРИНК, Густав.",,,
37972,37973,16832,"Голеньский — ох, а за голеньким бог: Пьеса из народного быта в 1-м д. с пением и живыми картинами.","ЛАРИН, Константин Павлович.",,,
37974,37975,16833,"Голенький-ох, а за голеньким бог: Русская народная былина в лицах.","ВЛАДИМИРОВ, М. С.",,,
37976,37977,16834,Голиаф: [Рассказ].,"ГУСЕВ-ОРЕН-БУРГСКИЙ, Сергей Иванович.",,,
37978,37979,16835,Голиаф: Рассказы.,"ЛОНДОН, Джек.",,,
37980,37983,16836,Голландский сыр.,"ГУРЕВИЧ, Исидор Яковлевич. ",,Деятель...,
37984,37985,16837,Голландское мужество.,"ЛОНДОН, Джек.",,,
37986,37991,16838,Голливуд: Роман.,"ДЮРТЕН, Люк. Изд. ",,,также под загл.: Голливуд остался позади.
37992,37993,16839,Голливуд остался позади: Роман.,"ДЮРТЕН, Люк.",,,
37994,37995,16840,Голова: Отрывок из «Майской ночи».,"ГОГОЛЬ, Николай Васильевич.",,,
37996,37997,16841,Голова: Роман.,"МАНН, Генрих.",,,
37998,37999,16842,Голова Баязета: Молдавское историческое предание XV-го столетия. В 4-х поэтических картинах.,"ГЕРБАНОВ-СКИИ, Николай.",,,
38000,38001,16843,Голова в 10 000: (Убийство Судей-кина).,"ГАРД, Эрнест.",,,
38002,38003,16844,Голова в клетке: Рассказы из жизни западного Китая.,"ВЛАДИМИРСКИЙ, Владимир Константинович.",,,
38004,38005,16845,Голова Медузы: История о привидениях действительной жизни.,"ГЕЙЕР-СТАМ, Густав ",,,аф.
38006,38007,16846,Голова медузы: 1-я книга стихов.,"ФЫРИН, Аркадий.",,,*
38008,38009,16847,Голова Медузы: Рассказы.,"КРЕ-МЕНСКОЙ, Александр Александрович.",,,
38010,38011,16848,Голова Медузы Горгоны: Документальная повесть о чекистах.,"ПОНОМАРЕВА, Валентина Ивановна, ПОНОМАРЕВ, Виктор Владимирович.",,,
38012,38015,16849,Голова профессора Доуэля.,"БЕЛЯЕВ, Александр Романович. ",,Звезда Кэц...,
38016,38017,16850,Голова с мозгами: Сцены в4-хд.,"ПРИВОЛЬСКИЙ, А. (ВАСИЛЬЕВ, Лавр Фролович).",,,
38018,38019,16851,Головастики: Сказка.,"ЭВАЛЬД, Карл.",,,
38020,38021,16852,Головка: Рассказ.,"НЕВЕРОВ, Александр.",,,
38022,38023,16853,Головка красавицы; Она хочет жить; Тенор; Мгновенная и другие рассказы.,"ЖИТЕЛЬ (ДЬЯКОВ, Александр Александрович).",,,
38024,38025,16854,Головнин.,"ДАВЫДОВ, Юрий Владимирович.",,,
38026,38027,16855,Головня: Рассказ.,"КУЗНЕЦ, Марианна Давыдовна.",,,
38028,38029,16856,Головокружение; Что за стенами?: Повести.,"КАРЕЛИН, Лазарь Викторович.",,,
38030,38031,16857,Головокружение Митрофана: Комедия в 1-м д.,"КАГАНОВ, Исаак Борисович.",,,
38032,38035,16858,Головоногий человек.,"ГЛАДКОВ, Федор Васильевич. ",,Маленькая трилогия...,
38036,38037,16859,Головорезы: Роман.,"ГУМИЛЕВСКИЙ, Лев Иванович.",,,
38038,38039,16860,Головотяпы: [Рассказы].,"СЕРАФИМОВ, А.",,,
38040,38041,16861,Головотяпы: Стихи.,"ВОИНОВ, Владимир Васильевич.",,,
38042,38043,16862,Головы моих друзей: Рассказы и повесть.,"МИФТАХУТДИНОВ, Альберт Ва-леевич.",,,
38044,38045,16863,Голод: [Драма].,"ЮШКЕВИЧ, Семен Соломонович.",,,
38046,38047,16864,Голод: Драма в 3-х актах.,"БЕЗДОЛЬНЫЙ, Вячеслав.",,,
38048,38049,16865,Голод: [Очерки и рассказы].,"ЧИ-ВОНИБАР, А. (РАБИНОВИЧ, Адольф Харитонович).",,,
38050,38051,16866,Голод: Поэма.,"МОГИЛЕВСКИЙ, Л. (ЛЕЛЕВИЧ, Г.).",,,
38052,38053,16867,Голод: (Пьеса в 2-х д.).,"НЕВЕРОВ, Александр.",,,
38054,38055,16868,Голод: (Пьеса в 1-м д.).,"МАСЛЕНИКОВ, Тихон.",,,
38056,38057,16869,Голод: Рассказ.,"ПОТАПЕНКО, Игнатий Николаевич.",,,
38058,38059,16870,Голод: Роман.,"БХATTАЧАРИЯ, Бхабани.",,,
38060,38061,16871,Голод: Роман.,"ГАМСУН, Кнут.",,,
38062,38063,16872,Голод: Роман.,"КУЧЕР, Василь (КУЧЕР, Василий Степанович).",,,
38064,38065,16873,Голод: Роман-дневник.,"СЕМЕНОВ, Сергей Александрович.",,,
38066,38067,16874,Голод: Стихотворения.,ЧЕШИ-ХИН. ,,,Всеволод Евграфович.
38068,38069,16875,Голод: Сцены из жизни голодающих крестьян.,"ВЕРШИНИН, Алексей Платонович.",,,
38070,38071,16876,Голод: Трагедия Поволжья в 3-х д.,СЛУТИН-СЛУЧАИНЫИ.,,,
38072,38073,16877,Голод: 3 рассказа.,"ЛИТВИНЕНКО, Петр Евстафьевич.",,,
38074,38075,16878,Голод в Бюзансе: Отщепенцы.,"ВАЛЛЕС, Жюль.",,,
38076,38077,16879,Голод и любовь.,"БРИТТОН, Лайо-нель.",,,
38078,38079,16880,Голодающие: Рассказ.,"ПОДЪЯ-ЧЕВ, Семен Павлович.",,,
38080,38081,16881,Голодающий: Рассказ.,"РЕКЛЮ, Элизе.",,,
38082,38083,16882,Голодная воля: (Повесть).,"МИРНЫЙ, Панас.",,,
38084,38085,16883,Голодная степь: Роман.,"ГУЛЯМ, Хамид.",,,
38086,38089,16884,Голодному хлеб дороже золота.,"ПОТАПОВ, Михаил Софронович.",,,
38090,38091,16885,Голодные: [Рассказ].,"БОРЕЦКАЯ, Мария.",,,
38092,38093,16886,Голодные: Рассказы.,"СЕЛИХОВ, Иван Иванович.",,,
38094,38095,16887,Голодные боги: Комедия в 3-х актах.,"ПОЛИВАНОВ, Сергей.",,,
38096,38097,16888,Голодные души: Роман.,"МУРАВЬЕВ, Николай.",,,
38098,38099,16889,Голодные и сытые: Драматические сцены в 4-х д. из сельской жизни.,"ЛЕБЕДЕВ, Иван Иванович.",,,
38100,38101,16890,Голодные камни.,"ТАГОР, Рабиндранат.",,,
38102,38103,16891,Голодные мужики: Повести и рассказы.,"КОЛЧАНОВ, Александр Петрович.",,,
38104,38105,16892,Голодные сердца.,"ЕЗЕРСКА, Андзя (ЕЗЕРСКАЯ, Андзя).",,,
38106,38109,16893,Голодные собаки: Роман.,"АЛЕГ-РИЯ, Сиро. ",,Золотая змея...,
38110,38111,16894,Голодный город: [Отрывок из «Истории одного города»]; Тетенька Анфиса Порфирьевна; Мавруша-Новоторка: Очерки.,"САЛТЫКОВ-ЩЕДРИН, Михаил Евграфович.",,,
38112,38113,16895,Голодный Дон-Жуан: Водевиль в 1-м д.,"ЛИСЕНКО-КОНЫЧ, Иван Коно-нович.",,,
38114,38117,16896,Голодняк.,"КРУЧЕНЫХ, Алексей Елисеевич.            ",,,""""
38118,38119,16897,Голодовка.,"САЛОВ, Илья Александрович.",,,
38120,38121,16898,Гололед: Драма в 1-м д.,"РАЗ-ДОЛЬСКИЙ, Виталий Александрович.",,,
38122,38123,16899,Гололедица.,"КАУГВЕР, Раймонд Андресович.",,,
38124,38127,16900,Голос: Лирика.,"БОЯРШИНОВА, Эмилия Ивановна.",,,
38128,38129,16901,Голос: Повесть.,"ОКАРА, Гэбри-ел.",,,
38130,38131,16902,Голос: Стихи.,"ВИНОКУРОВ, Евгений Михайлович.",,,
38132,38133,16903,Голос: Стихи.,"ГЛАЗОВ, Григорий.",,,
38134,38135,16904,Голос: Стихи.,"ДЕРВИШ, Махмуд.",,,
38136,38137,16905,Голос: Стихи.,"КУЗОВЛЕВА, Татьяна Витальевна.",,,
38138,38139,16906,Голос: Стихи.,"ШЕВЦОВ, Александр Михайлович.",,,
38140,38141,16907,"Голос: Стихи, 1932—1934.","ПИСАРЕВ, Анатолий Иванович.",,,
38142,38143,16908,Голос Азии: Стихотворения и поэмы.,"ТУРСУНЗАДЕ, Мирзо.",,,
38144,38145,16909,Голос Америки: Драма в 4-х д.,"ЛАВРЕНЕВ, Борис Андреевич.",,,
38146,38147,16910,Голос в горах: Роман.,"КУБАНОВ, Дагир Хаджи-Алиевич.",,,
38148,38149,16911,Голос в ночи; «Вспомни!»: Повести.,"ГОЛУБЕВ, Глеб Николаевич.",,,
38150,38151,16912,"Голос в пути: Рассказы, воспоминания, очерки.","ПАВЛЕНКО, Петр Андреевич.",,,
38152,38153,16913,Голос в степи: Стихи.,"КЫЧАКОВ, Иван Спиридонович.",,,
38154,38155,16914,Голос в тишине: Повести и рассказы.,"ЛИХОНОСОВ, Виктор Иванович.",,,
38156,38157,16915,"Голос военный: Приключения, видения и размышления. Юмористический и сатирический альманах.","ДЕД ТРАВОЕД (ТРАВИН, Петр Александрович).",,,
38158,38159,16916,Голос времени: Стихотворения и поэмы.,"ЧИВИЛИХИН, Анатолий Тимофеевич.",,,
38160,38161,16917,Голос гражданина: Стихи.,"ХЭДАР-КИШ, Перец Давыдович.",,,
38162,38163,16918,Голос гранита: Стихи.,"ЦАКУНОВ, Олег Александрович.",,,
38164,38165,16919,Голос далекого предка.,"АЛЕНИН, Виталий.",,,
38166,38167,16920,Голос дальних дорог: Стихи разных лет.,"РЕЗНИКОВ, Павел Ефимович.",,,
38168,38169,16921,Голос долга: Стихи. Песни. Поэмы.,"РЕГИСТАН, Гарольд.",,,
38170,38171,16922,Голос друга: Сказка о книге.,"ЕВГЕНЬЕВ, Борис Сергеевич.",,,
38172,38173,16923,Голос души и сердца благодарного отца семейства.,"ГЛИНКА, Сергей Николаевич.",,,
38174,38177,16924,Голос жизни: Пьеса в 4-х д.,"БЕРГСТРЕМ, Яльмар. ",Карэн Борнеман.,,
38178,38179,16925,Голос жизни: Роман.,"БЕЛОУСОВ, Валентин Алексеевич.",,,
38180,38181,16926,Голос жизни: Стихи.,"ПАВЛОВ, Святослав Федорович.",,,
38182,38183,16927,Голос за родное: Повесть.,"ФАН-ДИМ, Федор (КОЛОГРИВОВА, Елизавета Васильевна).",,,
38184,38185,16928,Голос земли: Рассказы.,"ВОЗОВИ-КОВ, Владимир Степанович.",,,
38186,38187,16929,Голос земли: Скучный эпизод из жизни милых людей.,"СТАРОСВЕТОВ, Сергей.",,,
38188,38189,16930,Голос земли: Стихи.,"КОЛАС, Якуб.",,,
38190,38191,16931,Голос зовущего: Роман.,"БЭЛ, Альберт.",,,
38192,38193,16932,Голос из гроба: Фарс в 3-х д.,"КАХХАР, Абдулла.",,,
38194,38199,16933,Голос из долгового отделения.,"МАКСИМОВ, Михаил Матвеевич. ",Должники-мотыли и приказчики-кутилы.,,
38200,38201,16934,Голос из долгового отделения: Рассказ в современном духе.,"ЕВСТИГНЕЕВ, Михаил Е.",,,
38202,38205,16935,Голос из русской армии: Разоблачения.,Имя авт. не установлено.,,,
38206,38207,16936,Голос из трущобы: Стихи и песни.,"ЦЫКОВ, Н.",,,
38208,38209,16937,Голос из-за могилы: Повесть.,П-A.,,,
38210,38213,16938,Голос из-за могилы: Повесть в 2-х кн. (с эпилогом).,Имя авт. не установлено.,,,
38214,38215,16939,Голос камня: Книга стихов.,"БАДАВИ (РАМАЗАНОВ, Бадави Рамазанович).",,,
38216,38217,16940,Голос корабельного гудка: Стихи.,"КРИВАНЧИКОВ, Николай Григорьевич.",,,
38218,38219,16941,Голос корабля: Стихи.,"ПЛОТНИ-ЕК, Янис Адольфович.",,,
38220,38221,16942,Голос космоса и колосьев.,"ХАКИМОВ, Рамиль Гарафович.",,,
38222,38223,16943,"Голос красотки, иначе Русская умная жена свое дело знает: Сказка.","ЕВСТИГНЕЕВ, Миша (ЕВСТИГНЕЕВ, Михаил Е.).",,,
38224,38225,16944,Голос крови: Драма в 4-х д.,"ДЫМОВ, Осип.",,,
38226,38227,16945,Голос крови: Комедия в 2-х ч.,"ВОЛЧЕК, Яков Иосифович, ОВЧИННИКОВ, Михаил Федорович.",,,
38228,38229,16946,Голос крови: Роман.,"МАНН, Генрих.",,,
38230,38231,16947,Голос крови: [Роман].,"МАРГЕРИТ, Поль, МАРГЕРИТ, Виктор.",,,
38232,38233,16948,Голос крови: Роман в 3-х ч.,"КАРАЗИН, Николай Николаевич.",,,
38234,38235,16949,Голос крови: Уголовный роман.,"БЛАНКЕНЗЕЕ, Теофон (БЛАНК, Матиас).",,,
38236,38237,16950,«Голос крови» и другие рассказы.,"ЛОНДОН, Джек.",,,
38238,38239,16951,Голос любви: Стихи.,"ТХАЙЦУ-ХОВ, Бемурза Хангериевич.",,,
38240,38241,16952,Голос матери: [Сказы].,"КРИВОШЕЕВА, Ефимия Петровна.",,,
38242,38243,16953,Голос матери: Стихи.,"МАРКАРЯН, Маро Егишевна.",,,
38244,38245,16954,Голос молодости: Стихи пятидесятых годов.,"САЯНОВ, Виссарион.",,,
38246,38247,16955,Голос моря: Стихи.,"ФОМИН, Виктор Николаевич.",,,
38248,38249,16956,Голос народа: Пьеса в 1-м д.,"ВАСИЛЬЕВ, Исидор (АЙСБЕРГ, Исидор Ильич).",,,
38250,38251,16957,Голос наследников: Роман.,"БЕИ-ШЕНАЛИЕВ, Шукурбек.",,,
38252,38255,16958,Голос неба.,"ЛЕМ, Станислав. ",,Навигатор Пирке...,
38256,38257,16959,Голос недр: Пьеса в 4-х д.,"БИЛЛЬ-БЕЛОЦЕРКОВСКИЙ, Владимир Наумович.",,,
38258,38259,16960,Голос немолкнущий: Книга стихов.,"БЕНДРУПЕ, Мирдза Павловна.",,,
38260,38261,16961,Голос несовершеннолетней: Пьеса в 3-х д.,"ЛАНГЕ, Свен.",,,
38262,38263,16962,Голос оливы: Стихи и поэма.,"АНТЕОС, Петрос.",,,
38264,38265,16963,Голос отца: Повесть.,"КИНЬЯБУЛАТОВА, Катиба.",,,
38266,38267,16964,Голос патриотки: Стихотворения.,Е. С.,,,
38268,38269,16965,Голос первой любви: Стихи.,"ОРЛОВ, Сергей Сергеевич.",,,
38270,38271,16966,Голос питомца старой гимназии в юбилейный год ее.,"БЕРЦЕЛИУС, Иван.",,,
38272,38273,16967,Голос природы: Стихи.,"МАРТЫНОВ, Леонид Николаевич.",,,
38274,38275,16968,Голос Родины: [Поэма].,"ЗАРЯН, Наири (ЗАРЬЯН, Наири).",,,
38276,38277,16969,Голос Родины: Стихотворения.,"РОЖДЕСТВЕНСКИЙ, Всеволод Александрович.",,,
38278,38279,16970,Голос Рубаса.,"МИТАРОВ, Мута-либ Митарович.",,,
38280,38281,16971,Голос русского из Польши о Крымской войне и ее последствиях: Стихотворение.,"БАРАНОВСКИЙ, Андрей.",,,
38282,38283,16972,Голос русского народа: Стихотворения 70-летнего старца.,"ШИРОКОВ, Василий М.",,,
38284,38285,16973,Голос русского при освящении и открытии Исаакиевского Собора: (Стихотворение).,"И-В, А.",,,
38286,38289,16974,Голос с того света.,"ЖУКОВСКИЙ, Василий Андреевич. ",,Путешественник...,
38290,38291,16975,Голос с того света или Гришка Распутин в гостях у сатаны.,"МЕНДЕЛЕ-ВИЧ, Родион Абрамович.",,,
38292,38293,16976,Голос сердца: Новый роман.,"БЕРКЛЕИ, Шарль де.",,,
38294,38295,16977,Голос сердца: Рассказы.,"ЛЕВИТИНА, Софья Марковна.",,,
38296,38297,16978,Голос сердца: Стихи.,"АБАГИН-СКИЙ, Архип.",,,
38298,38299,16979,Голос сердца: Стихи.,"АЛАТЫР-ЦЕВ, Владимир Иванович.",,,
38300,38301,16980,Голос сердца: Стихи.,"ВИЛЕНЧИК, Юрий Ильич.",,,
38302,38303,16981,Голос сердца: [Стихи].,"ЛЮБА-ЕВ, Павел Кириллович.",,,
38304,38305,16982,Голос сердца: [Стихи].,"МАКА-РОЧКИНА, Нина Александровна.",,,
38306,38307,16983,Голос сердца: Стихи.,"ПРИЗЕМ-ЛИН, Герасим Павлович.",,,
38308,38309,16984,Голос сердца: [Стихи].,"ШУКУХИ, Аминджон.",,,
38310,38311,16985,Голос сердца: Стихи военных лет.,"ЗАЛОВ, Гаджи Магомедович.",,,
38312,38313,16986,Голос сердца: Стихотворения.,"НИКОНОВ, Борис Павлович.",,,
38314,38315,16987,Голос сердца: [Стихотворения и поэмы].,"ЭГАМ РАХИМ (РАХИМ, Эгам).",,,
38316,38317,16988,"Голос сердца на смерть царя-мученика императора Александра 11-го, 1-го марта 1881 г.: (Ода). В память великого монарха.","КОТЛИНСКИЙ, Александр.",,,
38318,38319,16989,Голос сквозь метель: Очерки и рассказы.,"ЧЕРТОВА, Надежда Васильевна.",,,
38320,38321,16990,Голос славы: Новогоднее (1888 г.) посвящение. 10 стихотворений.,"ЗАВИТНЕ-ВИЧ, Иван Зенонович.",,,
38322,38323,16991,Голос со скалы: Поэма.,"МАЛИКОВ, Кубанычбек Иманалиевич.",,,
38324,38327,16992,Голос совести: Драма в 5-ти д. и 9-ти сутках. (Содержание заимствовано из давно решенного уголовного дела).,"САЛМАНОВ, Петр Алексеевич.",,,
38328,38331,16993,Голос совести: Рассказ.,Имя авт. не установлено.,,,
38332,38333,16994,Голос совести: Рассказ.,"ГРИН-ЧЕНКО, Борис Дмитриевич.",,,
38334,38335,16995,Голос совести: Рассказ.,"КАРАН-ТИНСКИИ, М.",,,
38336,38337,16996,Голос Тараса: Рассказ.,"БЕЛЯЕВ, Владимир Павлович.",,,
38338,38339,16997,Голос украинца при вести о взятии Варшавы.,"СОМОВ, Орест Михайлович.",,,
38340,38341,16998,Голос ущелий.,"АЙВАЗЯН, Сурен Бахшиевич.",,,
38342,38343,16999,Голос человеческого духа: Рассказ.,"КОЛОДЯЖНЫИ, Яков.",,,
38344,38345,17000,Голоса: Книга лирики.,"КАЦ, Зель-ман Менделевич.",,,
38346,38347,17001,Голоса: Рассказы.,"БААЛЬ, Вольдемар Иванович.",,,
38348,38349,17002,Голоса: Сборник стихов.,"КОВАЛЬ-ДЖИ, Кирилл Владимирович.",,,
38350,38351,17003,Голоса: Стихи.,"ЗОТОВ, Анатолий Павлович.",,,
38352,38353,17004,Голоса в горах: Стихи и поэма.,"ДЖАББАРОВ, Джуманияз.",,,
38354,38355,17005,Голоса времени.,"ЖЕЛЕЗНЯК, Владимир Степанович.",,,
38356,38357,17006,Голоса дождей: Стихи.,"ОСИНИН, Владимир.",,,
38358,38359,17007,Голоса жизни: [Очерки. Фельетоны].,"РЯБОВ, Иван Афанасьевич.",,,
38360,38361,17008,Голоса жизни: Стихи.,МУХАММАД АЛИ.,,,
38362,38363,17009,Голоса жизни: (Три повести).,"НЕМИРОВИЧ-ДАНЧЕНКО, Василий Иванович.",,,
38364,38365,17010,Голоса земли: Очерки с натуры.,"ФАРЕСОВ, Анатолий Иванович.",,,
38366,38367,17011,Голоса земли: Роман.,"АТРЯН, Вартан Оганесович.",,,
38368,38369,17012,Голоса из окопов: Повести и рассказы.,"ЮСИФОВ, Абиль Мамедович.",,,
38370,38371,17013,Голоса мертвых: Пьеса в 4-х д.,"КАЗМИН-ВЬЮГОВ, Николай Васильевич (КАЗМИН, Николай Васильевич).",,,
38372,38373,17014,Голоса мертвых: Роман.,"ВОГЮЭ, Е. М. де (ВОГЮЭ, Эжен Мельхиор де).",,,
38374,38375,17015,Голоса мертвых и живых: Поэма рабочих предместий.,"НЕВСКИЙ, Владимир Иванович.",,,
38376,38377,17016,Голоса молодости: Три рассказа.,"ЯШНОВ, Евгений.",,,
38378,38379,17017,Голоса моря: Стихи.,"АЗАРОВ, Всеволод Борисович.",,,
38380,38381,17018,Голоса на ветру: Стихи.,"ЧИВИЛИХИН, Анатолий Тимофеевич.",,,
38382,38383,17019,Голоса на дорогах.,"ЗОРИН, Владислав Георгиевич.",,,
38384,38385,17020,Голоса на рассвете: Стихи и поэма.,УЙГУН.,,,
38386,38387,17021,Голоса ночи: [Рассказы].,"ЛИВЕН, Магда Густавовна.",,,
38388,38389,17022,"Голоса ночи: Стихотворения. 3-ОВ,",А. Н.,,,
38390,38391,17023,Голоса под окном: Роман.,ХИРН Д,,,жон.
38392,38393,17024,Голоса рабочих.,"ЛЕБЕДЕВ, Всеволод Владимирович.",,,
38394,38395,17025,Голоса расстояний: Лирика.,"БЕЛЯЕВ, Николай Николаевич.",,,
38396,38397,17026,Голоса расстояний: Стихи.,"БУРАВ-КИН, Геннадий Николаевич.",,,
38398,38399,17027,Голоса расстояний: Стихи.,"НАСУ-НОВ, Джангр Иванович.",,,
38400,38403,17028,Голоса родины.,"ВЕРНЕР, Элизабет. ",,Герой пера...,
38404,38405,17029,Голоса сельвы.,"КИРОГА, Орасио.",,,
38406,38407,17030,Голоса Сталинграда: Стихи и поэмы.,"КАНОАТОВ, Мумин (КАНОАТ, Му-мин).",,,
38408,38409,17031,Голоса стихий: Стихотворения.,"КОРОБИЦЫНА, Н.",,,
38410,38411,17032,Голоса тайги: Повесть.,"ЕФРЕМОВ, Павел Андреевич.",,,
38412,38413,17033,Голоса текстилей: Живая газета.,"БОБОВИЧ, Борис Владимирович.",,,
38414,38415,17034,Голоса тишины: Историко-географическая повесть.,"МИРОГЛОВ, Виктор Федорович.",,,
38416,38417,17035,Голоса травы: Повесть. Рассказы.,"КЭПОТ, Трумэн (КАПОТЕ, Трумэн).",,,
38418,38419,17036,Голоса травы: Стихи.,"ХАЛЗАНОВ, Барас.",,,
38420,38421,17037,Голосеевский лес: Драма в 3-х д.,"СОБКО, Вадим Николаевич.",,,
38422,38423,17038,Голосом сердца: Стихи.,"ДАВЫДОВ, Серафим Алексеевич.",,,
38424,38425,17039,Голосом сердца: [Стихи].,"КАРАПЕТЯН, Бабкен Карапетович.",,,
38426,38427,17040,Голосом сердца: [Стихи].,"ОЗЕРНЫЙ, Борис.",,,
38428,38429,17041,Голосую за лирику: Стихи.,"ШАРОВА, Татьяна Николаевна.",,,
38430,38431,17042,Голубая Аргунь: Роман.,"БАЛЯ-БИН, Василий Иванович.",,,
38432,38433,17043,Голубая береста: Стихи.,"АНТОШКИН, Евгений Александрович.",,,
38434,38435,17044,Голубая ваза.,"ЛЕБЕДЕВ, Александр Георгиевич.",,,
38436,38437,17045,Голубая валторна: Стихи.,"ЕЛКОВ, Александр Константинович.",,,
38438,38439,17046,Голубая волна: Стихи и песни.,"ЧАРСКАЯ, Лидия.",,,
38440,38441,17047,Голубая герцогиня: Роман.,"БУРЖЕ, Поль.",,,
38442,38443,17048,Голубая глубина: Книга стихов.,"ПЛАТОНОВ, Андрей.",,,
38444,38445,17049,Голубая глубина: Стихи.,"СЕЛЕЗНЕВ, Михаил Сергеевич.",,,
38446,38447,17050,Голубая дорога: Стихи.,"АЛИЕВА, Фазу Гамзатовна.",,,
38448,38449,17051,Голубая Елань: Роман.,"КОРОБЕЙНИКОВ, Иван Терентьевич.",,,
38450,38451,17052,Голубая жизнь.,"ГОРЬКИЙ, Максим.     ",,,-
38452,38453,17053,Голубая заводь: Рассказы.,"КАРАВАЕВА, Анна Александровна.",,,
38454,38455,17054,Голубая звезда: Пьеса в 4-х д. с прологом.,"БЕЛЯЕВ, Владимир Алексеевич, ЛИОЗНОВА, Татьяна Михайловна.",,,
38456,38457,17055,Голубая земля: Роман.,"ВАЛЬЦЕ-ВА, Анна.",,,
38458,38459,17056,Голубая змейка: Повесть.,"УСТЮГОВ, Анатолий Михайлович.",,,
38460,38461,17057,Голубая змейка: [Уральские сказы].,"БАЖОВ, Павел Петрович.",,,
38462,38463,17058,"Голубая зорька: Рассказы, очерки.","БОНДАРЕВ, Борис Григорьевич.",,,
38464,38465,17059,«Голубая искра» и другие рассказы.,"ПИЛЬЧЕВСКИЙ, А.",,,
38466,38467,17060,Голубая книга: [Рассказ].,"ЗОЩЕНКО, Михаил Михайлович.",,,
38468,38469,17061,Голубая книжка: Стихи для ребят.,"ЗЕМНОЙ, Вадим Павлович.",,,
38470,38473,17062,Голубая комната:    [Рассказы].,"МЕРИМЕ, Проспер.",,,
38474,38475,17063,Голубая кость.,"СТОНОВ, Дмитрий Миронович.",,,
38476,38477,17064,Голубая косынка: Записки работника милиции.,"ОБЛАКОВ, Алексей Романович.",,,
38478,38479,17065,Голубая красавица: Повесть.,"СНЕГИРЕВ, Иван Тимофеевич.",,,
38480,38481,17066,Голубая кровь: Пьеса в 4-х д.,"БИРБАУМ, Отто Юлиус.",,,
38482,38483,17067,Голубая лагуна: Роман.,"ДЕ-ВЭР-СТЭКПУЛЬ (СТЭКПУЛ, Генри де Вер).",,,
38484,38485,17068,Голубая лента: Повесть.,"ЛЯСКОВСКИЙ, Владимир Георгиевич.",,,
38486,38487,17069,Голубая лента: Роман.,"КЕЛЛЕРМАН, Бернгард.",,,
38488,38489,17070,Голубая лодка: Рассказы.,"КРИВЕНКО, Лев Александрович.",,,
38490,38491,17071,Голубая лошадь. Рассказы.,"МУСТАФИН, Ямиль Мустафьевич.",,,
38492,38493,17072,Голубая молния: Рассказы.,"БАКО-ВИКОВ, Александр Васильевич.",,,
38494,38495,17073,Голубая моя планета.,"ТИТОВ, Герман Степанович.",,,
38496,38497,17074,Голубая норка: Детектив в 3-х д. с прологом.,"СОЛОВЬЕВ, Владимир Александрович.",,,
38498,38499,17075,Голубая озимь: Повесть.,"НИКОНОВ, Николай Григорьевич.",,,
38500,38501,17076,Голубая пещера: Приключенческая повесть.,"ЗВЕРЕВ, Максим Дмитриевич, МАЦКЕВИЧ, Олег Васильевич.",,,
38502,38503,17077,Голубая планета.,"НИКИТИН, Сергей Константинович.",,,
38504,38505,17078,Голубая полынь.,"РОЗАНОВ, Сергей Константинович.",,,
38506,38509,17079,Голубая рапсодия: Комедия в 3-х д.,"ПОГОДИН, Николай.",,,
38510,38511,17080,Голубая река: [Повесть].,"ЮРЕ-ЗАНСКИИ, Владимир.",,,
38512,38513,17081,Голубая река: Роман.,ЧЕТВЕРИКОВ Д,,,"митрий (ЧЕТВЕРИКОВ, Борис Дмитриевич)."
38514,38515,17082,Голубая река: Стихотворения и поэмы.,"ШИВАЗА, Ясыр Джумазович.",,,
38516,38517,17083,Голубая Россия: Стихи.,"КРАСНОВ, Анатолий Михайлович.",,,
38518,38519,17084,Голубая сорока: Роман.,"СУРГУТСКАЯ, Екатерина Филипповна.",,,
38520,38521,17085,Голубая спаленка: Стихотворения.,"МИНЕЕВА-ТАТИЩЕВА, Е. Б. [!] (МИНЕЕВА, Евдокия Васильевна).",,,
38522,38523,17086,Голубая страна: Вторая книга стихов.,"КИРИЛЛОВ, Владимир Тимофеевич.",,,
38524,38525,17087,Голубая страна: Стихи.,"ЛЕДКОВ, Василий Николаевич.",,,
38526,38527,17088,Голубая стрекозка: (Сказ).,"ЕРМАКОВ, Иван Михайлович.",,,
38528,38529,17089,Голубая стрела: Повесть.,"ЧЕРНОСВИТОВ, Владимир Михайлович.",,,
38530,38533,17090,Голубая стремнина: Стихи.,"АГЕЕВ, Николай Егорович.",,,
38534,38535,17091,Голубая тайга.,"ВАНЕЕВ, Альберт Егорович.",,,
38536,38537,17092,Голубая тень белого камня: Повесть.,"ДОМБРОВСКИЙ, Анатолий Иванович.",,,
38538,38539,17093,Голубая тетрадка в клеточку: Комедия в 3-х д.,"КЛЫКОВА, Наталия Александровна.",,,
38540,38541,17094,Голубая тетрадь: Стихи.,"ЧАХО-ТИН, С.",,,
38542,38543,17095,Голубая тумбочка.,"ДАНЕЛИЯ, Борис Константинович.",,,
38544,38545,17096,Голубая улица: Стихи.,"МИШИН, Олег.",,,
38546,38547,17097,Голубая улица: Стихи.,"СУХОВ, Федор Григорьевич.",,,
38548,38549,17098,Голубая цапля: («Леди Джен»).,"ДЖЕМИСОН, Цецилия Вейт.",,,
38550,38551,17099,Голубая ящерица: Рассказ.,"МАРКОВ, Сергей Николаевич.",,,
38552,38553,17100,Голубель: Стихи.,УРАЗОВ. ,,,Измаил Алеев ич.
38554,38555,17101,Голубень.,"ЕСЕНИН, Сергей Александрович.",,,
38556,38557,17102,Голуби: Короткие рассказы.,"ДОБРЫНИН, Михаил Иванович.",,,
38558,38561,17103,Голуби: Приключение.,"ЮШКЕВИЧ, Семен Соломонович. ",Голубиное царство.,,
38562,38563,17104,Голуби: [Рассказ].,"КОЖЕВНИКОВ, Алексей Венедиктович.",,,
38564,38565,17105,Голуби: [Рассказ].,"ЛУЗГИН, Михаил Васильевич.",,,
38566,38567,17106,Голуби: Рассказ.,"ПТИЦЫН, Григорий Викторович.",,,
38568,38569,17107,Голуби: Рассказ из времен гражданской войны.,"КРУТИКОВ, Дмитрий Иванович.",,,
38570,38571,17108,Голуби: Рассказы.,"КОЛОСОВ, Михаил Макарович.        ",,,*
38572,38573,17109,Голуби в косую линейку.,"ДРУЦЭ, Ион Пантелеевич.",,,
38574,38575,17110,Голуби в небе.,"СЛАВИН, Наум Абрамович.",,,
38576,38577,17111,Голуби в траве: Роман; Теплица: Роман; Смерть в Риме: Роман.,"КЕППЕН, Вольфганг.",,,
38578,38579,17112,Голуби в цехе: Стихи.,"КОНЕЦКИЙ, Юрий Валерьевич.",,,
38580,38581,17113,"Голуби, голуби...","ПЕРОВСКИЙ, Николай Михайлович.",,,
38582,38583,17114,Голуби мира: Поездка за границу.,"МИКИТЕНКО, Иван Кондратьевич.",,,
38584,38585,17115,Голуби мира: Пьеса в 4-х д.,"ИВАНОВ, Всеволод Вячеславович.",,,
38586,38587,17116,Голуби над крышами; Матроска: Две повести.,"ГРЕКОВ, Александр.",,,
38588,38589,17117,Голубизна: Стихи.,"ГОЛОВИН, Анатолий Дмитриевич.",,,
38590,38591,17118,"Голубика моя, голубика: Стихи.","ЮНИЦКАЯ, Марина Сергеевна.",,,
38592,38593,17119,Голубиная книга: 1-я ч. Стих о голубиной книге; 42 загадки.,"ШАФРАНОВ, Адриан.",,,
38594,38595,17120,Голубиная книга: Пьеса в 3-х д.,"МАЙОРОВ, Иван Алексеевич.",,,
38596,38597,17121,Голубиная криница.,"ГИЛЕВИЧ, Нил Семенович.",,,
38598,38599,17122,Голубиная любовь.,"БОРАХВО-СТОВ, Василий Никитович.",,,
38600,38601,17123,Голубиная почта: Стихи.,"ЖДАНОВ, Игорь Николаевич.",,,
38602,38603,17124,Голубиная улица.,"БАБАКОВ, Све-томир.",,,
38604,38607,17125,Голубиное царство.,"ЮШКЕВИЧ, Семен Соломонович.                      ",,,'
38608,38609,17126,Голубиные годы: Повесть.,"РУТЬКО, Арсений Иванович.",,,
38610,38611,17127,Голубиный аэродром: Стихи.,"АФАНАСЬЕВ, Анатолий Павлович.",,,
38612,38613,17128,Голубиный взлет: Рассказы.,"НАУМЕНКО, Иван Яковлевич.",,,
38614,38617,17129,Голубица в гнезде орлином. (Загл. обл.).,"ЮНГ, Шарлотта Мэри (ИОНДЖ, Шарлотта Мэри). ",Голубица в орлином гнезде.,,
38618,38621,17130,Голубица в орлином гнезде: Исторический роман.,"ЮНГ, Шарлотта Мэри (ИОНДЖ, Шарлотта Мэри). ",,,Загл. обл: Голубица в гнезде орлином.
38622,38625,17131,Голубка: Детская повесть.,Имя авт. не установлено.,,,
38626,38627,17132,Голубка: [Роман].,"ПРИСТАВ-КИН, Анатолий Игнатьевич.",,,
38628,38629,17133,Голубка в клетке; Два нищих студента.,"МИКСАТ, Кальман.",,,
38630,38633,17134,Голубка Маня: Повесть.,Имя авт. не установлено.,,,
38634,38635,17135,Голубки и голубки: Оригинальный водевиль в 1-м д.,"АРС, Н. А.",,,
38636,38637,17136,Голубое волокно: Очерки о простых людях.,"ЛЕОНТЬЕВ, Борис Иванович.",,,
38638,38639,17137,"Голубое, золотое, дальнее: Лирика.","СКОСЫРЕВ, Петр Георгиевич.",,,
38640,38641,17138,Голубое и желтое.,"ЛИДИН, Владимир Германович.",,,
38642,38643,17139,Голубое и зеленое: Рассказы и очерк.,"КАЗАКОВ, Юрий Павлович.",,,
38644,38645,17140,Голубое и розовое: Пьеса в 4-х д.,"БРУШТЕЙН, Александра Яковлевна.",,,
38646,38647,17141,Голубое и розовое: [Фельетоны].,"НАРИНЬЯНИ, Семен Давыдович.",,,
38648,38649,17142,Голубое озеро: Повесть.,"ПАНКОВ, Евгений Петрович.",,,
38650,38653,17143,Голубое озеро: [Рассказ].,"ГОНЧАРОВ, Юрий Данилович. ",,Сын...,
38654,38655,17144,Голубое пекло: (Мученики-гуты). Повесть.,"НЕЧАЕВ, Егор Ефимович.",,,
38656,38657,17145,Голубое письмо: (Повесть).,НИКОЛАЕВИЧ.,,,
38658,38659,17146,Голубое пламя: Роман.,"БОКСЕР-МАН, Юрий.",,,
38660,38661,17147,Голубое свечение.,"СМАГИН, Борис Иванович.",,,
38662,38663,17148,Голубое утро: Повести.,"ЗОРИН, Валентин Николаевич.",,,
38664,38665,17149,Голубое чудо: Повести и рассказы.,"ХОЛЕНДРО, Дмитрий Михайлович.",,,
38666,38667,17150,"Голубое эхо: Стихи, поэма.","СУЛЕЙМАНОВА, Саджида Гадылыиевна.",,,
38668,38671,17151,Голубой    автобус:   Рассказы.,"ШИШКИН, Иван Александрович.",,,
38672,38673,17152,Голубой ажур: Стихи.,"АРЕЛЬ-СКИЙ, Грааль.",,,
38674,38675,17153,Голубой апрель: Стихи.,"БАШМАКОВ, Сергей Кузьмич.",,,
38676,38677,17154,Голубой апрель: Стихи.,"ФИЛИППОВ, Александр Павлович.",,,
38678,38681,17155,Голубой     берег.,"ТУШКАН, Ю. (ТУШКАН, Георгий Павлович), ЛОСКУТОВ, Михаил Петрович.",,,
38682,38683,17156,Голубой бычок.,"КОЛОСОВ, Алексей Иванович.",,,
38684,38687,17157,Голубой      вымпел: [Рассказы].,"МАРЧЕНКО, Вячеслав Иванович.",,,
38688,38689,17158,Голубой вымпел: Стихи.,"РОЖДЕСТВЕНСКИЙ, Игнатий Дмитриевич.",,,
38690,38691,17159,Голубой горизонт.,"ЗАХАРОВ, Георгий.",,,
38692,38693,17160,Голубой дым: Роман.,"ЛОГИНОВ-ЛЕСНЯК, Павел Семенович.",,,
38694,38695,17161,Голубой дымок вигвама.,"СТЕПАНЕНКО, Владимир Иванович.",,,
38696,38697,17162,Голубой Ирендык: Стихи.,"ВА-ЛИД, Батыр.",,,
38698,38699,17163,Голубой карбункул.,"ДОЙЛЬ, Артур Конан.",,,
38700,38703,17164,Голубой ковер:     [Сказание].,"ШПИРТ, Александр Исаакович.",,,
38704,38705,17165,Голубой ковер: Сказка в 3-х д.,"ЛЕСНАЯ, Лидия.",,,
38706,38709,17166,Голубой колокольчик.,"ЛЮБИЧ-КОШУРОВ, Иоасаф Арианович. ",,Приключения трех артистов...,
38710,38711,17167,Голубой конверт.,"ХАХАЛИН, Лев Александрович.",,,
38712,38713,17168,Голубой костер: Стихи.,"БОГДАНОВ, Вячеслав Алексеевич.",,,
38714,38715,17169,Голубой «Леопард».,"ПАШЕК, Мирко.",,,
38716,38717,17170,Голубой лиман: Повесть.,"МУРАТОВ, Николай Григорьевич.",,,
38718,38719,17171,Голубой луч: Роман.,"ДЕСБЕРИ, Лауренс Г.",,,
38720,38721,17172,Голубой маршрут.,"ЗЯБРЕВ, Анатолий Ефимович.",,,
38722,38723,17173,Голубой меридиан.,"САБИРОВ, Сафа Сабирович.",,,
38724,38725,17174,Голубой металл.,"ГОЛУБОВ, Сергей Николаевич, МОГИЛЕВСКИЙ, Борис.",,,
38726,38727,17175,Голубой мост: Стихи. Поэма.,"РУДЫЙ, Юрий Леонидович.",,,
38728,38729,17176,Голубой огонек.,"СИДОРЕНКО, Борис Алексеевич.",,,
38730,38731,17177,Голубой огонь.,"ОВЕЧКИН, Константин Севастьянович.",,,
38732,38733,17178,Голубой олень.,"ХОЛОДОВА, Клавдия Федоровна.",,,
38734,38735,17179,Голубой пакет: Приключенческая повесть.,"БРЯНЦЕВ, Георгий Михайлович.",,,
38736,38739,17180,Голубой период де Домье-Слита.,"СЭЛИНДЖЕР, Джером Дэвид. ",,Над пропастью во ржи...,
38740,38741,17181,Голубой песец: Рассказы.,"БАРЫШЕВ, Михаил Иванович.",,,
38742,38743,17182,Голубой плес: Повесть.,"БАГМУТ, Иван Адрианович.",,,
38744,38745,17183,Голубой плес: [Повесть].,"БОРОВИКОВ, Григорий Федорович.",,,
38746,38747,17184,Голубой поворот: Стихи.,"ШВЕЦ, Илья Андреевич.",,,
38748,38749,17185,Голубой простор: Повести.,"БОРИСОВ, Николай Васильевич.",,,
38750,38751,17186,Голубой родник: Повесть.,"КЕРИМОВ, Ибрагим Абдулкеримович.",,,
38752,38753,17187,Голубой сапфир.,"ДЕММЕНИ, С.",,,
38754,38755,17188,Голубой снег: Сборник одноактных пьес.,"СОЛОДАРЬ, Цезарь Самойло-вич.",,,
38756,38757,17189,Голубой цвет надежды: Повести.,"ТРЕТЬЯКОВ, Иван Поликарпович.",,,
38758,38759,17190,Голубой цветок: Роман.,"ПАСЫНКОВ, Лев Павлович.",,,
38760,38761,17191,Голубой цветочек: Фантастическая сказка.,ВЕРНЫЙ.,,,
38762,38763,17192,Голубой час: Очерки.,"ЗАДОРНОВ, Николай Павлович.",,,
38764,38765,17193,Голубой человек: Роман.,"ЛАГИН, Лазарь.",,,
38766,38767,17194,Голубой шарф: Рассказ.,"СОБОЛЕВ, Леонид Сергеевич.",,,
38768,38769,17195,Голубой экспресс: (Экспресс Нан-ник-Су-Чжоу). Кинорассказ.,"ИЕРИХО-НОВ, Леонид Леонидович.",,,
38770,38771,17196,Голубок: Повесть.,"КОЦЕБУ, Август Фридрих.",,,
38772,38773,17197,Голубок: Рассказ для детей.,"ПЛИСКИИ, Николай Н.",,,
38774,38775,17198,Голубоснежник.,"МАРЬЯНОВА, Мальвина Мироновна.",,,
38776,38777,17199,Голубчик! Еще рюмочку!..: Рассказ.,"БОГДАНОВИЧ, Лев Алексеевич.",,,
38778,38779,17200,Голубчики: Рассказы.,"ЛЕЙКИН, Николай Александрович.",,,
38780,38781,17201,Голубые березы: Стихи и поэма.,"АКВИЛЕВ, Анатолий Александрович.",,,
38782,38783,17202,Голубые брызги: Рассказ.,"АЛЕКСАНДРОВ, Г.",,,
38784,38785,17203,Голубые высоты: Стихи и поэмы.,"БОРИСКИН, Николай Митрофанович.",,,
38786,38787,17204,Голубые голуби: (Поэма для чтения с эстрады).,"АДУЕВ, Николай.",,,
38788,38791,17205,Голубые  города.,"ТОЛСТОЙ, Алексей Николаевич.",,,
38792,38793,17206,Голубые горы: (В погоне за счастьем). Комедия в 4-х д.,"ГАЛЬБЕ, Макс.",,,
38794,38795,17207,Голубые горы: Рассказы.,"САНГИ, Владимир Михайлович.",,,
38796,38797,17208,Голубые дали: Стихи.,"ОРМАНОВ, Гали.",,,
38798,38801,17209,Голубые  дали: Стихотворения.,"ГАВРИЛОВ-ЛЕБЕДЕВ, Петр.",,,
38802,38803,17210,Голубые дельты: Стихи.,"ДЕГУ-ТИТЕ, Янина Стасисовна.",,,
38804,38805,17211,Голубые дни.,"СОКОЛОВ-МИКИ-ТОВ, Иван Сергеевич.",,,
38806,38809,17212,Голубые  долины.,"МУХАЧЕВ, Илья Андреевич.",,,
38810,38811,17213,Голубые дороги: [Документальные очерки].,"БИРЮКОВ, Виктор Павлович.",,,
38812,38813,17214,Голубые дороги: Очерк.,"ЯКОВЛЕВ, Евгений Максимович.",,,
38814,38815,17215,Голубые дороги: Стихи.,"ОБОЙЩИКОВ, Кронид Александрович.",,,
38816,38817,17216,Голубые дороги веков.,"НИКИТИН, Андрей Леонидович.",,,
38818,38819,17217,Голубые звезды: Повести и рассказы.,"ПАНТЕЛЕЕВ, Иван Иванович.",,,
38820,38821,17218,Голубые звуки и белые поэмы. ГР.,"АЛЕКСИС ЖАСМИНОВ (БУРЕНИН, Виктор Петрович).",,,
38822,38823,17219,Голубые земли: Путевые зарисовки. Раздумья. Рассказы.,"ВАГНЕР, Николай Петрович.",,,
38824,38825,17220,Голубые конверты.,"ЛЕВИН, Борис Михайлович.",,,
38826,38827,17221,Голубые корабли: Повесть.,"ГВОЗДЕВ, Альбин Александрович.",,,
38828,38829,17222,Голубые корабли: Повесть.,"САВ-ВАТЕЕВ, Александр Петрович.",,,
38830,38831,17223,Голубые листки: Роман.,"БРАЖ-НИН, Илья.",,,
38832,38833,17224,Голубые мили.,"БЕЛЕНКОВИЧ, Ким Зиновьевич.",,,
38834,38835,17225,Голубые молнии: [Документальная повесть].,"КОЗЫРИН, Владимир Александрович.",,,
38836,38837,17226,Голубые молнии: [Роман].,"КУЛЕШОВ, Александр.",,,
38838,38839,17227,Голубые наличники: Роман.,"ПЛА-ТАНОВА, Лидия Ивановна.",,,
38840,38841,17228,"Голубые ночи: Рассказы, заметки о природе и охоте.","КОРНЕЕВ, Алексей Никифорович",,,
38842,38843,17229,Голубые овцы: Рассказы. Повесть.,"ГУЦАЛО, Евген (ГУЦАЛО, Евгений Филиппович).",,,
38844,38845,17230,Голубые огни: Роман.,"МОЛОСТ-НОВ, Геннадий Модестович.",,,
38846,38847,17231,Голубые огни: Стихи и поэма.,"МАКСИМОВ, Марк Давыдович.",,,
38848,38849,17232,Голубые огоньки: (Очерки).,"СВИРИДОВ, Михаил Иванович.",,,
38850,38851,17233,Голубые озера: Роман.,"ДОВИ-ДАИТИС, Ионас.",,,
38852,38853,17234,Голубые олени: Повесть о любви в 2-х д.,"КОЛОМИЕЦ, Алексей Федотович.",,,
38854,38855,17235,Голубые острова: Стихи.,"ЛОГУНОВ, Алексей Андреевич.",,,
38856,38857,17236,Голубые параллели: Лирика.,"ОСТРОУМОВА, Ада Федоровна.",,,
38858,38859,17237,Голубые параллели: Стихи.,"КИРИЛЛОВ, Николай Иванович.",,,
38860,38861,17238,Голубые паруса: Сказки.,"ПАНЬ-КИН, Иван Федорович.",,,
38862,38863,17239,Голубые перевалы: Стихи.,"СОРОКИН, Валентин Васильевич.",,,
38864,38865,17240,Голубые пески: Роман.,"ИВАНОВ, Всеволод Вячеславович.",,,
38866,38867,17241,Голубые песцы: Повести и рассказы.,"РЫТХЭУ, Юрий",,,! Сергеевич.
38868,38869,17242,Голубые поля.,"МАКАРОВ, Иван Иванович.",,,
38870,38871,17243,Голубые потемки.,"ЛЕОНОВ, Николай Иванович.",,,
38872,38873,17244,Голубые пристани: Новые стихи.,"РЕШЕТНИКОВ, Леонид Васильевич.",,,
38874,38875,17245,Голубые просторы: Рассказы.,"МА-ЛЕВИНСКИЙ, Юрий Николаевич.",,,
38876,38877,17246,Голубые расстояния: Стихи и поэма.,"БУГОРКОВ, Степан Степанович.",,,
38878,38879,17247,Голубые решетки: Стихи.,"ПАНКРАТОВ, Сергей.",,,
38880,38881,17248,Голубые родники: От истоков до устья Дона.,"МОЛОЖАВЕНКО, Владимир Семенович.",,,
38882,38883,17249,Голубые Саяны: Рассказы и очерки.,"КЕРДОДА, Алексей Иосифович.",,,
38884,38885,17250,Голубые сказки.,"ЛАБУЛЭ, Эдуард Рене Лефевр де.",,,
38886,38887,17251,Голубые скалы: Стихи.,"РАДЕ-ВИЧ, Борис Леонидович.",,,
38888,38889,17252,Голубые снега: [Стихи].,"ЛАПЦУЙ, Леонид Васильевич.",,,
38890,38891,17253,Голубые снега: Стихи.,"ПАХОМОВ, Александр Иванович.",,,
38892,38893,17254,Голубые солдаты.,"ИГНАТОВ, Петр Карпович.",,,
38894,38895,17255,Голубые сопки: Роман.,"БАЛ-ДАНЖАБОН, Жамьян Балданович.",,,
38896,38897,17256,Голубые сугробы: Роман.,"ШКЕ-РИН, Михаил Романович.",,,
38898,38899,17257,Голубые угли: Лиризы.,"ВИШНЯКОВ, Владимир Андреевич.",,,
38900,38901,17258,Голубые цвета.,"ТОТОВЕНЦ, Ваан Оганесович.",,,
38902,38903,17259,Голубые широты: Стихотворения.,"СНЕГИН, Дмитрий Федорович.",,,
38904,38905,17260,Голубые этажи: Пьеса в 1-м д.,"ВИТАРСКИЙ, Николай.",,,
38906,38909,17261,Голубые эшелоны:    Рассказы.,"ПАНЧ, Петро.",,,
38910,38911,17262,Голубые яйца.,"КРУЧЕНЫХ, Алексей Елисеевич.",,,
38912,38913,17263,Голубь: Вторая книга стихов.,"БАМДАС, Моисей Меерович.",,,
38914,38915,17264,Голубь: Рассказ.,"ШВЕДЕР, Евгений Иосифович.",,,
38916,38917,17265,Голубь: Стихи и поэмы.,"СЭНГЭЭ, Дашцэвэгийн.",,,
38918,38919,17266,Голубь моего детства.,"ВАСИЛЬЕВ, Сергей Александрович.",,,
38920,38921,17267,Голубь на башне: Стихи.,"ВЕЛЮ-ГИН, Анатолий Степанович.",,,
38922,38923,17268,Голубь пропадает в тумане: Повесть.,"РОЗАНОВ, Владимир.",,,
38924,38925,17269,Голубь сизокрылый: Стихи и басни.,"БЫКАДОРОВ, Михаил Давыдович.",,,
38926,38927,17270,Голубь чистый: Исторический роман из эпохи Елизаветы Петровны.,"МАУ-РИН, Евгений Иванович.",,,
38928,38929,17271,Голубятники; Арапка: Рассказ.,"ТЕПЛОВ, Константин Александрович.",,,
38930,38931,17272,Голутвенные и земские люди (1608—1613 гг.).,"РАЗИН, Алексей Егорович.",,,
38932,38933,17273,Голые деревья.,"СКОУ-ХАНСЕН, Таге.",,,
38934,38935,17274,Голые короли: Роман с эпилогом.,"НИКУЛИН, Лев.",,,
38936,38937,17275,Голый год: Роман.,"ПИЛЬНЯК, Борис.",,,
38938,38939,17276,Голый король: Повести.,"КАЙКО, Такэси.",,,
38940,38941,17277,Голый король: [Рассказ].,"ЖИТКОВ, Борис Степанович.",,,
38942,38943,17278,Голый король: Роман.,"АДЕС, Альберт.",,,
38944,38945,17279,Голый остров: Повесть.,"КОВАЛЕВ, Лев.",,,
38946,38949,17280,Голый факт: Комедия-шутка в 3-х д.,"СОНАЛЬ, Марк, МОРО, Анри.",,,
38950,38951,17281,Голый факт: (Новая редакция пьесы «Враль»). Комедия-водевиль в 2-х ч. с музыкой.,"ОСНОС, Юрий Александрович.",,,
38952,38953,17282,Голый факт: [Рассказ].,"БОЛЬШАКОВ, Константин Аристархович.",,,
38954,38955,17283,Голый человек: Комедия в 4-х д.,"ЮРЬИН, Юр.",,,
38956,38957,17284,Голый человек: Рассказы.,"СЕМЕНОВ, Сергей Александрович.",,,
38958,38959,17285,Голый человек: Роман.,"РЕЙЯР, Габриэль.",,,
38960,38961,17286,Голый человек: Украинское происшествие.,"СЛЕЗКИН, Юрий Львович.",,,
38962,38963,17287,Голыш: Роман.,"ГОМАНОВ, Вас.",,,
38964,38965,17288,Голышка.,"СТАРЦЕВ, В. С.",,,
38966,38967,17289,Голь: Роман в 2-х ч. Ч. 1—2.,"ШЕЛЛЕР-МИХАЙЛОВ, Александр Константинович.",,,
38968,38969,17290,"Голь на выдумки хитра: Рассказ о том, как одного бедняка простая иголка сначала выучила, потом выручила.","БАЛАГУР, Фома.",,,
38970,38971,17291,Голь перекатная: Веселые народные сказки.,"СОКОЛОВ-МИКИТОВ, Иван Сергеевич.",,,
38972,38975,17292,Голь перекатная:   [Рассказ].,"ЯКОВЛЕВ, Александр.",,,
38976,38977,17293,Голь перекатная: Рассказы.,"ЛЕЙКИН, Николай Александрович.",,,
38978,38979,17294,Голь хитра на выдумки: Ч. 1—2.,"МАШКОВ, Петр Алексеевич.",,,
38980,38981,17295,Гольфстрем и фиорды.,"МИНД-ЛИН, Эмилий Львович.",,,
38982,38983,17296,Гольфштрем: Фантастическая повесть.,"ПАЛЕИ, Абрам Рувимович.",,,
38984,38985,17297,Гомеопат и аллопат: Шутка-водевиль в 1-м акте.,"ГОЛУБИН, Петр.",,,
38986,38987,17298,Гомон степей: Роман.,"БЕСПАЛЫЙ, Василь Григорьевич.",,,
38988,38989,17299,Гомункулюс: Волшебный шарик. Стихи о нерожденном.,"НЕКРАСОВ, Николай Владимирович.",,,
38990,38991,17300,Гон: Пьеса в 3-х д.,"ФИБИХ, Даниил Владимирович.",,,
38992,38993,17301,Гон: [Стихи].,"ДОЗОРЦЕВ, Владлен Леонидович.",,,
38994,38995,17302,Гонг: Поэзия.,"ШЕНГЕЛИ, Георгий Аркадьевич.",,,
38996,38997,17303,Гонг: Стихи.,"БЕЛАШ, Борис Федорович.",,,
38998,38999,17304,Гонг: Стихи.,"ОЛЕЙНИК, Борис Ильич.",,,
39000,39001,17305,Гондольер поет страданье: Стихи.,"ВАСИЛЬЕВ, Сергей Александрович.",,,
39002,39003,17306,Гонение на рыжих.,"ЯКОВЛЕВ, Юрий Яковлевич.",,,
39004,39005,17307,Гонец: Исторический рассказ из времен царствования императора Петра П-го.,"ФУРМАН, Петр Романович.",,,
39006,39007,17308,Гонец: Роман.,"АЛИМЖАНОВ, Ануар Турлубекович.",,,
39008,39009,17309,Гонец: Стихи.,"БАЛАШОВ, Эдуард Владимирович.",,,
39010,39011,17310,Гонзалв Кордуанский или Возвращенная Гренада: Ч. 1—3.,"ФЛОРИАН, Жан Пьер Клари.",,,
39012,39013,17311,Гонимые: «Гимн нищеты». Драма в 4-х д. из жизни евреев.,"БЕЛАЯ, Софья (БОГДАНОВСКАЯ, Софья Николаевна).",,,
39014,39015,17312,Гонка.,"ВЕЙНЕР, Петр Аркадьевич.",,,
39016,39017,17313,Гонка амуров: Шутка в 1-м д.,"МАТТЕРН, Э. Э. (МАТЕРИ, Эмилий Эми-лиевич).",,,
39018,39019,17314,Гонки: Рассказ.,"ТИХОНОВ-МОРДВИН, В. А. (ТИХОНОВ, Владимир Алексеевич) .",,,
39020,39021,17315,Гонки по вертикали: Роман.,"ВАЙНЕР, Аркадий Александрович, ВАЙНЕР, Георгий Александрович.",,,
39022,39023,17316,Гонцы весны: [Драма в 4-х д. с прологом].,"ГУТОРОВИЧ, Александр Владимирович.",,,
39024,39025,17317,Гонцы весны: Пьеса в 3-х д.,"КЫЧАКОВ, Иван Спиридонович.",,,
39026,39027,17318,Гонцы весны: [Стихи].,"КЫЧАКОВ, Иван Спиридонович.",,,
39028,39029,17319,Гончарный круг: Стихи.,"ВЫШЕСЛАВСКИЙ, Леонид Николаевич.",,,
39030,39031,17320,Гончарный круг: Стихи.,"КОДРУ, Анатол (КОДРУ, Анатолий Иванович).",,,
39032,39033,17321,Гончарный круг: Стихи.,"ШЕВЕЛЕВ, Александр Александрович.",,,
39034,39035,17322,Гончие Бафута.,"ДАРРЕЛЛ, Джеральд.",,,
39036,39037,17323,Гора: Роман.,"ТАГОР, Рабиндранат.",,,
39038,39039,17324,Гора: Роман из египетской жизни.,"ЛЕСКОВ, Николай Семенович.",,,
39040,39041,17325,Гора виноградная: Повесть.,"КОЗМЕСКУ, Александр Александрович.",,,
39042,39043,17326,Гора Крутая: Рассказ.,"БОГДАНОВ, Николай Владимирович.",,,
39044,39045,17327,Гора лунного духа: (Побежденные боги). Фантастический роман.,"ЯЗВИЦКИЙ, Валерий Иоильевич.",,,
39046,39047,17328,Гора Орлиная: Роман.,"МУРЗИДИ, Константин Гаврилович.",,,
39048,39049,17329,"Гора, поросшая дроком.","БУРБУН, Мурад.",,,
39050,39051,17330,Гора пришла к Магомету: Стихи.,"ИСХАК, Ахмет.",,,
39052,39053,17331,"Гора с горой не сходится, а человек с человеком сходится.","ШМЕЛЕВ, П. П.",,,
39054,39055,17332,Гора счастья: Пьеса в 4-х д.,"ЯНОВСКИЙ, Евгений Григорьевич.",,,
39056,39057,17333,Гора Хорив: Роман.,"ДЮАМЕЛЬ, Жорж.",,,
39058,39059,17334,Гора-человек.,"САВИН, Лев Исаевич.",,,
39060,39061,17335,Гора чудес: Индийская повесть.,"КОРДЕЛИА (ТРЕВЕС, Виргиния).",,,
39062,39063,17336,Гораздо тихий государь: Исторический роман.,"ШИЛЬДКРЕТ, Константин Георгиевич.",,,
39064,39065,17337,Горас Сольтоун: Роман.,"ТЕККЕРЕЙ, Вильям (ТЕККЕРЕИ, Уильям Мейк-пис).",,,
39066,39067,17338,Гораций: Трагедия в 5-ти д.,"КОРНЕЛЬ, Пьер.",,,
39068,39069,17339,Гораций и Лидия: (Ода Горация). Комедия в 1-м д.,"ПОНСАР, Франсуа.",,,
39070,39071,17340,Горб невидимый.,"ДОЛЬСКИЙ, Евграф.",,,
39072,39073,17341,Горбатого могила исправит: (Женится — переменится). Картины петербургской жизни в 3-х отд.,"ТРОФИМОВ, Александр.",,,
39074,39075,17342,Горбатый дипломат; Жан Дюбен и Анджело Финкельштейн: Две миниатюры.,"ТОПУЗ, Наум Исаевич, ЛАВРОВ, С. Л. (БЫСТРИЦКИЙ, Семен Львович).",,,
39076,39077,17343,Горбатый Карл; Смерть Мюллера.,"ЯБЛОЧКОВ, Г.",,,
39078,39079,17344,Горбатый медведь: Роман.,"ПЕРМЯК, Евгений.",,,
39080,39081,17345,Горбун: Драма в 5-ти актах (1829).,"ЛАЖЕЧНИКОВ, Иван Иванович.",,,
39082,39085,17346,Горбун: Драматический эскиз в 3-х д.,"КАРПИНСКАЯ, Вера Николаевна.",,,
39086,39087,17347,Горбун: Повесть.,"КЛЯГИН, Константин Иванович.",,,
39088,39093,17348,Горбун: [Рассказ].,"ЛЕВИТОВ, Александр Иванович. ",,Моя фамилия...,
39094,39095,17349,Горбун: Рассказ из времен 1812 года.,"ПРОХОЖЕВ, С. М.",,,
39096,39099,17350,Горбун: Роман из    московской жизни.,"СОКОЛОВ, Александр Алексеевич.",,,
39100,39101,17351,Горбун-душегубец: Быль.,"БЕЗДОЛЬНЫЙ, И. С. (ХОДОРОВСКИЙ, Иван С.).",,,
39102,39105,17352,Горбун или Выбор невесты.,"СОЛЛОГУБ, Владимир Александрович. ",,Беда от нежного сердца...,
39106,39107,17353,Горбун Яша: (Из воспоминаний книгоноши). Рассказ.,"СТАРИНИН, И. И.",,,
39108,39111,17354,Горбунчик: Рассказ из детской жизни.,Имя авт. не установлено.,,,
39112,39113,17355,Горбунья.,"МИШО, Андре.",,,
39114,39115,17356,Горбуша; Андреич и Андрейка: Рассказы из жизни наборщиков.,"БОРОВСКИЙ, Федор Федорович.",,,
39116,39117,17357,Горбушка: Рассказ.,"ЖИЛКИН, Иван Васильевич.",,,
39118,39119,17358,Гордая волна: Стихи и поэма.,"ХА-МЕТОВА, Ханбиче Шифрагимовна.",,,
39120,39121,17359,Гордая земля: Рассказы.,"КОПЫЛЕНКО, Александр Иванович.",,,
39122,39123,17360,Гордая Ксения: Рассказы.,"КАРАВАЕВА, Анна Александровна.",,,
39124,39125,17361,Гордая любовь: Повесть.,"ИЛЬИЧЕВ, Яков.",,,
39126,39127,17362,Гордая любовь: Рассказы.,"ЧЕБА-ЛИН, Петр Львович.",,,
39128,39129,17363,Гордая любовь моя: Рассказы.,"ПАНФЕРОВ, Ким Федорович.",,,
39130,39133,17364,Гордая пальма: Сказка.,"ГАРШИН, Всеволод Михайлович. ",Бразильская пальма.,,
39134,39135,17365,Гордая песня: Охотничьи рассказы.,"КОБЯКОВ, Григорий Григорьевич.",,,
39136,39137,17366,Гордая фамилия: Повесть.,"НИ-КУЛЬКОВ, Анатолий Васильевич.",,,
39138,39139,17367,Гордая фамилия: Рассказы.,"ШИШКОВ, Вячеслав Яковлевич.",,,
39140,39145,17368,Гордая штопальная игла.,"АНДЕРСЕН, Ганс-Христиан. ",,Бесстрашный оловянный солдат... Изд. также под заглавиями: Игла; Штопальная игла; Штопальная иголка.,
39146,39147,17369,Гордеева дочка: Рассказ.,"ЗЛОБИНА, Ирина Васильевна.",,,
39148,39149,17370,Гордей-лесовик.,"ЖЕЛИХОВСКАЯ, Вера Петровна.",,,
39150,39151,17371,Гордей Титов: Пьеса в 5-ти д.,"ЛЕОНОВ, Михаил Петрович.",,,
39152,39153,17372,Гордиев узел: Комедия в 5-ти д.,"ОПОЧИНИН, Петр Алексеевич.",,,
39154,39157,17373,Гордиев узел: Пьеса в 5-ти д.,"ЭРВЬЕ, Поль. ",Лабиринт.,,
39158,39159,17374,Гордиев узел: Роман.,"ЩЕГЛОВ, Иван.",,,
39160,39161,17375,Гордиев узел: (Роман из уголовной хроники).,"ХРУЩОВ-СОКОЛЬНИКОВ, Гавриил Александрович.",,,
39162,39163,17376,Гордимся Родиной.,"ТРАВУШКИН, Николай Сергеевич.",,,
39164,39165,17377,Гордое сердце: Комедия в 3-х д.,"АНТРОПОВ, Лука Николаевич.",,,
39166,39167,17378,Гордое слово: Рассказы о товариществе и дружбе.,"ВОДОПЬЯНОВ, Михаил Васильевич.",,,
39168,39171,17379,Гордость: Драматические сцены в 4-х д.,"ГЛАДКОВ, Федор Васильевич.",,,
39172,39173,17380,Гордость: Один из семи смертных грехов. Роман.,"СЮ, Евгений (СЮ, Эжен).",,,
39174,39175,17381,Гордость: Рассказы.,"БАБАЕВСКИЙ, Семен Петрович.",,,
39176,39177,17382,Гордость; Сегодня в десять: Повести.,"ПАРЫГИНА, Наталья Деомидовна.",,,
39178,39179,17383,Гордость: Стихи.,"АСТАФЬЕВА, Наталья Георгиевна.",,,
39180,39181,17384,Гордость: Стихи.,"ЖЕЛЕЗНОВ, Павел Ильич.",,,
39182,39183,17385,Гордость: [Стихи].,"КРАВЦОВ, Александр Федорович.",,,
39184,39189,17386,Гордость города: Комедия в 5-ти д.,"ВИД, Густав Иоханнес. ",Гордость нашего города.,,
39190,39191,17387,Гордость и предубеждение.,"ОСТИН, Джейн.",,,
39192,39193,17388,Гордость нашего города: Комедия-сатира в 5-ти д.,"ВИД, Густав Иоханнес.",,,
39194,39195,17389,Гордость погубила: Историческая драма в 5-ти д. Смоленское предание из времен XVII века; Сила женщины: Драма в 5-ти д. из раскольничьей жизни.,"МОИСЕЕВ, Вячеслав.",,,
39196,39197,17390,Гордость цеха.,"БАРНОВ, Василий Захарьевич (БАРНОВИ, Василий Захарович).",,,
39198,39199,17391,Гордубал: Повесть.,"ЧАПЕК, Карел.",,,
39200,39201,17392,Гордые вершины: Стихи.,"КАХХО-РИ, Абдужаббор.",,,
39202,39203,17393,Гордые люди: [Рассказы].,"ЛОСЕВ, Валентин Александрович.",,,
39204,39205,17394,Гордые люди: Рассказы.,"МАЛКИН, Леонид Григорьевич.",,,
39206,39207,17395,Гордые люди: Стихи.,"ПОНОМАРЕВ, Алексей Владимирович.",,,
39208,39209,17396,Гордый человек: Повесть.,"СИМОНОВ, Константин Михайлович.",,,
39210,39211,17397,Гордый человек: Повесть; Испытание славой: Роман.,"КРЮКОВ, Виктор Иванович.",,,
39212,39213,17398,Гордыня и туча: Пьеса в 3-х д.,"СОРИА, Жорж.",,,
39214,39215,17399,Гордячка: Пьеса в 2-х ч.,"ЯН, Тамара Германовна.",,,
39216,39219,17400,Горе: [Рассказ].,"ОЛОХОВА, О. И. ",,Права ли она?..,
39220,39221,17401,Горе: Рассказ.,"ЧЕХОВ, Антон Павлович.",,,
39222,39223,17402,Горе-богатырь: Рассказ.,"ПОТАПЕНКО, Игнатий Николаевич.",,,
39224,39225,17403,Горе-горькое.,"НЕВЕРОВ, Александр.",,,
39226,39227,17404,Горе греха: (Дуэль). Обрывок жизни в 2-х карт.,"КРАШЕНИННИКОВ, Николай Александрович.",,,
39228,39231,17405,Горе девушек: Рассказ.,Имя авт. не установлено.,,,
39232,39233,17406,Горе дну: Юмористические рассказы.,"РЫКЛИН, Григорий Ефимович.",,,
39234,39237,17407,Горе забытой крепости: Исторический роман из времен Кавказской войны.,"НЕМИРОВИЧ-ДАНЧЕНКО, Василий Иванович. ",Забытая крепость: Том П-й. Горе забытой крепости.,,
39238,39239,17408,Горе-завоеватель или Немецкие свиньи в русском мешке: Стихотворения о Вильгельме и его шайке.,"ЯНОВ-ВИТЯЗЬ, П. Н. (ЯНОВ, П. Н.).",,,
39240,39241,17409,Горе-злосчастье: Мать и сын. (История пьяницы); Что пьяница сделал с женой и детьми.,"МИХАИЛ [СЕМЕНОВ, Павел Васильевич].",,,
39242,39243,17410,Горе и радость: Рассказы.,"БЕЗОБРАЗОВА, Мария Сергеевна.",,,
39244,39245,17411,Горе и радость: Рассказы и повести.,"АПРАКСИН, Александр Дмитриевич.",,,
39246,39251,17412,Горе идущим! Горе ушедшим...: Повесть в 2-х ч.,"ВЕРБИЦКАЯ, Анастасия Алексеевна. ",Горе ушедшим.,,
39252,39253,17413,Горе любви: Повести и рассказы.,"ЛЕНСКИЙ, Владимир.",,,
39254,39255,17414,Горе матери-посадницы: (Из двинских и новгородских преданий).,"ВОЛКОВА, Е. Ф.",,,
39256,39259,17415,Горе-механик.,"ДЖЕКОБС, Вильям Вимарк. ",,Счастливый конец...,
39260,39263,17416,Горе-молодец: Народная драма в 3-х д.,"КОЧЕТКОВ, Евграф Иванович.",,,
39264,39265,17417,Горе молодого Ндаро.,"ЧЕГЛОК, Александр.",,,
39266,39267,17418,Горе на моторе: Сатира и юмор.,"ЧИСТЯКОВ, Алексей Михайлович.",,,
39268,39269,17419,Горе Натальи: Рассказ.,"В. Л. (ЛЕВИНА, В.).",,,
39270,39271,17420,Горе одному: Роман в 2-х кн.,"ДУБОВ, Николай Иванович.",,,
39272,39275,17421,"Горе от безделья: Трагедия в 3-х д., составленная из современной жизни.","ПСКОВИТЯНКА (ВАСИЛЬЕВА, А. С.).",,,
39276,39279,17422,Горе от благоразумия: Комедия в 1-м д.,"ТИМКОВСКИИ, Николай Иванович.",,,
39280,39281,17423,Горе от глупости: Драматическая сатира; Чтение в обществе «Бедлам — модерн»: Поэтические козероги и скорпионы.,"БУРЕНИН, Виктор Петрович.",,,
39282,39283,17424,Горе от жены: Рассказ.,"ЗОТОВ, Михаил.",,,
39284,39285,17425,Горе от современности: Водевиль в 1-м д. для театра миниатюр.,"ГЕЙДУ-ШЕК, Ольга.",,,
39286,39287,17426,Горе от тещи или Женись да оглядывайся: Комедия-водевиль в 1-м д.,"ГРИГОРЬЕВ, Петр Иванович.",,,
39288,39289,17427,Горе от ума: Комедия в 4-х д. в стихах.,"ГРИБОЕДОВ, Александр Сергеевич.",,,
39290,39291,17428,Горе от ума: [Рассказ].,"БАР-КОВ (ЗОТОВ, Михаил).",,,
39292,39293,17429,Горе от ума через пятьдесят лет после Грибоедова: Комедия в 4-х д. с заимствованием у Грибоедова.,"КУНИЦКИЙ, Владимир Николаевич.",,,
39294,39295,17430,Горе отца Никодима: (Картина с натуры).,"БАРАКШИН, Александр А.",,,
39296,39301,17431,Горе побежденным: Комедия в 3-х д.,Имя авт. не установлено.,,,
39302,39305,17432,Горе профессионала.,"АВЕРЧЕНКО, Аркадий Тимофеевич. ",,Очередной рассказ...,
39306,39307,17433,"Горе, радость и покой: Рассказ.","АНДРЕЯНОВ, Н. В.",,,
39308,39309,17434,Горе русского театра: Потеря актера Александра Евстафьевича Мартынова. Стихотворение.,"ЕЛИЗАРОВСКИЙ, Александр.",,,
39310,39311,17435,"Горе — с море, радость — с океан: (Исторический рассказ).","СОЛОВЬЕВ, Н. Ив.",,,
39312,39313,17436,"Горе сел, дорог и городов: Повести, рассказы, очерки и картины.","ЛЕВИТОВ, Александр Иванович.",,,
39314,39315,17437,Горе Селима: Рассказ.,"ОРЛОВСКИЙ, Сергей (ШИЛЬ, Софья Николаевна).",,,
39316,39319,17438,Горе старого кабана.,"ЗЛАТОВ-РАТСКИИ, Николай Николаевич. ",,Деревенский король...,
39320,39321,17439,Горе старого Наума: Волжская быль.,"НЕКРАСОВ, Николай Алексеевич.",,,
39322,39323,17440,Горе-учителя: Комедия в 1-м д.,"НЕОН (ГОРОДНЯ, Василий) (ГРЕЧИН-СКИЙ, Василий Павлович).",,,
39324,39327,17441,Горе ушедшим. (Загл. обл.).,"ВЕРБИЦКАЯ, Анастасия Алексеевна. ",Горе идущим! Горе ушедшим.,,
39328,39329,17442,Горели костры: Роман.,"АЛПАТОВ, Михаил Антонович.",,,
39330,39331,17443,Горелый Бор: Роман. В 2-х кн.,"ЖЕРНАКОВ, Николай Кузьмич.",,,
39332,39335,17444,Горелый день: Поэма в 2-х ч. вре- мен начала XVII-ro столетия.,"ДИВАВИН, М.              .",,,
39336,39337,17445,Горемыка Павел: Повесть.,"ГОРЬКИЙ, Максим.",,,
39338,39341,17446,Горемыка-скиталец:    Драма в 5-ти д.,"БОЯРКОВ, Николай Афанасьевич.",,,
39342,39345,17447,Горемыки благодатного острова.,Имя авт. не установлено.,,,
39346,39347,17448,Горемычные: Исторический рассказ времен царствования Бориса Годунова.,"МАКАРОВА, София Марковна.",,,
39348,39349,17449,Горемычные: [Рассказы].,"ЯЗЕВ, В. В.",,,
39350,39351,17450,Горемычные приключения одного безродного и беспаспортного: Рассказ.,"ХМЕЛЕВА, Ольга Неоновна.",,,
39352,39353,17451,Горение: Стихи.,"СКАЛБЕ, Арвид Андреевич.",,,
39354,39355,17452,Горение: Стихи и поэма.,"МУТА-ЛИЕВ, Хаджи-Бекир.",,,
39356,39359,17453,Горести Тараса: Детство и жизнь Т. Г. Шевченко.,"ЧЕРСКИЙ, Леонид Федорович.                          ",,,*
39360,39361,17454,"Горести Тома Донстона, и как он перенес их: Роман.",ЭЛЛОАРТ.,,,
39362,39363,17455,Горестная жизнь Франсуа Вийона: Роман.,"КАРКО, Франсис.",,,
39364,39365,17456,"Гореть, не сгорая: Повесть.","ЧЕ-ПИЖНЫИ, Александр Кузьмич.",,,
39366,39367,17457,Горец: Стихи и поэмы.,"ЦХОВРЕ-БОВ, Иван Лазаревич.",,,
39368,39369,17458,Горечь.,"КОБЯКОВ, Дмитрий Юрьевич.",,,
39370,39371,17459,Горечь любви: Роман.,"АРДЕЛЬ, Анри.",,,
39372,39375,17460,Горечь таежных ягод.,"ПЕТРОВ, Владимир Николаевич.                    ",,,'
39376,39377,17461,"Гори, гори ясно: Повести.","КРИ-ВОНОСОВ, Анатолий Федорович.",,,
39378,39379,17462,"Гори, гори ясно!: Повести.","ПЕЧЕРСКИЙ, Николай Павлович.",,,
39380,39381,17463,"Гори, зорька!: Рассказы.","КОНОПЛИН, Николай Тихонович.",,,
39382,39383,17464,"Гори, костер!: Стихи.","ИСТОМИН, Никита Кузьмич.",,,
39384,39385,17465,"Гори, мое сердце: [Очерк].","КОНДРАТЬЕВ, Николай Дмитриевич.",,,
39386,39387,17466,"Гори, мое сердце: (Стихи, письма, документы).","ГМЫРЕВ, Алексей Михайлович.",,,
39388,39391,17467,"Гори, огонь.","НУРДГРЕН, Айли. ",,Указавший путь...,
39392,39393,17468,Гори ясно... Рассказы.,"МУСАТОВ, Алексей Иванович.",,,
39394,39395,17469,Гори ясно: Стихи и поэма.,"СМИРНОВ, Дмитрий Артемьевич.",,,
39396,39397,17470,Горизонт: Новая книга.,"СВЕТЛОВ, Михаил Аркадьевич.",,,
39398,39399,17471,Горизонт: [Роман].,"КЭРС, Роберт.",,,
39400,39401,17472,Горизонт: Роман.,САИД АХМАД.,,,
39402,39403,17473,Горизонт: Стихи.,"БАРАНОВ, Евгений.",,,
39404,39405,17474,Горизонт: Стихи.,"СТОЛЯРОВ, Валентин Алексеевич.",,,
39406,39407,17475,Горизонт: Стихи.,"ЧЕРНУХИН, Игорь Андреевич.",,,
39408,39411,17476,Горизонт открывается в пути.,"БОТКОВ, Валерий Владимирович.",,,
39412,39413,17477,Горизонты: [Стихи].,"ВАССЕРМАН, Любовь Шаевна.",,,
39414,39415,17478,Горизонты: [Стихи].,"ГОРДИЕНКО, Юрий Петрович.",,,
39416,39417,17479,Горизонты: Стихи.,"ДАЕН, Леонид Абрамович.",,,
39418,39419,17480,Горизонты романтики: Стихи и поэма.,"ПАЛЬ, Роберт Васильевич.",,,
39420,39421,17481,"Горизонты, рубежи, искатели: Повествования о путешествиях, встречах, свершениях.","МАРЯГИН, Георгий Александрович.",,,
39422,39423,17482,Горизонты свободы: Повесть о С. Боливаре.,"ГУСЕВ, Владимир Иванович.",,,
39424,39425,17483,Горизонты сердца.,"ЗАРАЙСКИЙ, Иван Афанасьевич.",,,
39426,39427,17484,Горийская башня: (Грузинская народная баллада).,"ВЕЛИЧКО, Василий Львович.",,,
39428,39429,17485,Горийская повесть.,"ЛОРД КИПАНИДЗЕ, Константин Александрович.",,,
39430,39433,17486,Горим: Рассказ.,Имя авт. не установлено.,,,
39434,39435,17487,Горислава: Лучшее из лирики.,"ПРОКОФЬЕВ, Александр Андреевич.",,,
39436,39437,17488,Горит: Рассказы.,"НАУМОВИЧ, Иоанн Григорьевич.",,,
39438,39439,17489,Горит звезда Вега: Рассказы и повесть.,"ДМИТРИЕВ, Аристарх Иванович.",,,
39440,39441,17490,Горит земля.,"ЛИДИН, Владимир Германович.",,,
39442,39443,17491,Горит квартира: Комедия в 2-х актах.,"СИМУКОВ, Алексей Дмитриевич.",,,
39444,39445,17492,Горит костер солдатского привала: Стихи.,"ДАЖИН, Дмитрий Павлович.",,,
39446,39447,17493,Горит мое сердце: Стихи.,"ГАМЗАТОВ, Расул Гамзатович.",,,
39448,39449,17494,Горит Россия: Рассказ.,"ДМИТРИЕВА, Валентина Иововна.",,,
39450,39451,17495,Горицвет: Сказки.,"БРАТЬЯ БОНДАРЕНКО (БОНДАРЕНКО, Вениамин Никифорович, БОНДАРЕНКО, Владимир Никифорович).",,,
39452,39453,17496,Горицвет: [Стихи].,"ГАРИПОВ, Рами Ягафарович.",,,
39454,39455,17497,Горицвет: Стихи.,"НИКАНОРОВ-КАРИНСКИИ, Н. .",,,
39456,39457,17498,Горицвет: Стихи.,"ФИРСОВ, Владимир Иванович.",,,
39458,39459,17499,Горка любви: Поэма. Баллада.,"ПОТАПОВ, Вл. М.",,,
39460,39463,17500,"Горка под каретой или За женщин, карты и вино поссориться немудрено!!! Сочинение в стихах.","СЕВАСТЬЯНОВ, Владимир.",,,
39464,39465,17501,Горкинские мальчишки: Повесть.,"ПЕТРОВ, Виктор Иванович.",,,
39466,39467,17502,Горластые ветры: Стихи.,"РУСАКОВ, Геннадий Александрович.",,,
39468,39469,17503,Горленки.,"ПРЕВО, Марсель.",,,
39470,39471,17504,Горлинка: Повесть и рассказы.,"ЛУПАН, Анна Павловна.",,,
39472,39473,17505,Горлинка: [Рассказ].,"УРМАНОВ, Кондратий Никифорович.",,,
39474,39475,17506,Горлица: Дилогия.,"КОЛОМИЕЦ, Алексей Федотович.",,,
39476,39477,17507,Горн: Роман.,"ПОЛИНГ, Дэн.",,,
39478,39479,17508,Горн зовет: Повесть.,"ВЕРЕТЕНОВ, Владимир Иосифович.",,,
39480,39481,17509,Горная баллада: Повести и рассказы.,"МОНАСТЫРЕВ, Владимир Алексеевич.",,,
39482,39483,17510,Горная быль.,"ВЕРХОВСКИЙ, Вячеслав Прокофьевич.",,,
39484,39485,17511,Горная весна: Повесть.,"АВДЕЕНКО, Александр Остапович.",,,
39486,39487,17512,Горная дорога: Роман.,"ФЕДОРОВ, Евгений Александрович.",,,
39488,39489,17513,Горная дорога: Роман.,"ЭФЕНДИЕВ, Тофик Мамед оглы.",,,
39490,39491,17514,Горная дорога: Стихи.,"ГАМЗАТОВ, Расул Гамзатович.",,,
39492,39493,17515,Горная дорога: [Стихи].,"МАРКА-РЯН, Маро Егишевна.",,,
39494,39495,17516,Горная дорога: Стихи.,"МУХАЧЕВ, Илья Андреевич.",,,
39496,39497,17517,Горная звезда: Роман.,"ДЖАТИЕВ, Тотырбек Исмаилович.",,,
39498,39499,17518,Горная легенда.,"ГУСЕВ-ОРЕН-БУРГСКИЙ, Сергей Иванович.",,,
39500,39501,17519,Горная невеста: Избранная лирика.,"МУРЗИДИ, Константин Гаврилович.",,,
39502,39503,17520,Горная песня: Стихи и поэмы.,"АКАЕВ, Кубаныч.",,,
39504,39505,17521,Горная порода: Рассказы.,"ИОНОВ, Алексей Васильевич. ",,,.
39506,39507,17522,Горная порода: Сказы и легенды.,"БЕДНЫЙ, Демьян.",,,
39508,39509,17523,Горная река.,"ХАЛИД, Риза.",,,
39510,39511,17524,Горная родина: Стихи.,"МАРКИН, Николай Матвеевич.",,,
39512,39513,17525,Горная сказка: Пьеса в 1-м д.,"АПУШКИН, Яков Владимирович.",,,
39514,39515,17526,Горная таверна: Рассказы.,"О'ФЛАЭРТИ, Лайам.",,,
39516,39517,17527,Горная тропа: Вторая книга стихов..,"БАЛТРУШАЙТИС, Юргис Казимирович.",,,
39518,39519,17528,Горная тропа: Стихи.,"МИРНЕЛИ, Мириан.",,,
39520,39521,17529,Горная тропа: Стихи.,"РУЖАН-СКИЙ, Ефим Григорьевич.",,,
39522,39523,17530,Горная фея: Рассказ.,"ДЕМЕНТЬЕВ, Г.",,,
39524,39525,17531,Горная фея: Роман.,"ВЕРНЕР, Элизабет.",,,
39526,39527,17532,"Горная шотландка: Повесть, взятая из рукописи леди Бетюн Бальоль.","СКОТТ, Вальтер.",,,
39528,39529,17533,Горнист: [Повесть для детей].,"ДЬЯКОНОВ, Юрий Александрович.",,,
39530,39531,17534,Горнист: [Стихи для детей].,"СВЕТЛОВ, Михаил Аркадьевич.",,,
39532,39533,17535,Горнист первой базы.,"ШКАРОВ-СКАЯ, Ирина Исаевна.",,,
39534,39535,17536,"Горнист Чапая и Сказка про девочку Лею, короля Граба и великана Доб-рушу.","ПАКУ ЛОВ, Глеб Иосифович.",,,
39536,39537,17537,Горнисты идут впереди: Повесть.,"ЯНОВСКИЙ, Анатолий Николаевич.",,,
39538,39539,17538,Горница: Книга стихов.,"ИВАНОВ, Георгий Владимирович.",,,
39540,39541,17539,Горница: Лирика.,"ШЕСТИНСКИЙ, Олег Николаевич.",,,
39542,39543,17540,Горница: [Стихи].,"КОРОЛЕВА, Нина Михайловна.",,,
39544,39545,17541,Горница: Стихи.,"ЧУХИН, Сергей Валентинович.",,,
39546,39547,17542,Горничная Маша.,"ВЕРЕЙСКАЯ, Елена Николаевна.",,,
39548,39551,17543,Горничная с французским языком: Шутка в 1-м д.,"БИНШТОК, Владимир Львович, ЧИНАРОВ, Рубенс.",,,
39552,39553,17544,Горновщик.,"ПОПКОВ, В. А.",,,
39554,39555,17545,Горное гнездо: Роман.,"МАМИН-СИБИРЯК, Дмитрий Наркисович.",,,
39556,39557,17546,Горное гнездовье: Стихи и поэмы.,"ГУЛУЕВ, Андрей Семенович.",,,
39558,39561,17547,Горное озеро: Стихи.,"ГУСЕИНЗА- ДЕ, Гусейн Джамал оглы.            ",,,;
39562,39563,17548,Горное озеро: [Стихи].,"ЕРОШИН, Иван Евдокимович.",,,
39564,39565,17549,Горное плечо: Поэмы.,"АГЕЕВ, Николай Егорович.",,,
39566,39567,17550,Горное солнце: [Стихи].,"ФОФАНОВА, Марианна Петровна.",,,
39568,39569,17551,Горное солнце: Стихи и поэма.,"ХАЗРИ, Наби.",,,
39570,39571,17552,Горное эхо: [Стихи].,"САИДОВ, Алирза Узаирович.",,,
39572,39573,17553,Горное эхо: Стихи. Поэмы.,"ЧИКА-ТУЕВ, Микаэль Хаджиевич.",,,
39574,39575,17554,Горнозаводчик: Пьеса в 4-х д.,"ОНЕ, Жорж.",,,
39576,39577,17555,Горнозаводчик: Роман.,"ОНЕ, Жорж.",,,
39578,39581,17556,Горнопромышленник: Роман.,"ОНЭ, Жорж (ОНЕ, Жорж). ",Беда от гордости; Горнозаводчик; Торжество любви; Белоручка и работник.,,
39582,39583,17557,Горнорабочий.,"БРОДСКИЙ, Я.",,,
39584,39585,17558,Горностайкин след: Сказ.,"КОЧ-НЕВ, Михаил Харлампиевич.",,,
39586,39587,17559,Горные вершины: Драматическая фантазия.,"ИМШЕНЕЦКИЙ, А.",,,
39588,39589,17560,Горные вершины: Повести.,"ШУТОВ, Леонид (ШУТОВ, Иван Никитич).",,,
39590,39591,17561,Горные вершины: Стихотворения.,"ЦАДАСА, Гамзат Магомаевич.",,,
39592,39593,17562,Горные долины.,"МУХАЧЕВ, Илья Андреевич.",,,
39594,39595,17563,Горные духи: Волшебная сказка.,"МИРОНОВ, Николай П.",,,
39596,39599,17564,Горные духи или Анетта и Фриде-рик.,"ШПИСС, Христиан Генрих (ШПИС, Христиан Генрих). ",Замок или Вертеп духов в дремучем лесу.,,
39600,39601,17565,Горные зори: Стихи.,"ДЖУСУЕВ, Сооронбай.",,,
39602,39603,17566,Горные маршруты.,"РАДКЕВИЧ, Екатерина Александровна.",,,
39604,39607,17567,Горные орлы: Исторический роман из времен Кавказской войны.,"НЕМИРОВИЧ-ДАНЧЕНКО, Василий Иванович. ",Забытая крепость: Том 1-й. Горные орлы.,,
39608,39613,17568,Горные орлы: Повесть из времен восстаний карпатских крестьян в XVI сто- летии.,"ТЕТМАЙЕР, Казимир (ТЕТМАЙЕР, Казимеж). ",Легенда Татр.,,
39614,39615,17569,Горные орлы: Роман.,"ЗАЛИХАНОВ, Жанакаит Жунусович.",,,
39616,39617,17570,Горные орлы: Роман.,"ПЕРМИТИН, Ефим Николаевич.",,,
39618,39619,17571,Горные потоки: Стихи и поэма.,"МАМПОРИЯ, Отар Антонович.",,,
39620,39621,17572,Горные просторы: Роман.,"УДАЛОВ, Николай Николаевич.",,,
39622,39623,17573,Горные рассказы.,"ИРАСЕК, Алоис.",,,
39624,39625,17574,Горные сады.,"ТРЕСКОВ, Илья Васильевич.",,,
39626,39627,17575,Горные тропинки: Повести.,"МАГОМЕДОВ, Муса Абдуллаевич.",,,
39628,39629,17576,Горные тропинки: Стихи.,"АБДУЛЛАЕВ, Даглар.",,,
39630,39631,17577,Горные тропы: Стихи.,"ИСКАНДЕР, Фазиль Абдуллович.",,,
39632,39633,17578,Горные цветы.,"ЧАРИНОВ, Муэт-дин Магомедович.",,,
39634,39635,17579,Горный венец: Поэма.,"НЕГОШ, Петр Петрович.",,,
39636,39637,17580,Горный вереск.,"КРАСНОВ, Анатолий Михайлович.",,,
39638,39639,17581,Горный ветер: Повесть.,"САРТАКОВ, Сергей Венедиктович.",,,
39640,39641,17582,Горный воздух: [Рассказы].,"ГАР-БОРГ, Арнэ.",,,
39642,39643,17583,Горный воздух: Юмористические рассказы.,"ИОФФЕ, Анатолий Михайлович.",,,
39644,39645,17584,Горный дух и мальчик или Старый Тролль с Большой горы: Сказка в 1-м д.,"ВАЛЕНБЕРГ, Анна.",,,
39646,39649,17585,Горный дух или Рассказы о шутках его в исполинских горах.,Имя авт. не установлено.,,,
39650,39651,17586,Горный завод Петра Третьего: (Пугачевцы на Урале).,"БОГДАНОВИЧ, Татьяна Александровна.",,,
39652,39653,17587,Горный инженер: Комедия в 3-х д.,"ЭДЕЛЬ, Михаил Владимирович.",,,
39654,39655,17588,Горный источник: Рассказы.,"ЦЫ-БУЛЬСКИЙ, Павло Данилович.",,,
39656,39657,17589,Горный источник: Стихи и поэма.,"МАГОМЕДОВ, Муса Абдуллаевич.",,,
39658,39659,17590,Горный капитан: Исторический роман.,"СИНЕНКО, Владимир Иванович.",,,
39660,39661,17591,Горный ключ: Стихи.,"ЛОЗИНСКИЙ, Михаил Леонидович.",,,
39662,39663,17592,Горный ключ: Стихи.,"МИЛЯВ-СКИЙ, Анатолий Исаевич.",,,
39664,39665,17593,Горный компас: Рассказы геолога.,"ШАЛИМОВ, Александр Иванович.",,,
39666,39667,17594,Горный напев: Стихотворения.,"БАЛКАРОВА, Фоусат Гузеровна.",,,
39668,39669,17595,Горный огонь: Камчатские сказки.,"КОРОВИКОВ, Анатолий Владимирович.",,,
39670,39671,17596,Горный орел: Документальная повесть.,"КАРПОВ, Александр Алексеевич.",,,
39672,39675,17597,Горный охотник: Поэма.,Имя авт. не установлено.,,,
39676,39677,17598,Горный пастух; Бабушкин дружок: Два рассказа.,"СПИРИ, Иоганна.",,,
39678,39679,17599,Горный перевал: Стихи.,"АЛАТЫР-ЦЕВ, Владимир Иванович.",,,
39680,39681,17600,Горный пламень: Книга стихов.,"БЕСПОЩАДНЫЙ, Павел Григорьевич.",,,
39682,39683,17601,Горный поток: (Плач Фандыра). Драма в 3-х д.,"ТЕМИРЯЕВ, Давид Иласо-вич.",,,
39684,39685,17602,Горный поток [Повесть].,"КУТКО-ВЕЦКИЙ, Яков Афанасьевич.",,,
39686,39687,17603,Горный поток: Роман.,"КРУШИН-СКИИ, Сергей Константинович.",,,
39688,39689,17604,Горный поток: Роман.,"ТУДЭВ, Лодонгийн.",,,
39690,39691,17605,Горный поток: Стихи.,"ДАРЧИЕВ, Даут (ДАРЧИЕВ, Давид Гаврилович).",,,
39692,39693,17606,Горный поток: Стихи.,"ОТАРОВ, Керим Сарамурзаевич.",,,
39694,39695,17607—17608,Горный поход.,"ГОРБАТОВ, Борис Леонтьевич.",,,
39696,39697,17609,Горный родник: Рассказы.,ВАЖА ПШАВЕЛА.,,,
39698,39699,17610,Горный родник: [Стихи].,"АРУТЮНЯН, Микаэл Артемьевич.",,,
39700,39701,17611,Горный родник: Стихи.,"КАНАЕВ, Суюн Имам-Алиевич.",,,
39702,39703,17612,Горный сокол: Памяти Енока.,"ПИРВЕРДЯН, Сергей Григорьевич.",,,
39704,39707,17613,Горный топаз.,"КОНДРАТЬЕВ, Иван Кузьмич. ",,Грозный отцовский завет...,
39708,39711,17614,Горный турист: Комедия-шутка в 3-х д.,"КРАЦ, Курт, НИЛЬ, М. (НЕАЛЬ, Макс).",,,
39712,39713,17615,Горный цветок: Документальная повесть.,"ВЫСОЦКИЙ, Алексей Владимирович.",,,
39714,39715,17616,Горный цветок: Рассказы.,"ДЕМЧЕНКО, Александр Михайлович.",,,
39716,39717,17617,Горный щит.,"МУРЗИДИ, Константин Гаврилович.",,,
39718,39719,17618,Горный-Эйвинд и его жена: Драма из исландской жизни в 4-х д.,"СИГУРЙОНССОН, Иоханн (СИГУРИОУНСОН, Иоуханн).",,,
39720,39721,17619,Горными тропами: Рассказы.,"АКСАКОВ, Михаил Георгиевич.",,,
39722,39723,17620,Горобцы: Повести.,"СИТО, Файвл Соломонович.",,,
39724,39725,17620а,Город; Море; Деревня: Три повести из эпохи 1905 года.,"НОВИКОВ, Иван Алексеевич.",,,
39726,39727,17621,Город: Повести.,"СИЛАЕВ, Борис Дмитриевич.",,,
39728,39729,17622,Город: [Повесть].,"МАЙЕР, Николай Васильевич.",,,
39730,39733,17623,Город: Рассказ.,"АЛЕКСАНДРОВ, А.",,,
39734,39737,17624,Город: [Рассказ].,"АНДРЕЕВ, Леонид Николаевич. ",,Христиане...,
39738,39739,17625,Город: [Рассказы].,"ДОРТУ, Макс.",,,
39740,39741,17626,Город: [Рассказы].,"ПОЛЬ, Луи.",,,
39742,39743,17627,Город: [Рассказы].,"ЭКОУТ, Жорж.",,,
39744,39745,17628,Город: Роман.,"БЕЛОУСОВ, Валентин Алексеевич.",,,
39746,39747,17629,Город: Роман.,"ПИДМОГИЛЬ-НЫИ, Валериан Петрович.",,,
39748,39749,17630,Город: Роман.,"САЙМАК, Клиффорд Дональд.",,,
39750,39751,17631,Город: Роман.,"ФОЛКНЕР, Уильям.",,,
39752,39753,17632,Город: Сборник рассказов.,"БА-ЛИН, Сергей Тимофеевич.",,,
39754,39755,17633,Город: Стихи.,"НАУМОВ, Александр.",,,
39756,39757,17634,Город: Стихи.,"ОБРАДОВИЧ, Сергей Александрович.",,,
39758,39759,17634а,Город: Стихи.,"СЕРГЕЕВА, Ирэ-на Андреевна.",,,
39760,39761,17635,Город: Цикл времени. [Стихи].,"ДЕРЗНУВШИЙ, А. (АФИНОГЕНОВ, Александр Николаевич).",,,
39762,39763,17636,Город Алатоо: Стихи.,ШАМШИЕВ. ,,,Толен.
39764,39765,17637,Город Анатоль: Роман.,"КЕЛЛЕРМАН, Бернгард.",,,
39766,39767,17638,Город без головы или Голова на козлах.,К. А. Н. ,,,
39768,39769,17639,Город без любви: Сказка в 2-х Д.,"УСТИНОВ, Лев Ефимович.",,,
39770,39771,17640,Город без людей: Рассказы и повести.,"ХАНЧЕРЛИОГЛУ, Орхан (ОРХАН, Ханчерлиоглу).",,,
39772,39773,17641,Город безработных.,"ТУЛИН, Григорий.",,,
39774,39775,17642,Город брильянтов: (Сокращенное издание).,"ГЕЙЕРМАНС, Герман.",,,
39776,39777,17643,Город будет! Роман.,"ВЕДИН, Федор Иванович.",,,
39778,39779,17644,Город в горах: Поэма.,"ГИТОВИЧ, Александр Ильич.",,,
39780,39781,17645,Город в горах: Стихи.,"ТУДЕ, Али.",,,
39782,39783,17646,Город в дожде: Повесть. Рассказы.,"ШАСТИН, Анатолий Михайлович.",,,
39784,39785,17647,Город в кольце: Революционная хроника в 6-ти карт.,"МИНИН, Сергей Константинович.",,,
39786,39787,17648,Город в лесах.,"ЧУМАЧЕНКО, Ада Артемьевна.",,,
39788,39789,17649,Город в огне: Повесть.,"БУТОВСКАЯ, Светлана Георгиевна.",,,
39790,39793,17650,Город в плену.,Имя авт. не установлено.,,,
39794,39795,17651,Город в профиль: Повести.,"МИЛЬ-ЧАКОВ, Александр Александрович.",,,
39796,39797,17652,Город в саванне: Роман.,"ОТЕРО СИЛЬВА, Мигель.",,,
39798,39799,17653,Город в степи: Роман.,"СЕРАФИМОВИЧ, Александр.",,,
39800,39801,17654,Город в шинели: Записи военных лет. Повесть. Рассказы.,"КОЧЕТОВ, Всеволод Анисимович.",,,
39802,39803,17655,Город ветров: Драма в 5-ти актах с прологом и эпилогом.,"КИРШОН, Владимир Михайлович.",,,
39804,39805,17656,Город влюбленных: Пьеса в 2-х д.,"БАРМИНА, Н., КОЛПАКОВ, М.",,,", КОПЕ-ЛЕВИЧ, А."
39806,39807,17657,"Город, где стреляли дома: Документальная повесть.","АФРОСИМОВ, Илья Львович.",,,
39808,39811,17658,Город-герой Красный Грозный.,"АПУХТИНА-ГОППЕ, Н. Ф.",,,
39812,39813,17659,Город гнева: Поэма.,"ЯШИН, Александр.",,,
39814,39815,17660,Город гнева: Сталинградские эпизоды.,"ЯШИН, Александр.",,,
39816,39817,17661,Город дружбы: Стихи и переводы.,"ГУСЕВ, Константин Михайлович.",,,
39818,39819,17662,Город желтого дьявола.,"ГОРЬКИЙ, Максим.",,,
39820,39821,17663,Город загубил: Рассказ.,"ЖИВО-ТОВСКИЙ, Сергей Васильевич.",,,
39822,39823,17664,Город зажигает огни.,"ЯНИНА, Нина Ивановна.",,,
39824,39825,17665,Город Золотого Петушка: Повесть.,"НАГИШКИН, Дмитрий Дмитриевич.",,,
39826,39827,17666,Город и деревья: Картинки из детской жизни.,"ЮРЬИН, Н. Н.",,,
39828,39829,17667,Город и деревня: Повести.,"ГИППИУС, Александра Карловна.",,,
39830,39831,17668,Город и деревня: Рассказ.,"АРДАМАТСКИЙ, Василий Степанович.",,,
39832,39833,17669,Город и псы.,"ВАРГАС ЛЬОСА, Марио.",,,
39834,39835,17670,Город изобилия.,"ГАРДНЕР, Леонард.",,,
39836,39837,17671,Город Ильеус: Роман.,"АМАДУ, Жоржи.",,,
39838,39839,17672,"Город Касриловка; Удовольствия, доставляемые детьми.",ШОЛОМ-АЛЕЙХЕМ.,,,
39840,39841,17673,Город Красивых: Романтическая драма в стихах.,"РЯДЧЕНКО, Иван Иванович.",,,
39842,39843,17674,Город любви: Стихи и поэма.,"ША-МКЕНОВ, Аманжол.",,,
39844,39845,17675,Город любви: Стихотворения разных лет.,ПОДЕЛКОВ. ,,,Сергей.
39846,39847,17676,Город Март: Стихи.,"КРАВЦОВ, Альберт Александрович.",,,
39848,39849,17677,Город мастеров или Сказка о двух горбунах: Представление в 4-х д.,"ГАББЕ, Тамара Григорьевна.",,,
39850,39851,17678,Город меди: Роман.,"ИЛЬИНЫХ, Антоний Степанович.",,,
39852,39853,17679,Город мертвых: Повести и рассказы.,"СНЕГИНА, О. П.",,,
39854,39855,17680,Город мертвых: [Рассказ].,"БЕЛИНСКИЙ, Максим (ЯСИНСКИЙ, Иероним Иеронимович).",,,
39856,39857,17681,Город мертвых: Роман.,"ЖЕНЬО, Карл (ЖЕНИО, Шарль).",,,
39858,39859,17682,Город мертвых: Стихотворения.,"СЕЛИВАНОВ, Аркадий Александрович.",,,
39860,39861,17683,Город мечты: Стихи.,"ГОНТАРЬ, Аврам Юткович.",,,
39862,39863,17684,Город моей судьбы:* Стихи.,"ПЛАВНИК, Абрам Львович.",,,
39864,39865,17685,Город моей юности: [Стихи].,"АЗАРОВ, Всеволод Борисович.",,,
39866,39867,17686,Город моей юности: Стихи.,"ЛИСОВСКИЙ, Казимир Леонидович.",,,
39868,39869,17687,Город может спать спокойно: Повесть.,"ТОМАН, Николай Владимирович.",,,
39870,39871,17688,Город моих друзей: Стихи.,"ФАР-БЕР, Александр Михайлович.",,,
39872,39873,17689—17690,Город мой...: Стихи о Пе-тербурге-Петрограде.,"БЛОК, Александр Александрович.",,,
39874,39875,17691,Город на Балтике.,"ИНГЕ, Юрий Алексеевич.",,,
39876,39877,17692,Город на вершине холма: Роман.,"МИНДЛИН, Эмилий Львович.",,,
39878,39879,17693,Город на Волге: Драма в 4-х актах.,"НАЗАРОВ, Игнат Иванович, ХАРДИН, Мирон.",,,
39880,39881,17694,Город на главной улице.,"ДОРО-ГОВ, Рафаил Михайлович, ЗЛОБИН, Анатолий Петрович.",,,
39882,39883,17695,Город на границе: Роман.,"ПТАЧ-НИК, Карел.",,,
39884,39885,17696,Город на костях: (Повесть из времен основания Петербурга).,"ШАПОВА-ЛЕНКО, Николай Николаевич.",,,
39886,39887,17697,Город на реке: Повести.,"КАПУС-ТО, Юдифь Борисовна.",,,
39888,39889,17698,Город на рубеже: Повесть.,"СТРО-КОВСКИЙ, Николай Михайлович.",,,
39890,39891,17699,Город на Суре: Стихи.,"КРЫЛОВ, Георгий Иванович.",,,
39892,39893,17700,Город на Урале.,"МУРЗИДИ, Константин Гаврилович.",,,
39894,39895,17701,Город на холмах: Роман.,"МА-ЛАШКИН, Сергей Иванович.",,,
39896,39897,17702,Город над Бугом: Роман. Ч. 1.,"ЗОРИН, Владимир Петрович.",,,
39898,39899,17703,Город над морем: Стихи.,"ОБРАЗЦОВА, Наталья Владимировна.",,,
39900,39901,17704,Город над нами: Повесть.,"ХОРУНЖИЙ, Анатолий Мефодьевич.",,,
39902,39903,17705,Город не кончается: Повесть.,"АНДРЕЕВ, Василий Степанович.",,,
39904,39905,17706,Город не спит: Повесть.,"КВИН, Лев Израилевич.",,,
39906,39907,17707,Город не спит: Рассказы.,"ЛЬВОВ, Сергей.",,,
39908,39909,17708,Город-невидимка: (Большие хлопоты). Комедия в 5-ти карт.,"ЛЕНЧ, Леонид.",,,
39910,39911,17709,Город непокоренных: Документальная повесть о героях рославльского подполья.,"ПАВЛОВ, Владимир Владимирович, ГОРЧАКОВ, Овидий Александрович.",,,
39912,39913,17710—17711,Город Переплюй: Повесть.,"ЛУКАШИН, Илья Денисович.",,,
39914,39915,17712,Город песней разбужен: Стихи.,"ХАРЬЮЗОВ, Владимир Александрович.",,,
39916,39917,17713,Город победил: Рассказ.,"РЕЙ-МОНТ, Владислав Станислав.",,,
39918,39919,17714,Город под дождем.,"ЧУМАЧЕНКО, Ада Артемьевна.",,,
39920,39921,17715,Город под нами: Пьеса в 2-х д.,"БЕНЕДЕК, Каталин.",,,
39922,39923,17716,Город поэта: Документальная повесть.,"БАСИНА, Марианна Яковлевна.",,,
39924,39925,17717,Город премогучий: Роман.,"НАСИ-МОВИЧ, Александр Федорович.",,,
39926,39927,17718,Город привычных лиц.,"БЕЛЛЬ, Генрих.",,,
39928,39929,17719,Город пробуждается: Роман-сатира.,"ЛУНАЧАРСКАЯ, Анна Александровна.",,,
39930,39933,17720,Город прокаженного короля: Повесть.,"САЛЬГАРИ, Эмилио. ",,Охотница за скальпами...,
39934,39935,17721,Город рабочей славы: Стихи.,"КОТЛЯРОВ, Борис Иванович.",,,
39936,39937,17722,Город Реут.,"БУКОВ, Емилиан Несторович.",,,
39938,39939,17723,Город роковой: Повесть.,"ЛОСЕВ, Павел Федорович.",,,
39940,39941,17724,"Город, слушай!: Пьеса в 9-ти эпизодах.","ГРИНЕВА, Мария.",,,
39942,39943,17725,Город смерти.,"ПШИБЫШЕВ-СКИЙ, Станислав.",,,
39944,39947,17726,Город смеха и слез: Поэма.,Имя авт. не установлено.,,,
39948,39951,17727,Город Смуров: Уездные сцены (Из «Очерков прошлого»).,"ЧУЖБИН-СКИЙ, А. (АФАНАСЬЕВ-ЧУЖБИНСКИЙ, Александр Степанович).                ",,,'
39952,39953,17728,Город солнца.,"КАМПАНЕЛЛА, Томмазо.",,,
39954,39957,17729,Город степных ветров.,"СЕДУГИН, Алексей.                               ",,,'
39958,39959,17730,«Город Страшной Ночи» и другие рассказы.,"КИПЛИНГ, Редьярд",,,|.
39960,39961,17731,Город Тайга: Рассказы. Повесть.,"ТЕЛЬПУГОВ, Виктор Петрович.",,,
39962,39963,17732,Город ткачей: Стихотворения.,"БЛАГОВ, Александров Николаевич.",,,
39964,39965,17733,Город толстяков.,"ГАБОР, Андор.",,,
39966,39967,17734,Город у моря: Повесть.,"БЕЛЯЕВ, Владимир Павлович.",,,
39968,39969,17735,Город у моря: [Стихи].,"САЛУК-ВАДЗЕ, Георгий Григорьевич.",,,
39970,39971,17736,Город у моря: Стихи разных лет.,"ЗАХАРОВ, Георгий.",,,
39972,39973,17737,Город у Светлого ручья: Повести и рассказы.,"АРТИЩЕВ, Валерий Васильевич.",,,
39974,39977,17738,Город упраздняется: Комедия в 4-х д.,"АЛЕКСАНДРОВ, Виктор (КРЫЛОВ, Виктор Александрович), СЛУЧЕВ-СКИИ, Константин Константинович.",,,
39978,39979,17739,Город цветов: Новые стихи и поэмы.,"КОБЗЕВ, Игорь Иванович.",,,
39980,39981,17740,Город чумы: Драматическая поэма в 3-х актах.,"ВИЛЬСОН, Джон.",,,
39982,39983,17741,Город Эн.,"ДОБЫЧИН, Леонид Иванович.",,,
39984,39985,17742,Город энтузиастов: Роман.,"КРЕМ-ЛЕВ, Илья (СВЭН), КОЗЫРЕВ, Михаил Яковлевич.",,,
39986,39987,17743,Город юности: (Комсомольск-на-Амуре).,"ЖУКОВ, Юрий Александрович, КРОНГАУЗ, Р.",,,
39988,39989,17744,Города: Стихи.,"АДА ЛИС, А.",,,
39990,39991,17745,Города: Стихи.,"ПИМЕНОВА, Светлана.",,,
39992,39993,17746,Города будущего.,"СТЮАРТ, Елизавета Константиновна.",,,
39994,39995,17747,Города и годы: Роман.,"ФЕДИН, Константин Александрович.",,,
39996,39997,17748,Города нашего детства.,"ОРДЖОНИКИДЗЕ, Виль Николаевич.",,,
39998,40001,17749,Города-спруты.,"ВЕРХАРН, Эмиль. ",Города-чудовища.,,
40002,40003,17750,Города хмурь: Стихи. Кн. 1-я.,"ШМЕРЕЛЬСОН, Григорий Бенедиктович.",,,
40004,40007,17751,Города-чудовища.,"ВЕРХАРН, Эмиль. ",,Издыхающие равнины...,
40008,40009,17752,Городничий или Доброе старое время: Фантазия-миниатюра в 1-м д.,"ГРА-БИНА, Алексей Трофимович.",,,
40010,40011,17753,Городово-о-о-й!: (Улица). Психологический этюд в 1-м д.,"АНТИМОНОВ, Сергей Иванович.",,,
40012,40013,17754,Городовой: Этюд из современной жизни в 1-м д.,"КУЗЬМИНСКИЙ, Павел Петрович.",,,
40014,40015,17755,Городок: Заметки из дневника. Воспоминания.,"ГОРЬКИЙ, Максим.",,,
40016,40017,17756,Городок: (Из летних впечатлений). Стихотворение.,"ДЕРЖАВИН, Александр.",,,
40018,40019,17757,Городок: Поэма.,"БЕЗЫМЕНСКИЙ, Александр Ильич.",,,
40020,40021,17758,Городок: Поэма из еврейской жизни в Польше.,"АШ, Шолом.",,,
40022,40023,17759,Городок: [Роман].,"АДЛЕР, Ганс.",,,
40024,40025,17760,Городок: Роман.,"ВОЛИН, Юрий Самойлович.",,,
40026,40027,17761,Городок: Стихи.,"ОРЛОВ, Сергей Сергеевич.",,,
40028,40029,17762,Городок в табакерке: Рассказы; Миниатюры Юса.,"БЕЛЯЕВ, Юрий Дмитриевич.",,,
40030,40033,17763,Городок Кренфорд: Роман.,"ГАС-КЕЛ, Элизабет. ",Кренфорд.,,
40034,40035,17764,Городок на волнах: Повесть.,"ГУМЕР, Тариф Муртазович.",,,
40036,40037,17765,Городок на Днестре: Повесть.,"ИЛЬИНСКИЙ, Юрий Борисович.",,,
40038,40039,17766,Городок на Дреме: Повесть.,"ГЕРАСИМОВ, Евгений Николаевич.",,,
40040,40041,17767,Городок Окуров: Хроника.,"ГОРЬКИЙ, Максим.",,,
40042,40043,17768,Городок сорванцов: Повесть.,"ГОЛИЦЫН, Сергей Михайлович.",,,
40044,40045,17769,Городок Сплюйск.,"МИТНИЦКИЙ, Лазарь Давидович.",,,
40046,40049,17770,Городок Устронь: Роман.,"ЛОБАН, Николай Павлович. ",,Земля моя — судьба моя...,
40050,40051,17771,Городская девушка: Реалистическая повесть.,"ГАРКНЕСС, Маргарет.",,,
40052,40053,17772,Городская жизнь; Возможна гроза; Погода завтра изменится: Повести.,"КУДИНОВ, Иван Павлович.",,,
40054,40055,17773,Городская комедия при дьявольском наваждении.,"СТАНВАСОВСКИИ, Р.",,,
40056,40057,17774,Городская черта: Стихи.,"ШКЛЯ-РИНСКИЙ, Александр Борисович.",,,
40058,40059,17775,Городские гости: Рассказы.,"МИНАЕВ, Константин Андреевич.",,,
40060,40061,17776,Городские огни.,"ГРАЖДАНСКАЯ, Зоя Тихоновна.",,,
40062,40063,17777,Городские повести.,"АЛЕКСЕЕВ, Валерий Алексеевич.",,,
40064,40065,17778,Городские смены: Стихи.,"ЕВДОКИМОВ, Иван Васильевич.",,,
40066,40069,17779,Городские стервятники: Драма в 4-х д.,"ЕЛИЗАРОВ, Николай Никитич.",,,
40070,40071,17780,Городской голова: Роман.,"НЕМИРОВИЧ-ДАНЧЕНКО, Василий Иванович.",,,
40072,40073,17781,Городской голова; Трус; Она скучала; Костры: Повести и рассказы.,"СЛУ-ЧЕВСКИИ, Константин Константинович.",,,
40074,40075,17782,Городской дождь: Рассказы.,"ХО-ЛЕНДРО, Дмитрий Михайлович.",,,
40076,40077,17783,Городу и морю: Стихи и песни.,"СИБИРЯКОВ, Борис Александрович.",,,
40078,40079,17784,Горожане: ...Поветными стихами згородь.,"ЯЛОЖКИН, Н. Л. (ЛОЖКИН, Николай Львович).",,,
40080,40081,17785,Горожане: [Рассказы].,"МАЛЕЕВ, Игорь Александрович.",,,
40082,40083,17786,Горожанка: [Стихи].,"ГАЛКИНА, Наталья Всеволодовна.",,,
40084,40085,17787,Горожанка: [Стихи].,"НИКОЛАЕВА, Тамара Константиновна.",,,
40086,40089,17788,Горой: Из летних скитаний по Уралу.,"МАМИН-СИБИРЯК, Дмитрий Нар-кисович.",,,
40090,40091,17789,Гороскоп или Астрономическое предвещание в час рождения: Предание времен междуусобной войны во Франции.,"ФАН-ДЕРФЕЛЬД (ФЕЛЬДЕ, Франц Карл фан дер).",,,
40092,40093,17790,Гороскоп мадам Евы.,"ЛАБКОВ-СКИИ, Наум Давыдович.",,,
40094,40095,17791,Горох в стенку: Юмористические и сатирические рассказы и фельетоны.,"КАТАЕВ, Валентин Петрович.",,,
40096,40097,17792,"Гороховая, 2: Из хроники чекистских будней.","САПАРОВ, Ариф Васильевич.",,,
40098,40099,17793,Горошина.,"БЕЛИКОВА, Ирина Ивановна.",,,
40100,40101,17794,Горошина угля: Стихи. Поэма.,"ТРУХАНОВ, Владимир Иванович.",,,
40102,40103,17795,Горошки: (Из жизни мелкого муравейника).,"ПИСАРЕВСКИЙ, Б. Е. (ШРАЙБЕР, Борис Ефимович).",,,
40104,40107,17796,Горпина: Рассказ из времен барщины.,"ВОВЧОК, Марко. ",,Казачка...,
40108,40109,17797,"Горская душа: Стихи, поэмы.","ГЕТТУЕВ, Максим Исмаилович.",,,
40110,40111,17798,Горская песня: Пьеса в 2-х актах.,"БОРИСКОВ, Петр Семенович, АБДУЛ-ЖАЛИЛОВ, Фазиль Апасович.",,,
40112,40113,17799,Горская песня: Стихи.,"ЯНДИЕВ, Джемалдин Хамурзаевич.",,,
40114,40115,17800,Горская поэма о Ленине.,"КУЛИЕВ, Кайсын Шуваевич.",,,
40116,40117,17801,Горские мотивы: Стихи.,"МАЛИЕВ, Георгий Гадоевич.",,,
40118,40119,17802,Горские самоцветы: Сборник очерков.,"ГАСАН-ГУСЕЙНОВ, Магомед Абдуллаевич.",,,
40120,40121,17803,Горские сказки.,"МАКСИМОВ, Павел Хрисанфович.",,,
40122,40123,17804,Горское сказание о Замке «Коварство и любовь».,"ИЛЯКОВ, Илларион Лаврентьевич.",,,
40124,40125,17805,Горсти.,"КУМПАН, Елена Андреевна.",,,
40126,40127,17806,Горсть: Пятая книга стихов.,"ФОЛОМИН, Фед",,,{ор Петрович.
40128,40129,17807,Горсть: [Стихи].,"БУРСОВ, Иван Терентьевич.",,,
40130,40131,17808,Горсть: [Стихи].,"СТРАЖЕВ, Виктор Иванович.",,,
40132,40133,17809,Горсть: Стихи.,"ФОНЯКОВ, Илья Олегович.",,,
40134,40135,17810,Горсть гальки: Стихи и поэмы.,"РУДЗИТИС, Мейнхард Мейнхардович.",,,
40136,40137,17811,Горсть жизни.,"УВАИСОВ, Сугури Давдиевич.",,,
40138,40139,17812,Горсть земли: Роман.,"ТХАЙЦУ-ХОВ, Бемурза Хантериевич.",,,
40140,40141,17813,Горсть земли: Стихи.,"КРЮЧКОВ, Алексей Самуилович.",,,
40142,40143,17814,Горсть земли: Стихи.,"МАТЕУ, Хулио Мартинес.",,,
40144,40145,17815,Горсть земли: Стихи.,"ПУХОВ, Виктор Андреевич.",,,
40146,40147,17816,Горсть земли: Стихи.,"ФАРБЕР, Александр Михайлович.",,,
40148,40149,17817,Горсть земли: [Стихи].,"ФИЛИППОВ, Александр Павлович.",,,
40150,40151,17818,Горсть земли: Стихи и поэма.,"НА-ГНИБЕДА, Микола.",,,
40152,40153,17819,Горсть земли: Стихотворения и поэмы.,"МУЗАЕВ, Нурдин Джамалдинович.",,,
40154,40157,17820,Горсть земли на могилу благотворителя.,Имя авт. не установлено.,,,
40158,40159,17821,Горсть земли с Анчупан.,"ВОСКРЕСЕНСКИЙ, Сергей Васильевич.",,,
40160,40161,17822,Горсть колосьев.,"БАЙГУЛОВ, Иван Михайлович.",,,
40162,40163,17823,Горсть крапивы.,"ДУДОЧКИН, Петр Петрович.",,,
40164,40165,17824,Горсть лунных капель.,"НАГОРНЫЙ, Борис Григорьевич.",,,
40166,40167,17825,Горсть огня: Стихи.,"КОРЕНЕВ, Александр Кириллович.",,,
40168,40169,17826,Горсть отчей земли: Стихи.,"РУМЯНЦЕВ, Андрей Григорьевич.",,,
40170,40171,17827,Горсть пепла: Пьеса в 4-х д.,"НОВИКОВ, Иван Алексеевич.",,,
40172,40173,17828,Горсть песка: [Лирика].,"ИСИ-КАВА, Тацудзо.",,,
40174,40175,17829,Горсть песка: Рассказы.,МИКЕ-ЛИНСКАС,,,", йонас."
40176,40177,17830,Горсть родной земли: Стихи.,"ГИНЦБУРГ, Раиса Моисеевна.",,,
40178,40179,17831,Горсть рыболовных крючков: Повести и рассказы.,"КОЗЛОВ, Вильям Федорович.",,,
40180,40181,17832,Горсть снега: Стихи.,"ХОДАРЕВ, Витислав Васильевич.",,,
40182,40183,17833,Горсть солнечных лучей: Лирические записки.,"БРЫЛЬ, Янка.",,,
40184,40185,17834,Горсть тмина.,"ШУЛЬЦАЙТЕ, Ви-лия Эдвардовна.",,,
40186,40187,17835,Горсть хлеба: Рассказы и повесть.,"САЛЬНИКОВ, Петр Георгиевич.",,,
40188,40191,17836,Гортензии.,Имя авт. не установлено.,,,
40192,40193,17837,Гортензия или Жертва романов и путешествий.,"ЖАНЛИС, Стефани Фелисите.",,,
40194,40195,17838,Горцы: Героическая драма в 3-х д.,"ФАТУЕВ, Роман.",,,
40196,40197,17839,Горцы: Роман.,"ШОРТАНОВ, Ас-керби Тахирович.",,,
40198,40199,17840,Горцы на досуге: (Миниатюры).,"АБУ-БАКАР, Ахмедхан.",,,
40200,40201,17841,Горчанка: Рассказ. (Из жизни в Америке).,"ВИЛЬКИНС, Мэри (УИЛКИНС, Мэри).",,,
40202,40203,17842,Горчица после обеда.,"КАДЫР-ЗАДЕ, Салам Дадаш оглы.",,,
40204,40205,17843,Горчичник: Комедия в 4-х д.,"ШАРАПОВ, Сергей Федорович.",,,
40206,40207,17844,Горшки: Рассказы.,"НЕВЕРОВ, Александр",,,
40208,40211,17845,Горшок.,"ПЛАВТ, Тит Макций. ",Котел; Кубышка.,,
40212,40213,17846,Горы: Роман.,"АЛЕКСАНДРОПУ-ЛОС, Мицос.",,,
40214,40215,17847,Горы: Роман.,"ЗАЗУБРИН, Владимир.",,,
40216,40217,17848,Горы: Стихи.,"КУЛИЕВ, Кайсын Шуваевич.",,,
40218,40221,17849,Горы: Юмористический рассказ.,"ТЭФФИ, Надежда Александровна. ",,Предпраздничное...,
40222,40223,17850,Горы в цвету: Роман.,"ХОЛЕНД-РО, Дмитрий Михайлович.",,,
40224,40225,17851,Горы высокие: Роман.,"ГУРУНЦ, Леонид.",,,
40226,40227,17852,"Горы, горы Кавказские: Драматическая поэма в 2-х ч.","АБШИЛАВА, Амиран Александрович.",,,
40228,40229,17853,Горы дышат огнем: Партизанский эпос.,"АНДРЕЕВ, Веселии.",,,
40230,40231,17854,Горы живут.,"СТОЙКО, Петр Хри-санфович.",,,
40232,40233,17855,Горы зовут: Роман.,"ИВАНОВ, Андрей Силаевич.",,,
40234,40235,17856,Горы зовут: Стихи.,"ЯЛЬМАРОВ, Александр Иванович.",,,
40236,40237,17857,Горы и дороги: (Стихи).,"МОЛДАВСКИЙ, Дмитрий Миронович.",,,
40238,40241,17858,Горы и звезды: Документальная историческая хроника.,"ЗАДОНСКИЙ, Николай Алексеевич. ",Жизнь Муравьева: (Горы и звезды).,,
40242,40243,17859,Горы и люди: Повести.,"КОПТЕ-ЛОВ, Афанасий Лазаревич.",,,
40244,40245,17860,Горы и люди: [Рассказы].,"КУЗНЕЦОВ, Александр Александрович.",,,
40246,40247,17861,Горы и люди: Роман.,"ЛИБЕДИН-СКИЙ, Юрий Николаевич.",,,
40248,40249,17862,Горы и нарты: Кавказские легенды.,"БАТЧАЕВ, Мусса Хаджи-Кишиевич, СТЕФАНЕЕВА, Евгения Леонидовна.",,,
40250,40251,17863,Горы и ночь: Рассказы.,"КОЗИН, Владимир Романович.",,,
40252,40253,17864,Горы и равнины: Стихотворения.,"ИЛЬИН, А.",,,
40254,40255,17865,Горы и сердце: Стихотворения.,"НОНЕШВИЛИ, Иосиф Элиозович.",,,
40256,40257,17866,Горы и скалы: Стихи.,"АБАШИДЗЕ, Григол Григорьевич.",,,
40258,40259,17867,Горы или Пустынник от ревности: Комедия в 2-х д.,"ЭЛИН, Андрей Матвеевич.",,,
40260,40261,17868,Горы любят отважных: Повесть.,"ГАЙСУЛТАНОВ, Умар Эдилсултанович.",,,
40262,40263,17869,Горы меняют лицо: Кн. 1.,"ТЕВЕ-ЛЕВ, Матвей Григорьевич.",,,
40264,40265,17870,Горы молчат: Стихи.,"ТХАГАЗИ-ТОВ, Зубер Мухамедович.",,,
40266,40267,17871,Горы не любят слабых: Стихи.,"СТАРКОВ, Виктор Анатольевич.",,,
40268,40269,17872,Горы не спят.,"СТАСЕНКО, Николай Гаврилович.",,,
40270,40271,17873,Горы поют: Рассказы.,"ГОНЧАР, Олесь (ГОНЧАР, Александр Терентьевич).",,,
40272,40273,17874,Горы поют: Стихи.,"ГРАШИ, Ашот.",,,
40274,40277,17875,Горы родные: Стихи.,"ХАВПАЧЕВ, Амирхан Асхадович.        ",,,*
40278,40279,17876,Горы — совесть моя: Стихи.,"ДЗА-ХОВ, Игорь Михайлович.",,,
40280,40281,17877,Горы становятся красными: Пьеса в 3-х д.,"КРЕСПО ЛОПЕС, Маргарита.",,,
40282,40283,17878,Горы тронулись: Роман в 4-х ч.,"МАЛЬЦЕВ, Орест Михайлович.",,,
40284,40285,17879,Горы тянутся ввысь: Стихи.,"МАР-ГИАНИ, Реваз Акакиевич.",,,
40286,40287,17880,Горы Чижовские.,"КОРАБЛИНОВ, Владимир Александрович.",,,
40288,40289,17881,Горы —это люди.,"МУРТАЗОВ, Борис Алхастович.",,,
40290,40291,17882,Горыныч.,"САВИН, Валентин Федорович.",,,
40292,40293,17883,Горькая доля: Драматическая картинка в 1-м д.; Полчаса у ненормальных: Водевиль в 1-м д.,"МОРОЗОВ, Николай Кузьмич.",,,
40294,40295,17884,Горькая доля: (По рассеянности). Картинки из деревенской жизни.,"КОРОТКИЙ, Владимир Аполлонович.",,,
40296,40297,17885,Горькая доля: Рассказ.,"ДМИТРИЕВ, Дмитрий Савватеевич.",,,
40298,40299,17886,Горькая доля: Рассказ.,"КУКЕЛЬ (ЛУНИН, В. А.).",,,
40300,40301,17887,Горькая доля: Роман в 3-х ч.,"ЗВЕРЕВ, И.",,,
40302,40303,17888,Горькая кровь: Рассказы.,"ВЕСЕЛЫЙ, Артем.",,,
40304,40305,17889,Горькая линия: Роман.,"ШУХОВ, Иван Петрович.",,,
40306,40307,17890,Горькая любовь: Стихи.,"НАРОВЧАТОВ, Сергей Сергеевич.",,,
40308,40309,17891,Гррькая молодость: Невыдуманные рассказы.,"БАБУШКИН, Виктор Федорович.",,,
40310,40311,17892,Горькая нежность.,"САВИНОВ, Евгений Федорович.",,,
40312,40313,17893,Горькая пена.,"ЧЕРТОВА, Надежда Васильевна.",,,
40314,40315,17894,Горькая правда.,"БУДИЩЕВ, Алексей Николаевич.",,,
40316,40317,17895,Горькая правда в скорбных мотивах. СТАРЫЙ КАПРАЛ Н.,"А. И. (ИМБА, Николай Александрович).",,,
40318,40319,17896,Горькая рябина: Повесть.,"ЛОГИНОВ-ЛЕСНЯК, Павел Семенович.",,,
40320,40321,17897,Горькая рябина: Роман.,"ДОМО-ВИТОВ, Николай Федорович.",,,
40322,40323,17898,Горькая рябина: Роман.,"НИКИФОРОВ, Геннадий Петрович.",,,
40324,40325,17899,Горькая судьбина: Драма в 4-х ч.,"ПИСЕМСКИЙ, Алексей Феофилактович.",,,
40326,40327,17900,Горькая судьбина: Повесть.,"МИХАЙЛОВ, Владимир Васильевич.",,,
40328,40329,17901,Горькая услада: Вторая книга стихов.,"ИНБЕР, Вера Михайловна.",,,
40330,40331,17902,Горькая услада: Роман.,"УЭДСЛИ, Оливия.",,,
40332,40333,17903,Горькая участь.,"ОРЛОВ, Александр Анфимович.",,,
40334,40337,17904,Горькая участь заштатного чиновника Веткина или Не увидишь горького — не получишь сладкого: Вот как достался бедному заштатному чиновнику Веткину главный выигрыш первого займа двести тысяч.,Имя авт. не установлено.,,,
40338,40339,17905,Горькая ягода: Повести и рассказы.,"НИКИТИН, Сергей Константинович.",,,
40340,40341,17906,Горькие травы: Роман.,"ПРОСКУРИН, Петр Лукич.",,,
40342,40343,17907,Горькие туманы Атлантики: Роман.,"КУДИЕВСКИЙ, Константин Игнатьевич.",,,
40344,40345,17908,Горькие яблоки: Лирика.,"ГРИГОРЬЕВ, Игорь Николаевич.",,,
40346,40347,17909,Горький виноград: Лирическая комедия в 3-х актах.,"МИЛЯВСКИЙ, Анатолий Исаевич.",,,
40348,40349,17910,Горький дым: Рассказы и повести.,"КОРПАЧЕВ, Эдуард Маркович.",,,
40350,40351,17911,Горький клевер.,"КАСМЫНИН, Геннадий Григорьевич.",,,
40352,40353,17912,Горький колодец: Роман.,"КАРПОВ, Павел Яковлевич.",,,
40354,40355,17913,Горький ломоть.,"ЭРДИНЧ, Фахри.",,,
40356,40357,17914,"Горький мед: Басни, фельетоны, миниатюры.","КИРЬЯНОВ, Николай Борисович.",,,
40358,40359,17915,Горький мед: Драма в 1-м акте.,"КРЕЙН, Анатолий Давидович.",,,
40360,40363,17916,Горький  мед: Повесть.,"ШОЛО- ХОВ-СИНЯВСКИЙ, Георгий Филиппович.",,,
40364,40367,17917,Горький мед: Рассказы.,"ЧОПИЧ, Бранко.",,,
40368,40371,17918,Горький мед: [Стихи].,"ЗАВОД- ЧИКОВ, Владимир Павлович.",,,
40372,40373,17919,Горький опыт: Роман.,"ФИРСОВ, Виктор.",,,
40374,40377,17920,Горький сн$г: Рассказ.,"ДАВЫ- ДОВ, Петр Александрович.",,,
40378,40379,17921,Горький среди нас: Двадцатые годы.,"ФЕДИН, Константин Александрович.",,,
40380,40383,17922,Горький хлеб: Роман.,"ЗАМЫС- ЛОВ, Валерий Александрович.",,,
40384,40385,17923,Горький хлеб: Сборник.,"ПЕТРОВА, Таисия Петровна.",,,
40386,40391,17924,Горький хлеб истины: Драма в 2-х д.,"СТАДНЮК, Иван Фотиевич. ",Хлеб истины.,,
40392,40393,17925,Горький цвет: Комедия в 4-х д.,"ТОЛСТОЙ, Алексей Николаевич.",,,
40394,40395,17926,Горький цвет: Рассказы.,"ДОБРОНРАВОВ, Леонид М.",,,
40396,40397,17927,Горько пахнет чебрец: Повесть.,"МЕЖЕНЫИ, Евгений Николаевич.",,,
40398,40399,17928,Горькое золото: Повесть. Рассказы.,"ШЕМЕТОВ, Алексей Иванович.",,,
40400,40401,17929,Горькое лекарство: Басни.,"БОР-БУГУЛОВ, Мухтар.",,,
40402,40403,17930,Горькое похмелье: Роман.,"КАЙ-КО, Такэси.",,,
40404,40409,17931,Горькое разочарование: Комедия в 2-х д. для детского театра.,Имя авт. не установлено.,,,
40410,40411,17932,Горькое семя: Рассказы.,"ФАЛИК-МАН, Ихил Шмулевич.",,,
40412,40413,17933,Горькое яблоко: Рассказы.,"АЛЕКСЕЕВ, Глеб Васильевич.",,,
40414,40415,17934,Горю —- забвенье: Стихотворения.,"ЧАЛЕЕВ, И.",,,
40416,40417,17935,Горюн: Рассказ.,"ДМИТРИЕВА, Валентина Иововна.",,,
40418,40419,17936,Горюч камень: Повесть.,"ОСИН, Дмитрий Дмитриевич.",,,
40420,40421,17937,Горюч камень: Роман.,"МАТЮШИН, Иван Алексеевич.",,,
40422,40423,17938,Горючий камень: [Очерки].,"МИХАИЛОВ, Федор Прокофьевич.",,,
40424,40425,17939,Горючий камень: Стихи.,"ЧУГУНОВ, Владимир Михайлович.",,,
40426,40427,17940,Горюч камень: Исторический роман.,"КРАШЕНИННИКОВ, Авенир Донатович.",,,
40428,40431,17941,Горя бояться — счастья не видать: Сказка-комедия в 3-х д.,"МАРШАК, Самуил Яковлевич.",,,
40432,40433,17942,Горянка: Драма в 2-х д.,"ГАМЗАТОВ, Расул Гамзатович.",,,
40434,40435,17943,Горянка: Поэма.,"ГАМЗАТОВ, Расул Гамзатович.",,,
40436,40437,17944,Горянка: Сборник очерков.,"КУСОВ, Хазбулат.",,,
40438,40439,17945,Горят костры: Повесть.,"МАКАРОВ, Абрам Платонович.",,,
40440,40441,17946,Горят костры: Рассказ.,"СЛОБОДЧИКОВ, Иван Федорович.",,,
40442,40443,17947,Горят костры: Стихи. Поэма.,"НЕКРАСОВ, Борис Владимирович.",,,
40444,40445,17948,Горят огни.,"КИРИЛЛОВ, Василий Филиппович.",,,
40446,40447,17949,Горят сердца: Пьеса в 1-м д.,"РА-КИПОВ, Шамиль Зиганшинович.",,,
40448,40449,17950,Горячая верста: Роман.,"ДРОЗДОВ, Иван Владимирович.",,,
40450,40451,17951,Горячая вода круглосуточно.,"МЕЛАМЕД, Цаль Айзикович.",,,
40452,40453,17952,Горячая земля: Научно-фантастический роман.,"КАНДЫБА, Федор Львович.",,,
40454,40457,17953,Горячая кровь: [Рассказ].,"БРЕШ-КО-БРЕШКОВСКИИ, Николай Николаевич. ",Дама с темпера- ментом.,,
40458,40459,17954,Горячая кровь: Роман.,"ГЕРШС-ГЕЙМЕР, Джозеф.",,,
40460,40461,17955,Горячая кровь: Роман.,"РЕБУ, Поль.",,,
40462,40463,17956,Горячая купель: Повесть.,"СМЫ-ЧАГИН, Петр Михайлович.",,,
40464,40465,17957,Горячая любовь: (Орлы в курятнике). Роман; Сам виноват: Из автобиографии  бесхарактерного человека; Супружеская верность: Шутка.,"НЕМИРОВИЧ-ДАНЧЕНКО, Василий Иванович.",,,
40466,40467,17958,Горячая любовь: Современный роман.,"ПЕР, Камилл (ПЭР, Камилла).",,,
40468,40469,17959,Горячая пора: Лирическая комедия в 1-м д.,"АЛЯУТДИНОВ, Александр Сергеевич.",,,
40470,40471,17960,Горячая степь: Поэма.,"ХУДАИНА-ЗАРОВ, Бердыназар.",,,
40472,40473,17961,Горячая строка: Стихи.,"КОТОВ, Владимир Петрович.",,,
40474,40475,17962,Горячая юность: Стихи.,"ФРОЛОВ, Александр Константинович.",,,
40476,40477,17963,Горячее время: Роман из последнего польского восстания.,"ЛЕВАНДА, Лев Осипович.",,,
40478,40479,17964,Горячее дыхание: Повесть.,"БОНДАРЕНКО, Иван Иванович.",,,
40480,40481,17965,Горячее дыхание: Повесть.,"ХОМЕНКО, Михаил Иванович.",,,
40482,40483,17966,Горячее дыхание: Рассказы.,"МА-ЛАШКИН, Сергей Иванович.",,,
40484,40485,17967,Горячее дыхание. Стихи.,"БУЗУ-ЛУК, Олег Дмитриевич.",,,
40486,40487,17968,Горячее дыхание: Стихи.,"ГОРДЕЕВ, Семен.",,,
40488,40489,17969,Горячее лето: [Повесть].,"ПАВЛОВ, Николай Васильевич.",,,
40490,40491,17970,Горячее лето: Повесть.,"СКЛЯРЕНКО, Томас Васильевич.",,,
40492,40493,17971,Горячее озеро.,"САРНОГОЕВ, Бай-дулда.",,,
40494,40495,17972,Горячее пространство: Стихи.,"ПЯТКОВ, Григорий Игнатьевич.",,,
40496,40497,17973,Горячее селение Амбинанитело.,"ФИДЛЕР, Аркадий.",,,
40498,40499,17974,Горячее сердце: Комедия в 5-тид.,"ОСТРОВСКИЙ, Александр Николаевич",,,","
40500,40501,17975,Горячее сердце: [Повесть].,"ЗАРЕЧНАЯ, Софья.",,,
40502,40503,17976,Горячее сердце: Повесть.,"СИТНИКОВ, Владимир Арсентьевич.",,,
40504,40505,17977,Горячее сердце: Рассказ.,"ДАРОВ, А.",,,
40506,40507,17978,Горячее сердце: Страницы жизни Д. А. Фурманова.,"ГОРБУНОВ, Геннадий Иванович.",,,
40508,40509,17979,Горячее сердце друга: Стихи.,"ХАППАЛАЕВ, Юсуп Рамазанович.",,,
40510,40511,17980,«Горячее сердце» [и другие рассказы].,"ШПАНОВ, Николай Николаевич.",,,
40512,40513,17981,"Горячее сердце или Нашему нраву не препятствуй: Житейский случай из купеческого быта, писанный с натуры, в лицах и сценах.","КАФТЫРЕВ, Дмитрий Ни-канорович, КАФТЫРЕВ, Семен Никаноро-вич.",,,
40514,40515,17982,Горячие воды.,"ШИШКО, Анатолий Валерьянович.",,,
40516,40517,17983,Горячие дни: [Повесть].,"ЕФЕТОВ, Марк Симович.",,,
40518,40519,17984,Горячие дни: Повесть.,"КУСТЕН-КО, Алексей Михайлович.",,,
40520,40521,17985,Горячие дни: Пьеса в 3-х д.,"ПЕРМСКИЙ, Б., ЛАЗАРЕВ, П. (ЖАТ-КИН, Петр Лазаревич).",,,
40522,40523,17986,Горячие дни: [Стихи].,"СТРОКОВ, Петр Сергеевич.",,,
40524,40525,17987,Горячие завтраки.,"РЫЖОВ, А.",,,
40526,40527,17988,Горячие ключи: Рассказы и повести.,"МАЛЕВИНСКИИ, Юрий Николаевич.",,,
40528,40529,17989,Горячие ключи: Роман.,"МАЛЬЦЕВ, Елизар.",,,
40530,40531,17990,Горячие люди: Повесть.,"ВОЛГИН, Сергей.",,,
40532,40535,17991,Горячие руки.,"КОЗАЧЕНКО, Василь (КОЗАЧЕНКО, Василий Павлович). ",,Цена жизни...,
40536,40537,17992,Горячие сердца: [Повести].,"ШПАНОВ, Николай Николаевич.",,,
40538,40539,17993,Горячие сердца: Повесть.,"АТМА-КИН, Иван Акимович.",,,
40540,40543,17994,Горячие сердца:   Повесть.,"ДА- ВЫДЫЧЕВ, Лев Иванович.",,,
40544,40545,17995,Горячие сердца: Повесть.,"КУРАКИН, Петр Григорьевич.",,,
40546,40547,17996,Горячие сердца: Повесть.,"СУПРУН, Мария Исаевна.",,,
40548,40549,17997,Горячие сердца: Поэма.,"БУГОРКОВ, Степан Степанович.",,,
40550,40553,17998,Горячие сердца:   Рассказы.,"УТ- КОВ, Виктор Григорьевич.",,,
40554,40557,17999,Горячие сердца:   Рассказы.,"ЧЕ- БАЕВСКИЙ, Николай Николаевич.",,,
40558,40559,18000,Горячие сердца: Стихотворения и поэмы.,"МУЗАЕВ, Нурдин Джамалдинович.",,,
40560,40563,18001,Горячие уголья или средство смягчать ожесточенных.,Имя авт. не установлено.,,,
40564,40565,18002,Горячие чувства.,"БАШ, Яков.",,,
40566,40569,18003,Горячий берег:      Книга стихов.,"КРАВЧЕНКО, Анатолий Иванович.",,,
40570,40571,18004,Горячий ветер сороковых: Рассказы.,"БОРИСОВ, Климентий Федорович.",,,
40572,40575,18005,Горячий дождь:     Стихи.,"ВОДЭ, Георге Дмитриевич.",,,
40576,40579,18006,Горячий дождь.     Стихи.,"ХОЛО- ШЕНКО, Ольга Францевна.",,,
40580,40581,18007,Горячий дым: Стихи.,"ЗЕМНОЙ, Вадим Павлович.",,,
40582,40583,18008,Горячий ключ: Рассказы.,"МАРИНА, Валентина Ивановна.",,,
40584,40587,18009,Горячий ключ:     [Стихи].,"РЕУТ- СКИЙ, Петр Иванович.",,,
40588,40589,18010,Горячий край: Рассказы.,"БУСЫГИН, Александр Иванович.",,,
40590,40593,18011,Горячий осколок:        Повесть.,"ШМЕРЛИНГ, Семен Борисович.",,,
40594,40595,18012,Горячий Север: Стихи.,"РОЖДЕСТВЕНСКИЙ, Роберт Иванович.",,,
40596,40597,18013,Горячий след: [Повесть и рассказы].,"ШЕЛЕСТ, Георгий.",,,
40598,40599,18014,Горячий след: [Пьеса].,"KOCCOB-СКИЙ, Михаил Семенович, ПАВЛОВ, Владимир Константинович.",,,
40600,40601,18015,Горячий след: Стихи и поэмы.,"КОЛУМБ, Валентин Христофорович.",,,
40602,40603,18016,Горячий снег: Роман. Кн. 1—2.,"БОНДАРЕВ, Юрий Васильевич.",,,
40604,40605,18017,Горячий цех: Повесть.,"АРТЕМЕНКО, Леонид Петрович.",,,
40606,40607,18018,Горячий цех: Повесть.,"ПОЛЕВОЙ, Борис.",,,
40608,40609,18019,Горячий цех: Роман.,"ФОРШ, Ольга Дмитриевна.",,,
40610,40611,18020,Горячий цех: Стихи.,"УШАКОВ, Николай Николаевич.",,,
40612,40613,18021,Горячий чай: Рассказы об Англии.,"КАРДАШОВА, Анна.",,,
40614,40615,18022,Горячий час: Роман.,"ЗЙВ, Ольга.",,,
40616,40617,18023,Горячкин в деревне: Пьеса в 2-х д. для комсомольского театра.,"ГЛЕБОВ, Анатолий, СУББОТИН, Леонид Арсеньевич.",,,
40618,40619,18024,Горящая земля.,"ДРДА, Ян.",,,
40620,40621,18025,Горящее сердце: (Гвардии рядовой Матросов). Пьеса в 3-х д.,"ШУР, Исаак Соломонович.",,,
40622,40623,18026,Горящее сердце: Документальная повесть.,"СТАРОДУБЦЕВ, Павел Тихонович.",,,
40624,40625,18027,Горящие деревья: Стихотворения разных лет.,"ПОДЕЛКОВ, Сергей.",,,
40626,40627,18028,Горящий огнем: Повесть из жизни протопопа Аввакума.,МИХАИЛ ,,,"[СЕМЕНОВ, Павел Васильевич]."
40628,40629,18029,Горящий перекат: (Шелапуты). Пьеса в 3-х д.,"ЖАТКИН, Петр Лазаревич.",,,
40630,40631,18030,Горящий светильник.,О. ГЕНРИ.,,,
40632,40633,18031,Горящий уголь: Рассказы.,"СУ-ЛИАШВИЛИ, Давид Сократович.",,,
40634,40635,18032,Госницкий: Исторический роман. С описанием нравов и обычаев запорожцев.,"Т... Ъ, Ив.",,,
40636,40637,18033,Госпиталь.,"ЖУВ, Пьер Жан.",,,
40638,40639,18034,Госпиталь доктора Силина.,"СМИРНОВ, Сергей Сергеевич.",,,
40640,40641,18035,Господа адвокаты: (Очерк).,"ГРА-БИНА, Алексей Трофимович.",,,
40642,40643,18036,Господа Акчурины.,"ЮСУПОВ, Абдулла Ибрагимович.",,,
40644,40647,18037,"Господа, ваши билеты!","КУРТЕ-ЛИН, Жорж. ",,Разбитая карьера...,
40648,40649,18038,Господа Глембаи: Драма в 3-х д.,"КРЛЕЖА, Мирослав.",,,
40650,40651,18039,Господа Головлевы.,"САЛТЫКОВ-ЩЕДРИН, Михаил Евграфович.",,,
40652,40653,18040,Господа Деприе и их рабы.,"АМП, Пьер.",,,
40654,40657,18041,Господа защитники: Комедия в 2-х д.,"АЛЕКСАНДРОВ, Виктор (КРЫЛОВ, Виктор Александрович).",,,
40658,40659,18042,Господа земцы: Провинциальные картинки (1879—1880).,"КРУГЛОВ, Александр Васильевич.",,,
40660,40661,18043,Господа и рабы: Роман из жизни американских рабочих.,"ЛАССЕН, Джон (ЛЕКАИ, Янош).",,,
40662,40663,18044,Господа и слуги: Водевиль в 1-м д. с пением и танцами.,"ШАБЕЛЬСКИИ, Александр Васильевич.",,,
40664,40665,18045,Господа и слуги: Повесть из жизни псовых и ружейных охотников.,"ТОМИ-ЛИН, В. Е.",,,
40666,40667,18046,Господа и слуги: Рассказы.,"ЛЕЙКИН, Николай Александрович.",,,
40668,40669,18047,Господа и товарищи: Музыкальная комедия в 3-х д.,"ЛУКОВСКИИ, Игорь Владимирович.",,,
40670,40673,18048,Господа избиратели: Комедия в 5-ти д.,"ПАЛЬМ, Александр Иванович.",,,
40674,40675,18049,Господа коммерсанты: Роман.,"ПАЗУХИН, Алексей Михайлович.",,,
40676,40677,18050,Господа коммерсанты: Юмористические рассказы.,"МЯСНИЦКИИ, Иван.",,,
40678,40679,18051,Господа Коровины: (Хам). Сцены из деревенской жизни в 5-ти д.,"АФОНЧИ-КОВ, Василий Григорьевич.",,,
40680,40681,18052,Господа крестьяне: Деревенские силуэты (1890—1896).,"КРУГЛОВ, Александр Васильевич.",,,
40682,40685,18053,Господа медвежинцы: Комедия в 1- м д. [5-е действие его же комедии «Война и мир»].,"ГОРОДНЯ, Василий (ГРЕ-ЧИНСКИИ, Василий Павлович).",,,
40686,40689,18054,Господа Мейеры: Веселые похождения одной еврейской семьи. Комедия в 3-х д.,"ФРИДМАН-ФРЕДЕРИХ, Фриц.",,,
40690,40693,18055,Господа миллионеры: Роман в 2- х ч.,"ОСИПОВ, Н. (РАКШАНИН, Николай Осипович).",,,
40694,40695,18056,Господа Обмановы.,"АМФИТЕАТРОВ, Александр Валентинович.",,,
40696,40697,18057,Господа Обносковы: Роман.,"ШЕЛЛЕР-МИХАИЛОВ, Александр Константинович.",,,
40698,40699,18058,Господа писатели.,"КСАНРОФ, Леон.",,,
40700,40701,18059,Господа Помпалинские: Роман.,"ОЖЕШКО, Элиза.",,,
40702,40703,18060,Господа приказчики: Наброски пером и карандашом.,"К..., Вл.",,,
40704,40705,18061,Господа рецензенты: Рецензент разоблаченный. Фарс в 1-м д.,"ЮЖНЫЙ, Петр.",,,
40706,40707,18062,Господа Ташкентцы: Картины нравов.,"САЛТЫКОВ-ЩЕДРИН, Михаил Евграфович.",,,
40708,40709,18063,Господа театралы: Сцены в 2-х д.,"ЛЕОНТЬЕВ, Иван Леонтьевич (ЩЕГЛОВ, Иван).",,,
40710,40711,18064,Господа Тумановы: Семейная драма в 3-х актах.,"СОБОЛЕВ, Игорь Владимирович.",,,
40712,40715,18065,Господин Альфонс: Комедия в 3- х д.,"ДЮМА, Александр (сын).",,,
40716,40717,18066,Господин антихрист: Роман.,"ШИШКО, Анатолий Валерьянович.",,,
40718,40719,18067,Господин Арди в интересном положении.,"ИДИН, С. (ПИЛЕНКО, Сергей Николаевич).",,,
40720,40721,18068,Господин Арсков: Повесть.,"КА-РАБЧЕВСКИИ, Николай Платонович.",,,
40722,40723,18069,Господин Бергер подает в отставку: Повесть.,"ИРКУТОВ, Андрей.",,,
40724,40725,18070,Господин Бот: Ч. 1—4.,"ПИГО ЛЕ-БРЮН, Шарль Антуан (ПИГО-ЛЕБ-РЕН, Шарль Антуан).",,,
40726,40729,18071,Господин бюрократ: Комедия в 3-х д.,"БИССОН, Александр, КАРРЭ, Фаб-рис.",,,
40730,40731,18072,Господин в цилиндре: Рассказ.,"СЛЕЗКИН, Юрий Львович.",,,
40732,40733,18073,Господин Великий Новгород: Историческая повесть.,"МОРДОВЦЕВ, Даниил Лукич.",,,
40734,40735,18074,Господин Великий Новгород: Повесть.,"БАЛАШОВ, Дмитрий Михайлович.",,,
40736,40739,18075,Господин Ветер и госпожа Непогода: Сказка.,"МЮССЕ, Поль Эдм. Загл. ",,,обл.: Ветер и Непогода.
40740,40741,18076,Господин голова: Дела житейские в 3-х д.,"САБУРОВ, Симон Федорович.",,,
40742,40743,18077,Господин Гориллиус: Фантастическая повесть.,"ДАР, Давид.",,,
40744,40747,18078,Господин депутат: Буффонада в 1-м д.,"ЛОЭНГРИН (ГЕРЦО-ВИНОГРАДСКИЙ, Петр Титович).",,,
40748,40753,18079,Господин директор: Комедйя в 3-х д.,"БИССОН, Александр, КАРРЕ, Фаб-рис (КАРРЭ, Фабрис) ",Господин бюрократ.,,
40754,40757,18080,Господин защитник: Комедия в 3- х д.,"МОЛЬНАР, Ференц.",,,
40758,40759,18081,Господин и госпожа Молох.,"ПРЕВО, Марсель.",,,
40760,40761,18082,Господин из Сан-Франциско: Произведения 1915—1916 гг.,"БУНИН, Иван Алексеевич.",,,
40762,40763,18083,Господин из Стамбула: Повести.,"МУГУЕВ, Хаджи-Мурат Магометович.",,,
40764,40767,18084,Господин Кактусов: (Рассказ).,"ВОЛЖСКИЙ, А. (ГЛИНКА-ВОЛЖСКИИ, Александр Сергеевич). ",,Семья Каплюшиных...,
40768,40769,18085,Господин Кардиналь.,"ХАЛЕВИ, Людовик (ГАЛЕВИ, Людовик).",,,
40770,40771,18086,Господин колодник: Повесть.,"ПО-ГОССКИИ, Александр Фомич.",,,
40772,40775,18087,Господин конца века: Пьеса в 4- х д.,"КОШКАРОВА, Татьяна Федоровна.",,,
40776,40777,18088,Господин Котик: (Эпизод из жизни одного мальчика).,"МЕДВЕДЕВ, Лев Михайлович.",,,
40778,40781,18089,Господин Кротт в сверхнатуральную величину.,"ВАЛЬЗЕР, Мартин. ",,Дуб и кролик...,
40782,40783,18090,Господин Ловелас: Повесть.,"ГАЛКИН, И.",,,
40784,40785,18091,Господин Миракль: Роман.,"ГАН-ДОН, Ив.",,,
40786,40787,18092,Господин Муштарской: Шутка-анекдот из театральной жизни в 3-х щ.,"КУЛИКОВ, Николай Иванович.",,,
40788,40789,18093,Господин Никто: Роман.,"РАЙНОВ, Богомил.",,,
40790,40791,18094,«Господин Паран» и другие рассказы.,"МОПАССАН, Гюи де.",,,
40792,40793,18095,Господин Петрос и его министры: Роман.,"ЗАРЬЯН, Наири.",,,
40794,40795,18096,Господин посол: Роман.,"ВЕРИС-СИМО, Эрико.",,,
40796,40797,18097,Господин Прохарчин: Рассказ.,"ДОСТОЕВСКИЙ, Федор Михайлович.",,,
40798,40799,18098,Господин Пузан.,"ОРНИЦ, Самуил.",,,
40800,40801,18099,Господин рубль: (Жертвы биржевой игры). Драма в 4-х д.,"ПОТЕХИН, Дмитрий Иванович.",,,
40802,40803,18100,Господин Сим: Зоографическая Шехеразада.,"ВЕРНЕТ, Евстафий.",,,
40804,40807,18101,Господин слуга или Игра счастия: Комедия-водевиль в 1-м д.,Имя авт. не установлено.,,,
40808,40809,18102,Господин Труадэк в лапах разврата.,"РОМЕН, Жюль (РОМЭН, Жюль).",,,
40810,40811,18103,Господин Трупо и его дочка: Ч. 1-4.,"КОК, Поль де.",,,
40812,40815,18104,Господин Феликс.,"КУРТЕЛИН, Жорж. ",,Формалисты...,
40816,40817,18105,Господин Фицек: Роман в 3-х ч.,"ГИДАШ, Анатоль (ГИДАШ, Антал).",,,
40818,40819,18106,"Господин фон-Бутитцль или Еж, от которого не уйдешь.","САФИР, Мориц Готлиб.",,,
40820,40821,18107,Господин Цацкин.,"АВЕРЧЕНКО, Аркадий Тимофеевич.",,,
40822,40823,18108,Господин Цеплис: Роман.,"РОЗИТ, Павил.",,,
40824,40825,18109,Господня воля: Рассказ для народ^.,"КУЗОВЛЕВ, Н.",,,
40826,40829,18110,Господня рыба.,"КУПРИН, Александр Иванович. ",,Осенние цветы...,
40830,40831,18111,Господская жизнь: Рассказы.,"КИ-ПЕН, Александр Абрамович.",,,
40832,40833,18112,Господская утроба: Пьеса в 3-х д.,"СОКОЛОВ, Константин Леонидович.",,,
40834,40835,18113,Господский пир: Пьеса в 6-ти карт.,"МОРИЦ, Жигмонд.",,,
40836,40837,18114,Господствующая высота: Очерки.,"АНДРИАСОВ, Михаил Андреевич.",,,
40838,40839,18115,Господствующая высота: Рассказ.,"НАГИБИН, Юрий Маркович.",,,
40840,40841,18116,Господь покарал: Рассказ.,"ТЕП-ЛОВ, Константин Александрович.",,,
40842,40843,18117,Госпожа: Повесть.,"ШПИЛЬГА-ГЕН, Фридрих.",,,
40844,40845,18118,Госпожа-адвокат: Комедия в 1-м д.,Имя авт. не установлено.,,,
40846,40849,18119,Госпожа Батист.,"МОПАССАН, Ги де.",,,
40850,40853,18120,Госпожа Бовари: Роман в 3-х ч.,"ФЛОБЕР, Гюстав. ",Мадам Бовари.,,
40854,40855,18121,Госпожа Бухгольц на Востоке.,"ШТИНДЕ, Юлиус.",,,
40856,40857,18122,"«Г-жа дороговизна»: (Караул, грабят!...). Обозрение в 1-м д.","ДУМСКИЙ, Л. Н. (ШОПНИК, Лев Назарович), ТО-ПУЗ, Наум Исаевич.",,,
40858,40859,18123,Госпожа Дюсотуар.,"ОРИОЛЬ, Жорж.",,,
40860,40861,18124,Госпожа Жени Трайбель.,"ФОНТАНЕ, Теодоре.",,,
40862,40863,18125,Госпожа идеология: Рассказы.,"ЧЕТВЕРИКОВ, Дмитрий (ЧЕТВЕРИКОВ, Борис Дмитриевич).",,,
40864,40865,18126,Госпожа из Сити.,"МЕССИНДЖЕР, Филипп.",,,
40866,40867,18127,Госпожа инженерша: Рассказ.,"ОСТРОМЕНЦКИИ, Цезарь Адольфович.",,,
40868,40869,18128,Госпожа Кротикова у себя в деревне: Сцены в 3-х д.,"ДЕДУШКА ИЗ КРЕСТЕЦ (СТРОМИЛОВ, Владимир Яковлевич).",,,
40870,40873,18129,Госпожа крыса и неизвестный.,"МАРС, Ф. Ст.",,,
40874,40875,18130,Госпожа Мак-Вильямс и молния; О горничных; Бессонная ночь; О подвигах великодушия; Отчет по делу о знаменитом контракте на поставку говядины.,"ТВЕН, Марк.",,,
40876,40879,18131,Госпожа Ментенон: Ч. 1—4.,"ЖАНЛИС, Стефани Фелисите.",,,
40880,40883,18132,Госпожа министерша: Комедия в 4-х д.,"НУШИЧ, Бранислав.",,,
40884,40885,18133,Госпожа Монсоро: Роман. Ч. 1—3.,"ДЮМА, Александр (отец).",,,
40886,40889,18134,Госпожа моя. Комедия в 4:х д.,"РАДЗИНСКИЙ, Станислав Адольфович, ШКЛОВСКИЙ, Виктор Борисович. ",Госпожа моя слава (новая редакция).,,
40890,40893,18135,Госпожа моя слава: Комедия в 3- х д.,"ШКЛОВСКИЙ, Виктор Борисович, РАДЗИНСКИЙ, Станислав Адольфович.",,,
40894,40895,18136,Госпожа Нежон: Рассказ.,"ЗОЛЯ, Эмиль.",,,
40896,40899,18137,«Госпожа» пошлость: Пьеса в 4- х д.,"ХОДОТОВ, Николай Николаевич.",,,
40900,40901,18138,Госпожа Слива.,"ДИКОВСКИЙ, Сергей Владимирович.",,,
40902,40905,18139,Госпожа Сурдис.,"ЗОЛЯ, Эмиль. ",Мадам Сурди.,,
40906,40907,18140,Госпожа Фирмиани: Новейшая повесть.,"БАЛЬЗАК, Оноре де.",,,
40908,40909,18141,"Госпожи Сельмины или Муж, жена и вдова: Комедия в 1-м д.","ЛАФОНТЕН, В., БЕЛЛЬ, Габриэль Александр",,,", ТЮЛЛИ, Жюль-Анри де."
40910,40911,18142,Госсек: (Картины из жизни).,"КА-РИНЦЕВ, Николай.",,,
40912,40913,18143,Гостеприимный пастор; Аптекарь-единорог; Я получил наследство.,"ГАРТ-ЛЕБЕН, Отто Эрих.",,,
40914,40917,18144,Гостеприимный пастор в «таком» доме.,"ГАРТЛЕБЕН, Отто Эрих. ",Гостеприимный пастор.,,
40918,40919,18145,Гостеприимство: Стихи лирические и иронические.,"ЩЕГЛОВ, Лев Сергеевич.",,,
40920,40923,18146,Гости: Драматический эпилог в 1- м д.,"ПШИБЫШЕВСКИИ, Станислав.",,,
40924,40925,18147,Гости: Новые стихотворения. Новые переводы.,"ДУДИН, Михаил Александрович.",,,
40926,40927,18148,Гости: Рассказы.,"МАМСУРОВ, Дабе Хабиевич.",,,
40928,40929,18149,Гости: Стихи.,"БЕЗДОМНЫЙ, Борис.",,,
40930,40931,18150,Гости в Севастополе.,"МАЛЫШ-КИН, Александр Георгиевич.",,,
40932,40933,18151,Гости в Стукачах.,"ОВЕЧКИН, Валентин Владимирович.",,,
40934,40935,18152,Гости Геркулеса: Роман в 2-х ч.,"ВИЛЬЯМСОН, Чарльз Норрис, ВИЛЬЯМСОН, Алиса Муриель.",,,
40936,40937,18153,Гости земли.,"ПРУССАК, Михаил Степанович.",,,
40938,40939,18154,Гости из Космоса: Повести и рассказы.,"КАЗАНЦЕВ, Александр Петрович.",,,
40940,40943,18155,Гости одолели: Шутка-водевиль в 2- х д.,"ОВСЯННИКОВ, Николай Петрович.",,,
40944,40945,18156,Гостиная леди Бетти: Английские нравы. Ч. 1—3.,"ДЕБОРД-ВАЛЬМОР, Мар-селина.",,,
40946,40947,18157,Гостинец.,"АНДРЕЕВ, Леонид Николаевич.",,,
40948,40951,18158,Гостиница «Астория»: Драма в 4-х д.,"ШТЕЙН, Александр Петрович.",,,
40952,40953,18159,Гостиница «Белая лошадь»: Комедия в 3-х д.,"БЛЮМЕНТАЛЬ, Оскар, КАДЕЛЬБУРГ, Густав.",,,
40954,40955,18160,Гостиница Бухгольц: Выставочные впечатления Вильгельмины Бухгольц.,"ШТИНДЕ, Юлиус.",,,
40956,40957,18161,Гостиница в Снеговце.,"ТЕВЕЛЕВ, Матвей Григорьевич.",,,
40958,40959,18162,Гостиница веселых друзей: Фарс в 3-х д.,"ФЕЙДО, Жорж.",,,
40960,40961,18163,«Гостиница» и другие рассказы.,"МОПАССАН, Гюи де.",,,
40962,40963,18164,Гостиница трех елей.,"РОЙЕ, Альфонс.",,,
40964,40965,18165,Гостиница Тринадцати повешенных: Роман в 3-х кн.,"КОК, Генрих де (КОК, Андри де).",,,
40966,40967,18166,Гостиница «Тристеце». Рассказы.,"МУНТЯНУ, Франчиск.",,,
40968,40969,18167,Гостинодворцы: Повесть.,"МЯСНИЦКИЙ, Иван.",,,
40970,40971,18168,Гостиный двор российской словесности.,"УЛЕГОВ, Феоктист.",,,
40972,40973,18169,Гость: Драма в 2-х д.,"БРАНДЕС, Эдуард.",,,
40974,40977,18170,Гость: Драматический памфлет в 3-х д.,"ИОСЕЛИАНИ, Джаба Константинович.",,,
40978,40979,18171,Гость: Драматический этюд.,"ДОБРЖИНСКИИ, Гавриил Валерьянович.",,,
40980,40981,18172—18173,Гость: Из рассказов севастопольца.,"ВАСИЛЬКОВСКИЙ, А. К.",,,
40982,40983,18174,Гость: Пьеса в 1-м д.,"ПАПАРИ-ГОПУЛО, Борис Владимирович.",,,
40984,40985,18175,Гость: Рассказ.,"ЗАЙЦЕВ, Борис Константинович.",,,
40986,40987,18176,"Гость:, Рассказы.","КАРАВАЕВА, Анна Александровна.",,,
40988,40991,18177,Гость: Сцены в 3-х д.,"ПЛЕЩЕЕВ, Александр Алексеевич. ",Федот — да не тот.,,
40992,40993,18178,Гость в своем доме: Пьеса в 2-х д.,"ЧИЧКОВ, Василий Михайлович.",,,
40994,40995,18179,Гость земли: Стихи и поэма.,"РОНКИН, Михаил Михайлович.",,,
40996,40997,18180,Гость из бездны: Научно-фантастический роман.,"МАРТЫНОВ, Георгий Сергеевич.",,,
40998,40999,18181,Гость из города: Стихи.,"АРХИПОВ, Александр Николаевич.",,,
41000,41001,18182,Гость из-за границы: Пьеса в 4-х сценах.,"АСЛАНОВ, Таймаз Абдулатипо-вич.",,,
41002,41003,18183,"Гость из космоса: Повесть ироническая, явно не научная и почти не фантастическая.","МЕЛИБЕЕВ, Петр Петрович, ТУРЕНСКАЯ, Валентина Ионовна.",,,
41004,41005,18184,Гость из Космоса: Полярные новеллы.,"КАЗАНЦЕВ, Александр Петрович.",,,
41006,41007,18185,Гость из ледяной пустыни.,"НИКУЛИН, Александр Георгиевич.",,,
41008,41009,18186,Гость из моря.,"ГОЛУБЕВ, Глеб Николаевич.",,,
41010,41013,18187,Гость из соседней республики: Рассказы.,"ЗУБАВИН, Борис Михайлович.",,,
41014,41015,18188,Гость Иова.,"КАРДОЗО ПИРЕС, Жозе.",,,
41016,41017,18189,Гость конференции: Пьеса в 1-м д.,"ЧАЛАЯ, Зинаида.",,,
41018,41021,18190,Гость напрокат; Флейтист.,"АН- СТЕЙ, Ф. (Энсти, Ф.).",,,
41022,41023,18191,Гость Норн.,"ИЕНСЕН, Иоганнес Вильгельм.",,,
41024,41025,18192,Гость полей: Стихи.,"БОГДАНОВ, Вячеслав Алексеевич.",,,
41026,41027,18193,Гость с того света.,"АШ, Шолом.",,,
41028,41029,18194,Гость чудесный: Избранные стихотворения.,"КЛЬГЧКОВ, Сергей.",,,
41030,41033,18195,Гостья: [Рассказ].,"ДЫМОВ, Осип. ",,С новым годом...,
41034,41035,18196,Гостья: Рассказ.,"КЛЯЗЬМИНСКИЙ, Н. (ЕРЕМУШКИН, Николай Нес-терович).",,,
41036,41037,18197,Гостья: Стихи.,"ГОВОРОВ, Александр Александрович.",,,
41038,41039,18198,Государев кречатник: Рассказ из быта сокольников.,"ПОЛЕВОЙ, Петр Николаевич.",,,
41040,41043,18199,Государева невеста:    Роман.,"ДМИТРИЕВ, Дмитрий Савватеевич.",,,
41044,41045,18200,Государевы ямщики.,"КОРОЛЕНКО, Владимир Галактионович.",,,
41046,41047,18201,Государственная дума: Рассказ.,"САНДЕРСКИЙ, Н.",,,
41048,41049,18202,Государственное дело: Пьеса в 1-м д.,"БАГИРОВ, Георгий Петрович.",,,
41050,41051,18203,Государственное дело: Рассказы.,"НАГИБИН, Юрий Маркович.",,,
41052,41055,18204,Государственное страхование: Пьеса в 1-м д. (Для постановки на сельской сцене).,Имя авт. не установлено.,,,
41056,41057,18205,...Государственной важности!: Пьеса в 8-ми карт.,"НАСИБОВ, Александр Ашотович.",,,
41058,41059,18206,Государственные и обыкновенные соображения Саши Синева: Непридуманные рассказы.,"ЗВЕРЕВ, Илья.",,,
41060,41063,18207,Государственные преступники: Роман.,"СКИФ, Р. (СОБОЛЕВ, Леонид Николаевич).",,,
41064,41065,18208,Государственный служащий: Роман.,"МЕДИО, Долорес.",,,
41066,41067,18209,Государственный Тимка.,"РАЕВСКИЙ, Борис Маркович.",,,
41068,41071,18210,Государственный человек: (В. И. Чапаев). Историческая драма в 5-ти д.,"ЛУНИН, Степан Михайлович.",,,
41072,41073,18211,Государство мальчишек. Рассказы.,"СВОЙСКИЙ, Борис Иосифович.",,,
41074,41077,18212,Государство солнца.,"КАМПА-НЕЛЛА, Томмазо. ",Город солнца.,,
41078,41081,18213,Государство солнца: (Записки Леонида Полозьева). Историческая повесть в 3-х ч.,"СМИРНОВ, Николай Григорьевич.",,,
41082,41083,18214,Государыне великой княгине Александре Федоровне на рождение в. к. Александра Николаевича. (1818).,"ЖУКОВСКИЙ, Василий Андреевич.",,,
41084,41085,18215,Государыня пустыня.,"БЕРЕСТОВ, Валентин Дмитриевич.",,,
41086,41087,18216,Государь-царь Иоанн III Васильевич. Трагедия в 5-ти д.,"ВРОЦКИЙ, Н. А. (НАВРОЦКИЙ, Александр Александрович).",,,
41088,41089,18217,Готама Будда: Трагедия в 5-ти д.,"ЗАПОРОЖСКИЙ, Е. Н.",,,
41090,41091,18218,Готов ли ты?: Рассказы.,"БАЛТ-РУНАС, Алексас Казевич.",,,
41092,41093,18219,Готовность номер один: Роман.,"ЭКОНОМОВ, Лев Аркадьевич.",,,
41094,41095,18220,Готовы ответить.,"САГАЙДАК, Иван Сидорович.",,,
41096,41097,18221,Готовься. Целься!,"МАЯКОВСКИЙ, Владимир Владимирович.",,,
41098,41099,18222,Гофий: Поэма в 4-х д. с эпилогом.,"ЛОДДИГЕР, Рудольф.",,,
41100,41103,18223,Гофолия: Трагедия в 5-ти д.,"РАСИН, Жан Батист. ",Аталия; Афалия.,,
41104,41105,18224,Гоха-дурак: Роман.,"АДЕС, Альберт, ИОСИПОВИЧИ, Альберт.",,,
41106,41107,18225,Гоц: (Молдавское сказание).,"ТО-ДОРОВ, И.",,,
41108,41109,18226,Гошка — партизанский сын: Повесть.,"МИХАЙЛОВА, Вера Григорьевна.",,,
41110,41111,18227,Грабеж: Рассказ.,"БАРОВ, Ал.",,,
41112,41113,18228,Грабители или Кровавая драма в лесу.,"ГРАНВИЛЬ, де.",,,
41114,41115,18229,Грабители морей: Роман в 3-х кн.,"ЖАКОЛИО, Луи.",,,
41116,41117,18230,Грабитель: Шутка в 1-м д. для любительских спектаклей.,"БАРШЕВСКИЙ, Иван.",,,
41118,41123,18231,Грабитель:   [Юмористический рассказ].,"АВЕРЧЕНКО, Аркадий Тимофеевич. ",,С корнем...,
41124,41127,18232,Грабитель в роли бухгалтера: Рассказ.,"КИНГ, А.",,,
41128,41129,18233,Грабли голода.,"ГРЕСГЕНЕР, Мария.",,,
41130,41131,18234,Гравюра: Стихи.,"ХОДУЛИН, Валерий Георгиевич.",,,
41132,41133,18235,Гравюра на дереве: Повесть.,"ЛАВРЕНЕВ, Борис Андреевич.",,,
41134,41135,18236,Гравюры.,"ИРЕЦКИИ, Виктор.",,,
41136,41137,18237,"Гравюры и марш: Стихи и поэмы, 1927—1929.","КУДРЕЙКО, Анатолий.",,,
41138,41139,18238,Град: Советский быт деревни. Пьеса в 2-х д.,"СОЛНЦЕВ, Марк (ПАНФЕРОВ, Федор Иванович).",,,
41140,41141,18239,Град: Стихи.,"ОЦУП, Николай Ав-деевич.",,,
41142,41143,18240,Град за лукоморьем: Исторические повести.,"ИЗЮМСКИЙ, Борис Васильевич.",,,
41144,41145,18241,Граждане: Комедия в 1-м д.,"ЩЕГЛОВ, Иван.",,,
41146,41147,18242,Граждане: Роман.,"БРАНДЫС, Ка-зимеж.",,,
41148,41149,18243,Граждане довоенного уровня.,"ГУРЕВИЧ, Исидор Яковлевич.",,,
41150,41151,18244,Граждане мальчишки: Повесть.,"СКРЯБИН, Михаил Евгеньевич.",,,
41152,41153,18245,Граждане неба: Мое путешествие к пустынникам Кавказских гор.,"СВЕН-ЦИЦКИЙ, Валентин Павлович.",,,
41154,41155,18246,Граждане пассажиры: Рассказы.,"ОФИН, Эмиль Михайлович.",,,
41156,41157,18247,Гражданин Брих: Роман.,"ОТЧЕ-НАШЕК, Ян.",,,
41158,41159,18248,Гражданин вода.,"БАРШЕВ, Николай Валерианович.",,,
41160,41161,18249,Гражданин всего мира.,"ЗАГРЯЦ-КОВА, Ирина Матвеевна.",,,
41162,41163,18250,Гражданин вселенной: Историческая повесть.,"АРЕЛЬСКИИ, Грааль.",,,
41164,41165,18251,Гражданин Дарней: Пьеса в 3-х д.,"МАКАРЬЕВ, Леонид Фед",,,Ьрович.
41166,41169,18252,Гражданин Дюгазон: Комедия в 4-х д.,"НОРМАН, Жак.",,,
41170,41171,18253,Гражданин и личность: Мысли в стихах.,"ТОПАЗОВ, Александр Григорьевич.",,,
41172,41173,18254,"Гражданин Минин и князь Пожарский, освободители Москвы и Отечества в 1612 году: Историческая повесть.","ИЗВОЛЬСКИЙ, Сергей Петрович.",,,
41174,41175,18255,Гражданин Митька: Повесть.,"КРИНИЦКИЙ, Марк.",,,
41176,41177,18256,"Гражданин, поэт, солдат: Стихи и поэмы.","ХУЗЕЕВ, Гали Хазиевич.",,,
41178,41179,18257,Гражданин Репкин.,"КОЗЫРЕВ, Михаил Яковлевич.",,,
41180,41183,18258,Гражданин республики: Пьеса в 2-х д.,"КАРПЕНКО, Галина Владимировна.",,,
41184,41185,18259,Гражданин Уклейкин: Рассказы.,"ШМЕЛЕВ, Иван Сергеевич.",,,
41186,41187,18260,Гражданка; Доброволец Солодаев: Сцены из текущей провинциальной жизни в 4-х д.,"ПАЛЬМ, Александр Иванович.",,,
41188,41189,18261,Гражданка Изидор.,"КЛАДЕЛЬ, Леон.",,,
41190,41191,18262,Гражданская война: Социальная драма в 2-х карт.,"НЕВЕРОВ, Александр.",,,
41192,41193,18263,Гражданская лирика: Стихи.,"ЧУЕВ, Феликс Иванович.",,,
41194,41197,18264,Гражданская смерть: Драма в 5-ти д.,"ДЖИАКОМЕТТИ, Паоло (ДЖАКОМЕТТИ, Паоло).",,,
41198,41199,18265,Гражданский брак: Драма в 3-х актах.,"ЧЕРНЫЙ, М.",,,
41200,41203,18266,Гражданский брак: Комедия в 5-ти Д.,"ЧЕРНЯВСКИЙ, Николай Иванович.",,,
41204,41207,18267,Гражданский брак: Роман. М...,"ВА, Н..",,,.а. Изд. также под загл: Женский вопрос.
41208,41209,18268,Гражина: Поэма.,"МИЦКЕВИЧ, Адам.",,,
41210,41211,18269,Гралина.,"ЧЕГЛОК, Александр.",,,
41212,41213,18270,Грамматика: Комедия в 2-х д.,"ЛАБИШ, Эжен Мари.",,,
41214,41215,18271,Грамматика под пальмами: Очерки.,"СУРОВА, Елена Ивановна.",,,
41216,41217,18272,Грамматический спор: Комедия в 8-ми лицах и 8-ми явлениях.,"СМИРНОВ, Петр Алексеевич.",,,
41218,41219,18273,Граммофон: Повести и рассказы.,"ЛУЗГИН, Михаил Васильевич.",,,
41220,41221,18274,Граммофон: Рассказы.,"ГЕРАСИМОВА, Валерия Анатольевна.",,,
41222,41223,18275,Граммофон веков.,"ЗОЗУЛЯ, Ефим Давидович.",,,
41224,41227,18276,Граммофониада: Шутка в 2-х д.,"УРУСОВ, Леонид Герасимович. ",Битва граммофонов.,,
41228,41229,18277,Грамота: Рассказ.,"ВАСИЛЬКОВСКИЙ, А. К.",,,
41230,41233,18278,Грамота: Рассказ крестьянина Никона.,Имя авт. не установлено.,,,
41234,41237,18279,Грамотеи: (Сцена в 2-х   д.).,"ШИШКОВ, Вячеслав Яковлевич.",,,
41238,41241,18280,Грамотей Захар.,"ЯКИМОВ, Павел Михайлович. ",,Вожак...,
41242,41243,18281,Грамотница: (Агитпьеса в 3-х д.).,"ЛЕБЕДЕВ, Б. А.",,,
41244,41245,18282,Граната в ушанке: Повесть.,"ЕФЕ-ТОВ, Марк Семенович (ЕФЕТОВ, Марк Симович)",,,е
41246,41247,18283,Гранатов цвет: Повесть.,"АРТИ-ЩЕВ, Валерий Васильевич.",,,
41248,41249,18284,Гранатовые лепестки.,"КОРОБКОВ, Вл.",,,
41250,41251,18285,Гранатовый берег: Стихи.,"ФЛОРОВ, Герман Федорович.",,,
41252,41253,18286,Гранатовый браслет.,"КУПРИН, Александр Иванович.",,,
41254,41257,18287,Гранатовый дом:    Рассказы.,"УАЙЛЬД, Оскар.",,,
41258,41259,18288,Гранатовый куст: Стихи.,"ПОРЧ-ХИДЗЕ, Шалва Иванович.",,,
41260,41261,18289,"Гранатовый сок: Очерки, рассказы.","КАЛИНИН, Анатолий Вениаминович.",,,
41262,41265,18290,Гранатометчики: Боевые эпизоды из жизни одного батальона.,"ДИЕСТРО, Рамон. ",Рассказы майора Рамона Диэстро; Четвертый батальон.,,
41266,41267,18291,Грандиозный проект.,"РУССКИЙ ЭДИСОН (ГОРИН, Ефим Евграфович).",,,
41268,41269,18292,Гранд-отель «Вавилон»: Приключения миллионера Теодора Рексоля. Роман.,"БЕННЕТ, Арнольд.",,,
41270,41271,18293,Граненое время: Роман.,"БУРЛАК, Борис Сергеевич.",,,
41272,41273,18294,Грани: Лирика.,"КУНЯЕВ, Борис Ильич.",,,
41274,41275,18295,Грани: (Рассказ).,"ОРЕНБУРГСКИЙ (ЯКОВЛЕВ, И.).",,,
41276,41277,18296,Грани: Роман.,"ЕГОШИН, Геннадий Леонидович (ЕГОШИН. Геннадий Леонтьевич).",,,
41278,41279,18297,Грани: Стихи.,"ГЛАЗОВ, Григорий.",,,
41280,41281,18298,Грани: Стихи. Поэма.,"ЧЕРКАСОВ, Николай Михайлович.",,,
41282,41283,18299,Грани: Стихотворения. (Книга-рукопись).,"БОРИСОГЛЕБСКИЙ, Михаил Васильевич.",,,
41284,41285,18300,Грани алмаза: Пьеса в 3-х актах с прологом.,"БОБОШКО, Юрий Николаевич, ГОНЧАРОВ, Владимир Петрович",,,", ПАСЕКА, Прокопий Трофимович."
41286,41287,18301,Грани жизни: Роман.,"КАРАВАЕВА, Анна Александровна.",,,
41288,41289,18302,Грани жизни: Стихи.,"СКОРОХОДОВ, Михаил Евгеньевич.",,,
41290,41291,18303,Гранит Балаклавы.,"АБРАМОВ, Михаил Андреевич.",,,
41292,41293,18304,Гранит не плавится: Из записок чекиста. Роман.,"ТЕВЕКЕЛЯН, Варткес Арутюнович.",,,
41294,41295,18305,Гранитный корабль.,"ПЕТРОВ-ГРУМАНТ, Михаил Степанович.",,,
41296,41297,18306,Гранитный линкор.,"МЕЛЬНИК, Георгий Акимович.",,,
41298,41299,18307,"Гранитный луг: Стихи, 1921— 1922 г.","ДОРОНИН, Иван Иванович.",,,
41300,41301,18308,"Гранитный сад: Книга лирики, 1925—1928.","РОЖДЕСТВЕНСКИЙ, Всеволод Александрович.",,,
41302,41303,18309,Граница: Белорусская хроника. Повесть 1.,"КУЛЕШОВ, Аркадий Александрович.",,,
41304,41305,18310,Граница: (Очерк).,"ЛИПМАН, Натан Ионович.",,,
41306,41307,18311,Граница: Повести и рассказы.,"ЛЕВИН, Минель Иосифович.",,,
41308,41309,18312,Граница: Повесть и рассказы.,"ГОРЛЕЦКИЙ, Лукьян Петрович.",,,
41310,41311,18313,Граница: [Путевые заметки].,"ЖУКОВ, Юрий Александрович.",,,
41312,41313,18314,Граница: Пьеса в 3-х эпизодах. (По одноименному рассказу Р. Бершадского и Л. Рубинштейна).,"БЕРШАДСКИЙ, Рудольф Юльевич, ПОКОТИЛОВ-СКИЙ, И.",,,
41314,41315,18315,Граница: [Рассказы].,"КАНТОРОВИЧ, Лев Владимирович.",,,
41316,41317,18316,Граница: Рассказы и очерки.,"КУЛИКОВ, Александр Павлович.",,,
41318,41319,18317,Граница: [Роман].,"НАЛКОВ-СКАЯ, Зофья.",,,
41320,41321,18318,Граница: Роман.,"РОЙЗМАН, Матвей Давидович.",,,
41322,41323,18319,Граница: Роман.,"ЯРОШЕВСКИЙ, Сергей Осипович.",,,
41324,41325,18320,Граница: Стихи.,"БЫТОВОЙ, Семен.",,,
41326,41327,18321,Граница: Стихи.,"ГАЛКИН, Василий.",,,
41328,41329,18322,Граница: Стихи.,"ГАМЗАТОВ, Расул Гамзатович.",,,
41330,41333,18323,Граница в огне: Документальная повесть.,"БЕЛЯЕВ, Владимир Павлович. ",Застава над Бугом.,,
41334,41335,18324,Граница в роще сосновой: Повести.,"ДЬЯКОНОВ, Юрий Александрович.",,,
41336,41337,18325,Граница времени.,"СЕРГЕЕВ, Марк.",,,
41338,41339,18326,Граница за Берлином: [Записки советского офицера].,"СМЫЧАГИН, Петр Михайлович.",,,
41340,41341,18327,Граница жизни: Рассказы и очерки.,"ЧИКОВАНИ, Григол.",,,
41342,41343,18328,Граница и люди: Рассказы.,"ДМИТРИЕВ, Георгий Иванович.",,,
41344,41345,18329,Граница и пограничники.,"КИС-ЛОВ, Константин Андреевич.",,,
41346,41347,18330,"Граница, любовь моя: Стихи.","ГЕТТУЕВ, Максим Исмаилович.",,,
41348,41349,18331,Граница на Востоке: Стихи.,"МОЛЧАНОВ, Иван Иванович (СИБИРСКИЙ) (МОЛЧАНОВ - СИБИРСКИЙ, Иван Иванович).",,,
41350,41353,18332,Граница откроется в полночь: Повести.,"ЗАСЕДА, Игорь Иванович.",,,
41354,41355,18333,Граница проходит рядом: Рассказы и очерки.,"ДАНИЛОВ, Николай Степанович.",,,
41356,41357,18334,Граница Родины: Стихи.,"НЕСМЕЯНОВ, Анатолий Иванович.",,,
41358,41359,18335,Граница — рядом: Роман.,"РОМАНОВ, Николай Александрович.",,,
41360,41361,18336,Граница света: Стихи.,"ЖДАНОВ, Игорь Николаевич.",,,
41362,41363,18337,Граница у моря.,"МАНСИСИДОР, Хосе.",,,
41364,41365,18338,Граница чувства: Книга новых стихов.,"САВЕЛЬЕВ, Иван Кузьмич.",,,
41366,41367,18339,Границу переходят в полночь: (Письма из Анголы).,КОЛЕСНИЧЕНКО. ,,,Томас Анатольевич.
41368,41369,18340,Границы: (Рассказ).,"ЭВЕРС, Ганс Гейнц.",,,
41370,41371,18341,Границы: Стихи.,"ЯХНИН, Зорий Яковлевич.",,,
41372,41373,18342,Границы ночи.,"ЭРЕНБУРГ, Илья Григорьевич.",,,
41374,41375,18343,Границы остаются позади: Стихи.,"СОРОКИН, Лев Леонидович.",,,
41376,41377,18344,"Границы, открытые ветру.","ТРАВИНА, Альфредо Данте.",,,
41378,41379,18345,Грановитая палата: Кн. 1—3.,"КУ-ГУШЕВ, Николай Михайлович.",,,
41380,41381,18346,«Грант» вызывает Москву.,"АРДАМАТСКИЙ, Василий Иванович.",,,
41382,41383,18347,Гран-Чако: Повесть.,"ЛАРРА, Рауль.",,,
41384,41385,18348,"Грань: Лирика, 1918—1928.","ГОРОДЕЦКИЙ, Сергей Митрофанович.",,,
41386,41387,18349,Грань: Пьеса в 5-ти д.,"ТИМКОВ-СКИЙ, Николай Иванович.",,,
41388,41389,18350,Грань: Роман.,"БОРИСОГЛЕБСКИЙ, Михаил Васильевич.",,,
41390,41391,18351,Грань: Роман. Т. 1.,ОКУНЕВ. ,,,Яков.
41392,41393,18352,Грань: Стихи.,"РЫБАКОВ, Моисей Александрович.",,,
41394,41395,18353,Грань: Стихотворения.,"СИКОРСКИЙ, Вадим Витальевич.",,,
41396,41397,18354,Грань бессмертия.,"БОРУНЬ, КШИШТОФ.",,,
41398,41399,18355,Грасвильское аббатство.,"МУР, Джордж.",,,
41400,41403,18356,Граубиндец или Берег волшебниц:    Ч. 1—2.,"ЦШОККЕ, Ганри (ЦШОККЕ, Генрих).",,,
41404,41405,18357,"Граф Александр Васильевич Суворов, знаменитый герой русский: Рассказ.","КУКЕ ЛЬ (ЛУНИН, В. А.).",,,
41406,41407,18358,Граф Амори или Два рода любви: Роман. 4.1— 3.,"ДЮМА, Александр (отец).",,,
41408,41409,18359,Граф Антонио: Роман.,"ХОП, Энтони (ХОУП, Энтони).",,,
41410,41411,18360,Граф Аранда: Драматические сцены из XVIII века.,"РАКОВИЧ, И.",,,
41412,41413,18361,Граф Барбебле: Роман. Ч. 1—2.,"ФЕВАЛЬ, Поль Анри.",,,
41414,41417,18362,Граф Батцани или Миллионер-нищий: Сенсационный уголовный роман из действительной жизни. В 4-х ч.,Имя автора не установлено.,,,
41418,41419,18363,Граф Беньевский: Драма в 5-тид.,"КОЦЕБУ, Август Фридрих.",,,
41420,41421,18364,Граф Борегар и Агнесса Тусе-нель; Неведомый страдалец: Легенды.,"ЗА-СОДИМСКИЙ, Павел Владимирович.",,,
41422,41423,18365,Граф Брюль: Интриги министров короля Августа II.,"КРАШЕВСКИЙ, Юзеф Игнацы.",,,
41424,41425,18366,Граф Бургундской: Драма в 4-х д.,"КОЦЕБУ, Август Фридрих.",,,
41426,41427,18367,Граф Вальтрон: Драма в 5-тид.,"МЕЛЛЕР, Генрих Фердинанд.",,,
41428,41429,18368,Граф Варвик: Трагедия в 5-тид.,"ЛАГАРП, Жан Франсуа.",,,
41430,41431,18369,Граф Габалис или Посвящение в тайную науку.,ВИЛЬЯР ДЕ МОНТФО-КОН (ВИЛЯР ДЕ МОНФОКОН).,,,
41432,41433,18370,Граф Габсбургский; Кубок.,"ШИЛЛЕР, Фридрих.",,,
41434,41435,18371,Граф Гакельберг или Рыцарь с серпом: Повесть.,"БЛЮМЕНГАГЕН, Вильгельм.",,,
41436,41437,18372,Граф Гарин: Роман.,"БОГАЕВСКИЙ, Орест.",,,
41438,41439,18373,Граф Горский: Кн. 1—2.,"КРИ-ЧЕВСКАЯ, Любовь Яковлевна.",,,
41440,41441,18374,Граф де Куланж: Роман.,"РИШЕ-БУРГ, Эмиль (РИШБУРГ, Эмиль).",,,
41442,41443,18375,Граф де-Можирон или Спеку ля-торы нашего времени: Роман.,"ДЕЛА-ВЕРЬНЬ, Александр (ЛАВЕРНЬ, Александр де).",,,
41444,41445,18376,Граф де Ризоор: Драма в 5-ти д.,"САРДУ, Викторьен.",,,
41446,41447,18377,Граф де Сен-Жермен: Роман.,"КА-ПАНДЮ, Эрнест.",,,
41448,41449,18378,Граф ди-Спандола: Комедия-фарс в 3-х д.,"БЕНТОВИН, Борис Ильич.",,,
41450,41451,18379,Граф и вожак медведя; Береговое право: Рассказы.,"ГОФМАН, Франц.",,,
41452,41453,18380,Граф Калиостро: Исторический рассказ.,"ФИЛИППОВ, Михаил Абрамович.",,,
41454,41455,18381,Граф Карманьола: Трагедия.,"МАНЦОНИ, Александр (МАНДЗОНИ, Алессандро).",,,
41456,41459,18382,"Граф Корк или Великий человек, и любопытная черта из жизни Генриха IV, с присовокуплением повести «Раскаяние молодой женщины».","ЖАНЛИС, Стефани Фелисите.",,,
41460,41461,18383,Граф Красов: Шутка-водевиль.,"БЕЗРУЧКО-ВЫСОЦКИЙ, А.",,,
41462,41463,18383а,Граф Л. Н. Толстой среди детей: Очерк из моих воспоминаний.,"ПЛАКСИН, Сергей Иванович.",,,
41464,41467,18384,Граф Лейчестер:   Трагедия в 5-ти д.,"АЛЬТВАССЕР, Теодор.",,,
41468,41469,18385,Граф Луканор.,"ХУАН, Мануэль.",,,
41470,41473,18386,Граф Любский или Любовь и кокетство: Русский нравоописательный роман. 4. 1—2.,"СИГОВ, Дмитрий.",,,
41474,41475,18387,"Граф Матвей Иванович Платов: Наказный Атаман Войска Донского. Рассказ, заимствованный из достоверных источников.","КУКЕЛЬ (ЛУНИН, В. А.).",,,
41476,41477,18388,Граф Мец: В 2-х ч.,"ВЕРНЕТ, Евстафий.",,,
41478,41479,18389,Граф Мирабо: Исторический роман. В 4-х ч.,"МУНДТ, Теодор.",,,
41480,41481,18390,Граф Молинов.,"БЭДЭЛЬ, Морис (БЕДЕЛЬ, Морис).",,,
41482,41485,18391,Граф Монте-Кристо: Драма в 5-ти д. с прологом.,"ДЮМА, Александр (отец), МАКЕ, Огюст Жюль.",,,
41486,41487,18392,Граф Монтекристо: (Из записок следователя).,"ШЕЙНИН, Лев Романович.",,,
41488,41491,18393,Граф Монте-Кристо: Роман. Ч. 1 — 2.,"ДЮМА, Александр (отец).",,,
41492,41493,18394,Граф Мориц Беньовский: Историческая быль.,"БОГОЛЮБОВ, Николай Петрович.",,,
41494,41495,18395,Граф Нулин: Комедия в 1-м д.,"РЕИМЕРС, Александр.",,,
41496,41497,18396,Граф Нулин: Псама.,"ПУШКИН, Александр Сергеевич.",,,
41498,41499,18397,Граф Нулин-сын: Повесть в стихах. В 2-х ч.,Б. Ф. ,,,
41500,41501,18398,Граф Обезьянинов на новом месте: Фантастический этюд. В 5-ти ч. Ч. 1—5.,"МЕЩЕРСКИЙ, Владимир Петрович.",,,
41502,41503,18399,Граф Обоянский или Смоленск в 1812 году: Рассказ инвалида. Ч. 1—3.,"КОНШИН, Николай Михайлович.",,,
41504,41505,18400,"Граф Оже де Монтион, французский филантроп: Биографический рассказ.","ГОРН, В. О. фон (ЭРТЕЛЬ, Вильгельм).",,,
41506,41509,18401,Граф Потоцкий.,"ЯЗВИЦКИЙ, Валерий Иоильевич. ",,В «углу»...,
41510,41513,18402,Граф-пролетарий: Миниатюра в 1-м д.,"АРСКИЙ, Павел.",,,
41514,41515,18403,Граф Проспер де-Преводаль: Роман.,"ЛЯПУАНТ, Арман (ЛАПУАНТ, Арман).",,,
41516,41517,18404,Граф Раймонд де-Витри: Роман.,"СЕНТ-ФЕЛИКС, Юлий де (СЕН-ФЕЛИКС, Жюль де).",,,
41518,41521,18405,Граф Роберт Парижский: Роман Восточной империи. Ч. 1—4.,"СКОТТ, Вальтер. ","Роберт, граф Парижский; Роберт Парижский.",,
41522,41523,18406,Граф Розентайн или Заблуждение сердца: Ч. 1—2.,"ЛАФОНТЕН, Август Генрих Юлий.",,,
41524,41525,18407,Граф С...т или Странные приключения новомодной красавицы в замке Шотландских гор: Истинная повесть. Ч. 1—2.,"ШПИС, Христиан Генрих.",,,
41526,41529,18408—18409,Граф-самозванец или Погоня за миллионами: Вып. 1—23.,Имя авт. не установлено.,,,
41530,41531,18410,Граф Томский: Роман в стихах.,"КОЛОТЕНКО, Н.",,,
41532,41533,18411,Граф Тятин Балтийский: Историческая повесть в 2-х ч.,"САЛИАС (САЛИ-АС ДЕ ТУРНЕМИР, Евгений Андреевич).",,,
41534,41535,18412,Граф фан Горн.,"ИРВИНГ, Вашингтон.",,,
41536,41539,18413,Граф Феникс-Калиостро: Этюд в 1-м д. в стихах.,"БИАНКИ, А. Э.",,,
41540,41541,18414,Граф Филипп Кенигсмарк: Драма.,"БУРЕНИН, Виктор Петрович.",,,
41542,41543,18415,Граф Фредерик: (Загробный рассказ).,"КАРЫШЕВ, Иван А.",,,
41544,41545,18416,Граф Чалинский: Драма в 4-х д.,"ШУСТОВ, Александр Смарагдович.",,,
41546,41547,18417,Графинюшка: Рассказ.,"ЛЬВОВА, Мария Александровна.",,,
41548,41549,18418,Графиня: Трагедия в 5-ти д.,"КРУЗЕ, Генрих.",,,
41550,41551,18419,Графиня-артистка: Сенсационная быль наших дней.,"ГРАФ АМОРИ (РАП-ГОФ, Ипполит Павлович).",,,
41552,41553,18420,Графиня Гортензия.,"МЕРИ, Жозеф.",,,
41554,41555,18421,«Графиня д'Амальфи» и другие новеллы.,"Д'АННУНЦИО, Габриэле.",,,
41556,41557,18422,Графиня д'Арманьяк и ее два возлюбленных: Драматическая баллада в 3-х актах.,"ФОЛЬМЕЛЛЕР, Карл Густав.",,,
41558,41559,18423,Графиня де Клермон: (Одетта). Драма в 4-х д.,"САРДУ, Викторьен.",,,
41560,41561,18424,Графиня де Мадень: Ч. 1—2. Роман.,Е. П.,,,
41562,41563,18425,Графиня де-Монрион: Роман.,"СУЛЬЕ, Фредерик.",,,
41564,41565,18426,Графиня де Нансей.,"МОНТЭПЭН, Ксавье де (МОНТЕПЕН, Ксавье де).",,,
41566,41567,18427,Графиня дю Барри (любовница короля Людовика XV).,"ОЛАРТ, Е.",,,
41568,41569,18428,Графиня Евгения.,"ЕВПСИХИЕВ, Петр.",,,
41570,41573,18429,Графиня Зиновия.,"МУХИН, Александр. ",,Молитвенник...,
41574,41577,18430,Графиня и лакей: (Графиня Юлия). Драма в 2-х д.,"СТРАНДБЕРГ [!], А. (СТРИНДБЕРГ, Август).",,,
41578,41579,18431,Графиня Катя: Роман.,"ЮНГ, Шарлотта Мэри (ИОНДЖ, Шарлотта Мэри).",,,
41580,41581,18432,Графиня Козель.,"КРАШЕВСКИЙ, Юзеф Игнацы.",,,
41582,41583,18433,Графиня Кэт: Юмористические очерки.,"АДЛЕРСФЕЛЬД-БАЛЛЕРСТРЕМ [!] (АДЛЕРСФЕЛЬД-БАЛЛЕСТРЕМ, Ев-фимия).",,,
41584,41585,18434,Графиня Кэт в замужестве: Юмористические очерки.,"АДЛЕРСФЕЛЬД-БАЛЛЕСТРЕМ, Евфимия.",,,
41586,41587,18435,Графиня Мицци или Семейный съезд: Комедия в 1-м д.,"ШНИЦЛЕР, Артур.",,,
41588,41591,18436,Графиня Монсоро: Роман.,"ДЮМА, Александр (отец). ",Госпожа Монсоро; Графиня де Монсоро*.,,
41592,41595,18437,Графиня Монте-Кристо: Роман в 4-х ч.,"ДЮБУА, Жан.",,,
41596,41597,18438,Графиня Монтрету: Роман.,"ТИС-СО, Виктор, АМЕРО, Констан.",,,
41598,41599,18439,Графиня Муратова: Роман из петербургской великосветской жизни.,ЛЬВОВА. ,,,"А. Л. [!] (ЛЬВОВА, Александра Дмитриевна) ."
41600,41601,18440,Графиня Негрянская: Роман.,"АПРАКСИН, Александр Дмитриевич.",,,
41602,41605,18441,Графиня нищая: Страшная участь женщины-героини. Роман.,Имя авт. не установлено.,,,
41606,41607,18442,Графиня Полина: Повесть.,"ГЛИНКА, Авдотья Павловна.",,,
41608,41609,18443,Графиня поселянка или Медовый месяц: Комедия в 2-х д.,"СКРИБ, Эжен, МЕЛЬВИЛЬ (ДЮВЕРЬЕ, Анн Оноре)",,,", КАРМУШ, Пьер Франсуа Адольф."
41610,41611,18444,Графиня Романи. Комедия в 3-х д.,"ЖЭЛЕН, Густав.",,,
41612,41613,18445,"Графиня Рославлева или Супруга-героиня, отличившаяся в знаменитую войну 1812 года: Историко-описательная повесть XIX столетия. Ч. 1—2.","ГЛУХАРЕВ, Иван Романович.",,,
41614,41617,18446,Графиня Салисбюри: Ч. 1—4.,"ДЮМА, Александр (отец).",,,
41618,41619,18447,Графиня Сара.,"ОНЭ, Жорж (ОНЕ, Жорж).",,,
41620,41623,18448,Графиня Скнргелло: Драма в 3- х д.,"ПРОЗОР, Морис.",,,
41624,41627,18449,Графиня-тюремщица:   Немецкое сказание.,"ЯКУНИН, Иван (ЗАХАРЬИН, Иван Николаевич).",,,
41628,41629,18450,Графиня Шарни: Роман.,"ДЮМА, Александр (отец).",,,
41630,41631,18451,Графиня Шатобриан: Исторический роман.,"ЛАУБЕ, Генрих.",,,
41632,41633,18452,Графиня Эльвира: Шарж на солдатский спектакль в N-ском полку. В 2-х д.,"МИРОВИЧ, Евстигней.",,,
41634,41637,18453,Графиня Юлия. Драма в 2-х сценах.,"СТРИНДБЕРГ, Август. ",Барышня; Фрекен Юлия; Графиня и лакей.,,
41638,41639,18454,Графская кухарка.,"ПОПОВКИН, Евгений Ефимович.",,,
41640,41643,18455,Графы Штроццы или Добродетель не остается без награждения: Ч. 1—4.,Имя авт. не установлено.,,,
41644,41645,18455а,Грациана.,"РАМО, Жан.",,,
41646,41647,18456,"Грация: Роман из сардинских нравов, записанный со слов путешественника.","ЛЕО, Андрэ.",,,
41648,41649,18457,Грация Ли: Роман.,"КАВАНА, Джулия.",,,
41650,41651,18458,Грач: Инсценировка в 12-ти эпизодах из революции 1905 года. Сцены из жизни тов. Баумана.,"СТРОЕВ, Вениамин (ПРОППЕР, Вениамин Николаевич).",,,
41652,41653,18459,Грач —птица весенняя: Повесть о Н. Э. Баумане.,"МСТИСЛАВСКИЙ, Сергей.",,,
41654,41657,18460,"Грач, птица весенняя: Пьеса в 4- х д.","МСТИСЛАВСКИЙ, Сергей.",,,
41658,41659,18461,Грачи прилетели: Драма в 4-х д.,"КАДЕР, Борис.",,,
41660,41661,18462,Грачи прилетели: Повесть.,"ЗВЕЗ-ДАЕВА, Вера Андреевна.",,,
41662,41663,18463,Грачи прилетели: Рассказ.,"ЛУКАШЕВИЧ, Клавдия.",,,
41664,41665,18464,Грачи прилетели: Роман.,"АНДРЕЕВ, Александр (АНДРЕЕВ, Василий Дмитриевич).",,,
41666,41667,18465,Грачка: Рассказ.,"КОЖЕВНИКОВА-НИКОЛЬСКАЯ, А.",,,
41668,41669,18466,Гребеничка в плену: Казачья старина.,"КУЛЕБЯКИН, Александр Парфенть-евич.",,,
41670,41671,18467,Гребенский казак: Повесть.,"ШИД-ЛОВСКИИ, Александр.",,,
41672,41675,18468,Гревская волшебница: Роман. В 4-х ч.,"ФЕВАЛЬ, Поль Анри.",,,
41676,41681,18469,Греда.,"ЭБЕРС, Георг Моррц. ",История моей жизни.,,
41682,41683,18470,Греза и поэт: Сказка.,"КУМОВ, Роман Петрович.",,,
41684,41687,18471,Грезель: Роман.,"СБНТ-ОЛЕР, A. де.",,,
41688,41689,18471а,Грезы: Драма в 5-ти д.,БУБНОВА Е. ,,,"Д. (ЛУТСКАЯ-БУБНОВА, Елизавета Дмитриевна)."
41690,41691,18472,Грезы: Драма в 4-х д. в стихах.,"БАБКИН, Петр Иванович.",,,
41692,41693,18473,Грезы: «Дух праха» и другие стихотворения.,"ОРЕЛЬСКИЙ, Николай.",,,
41694,41695,18474,Грезы: Повесть.,"САЛОВ, Илья Александрович.",,,
41696,41697,18475,Грезы: [Рассказы].,"ДЕЛАРОВА, Надежда Викторовна.",,,
41698,41701,18476,Грезы: Роман.,"ЗОЛА, Эмиль (ЗОЛЯ, Эмиль). ",Мечта.,,
41702,41703,18477,Грезы: Стихотворения.,"АЛЧЕВСКАЯ, Христина Алексеевна.",,,
41704,41707,18478,Грезы Виолетты: Сказка из лондонской жизни.,Имя авт. не установлено.,,,
41708,41709,18479,Грезы во мраке: Стихотворения.,ЭЛЬБЕР.,,,
41710,41711,18480,Грезы жизни и сказки войны.,"B...В, А. (ВОРОНКОВ, А.).",,,
41712,41713,18481,Грезы и действительность: (Очерки).,"ВОДОВОЗОВА, Елизавета Николаевна.",,,
41714,41715,18482,Грезы и действительность: Сказки. 1. Дуб и ласточка. 2. Два куста смородины.,"ЛИПНИЦКИЙ, Иван Михайлович.",,,
41716,41717,18483,Грезы и жизнь: Стихотворения.,"ОПОЧИНИН, Владимир Петрович.",,,
41718,41719,18484,Грезы и мечты: Сборник оригинальных и переводных стихотворений.,"ДОЛГИНЦЕВ, Василий.",,,
41720,41721,18485,Грезы и песни: Стихотворения.,"ЯКУНИН, Иван (ЗАХАРЬИН, Иван Николаевич).",,,
41722,41723,18486,"Грезы и слезы: Повести, рассказы и стихотворения.","УМОВА, Ольга Кеса-ревна.",,,
41724,41725,18487,Грезы и сновидения.,"ШРЕЙНЕР, Оливия.",,,
41726,41727,18488,Грезы и тени: (Книга легенд).,"АМФИТЕАТРОВ, Александр Валентинович (OLD GENTLEMAN).",,,
41728,41729,18489,Грезы и чувства: (Сборник стихотворений).,"МАХО, Нина.",,,
41730,41731,18490,"Грезы любви: (Очерки, рассказы, эскизы).","ЛАПИДУС, Вл.",,,
41732,41733,18491,Грезы мира.,"СКЛИФОСОВСКИЙ, Виктор.",,,
41734,41735,18492,Грезы на досуге.,"ДИНСКАЯ, Н.",,,
41736,41737,18493,Грезы о счастье: Повести и рассказы.,"ПОРОШИН, Иван Александрович.",,,
41738,41741,18494,Грезы о счастье:    [Рассказы].,"ЩЕГЛОВ, Иван.",,,
41742,41745,18495,Грезы поэта: (Золотой сон).,"ПЕС-ТЕРЕВ-ПОМЕРАНЦЕВ, Ф. Ф. ",,Тернии души...,
41746,41747,18496,Грезы прошлого.,"ЕЛИАШЕВИЧ-ЖАНДР, Ольга Константиновна.",,,
41748,41749,18497,"Грезы Севера. Думы, Настроения. Сказки.","ВЯТКИН, Георгий Андреевич.",,,
41750,41751,18498,Грезы старого замка: Фантазия. В 1-м д.,"ЗАРЕЧНАЯ, Софья.",,,
41752,41753,18499,Грезы теней: Стихи.,"ХАРЛАМОВ, Николай Васильевич.",,,
41754,41757,18500,Грезы туманные... Думы тоскливые...:                                 (Стихотворения).,"ДОБРОКЛОН- СКАЯ, Нелли.",,,
41758,41761,18501,Грезы юности: Сборник напеча- танных и ненапечатанных стихотворений.,"НИКОЛЬСКИЙ, Михаил Эрастович.",,,
41762,41765,18502,Грезы юности:   Стихотворения.,"ПОЛОЧАНИН, Василий (ДМИТРИЕВ, Василий Акимович).",,,
41766,41769,18503,Грек Автономос    или Страдания православного в Турции: Сатирический роман в 2-х ч.,"ФЛЕММИНГ, Карл Магнусо-вич.",,,
41770,41771,18504,Грек-переводчик: Из приключений Шерлока Холмса.,"ДОЙЛЬ, Артур Конан.",,,
41772,41773,18505,Грелка: Комедия в 4-х д.,"МЕЛЬ-ЯК, Анри, ГАЛЕВИ, Людовик.",,,
41774,41775,18506,Гремели бои в Приднепровье: Записки офицера.,"ФОМЕНКО, Николай Иванович.",,,
41776,41777,18507,Гремит барабан: Роман.,"ГЕР-ГЕЛЬ, Шандор (ГЕРГЕЙ, Шандор).",,,
41778,41779,18508,"Гремите, колокола!; Лунные ночи; Суровое поле; Цыган; Эхо войны.","КАЛИНИН, Анатолий Вениаминович.",,,
41780,41781,18509,Гремок: Стихи.,"АЛЕКСЕЕВ, Олег Алексеевич.",,,
41782,41783,18510,Гремучая змея: Феерия в 5-ти д.,"БЕРКУТОВ, Д. (САМОЙЛОВ-ХОТЕВ, Дмитрий Аркадьевич).",,,
41784,41787,18511,Гремучая змея или Вождь индейцев: Рассказ.,"МАРРИЭТ, Фредерик. ","Гремучая змея, индейский вождь; Канадские поселенцы.",,
41788,41791,18512,"Гремучая змея, индейский вождь: Повесть из жизни переселенцев в Канаде.","МАРРИЭТ, Фредерик.",,,
41792,41793,18513,Гремячая башня.,"КАТЕРЛИ, Елена.",,,
41794,41795,18514,Гремячая поляна: Роман.,"КОЧИН, Николай Иванович.",,,
41796,41797,18515,Гремящий год.,"БУБЕННОВ, Михаил Семенович.",,,
41798,41799,18516,Гремящий дым.,"УЗИН, Семен Владимирович.",,,
41800,41801,18517,Гремящий порог: Роман.,"ТАУРИН, Франц Николаевич.",,,
41802,41803,18518,Гренада: Роман.,"ХОЛОПОВ, Георгий Константинович.",,,
41804,41805,18519,Гренада: [Стихи].,"СВЕТЛОВ, Михаил Аркадьевич.",,,
41806,41809,18520,Гренада моя: Героическая драма в 2-х д.,"ЛИПОВСКИЙ, Александр Ильич. ",Пламенные серд ца: (Гренада моя).,,
41810,41811,18521,Гренада моя: Роман.,"ПОЛЯКОВА, Анна.",,,
41812,41813,18522,Гренадер Леонтий Коренной: Историческая повесть.,"ЮРЬЕВ, В. (ВЕБЕР, Юрий Германович).",,,
41814,41815,18523,Гренадер Семен Новиков.,"СЕР-ГЕЕВ-ЦЕНСКИЙ, Сергей Николаевич.",,,
41816,41817,18524,Гренадеров шишак: Повесть.,"БУЛЬИ, Жан Никола.",,,
41818,41819,18525,Гренадеры императрицы: Исторический роман.,"МУНТД, Теодор (МУНДТ, Теодор).",,,
41820,41821,18526,Гренландский дневник.,"КЕНТ, Ро ",,,куэлл.
41822,41823,18527,«Гретхен» и другие рассказы.,"МАНН, Генрих.",,,
41824,41825,18528,Грех: Бытовая комедия в 4-х д.,"СИНЬКЕВИЧ, В. П.",,,
41826,41827,18529,Грех: Повести и рассказы.,"НА-СИМОВИЧ, Александр Федорович.",,,
41828,41829,18530,Грех: Повесть.,"ИДРИС, Юсуф.",,,
41830,41831,18531,Грех: Повесть.,"НАНД (НЕМИРОВИЧ-ДАНЧЕНКО, Николай Андреевич).",,,
41832,41833,18532,Грех: Пьеса в 3-х д.,ПШИБЫ-ШЕВ.,,,"СКАЯ, Дагна."
41834,41835,18533,Грех: [Рассказ].,"ЗАЙЦЕВ, Борис Константинович.",,,
41836,41837,18534,Грех: Рассказ старого служивого.,"ВАСИЛЬКОВСКИЙ, А. К.",,,
41838,41839,18535,Грех: Рассказы.,"ВИЛЕНСКИЙ, Марк Эзрович.",,,
41840,41841,18536,Грех: Рассказы.,"НИЗОВОЙ, Павел.",,,
41842,41843,18537,Грех: Роман.,"ЗАСОДИМСКИЙ, Павел Владимирович.",,,
41844,41845,18538,Грех: Роман.,"ФИБИХ, Клара.",,,
41846,41847,18539,Грех господина Антуана.,"САНД, Жорж.",,,
41848,41851,18540,Грех да беда на кого не живет: Драма.,"ОСТРОВСКИЙ, Александр Николаевич.",,,
41852,41857,18541,Грех да беда на кого не живет: Рассказ.,Имя авт. не установлено.,,,
41858,41859,18542,Грех дедушки Пахома: Рассказ.,"ХЕРОДИНОВ, А.",,,
41860,41861,18543,Грех Евы: (На что способна женщина). Пьеса в 4-х д.,"БЕЛАЯ, Софья (БОГДАНОВСКАЯ, Софья Николаевна).",,,
41862,41863,18544,Грех и наказание: Рассказ; Искупление: Повесть.,"РЕГИШЕВСКИЙ, Г. А.",,,
41864,41865,18545,Грех и покаяние Петра Безлице-го.,"ГЕРАСИМОВ, Павел Николаевич.",,,
41866,41869,18546,Грех и смех: (Путевые приключения). Рассказ.,"АЛЕКСЕЕВ, С. Загл. ",,,обл.: Смех и грех.
41870,41871,18547,Грех Ивана Ивановича: Рассказ.,"СОЛОВЬЕВ, Всеволод Сергеевич.",,,
41872,41873,18548,Грех Иоста Эвелинга: Роман из голландской жизни. В 2-х ч.,"МАРТЕНС, Мартен.",,,
41874,41875,18549,Грех мира сего.,"ТОМСОН, Федор.",,,
41876,41877,18550,Грех молодости: Роман.,"ЛЕН-НЕК, К.",,,
41878,41879,18551,"Грех не беда, молва не хороша: Сцены уездной жизни 184... г.","АЛЕКСЕЕВ, И. С.",,,
41880,41883,18552,Грех попутал.,"БАНГ, Герман Иоахим. ",,Береговые линии...,
41884,41885,18553,Грех содомский.,"МОРСКОЙ, А. А.",,,
41886,41887,18554,"Грех ходит не по миру, а по людям: Народная драма в 4-х д.","ДМИТРИЕВ, Дмитрий Савватеевич.",,,
41888,41889,18555,"Грехи, а не женихи: Сцены из купеческой жизни в 1-м д.","ЗАЛЕСОВА, Елизавета Николаевна.",,,
41890,41891,18556,Грехи батьки или Черти в гостях у попа: Невероятные происшествия в селе Плешивые Горки. Рассказ.,ШКАДРОВ-СИ-БИРЯК.,,,
41892,41893,18557,Грехи моей молодости: Рассказы.,"АМИР, Мирсай.",,,
41894,41895,18558,Грехи молодости: Комедия в4-хд.,"ГОЗЛАН, Леон.",,,
41896,41897,18559,Грехи отцов: Драма в 4-х д.,"ПАТКАНОВ, Константин Михайлович.",,,
41898,41899,18560,Грехи прошлого: Роман; Концы и начала: Рассказы.,"ШЕЛЛЕР-МИХАИЛОВ, Александр Константинович.",,,
41900,41901,18561,Грехи* смысла: Повести и рассказы.,"НЕВЕЖИН, Петр Михайлович.",,,
41902,41903,18562,Грехи Трины: Комедия в 4-х д.,"БЛАУМАН, Рудольф (БЛАУМАНИС, Рудольф Матисович).",,,
41904,41905,18563,Грехи юности: (Дела минувших дней).,"НЕВРАСТЕННЫЙ, А.",,,
41906,41907,18564,Грехи юности: I. Кто в свете не рассчитывает: (Комедия); II. Стихотворения; III. Блестящая партия: (Светские сцены).,"ГЕНДРИКОВ, С. А.",,,
41908,41909,18565,Греховодник: (Роман в стихах).,"МЕДВЕДЕВ, Иван.",,,
41910,41915,18566,"Грехом вино настоено, несчастьем прокурено:   Рассказ.","БРИЛЛИАНТОВ, Алексей Георгиевич.",,,
41916,41917,18567,Грехопадение: Роман.,"ХАРЛАМОВ, И.",,,
41918,41919,18568,Грехопадение Миневры.,"АМФИТЕАТРОВ, Александр Валентинович.",,,
41920,41921,18569,Грехопадения.,"ЯСНОВИДЯЩИЙ, Е. (ОНО, Евгений Эдуардович).",,,
41922,41923,18570,Греция моя родина: Стихи и поэмы.,"ПАРНИС, Алексис.",,,
41924,41927,18571,Гречанка.,Имя авт. не установлено.,,,
41928,41929,18572,Греческая танцовщица: Новеллы.,"ШНИЦЛЕР, Артур.",,,
41930,41935,18573,Греческий учитель Сократ.,"КАЛМЫКОВА, Александра Михайловна. ",,,"Гл. 9-ая написана Л. Н. Толстым. Изд. также под заглавиями: Великий греческий мудрец Сократ; Великий светоч древнего мира; Великий светоч древнего мира, греческий мудрец Сократ."
41936,41937,18574,Гречиха; Лен: Две сказки.,"АНДЕРСЕН, Ганс-Христиан.",,,
41938,41939,18575,Гречка в сферах.,"РАДОВ, Георгий.",,,
41940,41943,18576,Грешки моей жены: Миниатюра в 1-м д.,"АЛЕКСАНДРОВИЧ, Ал. (Ч-Н, А). ",,,"(ГОНЧАРЕНКО, Александр Александрович)."
41944,41945,18577,Грешки молодости: (Жертвы искупления). Фарс в 3-х д.,"БАБЕЦКИЙ, Ефим Моисеевич.",,,
41946,41947,18578,Грешки супругов: Фарс в 3-х д.,"УРАЛОВ (КАР-ЕВ, В. Н.) (КАРТАМЫ-ШЕВ, В. Н.).",,,
41948,41949,18579,Грешки юности: Повесть.,"ПРУС, Болеслав.",,,
41950,41951,18580,Грешная любовь: Драма в 2-х ч.,"ДЕЛЕНДИК, Анатолий Андреевич.",,,
41952,41953,18581,Грешная ночь: Фарс в 3-х д.,"МИТЯЙ (ГОЛЬДШТЕЙН, Марк Михайлович).",,,
41954,41955,18582,Грешник: Рассказы.,"ХЕКТ, Бен.",,,
41956,41957,18583,Грешница; Волчиха; А ей весело— она смеется!...: [Рассказы].,"ЗАСОДИМ-СКИЙ, Павел Владимирович.",,,
41958,41959,18584,Грешница: Драма в 2-х д.,"ФИНН, Константин.",,,
41960,41961,18585,Грешница: Избранные рассказы.,"КУРЦИИ, Андрей.",,,
41962,41963,18586,Грешница: Любовная история 17-го века.,"РЕНЬЕ, Анри де.",,,
41964,41967,18587,Грешница: Повесть.,"ЕВДОКИМОВ, Николай Семенович. ",,Необходимый человек...,
41968,41969,18588,Грешница: Роман.,"ВЕРГА, Джованни.",,,
41970,41971,18589,Грешница: Роман.,"ПИРАНДЕЛЛО, Луиджи.",,,
41972,41973,18590,Грешнички: (Враг побежден). Трагифарс в 3-х д.,"БЕЛАЯ, Софья (БОГДАНОВСКАЯ, Софья Николаевна).",,,
41974,41975,18591,Грешный: (Рассказ).,"АШ, Шолом.",,,
41976,41977,18592,Грешный ангел: Киносценарий.,"БЕРЕСТИНСКИЙ, Михаил Исаакович.",,,
41978,41981,18593,Триада:  Научно-фантастический роман.,"КОЛПАКОВ, Александр Лаврентьевич.",,,
41982,41983,18594,Грибная сказка.,"БЕЗОБРАЗОВ, Н. Ф.",,,
41984,41985,18595,Грибное место.,"ЖИРМУНСКАЯ, Тамара Александровна.",,,
41986,41987,18596,Грибной дед: Рассказ.,"ШВЕД ЕР, Евгений Иосифович.",,,
41988,41989,18597,"Грибной дождь: Повесть, рассказы, новеллы.","ГРЕКОВ, Александр.",,,
41990,41991,18598,Грибной дождь: Поэмы и диалоги.,"БОРИСОВА, Майя Ивановна.",,,
41992,41993,18599,Грибной дождь: (Стихи).,"КРАСНОВ, Анатолий Михайлович.",,,
41994,41995,18600,Грибной дождь: Стихи.,"ПОЛОВНИКОВ, Владимир Алексеевич.",,,
41996,41997,18601,Грибоедов: Драма.,"ЕРМОЛИНСКИЙ, Сергей Александрович.",,,
41998,42003,18602,Грибуль: Сказка.,"САНД, Жорж. ",,Говорящий дуб... Изд. также под загл.: Похождения Гри-буля.,
42004,42007,18603,Грибы: [Рассказ].,"УЭЛЛЬС, Герберт (УЭЛЛС, Герберт Джордж). ",,Ответственная роль...,
42008,42011,18604,Грибы: Русская сказка в стихах.,Имя авт. не установлено.,,,
42012,42013,18605,Грибы на асфальте: Повесть сатирическая с лирическим уклоном.,"ДУБРОВИН, Евгений Пантелеевич.",,,
42014,42015,18606,Грибы на кочке: Сатирические стихи.,"ЛОПЕС, Луис Карлос.",,,
42016,42017,18607,Гривастое солнце.,"АДАМОВ, Адам Магомедович.",,,
42018,42019,18608,Гривенник: Неправдоподобное событие. Рассказ.,"МЕИ, Лев Александрович.",,,
42020,42021,18609,Гривенник: Рассказ.,"ВАСИЛЬКОВСКИЙ, А. К.",,,
42022,42023,18610,Гривенник: Рассказ.,"НИКИФОРОВ, Георгий Константинович.",,,
42024,42025,18611,Григ на украденном фортепиано: Рассказы.,"МПАХЕЛЕ, Эзекиел.",,,
42026,42027,18612,Грига: Драма в 1-м д.,"ГУСЬКОВ, Дмитрий Романович.",,,
42028,42029,18613,Григорий Александрович Потемкин: Историческая повесть.,"ФУРМАН, Петр Романович.",,,
42030,42031,18614,Григорий Неграмотный: Рассказ.,"БАЛУЦКИЙ, Михаил.",,,
42032,42033,18615,Григорий Отрепьев: Драма в 7-ми карт.,"А-ОВ, В. П.",,,
42034,42035,18616,Григорий Токуев: Боевой путь спортсмена-партизана.,"ЯРОШЕВ, Виктор Михайлович, АРЖАНОВ, Алексей Михайлович.",,,
42036,42037,18617,Григорий Токуев: (Документальная повесть).,"КРАВЧЕНКО, Всеволод Игнатьевич.",,,
42038,42039,18618,Григорий Тучкин: Повесть о старых и новых людях русской деревни.,"ГОРСКИЙ, И.",,,
42040,42041,18619,Григорий Шелехов: Исторический роман.,"ГРИГОРЬЕВ, Владимир Степанович.",,,
42042,42043,18620,Григоровы острова.,"СОЛОУХИН, Владимир Алексеевич.",,,
42044,42045,18621,Гри-Гри: Вторая часть продолжения романа «Женщины петербургского большого света».,"МЕЩЕРСКИЙ, Владимир Петрович.",,,
42046,42047,18622,Гризель с рынка.,"ЛЕДЛАУ, Джонни (ВУД, Эллен).",,,
42048,42049,18623,Гризельда: [Пьеса].,"ГАУПТМАН, Гергарт.",,,
42050,42053,18624,Гризельда: Трагедия в 5-ти д. в стихах.,"ГАЛЬМ, Фридрих. ",Любви граница.,,
42054,42055,18625,Гризли: Роман.,"КЭРВУД, Джеймс Оливер (КЕРВУД, Джеймс Оливер).",,,
42056,42057,18626,Гримаса судьбы: (Бывшая артистка). Комедия в 1-м д.; Разбитая жизнь: (Мария Роксанова). Драматический этюд в 1-м д.,"МУРСКИЙ (МАКЕЕВ, Константин Николаевич).",,,
42058,42059,18627,Гримасы быта.,"ГУРЕВИЧ, Исидор Яковлевич.",,,
42060,42061,18628,Гримасы города: 4 трагические карикатуры.,"ЛЬВОВ, Яков Т.",,,
42062,42063,18629,Гримасы жизни: Книга рассказов.,"МЕНДЕЛЕВИЧ, А. М.",,,
42064,42065,18630,"Гримасы жизни: (Рассказы, картинки, наброски).","ЛОМАКИН, Игнатий Семенович.",,,
42066,42067,18631,Гримасы революции.,"ЗУБОВСКИЙ, Юрий Николаевич.",,,
42068,42069,18632,Гримасы улицы: Повесть.,"ШУЛЬГИН, Адриан Гаврилович.",,,
42070,42071,18633,Гринька и Гранька.,"КУЗНЕЦОВА, Мария (ГРИНЕВА, Мария).",,,
42072,42073,18634,Грипп свирепствует в Направе.,"КУРЕК, Ялю.",,,
42074,42075,18635,Гриф: Рассказ.,"СЕВЕРЦЕВ-ПО-ЛИЛОВ, Г. Т. (ПОЛИЛОВ, Георгий Тихонович) .",,,
42076,42077,18636,Гриф и Граф: Рассказы.,"СЕРГЕ-ЕВ-ЦЕНСКИЙ, Сергей Николаевич.",,,
42078,42079,18637,Грифон: Повесть.,"КОРОТЕЕВ, Николай Иванович.",,,
42080,42081,18638—18639,Грифы.,"ЧЕГЛОК, Александр.",,,
42082,42083,18640,Грицко.,"ГРИНЧЕНКО, Борис Дмитриевич.",,,
42084,42085,18641,Гриць и панич.,"ФРАНКО, Иван Яковлевич.",,,
42086,42087,18642,Грицько Блоха. [Рассказ].,"МАГНИЦКИЙ, А.",,,
42088,42089,18643,Гриша: Повесть.,"БЛИНОВ, Андрей Дмитриевич.",,,
42090,42091,18644,Гриша: Рассказ из раскольничьего быта.,"МЕЛЬНИКОВ, Павел Иванович.",,,
42092,42093,18645,Гриша-дурачок или Ответы невпопад.,ДЕДУШКА СЕРГЕЙ.,,,
42094,42097,18645а,Гриша или Любовь сестры.,Имя авт. не установлено.,,,
42098,42099,18646,Гриша или Любовь сестры: (Случай из жизни одного мальчика).,"ЛЮБИЧ-КОШУРОВ, Иоасаф Арианович.",,,
42100,42101,18647,Гриша Танкин: Рассказы в стихах о подвигах смекалистого и весёлого бойца.,"СОЛОДАРЬ, Цезарь Самойлович, СУРКОВ, Алексей Александрович.",,,
42102,42103,18648,"Гриша Телепнев, стрелецкий сын: Исторический рассказ из эпохи молодости Петра Великого.","АРСЕНЬЕВ, Александр Васильевич.",,,
42104,42105,18649,«Гришина милостыня» и другие рассказы.,"ЗАСОДИМСКИЙ, Павел Владимирович.",,,
42106,42107,18650,Гришина радость: Рассказы.,"МАЛЮГИН, Павел Константинович.",,,
42108,42109,18651,Гришина удача.,"ГОРОХОВ, Михаил Петрович.",,,
42110,42113,18652,Гришинцы.,"МАКСИМОВ, Марк Давыдович. ",,Лично известен: Повесть о товарище Камо...,
42114,42115,18653,Гришка; Добытчик: Рассказы.,"ХО-ТЫМСКИЙ, П. Б.",,,
42116,42119,18654,Гришка в небесах:       Рассказ.,"СМИРНОВ, Александр Алексеевич.",,,
42120,42121,18655,Гришка-грохотун.,"ИВАНОВ, Евгений.",,,
42122,42123,18656,Гришка Отрепьев и смутное время на Москве.,"СКЛОВСКАЯ, Вера.",,,
42124,42125,18657,"Гришка Отрепьев, самозванец, расстрига и беглец или Лжедмитрий: Исторический рассказ.","ПОСПЕЛОВ, Алексей.",,,
42126,42127,18658,Гришка Соколов: Рассказ.,"СЕДОВ, Георгий Андреевич.",,,
42128,42129,18659,Гришка-шахтер: Рассказ.,"ИВАНОВ, А.",,,
42130,42131,18660,Гришкин голубь.,"МУСИКОВ, Владимир Петрович.",,,
42132,42133,18661,Гришкина дружина.,"КОЧЕТКОВ, Дмитрий Иванович.",,,
42134,42135,18662,Гришкино учение: Рассказ.,"ИВАНОВ, Иван Александрович.",,,
42136,42137,18663,Гришкины делишки.,ЛЕХНО,,,", В л."
42138,42139,18664,Гришкины путешествия: Африка. Веселые приключения в 6-ти т. Стихи.,"КРАНДИЕВСКАЯ, Наталия Васильевна (КРАНДИЕВСКАЯ-ТОЛСТАЯ, Наталья Васильевна) .",,,
42140,42141,18665,Гробница: Кн. 1—3.,"БИЗЕ, ШОС-СЬЕ, Гектор.",,,
42142,42145,18666,Гробница на востоке: Полуоткрытая тайна.,Имя авт. не установлено.,,,
42146,42147,18667,Гробница на холме: Новость.,"КОЦЕБУ, Август Фридрих.",,,
42148,42149,18668,Гробовщик.,"ПУШКИН, Александр Сергеевич.",,,
42150,42151,18669,"Гробовщица, вдова Марья Себя-любова, или Неновый пример женской проделки с мужчиною: Быль.","ЕЖДАНОВ, Аркадий Андрианович.",,,
42152,42154,18670,Гроза: Драма в 5-ти д.,"ОСТРОВСКИЙ, Александр Николаевич.",,,
42155,42156,18671,Гроза: Рассказ.,"ДОГАНОВИЧ, Анна Никитична.",,,
42157,42158,18672,Гроза: [Рассказ],"ЛИПИНА, Анна Николаевна",,,","
42159,42160,18673,Гроза: Роман.,"ШИЯН, Анатолий Иванович.",,,
42161,42162,18674,Гроза: Роман из событий последней войны. В 3-х ч.,"НЕМИРОВИЧ-ДАНЧЕНКО, Василий Ивановнч.",,,
42163,42164,18675,Гроза: Стихи.,"КОГАН, Павел Давыдович.",,,
42165,42166,18676,Гроза: Стихи.,"КУЗНЕЦОВ, Юрий Поликарповнч.",,,
42167,42168,18677,Гроза: Стихотворения.,"АМАНЖОЛОВ, Касым Рахимжанович.",,,
42169,42170,18678,"Гроза, атаман разбойников или Отец и дочь: Сказка.",Имя авт. не установлено.,,,
42171,42172,18679,Гроза а застенках.,"ЛОШНИН, Григорий Иванович.",,,
42173,42174,18680,Гроза в степи.,"СЕРГЕЕВ, Павел Сергеевич.",,,
42175,42176,18681,Гроза Византии: Исторический роман в 2-х т.,"КРАСНИЦКИЙ, Александр Иванович.",,,
42177,42182,18682,"Гроза всего мира, Капитан Морг.  (Загл. обл.).",Имя авт. не установлено. ,"Властелин Вселенной: Таинственный изобретатель капитан Морг, гроза. всего мира, овладевший подземным миром и всеми планетами солнечной системы, имеющий свои форты на Луне н Марсе и целый город под землей. Новый, небывалый, фантастический, научный роман.",,
42183,42184,18683,Гроза гимназии: Рассказы из школьной жизни.,"ЛИБРОВИЧ, Сигизмунд Феликсович.",,,
42185,42186,18684,Гроза 12-го года: Трилогия. I. Гибель Москвы. II. Партизаны. III. Березина.,"ГОЛЕНИЩЕВА-КУТУЗОВА, Анастасия Васильевна.",,,
42187,42188,18685,Гроза зреет в тишине: Повесть.,"ШАШКОВ, Алесь.",,,
42189,42190,18686,Гроза и ночь: Стихотворения.,"БАРХИН, Константин Борисович.",,,
42191,42192,18687,"Гроза Кавказа, казак Яков Петрович Бакланов, и его битвы с Шамилем: Рассказ, заимствованный из достоверных источников.","КУКЕЛЬ (ЛУНИН, В. А).",,,
42193,42194,18688,"Гроза краснокожих: Вып, 1—45.",Имя авт. не установлено.,,,
42195,42196,18689,Гроза мира: Фантазия.,"РОК, И. де. ",,,"(РОК-КАЗБЕКОВ, И.)."
42197,42198,18690,Гроза на Даугаве: Роман.,"СТАЛЬНОЙ, Петр Дмитриевич.",,,
42199,42200,18691,Гроза на Елень-Озере: Повесть и рассказы.,"ДОМАРОВ, Константин Васильевич.",,,
42201,42202,18692,Гроза на Москве: Исторический роман из эпохи Иоанна Грозного.,"АЛТАЕВ, Ал.",,,
42203,42204,18693,Гроза на рассвете: Драма в 4-х д.,"ЗИЛЬБЕРМАН, Ефим Григорьевим, ХОЛЯВИН, Валентин Константинович.",,,
42205,42206,18693а,Гроза на рассвете: Роман.,"СЕРГИЕВИЧ, Дмитрий Григорьевич.",,,
42207,42208,18694,Гроза над Десной: Роман.,"БОРАНЕНКОВ, Николай Егорович.",,,
42209,42210,18695,Гроза над Римом: Роман.,"ЕРЕМИН, Дмитрий Иванович.",,,
42211,42212,18696,Гроза над Тишайшей: Рассказы.,"ФАЛИКМАН, Ихил Шмулевич.",,,
42213,42214,18697,Гроза над фиордами; Адмирал Макаров; Ломоносов.,"ЧИРКОВ, Александр Грнгорьевич.",,,
42215,42216,18698,Гроза над `Шелонью: Роман.,"ФЕДОРОВ, Евгений Александрович.",,,
42217,42218,18699,Гроза начнется на рассвете.,"ДУНАЕВ, Иван Петрович, МОТОРИН, Петр Архиповнч.",,,
42219,42220,18699а,Гроза над Щербиничами: Рассказы.,"СЕРГЕЕНКО, Михаил Михайлович.",,,
42221,42222,18700—18701,Гроза прошла мимо: Комедия в 3-х д.,"БРОДОВСКИЙ, К.",,,
42223,42224,18702,Гроздь винограда: Записки. Рассказы. Повесть.,"БОНДАРИН, Сергей Александрович.",,,
42225,42226,18703,Гроздь винограда: Стихи.,"ДЖУНУСОВ, Камчи.",,,
42227,42228,18704,Гроздь раздумий.,"АЛПЕНИДЗЕ, Владимир Тарасович. ",,,`
42229,42230,18705,Гроздья: Новые стихи.,ГРУДЕВ.  ,,,Игорь Тимофеевич.
42231,42232,18706,Гроздья: [Стихи].,"ПРОКОФЬЕВ, А А",,,ндреевич.
42233,42234,18707,Гроздья ветров: Стихи.,"БЕРИЛОВ, Николай Титович.",,,
42235,42236,18708,Гроздья гнева.,"СТЕЙНБЕК, Джон.",,,
42237,42238,18709,Гроздья калины: Стихи.,"РОСТОКИН, Виктор Алексеевич.",,,
42239,42240,18710,Гроздья на минах: Повесть.,"БУРЛАКА, Софрон Васильевич.",,,
42241,42242,18711,Гроздья рябины.,"ТАТАРЕНКО, Леонид Сергеевич.",,,
42243,42244,18712,Гроздья солнца: Повесть.,"ПЛОСКОВ, Филарет Прокопьевич.",,,
42245,42246,18713,Грозен Днепр.,"ГОЛОВАНИВСКИЙ, Савва Евсеевич.",,,
42247,42250,18714,"Грозен царь, да милостив бог: Историческая былина из времен царствования царя Ивана Васильевича.",Имя авт. не установлено.,,,
42251,42252,18715,Грозная дружина: Историческая повесть.,"ЧАРСКАЯ, Лидия.",,,
42253,42254,18716,Грозная ночь или Дивный секрет: Бывальщина.,"ДЯДЯ МИХЕЙ (КОРОТКИЙ, Сергей Аполлоновнч).",,,
42255,42256,18717,Грозная душа: Повесть в стихах.,"КУЛЕШОВ, Аркадий Александрович.",,,
42257,42258,18718,Грозная туча: Историческая повесть для юношества из времен Отечественной войны.,"МАКАРОВА, София Марковна.",,,
42259,42260,18719,"Грозное время на Руси, 1606—1613 г.: Рассказы прадеда правнукам из времен воцарения дома Романовых. Повесть в 2-х ч.","ЕЛЛИНСКИЙ, Иван Афанасьевич.",,,
42261,42262,18720,Грозное местоимение.,"АВЕРЧЕНКО, Аркадий Тимофеевич.",,,
42263,42264,18721,Грозное оружие: [Повесть].,"КОЖЕВНИКОВ, Вадим Михайлович. ",,,`
42265,42266,18722,Грозное пони (Сборник стихов).,"МАЯКОВСКИЙ, Владимир Владимирович.",,,
42267,42268,18723,Грозные дни: Записки о прошлом.,"ФИРСОВ, Миханл Яковлевич.",,,
42269,42270,18724,Грозные дни: Повесть.,"НАСИМОВИЧ, Александр Федорович.",,,
42271,42272,18725,Грозные дни: Роман.,"АХТАНОВ, Тахави.",,,
42273,42274,18726,Грозный адмирал; Пассажирка; «Беспокойный адмирал»: Повести.,"СТАНЮКОВИЧ, Константин Михайлович.",,,
42275,42276,18727,Грозный атаман на Воробьевых горах: Рассказ.,М. ,,,
42277,42278,18728,Грозный властелин: Повести и рассказы.,"ЛОРДКИПАНИДЗЕ, Нико (ЛОРДКИПАНИДЗЕ, Николай Мередович).",,,
42279,42280,18729,Грозный год: Из воспоминаний.,"КОЗЛОВ, Иван Андреевич.",,,
42281,42284,18730,Грозный год: [Историческая повесть].,"БОГОЛЮБОВ, Константин Васильевич. ",,,`В кн.: Атаман Золотой... ‚
42285,42286,18731,Грозный год: (Роман).,"ХОЛОПОВ, Георгий Константинович.",,,
42287,42288,18732,Грозный год: Стихотворения.,"ГИЛЯРОВСКИЙ, Владимир Алексеевич.",,,
42289,42290,18733,Грозный день: Драма в 1-м д.,"ЛУКОВСКИЙ, Игорь Владимировнч.",,,
42291,42292,18734,Грозный Дон: Народная драма в 3-х д.,"ПЕТРОВ, Дмитрий Ильич (БИРЮК).",,,
42293,42294,18735,Грозный идол или Строители ада на земле: Социальный роман.,"ЭЛЬСНЕР-КОРАНСКИЙ (ЭЛЬСНЕР, Анатолий Оттович).",,,
42295,42296,18736,Грозный негус: Рассказ о нравах и обычаях Абиссинии.,"РУБАКИН, Николай Александрович.",,,
42297,42298,18737,Грозный отцовский завет; Горный топаз: Две народные бывальцины.,"КОНДРАТЬЕВ, Иван Кузьмич.",,,
42299,42300,18738,Грозный перевал: Повесть.,"ГАЙЛИТ, Клеопатра Никифоровна.",,,
42301,42304,18739,Грозный татарин или Битва русских с кабардинцами: Исторический роман.  в 2-х ч.,Ч. ,,,
42305,42306,18740,Грозный час: Пьеса в 3-х д.,"КУРИН, Григорий.",,,
42307,42308,18741,Грозный час: Роман.,"ОГНЕВСКИЙ, Леонид.",,,
42309,42310,18742,Грозовая высота: Стихи.,"ЛЕВАШОВ, Мстислав Александрович.",,,
42311,42312,18743,Грозовая осень.,"ГРИГОРЬЕВ, Эдуард Иванович.",,,
42313,42314,18744,Грозовая степь: Повесть.,"СОБОЛЕВ, Анатолий Пантелеевич.",,,
42315,42316,18745,Грозовая туча: Повесть.,"МИТРО, Кхогендронатх.",,,
42317,42318,18746,Грозовое безмолвие: Стихи.,"КОПАНЕВ, Николай Иванович.",,,
42319,42320,18747,Грозовое лето: (Володя Ульянов на каникулах). Поэма.,"НУГМАНОВ, Мустафа Нугманович.",,,
42321,42322,18748,Грозовое лето: [Повесть и рассказы].,"ВОРОБЬЕВ, Петр Яковлевич.",,,
42323,42324,18749,Грозовое утро: Повесть.,"ПИЛЬГУК, Иван Иванович.",,,
42325,42326,18750,Грозовое утро: Стихи.,"КАНЕВСКИЙ, Давид Исаакович.",,,
42327,42328,18751,Грозовой август: Повесть.,"ИЛЬИН, Александр Николаевич.",,,
42329,42330,18752,Грозовой август: Роман.,"КОТЕНЕВ, Алексей Яковлевич.",,,
42331,42332,18753,Грозовой день: Стихотворения.,"ТАМАМШЕВ, Александр Артемьевич.",,,
42333,42334,18754,Грозовой дождь: Повесть.,"МИНСКИЙ, Габдрахман Мухамедович.",,,
42335,42336,18755,Грозовой Перевал.,"БРОНТЕ, Эмилия.",,,
42337,42338,18756,Грозовой фронт: Рассказы.,"МЯСНИКОВ, Борис Александрович.",,,
42339,42340,18757,Грозовые тучи. Драма в 3-х д.,"МОЗЕР, Э.",,,
42341,42342,18758,Грозовыми тропами: Киносценарии.,"ВЛАСОВ, Александр Ефимович, МЛОДИК, Аркадий Маркович.",,,
42343,42344,18759,Грозой рожденные: Поэзия Советского Узбекистана. Стихи.,"ШЕЙХЗАДЕ, Максуд.",,,
42345,42346,18760,Грозы и радуги: Роман.,"ЦЮПА, Иван Антонович.",,,
42347,42348,18761,Грозы и травы: Стихи.,"МИЛЬЧАКОВ, Алексей Иванович.",,,
42349,42350,18762,Грозы над ромашками.,"ГОРОДИСКИЙ, Николай Алексеевич.",,,
42351,42352,18763,Гром: Рассказ.,"СЕЛИВАНОВ, Алексей Николаевич.",,,
42353,42354,18764,Гром в апреле; Рассказы и очерки.,"КОЧЕТОВ, Всеволод Анисимович.",,,
42355,42356,18765,Гром в горах: Стихи и поэмы.,"МАШБАШ, Исхак.",,,
42357,42358,18766,Гром весенний.,"КРИВИЦКИЙ, Александр.",,,
42359,42360,18767,Гром дальний: Историческая пьеса в 7-ми эпизодах.,"МИЗАНДРОНЦЕВ, Лев Харитонович.",,,
42361,42362,18768,Гром и молния: Комедия в 1-м д.,"ВЕБЕР, Пьер.",,,
42363,42364,18769,Гром и молния: Рассказы.,"ВОРОБЬЕВ, Евгений Захарович.",,,
42365,42366,18770,Гром и молния: Сатирические стихи.,"ИВАНОВ, Владимир Михайлович.",,,
42367,42368,18771,Гром над горами: Роман.,"МАГОМЕДОВ, Муса Абдуллаевич.",,,
42369,42370,18772,Гром над перевалом.,"КОЧЕТКОВ, Александр Дмитриевич.",,,
42371,42372,18773,Гром над Синь-озерами.,"ЦВЕТОВ, Яков Евсеевич.",,,
42373,42374,18774,Гром над снегами: Повесть.,"ЦЕХАНОВИЧ, Василий Петрович.",,,
42375,42376,18775,Гром не грянет — мужик не перекрестится или Вразумление от бога.,"ЩЕЛКОПЕР, Н. Н.",,,
42377,42378,18776,"Гром победы, раздавайся!: Военный памфлет в 1-м д. с пением и танцами.","ЮЛИН, Ю. А. (ЭТМАН, Юлий Абрамович).",,,
42379,42380,18777,Гром спит в колоколах: Рассказы.,"МЕЛЕШИН, Станислав.",,,
42381,42382,18778,Грома гордые раскаты: Стихи. Письма. Воспоминания.,"ГМЫРЕВ, Алексей Михайлович.",,,
42383,42384,18779,Громадное удобство: Телефонада в 1-м д.,"АНТОНОВА, Софья Михайловна.",,,
42385,42386,18780,Громилы: Роман из быта московских воров. и мошенников.,"ЧМЫРЕВ, Николай Андреевич.",,,
42387,42388,18781,Громкая тишина: Повести.,"УСОЛЬЦЕВ, Альберт Харлампьевич.",,,
42389,42390,18782,Громкие игрушки. Детская пьеса в 1-м д.,ДЖУНКОВСКИЕ,,,", братья."
42391,42392,18783,Громкое дело: Пьеса в 3-Х д.,"ФИЛИППИ, Феликс.",,,
42393,42394,18784,Громобой: Древняя быль.,К*.,,,
42395,42400,18785,Громобой: [Повесть]. (Загл. обл.).,Имя авт. не установлено. ,,,На тит. л. загл: Витязь новгородский.  Громобой: Повесть из времен Владимира Красного Солнышка.
42401,42402,18786,Громовой: Рассказ.,"УЖГИН, Семен Семенович.",,,
42403,42406,18787,Громовой. Романтическая баллада.,Имя авт. не установлено.,,,
42407,42410,18788,"Громовой, витязь двора киевского: Повесть.",Имя авт. не установлено.,,,
42411,42412,18789,"Громовой, витязь Новгородский: Новгородское старинное предание. Музыкальная драма по балладе «Злой гений». Переделано самим автором; Сюрприз: Былье в 1-м д.","ПЕЙРАМА, Николай (КОСТИН, Николай Алексеевич).",,,
42413,42414,18790—18791,"Громовой, витязь новгородский, и семь морских красавиц: Старинное предание.","ЕВСТИГНЕЕВ, Михаил Е.",,,
42415,42418,18792,"Громовой, воевода великого князя Святослава Игоревича: Повесть из времен Х-го столетия.",Имя авт. не установлено.,,,
42419,42422,18793,"Громовой, киевский разбойник: Русская былина.",Имя авт. не установлено.,,,
42423,42426,18794,"Громовой, князь новгородский: Историческая повесть.",Имя авт. не установлено.,,,
42427,42430,18795,"Громовой, новгородский богатырь, и приключения Ярославны, боярской дочери: Повесть из исторических времен великого Новагорода, когда он был вольным городом.",Имя авт. не установлено.,,,
42431,42434,18796,"Громовой, новгородский витязь: Древнее предание.",Имя авт. не установлено.,,,
42435,42436,18797,"Громовой, новгородский витязь, и двенадцать спящих дев: Древнее предание. Пересказ.","Г...В, К. (ГОЛОХВАСТОВ, К. К.).",,,
42437,42440,18798,"Громовой, новгородский витязь, и прекрасная княжна Косожская Миловзора.",Имя авт. не установлено.,,,
42441,42444,18799,"Громовой, новгородский воевода: Историческая повесть.",Имя авт. не установлено.,,,
42445,42448,18800,"Громовой, новгородский русский витязь, и прекрасная княжна косожская Миловзора.",Имя авт. не установлено.,,,
42449,42460,18800а,"Громовой, русский витязь, и прекрасная Елена, Косожская Миловзора. Имя авт. не установлено. Загл. обл.: Громобой, русский князь, и прекрасная княжна Миловзора. 188006. Громобой, русский витязь, и прекрасная княжна Миловзора. (Загл. обл.).",Имя авт. не установлено. ,"Громобой, русский витязь, и прекрасная Елена, Косожская Миловзора.",,
42461,42466,18801,"Громобой, русский витязь, и прекрасная княжна Косожская Миловзора.",Имя авт. не установлено. ,"Громобой, новгородский витязь, и прекрасная княжна Косожская Миловзора; Громобой, новгородский русский витязь, и прекрасная княжна Косожская Миловзора; Громобой, русский витязь, и прекрасная Елена, Косожская Миловзора; Громобой русский витязь и прекрасная княжна Миловзора.",,
42467,42470,18801а,"Громобой, русский витязь, и прекрасная княжна Миловзора.",Имя авт. не установлено.,,,
42471,42472,18802,Громовая криница: Стихи.,"СМИРНОВ, Виктор Петрович.",,,
42473,42476,18803,Громовая стрела.,"ЛИТВИНОВ, Павел Дмитриевич. ",,Белая ворона...,
42477,42478,18804,Громокипящий кубок: Поэзы.,"СЕВЕРЯНИН, Игорь.",,,
42479,42480,18805,Громоотвод: Комедия в 4-х д.,"СУМБАТОВ, Александр Иванович.",,,
42481,42482,18806,Громоотводы: Стихи и поэмы.,"ЛЕВЧЕВ, Любомир.",,,
42483,42484,18807,Громы о мрамор: Стихи 1924— 1925 года.,"АСЕЕВ, Николай Николаевич.",,,
42485,42486,18808,Гроссмейстер аферизма.,"ЛАНСКОЙ, Марк Зосимович.",,,
42487,42488,18809,Гроссмейстерский балл: Роман.,"ШТЕМЛЕР, Илья Петрович.",,,
42489,42490,18810,Гроту Лермонтова.,"АЛЕКСЕЕВ, Илья Васильевич.",,,
42491,42496,18811,Грош в атласе или Нечаянное предсказание:   Нравственно-сатирическая повесть. Разговоры.,"КУЭМИЧЕВ, Федот Семенович.",,,
42497,42498,18812,Грошовая соната: Толстовщина. (Пародия на «Крейцерову сонату»).,"МЕЕ-РИНГ, Сигмар (МЕРИНГ, Сигмар).",,,
42499,42500,18813,Грошовый мертвец или Испуганные разбойники: Новейшая сказка.,"БАЗИЛЕВИЧ, Николай.",,,
42501,42504,18814,Гр-ражданин Российской империи: (Из гимназической жизни).,"ЭПШТЕЙН, А.",,,
42505,42506,18815,Грубиян.,"ЕЛЕОНСКИЙ, Сергей.",,,
42507,42508,18816,Грудью за славян!: Стихотворения.,"КОЛМЫКОВ, Петр Иванович.",,,
42509,42510,18817,NOPARSE,,,,"Груз: Пьеса в 3-х РОДИОНОВ, Ярослав Иванович, КАНТОР, Семен Вениаминович."
42511,42512,18818,Груз: [Стихи].,"БЕЗЫМЕНСКИЙ, Александр Ильич.",,,
42513,42514,18819,Груз: Стихи и поэмы.,"АКСЕЛЬ-РУД, Лев Моисеевич.",,,
42515,42518,18820,Груз особого назначения: Первоцвет. Драма в 2-х д.,"СОЛОДАРЬ, Цезарь Самойлович. ",Первоцвет:. (Груз особого назначения).,,
42519,42520,18821,"Грузинская весна: Стихи, 1948 г.","ТИХОНОВ, Николай Семенович.",,,
42521,42522,18822,Грузинская греза.,"КРЕМЛЕВ, Анатолий Николаевич.",,,
42523,42524,18823,Грузчики дядюшки Ари: Повесть.,"СХИППЕРС, Йелле.",,,
42525,42526,18824,Грузчица: Стихи.,"РУМЯНЦЕВА, Майя Александровна.",,,
42527,42528,18825—18826,Грум: (Недавняя быль).,"ЕЛЕЦ, Юлий Лукианович.",,,
42529,42530,18827,Груня: Повесть в стихах.,"ГОРОД-ЧАНИНОВ, Николай.",,,
42531,42532,18828,Груня: [Рассказ].,"МЕЛЬНИКОВ, Павел Иванович.",,,
42533,42534,18829,Грунятка: Рассказ.,"ЛИДАНОВА, Лидия.",,,
42535,42536,18830,Группа «Меч».,"СЕРЕДА, Игорь.",,,
42537,42538,18831,"Группа № 13: Шутливая повесть, основанная на фактах и факторах.","ИВАНОВ, Альберт Анатольевич, КАРЕЛОВ, Евгений.",,,
42539,42540,18832,Группа специального назначения: Повесть.,"ГРУДИНИН, Олег Георгиевич.",,,
42541,42542,18833,Групповой портрет.,"МБДНИКОВ, Анатолий ",,,(Михайлович.
42543,42544,18834,Грустная Венеция.,"КУБАЦКИЙ, Вацлав.",,,
42545,42548,18835,Грустная действительность.,"ЛАНДАУ, Георгий Александрович. ",,Аля...,
42549,42550,18836,Грустно-весело: Рассказы.,"РОСЛЯКОВ, Василий Петрович.",,,
42551,42552,18837,Грустные думы: Стихотворения.,"ВАСИНА, Анастасия.",,,
42553,42554,18838,Грустные и смешные истории о маленьких людях.,"ЛАРРИ, Ян Леопольдович.",,,
42555,42556,18839,Грустные песни: Стихи. Ч. 2.,"ОДИНОКИЙ (НИКИТИН, Александр).",,,
42557,42558,18840,Грустные песни: Стихотворения.,"БАЖЕНОВ, В. Л.",,,
42559,42560,18841,Грустный мотив: Рассказы.,"СЭЛИНДЖЕР, Джером Дэвид.",,,
42561,42562,18842,«Грустный рассказ» и другие веселые истории.,"РЫКЛИН, Григорий Ефимович.",,,
42563,42564,18843,"Грусть и смех: Стихотворения, лирические, юмористические, провинциальные заметки, шутливые наброски и прочее (1901—1904 г.).","КЛЕМЕНТЦ, Н. (СТЕПАНОВ, Николай Васильевич).",,,
42565,42566,18844,Грусть ландышей.,"РЕУТОВ, Н.",,,
42567,42568,18845,Грусть о снеге.,"ШАПОВАЛОВ, Михаил Анатольевич.",,,
42569,42570,18846,Грустят березы: Стихи.,"СОРОКИН, Валентин Васильевич.",,,
42571,42572,18847,Грызет мой конь удила: Стихи.,"ГУРТУЕВ, Салих Салтанбекович.",,,
42573,42574,18848,Грызики-хозяйчики.,"КАРПОВ, Николай Алексеевич.",,,
42575,42576,18849,Грызун: Жизнь и приключения бобра. Повесть.,"ЖИЛКИН, Иван Васильевич.",,,
42577,42578,18850,Грызунчик: Рассказ.,"ЮРЬЕВА, М. Е.",,,
42579,42580,18851,Грызуны: Повесть.,"МИНАЕВ, Константин Андреевич.",,,
42581,42584,18852,Грюнвальдский бой или Славяне и немцы: Исторический роман-хроника в 2-х ч.,"ХРУЩОВ-СОКОЛЬНИКОВ, Гавриил Александрович.",,,
42585,42586,18853,Гряди за Христом.,"ПЕРЕЛЫГИН, Николай Иванович.",,,
42587,42588,18854,Грядки жизни: Повесть в 8-ми гл.,"РОСЛАВЛЕВ, Борис.",,,
42589,42592,18855,Грядущая война: (Бессилие силь- ных). Роман.,"САНДОМИРСКИИ, Юрий Израилевич.      ",,,.
42593,42596,18856,Грядущая война или (СНС1— —CH)3AS. (люизит): Роман.,БЕХЕР И,,,оганнес Роберт. Изд. также под заглавиями: Единственно справедливая война; Люизит или Единственно справедливая война.
42597,42598,18857,Грядущая раса: Фантастический роман.,"БУЛЬВЕР, Эдуард ",,,"(лорд ЛИТТОН) (БУЛВЕР-ЛИТТОН, Эдуард Джордж)."
42599,42600,18858,Грядущая сила: Драматические картины в 4-х д.,"ПАЗУХИН, Алексей Михайлович.",,,
42601,42602,18859,Грядущая сила: Роман.,"ПАЗУХИН, Алексей Михайлович.",,,
42603,42604,18860,"Грядущее: Сборник гимнов, посвящений и поэм.","КАТАНСКИЙ, Лев Ефимович.",,,
42605,42606,18861,Грядущее: Стихотворения.,"ЯФФЕ, Лев Борисович.",,,
42607,42608,18862,Грядущие сосны.,"ДАМДИНОВ, Николай Гармаевич.",,,
42609,42610,18863,Грядущий Адам.,"РОЖЕ, Ноэль.",,,
42611,42612,18864,Грядущий день: Стихи.,"ТОПЧИЙ, Леонид Иванович. ",,,.
42613,42614,18865,Грядущий мир: Утопический роман.,"ОКУНЕВ, Яков.",,,
42615,42616,18866,Грядущий потоп: Поэма.,"ЯРОСЛАВСКИЙ, Александр Борисович.",,,
42617,42618,18867,Грядущий Фауст: Драматическая поэма в 2-х ч.,НБГИН.,,,
42619,42620,18868,Грязное покрывало.,"РЕНУ, Пха-нишварнатх.",,,
42621,42624,18869,Грязь: Трагикомические эпизоды. 4-е д.,"НЕМВРОДОВ, Петр Петрович.",,,
42625,42626,18870,Грянул бой!: Роман-хроника из современных чрезвычайных событий.,"АПРАКСИН, Александр Дмитриевич.",,,
42627,42628,18871,Грянул гром: Драма в 5-ти д.,"ЖУКОВ, Иван Иванович.",,,
42629,42630,18872,Гуак и царица Аварская: Древнерыцарская повесть в 2-х ч. Пересказ.,"Г...В, К. (ГОЛОХВАСТОВ, К. К.).",,,
42631,42632,18873,Гуак или Непреоборимая верность: Древняя рыцарская повесть в 2-х ч.,"БАЛАГУР, Фома.",,,
42633,42638,18874,Гуак или Непреоборимая верность: Рыцарская повесть. Ч. 1—2.,Имя авт. не установлено.,,,
42639,42640,18875,Гуань Хань-цин.,ТЯНЬ ХАНЬ.,,,
42641,42642,18876,Гуарани: Роман.,"АЛЕНКАР, Жозе де.",,,
42643,42644,18877,Гуард и Вердюрон.,"БЕРТИ, Самюэль Анри.",,,
42645,42646,18878,Губернатор: Комедия в 1-м д.,"СЕЙФУЛЛИНА, Лидия Николаевна.",,,
42647,42648,18879,Губернатор: Повесть.,"АНДРЕЕВ, Леонид Николаевич.",,,
42649,42652,18880,Губернатор провинции: Пьеса в 4-х актах.,ТУР,,,", братья, ШЕЙНИН, Лев Романович."
42653,42654,18881,Губернаторская ревизия: (Повесть).,"НЕМИРОВИЧ-ДАНЧЕНКО, Владимир Иванович.",,,
42655,42656,18882,Губернаторский пассажир.,"КАССИЛЬ, Лев Абрамович.",,,
42657,42660,18883,Губернская Клеопатра: Комедия в 3-х д.,"ТУНОШЕНСКИИ, Владимир Владимирович.",,,
42661,42662,18884,Губернские очерки: Из записок отставного надворного советника Щедрина. Т. 1—3.,"САЛТЫКОВ-ЩЕДРИН, Михаил Евграфович.",,,
42663,42664,18885,Губернские сказки.,"КРУГЛОВ, Александр Васильевич.",,,
42665,42666,18886,Губка с уксусом.,"ЛЕФЕВР, Рай-мон.",,,
42667,42668,18887,Губы. Ты. Губы. Я: Стихи.,"КРО-МА, Монта Яновна.",,,
42669,42672,18888,Гувернантка: Картина в 1-м д.,Имя авт. не установлено.,,,
42673,42674,18889,Гувернантка: Комедия в 1-м д.,"СЕЛИВАНОВА, Е. Н.",,,
42675,42676,18890,Гувернантка: Комедия в 3-х д.,"ДЕВАЛЬ, Жак.",,,
42677,42680,18891,Гувернантка: Комедия-шутка в 1-м д.,"КРИНИЦКИИ (ТИМКОВСКИЙ, Николай Николаевич).",,,
42681,42684,18892,Гувернантка мисс Мари: Роман в 4-х ч.,"СЮ, Эжен.",,,
42685,42686,18893,Гувернер: Комедия в 5-ти д.,"ДЬЯЧЕНКО, Виктор Антонович.",,,
42687,42688,18894,Гувернер: Повесть.,"ЗАРИН, Андрей Ефимович.",,,
42689,42690,18895,Гуго Гроций: Драма в 4-х д.,"КОЦЕБУ, Август Фридрих.",,,
42691,42692,18896,Гудаурская медведица и ее дети.,"ГАТЦУК, Владимир Алексеевич.",,,
42693,42694,18897,Гудзонов залив: Рассказы.,"МАИН-РИД, Томас (РИД, Томас Майн).",,,
42695,42696,18898,Гудит шар земной.,"БАНОВСКИ, Арпад.",,,
42697,42698,18899,Гудишки: Роман в 4-х ч.,"АЛЕКСАНДРОВ, Александр (ДУРОВА, Надежда Андреевна).",,,
42699,42700,18900,Гудки: Лирика.,"ВОЛОДИН, Геннадий Григорьевич.",,,
42701,42702,18901,Гудки: (Стихи).,"АНТОНЧИК, Павел.",,,
42703,42704,18902,Гудки: [Стихи].,РАБОЧИЙ,,,",Александр (ЩЕЛКАНОВ, Петр Александрович)."
42705,42706,18903,Гудки: Стихи.,"ХОДУЛИН, Валерий Георгиевич.",,,
42707,42708,18904,Гудки над Волгой: [Рассказы].,"МАЛЕВИНСКИИ, Юрий Николаевич.",,,
42709,42710,18905,Гудки над Волгой: Стихи.,"ПОЛИВИН, Николай Георгиевич.",,,
42711,42712,18906,Гудки над рекой.,"БЕЛОЗЕРОВ, Тимофей Максимович.",,,
42713,42714,18907,Гудки паровозов: Повесть и рассказы.,"ВОРОНОВ, Николай Павлович.",,,
42715,42716,18908,Гудогай: Роман.,"КУЗНЕЦОВ, Алексей Андреевич.",,,
42717,42718,18909,Гудок: (Из прошлого). Драматический этюд в 1-м д.,"Л ЯХТ, Г. А.",,,
42719,42722,18910,Гудок: [Рассказ].,"ВЕНДРОВ, Д. (ВБНДРОВ, 3.). ",,Зорах и Буланка...,
42723,42726,18911,Гудок: Революционные сатиры.,РП Д,,,лр1сряш1п
42727,42728,18912,Гудок: [Стихи].,"ИЛЬИНА, Вера.",,,
42729,42730,18913,Гудок в степи: Роман.,"АЛТАЙСКИЙ, Константин Николаевич, КАРАТАЕВ, Мухамеджан Каратаевич.",,,
42731,42732,18914,Гудок зовет.,"УСЕНКО, Александр Яковлевич.",,,
42733,42734,18915,Гудок или Всякай всячина.,"КУ-КЕЛЬ (ЛУНИН, В. А.).",,,
42735,42736,18916,Гудок на рассвете: Повесть.,"ГРЕКОВ, Александр.",,,
42737,42738,18917,Гуды заводские: Стихи.,"ВЫЛЕГЖАНИН, Павел Степанович.",,,
42739,42740,18918,Гуды-самогуды.,"УСТИНОВ, И. Г.",,,
42741,42742,18919,Гудят провода: Стихи.,"СИНЕВ, Валерий Викторович.",,,
42743,42744,18920,Гудящие сосны.,"ДАМДИНОВ, Николай Гармаевич.",,,
42745,42748,18921,Гузман д'Алфараш: Истинная испанская повесть. Ч. 1—4.,"ЛЕСАЖ, Ален Рене. ","Шалости забавного Гусмана или Каков в колыбельку, таков и в могилку.",,
42749,42750,18922,Гуингм.,ЧРОЛЛИ.,,,
42751,42752,18923,Гукас Каджарян на фронте: (Эпизоды в стихах).,ЛЕВИН,,,", (Мориц."
42753,42754,18924,Гул далеких орудий: Повесть.,"КЛИМОВ, Всеволод Владимирович.",,,
42755,42756,18925,Гул дальних поездов: Пять тетрадей рассказов.,"ДАВЫДЫЧЕВ, Лев Иванович.",,,
42757,42758,18926,Гул пустыни: Историческая повесть.,"ЗУЕВ-ОРДЫНЕЦ, Михаил Ефимович.",,,
42759,42760,18927,Гул шагов: Семь сцен из пьесы «Барометр показывает бурю».,"НАСИМО-ВИЧ, Александр Федорович.",,,
42761,42762,18928,Гули и Навои: (Из народных легенд).,АЙБЕК.,,,
42763,42768,18929,Гулкем или Похищение Фатимы: Нравоучительная сказка.,Имя авт. не установлено.,,,
42769,42772,18930,Гулливер. (Загл. обл.).,"СВИФТ, Джонатан. ",Путешествие доктора Гулливера в страну лилипутов и к великанам.,,
42773,42774,18931,Гулливер в Лилипутии.,"СВИФТ, Джонатан.",,,
42775,42778,18932,Гулливер в царстве лилипутов.,"СВИФТ, Джонатан.",,,
42779,42780,18933,Гулливер у Арийцев.,"БОРН, Георг.",,,
42781,42782,18934,Гулливер у карликов: Удивительные приключения одного мореплавателя.,"СВИФТ, Джонатан.",,,
42783,42786,18935,"Гулливеровы путешествия в Лилипут, Бродинягу, Л any ту, Бальнибарбы, Глуб-дубриду, Лугнагу, Японию и Гуингмскую страну в 4-х ч.: Ч. 1. Гулливерово путешествие в Лилипут. Ч. 2. Гулливерово путешествие в Бродинягу. Ч. 3. Гулливеровы путешествия в Лапуту, в Бальнибарбы, в Глубдубриду, в Лугнагу и в Японию. Ч. 4. Г улливерово путешествие в Г уингмскую страну.","СВИФТ, Джонатан. ","Путешествие Гулливера в Лилипут, Бробдиньяг и в страну гуинмов; Путешествие Гулливера в страну лилипутов; Путешествие Гулливера по многим отдаленным и неизвестным странам света; Путешествие Гулливера по многим отдаленным странам света; Путешествие доктора Гулливера к лилипутам и великанам; Путешествий Гулливеровых книга первая — четвертая...; Путешествия в некоторые отдаленные страны света, сначала хирурга, а потом капитана нескольких кораблей; Путешествия Гулливера; Путешествия Гулливера в отдаленные страны; Путешествия Гулливера, рассказанные им самим маленьким детям; Путешествия Лемюэля Гулливера в некоторые отдаленные страны света, сначала хирурга, а потом капитана нескольких кораблей.",,
42787,42788,18936,Гулливеры: Стихи.,"ПРИХОЖАН, Петр Борисович.",,,
42789,42790,18937,Гуль и Навру*.,ЛУТФИ.,,,
42791,42792,18938,Гульба: Роман.,"ШИРЯЕВ, Петр Алексеевич.",,,
42793,42794,18939,Гульбазир: Драматическая поэма в 1-м акте.,"ГЕРАСИМОВ, Владимир Иванович.",,,
42795,42796,18940,Гульча: Рассказ.,"РАДЗИЕВСКАЯ, Софья Борисовна.",,,
42797,42798,18941,Гульшира: Роман.,"САФИНА, Хаф-ниса Исаевна.",,,
42799,42800,18942,Гуляевский дым: Рассказ.,"СКВОРЦОВ, Михаил Захарович.",,,
42801,42802,18943,"Гуляй, Волга: Роман.","ВЕСЕЛЫЙ, Артем.",,,
42803,42804,18944,Гу лялек — полевой цветок: Повести и рассказы.,"МАМЕДОВ, Ашхабад Атчикович.",,,
42805,42806,18945,Гулямы: Историческая повесть.,"ФЕДОРОВ, Михаил Николаевич.",,,
42807,42808,18946,"Гулянье по Элагину и Каменному островам, 1826 года, июля 1-го дня.","ХВОСТОВ, Дмитрий Иванович.",,,
42809,42810,18947,Гулянье под Новинским.,"Л-СКИЙ, Н. (МЕЛЬГУНОВ, Николай Александрович).",,,
42811,42812,18948,Гулянье под Новинском: В стихах.,"ЗМЕЕВ, Георгий.",,,
42813,42816,18949,Гулящая: Роман из народной жизни в 4-х ч.,"МИРНЫЙ, Панас. ",Уличная.,,
42817,42818,18950,Гулящие люди.,"ЧАПЫГИН, Алексей Павлович.",,,
42819,42820,18951,Гунима: Африканская повесть XVIII столетия.,"ФАН-ДЕР-ФЕЛЬДЕ (ФЕЛЬДЕ, Франц Карл фан дер).",,,
42821,42822,18952,NOPARSE,,,,"Гунны: (Повесть) РОЗЕНФЕЛЬД, Семен Ефимович."
42823,42824,18953,Гунны: Эпоха великого переселения .народов. Исторический роман из жизни славян IV-ro и V-ro столетия.,"КОНДРАТЬЕВ, Иван Кузьмич.",,,
42825,42828,18954,Гурли: (Из прошлой женской жизни). Очерк.,Имя авт. не установлено.,,,
42829,42830,18955,Гурон или Простодушный: Историческая повесть.,"ВОЛЬТЕР (ВОЛЬТЕР, Франсуа-Мари).",,,
42831,42832,18956,Гурты на дорогах.,"АВДЕЕВ, Виктор Федорович.",,,
42833,42836,18957,Гус и Иероним Пражский. (Загл. обл.).,"ТЫЛ, Йозеф Каэтан. ",Ян Гус.,,
42837,42838,18958,Гусак на Бродвее: Повесть и рассказы.,"БОЛЬШАК, Василь.",,,
42839,42840,18959,Гусар: Повесть в стихах.,"ВАХРУШЕВ, Фома.",,,
42841,42842,18960,Гусар: [Стихотворение].,"ПУШКИН, Александр Сергеевич.",,,
42843,42844,18961,Гусар или Каких дивных приключений не бывает на свете!: Роман в 3-х ч. К...,"РИН, Ф. Г.",,,
42845,42846,18962,Гусарская баллада.,"ЛЯСКОВ-СКИЙ, Владимир Георгиевич.",,,
42847,42850,18963,Гусарская лихорадка: Комедия в 4-х д.,"КАДЕЛЬБУРГ, Густав.",,,
42851,42852,18964,Гусарская стоянка или Плата тою же монетой: Комедия-водевиль в 1-м д.,"ОРЛОВ, Василий Иванович.",,,
42853,42854,18965,Гусары: Беседы в стихах двух сослуживцев 20-х г. лейб-гвардии гусарского Его Величества полка по случаю 50-летнего юбилея августейшего шефа 22-го апреля 1868 г.,СТАРЫЙ ГУСАР.,,,
42855,42856,18966,Гусары и голуби.,"ВОЛЬКЕН-ШТЕЙН, Владимир Михайлович.",,,
42857,42858,18967,"Гусев, его жена и дети: Пьеса в 3-х д.","ЛИТОВСКИЙ, Осаф Семенович.",,,
42859,42862,18968,Гуси: [Военный рассказ].,"КОВАЛЬСКИЙ, Казимир Адольфович. ",,Жизнь — мгновенье...,
42863,42864,18969,Гуси: Пьеса в 6-ти карт.,"РАННЕТ, Эгон Николаевич.",,,
42865,42866,18970,Гуси: Этюд.,"КУЛИДА, Д. В.",,,
42867,42868,18971,Гуси — красные лапки...: Повесть.,"ФРОЛОВА, Майя Флоровна.",,,
42869,42870,18972,Гуси лапчатые: [Рассказы].,"КАРПОВ, Николай Алексеевич.",,,
42871,42872,18973,Гуси лапчатые: Юмористические картинки.,"ЛЕЙКИН, Николай Александрович.",,,
42873,42874,18974,Гуси-лебеди: Лирика.,"ДАГУРОВ, Владимир Геннадьевич.",,,
42875,42878,18975,Гуси-лебеди:   Рассказы.,"ВО- РОБЬЕВ, Константин Дмитриевич.",,,
42879,42880,18976,Гуси-лебеди: Рассказы.,"ПОПОВ, Георгий Леонтьевич.",,,
42881,42882,18977,Гуси-лебеди: Роман.,"НЕВЕРОВ, Александр.",,,
42883,42884,18978,Гуси-лебеди: Стихи.,"ТРЯПКИН, Николай Иванович.",,,
42885,42886,18979,Гуси-лебеди летят...: Повесть.,"СТЕЛЬМАХ, Михайло (СТЕЛЬМАХ, Михаил Афанасьевич).",,,
42887,42890,18980,"Гуси летят: Новеллы. ГУРУНЦ, Леонид. 18981..  Гуси летят на Север: Стихи.","КЛЕ-ЩЕВКО, Анатолий Дмитриевич.",,,
42891,42890,18981,NOPARSE,,,,MISSING
42891,42892,18982,Гуси по пьяному делу: Забавный случай из деревенского быта. Рассказ.,"КАФТЫРЕВ, Семен Никанорович.",,,
42893,42894,18983,Гусиная голова: Юмористические рассказы.,"ДОСКАЛОВ, Стоян (ДАСКА-ЛОВ, Стоян Цеков).",,,
42895,42896,18984,Гусиное перо: (В учительской). Комедия в 3-х д.,"ЛУНГИН, Семен Львович, НУСИНОВ, Илья Исаакович.",,,
42897,42898,18985,Гусиный остров: Повесть.,"БАБАЕВСКИЙ, Семен Петрович.",,,
42899,42900,18986,Гусли; Не годится!: Два рассказа.,"БАРАНЦЕВИЧ, Казимир Станиславович.",,,
42901,42902,18987,Гусли: [Стихи].,"ГИЛЕВ, Виктор Константинович.",,,
42903,42904,18988,Гусли звонкие: Драма в 4-х д.,"АНТРОПОВ, Роман Лукич.",,,
42905,42908,18989,"Гусли звончаты: Песни, были и стихотворения. ПАНОВ, Николай Андреевич. 18990:. Гусли поют о счастье: Стихи.","МАЙН, Макс.",,,
42909,42908,18990,NOPARSE,,,,MISSING
42909,42910,18991,Гусляр: (Баллада).,"МИЦКЕВИЧ, Адам.",,,
42911,42912,18992,Гусляр: Избранная лирика.,"КУПАЛА, Янка.",,,
42913,42914,18993,"Гусляр: Сборник рассказов, сказок, стихотворений, шуток, шарад и переводов.","АРСЕНЬЕВ, Александр Васильевич.",,,
42915,42916,18994,Гусляр: [Стихи].,"ИСАКОВ, Андрей Максимович.",,,
42917,42918,18995,Гусляры: Новые стихи и поэма.,"КОБЗЕВ, Игорь Иванович.",,,
42919,42922,18996,Гусман де Алфараче: Роман в 2-х ч.,"АЛЕМАН, Матео.",,,
42923,42924,18997,Гусситы: Исторический роман из времен тридцатилетней войны.,"ФАН-ДЕР-ФЕЛЬДЕ (ФЕЛЬДЕ, Франц Карл фан дер).",,,
42925,42926,18998,Гусситы под Наумбургом в 1432 году: Драма в 4-х д.,"КОЦЕБУ, Август. ",,,Фридрих.
42927,43178,18999,"Густав Адольф, король шведский или Любовь и Великодушие: Исторический роман. ПИХЛЕР, Каролина. 1-м д. КРИНИЦКИИ (ТИ1МК0ВСКИЙ, Николай Николаевич). 18892. Гувернантка мисс Мари: Роман в 4-х ч. СЮ, Эжен. 18893. Гувернер: Комедия в 5-ти д. ДЬЯЧЕНКО, Виктор Антонович. 18894. Гувернер: Повесть. ЗАРИН, Андрей Ефимович. 18895. Гуго Гроций: Драма в 4-х д. КОЦЕБУ, Август Фридрих. 18896. Гудаурская медведица и ее дети. ГАТЦУК, Владимир Алексеевич. 18897. Гудзонов залив: Рассказы. МАИН-РИД, Томас (РИД, Томас Майн). 18898. Гудит шар земной. БАНОВСКИ, Арпад. 18899. Гудишки: Роман в 4-х ч. АЛЕКСАНДРОВ, Александр (ДУРОВА, Надежда Андреевна). 18900. Гудки: Лирика. ВОЛОДИН, Геннадий Григорьевич. 18901. Гудки: (Стихи). АНТОНЧИК, Павел. 18902. Гудки: [Стихи]. РАБОЧИЙ, Александр (ЩЕЛКАНОВ, Петр Александрович). 18903. Гудки: Стихи. ХОДУЛИН, Валерий Георгиевич. 18904. Гудки над Волгой: [Рассказы]. МАЛЕВИНСКИИ, Юрий Николаевич. 18905. Гудки над Волгой: Стихи. ПОЛИВИН, Николай Георгиевич. 18906. Гудки над рекой. БЕЛОЗЕРОВ, Тимофей Максимович. 18907. Гудки паровозов: Повесть и рассказы. ВОРОНОВ, Николай Павлович. 18908. Гудогай: Роман. КУЗНЕЦОВ, Алексей Андреевич. 18909. Гудок: (Из прошлого). Драматический этюд в 1-м д. Л ЯХТ, Г. А. 18910. Гудок: [Рассказ]. ВЕНДРОВ, Д. (ВБНДРОВ, 3.). В кн.: Зорах и Буланка... 18911. Гудок: Революционные сатиры. РП Д npifpaunn 18912. Гудок: [Стихи]. ИЛЬИНА, Вера. 18913. Гудок в степи: Роман. АЛТАЙСКИЙ, Константин Николаевич, КАРАТАЕВ, Мухамеджан Каратаевич. 18914. Гудок зовет. УСЕНКО, Александр Яковлевич. 18915. Гудок или Всякая всячина. КУ-КЕЛЬ (ЛУНИН, В. А.). 18916. Гудок на рассвете: Повесть. ГРЕКОВ, Александр. 18917. Гуды заводские: Стихи. ВЫЛЕГЖАНИН, Павел Степанович. 18918. Гуды-самогуды. УСТИНОВ, И. Г. 18919. Гудят провода: Стихи. СИНЕВ, Валерий Викторович. 18920. Гудящие сосны. ДАМДИНОВ, Николай Гармаевич. 18921. Гузман д'Алфараш: Истинная испанская повесть. Ч. 1—4. Л ЕС АЖ, Ален Рене. Изд. также под загл.: Шалости забавного Гусмана или Каков в колыбельку, таков и в могилку. 18922. Гуингм. ЧРОЛЛИ. 18923. Гукас Каджарян на фронте: (Эпизоды в стихах). ЛЕВИН, Мориц. 18924. Гул далеких орудий: Повесть. КЛИМОВ, Всеволод Владимирович. 18925. Гул дальних поездов: Пять тетрадей рассказов. ДАВЫДЫЧЕВ, Лев Иванович. 18926. Гул пустыни: Историческая повесть. ЗУЕВ-ОРДЫНЕЦ, Михаил Ефимович. 18927. Гул шагов: Семь сцен из пьесы «Барометр показывает бурю». НАСИМО-ВИЧ, Александр Федорович. 18928. Гули и Навои: (Из народных легенд). АЙБЕК. 18929. Гулкем или Похищение Фатимы: Нравоучительная сказка. Имя авт. не установлено. 18930. Гулливер. (Загл. обл.). СВИФТ, Джонатан. На тит. л. загл.: Путешествие доктора Гулливера в страну лилипутов и к великанам. 18931. Гулливер в Лилипутии. СВИФТ, Джонатан. 18932. Гулливер в царстве лилипутов. СВИФТ, Джонатан. 18933. Гулливер у Арийцев. БОРН, Георг. 18934. Гулливер у карликов: Удивительные приключения одного мореплавателя. СВИФТ, Джонатан. 18935. Гулливеровы путешествия в Лилипут, Бродинягу, Лапуту, Бальнибарбы, Глуб-дубриду, Лугнагу, Японию и Гуингмскую страну в 4-х ч.: Ч. 1. Гулливерово путешествие в Лилипут. Ч. 2. -Гулливерово путешествие в Бродинягу. Ч. 3. Гулливеровы путешествия в Лапуту, в Бальнибарбы, в Глубдубриду, в Лугнагу и в Японию. Ч. 4. Г улливерово путешествие в Г уингмскую страну. СВИФТ, Джонатан. Изд. также под заглавиями: Путешествие Гулливера в Лилипут, Бробдиньяг и в страну гуинмов; Путешествие Гулливера в страну лилипутов; Путешествие Гулливера по многим отдаленным и неизвестным странам света; Путешествие Гулливера по многим отдаленным странам света; Путешествие доктора Гулливера к лилипутам и великанам; Путешествий Гулливеровых книга первая — четвертая...; Путешествия в некоторые отдаленные страны света, сначала хирурга, а потом капитана нескольких кораблей; Путешествия Гулливера; Путеше* ствия Гулливера в отдаленные страны; Путешествия Гулливера, рассказанные им самим маленьким детям; Путешествия Лемюэля Гулливера в некоторые отдаленные страны света, сначала хирурга, а потом капитана нескольких кораблей. 18936. Гулливеры: Стихи. ПРИХОЖАН, Петр Борисович. 18937. Гуль и Навруз. ЛУТФИ. 18938. Гульба: Роман. ШИРЯЕВ, Петр Алексеевич. 18939. Гульбазир: Драматическая поэма в 1-м акте. ГЕРАСИМОВ, Владимир Иванович. 18940. Гульча: Рассказ. РАДЗИЕВСКАЯ, Софья Борисовна. 18941. Гульшира: Роман. САФИНА, Хаф-ниса Исаевна. 18942. Гуляевский дым: Рассказ. СКВОРЦОВ, Михаил Захарович. 18943. Гуляй, Волга: Роман. ВЕСЕЛЫЙ, Артем. 18944. Гулялек — полевой цветок: Повести и рассказы. МАМЕДОВ, Ашхабад Атчикович. 18945. Гулямы: Историческая повесть. ФЕДОРОВ, Михаил Николаевич. 18946. Гулянье по Элагину и Каменному островам, 1826 года, июля 1-го дня. ХВОСТОВ, Дмитрий Иванович. 18947. Гулянье под Новинским. Л-СКИИ, Н. (МЕЛЬГУНОВ, Николай Александрович). 18948. Гулянье под Новинском: В стихах. ЗМЕЕВ, Георгий. 18949. Гулящая: Роман из народной жизни в 4-х ч. МИРНЫЙ, Панас. Изд. также под загл.: Уличная. 18950. Гулящие люди. ЧАПЫГИН, Алексей Павлович. 18951. Гунима: Африканская повесть XVIII столетия. ФАН-ДЕР-ФЕЛЬДЕ (ФЕЛЬДЕ, Франц Карл фан дер). 18952. Гунны: (Повесть) РОЗЕНФЕЛЬД, Семен Ефимович. 18953. Гунны: Эпоха великого переселения народов. Исторический роман из жизни славян IV-ro и V-ro столетия. КОНДРАТЬЕВ, Иван Кузьмич. 18954. Гурли: (Из прошлой женской жизни). Очерк. Имя авт. не установлено. 18955. Гурон или Простодушный: Историческая повесть. ВОЛЬТЕР (ВОЛЬТЕР, Франсуа-Мари). 18956. Гурты на дорогах. АВДЕЕВ, Виктор Федорович. 18957. Гус и Иероним Пражский. (Загл. обл.). ТЫЛ, Йозеф Каэтан. На тит. л. загл.: Ян Гус. 18958. Гусак на Бродвее: Повесть и рассказы. БОЛЬШАК, Василь. 18959. Гусар: Повесть в стихах. ВАХРУШЕВ, Фома. 18960. Гусар: [Стихотворение]. ПУШКИН, Александр Сергеевич. 18961. Гусар или Каких дивных приключений не бывает на свете!: Роман в 3-х ч. К... РИН, Ф. г. 18962. Гусарская баллада. ЛЯСКОВ-СКИЙ, Владимир Георгиевич. 18963. Гусарская лихорадка: Комедия в 4-х д. КАДЕЛЬБУРГ, Густав. 18964. Гусарская стоянка или Плата тою же монетой: Комедия-водевиль в 1-м д. ОРЛОВ, Василий Иванович. 18965. Гусары: Беседы в стихах двух сослуживцев 20-х г. лейб-гвардии гусарского Его Величества полка по случаю 50-летнего юбилея августейшего шефа 22-го апреля 1868 г. СТАРЫЙ ГУСАР. 18966. Гусары и голуби. ВОЛЬКЕН-ШТЕИН, Владимир Михайлович. 18967. Гусев, его жена и дети: Пьеса в 3-х д. ЛИТОВСКИЙ, Осаф Семенович. 18968. Гуси: [Военный рассказ]. КОВАЛЬСКИЙ, Казимир Адольфович. В кн.: Жизнь — мгновенье... 18969. Гуси: Пьеса в 6-ти карт. РАННЕТ, Эгон Николаевич. 18970. Гуси: Этюд. КУЛИДА, Д. В. 18971. Гуси — красные лапки...: Повесть. ФРОЛОВА, Майя Флоровна. 18972. Гуси лапчатые: [Рассказы]. КАРПОВ, Николай Алексеевич. 18973. Гуси лапчатые: Юмористические картинки. ЛЕЙКИН, Николай Александрович. 18974. Гуси-лебеди: Лирика. ДАГУРОВ, Владимир Геннадьевич. 18975. Гуси-лебеди:   Рассказы.   ВО- РОБЬЕВ, Константин Дмитриевич. 18976. Гуси-лебеди: Рассказы. ПОПОВ, Георгий Леонтьевич. 18977. Гуси-лебеди: Роман. НЕВЕРОВ, Александр 18978. Гуси-лебеди: Стихи. ТРЯПКИН, Николай Иванович. 18979. Гуси-лебеди летят...: Повесть. СТЕЛЬМАХ, Михайло (СТЕЛЬМАХ, Михаил Афанасьевич). 18980. Гуси летят: Новеллы. ГУРУНЦ, Леонид. 18981. Гуси летят на Север: Стихи. КЛЕ-ЩЕНКО, Анатолий Дмитриевич. 18982. Гуси по пьяному делу: Забавный случай из деревенского быта. Рассказ. КАФТЫРЕВ, Семен Никанорович. 18983. Гусиная голова: Юмористические рассказы. ДОСКАЛОВ, Стоян (ДАСКА-ЛОВ, Стоян Цеков). 18984. Гусиное перо: (В учительской). Комедия в 3-х д. ЛУНГИН, Семен Львович, НУСИНОВ, Илья Исаакович. 18985. Гусиный остров: Повесть. БАБАЕВСКИЙ, Семен Петрович. 18986. Гусли; Не годится!: Два рассказа. БАРАНЦЕВИЧ, Казимир Станиславович. 18987. Гусли: [Стихи]. ГИЛЕВ, Виктор Константинович. 18988. Гусли звонкие: Драма в 4-х д. АНТРОПОВ, Роман Лукич. 18989. Гусли звончаты: Песни, были и стихотворения. ПАНОВ, Николай Андреевич. 18990. Гусли поют о счастье: Стихи. МАЙН, Макс. 18991. Гусляр: (Баллада). МИЦКЕВИЧ, Адам. 18992. Гусляр: Избранная лирика. КУПАЛА, Янка. 18993. Гусляр: Сборник рассказов, сказок, стихотворений, шуток, шарад и переводов. АРСЕНЬЕВ, Александр Васильевич. 18994. Гусляр: [Стихи]. ИСАКОВ, Андрей Максимович. 18995. Гусляры: Новые стихи и поэма. КОБЗЕВ, Игорь Иванович. 18996. Гусман де Алфараче: Роман в 2-х ч. АЛЕМАН, Матео. 18997. Гусситы: Исторический роман из времен тридцатилетней войны. ФАН-ДЕР-ФЕЛЬДЕ (ФЕЛЬДЕ, Франц Карл фан дер). 18998. Гусситы под Наумбургом в 1432 году: Драма в 4-х д.","КОЦЕБУ, Август. ",,,Фридрих.
43179,43180,19000,Густав Ваза: Драма в 5-ти д.,"КОЦЕБУ, Август Фридрих.",,,
43181,43182,19001,Густав Ваза и приключения его семейства: Ч. 1—3.,БЕККЕР.,,,
43183,43184,19002,Густав Ваза или Король и крестьянин: Исторический рассказ.,"НИРИТЦ, Густав.",,,
43185,43186,19003,Густав Ваза или Торжествующая невинность: Драма в 5-ти ч.,"ТИТОВА, Елизавета Ивановна.",,,
43187,43190,19004,"Густав Ваза, освободитель Швеции:     Историческая повесть.","ИЕНСЕН, Вильгельм.",,,
43191,43196,19005,"Густав Вальдгейм или Преступник поневоле: Истинное происшествие, взятое из записок одного молодого гусара. Ч. 1—2.",Имя авт. не установлено. ,,,Ошибочно приписывалось В. Скотту.
43197,43198,19006,Густав или Любовь ветреного мужчины: Роман в 2-х ч.,"КОК, Поль де.",,,
43199,43200,19007,"Густав Моральдино, великодушный сын атамана разбойников: Ч. 1—4.","ВУЛЬ-ПИУС, Христиан Август.",,,
43201,43204,19008,"Гусь из Понырей: Фельетоны. РУДЕНКО, Семен Андреевич. 19000. Гусь с яблоком: Сатира и юмор.","ДИМЕНТ, Марк Абрамович.",,,
43205,43204,19009,NOPARSE,,,,MISSING
43205,43208,19010,"Гусь-спаситель. КОРОТКОВСКИИ, Михаил Петрович. 1901L Гусь-Хрустальный.","ПОЛТОРАЦКИЙ, Виктор.",,,
43209,43208,19011,NOPARSE,,,,MISSING
43209,43210,19012,Гусятники: Очерк.,"ВАСИЛЬКОВСКИЙ, А. К.",,,
43211,43212,19013,Гута. (Завод). Пьеса в 3-х д.,"КОБЕЦ, Т. [!] (КОБЕЦ, Григорий Яковлевич).",,,
43213,43214,19014,Гутари: Избранная проза.,"НЕЧАЕВ, Егор Ефимович.",,,
43215,43218,19015—19016,Гутенберг и Шеффер: Исторический роман из эпохи возрождения наук и искусств.,"ШРЕКНИК, Евгений Федорович. ",Первый изобретатель книгопечатания Иоганн Гутенберг.,,
43219,43220,19017,Гуцул: Повесть.,"КУНДЗИЧ, Алексей Леонардович.",,,
43221,43222,19018,Гуцулия: Роман и повесть.,"КО-ЛИСНИК, Григорий.",,,
43223,43226,19019,"Гуцульская легенда. ГРИЩЕНКО, Андрей Филиппович. 190201 Гуща: Шутка в 1-м д.","МЯТЛЕВ, Владимир Иванович.",,,
43227,43226,19020,NOPARSE,,,,MISSING
43227,43230,19021,Гэавтон тиморумэнос: (Каратель самого себя). Комедия.,"ТЕРЕНЦИИ, Публий. ",Сам себя наказывающий.,,
43231,43232,19022,Габриель Конрой: Роман.,"БРЕТ-ГАРТ, Френсис.",,,
43233,43234,19023,Гюли: Рассказы.,"АРАГВИСПИ-РЕЛИ, Шио.",,,
43235,43236,19024,Гюлистан.,"СААДИ, Муслихаддин.",,,
43237,43238,19025,Гюлли и Рашид: (Этюд из персидской жизни).,"А-ОВ, С-б.",,,
43239,43240,19026,Гюлльхана.,"ДИКСОН, Элеонора Николаевна.",,,
43241,43242,19027,Гюльзар: Рассказы.,"ДЖАБАРЛЫ, Джафар Кафар.",,,
43243,43244,19028,Гюльзар: Рассказы.,"ИБРАГИМОВ, Гусейн Мамед Али оглы.",,,
43245,43246,19029,Гюльнар: Повесть и рассказы.,"КУРБАНОВ, Араб (КУРБАНОВ, Арап).",,,
43247,43248,19030,Гюльнара: Пьеса в 1-м д.,К. А. М.,,,
43249,43250,19031,Польшей: Повесть.,"ВЕЛИЕВ, Али Караевич.",,,
43251,43254,19032,Гюрги-Дюрги-Дюк:     (Повесть).,"ШИРЯЕВА, Галина Даниловна.",,,
43255,43257,19033,Гяур.,"БАЙРОН, Джордж Гордон. ",Джяур.,,
