num,title,author,alt_title,in,tail
1,И будут люди: Роман.,"ДИМАРОВ, Анатолий Андреевич.",,,
2,И был день четвертый...: (У подножия креста). Современная драма в 2-х ч.,"ЧЕРНЫШЕВА, Зоя Владимировна.",,,
3,И в задумчивой осени...: Лирика.,"КОВАЛЕВ, Петр Иванович.",,,
4,"И в цель, и рикошетом: Юмористические рассказы.","МАЙОРОВ, Николай Кириллович.",,,
5,"И в шутку, и всерьез: [Сатирические стихи].","ВОЛОВИК, Михаил Яковлевич.",,,
6,"И в шутку, и всерьез: Фельетоны.","ЛУБИН, Ефим Натанович.",,,
7,И вдруг взрослеешь...,"АЛЕКСАНДРОВ, Леонид Александрович.",,,
8,И вернулся в школу учителем: Повесть.,"ГОЛЫШЕВ, Аркадий Алексеевич.",,,
9,И ветер с четырех сторон...,"ГРИБАЧЕВ, Николай Матвеевич.",,,
10,И вечный бой...: [Очерки].,"ДЕМИДОВ, Владимир Изотович.",,,
11,И вечный бой...: Повесть.,"ПОРФИРЬ-ЕВ, Борис Александрович.",,,
12,И вечный бой...: Стихи. Поэма.,"СТЕ-ПАНЮК, Борислав Павлович.",,,
13,И винтовками и дубинами.,"ФЕЛАН, Джим.",,,
14,"И вкривь, и вкось.","МИЛЛЬ-ПОЛЯР-НЫЙ, Казимир Ромуальдович.",,,
15,И вновь — встреча с юностью: Комедия в 2-х актах. [Новая редакция пьесы «Встреча с юностью»].,"АРБУЗОВ, Алексей Николаевич.",,,
16,И возвращаются ветры...: Повесть.,"ГЕРАСИМОВ, Иосиф.",,,
17,...и вольностью жалую! (Пугачев): Историческая повесть.,"САЛЬНИКОВ, Юрий Васильевич.",,,
18,И воспитай сына: Пьеса в 3-х д.,"КА-РАИЧЕВ, Лев Сергеевич.",,,
19,И воцарились на тысячу лет: Комедия 2000-го года в 3-х ч.,"СИНКЛЕР, Эптон.",,,
20,И все придут ко мне...: Пьеса в 3-х д.,"ГУЛБИС, Харий Августович.",,,
21,И все-таки орешник зеленеет.,"СИМЕ-НОН, Жорж.",,,
22,"И все, что ты любишь...: Избранные стихотворения.","СНЕГОВА, Ирина Анатольевна.",,,
23,И встал солдат убитый...; Шесть строк из дневника разведчика; За линией фронта; Последний вылет.,"ВОЛЬФ, Александр (ВОЛЬФ, Абрам Яковлевич).",,,
24,...и всюду человек.,"ФЕДОСЕЕВ, Виктор Иванович.",,,
25,...и гневается океан: Историческая повесть.,"КАЧАЕВ, Юрий Григорьевич.",,,
26,И грянул бой!: Легенда о московском Гавроше.,"БОГДАНОВ, Николай Владимирович.",,,
27,И день настал: Роман.,"АКЬОВ, Васил.",,,
28,"И деньги целы, и вор попался: (Роковое событие). Рассказ.",Имя авт. не установлено.,,,
29,"И днем, и ночью...: [Очерки].","МИСОЧ-НИК, А. М.",,,
30,И днем и ночью: Стихи.,"БРОВКА, Петрусь.",,,
31,И долго летал над скалами: Рассказы.,"КУТЫРЕВ, Эдуард Иванович.",,,
32,И дух наш молод: Роман.,"ДОБРОВОЛЬСКИЙ, Владимир Анатольевич.",,,
33,"И если я, мечтатель, полюблю...",ХО ДИН.,,,
34,"И жизнь, и слезы, и любовь.","ШМИДТ, Борис.",,,
35,"И жизнью, и смертью: Роман.","РУТЬКО, Арсений Иванович.",,,
36,И жить торопятся и чувствовать спешат: Драма в 4-х д.,"ПОНОФИДИН, Андрей Алексеевич.",,,
37,...и завтра: Повесть.,"БОГУСЛАВСКАЯ, Зоя Борисовна.",,,
38,И завтра...: Пьеса в 3-х д. с прологом.,"ГУТКОВИЧ, Александр Залманович, КО-ЗОВСКАЯ, Фаина Марковна.",,,
39,...И завтра будет бой!: Повесть.,"АРХАНГЕЛЬСКИЙ, Владимир Васильевич.",,,
40,И заяц был на именинах: Сказки.,БРАТЬЯ БОНДАРЕНКО.,,,
41,И звезда с звездою говорит: Новые стихи.,"ГАМЗАТОВ, Расул Гамзатович.",,,
42,И зверье добро помнит: Сказочная пьеса для детей.,"ЧЕШИХИН, Всеволод Евграфович.",,,
43,И земля скакала мне навстречу!: Диалоги со зрительным залом в 2-х д.,"ЗАГРЕБЕЛЬНЫЙ, Павло (ЗАГРЕБЕЛЬ-НЫЙ, Павел Архипович).",,,
44,...и К0: Роман.,"БЛОК, Жан Ришар. ",...и компания.,,
45,И камни говорят: Стихи.,"МАМАКАЕВ, Магомет Амаевич.",,,
46,"И крылья есть, да лететь некуда: Комедия в 5-ти д.","ПАЛЬМ, Александр Иванович.",,,
47,"И курица — птица, и баба — человек: Комедия-агитка в 2-х д. для деревенского театра.","ВИНОГРАДОВ, Николай Николаевич.",,,
48,...и личного счастья.,"ЧЕРНЫЙ, Карп ",,,
49,И малейшая .ложь опасна: Справедливое приключение.,"КОЦЕБУ, Август Фридрих.",,,
50,И малые звезды украшают небо...,"НИКИТИН, Петр Аркадьевич.",,,
51,И мера в руке его...: Роман.,"ГУРО, Ирина.",,,
52,И мертвые вставали: Роман.,"ЦАГО-ЛОВ, Василий Македонович.",,,
53,И многие не вернулись.,"СЕМЕРД-ЖИЕВ, Атанас.",,,
54,И молодой и старый: Рассказ.,"ГЕРАСИМОВ, Павел Николаевич.",,,
55,И молотом и золотом: Роман.,"ШЕЛЛЕР-МИХАЙЛОВ, Александр Константинович.",,,
56,И моя доля: В сонетах. В 2-х ч.,"БУТЫРСКИЙ, Никита Иванович.",,,
57,И моя лира: Сборник прозаических и стихотворных произведений.,"ВИСКОВАТОВ, Степан Иванович.",,,
58,И мы солдаты.,"ЛУЧ, Григорий.",,,
59,И мы юными были: (Поэма и стихи о юности наших современников).,"АЛИМ-БАЕВ, Музафар.",,,
60,И на земле мир: Рассказ.,"КРУГЛОВ, Александр Васильевич.",,,
61,И на старуху бывает проруха: Шутка в 1-м д.,"БР..., Н. (БРИММЕР, Н.).",,,
62,"И на холмах, и на равнинах: Лирические репортажи.","СЕМЕНОВСКИЙ, Константин Сергеевич.",,,
63,И настала весна: Пьеса в 3-х д.,"КАПИШЕВСКАЯ-БИСС, Ева.",,,
64,И наша денежка не щербата!: Рассказ мужичка-серого армячка.,Имя авт. не установлено.,,,
65,И наши горы борются вместе с нами.,"БАЛАШ, Бела Семенович.",,,
66,И не будет конца...: Рассказы и повесть.,"ЗАБЕЛИН, Игорь Михайлович.",,,
67,И не было чужих садов в России...,"ТУРКИН, Владимир Павлович.",,,
68,И не кончается земля...: Путевые публицистические очерки.,"РОЖДЕСТВЕНСКИЙ, Роберт Иванович.",,,
69,...и не могу иначе!: Стихи.,"ФОНЯКОВ, Илья Олегович.",,,
70,И не последние...: В 3-х д.,"КУШНЕ-РОВИЧ, Радий Аронович.",,,
71,И не сказал ни единого слова...,"БЕЛЛЬ, Генрих.",,,
72,"И небо — одно, и жизнь — одна: Повесть.","БЕЛОСТОЦКИЙ, Юрий Вячеславович.",,,
73,"И небу, и земле...: Четверостишия.","БАБА, Тахир Орьян.",,,
74,И нелегко и непросто: Рассказы.,"КУРЫЛЕВА, Светлана Леонидовна.",,,
75,И нет конца пути: Стихи.,"БЕЕКМАН, Владимир (БЭЭКМАН, Владимир Эугено-вич).",,,
76,И нет конца тревогам: Стихи.,"ДРАКОХРУСТ, Александр Абрамович.",,,
77,И нет мне отпуска...,"ХАЛУПОВИЧ, Вадим Абрамович.",,,
78,"И нечего улыбаться!: (Немного юмора, немного сатиры, немного раздумий).","ИНИН, Аркадий, ОСАДЧУК, Леонид Викторович.",,,
79,И никак иначе: Роман.,"ЛЕВЧЕНКО, Ирина Николаевна.",,,
80,...и никто по мне не заплачет: Роман.,"ЗОММЕР, Зигфрид.",,,
81,"И нитка, втрое скрученная...: Повесть.","ЛА ГУМА, Алекс.",,,
82,"И новый день, и век иной: Стихотворения.","УШАКОВ, Николай Николаевич.",,,
83,И ночь... и луна... и любовь!...: Шутка в 1-м д. с пением.,"ГРЕССЕР, Гавриил Николаевич.",,,
84,И один в поле воин: Пьеса в 3-х д.,"ДОЛЬД-МИХАЙЛИК, Юрий Петрович, ТКАЧЕНКО, Г.",,,
85,И один в поле воин: [Роман]; У черных рыцарей: Кн. 1-2.,"ДОЛЬД-МИХАЙЛИК, Юрий Петрович.",,,
86,И один ясный день...,"ВОЛОВИК, Александр Михайлович.",,,
87,И он кричал.,"БРЕНЕВ, Николай Николаевич.",,,
88,И опять иду по следу...,"ДУНАЕВСКИЙ, Александр Михайлович.",,,
89,И остается жизнь...,"МИЩЕНКО, Лидия Моисеевна.",,,
90,И остался в живых: Документальная повесть.,"ЗЛОБИН, Анатолий Павлович, ТИТОВ, Григорий Данилович.",,,
91,И останется добрый след.,"ГУММЕР, Иосиф Самуилович.",,,
92,И ошибка кстати: Комедия в 3-х д.,"ЭЛИН, Андрей Матвеевич.",,,
93,И песня и стих.,"ДОЛМАТОВСКИЙ, Евгений Аронович.",,,
94,И песня пусть заплачет...,"ОЖЕШКО-ВА, Элиза (ОЖЕШКО, Элиза).",,,
95,И под тем небом: Пьеса в 8-ми карт.,"БУСУЙОК, Аурелиу Александрович.",,,
96,И поднялся народ: Исторический роман.,"СОКОЛОВ, Александр Иванович.",,,
97,И подо льдом река течет...,"БИРЗЕ, Миервалдис.",,,
98,И подымется рука...: Повесть о П. Алексееве.,"МИНДЛИН, Эмилий Львович.",,,
99,"И поклонились платаны...: Роман, повесть, рассказы.","МАЙСУРАДЗЕ, Элизбар Лукич.",,,
100,И полк назвали Берлинским.,"СКОРОБОГАТОВ, Василий Ефимович.",,,
101,И поп страхует: Агит-пьеса в 3-х сценах.,"СИМОЛИН, А. И.",,,
102,И пошел человек...: Повесть.,"ЕЛИЗАВЕТИН, Георгий Васильевич.",,,
103,И правда и сила.,"ЛЕБКОВ, Евгений Дмитриевич.",,,
104,И придет большой дождь...: (Операция «Золотой лев»). Повесть.,"КОРШУНОВ, Евгений Анатольевич.",,,
105,И придут сыновья: Роман.,"МУРАТОВ, Виктор Владимирович.",,,
106,И пришло разрушение...: Роман.,"АЧЕ-БЕ, Чинуа.",,,
107,...И прозвучит сигнал: Повесть.,"ТИХОМИРОВ, Олег Николаевич.",,,
108,И проснулся знаменитым: Пьеса в 2-х д.,"КАПЛИНСКАЯ, Елена Сергеевна.",,,
109,И русское сердце не камень: Были из жизни на святой Руси.,"ХРАМЦОВСКИЙ, Николай Иванович.",,,
110,И с любовью шутят.,"ЛАДОНЩИКОВ, Георгий Афанасьевич.",,,
111,...И сближаются годы.,"ШАСТИН, Анатолий Михайлович.",,,
112,И свет во тьме светит: Драма.,"ТОЛСТОЙ, Лев Николаевич.",,,
113,И светит и греет: Комедия в 3-х д.,"ВЛАДИМИРОВА, Елизавета.",,,
114,И сегодня и завтра...: Повесть.,"БИ-КУШЕВ, Гани Салихович.",,,
115,"И слабые, и сильные: Рассказы.","ФЕДОРОВ-ДАВЫДОВ, Александр Александрович.",,,
116,И смех и грех: Басни и стихи.,"АЛИЕВ, Нариман Ибрагимович.",,,
117,И смех и грех: Рассказы.,"ЛЬВОВ, Ан.",,,
118,"И смех и грех...: Сатирические миниатюры, эпиграммы, шутки.","НОВИЧИХИН, Евгений Григорьевич.",,,
119,И смех и грех: Сатирические рассказы.,"МАКИВЧУК, Федор Юрьевич.",,,
120,И смех и грех: [Сатирические стихи].,"ПОДМАЙСТРОВИЧ, Василий Ильич.",,,
121,"И смех и грех: Сборник миниатюр, разрешенных для народных театров.","ПОТЕХИН, Дмитрий Иванович.",,,
122,И смех и грех: Стихи.,"АРСЛАН, Тимер.",,,
123,И смех и грех: Сцены и одноактные комедии.,"МИХАЛКОВ, Сергей Владимирович.",,,
124,"И смех и грех: Фельетоны, юморески, шутки.","СВЕРДЛИН, Семен (СВЕРДЛИН, Соломон Вульфович).",,,
125,И смех и грех: Юмористические рассказы.,"АРДОВ, Виктор.",,,
126,И смех и грех: Юмористические рассказы.,"МЯСНИЦКИЙ, И. И.",,,
127,"И смех, и слезы, и любовь...: Книга сатирических и юмористических стихов и фельетонов.","КОНСТАНТИНОВ, Владимир Константинович, РАЦЕР, Борис Михайлович.",,,
128,"И снег, и ветер...: Повести.","КЫЧА- КОВ, Иван Спиридонович.",,,
129,И снег и ветер: Таежные были.,"ТИТОВ, Иван Яковлевич.",,,
130,И снова в бой...: Документальная повесть.,"ГИЛЛЕР, Вильям Ефимович.",,,
131,И снова в бой: Документальная повесть.,"ЮСУПОВ, Леонид Усманович.",,,
132,И снова в путь: Повесть.,"ЕВДОКИМОВ, Николай Семенович.",,,
133,И снова весна...: [Повесть].,"АЗИМОВА, Саида Исмаиловна.",,,
134,И снова весна...: Повесть.,"КОСТЮ-КОВСКИЙ, Борис Александрович.",,,
135,И снова день.,"ШАНЬКОВ, Юрий Иванович.",,,
136,И снова жизнь: Роман.,"МАХОРКИН, Георгий Дмитриевич.",,,
137,И снова поиск: [Очерки].,"ВЕТЛИНА, Вера Арсеньевна.",,,
138,И снова утро: Роман. Повести. Рассказы.,"ЩЕГОЛИХИН, Иван Павлович.",,,
139,И совесть и любовь моя: Стихи.,"МИРОШНИКОВ, Иван Иванович.",,,
140,И стало так...: Юмористические рассказы.,"ТЭФФИ, Н. А.",,,
141,И станет свет: Повесть.,"ВОРОБЬЕВА, Мария Вячеславовна.",,,
142,И старые и малые.,"АКУЛИНИН, В. И.",,,
143,"И стихом, и прикладом по фашистским гадам.","БУНАКОВ, Петр Петрович.",,,
144,И счастья в личной жизни: Пьеса в 3-х д.,"ФОНЯКОВА, Элла Ефремовна.",,,
145,И так бывает: Комедия в 3-х д.,"ПАПАЯН, Арамашот.",,,
146,"И так бывает: (Посмотришь — узнаешь, где найдешь, где потеряешь!). Комедия в 1-м д.","ГРОМОВ, Валентин Владимирович, МЕРЦАЛЬСКИЙ, Николай Константинович.",,,
147,"И так, и эдак: Рассказы тульские, новгородские, воронежские.","КРЮКОВСКИЙ, Яков (ГУРЕВИЧ, Яков Яковлевич).",,,
148,И так итог.,"ШЕРШЕНЕВИЧ, Вадим Габриэлевич.",,,
149,И то и се или Собрание сочинений в стихах и прозе.,"ДМИТРЕВСКИЙ, Михаил Иванович.",,,
150,И то и это...,"МИХАЛКОВ, Сергей Владимирович.",,,
151,И тогда мы услышали гром.,"КИЛ-ЛЕНС, Джон Оливер.",,,
152,И тому подобное.,"ПРУТКОВ, Иван Кузьмич.",,,
153,И у ежа своя жена гожа; Двумя крохами человека не накормишь: Две старинные сказки.,"ИВАН КУЗЬМИЧ (КОНДРАТЬЕВ, Иван Кузьмич).",,,
154,И у нас «Кривое зеркало»: Маленький скандальчик на сцене театра. Шутка в 1-м д.,"АЛЕКСИН, С. А.",,,
155,И умереть некогда; Жатва дьявола.,"ВИАЛАР, Поль.",,,
156,И упала звезда: Пьеса в 2-х ч.,"ЛО-ВИНЕСКУ, Хория.",,,
157,И уплывают пароходы...: Повести и рассказы.,"НОСОВ, Евгений Иванович.",,,
158,«И учат людей летать»...: Очерки.,"МАРИЧЕВА, Валерия Ивановна.",,,
159,И хлеб и соль: Стихи.,"ПЕРЕВАЛОВ, Николай.",,,
160,И через золото слезы льются: Роман.,"ШЕЛКАРЬ, Григорий Маркович.",,,
161,И что бы ни случилось.,"АЛЕКСАНДРОВА, Нина Александровна.",,,
162,...и экзотика.,"ПАДЕРИН, Геннадий Никитич.",,,
163,И это все о нем: (Милицейская история). [По одноименному роману В. Липатова] .,"АБРАМОВ, Валентин Алексеевич, ЛИПАТОВ, Виль Владимирович.",,,
164,И это все о нем: Роман.,"ЛИПАТОВ, Виль Владимирович.",,,
165,И это есть: Автобиография. Поэмы. Стихи.,"КАМЕНСКИЙ, Василий Васильевич.",,,
166,И это называется будни.,"ПОПОВ, Владимир Федорович.",,,
167,И этот парень — я?: Пьеса в 2-х д.,"ЛУЙК, Ханс Хансович.",,,
168,И я автор или Разные мелкие стихотворения.,"БАХТИН, Иван Иванович.",,,
169,Иб и Христиночка; Сновидение; Перо и чернильница.,"АНДЕРСЕН, Ганс-Христиан.",,,
170,«Ибикус» и другие повести.,"ТОЛСТОЙ, Алексей Николаевич. ",,,
171,Ива: Поэма.,"МЮССЭ, Альфред де (МЮССЕ, Альфред де).",,,
172,Ива: 5-я книга стихов.,"ГОРОДЕЦКИЙ, Сергей Митрофанович.",,,
173,Ива распушилась в феврале: Повесть.,"БОРИСОВ, Климентий Федорович.",,,
174,Ивайло: Роман.,"ЗАГОРЧИНОВ, Стоя ",,,
175,Иван: [Киносценарий].,"ДОВЖЕНКО, Александр Петрович.",,,
176,Иван: Рассказ.,"БОГОМОЛОВ, Владимир Осипович.",,,
177,Иван Авдеев.,"НИКОЛИЧ, Е. А.",,,
178,Иван-алкоголик или В сетях сатаны: Рождественская баллада.,"СУВОРОВ, Конон Иванович.",,,
179,"Иван-артист: (Метил в трубочисты, а попал в артисты). Сатира-буффонада в 1-м д.","ЛЕОНИДОВ, Виктор (КВЕЦИН-СКИЙ, Виктор Францевич).",,,
180,"Иван-бедный сирота, наставленный на добрый путь: Истинная повесть.",Имя авт. не установлено.,,,
181,Иван-беззаботная голова и кум Матвей или Бедой ума прикупишь: Нравственносатирический роман. Ч. 1-2.,"ЩЕГЛОВ, Федор.",,,
182,Иван Богун: Историческая повесть.,"КАЧУРА, Яков Демьянович.",,,
183,Иван-Болван: В 3-х ч.,"ПАЛЬМОВ, Федор.",,,
184,Иван Болотников: (Драматические сцены из народной жизни XVII века).,"ЭЛЬСНЕР, В.",,,
185,Иван Болотников: Историческая повесть из эпохи крестьянских восстаний 17-го века.,"ШИШКЕВИЧ, Михаил Михайлович.",,,
186,Иван Болотников: Поэма.,"КАМЕНСКИЙ, Василий Васильевич.",,,
187,Иван Болотников: Пьеса в 4-х д.,"ДОБРЖИНСКИЙ, Гавриил Валерьянович.",,,
188,Иван Босых: Рассказ.,"УСПЕНСКИЙ, Глеб Иванович.",,,
189,Иван-бродяга: (Из воспоминаний зак-. люченного).,"НЕМИРОВИЧ-ДАНЧЕНКО, Василий Иванович.",,,
190,Иван в раю: Миф в 5-ти карт.,"ЛУНАЧАРСКИЙ, Анатолий Васильевич.",,,
191,"Иван Вадимович, человек на уровне.","КОЛЬЦОВ, Михаил.",,,
192,Иван Васильевич Бабушкин: Документальная повесть.,"МИШКЕВИЧ, Григорий Иосифович.",,,
193,"Иван Великий или Таинственная юродивая: Исторический роман времен Бориса Годунова, Лжедмитрия и царя Василия Иоанновича Шуйского. В 2-х ч.","ПОТАПОВ, Василий Федорович.",,,
194,"Иван Ветрыч: (Сказка няни «Оленуш-ки», неграмотной крестьянки Ярославской губернии Рыбинского уезда деревни Комя-ково).","СОЛОВЬЕВ, К. Н.",,,
195,Иван! Вспомни бога!: (Рассказ).,"ГОРБУНОВ, Сергей.",,,
196,Иван Выжигин: Нравственно-сатирический роман. Ч. 1—4.,"БУЛГАРИН, Фаддей Венедиктович.",,,
197,Иван-герой.,"ВЕРШИГОРА, Петр Петрович.",,,
198,Иван Гривин и Максим Касьяныч.,"ПАЛЕН, Николай Николаевич фон де",,,
199,Иван Григорьев.,"ТРОФИМОВ, Федор Алексеевич.",,,
200,Иван Григорьев или Счастливый слуга: (Назидательная повесть).,Имя авт. не установлено.,,,
201,"Иван Григорьев, твердый в добродетели и потому очень счастливый слуга.",Имя авт. не установлено.,,,
202,Иван Грозный: Историческая трагедия.,"БРИК, Осип Максимович.",,,
203,Иван Грозный: Киносценарий.,"ЭЙЗЕНШТЕЙН, Сергей Михайлович.",,,
204,Иван Грозный: Пьеса в 9-ти карт.,"ТОЛСТОЙ, Алексей Николаевич.",,,
205,Иван Грозный: [Роман].,"КОСТЫЛЕВ, Валентин Иванович.",,,
206,Иван да Марья: Комедия в 3-х д.,"ПЕРМЯК, Евгений.",,,
207,Иван да Марья: Комедия в 3-х д.,"СУХАРЕВИЧ, Василий Михайлович.",,,
208,Иван да Марья: Лирическая комедия в 3-х актах.,"РАДЫШ, Василь (РАДЫШ, Василий Георгиевич).",,,
209,Иван да Марья: Народная драма в 5-ти д.,"ТАИРОВ, В. С.",,,
210,Иван да Марья: [Повесть].,"ПИЛЬНЯК, Борис.",,,
211,Иван да Марья: Поэма.,"СИМОНОВ, Константин Михайлович.",,,
212,Иван-да-Марья: Пьеса в 4-х д.,"ГОЛЬДФЕЛЬД, Владимир Александрович.",,,
213,Иван да Марья: Шутка в 1-м д.,"ГРЕССЕР, Гавриил Николаевич.",,,
214,"Иван добряк, серый армяк или Трое против одного не сделали ничего: Сказка, похожая на быль. В стихах.",Имя авт. не установлено.,,,
215,"Иван-дурак (Загл. обл.). ТОЛСТОЙ, Лев Николаевич. На тит. л. загл.: Сказка об Иване дураке и его двух братьях: Семене-воине и Тарасе-брюхане и немой сестре Маланье, и о старом дьяволе и трех чертенятах.","ТОЛСТОЙ, Лев Николаевич.",,,
216,Иван Ермолаевич.,"УСПЕНСКИЙ, Глеб Иванович.",,,
217,Иван Жихарев.,"МЕДВЕДЕВ, А.",,,
218,Иван и Анна да их товарищи: Комедия в 3-х д.,"ЕГОРОВ, Михаил Васильевич.",,,
219,Иван и Ваня: Пьеса в 2-х д.,"ЧЕКА-ЛОВ, Лев Николаевич.",,,
220,Иван и Галя: Малороссийская повесть.,"ЯВОРСКИЙ, И. С.",,,
221,Иван и Мария: Рассказы.,"ЧУГУНОВ, Виктор Александрович.",,,
222,Иван Иванович: Роман.,"КОПТЯЕВА, Антонина Дмитриевна.",,,
223,Иван Иванович Дудочкин: Водевиль в 1-м д.,"ИВАНОВ, Лев Львович.",,,
224,Иван Иванович и компания: Повесть.,"КРУГЛОВ, Александр Васильевич.",,,
225,"Иван Иванович не отпирает: Фарс в 2-х карт, без действующих лиц; Добрый день желчного критика: Сатира-монолог; Бубновый туз: Рассказ; Soiree causante в петербургском салоне: Юмористический очерк.","ЯКОБИ, Петр Николаевич.",,,
226,Иван Иванович не туда заехал: (Похождения провинциала в С.-Петербурге). Сцена с натуры.,Имя авт. не установлено.,,,
227,Иван Каляев: Драма в 5-ти д.,"БЕРЕНШТАМ, Владимир Вильямович, КАЛУГИН, Игорь Дмитриевич.",,,
228,Иван Козырь и Татьяна Русских: Пьеса в 5-ти актах.,"СМОЛИН, Дмитрий Петрович.",,,
229,Иван Кондарев: Роман.,"СТАНЕВ, Эмилиян.",,,
230,Иван Королевич: Сказка.,"ПЕТРОВСКИЙ, Е. М.",,,
231,Иван Костин: Народная повесть.,"В. П. (ПАНАЕВ, Владимир Иванович).",,,
232,Иванко-Крылатко: Из уральских сказов о немцах.,"БАЖОВ, Павел Петрович.",,,
233,Иван Ласун: (Рассказ).,"ДЯДЯ МИХЕЙ (ПАЗУХИН, Алексей Михайлович).",,,
234,"Иван Мазепа: Исторический роман, взятый из народных преданий. Ч. 1—4.","ГОЛОТА, Петр Иванович.",,,
235,Иван Мазепа: Исторический роман времен Петра I.,"ДМИТРИЕВ, Дмитрий Савватеевич.",,,
236,Иван Мазепа — гетман Малороссии: Исторический рассказ.,"ИЗВОЛЬСКИЙ, Сергей Петрович.",,,
236а,Иван Мазепа — гетман Малороссии: Исторический роман в 4-х ч.,Имя авт. не установлено.,,,
237,"Иван Матвеевич Прямиков и Фома Михеич Бирюков, оба — люди русские: Пестрота в рассказе и рассказ в пестроте, из юмористических записок бурсака.",Имя авт. не установлено.,,,
238,Иван Махортов: Рассказ.,"ВАСИЛЬКОВСКИЙ, Александр Константинович.",,,
239,Иван-медведь: Пьеса-сказка в 3-х д.,"СТРАХОВ, Юрий Ипполитович.",,,
240,Иван Мироныч: Пьеса в 3-х д.,"ЧИРИКОВ, Евгений Николаевич.",,,
241,Иван Никитич Катаев: Рассказ.,"СУ-ЛЕЙКИН, Николай Михайлович.",,,
242,Иван Никулин — русский матрос: Киносценарий.,"СОЛОВЬЕВ, Леонид Васильевич.",,,
243,Иван Никулин — русский матрос: Повесть.,"СОЛОВЬЕВ, Леонид Васильевич.",,,
244,Иван Парамонович.,"КОЦЕВОЛЬ-СКАЯ, Л. А. ",,Лина Маркова...,
245,Иван-песня.,"РОДИЧЕВ, Николай Иванович.",,,
246,Иван — пройди свет: Роман.,"КОЖЕВНИКОВ, Алексей Венедиктович.",,,
247,Иван Пузиков.,"ШИШКОВ, Вячеслав Яковлевич.",,,
248,Иван Пузыкин.,"СВЭН, Илья (КРЕМ-ЛЕВ, Илья). ",,Случай в Губрозыске...,
249,Иван-Рыбак: Поэма.,"КАИРБЕКОВ, Гафу.",,,
250,Иван Рыбаков: (Сын Рыбакова). Пьеса в 4-х д.,"ГУСЕВ, Виктор Михайлович.",,,
251,"Иван Рябов, лодейный кормщик: Историческая повесть.","ХАЗИН, Евгений Яковлевич.",,,
252,Иван Савельич: Московская шутка-водевиль в 2-х д.,"КОНИ, Федор Алексеевич.",,,
253,Иван Семенович Хватайкин: Комедия-водевиль в 1-м д.,Н.М.Л.Е.А. ,,,
254,Иван Сергеевич: Рассказы о милиционерах.,"ШОШИН, Михаил Дмитриевич",,,
255,Иван-сирота: Сказка в стихах.,"БАШКОВ, Евгений Иванович.",,,
256—257,Иван-слуга.,Имя авт. не установлено. ,"Иван Григорьев или Счастливый слуга; Иван Григорьев, твердый в добродетели и потому очень счастливый слуга.",,
258,Иван Стамезкин; Вырвавшееся призвание; Извозчик.,"МЯСОЕДОВ, Александр Дмитриевич.",,,
259,"Иван Стебельков — спортивная душа: Всевозможные истории, истинные и маловероятные, изложенные в письмах к другу и дополненные забавными рисунками.","ЕЛИН-СОН, Николай Львович (ЕЛИН, Николай), КАШАЕВ, Владимир Григорьевич.",,,
260,Иван Степанович Мазепа — малороссийский гетман: Историческая повесть.,"НЕВРОЗОВ, А.",,,
261,Иван Сусанин: Историческая повесть.,Имя авт. не установлено.,,,
262,Иван Сусанин: Стихотворение.,"МИЛОВИДОВ, Иван Васильевич.",,,
263,Иван Сусанин или Жизнь за царя: Драматическое сочинение в 2-х д.,Имя авт. не установлено.,,,
264,Иван Сусанин или Жизнь за царя: Исторический рассказ.,Имя авт. не установлено.,,,
265,Иван Сусанин или Смерть за царя: Исторический роман.,"ДМИТРЕВСКИЙ, Михаил Иванович.",,,
266,"Иван, сын Ивана: Повести.","БЕКЕТОВ, Виктор Прокофьевич.",,,
267,Иван — сын крестьянский: Роман.,"ПАВЛОВСКИЙ, Олег Порфирьевич.",,,
268,Иван Тимофеевич Бугай и его приключения у Питэре.,"ГЕНСЛЕР, Иван Семенович.",,,
269,Иван III — государь всея Руси: Исторический роман.,"ЯЗВИЦКИЙ, Валерий Ио-ильевич.",,,
270,Иван Тулак.,"МАШКОВ, Борис Григорьевич.",,,
271,Иван Турбинка.,"КРЯНГЭ, Ион.",,,
272,Иван Турчанинов: Роман.,"БИРЮК (ПЕТРОВ, Дмитрий Ильич).",,,
273,Иван Удалов: Повесть в стихах.,"ЧЕРНЫШЕВ, Федор Александрович.",,,
274,Иван Устинович: Рассказ.,"ВЕРИГИН, А.",,,
275,"Иван Фадеич, атаман разбойников: Истинное происшествие. Повесть XIII в.",Имя авт. не установлено.,,,
276,Иван Федоров: [Повесть].,"ПРИБЫТКОВ, Владимир Сергеевич.",,,
277,Иван Федоров: [Поэма].,"ЛУГОВ-СКОЙ, Владимир Александрович.",,,
278,"Иван Федоров, пионер просвещения великой Руси: Историческая повесть о начале книгопечатания в России.","ШРЕК-НИК, Евгений Федорович.",,,
279,Иван Федорович Шпонька и его тетушка: Повесть.,"ГОГОЛЬ, Николай Васильевич.",,,
280,Иван Федосеевич.,"ДОРОШ, Ефим.",,,
281,Иван Федосеевич уходит на пенсию: Повесть.,"ДОРОШ, Ефим.",,,
282,Иван Царевич: Повесть.,"ВАСЮТИНА, Евгения Константиновна.",,,
283,Иван-царевич и Марья-царевна; Мачеха и падчерица: Две сказки.,И. В.,,,
284,Иван-Царевич и серый волк: Сказка в стихах.,"ИЗЕРГИН, Василий.",,,
285,Иван Церковник: (Кладбищенский скиталец). Народная легенда.,"КОНДРАТОВИЧ, Людвиг (СЫРОКОМЛЯ, Владислав) .",,,
286,Иван-чай: Рассказы.,"МАКСИМОВ, Ешений Васильевич.",,,
287,Иван-чай: Роман.,"ЗНАМЕНСКИЙ, Анатолий Дмитриевич.",,,
288,Иван-чай: Стихи.,"ТРОФИМОВ, Михаил Ефимович.",,,
289,Иван Черноус: Поэма.,"ЕРОШИН, Иван Евдокимович.",,,
290,Иван-Чига: Повесть о донском казаке Иване Моряке.,"ЧЕСНОКОВ, Н. В.",,,
291,Иван Чунтул: Быль.,"ПИНЧУК, Василий Андреевич.",,,
292,Иван Шорель: Повесть.,"ПИХЛЕР, Каролина.",,,
293,"Иван — я, Федоровы — мы: Героическая быль.","ОЧКИН, Алексей Яковлевич.",,,
294,Иван Якутов: Поэма.,"СЮНДЮКЛЕ, Максуд.",,,
295,Ивангое или Возвращение из Крестовых походов: Ч. 1—4.,"СКОТТ, Вальтер. ",Айвенго.,,
296,Иванна: Киноповесть.,"БЕЛЯЕВ, Владимир Павлович.",,,
297,Иванов: Комедия в 4-х д.,"ЧЕХОВ, Антон Павлович.",,,
298,Иванов: [Рассказ].,"БАТУРИН, Григорий Николаевич.",,,
299,Иванов Павел.,"ДОРОШЕВИЧ, Влас Михайлович.",,,
300,Иванов цвет: Рассказ.,"СЕВАСТЬЯНОВ, Александр Николаевич. ",,Кнут...,
301,Иванов 16-й и Соколов 18-й: Политическая фантазия.,"СЕМЕНОВ, Лев (ШАРАПОВ, Сергей Федорович).",,,
302,Иванова Одиссея.,"КОТЫШ, Николай Тимофеевич.",,,
303,"Иваново-Вознесенские картинки, юмористические мелочи: Стихотворения.","КЛЮ-НИН, Василий Егорович.",,,
304,Ивановская мельница: Роман.,"КАМАНИН, Федор.",,,
305,Ивановские косогоры: Повести.,"ВОЛКОВ, Валентин Алексеевич.",,,
306,Ивановский ситец: Стихи.,"БЛАГОВ, Александр Николаевич.",,,
307,Ивановы огни: Комедия в 4-х д.,"ЗУДЕРМАН, Герман. ",Купальные огни; Огни Ивановой ночи.,,
308,Ивановы тополя: Рассказы.,"БУРЛАКА, Софрон Васильевич.",,,
309,Иванок и Рамзай.,"ВАСИЛЬЕВ, Георгий Константинович.",,,
310,Ивантай: Романтическая повесть.,"БУЧНЕВА, Фатима Шумафовна.",,,
311,Иванушка-дурачок.,"АНДЕРСЕН, Ганс-Христиан. ",,Дикие лебеди...,
312,Иванушка-дурачок или Волшебный кошелек: Русская сказка. В 2-х ч.,"ШМИ-ТАНОВСКИЙ, Василий Яковлевич.",,,
313,Иваны Ивановичи.,"Д'ОР, О. Л. ",,Он социалист...,
314,Иваны России: Стихи.,"МАЛЯКОВ, Лев Иванович.",,,
315,"Ивасик-Телесик: Сказка в 6-ти карт, для детского театра.","ФОМИН, Семен Дмитриевич, ШИЯН, Анатолий Иванович.",,,
316,Ивашкина воля: Драма в 4-х актах из эпохи крепостного права.,"ИЛЬИНСКИЙ, Федор Владимирович.",,,
317,Иверни: (Избранные стихотворения).,"ВОЛОШИН, Максимилиан.",,,
318,Иветта.,"МОПАССАН, Пои де (МОПАССАН, Ги де).",,,
319,Ивиковы журавли.,"ШИЛЛЕР, Фридрих.",,,
320,Ивняковая сторона.,"ЖУРАВЛЕВ-ПЕЧОРСКИЙ, Василий Степанович.",,,
321,Ивовая аллея: Новелла.,"ЛЬЮИС, Синклер.",,,
322,Ивовая поросль: Стихи 1915—1917 гг.,"СТРИБОЖИЧ, Сергей.",,,
323,Ивовое море: Стихи.,"ЛЕДКОВ, Василий Николаевич.",,,
324,Иволга: Стихотворения. Поэма. Переводы.,"ЖУКОВ, Владимир Семенович.",,,
325,Иволга: Стихотворения.,"РОЖДЕСТВЕНСКИЙ, Всеволод Александрович.",,,
326,Ивон и Финетта.,"ЛАБУЛЭ, Эдуард Рене Лефевр де.",,,
327,Иван Молдавский: Историческая повесть из борьбы за свободу славян в XVI веке.,"ПОЛИТКОВСКАЯ, М. Е.",,,
328,Ивонна: Рассказ.,"БАЙИ, Август (БАЙИ, Огюст).",,,
329,Ивонна: [Рассказ].,"ПЕТЕРСЕН, Ян.",,,
330,Ивонна: [Рассказы].,"ГЕНЕЛЬ, Ганс Отто.",,,
331,Ивонна и ее друзья.,"ЗАРЕЧНАЯ, Софья.",,,
332,Ивушка: Стихи и поэмы.,"МЕРЗЛИ-КИН, Леонид Семенович.",,,
333,Ивушка неплакучая: Роман.,"АЛЕКСЕЕВ, Михаил Николаевич.",,,
334,Ивы над арыком: Повести.,"ЭФЕНДИЕВ, Ильяс Магомед оглы.",,,
335,Ивы над водой.,"АДЖИЕВ, Анвар Абдулгамидович.",,,
336,"«Игарка», ты слышишь меня?: Рассказы.","КУЗЬМИН, Владимир Леонтьевич.",,,
337,Иггинс и К°: Роман.,"БЮР, Рене, ФЕРЛАН, Жак.",,,
338,"Игла: Юмористический сборник, составленный из эскизов, очерков и описаний, печатавшихся в фельетонах газет «Заря» и «Киевское слово» под псевдонимом «Иглы».","ИГЛА (АНДРЕЕВСКИЙ, Павел Аркадьевич).",,,
339,Игла и штык: Героическая комедия. В 2-х д.,"ГАЛИЕВ, Анатолий Сергеевич.",,,
340,"Иглица: Повести, рассказы.","САВО-СТИН, Николай Сергеевич.",,,
341,Иглы комфорта.,АНТОН ПУП.,,,
342,Игнат-аристократ: Сатирические стихи.,"ЧЕРЕПАНОВА, Надежда Михайловна.",,,
343,Игнат Несогласный: [Отрывок из повести «Непокоренные»].,"ГОРБАТОВ, Борис Леонтьевич.",,,
344,Игнат — светлая голова: Рассказ.,"РОДИЧЕВ, Николай Иванович.",,,
345,Игнат у Ленина: (Рассказ).,"КАМСКИЙ, Михаил Васильевич.",,,
346,Игнат Фокин: Поэма.,"МАРКОВ, Павел Григорьевич.",,,
347,Игнашинский барчук.,"ЛУКАШЕВИЧ, Клавдия.",,,
348,Иго войны: Сцены в 5-ти карт.,"СТАРК, Ал. (ВОЗНЕСЕНСКИЙ, Александр Николаевич).",,,
349,Иго любви: Драма в 4-х д.,"СЕРЕГИН, Иван Ермолаевич.",,,
350,Иго любви: Роман-трилогия.,"ВЕРБИЦКАЯ, Анастасия Алексеевна.",,,
351,Иголка: (Рассказ из малорусской жизни).,"СТОРОЖЕНКО, Алексей Петрович.",,,
352,"Игорь, великий князь Севера: Героическое происшествие. А...",К...,,,
353,Игорь и Милица: (Соколята). Повесть из великой европейской войны.,"ЧАР-СКАЯ, Лидия.",,,
354,Игорь и Ольга: (По преданию).,"ПЕТРОВСКИЙ, Георгий Львович.",,,
355,"Игорь, князь Новгородо-Северский (1185 год): Половецкий поход. Исторический рассказ.","ЕПИФАНОВ, Иван.",,,
356,Игорь Петухов: Повесть из жизни почти взрослых людей.,"ГЕРАСИМОВ, Евгений Николаевич.",,,
357,Игра; Бескорыстный друг; Финал комедии: Трилогия.,"ЖУЛАВСКИЙ, Юрий (ЖУЛАВСКИЙ, Ежи).",,,
358,Игра: Повесть; Пути женщины: Пьеса.,"ЛОНДОН, Джек.",,,
359,Игра: Рассказы.,"БОНДАРЕВ, Юрий Васильевич.",,,
360,Игра: Роман.,"ЛЕНСКИЙ, Владимир, МУРАВЬЕВ, Николай.",,,
361,Игра: Сборник рассказов.,"НИКИФОРОВ, Георгий Константинович.",,,
362,Игра: Стихи.,"КЕЛЛЕР, Владимир В.",,,
363,Игра без правил: Пьеса в 4-х актах.,"ШЕЙНИН, Лев Романович.",,,
364,Игра в аду: Поэма.,"КРУЧЕНЫХ, Алексей Елисеевич, ХЛЕБНИКОВ, Велемир.",,,
365,Игра в бисер.,"ГЕССЕ, Герман.",,,
366,Игра в жизнь: Роман.,"ХЕКТ, Бен.",,,
367,Игра в каникулы: Комедия в 3-х д.,"СЕБАСТИАН, Михаил.",,,
368,Игра в лото: Буффонада в 1-м д.,"СОСНОВ, Як. (ОНКЛЬ Жак, ДЯДЯ ЯША) (СОСКИН, Яков Григорьевич). ",,Сема Хуким...,
369,Игра в любовь: Комедия в 4-х д.,"БАЛУЦКИЙ, Михаил.",,,
370,Игра в любовь: (Комедия в 4-х д.).,"КУЛИКОВ, Николай Николаевич.",,,
371,Игра в петухи: Драматическая безделка в 1-м д.,"КОЦЕБУ, Август Фридрих.",,,
372,Игра в порядочных женщин: Комедия в 4-х д.,"КОРСАКОВ, П. М.",,,
373,Игра в смерть.,"ЛОВЦОВ, Николай Алексеевич.",,,
374,Игра винт или Без шлема пропал бы!...: Оригинальный современный водевиль в 1-м д. с куплетами.,"КОЗЬМИН-ПЕРВАГО, Петр Константинович.",,,
375,Игра волн.,"ТЕТМАЙЕР, Казимир (ТЕТМАЙЕР, Казимеж).",,,
376,Игра деньгами: Роман.,"НЕЙССЕЛ, Антуанетта.",,,
377,Игра жизнью: Рассказы.,"ЧАК, Александр.",,,
378,Игра интересов: Кукольная комедия в 3-х д.,"БЕНАВЕНТЕ, Хасинто.",,,
379,Игра красок земли.,"СИГУРДССОН, Оулавюр Йоуханн.",,,
380,Игра любви и случая: Комедия в 3-х д.,"МАРИВО, Пьер Карлэ де Шамблэн.",,,
381,Игра любви или Русский помещик в конце XVIII столетия: Роман. Ч. 1—2.,"НИКИТИН, Александр.",,,
382,Игра мотыльков: Пьеса в 2-х д.,"ЖЕ-ЛЕЗНИКОВ, Владимир Карпович.",,,
383,Игра на рассвете: Киносказки.,"ВИТ-КОВИЧ, Виктор Станиславович, ЯГД-ФЕЛЬД, Григорий Борисович.",,,
384,Игра на рассвете: [Рассказ].,"ШНИЦ-ЛЕР, Артур.",,,
385,Игра на своем поле: Роман.,"НЕМЕ-РОВ, Говард.",,,
386,Игра начинается с центра: Повесть.,"ПАРХОМОВ, Михаил.",,,
387,Игра против всех.,"ШЕСТАКОВ, Павел Александрович.",,,
388,Игра с кошкой: Элегическая комедия в 2-х ч.,"ЭРКЕНЬ, Иштван.",,,
389,Игра с огнем: Оригинальная повесть из американской жизни. В 2-х ч.,"УРУСОВ, Николай Павлович.",,,
390,Игра с огнем: [Рассказ].,"ДОЙЛЬ, Артур Конан.",,,
391,Игра с огнем: Роман.,"ПУЙМАНОВА, Мария.",,,
392,Игра с тенью.,"ВИРТ, Михаил Захарь-евич, САМОЙЛОВ, Лев.",,,
393,Игра сердцем: Драма в 3-х д.,"ЭККЕРТ, Георгий Георгиевич.",,,
394,Игра случая: Комедия в 1-м д.,"ПРИЕЗЖИЙ, Иван.",,,
395,Игра случая или Еще Робинсон Крузо или Еще Путешественник: В 2-х ч.,"БЕЛЯНКИН, Лука Евдокимович.",,,
396,Игра со смертью.,"КАН, Альберт Юджин.",,,
397,Игра судьбы: Быль в 4-х д. с эпилогом.,"СОЛОВЬЕВ, Сергей Петрович.",,,
398,Игра судьбы: Драматический этюд с натуры в 3-х д.,"СТАМАТИ, Константин Константинович (СТАМАТИ-ЧУРЯ, Константин Константинович).",,,
399,Игра судьбы: Исторический роман.,"АЛЕКСЕЕВ, Николай Николаевич.",,,
400,Игра судьбы: Роман.,"ЭРИСТАВИ-ХОШТАРИЯ, Анастасия Георгиевна.",,,
401,Игра судьбы; Утопленник: Сборник рассказов и сценок.,"ПАЗУХИН, Николай Михайлович.",,,
402,"Игра судьбы или Отец поневоле: Быль не быль, а почти что правда. Повесть наших времен. Ч. 1—2.","Е-Р-ОВ, А. (ЕВРЕИНОВ, А.).",,,
403,"Играй, гармонь: (Песни, стихи, частушки, юмор).","ПЕРОВСКИЙ, Нестор Егорович.",,,
404,"Играй, трембита!: Стихи.","БОРШОШ-КУМЯТСКИЙ, Юлий Васильевич.",,,
405,Играл духовой оркестр...: Повести и рассказы.,"УХАНОВ, Иван Сергеевич.",,,
406,"Играл я, плясал: Чертова ночь. В 5-ти д.","РАЙНИС, Ян.",,,
407,Игральный ящик: Рассказ.,"ЭВЕРС, Ганц Гейнц.",,,
408,Игренька.,"КУКЛИН, Георгий Осипович.",,,
409,Игривая жена: Роман.,ВИЛЛИ.,,,
410,Игривое завещание: Миниатюрка в 1-м д.,Имя авт. не установлено.,,,
411—412,Игривые мотивы: (Бытовые кар- тины из провинциальной жизни). (В стихах).,"БАРСОВ, А. А.",,,
413,Игривые рассказы: Любителям пикантного.,"О'МОНРУА, Ришар.",,,
414,Игривые стихотворения юмориста Дон-Жуана.,"РАТОМСКИЙ, Николай Алексеевич.",,,
415,Игрища: Стихи.,"МАКСАЕВ, Александр Васильевич.",,,
416,Игрок: Роман. (Из записок молодого человека).,"ДОСТОЕВСКИЙ, Федор Михайлович.",,,
417,Игрок: Комедия в 5-ти д.,"РЕНЬЯР, Жан Франсуа.",,,
418,Игрок в крокет.,"УЭЛЛС, Герберт Джордж.",,,
419,"Игроки: (Клубные типы, сцены и картины).","ЛЕВ МАКСИМ (МИХАЙЛОВ, М.).",,,
420,Игроки: [Комедия].,"ГОГОЛЬ, Николай Васильевич.",,,
421,Игрушечка: Повесть.,"ВОВЧОК, Марко.",,,
422,Игрушечка-пастушечка. О.,ГЕНРИ.,,,
423,Игрушечного дела людишки: Из «Сказок».,"САЛТЫКОВ-ЩЕДРИН, Михаил Евграфович.",,,
424,Игрушечный ковчег.,"ГУРО, Юлия.",,,
425,Игрушечный король.,"МАРЧИК, Георгий Оскарович.",,,
426,Игрушечных дел мастер.,"ЖУКОВ, Владимир Семенович.",,,
427,Игрушка: Рассказ.,"БРЯНЧАНИНОВ, Анатолий Александрович.",,,
428,Игрушка: Рассказы.,"СУХОТИН, Павел Сергеевич.",,,
429,Игрушки на чердаке: Пьеса в 3-х д.,"ХЕЛЛМАН, Лилиан.",,,
430,Игры в сумерках.,"ТРИФОНОВ, Юрий Валентинович.",,,
431,Игры взрослых: Повести.,"КАШАУС-КАС, Раймондас Феликсович.",,,
432,Игры и утехи.,"ДЮАМЕЛЬ, Жорж. ",У истоков жизни.,,
433,Игумен Иосаф: (Донское предание).,"КУМОВ, Роман Петрович.",,,
434,Игуменья Рахиль: Картинки монастырской жизни.,"ДАНИЛОВ, И. А. (ФРИ-БЕС, Ольга Александровна).",,,
435,Ида: Истинная повесть.,"ЖАНЛИС, Стефани Фелисите.",,,
436,Идеал женщины.,"ЛОМАКИН, Игнатий Семенович.",,,
437,«Идеалин».,"МИЛЛЬ-ПОЛЯРНЫЙ, Казимир Ромуальдович.",,,
438,Идеалист: [Рассказ].,"ГУСЕВ-ОРЕН-БУРГСКИЙ, Сергей Иванович.",,,
439,Идеалист: Роман в 3-х ч.,"ЮРОВСКОЙ, Николай.",,,
440,Идеалисты и практики жизни: Драма в 5-ти д.,"ГЕ, Иван Николаевич.",,,
441,Идеалисты и реалисты: Исторический роман.,"МОРДОВЦЕВ, Даниил Лукич.",,,
442,Идеалисты наших дней: Роман.,"БЕЛЯ-РОВ, А.",,,
443,Идеалисты Талмуда: Трагедия в 5-ти д.,"САМОЙЛО, Николай Иванович.",,,
444,Идеальная жена: Комедия в 3-х д.,"ПРАГА, Марко.",,,
445,Идеальная жена: Юмористические рассказы.,"ЖИЛИНСКАЙТЕ, Витауте Юр-гисовна.",,,
446,Идеальная жена: Юмористические рассказы.,"КАРБОВСКАЯ, Варвара Андреевна.",,,
447,"Идеальная квартира: Лекции по квартирологии. Практические и теоретические указания: как найти новую квартиру, как развязаться со старой и как укладываться. Рассказ.","ШЕБУЕВ, Николай Георгиевич.",,,
448,Идеальная теща: Оригинальная комедия-шутка в 1-м д.,"САДОВНИКОВ-РОСТОВСКИЙ, Леон Эммануилович.",,,
449,Идеальный жандарм: Фарс в 3-х д.,"МАЭЗИ-ЭОН, Э. (МУЭЗИ-ЭОН, Андре).",,,
450,Идеальный квартирант.,"ПЕЖИН-СКИЙ, Владимир. ",,По Шерлоку Холмсу...,
451,Идеальный муж: Пьеса в 4-х д.,"УАЙЛЬД, Оскар. ",Идеальный супруг.,,
452,Идеальный муж: Юмористические рассказы.,"СЕМЕНОВ, Мануил Григорьевич.",,,
453,Идеальный супруг: Комедия в 4-х д.,"УАЙЛЬД, Оскар.",,,
454,Идеалы: Комедия в 4-х д.,"НЕМЕЗИ-ДИН, Н. П.",,,
455,Идеалы и жизнь: Повести и рассказы. В 2-х ч.,"КОРОВИН, Василий Дмитриевич.",,,
456,Идеалы молодости: (Повесть).,"ДО-МАНСКИЙ, Н. Н.",,,
457,Идеалы нашего времени: Роман. В 4-х ч.,"ЗАХЕР-МАЗОХ, Леопольд фон.",,,
458,Идеи в масках.,"ЛУНАЧАРСКИЙ, Анатолий Васильевич.",,,
459,Идейная деревня: Шуточные сцены в 3-х д.,"ШЕВЛЯКОВ, Михаил Викторович.",,,
460,Идейный гражданин-казак: Повесть из быта оренбургских казаков.,"СМИРНОВ, Матвей Кузьмич.",,,
461,Идем в атаку: (Невыдуманные рассказы).,"СОРОКИН, Захар Артемович.",,,
462,Идем на «Большую Медведицу»: Документальная повесть.,"ВЕРШИНИН, Анатолий.",,,
463,Идем на Восток.,"МАРЬЯМОВ, Александр Моисеевич.",,,
464,Идем на таран!: Документальная повесть.,"ЛЕВШЕНКОВ, Василий Яковлевич.",,,
465,Идемте встречать весну: Повесть.,"ВОЕВОДИН, Евгений Всеволодович.",,,
466,Идет война народная.,"БОГОЛЮБОВ, Константин Васильевич.",,,
467,Идет мальчишка по дороге: Повесть.,"ЛЮБИМОВ, Владимир Николаевич.",,,
468,Идет младое племя: Стихи.,"РАЙНИС, Ян.",,,
469,Идет пехота моря.,"ПАДАЛКА, Георгий Иванович.",,,
470,Идет по городу любовь: Лирика.,"ЧУЛОШНИКОВА, Светлана Георгиевна.",,,
471,Идет проточная вода: Стихи и рассказы.,"ДЕХОТИ, Абдусалом Пирмухамед-заде.",,,
472,Идет снег...: Рассказы.,"БАРУЗДИН, Сергей Алексеевич.",,,
473,Идет солдат: Стихи.,"ДАНИЛОВ, Сергей.",,,
474,Идет солдат по улице: Стихи.,"БАУ-КОВ, Иван Петрович.",,,
475,Идет ученик.,"БАРТО, Агния Львовна.",,,
476,Идет человек: Сборник научно-фантастических повестей и рассказов.,"ГАНСОВ-СКИЙ, Север Феликсович.",,,
477,Идея: Драматический диалог. В 4-х д.,"ЕВТИХИЕВ, Виктор.",,,
478,Иди за своей звездой...,"ГУСЕВ, Борис Сергеевич.",,,
479,Иди и не бойся: Пьеса в 3-х д.,"СЕМЕНОВ, Юлиан Семенович.",,,
480,"Иди, мой сын.","БЕЛЕВИЧ, Антон Петрович.",,,
481,Иди на сближение: Роман.,"ШМУШ-КЕВИЧ, Михаил Юрьевич.",,,
482,Иди полным ветром: Повесть.,"ДАВЫДОВ, Юрий Владимирович.",,,
483,"Иди прямо, Юрка!: Повесть.","ГЕ-ВЕЛИНГ, Александр Феодосьевич.",,,
484,Иди рядом со мной.,"МОСИЕНКО, Николай Алексеевич.",,,
485,"Иди, сержант!: Поэма.","ГРИБАЧЕВ, Николай Матвеевич.",,,
486,Иди со мной: Повесть.,"ЛИХОТАЛЬ, Тамара Васильевна.",,,
487,"Иди сюда, птица!: Репортаж для сцены в 2-х д.","САМУЛЯВИЧУС, Раймундас Вацловович.",,,
488,Идиллии: Подражание Леонарду.,"СЕВАСТЬЯНОВ, Яков Александрович.",,,
489,Идиллии: Стихотворения.,"ПАНАЕВ, Владимир Иванович.",,,
490,Идиллии в прозе: Рассказы.,"НАКРО-ХИН, Прокофий Егорович.",,,
491,Идиллии госпожи Дезульер.,"ДЕ- ЗУЛЬЕР, Антуанетта.",,,
492—493,Идиллия: Не играй огнем — обожжешься. (Из деревенского быта).,"ТОЛСТОЙ, Лев Николаевич. ",,Тихон и Маланья... Изд. также под загл.: Не играй огнем — обожжешься.,
494,Идиллия; Обстановочка; Невидимка; Авдотья: Рассказы.,"УСПЕНСКИЙ, Глеб Иванович.",,,
495,Идиллия: [Рассказ].,"ЩЕГЛОВ, Иван. ",,Первое сражение...,
496,Идиллия белого лотоса.,"КОЛЛИНЗ, Мабель.",,,
497,Идиллия в масках.,"ФАРРЕР, Клод.",,,
498,Идиот: Дикий человек. Драма в 5-ти актах.,"ГОРДИН, Яков Михайлович.",,,
499,Идиот: Роман в 4-х ч.,"ДОСТОЕВСКИЙ, Федор Михайлович.",,,
500,Идиот: Роман.,"КЕЛЛЕРМАН, Бернгард.",,,
501,Идиот; Тюльпаны в кварталах: Стихотворения.,"СЫЧЕВ, Антоний.",,,
502,Идиот или Гейльбергское подземелье: Драма в 5-ти актах.,"ФОНТАН, Луи Мари, ДЮПЕТИ, Шарль Дезире.",,,
503,Идите на Вегу.,"КОТЫШ, Николай Тимофеевич.",,,
504,Идол: Назидательная пьеса в 1-м д.,"УРВАНЦОВ, Лев Николаевич.",,,
505,Идол: (Рассказ).,"ПОЛИТУР, Николай Романович.",,,
506,Идол: Роман.,"ДИМАРОВ, Анатолий Андреевич.",,,
507,Идол: Роман.,"ЕЛИЗАРОВ, Гр.",,,
508,Идол Батеке.,"ЖЕНИО, Шарль.",,,
509,Идолопоклонники: Миниатюра для эстрады.,"КАРБОВСКАЯ, Варвара Андреевна.",,,
510,Идти вечно: Трилогия.,"КИЛЕ, Петр Александрович.",,,
511,Идти за облаками.,"КУТАЙ, Рустем.",,,
512,Идти и видеть: Стихи.,"ТАРУТИН, Олег Аркадьевич.",,,
513,Идти одному запрещаю: Повесть.,"КОЛЫХАЛОВ, Владимир Анисимович.",,,
514,Иду: Стихи.,"ПОРТНОВ, Владимир Викторович.",,,
515,Иду: Стихи и поэмы.,ГРИБАЧЕВ. ,,,
516,Иду в атаку.,"ПЯТКОВ, Алексей Захарович.",,,
517,Иду в бой: Стихи.,"СТАНЦЕВ, Венедикт Тимофеевич.",,,
518,Иду в большой каботаж.,"ГАНЧО, Анатолий Владимирович.",,,
519,Иду в жизнь: Повесть.,"ДЕМЕНТЬЕВ, Николай Степанович.",,,
520,Иду в завтра: Стихи и поэма.,"ЭДИЛОВ, Хасмагомед Эдилович.",,,
521,Иду в путь мой.,"ПРОХАНОВ, Александр Андреевич.",,,
522,Иду в родное: Повести и рассказы.,"БРЫЛЬ, Янка.",,,
523,Иду в романтику.,"ЩЕГЛОВ, Павел Иванович.",,,
524,Иду варить сталь: Рассказ об одном романтике.,"ТУРИЧИН, Илья Афроимович.",,,
525,Иду до конца: Документальная повесть.,"ПАЛЬ, Роберт Васильевич.",,,
526,Иду домой: Рассказы.,"БЕЛОВ, Василий Иванович.",,,
527,Иду за Гашеком.,"ДУНАЕВСКИЙ, Александр Михайлович.",,,
528,Иду за журавлем: Рассказы и повесть.,"ЖУХОВИЦКИЙ, Леонид Аронович.",,,
529,Иду за отцом: Повести.,"ГЛУХОВ-СКИЙ, Самуил Давидович.",,,
530,Иду за подвигом: Документальная повесть.,"АЛЕШКИН, Александр Михайлович.",,,
531,Иду искать.,"АГРАНОВСКИЙ, Анатолий Абрамович.",,,
532,Иду к друзьям: Стихи.,"КРЫЛОВ, Георгий Иванович.",,,
533,Иду к живым: Антирелигиозная повесть.,"ГУЗЮК, Филипп Федорович.",,,
534,Иду к Ленину.,"СКРЫПНИК, Александр Петрович.",,,
535,Иду к людям: Повесть.,"САДОВНИКОВ, Георгий Михайлович.",,,
536,Иду к океану.,"ПУШКАРЬ, Арнольд Игнатьевич.",,,
537,Иду к рассвету.,"ТРУФИЛОВ, Алексей Сергеевич.",,,
538,Иду к тебе: [Стихи].,"АХМАТОВА, Раиса Солтмурадовна.",,,
539,Иду к тебе: [Стихи].,"КАРИМОВА, Людмила Михайловна.",,,
540,Иду к тебе: [Стихи].,"КРАСНОВ, Анатолий Михайлович.",,,
541,Иду к тебе: Стихи.,"КУПРИН, Анатолий Андреевич.",,,
542,Иду к тебе: Стихи.,"МЕЛЬНИКОВ, Юрий Иосифович.",,,
543,Иду к тебе: Стихи.,"УШАКОВ, Дмитрий Алексеевич.",,,
544,Иду к тебе: Стихи. Поэмы.,"ФИЛИППОВ, Борис Тимофеевич.",,,
545,Иду к тебе: Стихи и поэмы.,"ВДОВЕНКО, Евгений Федорович.",,,
546,Иду к тебе: Стихи и поэмы.,"КРИВЕНКО, Евгений Иванович.",,,
547,Иду на вас!: Роман.,"НЕМИРОВИЧ- ДАНЧЕНКО, Василий Иванович.",,,
548,Иду на вы!: (Воспоминания Гешки Журавлева). Повесть.,"ДЕДЮХИН, Борис Васильевич.",,,
549,Иду на вы: [Документальная повесть о Р. Малоземове].,"БИАНКИ, Валентина Львовна.",,,
550,«Иду на вы»: (Золотой лук). Музыкальная комедия в 2-х актах. Пьеса.,"БРАТОВ, Арнольд Леонидович, ЛЕВИЦКИЙ, Олег Юрьевич.",,,
551,Иду на вы: [Повести].,"БАЛАБИН, Станислав Прокопьевич.",,,
552,Иду на голоса: Стихи.,"КОВАЛЬ-ВОЛКОВ, Александр Иванович.",,,
553,Иду на грозу.,"ГРАНИН, Даниил.",,,
554,Иду на жизнь: Повесть.,"КОВАЛЕВ, Юрий Алексеевич.",,,
555,Иду на зов: Стихи.,"КУЛЬКИН, Евгений Александрович.",,,
556,Иду на перехват: Повесть.,"ЧЕРНЫХ, Иван Васильевич.",,,
557,Иду на помощь: Рассказы о милиции.,"ШЕЙНИН, Александр Михайлович.",,,
558,Иду на свет.,"ГРИНЕР, Валентин Сергеевич.",,,
559,Иду на свидание: Стихи.,"СОМ, Микола (СОМ, Николай Данилович).",,,
560,"Иду на свидание: Стихи, поэмы.","СТАРШИНОВ, Николай Константинович.",,,
561,Иду на север.,"ДАЛЕЦКИЙ, Павел Леонидович.",,,
562,Иду на таран; Короткая встреча; Когда рассеивается туман: Одноактные пьесы.,"КАРАСЕВ, Леонид Павлович.",,,
563,Иду на таран: [Повесть].,"ШИНГА-РЕВ, Сергей Исидорович.",,,
564,Иду на таран: [Рассказы].,"БОРИСКИН, Николай Митрофанович.",,,
565,Иду над океаном: Роман.,"ХАЛОВ, Павел Васильевич.",,,
566,Иду по земле: Рассказы.,"ГОФМЕЙСТЕР, Адольф.",,,
567,Иду по земле: Стихи.,"ЕЛАГИН, Павел Алексеевич.",,,
568,Иду по земле: Стихи.,"КОБРАКОВ, Петр Григорьевич.",,,
569,Иду по земле: Стихи и поэма.,"ГА-ШОКОВ, Хусин Ханакович.",,,
570,Иду по меридиану: Путешествие от полюса к полюсу.,"МИХАЙЛОВ, Николай Николаевич.",,,
571,Иду по родной земле: Стихи.,"СУМ-МАНЕН, Тайсто Карлович.",,,
572,Иду по Северу: Книга стихов.,"ЧИ-КИН, Леонид Андреевич.",,,
573,Иду по следам твоим.,"СКРЫГАН, Янка (СКРИГАН, Янка).",,,
574,Иду по следу...: Детективные истории.,"БЕТЕВ, Сергей Михайлович.",,,
575,Иду под радугу: Стихи.,"КУЛИКОВ, Виктор Иванович.",,,
576,Иду полями: Лирика.,"БУХАНОВ, Виталий Степанович.",,,
577,Иду родной землей: Стихотворения и поэмы.,"ГОНЧАРЕНКО, Иван Иванович.",,,
578,Иду с Востока: Стихи.,"ГУЛЯМ, Гафур.",,,
579,Иду с полей.,"БЛЫНСКИЙ, Дмитрий Иванович.",,,
580,Иду с Тамбовщины: Стихи.,"ГЕРАСИМОВ, Петр Сергеевич.",,,
581,Иду с тралом.,"ФИШ, Радий Геннадиевич.",,,
582,Идут: Пьеса в 4-х д.,"СВИРИДОВ, Сергей Ильич.",,,
583,Идут белые снеги...,"ЕВТУШЕНКО, Евгений Александрович.",,,
584,Идут в наступление строки: Стихи. Фельетоны. Дневники. Письма.,"КУБАНЕВ, Василий Михайлович.",,,
585,Идут другие времена: Стихи.,"БЕХЕР, Иоганнес Роберт.",,,
586,Идут корабли: Роман.,"ЛИДИН, Владимир Германович.",,,
587,Идут легионы.,"КОЛОСОВ, Алексей Иванович.",,,
588,Идут партизаны.,"ЯНИЦ, Мариан.",,,
589,Идут поезда.,"СВЕРЧКОВ, Дмитрий Федорович.",,,
590,Идут полки: Повести.,"УРАЛЬСКИЙ, Леонид Валентинович.",,,
591,Идущая мимо...: Хроника одного бабьего царства. Рассказ. (Эпоха 1850— 1859 г.).,"ШАХОВСКАЯ, Людмила Дмитриевна.",,,
592,Идущая по лесам.,"БАРИНОВ, Вячеслав Николаевич.",,,
593,Идущие.,"АСИЛОВ, Ст.",,,
594,Идущие впереди: Очерки.,"СТРЕЛЬЦОВА, Александра Львовна.",,,
595,Идущие впереди: Очерки и рассказы.,"КАЛИНИН, Анатолий Вениаминович.",,,
596,Идущие впереди: Пьеса в 4-х д.,"КУЗНЕЦОВ, Андрей Юрьевич, ШТАЙН, Георгий Георгиевич.",,,
597,Идущие впереди: [Рассказы].,"ПРОКОФЬЕВ, Дмитрий Георгиевич.",,,
598,Идущие дозорной тропой: Повесть.,"МАРЧЕНКО, Анатолий Тимофеевич. ",Дозорной тропой.,,
599,Идущие к вершинам: Историко-биографическая повесть.,"МАРКОВ, Сергей Николаевич.",,,
600,Идущие к звездам.,"ДОКУЧАЕВ, Юрий Александрович.",,,
601,Идущие мимо.,"МАР, Анна.",,,
602,Идущие стороной.,"САМОЙЛОВ, Лев, СКОРБИН, Борис Петрович.",,,
603,Идущий по облакам.,"ЧМОНИН, Рудольф Николаевич.",,,
604,Идя навстречу.,"МАСС, Владимир Захарович, ЧЕРВИНСКИЙ, Михаил Абрамович.",,,
605,Иезуит: Роман.,"СОНЬЕР, Поль.",,,
606,Иезуит: Роман. Т. 1-2.,"АББАТ*** (МИШО, Жан Ипполит).",,,
607,Иезуиты: Исторический роман в начале XVII столетия. Ч. 1-2.,"БАЛАШЕВИЧ, Юлий.",,,
608,Иезуиты: Пьеса в 4-х д.,"ЯКОВЛЕВ, Леонард Фомич.",,,
609,Иена или Седан?: Роман.,"БЕЙЕР-ЛЕЙН, Франц Адам.",,,
610,Иенни: Роман.,"УНДСЕТ, Сигрид (УНСЕТ, Сигрид).",,,
611,Иерей Макарий: (Повесть о превращении человека).,"ТАРАНЧУК, Платон Иванович.",,,
612,Иерихонская Роза: Ч. 1-2.,"ГЕСС, Давид.",,,
613,Иерн Уль: Роман.,"ФРЕНСЕН, Густав.",,,
614,Иероглифы жизни.,"ПРОМЕТ, Лилли Александровна.",,,
615,Иероглифы Сихотэ-Алиня: Повесть.,"МЕЛЕНТЬЕВ, Виталий Григорьевич.",,,
616,Иеромонах Исидор.,"ТОЛСТОЙ, Лев Николаевич.",,,
617,Иерусалим: Дневник путешествия.,"ЛОТИ, Пьер.",,,
618,Иерусалим: Повесть.,"ЛЯГЕРЛЕВ, Сельма (ЛАГЕРЛЕФ, Сельма). ",В Иерусалим.,,
619,Иерусалимские камешки: (Фельетоны).,"РЯБОВ, Иван Афанасьевич.",,,
620,Иерусалимский пленник.,"ФИЛИП-ПСОН, Людвиг.",,,
621,Иестер и Ли: (История одной любви). Роман.,"КЕЛЛЕРМАН, Бернгард.",,,
622,Иешуа Ганоцри: Беспристрастное открытие истины в 5-ти д.,"ЧЕВКИН, Сергей Михайлович.",,,
623,Иже херувимы.,"БЕДНЫЙ, Демьян.",,,
624,Ижемцев: (Из повести «Сыновья»).,"ЯВИЧ, Август Ефимович.",,,
625,Ижорские были.,"БЕЙЛИН, Адольф Моисеевич.",,,
626,Ижорский: Мистерия.,"КЮХЕЛЬБЕКЕР, Вильгельм Карлович.",,,
627,"Из Авзонии в Италию: Путешествие по векам, судьбам, книгам, воспоминаниям. Повесть.","ЕВГЕНЬЕВ, Борис Сергеевич.",,,
628—629,Из автобиографии маленького человека.,"ЛАВРЕНТЬЕВА, Софья Ивановна.",,,
630,Из акцизных мелодий: Рассказы.,"БРЕШКО-БРЕШКОВСКИЙ, Николай Николаевич.",,,
631—632,Из альбома: Стихотворения и наброски.,"СИМОНОВ, Павел Евграфович.",,,
633,Из американских заметок.,"ДИККЕНС, Чарлз.",,,
634,Из армейской тетради.,"ЛЬВОВ, Михаил Давыдович.",,,
635,Из Афонских отголосков 1873—1874 гг.,"С. П. (ПОНОМАРЕВ, Степан Иванович).",,,
636,Из бездны житейского моря: Повести и рассказы.,"ТИХОНОВИЧ, Алексей Поликарпович.",,,
637,Из бездны к небу: Роман. Ч. I.,"ГЮИС-МАНС, Жорис Карл.",,,
638,Из бессарабской старины: Очерки и рассказы.,"НАККО, Ольга Егоровна.",,,
639,Из биографии искателя теплых мест.,"УСПЕНСКИЙ, Глеб Иванович. ",,Нравы Растеряевой улицы...,
640,Из боевого прошлого: Воспоминания о встречах с В. И. Лениным.,"ГОРДИЕНКО, Илья Митрофанович.",,,
641,Из боя в бой: Документальная повесть.,"ЮСУПОВ, Леонид Усманович.",,,
642,Из боя в бой: Повесть.,"СЕИД БЕЙЛИ, Гасан Мехти оглы.",,,
643,Из будущего.,"ОСТРОВСКИЙ, Антон Антонович.",,,
644,Из былого: В память 800-летия Рязани. Стихотворения.,"ШЕФФЕР, Александр.",,,
645,Из былого: Кавказские рассказы.,"ЧЕБОТАРЕВ, Д.",,,
646,Из былого: Рассказ.,"ТХОРЖЕВ-СКИЙ, Корнелий Владиславович.",,,
647,Из былого-прошлого: Исторические рассказы.,"ЗАРИН, Андрей Ефимович.",,,
648,Из былого Черномории.,КАНИВЕЦ- КИЙ,,,
649,Из былых времен: Рассказы из запо- рожской старины.,"АНТОНОВ, П. (ОРЛОВЕЦ, П.).",,,
650,Из быта крестьян.,"ВЛАДИСЛАВЛЕВ, Василий Федорович.",,,
651,Из быта маленьких людей.,"СМИРНОВ, Петр И.",,,
652,Из века в век.,"МАРКИШ, Перец Давыдович.",,,
653,Из вечных источников.,"САВИЧ, Иван.",,,
654,Из вешнего времени.,"КРАШЕНИННИКОВ, Николай Александрович.",,,
655,Из военной жизни: Повести и рассказы.,"ВАШЕНЦЕВ, Сергей Иванович.",,,
656,Из волжских рассказов.,"МИТРОПОЛЬСКИЙ, Иван Иванович.",,,
657,Из волны карнавала.,"АРХИПОВА, Людмила Всеволодовна.",,,
658,Из воспитательного дома замуж за отца.,"АЛЕКСАНДРОВСКИЙ, Ал. П.",,,
659,Из воспоминаний.,"ШВЕДЕР, Евгений Иосифович.",,,
660,Из воспоминаний гимназиста 60-х годов: Ч. 1-2.,"С. Р. (РОЖБИЦКИЙ, Станислав Норбертович).",,,
661,Из воспоминаний Григория Доброва: Рассказ.,"ЗАСОДИМСКИЙ, Павел Владимирович.",,,
661а,Из воспоминаний детства: В мою автобиографию.,"ЯСКОВИЧ, Георгий.",,,
662,Из воспоминаний детства: [Стихотворение].,"БЛАГОВЕЩЕНСКИЙ, А. В.",,,
663,Из воспоминаний детства: Три рассказа.,"КАРДО-СЫСОЕВА, Н. Е.",,,
664,Из воспоминаний добровольца: (Из эпохи войны 1898 г. между Америкой и Испанией).,"РОЗЕН, Эрвин (КАРЛЭ).",,,
665,Из воспоминаний о В. И. Ленине (Декабрь 1922 г.— март 1923 г.).,"ФОТИЕВА, Лидия Александровна.",,,
666,Из воспоминаний о Ленине.,"ШЛИХ-ТЕР, Александр Григорьевич.",,,
667,Из воспоминаний о Шерлоке Холмсе: Вып. [1 ] -2.,Имя авт. не установлено.,,,
668,Из воспоминаний об Александре Николаевиче Островском.,"КУПЧИНСКИЙ, Иван Александрович.",,,
669,Из воспоминаний прошлого: Кн. 1-2.,"ПАНТЕЛЕЕВ, Лонгин Федорович.",,,
670,Из воспоминаний рядового Иванова.,"ГАРШИН, Всеволод Михайлович.",,,
671,Из воспоминаний старика сочувствующего.,"СТРУГ, Андрей (СТРУГ, Анджей).",,,
672,Из воспоминаний судебного следователя: Очерки и рассказы.,"ТИМОФЕЕВ, Никита Павлович.",,,
673,Из воспоминаний террориста: Сборник рассказов.,"БРИЛЬОН, И.",,,
674,Из воспоминаний туриста.,"ЭССАР, Н. ",,,
675,Из воспоминаний циклиста: Рассказ.,"ПРУС, Болеслав.",,,
676,Из времен покорения Сибири: Историческая повесть.,"ЛАПИН, Василий Иннокентьевич.",,,
677,Из галереи современников.,"СТАРЫЙ ДЖОН (ГНЕДИЧ, Петр Петрович). ",,Лето...,
678,Из галицийской и нашей литературы.,"АЛЧЕВСКАЯ, Христя (АЛЧЕВСКАЯ, Христина Алексеевна).",,,
679,Из гаремной жизни.,"ЕМЕЛЬЯНОВ-КОХАНСКИЙ, Александр.",,,
680,Из гимназической жизни: Повесть.,Л-ВА.,,,
681,Из глубин памяти: Воспоминания.,"ЛЕВИН, Федор Маркович.",,,
682,Из глубины: Повесть.,"КАРПОВ, Пимен Иванович.",,,
683,Из глубины бушующего моря: Роман.,ХОТТА ЕСИЭ.,,,
684,Из глубины веков.,"МУРАХИНА, Л.",,,
685,Из глубины души: Стихи.,"ЭРКАЙ, Никул.",,,
686,Из глубины океана.,"ЛОНГ, Вильям.",,,
687,Из глубины России: Рассказы.,"МЯСНИКОВ, Борис Александрович.",,,
688,Из года в год: Книга стихов и переводов.,"ХЕЛЕМСКИЙ, Яков Александрович.",,,
689,Из года в год: Репертуарный сборник.,"ИНИН, Аркадий, ОСАДЧУК, Леонид Викторович.",,,
690—691,Из горнила жизни.,"ШИРВАН-ЗАДЕ, Александр Минасович.",,,
692,Из городского окна: Стихотворения.,"ЗУБОВСКИЙ, Юрий Николаевич.",,,
693,Из Гощи гость: Роман.,"ДАВЫДОВ, Зиновий Самойлович.",,,
694,Из давнего прошлого: Бытовые рассказы из смутного времени на Руси.,"ЛЕБЕДЕВ, Владимир Петрович.",,,
695,Из давнего прошлого: Исторические очерки и картины времен гайдамачины.,"СМИРНОВ, Александр Платонович.",,,
696,Из давних лет: Исторические рассказы.,"ОПОЧИНИН, Евгений Николаевич.",,,
697,Из давних лет: Повести. Рассказы. Воспоминания.,"ЛЕБЕДЕВ, Иван Иванович.",,,
698,Из далека: Письма с пути.,"ДЕД-ЛОВ, В. Л. Изд. ",,,
699,Из далеких веков: Две легенды.,"ВАСИН, Николай Акимович.",,,
700,Из далекого прошлого: Воспоминания.,"МАМИН-СИБИРЯК, Дмитрий Наркисович.",,,
701,Из дальнего прошлого: Драматические эскизы.,"ОСТРОГОРСКИЙ, Виктор Петрович.",,,
702,Из двух книг.,"ЦВЕТАЕВА, Марина Ивановна. ",,,
703,Из двух миров: Роман.,"КАРМЕН, Сильва.",,,
704,Из действительной жизни: Стихотворения.,"ШКУРИН, X. ",,,
705,Из деревенского дневника: Непорванные связи; Овца без стада.,"УСПЕНСКИЙ, Глеб Иванович.",,,
706,Из деревни: (Акуля). Повесть.,"ЛУКАШЕВИЧ, Клавдия.",,,
707,Из детских воспоминаний.,"ДЯДЯ КОЛЯ (ГЕРАКОВ, Николай Николаевич).",,,
708,Из детских лет: Воспоминания и рассказы.,"ЗАСОДИМСКИЙ, Павел Владимирович.",,,
709,Из детских лет: Воспоминания и рассказы.,"ЮРЬЕВА, М. Е.",,,
710,Из детских лет крестьянина: Рассказы.,"СЕМЕНОВ, Сергей Терентьевич.",,,
711,Из детских лет Пьера Нозьер.,"ФРАНС, Анатоль.",,,
712,Из детского быта: Рассказы для детей.,"МАКАРОВА, Софья Марковна.",,,
713,Из детской жизни: Рассказы для детей.,"СМИРНОВ, Илья Дмитриевич.",,,
714,Из детства: Воспоминания и рассказы для детей.,"ВАСИЛЬЕВ, Максим.",,,
715,Из детства Литы: Сборник рассказов для детей.,"ЩЕПКИНА-КУПЕРНИК, Татьяна Львовна.",,,
716,Из детства Рафаэля.,УЙДА.,,,
717,Из дневника: Рассказ.,"БИБИКОВ, Виктор Иванович. ",,Маруся...,
718,Из дневника: [Новеллы].,"РЕЙМОНТ, Владислав Станислав.",,,
719,Из дневника: [Рассказ].,"ЛЬВОВА, Мария Александровна.",,,
720,Из дневника Андрея Муратова.,"ЗАСОДИМСКИЙ, Павел Владимирович.",,,
721,"«Из дневника» артиста русской оперы: Рассказы, сцены и курьезы из театральной жизни.","ЮЖИН, Давид Христофорович.",,,
722,Из дневника Вивера.,"ВИД, Густав Иоханнес. ",,Ее сиятельство...,
723—724,Из дневника волостного писаря.,"КУПЧИНОВ, Иван Порфирьевич.",,,
725,Из дневника кандидата в депутаты.,"БЕРНАР, Тристан. ",,Любовное письмо...,
726,Из дневника медленно умирающего человека: Психологический этюд.,"ЕМЕЛЬЯ-НОВ-КОХАНСКИЙ, Александр.",,,
727,Из дневника наивного человека.,"МЕЩЕРСКИЙ, Владимир Петрович.",,,
728,Из дневника одного покойника.,"АРЦЫБАШЕВ, Михаил Петрович. ",,Сильнее смерти...,
729,Из дневника психиатра: Эскиз в 1-м д.,"ЛОРИНГ, Ф.",,,
730,Из дневника русской в Турции перед войной 1877—1878 гг.,"РАГОЗИНА, Е. А.",,,
731,Из дневника Самаритянки.,"ЗЕЙ-ФЕРТ, М.",,,
732,Из дневника студента.,"КАРТАШОВ, С. ",,Забавная история...,
733,Из дневника человека без паспорта.,"Р-Ъ, П.",,,
734,Из дней минувших: Повесть.,"ДАНИЛОВСКИЙ, Густав. ",Три поколения.,,
735,Из дома в дом: Очерки.,"ОДИНЦОВ, А. Б.",,,
736,Из дома отцов.,"ЖУЛАВСКИЙ, Георгий (ЖУЛАВСКИЙ, Ежи).",,,
737,Из древнего Рима: Трилогия.,"ЯГОДИН, А.",,,
738,Из духовного мира.,"МЕЙ, Лев Александрович.",,,
739,Из евангелия: Стихотворения.,"УШАКОВ, Алексей. ",,,
740,Из женских писем: Стихотворения.,"ЩЕПКИНА-КУПЕРНИК, Татьяна Львовна.",,,
741,Из женской жизни: Повести и рассказы.,"ВЛАДИМИРОВА, Елизавета.",,,
742,Из жизни: Воспоминания старого петроградца.,"КИЛЬШТЕТ, Карл Егорович.",,,
743,Из жизни: Драма в 5-ти д.,"КОСТЫР-КО, А.",,,
744,Из жизни: Очерки и рассказы.,"ЕЛЕЦ, Юлий Лукианович.",,,
745,"Из жизни: Очерки, рассказы и пьесы.","ЩЕРБАЧЕВ, Сергей Григорьевич.",,,
746,Из жизни: Повести и рассказы.,МИТИНА.,,,
747,Из жизни: Повести и рассказы.,"МОРДОВЦЕВ, Даниил Лукич.",,,
748,Из жизни: Повесть.,"ПРАВДИНА, Мария Ивановна.",,,
749,Из жизни: Пьеса в 2-х актах.,"КОЗЛОВ, Петр Сидорович.",,,
750,Из жизни: [Рассказы].,"БЕРЕНШТАМ, Владимир Вильямович.",,,
751,Из жизни: Рассказы.,"ВОСТОКОВ, Владимир Игнатьевич.",,,
752,Из жизни: [Рассказы].,"ПОКОТИЛОВ, П.",,,
753,Из жизни: Рассказы.,"САВИЦКАЯ, В.",,,
754,Из жизни: [Рассказы].,Т-,,,
755,Из жизни: (Рассказы).,"ТАГЕЕВ, Борис (РУСТАМ-БЕК ТАГЕЕВ, Борис Леонидович).",,,
756,Из жизни: Рассказы.,"ТОСЕНИНОВ, Георгий Васильевич.",,,
757,Из жизни: Рассказы.,"ШВЕДЕР, Евгений Иосифович.",,,
758,Из жизни: Рассказы для детей.,"МИТРОПОЛЬСКИЙ, Иван Иванович.",,,
759,Из жизни: (Рассказы и воспоминания).,"СМИРНОВ, Виктор.",,,
760,Из жизни: Рассказы и наброски.,"ЛЮБИЧ, Ефим Николаевич.",,,
761,Из жизни: Рассказы и очерки.,"ЗЕО (ОЗМИДОВА, Зинаида Константиновна).",,,
762,Из жизни: Рассказы и повести.,"КОВАЛЕВСКИЙ, Николай.",,,
763,Из жизни: Сборник повестей и рассказов.,"ЛУКАШЕВИЧ, Клавдия.",,,
764,Из жизни: Сборник рассказов.,"ЛАВРЕНТЬЕВА, Софья Ивановна.",,,
765,"Из жизни: Стихотворения, рассказы и очерки.","НИКОЛАЕВ, Николай Ильич.",,,
766,Из жизни: Сцены в 3-х д.,"ЛЕНСКИЙ, П. Д. (ОБОЛЕНСКИЙ, Павел Дмитриевич).",,,
767,Из жизни Андрея Пахомовича: Быль.,"ВАСИЛЬКОВСКИЙ, Александр Константинович.",,,
768,Из жизни Археологического института: Стихотворения.,"ПОТЕХИН, Павел Борисович.",,,
769,Из жизни бедняков: Два рассказа: Получка; Тряпичник.,"ЛУКАШЕВИЧ, Клавдия.",,,
770,Из жизни взятое.,"КОНИЧЕВ, Константин Иванович.",,,
771,Из жизни германского офицерства: Роман.,"КИРБУРГ, Фриц Освальд фон де",,,
772,Из жизни гонимых.,"СЭТОН ТОМПСОН, Эрнест (СЕТОН-ТОМПСОН, Эрнест) .",,,
773,Из жизни деловой женщины: (Старые стены). Пьеса в 2-х д.,"ГРЕБНЕВ, Анатолий Борисович.",,,
774,Из жизни духа: Роман.,"НОВИКОВ, Иван Алексеевич.",,,
775,Из жизни женщины: Роман из современных русских нравов.,"АНИЧКОВА, Ида-лия Мечиславовна.",,,
776,Из жизни женщины XIX века: На- блюдения и впечатления.,"ЮЗЕФОВИЧ, А. Д.",,,
777,Из жизни женщины или Волны жизни: Роман в 2-х ч.,"ЛАС, Надежда (ВА-КУЛОВСКАЯ, Надежда Николаевна).",,,
778,Из жизни захолустья.,"СТАХЕ-ВИЧ, Н. П.",,,
779,Из жизни и истории: Сборник рассказов.,"АРСЕНЬЕВ, Александр Васильевич.",,,
780,Из жизни и фантазии: [Рассказы].,"ЖАКОВ, Каллистрат Фалалеевич.",,,
781,"Из жизни и фантазии: (Роман, повесть, рассказы).","СКОВРОНСКАЯ, Мария Савельевна.",,,
782,Из жизни крепостной девочки: Быль.,"КУЗМИНСКАЯ, Татьяна Андреевна.",,,
783,Из жизни Ленина.,"ФОТИЕВА, Лидия Александровна.",,,
784,Из жизни Макарки: Повесть.,"СЕМЕНОВ, Сергей Терентьевич. ",Макаркино житье.,,
785,Из    жизни  маленьких людей.,"БЕ- ЛЯЕВСКАЯ, Ольга Александровна.",,,
786,Из    жизни  маленького гарнизона: Драма в 4-х д.,"ПОНОФИДИН, Андрей Алексеевич.",,,
787,Из    жизни  маленького гарнизона: Картины современного военного быта.,"КИРБУРГ, Фриц Освальд фон де",,,
788,Из жизни маленького города: Роман.,"ФРЕЙТАГ, Густав.",,,
789,Из жизни мелких людей: Юмористические очерки.,"НЕВЕЖИН, Петр Михайлович.",,,
790,Из жизни моряков: Рассказы.,"СТАНЮКОВИЧ, Константин Михайлович.",,,
791,«Из жизни мужчин» и другие рассказы.,"ЛОМАКИН, Николай.",,,
792,Из жизни на Кубани.,"ДОБРОДИЙ (N. Mn-ch) (МНУШКО, Никифор Николаевич) .",,,
793,Из жизни натуралиста.,"СПАНГЕН-БЕРГ, Евгений Павлович.",,,
794,Из жизни нашего городка.,"ЕМЕЛЬЯНОВ, И.",,,
795,Из жизни наших предков: Бытовые рассказы из русской истории.,"ЛЕБЕДЕВ, Владимир Петрович",,,
796,Из жизни наших предков: Исторические очерки и картинки.,"СМИРНОВ, Александр Платонович.",,,
797,"Из жизни обездоленных: Очерки и рассказы, оригинальные и переводные.","ПОЛИВАНОВА, Екатерина Яковлевна.",,,
798,Из жизни одиноких людей.,"БАРАН-ЦЕВИЧ, Казимир Станиславович.",,,
799,Из жизни одного волка.,"АЛТАЕВ, Ал.",,,
800,Из жизни одного маленького гарнизона: Роман.,"КИРБУРГ, Фриц Освальд фон де",,,
801,Из жизни одной девочки: Рассказ для детей.,"ЮРЬЕВА, М. Е.",,,
802,Из жизни писателей: Очерки и воспоминания.,"МЕДВЕДЕВ, Лев Михайлович.",,,
803,Из жизни поэзии.,"ДОЛМАТОВСКИЙ, Евгений Аронович.",,,
803а,Из жизни простых людей: Рассказы.,"СОЛОВЬЕВ-НЕСМЕЛОВ, Николай Александрович.",,,
804,Из жизни простых людей: Рассказы для детей.,"ВАСИЛЬЕВ, Максим.",,,
805,Из жизни растений: Сборник сказок.,"АНДЕРСЕН, Ганс-Христиан.",,,
806,Из жизни сердца: Стихотворения.,"ШАХ-ПАРОНИАНЦ-ЮШКОВА, Глафира Ивановна.",,,
807,Из жизни сереньких людей: Сборник рассказов.,"ДУБРОВСКАЯ, Богдана Наумовна.",,,
808,Из жизни современного сердца.,"СЫРОМЯТНИКОВ, Сергей Николаевич (СИГМА).",,,
809,Из жизни солдата: (Сказка-правда).,"МАШИЦКИЙ, Александр Александрович.",,,
810,Из жизни старой и новой Монголии: Жизнь и приключения мальчика Церена.,"ДМИТРИЕВ, Сергей Николаевич, ПУШКАРЕВА, Елена.",,,
811,Из жизни Л. Н. Толстого: (С приложением нигде не опубликованных писем Л. Н. Толстого).,"НАЖИВИН, Иван Федорович.",,,
812,Из жизни углекопов: Драма в 4-х д.,"ДЕРМАН, Самуил Борисович.",,,
813,Из жизни уличного мальчика: Рассказ.,"ТЕЛЛИЕ, П.",,,
814,Из жизни христиан в Турции: Повести и рассказы. Т. 1—3.,"ЛЕОНТЬЕВ, Константин Николаевич.",,,
815,Из жизни Чаплыгина.,"МОРАФ, Мария.",,,
816,Из-за Амана: Пьеса для детей на «Пурим».,"РИВЕСМАН, Марк Семенович.",,,
817,Из-за бекаса.,"ДЗЮБЕНКО, Алексей Архипович. ",,Мученик охоты...,
818,Из-за благ земных: Драма в 5-ти д.,А. Л.,,,
819,Из-за благ земных: Драма в 4-х д.,"АЛМАЗОВ, А. П. (ВЕРШИНИН, Алексей Платонович).",,,
820,Из-за благ земных: Роман в 4-х д.,"АВСЕЕНКО, Василий Григорьевич.",,,
821,Из-за вина и карт: Рассказ.,"СЕРГЕЕВ, Петр.",,,
822,Из-за винта: Водевиль в 1-м д.,"ЗАХАРАС, Фарес Федорович.",,,
823,Из-за денег: (Обман). Комедия в 4-х д.,"КУЛИКОВ, Николай Николаевич.",,,
824,Из-за денег: Роман.,"РЕВИЛЬОН, Антуан.",,,
825,Из-за капота: Комедия-шутка в 1-м д.,"КРАШЕВСКИЙ, Н. (КРАШЕНИННИКОВ, Николай Александрович).",,,
826,Из-за клочка земли: Повесть.,"БАЛУ-ЦКИЙ, Михаил.",,,
827,Из-за клочка земли: Пьеса в 3-х д.,"САГАТЕЛЯН, Леон Никитич.",,,
828,Из-за короны: Драма.,"КОППЕ, Франсуа.",,,
829,Из-за корысти: Картины из деревенского быта. В 5-ти д.,"БЕЛОСЛЮДЦЕВ, Степан.",,,
830,Из-за куска хлеба: [Рассказ].,"ПЕТРОСЯН, Мадат.",,,
831,Из-за куска хлеба: Повесть из духовного быта.,"ШАЛИКОВА, Наталия Петровна.",,,
832,Из-за куска хлеба: Рассказ угловой постоялицы.,"КАТЕНКАМП, Александра Пантелеймоновна (СЕТКОВА, Александра Пантелеймоновна).",,,
833,Из-за любви.,"БУРЖЕ, Поль.",,,
834,Из-за миллионов: Драма в 4-х д.,"ГОРЦЕВА, М. Ф., КОРОТКОВ, М. А.",,,
835,Из-за могилы: Роман.,"СОКОЛОВА, Александра Ивановна.",,,
836,Из-за немца: (На войну). Патриотическое происшествие в 1-м д.,"САШИН, В. (ФЕДОРОВ, Владимир Александрович).",,,
837,Из-за одного человека: Повесть из древнеиндийской жизни маленького автора.,М. Г.,,,
838,Из-за одной рюмочки: Рассказ старичка.,"ЛЕБЕДЕВ, Александр Алексеевич.",,,
839,Из-за призраков: Лирические наброски.,М. Б.,,,
840,Из-за принципа.,"ФЕДОСЕЕВ, П. И.",,,
841,Из-за прихоти князя.,"ЛЕОНОВ, Иван.",,,
842,Из-за прошлого: (Лепестки флер д'оранжа). Этюд в 1-м д.,"КОРЕЦКИЙ, Николай Владимирович.",,,
843,Из-за пустого дела: Рассказ.,"ПОДЪЯ-ЧЕВ, Семен Павлович.",,,
844,Из-за пустяка: Рассказ старого служивого.,"ВАСИЛЬКОВСКИЙ, Александр Константинович.",,,
845,Из-за пустяков: Рассказ из петербургской жизни.,"СТАНЮКОВИЧ, Константин Михайлович.",,,
846,Из-за пятака: Рассказ из современной русской народной жизни.,"СКВОРЕШНИКОВ, Алексей Г.",,,
847,Из-за ребенка: Шутка в 1-м д.,"АННЕНКОВ, Георгий.",,,
848,Из-за религии: (Из недавнего прошлого). Пьеса в 3-х д.,"БЕРГ, Александр Эрастович.",,,
849,Из-за свиньи.,"НОВИКОВ-ПРИБОЙ, Алексей Силыч.",,,
850,Из-за синих гор: (Рассказы).,"КУЛЕ-МИН, Василий Петрович.",,,
851,Из-за скиптра и корон: Роман в 2-х т.,"САМАРОВ, Грегор.",,,
852,Из-за сословного предрассудка: Мелодрама в 3-х д.,"ЩЕРБИНСКИЙ, Камилл Осипович.",,,
853,Из-за степных увалов.,"ДОРОХОВ, Павел Николаевич.",,,
854,Из-за фиалки!?...: Бытовые картинки из жизни закавказских мусульман.,ВЕХА.,,,
855,Из-за хлеба: Психологический этюд.,"ВИХРЬ, Е.",,,
856,Из-за хлеба: Роман.,"ПРОШЯН, Перч.",,,
857,Из-за хлеба насущного: Рассказы.,"АЛЕКСЕЕВ, Иван.",,,
858,Из-за цилиндра: Шутка в 1-м д.,"ПИРОГОВ, Семен Васильевич.",,,
859,Из-за чего они нас бросают.,"МАРНИ, Жанна.",,,
860,Из-за человека.,"ДАКСЕРГОФ, Лев.",,,
861,Из-за чести: Драма в 4-х д.,"ШИРВАН-ЗАДЕ, Александр.",,,
862,Из-за яблочков.,"БУШ, Вильгельм. ",,Лисьи увертки...,
863,Из забытой тетради: Лука Иванович Долбняков и его Букетка.,"БУНИН, Николай Григорьевич.",,,
864,Из забытой тетради: Стихотворения.,"ИВЧЕНКО, Михаил Васильевич.",,,
865,Из-за загробного мира: (Рассказ).,"КАРЫШЕВ, Иван А. Изд. ",,,
866,Из заметок подпольщика.,"МАКСИМОВСКИЙ, Абрам Яковлевич. ",Записки подпольщика.,,
867,Из записной книжки (1945—1956).,"АЛИГЕР, Маргарита Иосифовна.",,,
868,"Из записной книжки больного человека: Что посеешь, то и пожнешь. (Очерк).","ДОБРОТВОРСКИЙ, Петр Иванович.",,,
869,Из записной книжки доктора: Рассказы и стихотворения. Кн. [1] —2.,"РОЩИНИН, Федор Антипович.",,,
870,Из записной книжки моряка: Рассказы и очерки.,"БЕЛОМОР, Александр.",,,
871,«Из записной книжки» Никиты Угрюмого.,"ФЕДОРОВ-ДАВЫДОВ, Александр Александрович.",,,
872,Из записной книжки писателя.,"ДОКТОР ФАУСТ (ГОЛОВИНСКИЙ, Матвей Васильевич).",,,
873,Из записной книжки судебного репортера.,"ГАРД, Эрнест. ",Заметки судебного репортера.,,
874,Из записок агронома.,"ТРОЕПОЛЬ-СКИЙ, Гавриил Николаевич.",,,
875,Из записок беглого: Роман. В 2-х ч.,"МОЛЧАНОВ, Александр Николаевич.",,,
876,Из записок гимназистки.,"МИХЕЕВ, Павел Петрович.",,,
877,Из записок господина фон-Шнабеле-вопского.,"ГЕЙНЕ, Генрих. ",Записки Шнабельвоского; Из мемуаров господина Шнабелевопского.,,
878,Из записок князя Д. Нехлюдова: Люцерн (1857 г.).,"ТОЛСТОЙ, Лев Николаевич. ",Люцерн.,,
879,Из записок Лопатина: [Повесть].,"СИМОНОВ, Константин Михайлович.",,,
880,Из записок Лопатина: Повесть для театра в 2-х ч.,"СИМОНОВ, Константин Михайлович.",,,
881,Из записок медведя.,М. Ч. ,,,
882,Из записок медного пятака: Рассказ; Прохождение Венеры чрез диск Солнца: Рассказ.,"ГОРЕСМЕХОВ (ОПОЧИНИН, Петр Алексеевич).",,,
883—884,Из записок рядового Иванова о походе 1877 года.,"ГАРШИН, Всеволод Михайлович. ",Из воспоминаний рядового Иванова.,,
885,Из записок    скверного  человека.,"БРУСЯНИН, Василий Васильевич. ",,Мужчина...,
886,Из записок следователя.,"ПОЛЯКОВ, Владимир С.",,,
887,Из затишья: Маленькие рассказы.,"РАДЧЕНКО, Александр Федорович.",,,
888,Из земли ты вышел: Роман.,"ХАУГАН, Сульвей.",,,
889,Из золотого детства: Повесть в 2-х ч.,"КРУГЛОВ, Александр Васильевич.",,,
890,Из искры...: Пьеса в 5-ти актах.,"ДАДИАНИ, Шалва Николаевич.",,,
891,Из искры — пламя: Поэма.,"НИГМА-ТИ, Рашит.",,,
892,Из искры — пламя: Роман.,"ГОЛУБОВ, Сергей Николаевич.",,,
893,Из «Исповеди»: Последние афоризмы и сентенции.,"ГОРЬКИЙ, Максим.",,,
894,Из истории города Глупова: [Отрывок из «Истории одного города»].,"САЛТЫКОВ (ЩЕДРИН, Н.) (САЛТЫКОВ-ЩЕДРИН, Михаил Евграфович).",,,
895,Из истории заживо погребенных: Повесть.,"ТОПОРКОВ, В. И.",,,
896,Из истории и жизни: Рассказы и очерки.,"ЧЕРСКИЙ, Леонид Федорович.",,,
897,Из истории рабства в Древней Римской империи за 20 лет от рождества Христова: [Извлечено из романа «Тайны народа»].,"СЮ, Эжен.",,,
898,Из истории Хальстанеса: Талэ Тотт.,"ЛАГЕРЛЕФ, Сельма.",,,
899,Из кабатчика — трезвенник: Рассказ.,Имя авт. не установлено.,,,
900,Из камеры № 24: Письмо уголовного инспектору тюрем.,"КОНАН-ДОЙЛ, А. (ДОЙЛЬ, Артур Конан).",,,
901,Из «Камчатской тетради».,"ХРЮКИН, Иван Андреевич (КОРНЕВ, Иван).",,,
902,Из Киева на трон французский: Историческая повесть времен княжения Ярослава Мудрого.,"ОРДЫНЦЕВ,        М. Д. (ОРДЫНЦЕВ-КОСТРИЦКИЙ,          Михаил Дмитриевич).",,,
903,Из книги жизни: Рассказы.,"ГРИНЕВСКАЯ, Изабелла Аркадьевна.",,,
904,Из книги жизни: Рассказы.,"ОЛЕЙНИК, Степан Иванович.",,,
905,Из книги невидимой.,"ДОБРОЛЮБОВ, Александр Михайлович.",,,
906,Из книги нежности и скорби: Листки 1—20.,"КРУЧИНИН, Петр.",,,
907,Из книги «Счастие»: Стихи.,"ЗАХАРОВ, Алексей Александрович.",,,
908,Из «Книги юности».,"СОЛОВЬЕВ, Леонид Васильевич.",,,
909,Из когтей выручали: Бытовая народная комедия в 5-ти д.,"СЕМЕНОВ, П. Д.",,,
910,Из когтей нужды: Комедия в 1-м д.,"ТРЕФИЛОВ, Сергей Александрович (АФАНАСЬЕВ, С. А.), ТРЕФИЛОВА, Надежда Пименовна.",,,
911,Из когтей смерти.,"КАЙСЕНОВ, Касым.",,,
912,Из конского мира: (Смутные годы: 1905-е).,"КОСЬ-КНАЕГОРСКИЙ (ГОРЧАКОВА, Анна Евграфовна).",,,
913,Из конторки старого певца: Стихотворения.,"ПЕТРОВ, Платон Андреевич.",,,
914,Из корнетской жизни: (Из «Очерков прошлого»).,"АФАНАСЬЕВ-ЧУЖБИНСКИЙ, Александр Степанович.",,,
915,Из красивого прошлого.,"ИЛЬИНА-ПОЛТОРАЦКАЯ, Елена.",,,
916,Из красной тетради об Ильиче.,"КЕДРОВ, Михаил Сергеевич.",,,
917,Из кривых озер: Рассказы.,"ЗАМОЙ-СКИЙ, Петр.",,,
918,Из круга: Повести и рассказы.,"СТОНОВ, Дмитрий Миронович.",,,
919,Из кругосветного плавания: Очерки морского быта.,"СТАНЮКОВИЧ, Константин Михайлович.",,,
920,Из кулька в рогожку: Роман.,"ПРЕОБРАЖЕНСКИЙ, Н. С.",,,
921,Из купеческого быта: Повести и очерки.,"УШАКОВ, Александр Сергеевич.",,,
922,Из летописи человеческой души.,"ВУД, Майкель.",,,
923,Из лирических тетрадей.,"ОСТРОВОЙ, Сергей Григорьевич.",,,
924,Из лирического дневника.,"ЯХНИН, Зорий Яковлевич.",,,
925,Из лицейских стихов.,"А. П. (ПЕРЕТЦ, Александр Егорович). ",Из Лицейских стихотворений: Для лицеистов.,,
926,Из лицейских стихотворений: Для лицеистов.,"А. П. (ПЕРЕТЦ, Александр Егорович).",,,
927,Из Лондона в Австралию: Путешествие на корабле с ссыльно-переселенцами.,"ВОРИС-ГОФЕР, Софи.",,,
928,Из любви к ближнему.,"КЭРИ, Джойс.",,,
929,Из любви к искусству: [Рассказы]. О.,ГЕНРИ.,,,
930,Из любви к искусству: Фарс в 1-м д.,"ИВАНОВ, Лев Львович.",,,
931,Из любви к потомкам: Фельетоны.,"НИКОЛЬСКИЙ, Андрей Владимирович.",,,
932,Из любовных похождений юнкера.,"СМЕРЕЧИНСКИЙ, Андрей Владимирович. ",,Шипы любви...,
933,Из маленького переплетчика в великие ученые: (Михаил Фарадей).,"ШЕР, Надежда Сергеевна.",,,
934,Из малорусского быта: Рассказы.,"ДОБРОВО, М.",,,
935,Из «Манчжурского дневника».,"ЭГГЕРТ, Вл. фон.",,,
936,Из милого далека.,"ПОЗНЯКОВ, Николай Иванович.",,,
937,Из милого далека: Античные мотивы. Вып. I.,"КАРПЕКО, Александр Александрович.",,,
938,Из мира детей: Оригинальные и переводные миниатюры; Стихи.,"МИЩЕНКО, Леонид Леонидович.",,,
939,Из мира дум и грез.,"ДОБРЯНСКИЙ, Лев Владимирович.",,,
940,Из мира души...: Стихотворения.,"МИЛИЧ, Елена Михайловна.",,,
941,Из мира жизни и фантазии: Новые рассказы.,"ЛУХМАНОВА, Надежда Александровна.",,,
942,Из мира непонятного.,А. О.,,,
943,Из мира разных впечатлений: Сборник стихотворений.,"ОРЛОВ, Борис.",,,
944,Из мира умершего и погребенного: (Очерки Западного края).,Н. С. П.,,,
945,Из мира чудес и призраков: Рассказы.,"ДОБРОВО, М.",,,
946,Из Моабитской тетради:      Стихи.,"ДЖАЛИЛЬ, Муса.",,,
947,Из моего детства: Воспоминания.,"ЧЕРТКОВА, Анна Константиновна.",,,
948,Из моего дневника (1883—1889).,ГУСЛЯРОВ,,,
949,Из моей автобиографии: Рассказы.,"ТОЛСТОЙ, Лев Николаевич.",,,
950,Из моей жизни: Моя юность. Памяти.,"БРЮСОВ, Валерий Яковлевич.",,,
951,Из моей жизни: Поэзия и правда.,"ГЕТЕ, Иоганн Вольфганг.",,,
952,Из моей жизни и работы.,"КОЛ-ЛОНТАЙ, Александра Михайловна.",,,
953,Из моей копилки: Короткие рассказы.,"КОНИЧЕВ, Константин Иванович.",,,
954,Из моей шкатулки: Стихи.,"ШАФРАНОВ, Адриан.",,,
955,Из моих воспоминаний: [Рассказ].,"КИСЕЛЕВА, М.",,,
956,«Из моих воспоминаний» и другие рассказы.,"ЧИСТЯКОВ, Михаил Борисович.",,,
957,Из моих десятилетий: Избранная лирика.,"РЕШЕТОВ, Александр Ефимович.",,,
958,Из моих летописей: Лесные были.,"КАЗАНСКИЙ, Василий Иванович.",,,
959,Из моих скитаний.,"ЕЛЕЦ, Юлий Лукианович.",,,
960,Из морских историй: Рассказы.,"ЖИТКОВ, Борис Степанович.",,,
961,Из моря житейского: (Очерки и рассказы).,"ХАРЛАМОВ, Яков Абрамович.",,,
962,Из Москвы на Корсику и обратно.,"ЗОЗУЛЯ, Ефим Давидович.",,,
963—964,Из московской старины.,"БАБАНИН, Иван Николаевич.",,,
965,Из мрака к свету: [Стихотворения].,"ДРОЖЖИН, Спиридон Дмитриевич.",,,
966,Из мрака к свету: Драма в 4-х д.,"АВЕРКИЕВ, Дмитрий Васильевич.",,,
967—968,Из мрака к свету: Рассказ.,"ЯКОБС, Н.",,,
969,Из мрака к свету: Роман. В 4-х д.,"ШПИЛЬГАГЕН, Фридрих.",,,
970,Из мрака к свету и любви: (Песни Скорби и Гнева).,"РАДЕЦКИЙ, Иван Маркович.",,,
971,Из мрака прошлого: Повести и рассказы.,"СВИРСКИЙ, Алексей Иванович.",,,
972,Из «Мэдфогских записок».,"ДИККЕНС, Чарлз.",,,
973,Из народного быта.,"НЕВЕЛЬСКОЙ, Владимир Петрович.",,,
974,Из народного житья-бытья: Очерки и рассказы.,"КОЗЫРЕВ, Матвей Алексеевич.",,,
975,Из неволи к венцу: (19 февраля 1861 г.). Быль из времен крепостного права.,Имя авт. не установлено.,,,
976,Из недавнего прошлого: Пьеса в 4-х д.,"ПРИХОДКИН, Борис Дмитриевич.",,,
977,Из недавнего прошлого: Рассказы.,"ЛЕРНЕР, Николай Никитич.",,,
978,Из недавнего прошлого: [Рассказы].,"ЧАПЛЫГИН, Н. П.",,,
979,Из недавнего прошлого: Сборник рассказов и повестей.,"ЛУКАШЕВИЧ, Клавдия.",,,
980,"Из недавнего прошлого: Статьи, очерки и рассказы по разным вопросам жизни.","ПЕТРУСЕВИЧ, Владимир Иванович.",,,
981,"Из недавнего прошлого, 1914—1916: [Стихи].","КАЦНЕЛЬСОН, Ехиель.",,,
982,Из недавнего прошлого: Юмористические и сатирические стихотворения.,"ПЕСТРЯКОВ, Филипп Мелентьевич.",,,
983,Из недавних воспоминаний о недалеком западе: Повесть. Ч. 1—2.,"ЛЬВОВ, Евгений (ЛЬВОВ-КОЧЕТОВ, Евгений Львович). ",В Сибирь на каторгу: Знаменитые каторжники.,,
984,Из недалекого прошлого: Семейная хроника в 4-х ч.,"ИЛЬИНСКИЙ, Александр Иванович.",,,
985,Из новеньких: Комедия в 4-х д.,"ЛАДЫЖЕНСКИЙ, М. В. (ЛОДЫЖЕН-СКИЙ, Митрофан Васильевич) .",,,
986,Из «Новых странствований вокруг света».,"ТВЕН, Марк.",,,
987,Из ночи в день: Повесть.,"КОШЕЛЕВ, Николай Васильевич.",,,
988,Из огня выхватила: Картины из русской народной жизни с хоровыми песнями и пляской. В 4-х д.,"ЯРЫГИН, Федор Александрович.",,,
989,Из огня да в полымя: Драма в 5-ти актах.,"М-РОВ, Г. Т. (МУРОВ, Г. Т.).",,,
990,Из огня да в полымя: Роман в 2-х ч.,"НАЗАРЬЕВА, Капитолина Валериановна.",,,
991,Из одного альбома.,"БЕЗОБРАЗОВА, Мария Владимировна.",,,
992,Из одного дневника.,"ХРУЩОВ, Михаил Иванович.",,,
993,Из орлиного гнезда: Поэма.,"ЭУЛИ, Сандро.",,,
994,Из осенней тетради: Стихи.,"ПРОТАЛИН, В. В.",,,
995,Из острога до царского порога или Как царь Алексей Михайлович помиловал Кузьму за кречета: Исторический рассказ.,"МОРДОВЦЕВ, Даниил Лукич.",,,
996,Из охотничьей сумки: Рассказы.,"МОРИЦ, Рудо.",,,
997,Из охотничьих воспоминаний: Вып. 1—3.,"СМЕЛЬНИЦКИЙ, Юрий Михайлович.",,,
998,Из памятной книжки: Очерки и рассказы.,"УСПЕНСКИЙ, Глеб Иванович.",,,
999,Из Парижа в Бразилию: Роман в 3-х ч.,"БУССЕНАР, А. [!] (БУССЕНАР, Луи Анри). ","Миллионное наследство: Путешествие двух французов из Парижа, через Сибирь в Бразилию.",,
1000,Из Парижа в Буэнос-Айрес.,"БРУССОН, Жан-Жак.",,,
1001,Из первых рук: Роман.,"КЭРИ, Джойс.",,,
1002,Из первых уст: Стихи.,"ЛИСНЯН-СКАЯ, Инна Львовна.",,,
1003,Из пережитого:    [Воспоминания].,"БЕРЕНШТАМ, Владимир Вильямович.",,,
1004,"Из пережитого: [Очерки, воспоминания].","БЕЛОРУССОВ (БЕЛЕВСКИЙ, Алексей Станиславович).",,,
1005,Из пережитого: (Сборник стихотворений).,"ПЕСТРЯКОВ, Филипп Мелентьевич.",,,
1006—1007,Из пережитого: [Стихотворения].,"ИСТОМИН, Владимир Константинович.",,,
1008,Из пережитого одним семинаристом.,"ВОСТОКОВ, Владимир Игнатьевич.",,,
1009,Из песен души.,"МИКУЛИН, А. В.",,,
1010,Из песен земли и моря: (Стихотворения и рассказы). Т. I.,"ГАРИН, Сергей.",,,
1011,Из песен и стонов...,А. Ф.,,,
1012,Из песен Изгнанника: Песни войны.,"ИЗГНАННИК (ОХОТИН, Николай Семенович) .",,,
1013,Из песен о труде: Стихотворения.,"БЕЛОУСОВ, Иван Алексеевич.",,,
1014,Из песен рабочих: Сборник стихотворений с краткой биографией автора.,"ТИХИЙ, Семен (КЛОКОВ, Петр Семенович).",,,
1015,Из «Песен сердца»: (I—V). Из стихотворений 1903 г.,"ЛОТАРЕВ, Игорь (СЕВЕРЯНИН, Игорь).",,,
1016,Из песен старого рабочего.,"НЕЧАЕВ, Егор Ефимович.",,,
1017,Из петербургской жизни.,"БАРДЖЕВ-СКИЙ, Николай.",,,
1018,Из петли в петлю: Водевиль в 1-м д.,"ОСЕТРОВ, Захар Борисович.",,,
1019,Из Писем с мельницы.,"ДОДЭ, Альфонс (ДОДЕ, Альфонс). ",Письма с моей мельницы; Избранные письма с моей мельницы; Письма с мельницы.,,
1020,Из писем «юродивого».,"МУРАВЕЙ (БАРТОШ, Владимир Алексеевич).",,,
1021,Из письма жены Пилата: (Клавдии Прокулы — к подруге ее Фульвии Герсилии).,"ШУТЛЕВОРТ, Н.",,,
1022,Из пламя и света: Лермонтов. (Роман).,"СИЗОВА, Магдалина Ивановна.",,,
1023,Из пламя и света: [Стихи].,"ТАМАМ-ШЕВ, Александр Артемьевич.",,,
1024,Из племени Кедра: Юганская история.,"ШЕЛУДЯКОВ, Александр Григорьевич.",,,
1025,Из плена.,"ХМУРОВА, Алла.",,,
1026,Из плена алтарей.,"ГОРЮНОВ, Константин Николаевич.",,,
1027,Из плена лет.,"БАХМЕТЬЕВ, Владимир Матвеевич.",,,
1028,Из-под венца в могилу: Историческая повесть.,"ДОЛЬСКИЙ, Владимир.",,,
1029,Из-под венца в тюрьму: Рассказ.,"ПРОХОДИМЕЦ (ЗОТОВ, Михаил).",,,
1030,Из-под венца в участок: (Свадебное путешествие). Оригинальная шутка в 1-м д.,"АЛЕКСИН, С. А.",,,
1031,Из-под пыли веков.,"НЕМОЕВСКИЙ, Анджей.",,,
1032,Из-под пяты веков.,"ПУНУХ, Пэля.",,,
1033,Из-под снега: Сборник рассказов.,"БЕЛЯЕВСКАЯ, Ольга Александровна.",,,
1034,Из-под снега: [Стихотворения. Рассказы. Этюды].,"ГЛЕБОВ, Модест В.",,,
1035,Из-под спуда: Собрание стихотворений.,"ПЕТРОВ, А. И.",,,
1036,Из-под стола к венцу: Фарс в 1-м д.,"ЧЕРНОВ, Михаил Ильич.",,,
1037,Из подвала.,"АРЦЫБАШЕВ, Михаил Петрович.",,,
1038,Из поиска в поиск: Повесть.,"ВААЛИ, Вили.",,,
1039,Из поколения в поколение: Общественно-семейная хроника.,"СЕРЕБРЯКОВА, Галина Иосифовна.",,,
1040,Из полевой сумки: [Стихи].,"ЛУГОВ-СКОЙ, Иннокентий Степанович.",,,
1041,Из полей: Стихи.,"ДУДОРОВ, Матвей Семенович.",,,
1042,Из последнего времени: (На войне и дома). Роман.,"ОКР-Ц, С. С. (ОКРЕЙЦ, Станислав Станиславович). ",Женат против воли.,,
1042а,Из потока: (Антон Кречет).,"РАСКАТОВ, М.",,,
1043,Из поэм любви.,МЕТОМ SILVA.,,,
1044,Из поэмы «Крещение Владимира»: Стихотворение.,"АЛМАЗОВ, Борис Николаевич.",,,
1045,Из поэмы «Отблески воспоминаний».,"БЕЛЕВИЧ, Константин Павлович.",,,
1046,Из предместья: Рассказ.,"ЛУКАШЕВИЧ, Клавдия.",,,
1047,Из прежних дней: Стихи.,"ЖДАНОВ, Лев Л.",,,
1048,Из принципа: Комедия-шутка в 3-х д.,"РАССОХИН, Сергей Федорович. ",,,
1049,Из простой жизни: Рассказы для детей.,"ДОБРОНРАВОВ, Николай Евгеньевич.",,,
1050,"Из прошлого:   Воспоминания о Н. А. Некрасове, А. И. Левитове, И. С. Тургеневе.","УСПЕНСКИЙ, Николай Васильевич.",,,
1051,Из прошлого: Из жизни ивановских ткачей царской России.,"ПОСТЫШЕВ, Павел Петрович.",,,
1052,Из прошлого: Новогодний рассказ.,"МАКАРОВА-МИРСКАЯ, Александра Ивановна.",,,
1053,Из прошлого: [Повесть].,"АТЛАС, Михаил Л.",,,
1054,Из прошлого: Роман в 4-х ч.,"МОРДОВЦЕВ, Даниил Лукич.",,,
1055,Из прошлого: Роман из истории 70-х г.,"СТЕПНЯК-КРАВЧИНСКИЙ, С. М.",,,
1056,Из прошлого: [Сборник].,"АЙНИ, Садриддин Саид Мурадович.",,,
1057,Из прошлого: [Сборник стихов].,"Э. У. (УХТОМСКИЙ, Эспер Эсперович).",,,
1058,Из прошлого: Стихи.,"РАДЧЕНКО, Александр Федорович.",,,
1059,"Из прошлого забытого, но близкого и милого.","МАКРИ, Т. И.",,,
1060,Из прошлого и настоящего: Очерки.,"БУКОВСКИЙ, Константин Иванович.",,,
1061,Из прошлого и настоящего: Рассказы о войне.,"МИТРОПОЛЬСКИЙ, Иван Иванович.",,,
1062,Из пустого в порожнее: Записная книжка романиста.,"ДЖЕРОМ, Джером Клапка",,,
1063,Из путевых заметок.,"УСПЕНСКИЙ, Глеб Иванович. ",,Кой про что...,
1064,"Из пушки на Луну: В 2-х ч. I. От Земли до Луны в 97 часов. II. Вокруг Луны. ВЕРН, Жюль. I.  Изд. также под заглавиями: От Земли до Луны; От земли до Луны 97 часов прямого пути; Путешествие на Луну; С Земли на Луну; С Земли на Луну прямым путем в 97 часов.",II.  ,Путешествие вокруг Луны.,,
1065,Из разговоров за чайным столом.,"ДЖЕРОМ, Джером Клапка. ",,Сюрприз...,
1066,Из разных книг: [Избранное].,"БЕРШАДСКИЙ, Рудольф Юльевич.",,,
1067,Из разных книг: [Рассказы].,"КАВЕРИН, Вениамин.",,,
1068,Из разных книг: [Стихи].,"ПАРРА, Никанор.",,,
1069,Из ранней юности.,"ЦВЕЙГ, Стефан.",,,
1070,Из рассказов охотника.,"ОПОЧИНИН, Евгений Николаевич.",,,
1071,Из рассказов старого сокола.,"ЧАЕВ, Николай Александрович. ",,Новая погудка на старый лад...,
1072,Из рассказов Фильки Медвежатника.,"ПРУЖАНСКИЙ, Н. (ЛИНОВСКИЙ, Николай Осипович).",,,
1073,Из редакции в тюрьму: (Эпизод из жизни редактора в России XX в.).,"ГЕРЦЕН-ШТЕЙН, Давид Маркович.",,,
1074,Из родника: Стихи.,"ЛИФШИЦ, Мендель Нахимович.",,,
1075,Из родной старины: Исторические рассказы.,"ЛЕБЕДЕВ, Владимир Петрович.",,,
1076,Из романа «Карьера Оладушкина».,"МИХАЙЛОВСКИЙ, Николай Константинович.",,,
1077,Из русского быта.,"ЧИСТЯКОВ, Михаил Борисович.",,,
1078,Из русской жизни: Рассказы для детей.,"МАКАРОВА, Софья Марковна.",,,
1079,Из рыбаков в профессоры или Архангельский крестьянин Ломоносов: Драматическая пьеса в 5-ти д.,"КОСОВЕЦ, Михаил Григорьевич.",,,
1080,Из света к мраку: Исторический роман.,"САМАРОВ, Грегор.",,,
1081,Из сельской жизни: Очерки и рассказы.,"ВОСТОКОВ, Владимир Игнатьевич.",,,
1082,Из семейного омута.,"ПОЛИТУР, Николай Романович. ",,Престольный праздник...,
1083,Из семейной хроники: Комедия в 3-х д.,"САМАРИН, Иван Васильевич.",,,
1084,Из семи книг: Стихи. Поэма. Вольные переводы.,"ТРУБИЦЫН, Василий Андреевич.",,,
1085,Из семилетней войны: Исторический роман в 2-х ч.,"КРАШЕВСКИЙ, Иосиф Игнатий (КРАШЕВСКИЙ, Юзеф Игнацы).",,,
1086,Из семьи неистовых: Документальная повесть.,"ПЕРШИН, Алексей Николаевич.",,,
1087,Из семьи соколиной.,"ИСАКОВ, Д.",,,
1088,Из сердца — в сердце.,"ВОЛОБУЕВА, Ирина.",,,
1089,Из Сибири.,"ЧЕХОВ, Антон Павлович.",,,
1090,Из сказок Нинон.,"ЗОЛЯ, Эмиль.",,,
1091,Из сказок природы.,"ШВЕДЕР, Евгений Иосифович.",,,
1092,Из сказок старого Власа.,"ШВЕДЕР, Евгений Иосифович.",,,
1093,Из смертной глубины: Быль.,"НИКИТСКИЙ, Николай.",,,
1094,Из современной жизни: Фельетонные рассказы.,"МАСТИТЫЙ БЕЛЛЕТРИСТ (БУРЕНИН, Виктор Петрович).",,,
1095,Из сочинения доктора Крупова; Письма из «Avenue тагапу».,"ГЕРЦЕН, Александр Иванович.",,,
1096,Из старого альбома.,И. М.,,,
1097,"Из старого и нового: (Отрывки, очерки, наброски).","УСПЕНСКИЙ, Глеб Иванович.",,,
1098,Из старой тетради: Повесть.,"ЭНГЕЛЬГАРДТ, Е. (ОФРОСИМОВА, Елизавета Александровна).",,,
1099,Из старых записок.,"ПОГОССКИЙ, Александр Фомич.",,,
1100,Из старых папок.,"АЛЬБОВ, Михаил Нилович. ",,Глафирина тайна...,
1101,Из старых тетрадей: Стихи.,"МАЗАЕВ, Михаил Николаевич.",,,
1102,Из стен неволи: Шлиссельбургские и другие стихотворения.,"МОРОЗОВ, Николай Александрович.",,,
1103,Из странных рассказов.,"АЛЛЕН, Чарльз Грант.",,,
1104,Из строя в строй.,"ЦВЕТОВ, Яков Евсеевич.",,,
1105,Из сумрака былого: Рассказы.,"СМИРНОВ, Алексей.",,,
1106,Из твоей родословной.,"КУРГАНОВ, Оскар.",,,
1107,"Из темного угла: Народная драма в 5-ти д. с песнями, плясками и народными играми.","А. Ш. (ШАМОНИН, А. П.), КАНДАУРОВ, Василий Алексеевич.",,,
1108,Из террора: По рассказу пострадавшего Гр. Н.,Б-,,,
1109,Из тины житейской: Сборник рассказов.,"МЕДВЕДЕВ, Лев Михайлович.",,,
1109а,Из Томаса Мура: Мелодии.,"КУР-СИНСКИЙ, Александр Антонович. ",,Полутени...,
1110,Из топи блат: Стихи о Петрограде.,"ЛИВШИЦ, Бенедикт Константинович.",,,
1111,Из трех книг: [Стихи].,"ЛАВРОВ, Леонид Алексеевич.",,,
1112,Из трех книг: Стихи.,"САНГ, Аугуст Якубович.",,,
1113,Из трех миллионов — трое.,"ФРАНК, Леонард (ФРАНК, Леонгард).",,,
1114,Из тумана: Памфлет в 2-х ч.,"ВЕРШИНИН, Михаил Максимович.",,,
1115,Из тупика: Роман-хроника.,"ПИКУЛЬ, Валентин Саввич.",,,
1116,Из тьмы...: Пьеса в 1-м д.,"ГОЛУБЕВ, Николай.",,,
1117,Из тьмы: Стихотворения.,"КУЗЬМИЧЕВ, Егор Кузьмич.",,,
1118,Из тьмы в свет: Повесть.,"ВЕДЕРНИКОВ, И.",,,
1119,Из тьмы веков: Исторические рассказы.,"ОПОЧИНИН, Евгений Николаевич.",,,
1120,Из тьмы веков: Поэма.,"БОХАН, Дорофей Дорофеевич.",,,
1121,Из тьмы веков: Роман.,"БАЗОРКИН, Идрис Муртузович.",,,
1122,Из тьмы жизни: Социальная драма из жизни печатников. В 3-х д.,"ЛОМСКИЙ, Иван Иванович.",,,
1123,Из тьмы к свету: Деревенские были.,"ГОРОДЕЦКИЙ, Сергей Митрофанович.",,,
1124,Из тьмы к свету: История мальчика-молокана. Повесть.,"ЖЕЛИХОВСКАЯ, Вера Петровна.",,,
1125,Из тьмы к свету: (На рассвете христианства). Повесть.,"АЛЕКСЕЕВ, П. (СОЛОВЬЕВ, В.).",,,
1126,Из тьмы на свет: Стихи.,"БУНАКОВ, Петр Петрович.",,,
1127,Из тяжелого прошлого.,"КОРОЛЕНКО, Владимир Галактионович.",,,
1128,Из украинского уголка: Повести и рассказы.,"ЧУГУЕВЕЦ, Павел Анастасьевич.",,,
1129,Из Украйны: Сказки и повести. В 3-х ч.,"ДАНИЛЕВСКИЙ, Григорий Петрович.",,,
1130,Из уральских рассказов.,"АНДРЕЕВ, П.",,,
1131,Из уральской старины: [Повести].,"МАМИН-СИБИРЯК, Дмитрий Наркисович.",,,
1132,Из уральской старины: Рассказы для детей.,"АВИЛОВ, П.",,,
1133—1134,"Из уст народа: Малорусские рассказы, сказки.","ГРИНЧЕНКО, Борис Дмитриевич.",,,
1135,Из фронтового блокнота.,"ГРЕБЕНЩИКОВ, Дмитрий Михайлович.",,,
1136,Из фронтового блокнота.,"СИМОНОВ, Константин Михайлович.",,,
1137,Из фронтового дневника.,"ПЕСКОВ, Борис Глебович.",,,
1138,Из фронтовых записей.,"СТАВСКИЙ, Владимир.",,,
1139,Из фронтовых записок.,"ЗАКРУТКИН, Виталий Александрович.",,,
1140,Из фронтовых стихов.,"ТВАРДОВСКИЙ, Александр Трифонович.",,,
1141,Из хаоса к сознанию: Один акт драмы преданий.,"ШЕВИЧ, Василий Степанович.",,,
1142,Из Холмского края: Впечатления и заметки.,"РЕЙМОНТ, Владислав Станислав.",,,
1143,Из хорошей семьи: Роман.,"РЕЙТЕР, Габриэль.",,,
1144,Из хроники одного города: Повесть.,"ГРЕТ, В.",,,
1145,Из царства праздности.,"ПОПОВ, Сергей.",,,
1146,Из цикла «Война»: Стихотворения.,"МЕЧ, Р. (МЕНДЕЛЕВИЧ, Родион Абрамович). ",,Застигнутые войной...,
1147,Из четырех книг: Стихи.,"ЛЕКОНТ ДЕ ЛИЛЬ, Шарль Мари.",,,
1148,Из четырех книг: Стихи.,"ШВЕДОВ, Яков Захарович.",,,
1149,Из чистых родников.,"КАЛАЧИНСКИЙ, Михаил Иванович.",,,
1150,Из чувства сострадания: Картинки из столичной жизни в 1-м д.,"ХОХЛОВ, Н. М.",,,
1151,Из шести книг: Стихотворения.,"АХМАТОВА, Анна.",,,
1152,Из школьной жизни; Жевеловая вода; Бомбардиры; На Красный крест.,"УГЛОВ, Ф.",,,
1153,Из Ясной Поляны в Нердынь: Воспоминания бывшего секретаря Л. Н. Толстого.,"ГУСЕВ, Николай Николаевич.",,,
1154,"Изабелла, бывшая королева Испании или Тайны мадридского двора: Историкоромантический рассказ из новейших времен Испании. 4.1—3.","БОРН, Георг.",,,
1155,Изабелла д'Авиамонт: Драма в 5-ти д.,"КОРЖЕНИОВСКИЙ, И. (КОЖЕНЕВСКИЙ, Юзеф).",,,
1156,"Изабелла, изгнанная королева Испании или Тайны Мадридского двора: Роман.","БОРН, Георг.",,,
1157,"Изабелла, инфанта Кастильская: Драма в 5-ти д. в стихах.","ВИЛЬДЕ, Николай Евстафьевич.",,,
1158,"Изабелла Орсини, герцогиня Браччиано: Исторический роман.","ФИОРЕНТИНО, Итало.",,,
1159,Изаиль: Роман.,"БЕРГЕР, Хеннинг.",,,
1160,Изатулла: (Рассказ).,"ЖИВОВ, Марк Семенович (ВЫРВИЧ, А.).",,,
1161,"Изба: Рассказ, посвященный воспоминанию яузских вечеров.","ГОРЧАКОВ, Владимир Петрович.",,,
1162,Изба в поле: Стихи.,"КЛИМОВ, Дмитрий Александрович.",,,
1163,Изба и поле: Избранные стихотворения.,"КЛЮЕВ, Николай Алексеевич.",,,
1164,Изба на задворках:       Повесть.,"БРИТОВ, Макарий Ефимович.",,,
1165,Избавитель: Стихотворение.,"МЕЙ, Лев Александрович.",,,
1166,"Избавителю Европы, 1815 год.",А. Н. X.,,,
1167,Избалованная дочка: Рассказ из жизни двух девочек.,"КУЛИКОВА, Варвара Николаевна.",,,
1168,Избалованное дитя.,Имя авт. не установлено.,,,
1169,Избалованный: Повесть-комедия в 4-х д.,"ЛУГОВОЙ, Алексей (ТИХОНОВ, Алексей Алексеевич).",,,
1170,Избач Катя Безрядова: Очерк-хроника.,"ДОРОФЕЕВ, Н.",,,
1171,Избиение евреев: Исторический роман из жизни Персии.,"ШАХРИАР (АРАКЕЛЯН, Амбарцум Аставацатурович).",,,
1172,Избиение младенцев: Рассказ.,"МЕТЕРЛИНК, Морис.",,,
1173,Избиение младенцев в Вифлееме: Поэма в 4-х песнях.,"МАРИНО, Джованни Батиста.",,,
1174,Избиратель Яким Мачук: Рассказ из жизни галицийских крестьян.,"КОБРИН-СКАЯ, Наталия Ивановна.",,,
1175,Изборник: [Стихи].,"ДОЛГОРУКИЙ, Иван Михайлович.",,,
1176,Изборник: Стихи 1905—1915 гг.,"ГОРОДЕЦКИЙ, Сергей Митрофанович.",,,
1177,Изборская сирень: Стихи.,"КИКИН, Дмитрий Борисович.",,,
1178,Избрание в цари Михаила Федоровича Романова: Народная повесть.,"ТО-ЛЫЧЕВА, Т.",,,
1179,Избрание Михаила Федоровича Романова на царство: (Глас народа — глас божий).,"ДЕМЕНТЬЕВА, Наталья Михайловна.",,,
1180,"Избрание на царство Михаила Федоровича Романова: Драма в 6-ти карт., в стихах.","СТУПИШИН, Ростислав Дмитриевич.",,,
1181,Избрание на царство Михаила Федоровича Романова (1613 год): Историческая быль в 4-х д.,"ШАТОВ, Степан Ильич.",,,
1182,Избрание на царство царя Михаила Федоровича Романова: Эпилог к трилогии «Дмитрий Самозванец».,"ЧАЕВ, Николай ",,,
1183,Избранник: Стихи.,"СИТКОВСКИЙ, Аркадий Ильич.",,,
1184,Избранник божий: Историческая повесть начала XVII века.,"ПОЛЕВОЙ, Петр Николаевич.",,,
1185,Избранник сердца: Роман.,"СТА-ХЕЕВ, Дмитрий Иванович.",,,
1186,Избранницы: Повесть.,"РОЛЛЕЧЕК, Наталия.",,,
1187,Избранное из избранного.,"МАЯКОВСКИЙ, Владимир Владимирович.",,,
1188,Избранное — на весь алфавит: Короткие басни и эпиграммы.,"СМИРНОВ, Сергей Васильевич.",,,
1189,Избранное общество: Карикатура в 3-х д.,"ОСТРОЖСКИЙ, К. (ГОГЕЛЬ, Константин Сергеевич).",,,
1189а,Избранные беседы.,"НЕЗАВИСИМЫЙ (ЯСИНСКИЙ, Иероним Иеронимо-вич).",,,
1190,Избранные письма с моей мельницы.,"ДОДЕ, Альфонс.",,,
1191,"Избрань: Стихи, 1912—1922.","АСЕЕВ, Николай.",,,
1192,Избушка вековушки Пелагеи: Рассказы.,"РОГИ, Михаил Павлович.",,,
1193,Избушка на курьих ножках: Сказ.,"САЛИАС, Е. А. (САЛИАС ДЕ ТУРНЕ-МИР, Евгений Андреевич).",,,
1194,Избушка под лиственницами: Рассказы.,"КЛЕЩЕНКО, Анатолий Дмитриевич.",,,
1195,Избы: Избранные стихи.,"ЦЫБИН, Владимир Дмитриевич.",,,
1196,Избыток: Стихотворения.,"ЛОПАТ-ТО, Михаил О.",,,
1197,Избыток счастья: Шутка-комедия в 4-х д.,"ГЕ, Иван Николаевич.",,,
1198,Избяная Русь.,"ГРУЗИНОВ, Иван Васильевич.",,,
1199,Избяные песни.,"КЛЮЕВ, Николай Алексеевич.",,,
1200,Изваяние: Фантастический роман.,"ГОР, Геннадий.",,,
1201,"Изверг: Безобразие в 3-х ч., из коих одна — свистопляска, другая — суматоха, последняя же — сплошное мракобесие.","ЧЕРМАН, Аполлон Николаевич.",,,
1202,Изверг: Монолог в 1-м д.,"МАНС-ФЕЛЬД, Дмитрий Августович.",,,
1203,Извернулась: (Картинки одесских нравов).,РОГНЕДА.,,,
1204,Известная личность: Юмористический рассказ.,"ШЕВЦОВ, Николай Иванович.",,,
1205,Известная Шурка Шапкина: Рассказы.,"ГУБЕР, Борис Андреевич.",,,
1206,Известно ли сэру?: Политический фельетон для детей.,"ЭМДЕН, Эсфирь.",,,
1207,Известное имя: Роман.,"ТАРБА, Иван Константинович.",,,
1208,Извечные шумы: 2-я книга стихов.,"НЕТРОПОВ, Максим.",,,
1209,Извилины: Пьеса в 4-х д.,"ТРОНИН, Владимир Аркадьевич.",,,
1210,Извилины: Рифмо-ритмы.,"БЕЛЯЕВ, Сергей Михайлович.",,,
1211,Извилины реки: Повести и рассказы.,"БАРСКИЙ, Лев Миронович.",,,
1212,Извините.,"БУХОВ, Аркадий Сергеевич.",,,
1213,"Извините, господин учитель: Юморески.","КАРИНТИ, Фридьеш.",,,
1214,Извините за грубость: Юмористические рассказы.,"ЦУГУЛИЕВА, Елена Александровна.",,,
1215,"Извините, мы без грима: (Почти невероятная история в двух действиях, которая произошла в одном из театров).","ЗАРУДНЫЙ, Микола (ЗАРУДНЫЙ, Николай Яковлевич).",,,
1216,"Извините, пожалуйста!: (Камни в печени). Сатирическая комедия в 4-х д.","МАКАЕНОК, Андрей Егорович.",,,
1217,"Извините, сударыня!: Комедия в 1-м д.",АЛЬФРЕД Ж. ,,,
1218,Извлечения и выдержки из моих семидесятилетних воспоминаний.,"МАКАРОВ, Николай Петрович.",,,
1219,Извозчик; Под рождество: Два рассказа.,"ХЛЕБНИКОВ, П. (БУЛАНЖЕ, Павел Александрович).",,,
1220,Извозчик: [Рассказ].,"МЯСОЕДОВ, Александр Дмитриевич. ",,Иван Стамезкин...,
1221,Извозчик: Рассказ.,"УСПЕНСКИЙ, Глеб Иванович.",,,
1222,Извозчик в пенсне: Рассказы.,"РЕНЦ, Илья (ВОЗНЕСЕНСКИЙ, Ал. С.).",,,
1223,Извозчик Ванька: Рассказ.,"ПИСАРЕВА, Л. Загл. ",,,
1224,Извозчик Геншель: Драма в 5-ти д.,"ГАУПТМАН, Гергарт.",,,
1225,Извозчик Клим: Рассказ из деревенской и петербургской жизни крестьян.,"КУЛИКОВА, В.",,,
1226,Извозчик Кузьма.,"МАЙСТРАХ, Владимир Францевич.",,,
1227,Извозчик Лабранш.,"МАЛ АН, Сезар Анри Абрам.",,,
1228,Извращенный падший мир: Роман.,"ДОДЭ, Леон (ДОДЕ, Леон).",,,
1229,Изгарь: (Старое и новое). Повести и рассказы.,"БАРАНЦЕВИЧ, Казимир Станиславович.",,,
1230,"Изгин: Повести, рассказы, сказки, легенды.","САНГИ, Владимир Михайлович.",,,
1231,Изгнание: Повесть.,"ИЛЬ, Л. И.",,,
1232,Изгнание: Рассказ.,"ЗАЙЦЕВ, Борис Константинович.",,,
1233,Изгнание: Роман.,"ЛИДИН, Владимир Германович.",,,
1234,Изгнание: Роман.,"ФЕЙХТВАНГЕР, Лион.",,,
1235,Изгнание: Роман.,"ЧИРИКОВ, Евгений Николаевич.",,,
1236,Изгнание Адама из рая: Поэма.,"БУЗДИЖАН, Александр Созонтович.",,,
1237,Изгнание Василия Зюзина: Повесть.,"ГОЛОСОВСКИЙ, Игорь Михайлович.",,,
1238,Изгнание владыки.,"АДАМОВ, Григорий.",,,
1239,Изгнание двадесяти язык: Рассказ о людях и делах 1812 г..,"РОССИЕВ, Павел Амплиевич.",,,
1240,Изгнание шамана: Рассказы о заслуженных врачах.,"МОРКОВКИН, Александр Константинович, РЕШЕТНИКОВ, Владимир Денисович.",,,
1241,Изгнанная душа.,Имя авт. не установлено.,,,
1242,Изгнанник: (Пушкин в Молдавии). Драматические сцены.,"КОМАРОВСКИЙ, А., СУМАРОКОВ, А.",,,
1243,Изгнанник: Исторический роман из смутных времен Богемии в продолжение Тридцатилетней войны. Ч. 1—3.,"БОГЕМУС (ОПИЦ, Георг Эмануэль).",,,
1244,Изгнанник: Исторический роман. Хроника четырех поколений. В 2-х ч.,"СОЛОВЬЕВ, Всеволод Сергеевич.",,,
1245,Изгнанник: Поэма и стихотворения.,"ГАНЕЦКИЙ, Николай Дмитриевич.",,,
1246,Изгнанник: [Роман].,"КОНРАД, Джозеф.",,,
1247,Изгнанник: Роман времен Иоанна Васильевича Грозного. В 3-х ч.,С...,,,
1248,Изгнанники: (Алый цвет). Сцены из жизни крутояровской колонии. (В 4-х д.).,"ТАРИЧ, Юрий Викторович.",,,
1249,Изгнанники: Драма в 4-х д.,"ОВЧИННИКОВ, Михаил Федорович.",,,
1250,Изгнанники: Исторический роман в 2-х ч.,"КОНОН-ДОЙЛЬ, А. (ДОЙЛЬ, Артур Конан). ",Беглецы.,,
1251,Изгнанники: Повесть.,"КАЛАШНИКОВ, Иван Тимофеевич.",,,
1252,Изгнанники: Повесть из жизни насекомых.,"КАНДЕЗ, Эрнест Шарль.",,,
1253,Изгнанники: Три письма.,"ВИНОГРАДОВ, Анатолий Корнелиевич.",,,
1254,Изгнанники в лесу.,"МАЙНЕ-РИД (РИД, Томас Майн).",,,
1255,Изгнанники земли: Роман в 2-х ч.,"ЛОРИ, Андре (ГРУССЕ, Паскаль).",,,
1256,Изгнанница: Роман.,"ЛОТИ, Пьер.",,,
1257,Изгнанные.,"НОДЬЕ, Шарль.",,,
1258,Изгнанные из рая: (Двойная любовь). Драма в 3-х д.,"МОЛЬСКИЙ, Георгий.",,,
1259,Изгнанный сын или Вертеп разбойников: Английский роман. Ч. 1—4.,"РОШ, Режина Мария.",,,
1260,Изгой (1189 г.).,"РАЗИН, Алексей Егорович.",,,
1261,Издали: Наброски эмигранта.,"АМФИТЕАТРОВ, Александр Валентинович.",,,
1262,Издыхающие равнины; Города-чудовища.,"ВЕРХАРН, Эмиль.",,,
1263,Изеил: Драма в 4-х д. в стихах.,"МОРАН, Эжен, СИЛЬВЕСТР, Арман.",,,
1264,Излеченная мечтательница: Справедливая повесть.,"КОЦЕБУ, Август Фридрих.",,,
1265,Излияние сердечных чувствований при всерадостнейшем прибытии в первопрестольный град Москву государя императора Александра Павловича в 1816 году августа 15-го.,Имя авт. не установлено.,,,
1266,Излом дорог: Стихи.,"ВОРОНИН, Леонид Акимович.",,,
1267,Изломанные люди: Пьеса в 4-х д.,"АЛЕКСАНДРОВ, Владимир Александрович.",,,
1268,Изломанные натуры: Роман.,"ОКС, Виктор Борисович.",,,
1269,Изломы: Стихи.,"СЕМЛЕВСКИЙ, Николай Б.",,,
1270,Изломы: Стихи.,"ДОКУЧАЕВ, Александр.",,,
1271,Изломы луча: Стихотворения.,"ЦЫГАНОК, Семен (ТЕМРЮКСКИЙ, Семен).",,,
1272,Изломы любви.,"БУДИЩЕВ, Алексей Николаевич.",,,
1273,Излучение: Вторая книга стихов.,"ГОНЧАРОВ, Игорь Михайлович.",,,
1274,Излучение времени.,"ИВАНОВ, Андрей Митрофанович.",,,
1275,Излучина: Рассказы.,"АСТАФЬЕВ, Виктор Петрович.",,,
1276,Излучина: Стихи.,"КРИВОШЕЕН-КО, Лев Сергеевич.",,,
1277,Излучина: Стихи.,"МОЛОДЦОВ, Геннадий Порфирьевич.",,,
1278,Излучина: [Стихи].,"ПРИШЕЛЕЦ, Антон.",,,
1279,Излучина Ганга: Роман.,"МАЛГОН- КАР, Манохар.",,,
1280,Излучины: Стихи.,"ДОКУЧАЕВ, Александр.",,,
1281,Измаил: Историческая драма в 4-х д.,"БУХАРИН, Михаил Николаевич.",,,
1282,Измаил: Повесть.,"ПАПАРИГОПУ-ЛО, Борис Владимирович.",,,
1283,Измаил-бей: Восточная повесть.,"ЛЕРМОНТОВ, Михаил Юрьевич.",,,
1284,Измаилия или Смерть и любовь: Роман-поэма.,"Д'АРЛЕНКУР, Шарль Виктор Прево.",,,
1285,Измайловцы на войне: (Военные стихи и песни).,"ВАНИН, Иван.",,,
1286,Измельчание: Роман в 2-х ч.,"ВЕРЕВКИН, Алек.",,,
1287,Измена: Американский роман из эпохи войны Севера с Югом.,"САВЭДЖ, Ричард (СЕВЕДЖ, Ричард Генри).",,,
1288,Измена: Драма в 2-х д. [2-е и 4-е действия его же комедии «Война и мир»].,"ГОРОДНЯ, В. П. (ГРЕЧИНСКИЙ, Василий Павлович).",,,
1289,Измена: Драма в 1-м д.,"ЯКОВЛЕВ, Осип (СКИТАЛЕЦ).",,,
1290,Измена: Из грузинских преданий. Трагедия в 5-ти д.,"СУМБАТОВ, Александр Иванович.",,,
1291,Измена: Комедия в 1-м д.,"ЗЛАТО-КУДРОВ (ЛУКЬЯНОВ, Александр Александрович) .",,,
1292,Измена: Комедия в 3-х д.,"ПАДРОВА, А. (ПАТРОВА, Анна Петровна).",,,
1293,Измена: Рассказ.,"МАЛЕЕВ, И. Г. [!] (МАЛЕЕВ, Игорь Александрович).",,,
1294,Измена: [Рассказы].,"ПРИЧАРД, Катарина Сусанна.",,,
1294а,Измена: Роман из истории нашествия Наполеона 1-го на Россию в 1812 г. Соч. автора «Записки полицейского офицера».,"ПОНСОН ДЮ ТЕРРАЙЛЬ, Пьер Алексис. ",Предатель.,,
1295,Измена Вьюна: Пьеса в 3-х д.,"ПРЕОБРАЖЕНСКИЙ, Сергей Иванович.",,,
1296,Измена гетмана Мазепы: Историческая повесть из времен Петра Великого.,Имя авт. не установлено.,,,
1297,Измена графини или Самоубийство из мести: Уголовный роман.,"МАКСИМОВСКИЙ, Н.",,,
1298,Измена и предательство: (Фантазия).,"МОСКЕВИЧ, Василий Н.",,,
1299,Измена идеалу: Роман. Ч. 1-2.,"ВАССЕРМАН, Яков (ВАССЕРМАН, Якоб).",,,
1300,Измена Магомы: (Отрывки из «Повести о Черном Магоме»).,"МСТИСЛАВСКИЙ, Сергей.",,,
1301,Изменение природы или Следствия падения человека.,"ШИРИНСКИЙ-ШИХМА-ТОВ, Платон Александрович.",,,
1302,Изменится время.,"ШЕРН, Семен Борисович (БОРИСОВ, Семен).",,,
1303,Изменник: (Бабник). Комедия в 1-мд.,"РАМАЗАНОВ, Виктор Викторович. ",Бабник: (Изменник).,,
1304,Изменник: Пьеса в 2-х д.,"АВЕРЬЯНОВ, Вячеслав Андреевич.",,,
1305,Изменник: [Рассказ].,"БЕСТУЖЕВ-МАРЛИНСКИЙ, Александр Александрович. ",,Наезды...,
1306,Изменник: Рассказ.,"ЛОНДОН, Джек.",,,
1307,Изменник: Роман.,"АЛЕКСЕЕВ, Николай Николаевич.",,,
1308,"Изменник Мазепа, гетман Малороссии: Рассказ.","КУКЕЛЬ (ЛУНИН, В. А.).",,,
1309,Изменники: Петербургский современный политический роман.,"АПРАКСИН, Александр Дмитриевич.",,,
1310,Изменница: [Поэма].,"АШИК, Антон Балтазарович.",,,
1311,Изменница: Роман.,"ГЕЙЕРСТАМ, Густав ",,,
1312,Изменщица: Поэма.,"РЯБИНИН, Петр Петрович.",,,
1313,Изменяющийся мир.,"КАН, Альберт Юджин.",,,
1314,Изморозь: (Роман).,"КАЗЫБАЕВ, Какимжан Казыбаевич. ",,,
1315,"Изморозь: Стихи, 1925—1926.","АСЕЕВ, Николай.",,,
1316,Изнанка: Комедия в 3-х д.,"БАРРЕС, Морис.",,,
1317,Изнанка на лицо: (Приключение в Золотой роте). Рассказ.,"ТОПОРОВ [!] (ТОПОРКОВ, В. И.).",,,
1318,Изнанка эмансипации: Комедия в 1-м д.,"ТЕНЕРОМО, И.",,,
1319,Изо дня в день: Жизнь рабочего углекопа.,Имя авт. не установлено.,,,
1320,Изо дня в день: Записки сельского священника.,"МЕЩЕРСКИЙ, Владимир Петрович.",,,
1321,Изо дня в день: Повесть; День Павла Егоровича: Очерк.,"ВОСТРОМ, Александра (ТОЛСТАЯ, Александра Леонтьевна). ",,,
1322,Изо дня в день: [Роман].,"ГЕТЕЛЬ, Фердинанд. ",,,
1323,Изобретатели: Пьеса в 5-ти карт.,"БОНДИ, Алексей Михайлович.",,,
1324,Изобретатели: Рассказ.,"КАМАНИН, Федор.",,,
1325,Изобретатели: Рассказы.,"МАТУШКИН, Василий Семенович.",,,
1326,Изобретатель: Представление в 7-ми карт.,"НАВРОЗОВ, Андрей.",,,
1327,Изобретатель: Рассказы для детей.,"ЧАЧКО, Марк Ильич.",,,
1328,Изобретатель Андреас: Рассказ.,"ЛЕНДЬЕЛЬ, И. (ЛЕНДЬЕЛ, Йожеф).",,,
1329,Изобретатель гильотины: (Доктор Гильотэн). Пьеса в 3-х актах.,"ВИНДЕР, Людвиг.",,,
1330,Изобретатель и комедиант: (Иоганн Гутенбург). Пьеса в 4-х актах.,"ДАНИЭЛЬ, Марк.",,,
1331,Изобретатель из 5-го «Б»: Рассказы.,"ПЛАТОНОВА, Нина Дмитриевна.",,,
1332,Изобретатель Утенок: Рассказы.,"ТРЕТЬЯКОВ, Юрий Федорович.",,,
1333,Изобретательная влюбленная: Пьеса в 3-х д.,"ЛОПЕ ДЕ ВЕГА, Феликс.",,,
1334,"Изобретательный лейтенант: Комедия в 6-ти карт, с прологом.","ШЕРИДАН, Ричард Бринсли.",,,
1335,Изобретательный супруг или Заварилась каша — не расхлебаешь: Оригинальный водевиль в 1-м д.,"АЛЕКСЕЕВ, Алексей Яковлевич.",,,
1336,Изобретение Гемфри Поттера.,"БАРМИН, Александр Гаврилович.",,,
1337,Изот: Рассказ.,"БОЙЧЕВСКИЙ, Иван Адрианович. ",,На распутии...,
1338,Изотопы для Алтунина: Роман.,"КОЛЕСНИКОВ, Михаил Сергеевич.",,,
1339,Изощренная Ида: Стихи.,"БЕРЕЗАРК, Илья.",,,
1340,Изразец: Четвертая книга стихов.,"ШЕНГЕЛИ, Георгий Аркадьевич.",,,
1341,Израиль: Интимные рассказы. Вып. [1] -2.,"ОРИОН (РОЗАНОВ, Василий Васильевич) .",,,
1342,Израиль: Пьеса в 3-х д.,"БЕРНШТЕЙН, Анри.",,,
1343,Израиль или Мирные шаги по окровавленному пути: Драма в 4-х д.,"КИСИН, М.",,,
1344,Израиль Поттер: Пятьдесят лет его изгнания. Роман.,"МЕЛВИЛЛ, Герман.",,,
1345,Изувер: Народная драма в 3-х д.,"КОРНАТОВСКИЙ, Дмитрий Николаевич.",,,
1346,Изуверка: Историческая повесть.,"ТЕПЛОВ, Константин Александрович.",,,
1347,Изувеченный.,"СЕНТИН, К. Б. (БО-НИФАС, Ксавье Жозеф).",,,
1348,Изумительные похождения московского Пинкертона Агафона и его слуги Луки.,"ПОКОЙ ТВЕРДО (ТРАВИН, Петр Александрович) .",,,
1349,Изумительные превращения: Комедия-шутка в 3-х д.,"БИЛИБИН, Виктор Викторович.",,,
1349а,Изумительные странствования Карлуши. (Загл. обл.).,"БРЕЙТШВЕРТ, Вильгельм фон. ","Изумительные странствования Карлуши по воздуху, морю и в недрах земли.",,
1350,"Изумительные странствования Карлуши по воздуху, морю и в недрах земли: Новая сказка.","БРЕЙТШВЕРТ, Вильгельм фон. ",Изумительные странствования Карлуши.,,
1351,Изумительный капитан: Исторический роман.,"РАКОВСКИЙ, Леонтий Иосифович.",,,
1352,Изумруд.,"КУПРИН, Александр Иванович.",,,
1353,Изумруд Севера.,"СМИРНОВ, Николай Павлович (ПУТЕШЕСТВЕННИК).",,,
1354,Изумрудные берега: Повести в письмах.,"РОЗАНОВ, Сергей Григорьевич.",,,
1355,Изумрудный гусь: Невыдуманные рассказы.,"ТИТОВ, Константин Маркович.",,,
1356,Изъяны воли: Роман в 3-х ч.,"МАСЛОВ, Николай Дмитриевич.",,,
1357,Изюм из кекса.,"ШАТУНОВСКИЙ, Илья Миронович.",,,
1357а,Изюминка: Комедия в 3-х актах.,"ЦИНОВСКИЙ, Леонид Яковлевич.",,,
1358,Изюмцам.,"ГЕРБЕЛЬ, Николай Васильевич.",,,
1359,Изяслав Скиталец (1024—1078 гг.).,"РАЗИН, Алексей Егорович.",,,
1360,Иисус в ветхом и в новом заветах или Ночи у креста: Стихотворение.,"ШИХМАТОВ, Сергей Александрович.",,,
1361,Иисус Навин: Повествование из времен библейских.,"ЭБЕРС, Георг Мориц. ",В землю ханаанскую; Иисус (сын Навина).,,
1362,Иисус Навин: (Разрушение Иерихона). Библейская сцена в 2-х карт.,"ФИНДЕЙ-ЗЕН, Николай Федорович.",,,
1363,Иисус против бога: Мистерия с музыкой и кинофильмом.,"БАРБЮС, Анри.",,,
1364,Иисус против Христа.,"БАРБЮС, Анри. ",Иисус против бога.,,
1365,Иисус (сын Навина): Повествование из библейских времен.,"ЭБЕРС, Георг Мориц.",,,
1366,Иисус Христос: Стихотворение в 4-х кн.,"ВЫСОЦКИЙ, К.",,,
1367,Ийола: Драма в 4-х д.,"ЖУЛАВСКИЙ, Юрий (ЖУЛАВСКИЙ, Ежи).",,,
1368,Икалтойские ребята.,"МРЕЛАШ-ВИЛИ, Ладо.",,,
1369,Икбол и бабочка.,МИРМУХСИН.,,,
1370,"Икс, Игрек, Зет.","КВИН, Лев Израилевич.",,,
1371,Ил: Роман.,"ВИВИЭС, Альберт.",,,
1372,Илев мост.,"ДАСКАЛОВ, Стоян Цеков.",,,
1373,"Или Джиованнино, или Смерть: Повесть.","СЕРАО, Матильда.",,,
1374,Или-или: Повести и рассказы.,"НИКИФОРОВ, Георгий Константинович.",,,
1375,"Или мы, или они: Пьеса в 3-х д.","КОРЖИКОВ, Тит.",,,
1376,Илиада.,ГОМЕР. ,Троянская война: (Илиада).,,
1377,Илийка.,"ЗОРИЧ, Анастасия Антоновна.",,,
1378,Илийская степь: Стихи.,"КАЛАШНИКОВ, Иван Федорович.",,,
1379,Илико и его друзья: Рассказ.,"ЧЕРСКИЙ, Леонид Федорович.",,,
1380,Илльская Венера.,"МЕРИМЕ, Проспер.",,,
1381,Иллюзии: Стихотворения.,"ФОФАНОВ, Константин Михайлович.",,,
1382,Иллюзии доктора Фаустино: Роман.,"ВАЛЕР, Жуан (ВАЛЕРА, Хуан).",,,
1383,Иллюзии ранних обманов.,"ФУНКЕН-ДОРФ, Дора.",,,
1384,Иллюстрированные современные басни.,"СТАМАТИ, Константин Константинович (СТАМАТИ-ЧУРЯ, Константин Константинович) . ",Современные иллюстрированные басни.,,
1385,Иловля.,"МАЛОХАТКИН, Иван Иванович.",,,
1386,Илона.,"КАЛНДРУВА, Мартыны",,,
1387,Ильбондокани или Калиф-разбойник: Комедия в 5-ти д.,"МАТЮШКИН, Александр.",,,
1388,Ильдрым.,"МЕЖЛУМБЕКОВ, Джаб-бар Гусейн оглы.",,,
1389,Ильдус: Пьеса в 3-х д.,"АППАКОВА, Дардьжи Сейфуловна (АППАКОВА, Дард-жия Сейфулловна).",,,
1390,Ильза: Пьеса в 3-х д.,"ОЛДЕН, Ганс.",,,
1391,Ильин день: (Рассказ).,"ОРЛОВ, Иоанн.",,,
1392,Ильин день: Роман.,"ТАЛЕВ, Димитр.",,,
1393,Ильин ключ.,"СТРЕЛКОВА, Ирина Ивановна.",,,
1394,Ильич: Повесть в стихах.,"МАРКОВ, Алексей Яковлевич.",,,
1395,Ильич в дни поражения Революции 1905 г.,"ШЛИХТЕР, Александр Григорьевич.",,,
1396,Ильич в окружении контрреволюции.,"ШЛИХТЕР, Александр Григорьевич.",,,
1397,Ильич в Разливе.,"ЕМЕЛЬЯНОВ, Николай Александрович.",,,
1398,Ильич и организация аппаратов власти.,"ШЛИХТЕР, Александр Григорьевич.",,,
1399,"Ильич, каким я его знал: Кое-что из встреч и воспоминаний.","ШЛИХТЕР, Александр Григорьевич.",,,
1400,Ильич на кухне.,"КОЧЕТКОВ, Дмитрий Иванович.",,,
1401,Ильичево поле.,"КАУРОВ, Борис Андреевич.",,,
1402,Ильичу.,"КОТЛЯРСКИЙ, Май Яковлевич.",,,
1403,Илька: Рассказы.,"ХОРОЛЬСКИЙ, Виктор Петрович.",,,
1404,Илька: Рассказы и повесть.,"МАРКОВА, Ольга Ивановна.",,,
1405,Илька-каторжник.,"РЯЗАНЦЕВ, Всеволод.",,,
1406,Илька приехал в Крутояр: Повесть.,"БАЗДЫРЕВ, Александр Григорьевич.",,,
1407,Ильмень-озеро: Повесть.,"КИРИЛЛОВ, Григорий Иванович. ",Шумит Ильмень-озеро.,,
1408,Ильтизер-следопыт: Повесть.,"ИСАН-БЕТ, Наки Сиразиевич.",,,
1409,Ильюша: Рассказ.,"ГРУБЕ, Евгения.",,,
1410,Илья Головин: Пьеса в 3-х д.,"МИХАЛКОВ, Сергей Владимирович.",,,
1411,Илья Ильич Мечников: Повесть о трудах и днях великого русского биолога.,"МОГИЛЕВСКИЙ, Борис.",,,
1412,Илья Косогор; В старой Москве; Метелица; Девочки.,"ПАНОВА, Вера Федоровна.",,,
1413,Илья Куран: Рассказ.,"БРЫКИН, Николай Александрович.",,,
1414,Илья Лебедев:    Пьеса в 4-х д.,"ЗАДОНСКИЙ, Николай Алексеевич.",,,
1415,Илья Медвежья лапа или Борцы за веру: Исторический рассказ из времен монгольского ига.,Имя авт. не установлено. ,Медвежья лапа.,,
1416,Илья Муромец: По мотивам былин.,"ШЕРГИН, Борис Викторович.",,,
1417,Илья Муромец: Поэма.,"МАРКОВ, Василий Васильевич.",,,
1418,Илья Муромец: Пьеса по былинам в 6-ти карт.,"ПАВЛЕНКО, Петр Андреевич, РАДЗИНСКИЙ, Станислав Адольфович.",,,
1419,Илья Муромец: (Сын рода вольного). Киносценарий.,"КОЧНЕВ, Михаил Харлам-пиевич.",,,
1420,Илья Муромец-богатырь земли русской: Сказка-быль в 5-ти д.,ЭНБЕ.,,,
1421,Илья Муромец и боярская дочь или Русские в начале XVII века во время черного года: Историческая повесть.,Имя авт. не установлено.,,,
1422,Илья Муромец — славный русский богатырь: Народная былина в 6-ти карт.,"КАРПОВ, Евтихий Павлович.",,,
1423,Илья Пройдохин: Открытая тайна некоторых или Горе от ума и Горе без ума. Нравственно-сатирический роман.,"ГУРЬЯНОВ, Иван.",,,
1424,Ильяда или Песни об Илье Муромце: (В 12 песнях).,"АЛЯБЬЕВ, Николай Иванович.",,,
1425,Ильяс.,"ТОЛСТОЙ, Лев Николаевич.",,,
1426,Илюха: Из рассказов ружейного охотника.,"ФАРЕСОВ, Анатолий Иванович.",,,
1427,Илюша-горбунчик: Рассказ для детей.,"КУЛИКОВА, В.",,,
1428,Илюшка-батрак.,"СКРЫПНИК, Лев Владимирович.",,,
1429,Илюшка смеется!...: Комедия в 3-х д.,"ВИННИКОВ, Николай Георгиевич.",,,
1430,Илюшка-чекист: Рассказы.,"ПАРШИН, Александр Пантелеевич.",,,
1431,Илюшкины яблоки:         Рассказ.,"ЛЬВОВ, Л. (КЛЯЧКО, Лев Моисеевич).",,,
1432,Им было по четырнадцать.,"МОРОЗОВ, Вячеслав Николаевич.",,,
1433,Им было семнадцать.,"ПАНЮШКИН, Николай Николаевич.",,,
1434,Им нет покоя.,"ПОЛЯНИЧКО, Леонид.",,,
1435,Им открывают сердца: Повести и рассказы.,"АЛЕКСАНДРОВ, Виктор Евгеньевич.",,,
1436,Им семнадцать — навечно семнадцать.,"ТАТАРЕНКО, Леонид Сергеевич.",,,
1437,Имадеддин Насими: Поэма.,"ИВАНОВ, Сергей Степанович.",,,
1438,Имена на мраморе: Рассказы.,"КАШТАНЬЕР, Александр Григорьевич.",,,
1439,Имена на обелисках.,"ЧЕРЕПАНОВ, Дмитрий Феофанович.",,,
1440,Имена на снегу.,"МОДЕСТОВ, Валерий Валентинович.",,,
1441,Именем бога.,"ЧЕРТКОВ, Алексей Борисович.",,,
1442,Именем дружбы.,"ГУСЕВ, Борис Сергеевич, МАМЛЕЕВ, Дмитрий Федорович.",,,
1443,Именем жизни: Избранные стихи.,"СУРКОВ, Алексей Александрович.",,,
1444,Именем жизни: Поэма.,"СОКОЛОВ, Николай Николаевич.",,,
1445,Именем жизни: Стихи и поэма.,"КУЧИН, Иван Сергеевич.",,,
1446,Именем закона: Документальная повесть.,"ШМУШКЕВИЧ, Михаил Юрьевич.",,,
1447,Именем закона: Повести.,"ТОМАН, Николай.",,,
1448,Именем закона: Рассказ.,"МАЧТЕТ, Григорий Александрович.",,,
1449,Именем любви: Книга лирики.,"ФОНЯКОВ, Илья Олегович.",,,
1450,Именем любви: Стихи.,"ЛЕВУШКИН, Анатолий Ильич.",,,
1451,Именем любви: Стихи.,"МАРЬИНСКИЙ, Валентин.",,,
1452,Именем поколения.,"СЕРМАН, Борис Евгеньевич.",,,
1453,Именем поэзии.,"ИВАНОВ, Геннадий А.",,,
1454,Именем правды: Стихи.,"ГРАШИ, Ашот.",,,
1455,Именем революции: Героическая драма в 3-х д.,"ШАТРОВ, Михаил.",,,
1456,Именем революции:     [Повесть].,"МИРОШНИЧЕНКО, Григорий Ильич. ",,Юнармия...,
1457,Именем республики: Повесть.,"БОРОВИКОВ, Григорий Федорович.",,,
1458,Именем республики: Роман.,"ПОЛОНСКИЙ, Лев Адольфович.",,,
1459,Именем твоим: Стихи.,"САРЫ-ВЕЛИ, О. (САРЫВЕЛЛИ, Осман).",,,
1460,Именем третьих: Стихи.,"ОГЛОБЛИН, Василий Дмитриевич.",,,
1461,Именем Силайне: Роман.,"СЕЛИС, Роберт.",,,
1462,Именинник: Миниатюра в 1-м д.,"СПИРО, Сергей Петрович.",,,
1463,Именинник: Рассказ.,"ЛУКАШИН, Илья Денисович.",,,
1464,Именинник: Роман; Не то...: Повесть.,"МАМИН-СИБИРЯК, Дмитрий Наркисович.",,,
1465,Именинница: Водевиль в 1-м акте.,"МАСС, Владимир Захарович, АРДОВ, Виктор.",,,
1466,Именинница: Вторая книга стихов.,"МАКАРОВ, Сергей Георгиевич.",,,
1467,Именинница: [Рассказ].,"КРЕСТОВСКАЯ, Мария Всеволодовна. ",,Сын...,
1468,Именинный букет: Повесть.,"БУЛЬИ, Жан Никола.",,,
1469,Именинный пирог.,"ПЕЧЕРСКИЙ, Андрей (МЕЛЬНИКОВ, Павел Иванович).",,,
1470,Именинный подарок: Сцена-монолог.,"МИТЯЙ (ГОЛЬДШТЕЙН, Марк Михайлович).",,,
1471,«Именинный подарок» и другие рассказы.,"КОЦЮБИНСКИЙ, Михаил Михайлович.",,,
1472,Именины; Аукцион; Ятаган: Повести.,"ПАВЛОВ, Николай Филиппович.",,,
1473,Именины: Детская драма в 1-м д.,И....Г.,,,
1474,Именины: Комедия в 1-м д.,"ЛОЭНГРИН (ГЕРЦО-ВИНОГРАДСКИЙ, Петр Титович).",,,
1475,Именины: Пьеса в 3-х д.,"МЯТЛЕВ, Владимир Иванович.",,,
1476,Именины: Рассказ.,"ТИХОНОВ, Владимир Алексеевич. ",,Морской заяц...,
1477,Именины: Рассказ.,"ЧЕХОВ, Антон Павлович.",,,
1478,Именины: Сцена из студенческой жизни.,"МАНЬКОВСКИЙ, И. О.",,,
1479,Именины: Юмористические рассказы.,"КОЗЫРЕВ, Михаил Яковлевич.",,,
1480,Именины в 1919 году: Комедия-сатира в 1-м д.,"СЕРАФИМОВИЧ, Александр.",,,
1481,Именины в углах: Картины петербургской жизни в 1-м д.,"ЛЕЙКИН, Николай Александрович.",,,
1482,Именины кухарки: Картинка с натуры в 1-м д.,"ТРОФИМОВ, Александр.",,,
1483,Именины подвели: Пьеса в 2-х д.,"КИРНОСОВ, Василий Никитич.",,,
1484,Именины старосты Савельича или Солдат на побывке: Народно-бытовые сцены в 2-х карт.,А. Б.,,,
1485,Именительный падеж.,"ПОПЦОВ, Олег Максимович.",,,
1486,Именитые знакомые: Рассказы и юморески.,"КОМОВ, Владимир Ефимович.",,,
1487,Именитые купцы Строгановы и удалой витязь Сибирский князь: Историческая повесть из времен царя Иоанна Грозного. В 2-х ч.,"С...В, В..",,,
1488,Именная земля: Повесть.,"ЕГОРОВ, Иван Яковлевич.",,,
1489,Именное оружие: Стихи.,"ОБОЙЩИКОВ, Кронид Александрович.",,,
1490,Именные часы.,"ЕМЕЛЬЯНОВ, Алексей Яковлевич.",,,
1491,Иметь и быть: Роман.,ИКСКУЛЬ.,,,
1492,Иметь и не иметь.,"ХЕМИНГУЭЙ, Эрнест.",,,
1493—1494,Имеющий в руках цветы.,"СОЛОУХИН, Владимир Алексеевич.",,,
1495,Иммортели: Карикатура в 3-х д.,"ФАЛЕЕВ, Николай Иванович (ЧУЖ-ЧУЖЕ-НИН).",,,
1496,Иммортели поэзии.,"СВЕНЦИЦКИЙ, Андрей Эдуардович.",,,
1497,Император: Исторический роман времен римского императора Адриана.,"ЭБЕРС, Георг Мориц.",,,
1498,Император Византии: Исторический роман в 2-х ч. эпохи царствования императора Александра I.,"ЭВАЛЬД, Аркадий Васильевич.",,,
1499,Император Ибикус первый. (Загл. переплета).,"ТОЛСТОЙ, Алексей Николаевич. ",Ибикус и другие повести.,,
1500,Император Мексики: (Максимилиан Австрийский). Трагедия в 5-ти д.,"ГАССЬЕ, Альфред.",,,
1501,Император Николай I: Драма в 5-ти д.,"ПАНЮРИН, Г.",,,
1502,Император Португальский: Вермлан-дская повесть.,"ЛАГЕРЛЕФ, Сельма.",,,
1503,Императорские фиалки:      Роман.,"НЕФФ, Владимир.",,,
1504,"Императорский батальон милиции, 1806—1808 гг.: К вековому юбилею Л.-гв. Финляндского полка 12 декабря 1906 г.","ВОРОНОВ, Владимир Александрович.",,,
1505,Императорский шпион: Роман в 2-х ч.,"ОРЛИЦКИЙ, С. С. (ОКРЕЙЦ, Станислав Станиславович).",,,
1506,Императору Александру: Стихотворение.,"ЖУКОВСКИЙ, Василий Андреевич.",,,
1507,Императрица Анна Иоанновна.,"МАЗУРКЕВИЧ, Владимир Александрович. ",,Юный император Петр II...,
1508,Императрица Елисавета Петровна: Роман-хроника из истории России. Ч. 1-2.,"САМАРОВ, Грегор. ",: При дворе императрицы Елизаветы Петровны.,,
1509,Императрица Жозефина: Драма в 5-ти д. с прологом.,"БЕРЖЕРА, Эмиль.",,,
1510,Императрица Фике: Исторические повести.,"ИВАНОВ, Всеволод Никанорович.",,,
1511,Имперская графиня Гизела: Роман в 2-х ч.,"МАРЛИТТ, Е. (МАРЛИТ, Е.).",,,
1512,Имперский ювелир: Историческая повесть времен смуты Новгородской.,"ОРДЫН-ЦЕВ-КОСТРИЦКИЙ, Михаил Дмитриевич.",,,
1513,Импортные туфли: Рассказы и фельетоны.,"ШВЕЛИДЗЕ, Николай.",,,
1514,Импровизатор.,"АНДЕРСЕН, Ганс-Христиан.",,,
1515,Импровизатор или Молодость и мечты итальянского поэта: Роман. Ч. 1-2.,"АНДЕРСЕН, Ганс-Христиан.",,,
1516,Импровизации из рассказов моих знакомых: Вып. I.,"ПЛОХОВО, Александра.",,,
1517,Импровизация.,"ШПАК, Галина Антоновна.",,,
1518,Имущему дастся.,"О'КЕЙСИ, Шон.",,,
1519,Имя: Стихи.,"НЕЧВОЛОДА, Владимир Алексеевич.",,,
1519а,Имя героя: Рассказы и очерки о панфиловцах.,"МАКЕЕВ, Леонид Владимирович.",,,
1520,Имя его легион: (Из жизни безработных).,"ВИХРЬ, Е.",,,
1521,Имя его неизвестно: Повесть.,"АВТОМОНОВ, Павло (АВТОМОНОВ, Павел Федорович).",,,
1522,Имя ему—Человек!: Очерки.,"АЗИМОВА, Саида Исмаиловна.",,,
1523,Имя им — легион: (В топком болоте). Из жизни столичного загородного ресторана. Драма в 4-х д.,"ИСТОМИН, П. С. (ПАТКАНОВ, Петр Серафимович).",,,
1524,Имя мое — солдат:       Рассказы.,"ТРЕТЬЯКОВ, Иван Поликарпович.",,,
1525,Имя мое — человек: Книга новых стихов.,"ДОРИЗО, Николай Константинович.",,,
1526,Имя на карте.,"ЕВЛАДОВ, Борис Владимирович.",,,
1527,Имя на крыльях.,"ПОНИЗОВСКИЙ, Владимир Миронович.",,,
1528,Имя отряда.,"КОНОНОВ, Александр Терентьевич.",,,
1529,Имя отца: Поэма.,"ДАМДИНОВ, Николай Гармаевич.",,,
1530,Имя-отчество.,"КУКЛИН, Лев Валерианович.",,,
1531,Имя твое: Стихи.,"БАБАЯН, Вардкес Акопович.",,,
1532,Имя твое: [Стихи].,"БЛАГОВ, Николай Николаевич.",,,
1533,Имя твое: Стихи.,"ВИЕРУ, Григоре Павлович.",,,
1534,"Имя — твое, благо — мое: Комедия в 3-х д.","ДАГЛЫ, Сейфеддин.",,,
1535,Имя твое дорого: Повесть об ауле Жанажол.,"МОЛДАГАЛИЕВ, Жайсанбек Молдагалиевич.",,,
1536,Имя твое единственное.,"СОЛНЦЕВ, Роман.",,,
1537,Имя твое — молодость.,"СВИСТУНОВ, Иван Иулианович.",,,
1538,"Имя твое, солдат: Стихи и поэмы.","БУДЖАЛОВ, Егор Андреевич.",,,
1539,Имя человека: Рассказы.,"РЫТХЭУ, Юрий Сергеевич.",,,
1540,Имярек: (Представление смерти богатого человека).,"ГОФМАНСТАЛЬ, Гуго фон.",,,
1541,Иналук и лесная волшебница: Сказка северо-кавказских татар.,"БАРАНОВ, Евгений Захарович.",,,
1542,«Иначе...».,"ВЕДЕКИНД, Франк. ",Пляска мертвых.,,
1543,Иначе быть не могло...: Книга одной жизни.,"ВЛАЧЕНКО, Ольга Борисовна.",,,
1544,Иначе жить не стоит: Роман.,"КЕТЛИНСКАЯ, Вера Казимировна.",,,
1545,Иначе жить нельзя: Пьеса в 4-х д.,"СОФРОНОВ, Анатолий Владимирович.",,,
1546,Иначе не могу: Роман.,"МАКСЮТОВ, Руслан Акрамович.",,,
1547,Иначе не стоит жить: Очерки.,"АХМАТОВ, Семен.",,,
1548,Иначе нельзя: Повесть.,"КРАСИЛЬЩИКОВ, Владимир Ильич.",,,
1549,Иначе нельзя: Роман.,"ТАУРИН, Франц Николаевич.",,,
1550,Иная деревня: Стихи и поэмы. (1916—1923 гг.).,"ДОРОГОЙЧЕНКО, Алексей Яковлевич.",,,
1551,Иная жизнь: Повесть.,"ТУРЧИНО-ВИЧ, Фаина Евсеевна.",,,
1552,Иная жизнь: Рассказ.,"МИНАЕВ, С.",,,
1553,"Иная юность: Избранное, 1923—1933.","КОЛОСОВ, Марк Борисович.",,,
1554,Инвалид: Комедия в 1-м д.,"АШАР, Амедей.",,,
1555,Инвалид; Александр Македонский; Четыре главы: Рассказы.,"СЕЙФУЛЛИНА, Лидия Николаевна.",,,
1556,Инвалид; Зуб за зуб: Рассказы.,"НОВИКОВ-ПРИБОЙ, Алексей Силыч.",,,
1557,Инвалид Чуфыркин.,"КОЗЫРЕВ, Михаил Яковлевич.",,,
1558,Инвалиды: Повесть.,"КРИВЕНКО, Василий Силович.",,,
1559,Инвалиды: Повесть.,"ЧИРИКОВ, Евгений Николаевич.",,,
1560,Инвалиды и новобранцы.,"ШАПИР, Ольга Андреевна.",,,
1561,Инга: Пьеса в 4-х д.,"ГЛЕБОВ, Анатолий.",,,
1562,Ингеборг: Роман.,"КЕЛЛЕРМАН, Бернгард.",,,
1563,Ингмаровы сыновья:     Рассказ.,"ЛАГЕРЛЕФ, Сельма.",,,
1564,Инго: Повесть из быта древних германцев.,"ФРЕЙТАГ, Густав.",,,
1565,Ингрид: История одного барского поместья.,"ЛАГЕРЛЕФ, Сельма. ",Легенда одной усадьбы; Предание одной господской усадьбы.,,
1566,Ингул-бояр.,"ГОРДОН, Илья Зиновьевич.",,,
1567,Ингуши.,"ГАТУЕВ, Дзахо.",,,
1568,Индейская царевна: Рассказ из истории завоевания Мексики в начале XVI века.,"АЛТАЕВ, А. ",,,
1569,Индейский принц: Рассказ.,"ЛЮБИЧ-КОШУРОВ, Пиасаф Арианович.",,,
1570,Индейцы: Повесть.,"РИЧАРДСОН, Вильям.",,,
1571,Индейцы: Повесть.,"ТРЕНЕВ, Виталий Константинович.",,,
1572,Индейцы в Англии: Комедия в 5-ти д.,"КОЦЕБУ, Август Фридрих.",,,
1573,Индейцы взбунтовались: Фарс-сатира в 3-х д.,"КУССАНИ, Агустин.",,,
1574,«Индейцы» и другие рассказы.,"ПОЛИВАНОВ, Владимир Павлович.",,,
1575,Индиана: Роман.,"ЗАНД, Жорж (САНД, Жорж).",,,
1576,Индивидуальное воспитание: Рассказы.,"КОЛОСОВ, Марк Борисович.",,,
1577,Индивидуальный подход: Сборник миниатюр для эстрады.,"КОМИССАРЕНКО, Семен Анатольевич.",,,
1578—1579,Индигирка: Повести и рассказы.,"ЧИСХАН, Николай.",,,
1580,Индийская баллада.,"ТУРСУН-ЗАДЕ, Мирзо.",,,
1581,Индийская голова.,"ОЛЕЙНИКОВ, Николай Макарович.",,,
1582,Индийская гробница: Роман.,"ГАРБУ, Tea фон.",,,
1583,Индийская лилия: Новелла.,"ЗУДЕР-МАН, Герман.",,,
1584,Индийская марка: Рассказы.,"БРУСИЛОВСКИЙ, Рафаил Моисеевич.",,,
1585,Индийская тетрадь: Стихи.,"ШЕРЕМЕТ, Микола.",,,
1586,Индийская хижина.,"БЕРНАРДЕН ДЕ СЕН-ПЬЕР, Жан-Анри. ",,Поль и Виргиния....,
1587,Индийские впечатления.,"ЭРЕНБУРГ, Илья Григорьевич.",,,
1588,Индийские сказки.,"ГОНЧАРОВ, Виктор.",,,
1589,Индийский мечтатель: Исторический роман.,"ШТЕЙНБЕРГ, Евгений Львович.",,,
1590,Индийское снадобье.,"УЭЛЛС, Герберт Джордж.",,,
1591,Индира: Повести и роман.,"ЧОТТО-ПАДДХАЙ, Бонкимчондро.",,,
1592,Индия: [Сонет].,"ФЕДОРОВ, Александр Митрофанович. ",,Египет...,
1593,Индия (без англичан).,"ЛОТИ, Пьер.",,,
1594,Индия в цепях: Мелодрама в 3-х д. Из современной индусской жизни.,"ВАФА, Ахмет Эс-Хабиб.",,,
1595,Индржих Мошна.,"РАХЛИК, Франтишек.",,,
1596,Индрыгин сказ.,"ФОРШ, Ольга Дмитриевна.",,,
1597,Индулис и Ария: Трагедия молодости в 5-ти д.,"РАЙНИС, Ян.",,,
1598,Индус в поисках счастья.,"ТОКОМ-БАЕВ, Аалы.",,,
1599,"Индустриальная свирель: Стихотворения, поэмы.","САДОФЬЕВ, Илья Иванович.",,,
1600,Индустриальным трактом: Избранные поэмы.,"САДОФЬЕВ, Илья Иванович.",,,
1601,Индустрия; Психиатрия; Сельское хозяйство; Шиллер в Берлине; Обращение язычников.,"РОДА-РОДА, Александр.",,,
1602,Индюк: Фарс в 3-х д.,Имя авт. не установлено.,,,
1603,Иней: Поэма.,"ГАВРУСЕВ, Степан Захарович.",,,
1604,Иней: Стихи.,"МАТВЕЕВ, Владимир Васильевич.",,,
1605,Иней: Стихи.,"СЕМЕНОВСКИЙ, Дмитрий Николаевич.",,,
1606,Иней: [Стихи].,"СЕРГЕЕВ, Марк.",,,
1607,Иней: Стихи.,"СОЛОВЬЕВА, Поликсена Сергеевна (ALLEGRO).",,,
1608,Иней на пальмах: Научно-фантастическая повесть.,"ГУРЕВИЧ, Георгий Иосифович.",,,
1609,Иней на пороге: Роман.,"РЫТХЭУ, Юрий Сергеевич.",,,
1610,Иней на ресницах: Рассказы.,"ВИНОГРАДОВ, Иван Иванович.",,,
1611,Иней на стогах: Драма в 2-х д.,"МОИСЕЕВ, Леонид Юрьевич.",,,
1612,Инеса де Кастро: Трагедия в 5-ти актах.,"ГОМЕС, Жоао Батист.",,,
1613,Инеш: Роман.,"ШМАЙМЕРДЕНОВ, Сафуан.",,,
1614,Инженер: Повесть.,"КРЫМОВ, Юрий.",,,
1615,Инженер: Пьеса в 2-х д.,"КАПЛИН-СКАЯ, Елена Сергеевна.",,,
1616,Инженер: Рассказы журналиста.,"КОЗЛОВ, Николай Афанасьевич.",,,
1617,Инженер: Четыре времени военного года. Поэма.,"МОСКАЛЕВ, Николай Сергеевич.",,,
1618,Инженер Волошин: Пьеса в 4-х д.,"АБАЛЫМОВ, Александр.",,,
1619,Инженер Далматов: Роман.,"ЯРОВОЙ, Павел.",,,
1620,Инженер Дюнуа: Рассказы.,"НИКУЛИН, Лев Вениаминович.",,,
1621,Инженер Марс: Роман.,"ЖАК, Норберт.",,,
1622,Инженер Мартынов: Роман.,"ВОЛЬФ, Абрам Яковлевич.",,,
1623,Инженер Мерц: (Высшая мера). Пьеса в 4-х д.,"НИКУЛИН, Лев Вениаминович.",,,
1624,Инженер Мэнни: Фантастический роман.,"БОГДАНОВ, Александр.",,,
1625,Инженер Савосин: Повесть.,"ЧУКАЛ-КИН, Григорий Тимофеевич.",,,
1626,Инженер Северцев: Роман.,"ЛЕЗ-ГИНЦЕВ, Георгий Михайлович.",,,
1627,Инженер Семптон: Фантасмагория суток. (Опыт социальной трагедии).,"РОШАЛЬ, Серафима Львовна, СТРОЕВА, Вера Павловна.",,,
1628,Инженер Стрижов: Пьеса в 1-м д.,"ГОЛУБЕВ, Николай (СИЗОВ, Николай Трофимович).",,,
1629,Инженеры: (В родных болотах). Сцены из провинциальной жизни в 4-х д.,"ВЕРШИНИН, Алексей Платонович.",,,
1630,Инженеры; Верные друзья; Ровесники века: Романы.,"СЛОНИМСКИЙ, Михаил Леонидович.",,,
1631,Инженеры: [Повесть].,"ГАРИН-МИХАЙЛОВСКИЙ, Николай Георгиевич. ",,Студенты...,
1632,Инженеры: Поэма.,"СИДОРЕНКО, Николай Николаевич.",,,
1633,Инженеры: Пьеса в 3-х д.,"ТРИГЕР, Макс Яковлевич.",,,
1634,Инженеры: [Рассказ].,"ГОЛОВКО, Андрей Васильевич.",,,
1635,Инженеры: Рассказы.,"ВАСЕНЕВ, Николай Федорович.",,,
1636,Инженеры: Роман.,"ПАТРЕЕВ, Александр Иванович.",,,
1637,Инженеры: Роман.,"САПИРО, Саул Исаевич.",,,
1638,Инженеры: Роман.,"ШОВКОПЛЯС, Юрий Юрьевич.",,,
1639,Инженеры — бессребренники: Из истории о трех праведниках.,"ЛЕСКОВ, Николай Семенович.",,,
1640,Инза: Рассказы.,"КАРЯГИН, Дмитрий Адрианович.",,,
1641,Инквизитор Торквемада: Трагедия в 7-ми карт.,"ПОЛИВАНОВ, Сергей.",,,
1642,Инквизиция: Главы из романа.,"ФЕРЕАЛЬ, Виктор.",,,
1643,Инквизиция в раю.,"БЕССИ, Альва.",,,
1644,Инк-Вой — водяной зверь.,"БАБУШКИН, Интер Васильевич.",,,
1645,Инкогнида.,"ЛЕБЕДЕВ-КУМАЧ, Василий Иванович.",,,
1646,Инкогнито: Комедия в 2-х д.,"КОНСТАНТИНОВ, Владимир Константинович, РАЦЕР, Борис Михайлович.",,,
1647,Инкогнито: (Магараджа скучает). Комедия в 1-м акте.,"ТЕМИРОВА, Н. А.",,,
1648,Инкогнито: (Похождения корреспондента). Народная комедия в 2-х ч.,"МДИВАНИ, Георгий Давидович.",,,
1649,Инкогнито: Шутка в 1-м д.,"ГЕНЦ, Алексей Рейнгольдович.",,,
1650,Инкогнито или Вдруг два князя: Комедия в 2-х д.,"КОЦЕБУ, Август Фридрих.",,,
1651,Инкубатор: Сценка.,"ЦИНОВСКИЙ, Леонид Яковлевич.",,,
1652,Инна: Поэма.,"РОДОВ, Семен Абрамович.",,,
1653,Инна: Роман в 4-х ч.,"СНЕЖИНА, О.",,,
1654,Инна Воронцова: Психологический роман в 2-х ч.,"ЛУХМАНОВА, Надежда Александровна.",,,
1655,Иногда: Роман.,"УЭДСЛИ, Оливия.",,,
1656,Иное прочее.,"ПРУТКОВ, Иван Кузьмич.",,,
1657,Иное солнце: Стихи и поэмы.,"БЕЗЫМЕНСКИЙ, Александр Ильич.",,,
1658,Иноземка: Рассказы и повесть.,"РАДИН, Василий Иванович (РАДИН-АЛОВ-СКИЙ, Василий Иванович).",,,
1659,Иноземцев и Рындин: (Из бумаг Лопатина). Рассказ.,"СИМОНОВ, Константин Михайлович.",,,
1660,Иной свет или Государства и империи Луны.,"СИРАНО ДЕ БЕРЖЕРАК, Савиньен.",,,
1661,Иной судьбы не надо.,"КОЧЕТКОВ, Александр Дмитриевич.",,,
1662,"Инойя, японский мальчик: Повесть для детей.",Имя авт. не установлено.,,,
1663,Инок: [Повесть в стихах].,"ПИМЕН (БЛАГОВО, Дмитрий Дмитриевич).",,,
1664,Инок: Стихи.,"ЛИВКИН, Николай Николаевич.",,,
1665,Иноки или Вторичное покорение Сибири: Повесть XVI столетия из царствования Феодора Иоанновича.,"ГЛУХАРЕВ, Иван Романович.",,,
1666,Инородное тело: Юмористические рассказы.,"ТАРАН, Юрий Адрианович.",,,
1667,Иностранец: Роман.,"БОСНЯЦКИЙ, Евгений Григорьевич.",,,
1668,Иностранец Задувайский.,"НЕРА-ТОВ, Александр.",,,
1669,Иностранка: [Повесть].,"ВОИНОВ, Александр Исаевич.",,,
1670,«Иностранка» и другие повести и рассказы.,"СКУЛЬСКИЙ, Григорий Михайлович.",,,
1671,Иностранный легион: Отрывок из романа. В 13-ти новеллах.,"ФИНК, Виктор ",,,
1672,Иношко: Про шимпанзе.,"ЧЕГЛОК, Александр.",,,
1673,Инспектор и «Соловей»: (Рассказы о милиции).,"БАРБАЛАТ, Георгий Иосифович.",,,
1674,Инспектор Кадавр; Револьвер Мег-рэ; Мегрэ путешествует.,"СИМЕНОН, Жорж.",,,
1675,Инспектор милиции: Повесть-хроника.,"БЕЗУГЛОВ, Анатолий Алексеевич.",,,
1676,Инспектор Несторов: Пьеса в 4-х д.,"ЗАДОНСКИЙ, Николай Алексеевич.",,,
1677,Инспектор уголовного розыска: Киноповесть.,"МАКЛЯРСКИЙ, Михаил Борисович, РАПОПОРТ, Кирилл Иосифович.",,,
1678,Инстинкт: Пьеса в 3-х д.,"КИСТЕ-МЕКЕР, Генрих (КИСТЕМЕКЕР, Анри).",,,
1679,Инстинкт: Рассказы 1918 года.,"ДО-РОГОЙЧЕНКО, Алексей Яковлевич.",,,
1680,Институт: Повесть.,"АНДРИЕВСКИЙ, Иван Иосифович.",,,
1681,Институтка: Быль.,"АХВЕРДОВ, Иван.",,,
1682,Институтка: Комедия в 4-х д.,"ДЬЯЧЕНКО, Виктор Антонович.",,,
1683,Институтка: (Рассказ).,"ГРУЗЕ-ВИЧ-НЕЧАЙ, Григорий Иванович.",,,
1684,Институтка: Роман.,"ЛУХМАНОВА, Надежда Александровна.",,,
1685,Институтка Женя или Сорвалась!: Комедия в 2-х д.,"ТРОФИМОВ, Николай Васильевич.",,,
1686,Институтская жизнь: Из прошлого. Повесть.,"МОЛЧАНОВА, Елизавета (ШВАРЦБАХ) (ШВАРЦБАХ-МОЛЧАНО-ВА, Елизавета Карловна).",,,
1687—1688,Инструктор горкома: Повесть.,"АНОШКИН, Михаил Петрович.",,,
1689,Инструктор Птахин: Рассказы.,"ШО-ШИН, Михаил Дмитриевич.",,,
1690,Инструмент: (Повесть).,"КУКОЛЬНИК, Нестор Васильевич.",,,
1691,Инсургент: Роман из эпохи Парижской Коммуны.,"ВАЛЛЕС, Жюль.",,,
1692—1693,Инсуху — маралья вода.,"КУЛИКОВ, Александр Павлович.",,,
1694,Интеграл: Повесть.,"ЛЕ, Иван.",,,
1695,Интеграл: [Поэма].,"ВОРОНОВ, Н.",,,
1696,Интеграл и вожжи: Рассказы и очерки.,"АЛЕКСАНДРОВ, Михаил Николаевич.",,,
1697,Интеллигентная профессия: Комедия в 3-х д.,"БИРЮКОВ, Михаил.",,,
1698,Интеллигентные босяки: Очерки и рассказы. (Из личных наблюдений).,"ПОЛЯ-ТУС, С. С.",,,
1699,Интеллигенты: Пьеса в 3-х д.,"ЛЕОН, Виктор.",,,
1700,Интеллигенты: Пьеса в 4-х д.,"СТОЙКИН, Андрей Иоасафович.",,,
1701,Интеллигенты: [Рассказ].,"АНДРЕЕВ, Николай.",,,
1702,Интеллигенты: Роман.,"СКОМО-РОВСКИЙ, Рафаил Соломонович.",,,
1703,"Интеллигенты и простачки: (Не сказка, а быль). [ 1 ] -2.",ФЮЛЛЕР.,,,
1704,Интеллигенция: Драма в 4-х д.,"СВЕНЦИЦКИЙ, Валентин Павлович.",,,
1705,Интендант революции: Повесть об Александре Цюрупе.,"КРАСИЛЬЩИКОВ, Владимир Ильич.",,,
1706,Интервенция: Пьеса в 4-х д.,"СЛАВИН, Лев Исаевич.",,,
1707,Интервью: Стихи.,"КИСЕЛЕВ, Иосиф Моисеевич.",,,
1708,Интервью влюбленных: Стихи.,"ПОЛИНИН, Дмитрий.",,,
1709,Интервью с дельфином.,"ЛЕВИН, Имануил Ильич.",,,
1710,Интервью с королем.,"ДАНЕЛИЯ, Борис Константинович.",,,
1711,Интервьюер: Пьеса.,"МИРБО, Октав.",,,
1712,Интересант или Вот тебе и проценты!: Комедия-водевиль в 1-м д.,"СВЕШНИКОВ, В.",,,
1713,Интересная больная: Шутка в 1-м д.,"ХОЛОСТОВ, В. (БИЛИБИН, Виктор Викторович) .",,,
1714,«Интересная девушка» и другие рассказы.,"ЗОЗУЛЯ, Ефим Давидович.",,,
1715,Интересное испытание: Этюд.,"ЗАЙФЕРТ, Е.",,,
1716,Интересное путешествие.,"КРИВОНОСОВА, Зоя Артемьевна.",,,
1717,Интересное свидание: Шутка в 1-м д.,"МАЛАШКИНА, Ольга Николаевна.",,,
1718,Интересные приключения 12-летнего героя Антонио Маскаро во время крестьянского восстания на Маллорке.,"ВИТФО-ГЕЛЬ, Карл Август.",,,
1719,Интересные проделки или Невеста двух женихов: Комедия в 5-ти д. в стихах.,Г. Г.,,,
1720,Интересные современники; Любопытная старина: Исторические и литературные этюды.,"ЗАДОНСКИЙ, Николай Алексеевич.",,,
1721,Интересный малый.,"МАРЕК, Иржи.",,,
1722,Интермедия или Деревенский дворянин в столице: Комедия в 5-ти д.,"КОЦЕБУ, Август Фридрих.",,,
1723,Интермеццо: Комедия в 3-х д.,"ШНИЦЛЕР, Артур.",,,
1724,Интернационал.,"ПОТЬЕ, Эжен.",,,
1725,Интернациональная Венера: Роман.,"МАК ОРЛАН, Пьер.",,,
1726,Интерпретаторы: Роман.,"ШОИНКА, Воле.",,,
1727,Интимная лирика.,"ЕВТУШЕНКО, Евгений Александрович.",,,
1728,Интимная свирель: Сборник стихов.,"ТАВРИДОВ, В. (ЗБОРОВСКИЙ, В.).",,,
1729,Интимное послание к друзьям (в стихах).,"МОЛОСТОВСКИЙ, Мартын (ЧЕРНОВ, Мартын Григорьевич).",,,
1730,Интимные страницы.,"СЕВЕРОВА, Н. Б. (НОРДМАН-СЕВЕРОВА, Наталья Борисовна).",,,
1731,Интимный вечер искусства.,"ПРЕС-БЕР, Рудольф. ",,Суд над шуткой...,
1732,Интрига чрез письма: Комедия в 5-ти д.,ФАБР ,,,
1733,Интриги министров короля польского Августа Второго: Исторический роман.,"КРАШЕВСКИЙ, И. (КРАШЕВСКИЙ, Юзеф Игнацы).",,,
1734,Интуитивные краски: Немного стихов.,"СЕВЕРЯНИН, Игорь.",,,
1735,Инута.,"ЛИХАЧЕВА, Зинаида Алексеевна.",,,
1736,Инфаркт: Пьеса в 3-х д.,"ЛИЙВЕС, Арди Ээрович.",,,
1737,Инфлуэнца виновата: Шутка в 1-м д.,"КАРПИНСКАЯ, Вера.",,,
1737а,И.Н.Ц.И.: Благая весть грешника.,"РОЗЕГГЕР, Петер.",,,
1738,Иные: Книга рассказов.,"ПОЛУЯНОВ, Павел Александрович.",,,
1739,Иные времена: [Рассказ].,"ЭРТЛЬ, Эмиль. ",,Сальто-мортале...,
1740,Иные времена: [Рассказы].,"МЕДЖИД, Г.",,,
1741,Иные времена: [Рассказы].,"ТОБО-ЛЯКОВ, Владимир Николаевич.",,,
1742,Иные времена:   Стихотворения.,ИРЧИ КАЗАК.,,,
1743,Иные глаза: Рассказы.,"АЛЕКСЕЕВ, Глеб Васильевич.",,,
1744,Иные песни: Повести. Рассказы.,"МИНЧКОВСКИЙ, Аркадий Миронович.",,,
1745,Иным путем: Рассказ.,"ЕРШОВА, Мария Григорьевна.",,,
1746,Иньва весенняя: Стихи и поэмы.,"КАРАВАЕВ, Степан Иванович.",,,
1747,Иоаким и Анна: (В стихах).,"СОКОЛОВ, Павел Захарович.",,,
1748,Иоанн: Трагедия в 5-ти д.,"ЗУДЕР-МАН, Герман.",,,
1749,Иоанн воин: Рассказ из времен первых христиан.,"НЕКРАСОВА, Екатерина Степановна.",,,
1750,Иоанн Грозный и Стефан Баторий: Исторический роман.,Ч. ,,,
1751,Иоанн Дамаскин: Выдержки из поэмы.,"ТОЛСТОЙ, Алексей Константинович.",,,
1752,"Иоанн или Взятие Казани: Трагедия в 5-ти д., в прозе.","РЫБУШКИН, Михаил Самсонович.",,,
1753,Иоанн Креститель: Стихотворения.,"УШАКОВ, Алексей Дмитриевич.",,,
1754,Иоанн Рыдалец: Рассказы и стихи. 1912—1913 гг.,"БУНИН, Иван Алексеевич.",,,
1755,Иоанн III и Софья Палеолог: Драма-опера в 4-х д. с эпилогом.,"ФЕДОРОВ, Александр Федорович.",,,
1756,"Иоанн III, собиратель земли русской: Исторический роман.","КУКОЛЬНИК, Нестор Васильевич.",,,
1757,Иоанн IV Васильевич II: Драматиче- ская хроника в 3-х ч.,"ПРОТОПОПОВ, Ф. Ф.",,,
1758,Иоанн Фауст или Чернокнижник: Трагедия в 5-ти д. в стихах.,"КЛИНГЕ-МАН, Август (КЛИНГЕМАНН, Август). ",,,
1759,"Иоанн Хейлинг, четвертый и последний владелец земных, воздушных, огненных и водяных духов: Повесть X века. Ч. 1—6.","ШПИС, Христиан Генрих.",,,
1760,Иоанна Безумная: [Рассказ].,"ВАССЕРМАН, Якоб.",,,
1761,Иоанна Безумная: Драма в 5-ти д.,"ТОМАЙО, Мануэль (ТАМАЙО-И-БАУС, Мануэль).",,,
1761а,Иоанна Грей: Английская повесть.,Имя авт. не установлено. ,"Жан Грей, аглин-ский анекдот; * Жанна Гре.",,
1762,"Иоанна Грей, королева английская, павшая под секирой палача: Роман исторический XVI в. Ч. 1—4.","БРОТТ, А. (БРО, Альфонс).",,,
1763,Иоанна д'Арк: Драматическая хроника в 6-ти сценах с эпилогом.,"ШОУ, Бернард.",,,
1764,Иоанна д'Арк: Историческая хроника.,"ДЕМЕНТЬЕВА, Наталия Михайловна.",,,
1765,Иоанна д'Арк: (Орлеанская дева).,"ЛАМАРТИН, Альфонс.",,,
1766,Иоанна д'Арк: Фантазия на современные темы.,"Ш-В, А. (ШЕВЕЛЕВ, Александр Арсеньевич).",,,
1767,Иоанна Французская: Историческая повесть. Ч. 1-2.,"ЖАНЛИС, Стефани Фелисите.",,,
1768,Иоасаф царевич: Христианская повесть.,"ПОСЕЛЯНИН, Е. (ПОГОЖЕВ, Евгений Николаевич).",,,
1769,Иов: Свободное подражание священной книге Иова.,"ГЛИНКА, Федор Николаевич.",,,
1770,Иоганн Гутенберг: Поэма.,"ДАНЬКО, Елена Яковлевна.",,,
1771,Иоганн Швабский: Драма в 5-ти д.,"ХАШКЕС, Матвей Яковлевич.",,,
1772,Иоганна: Пьеса в 3-х д.,"БЬЕРНСОН, Бьерн (БЬЕРНСОН, Бьернстерне).",,,
1773,"Иоганна Прекрасная: Волшебная мелодрама из провансальских нравов XIV столетия, в 3-х д. (С музыкой, пением, танцами, турниром и финальным апофеозом).","АНДРЕЕВ, Александр Николаевич.",,,
1774,Иодуте.,"ЛОБЗИЕН, Вильгельм.",,,
1775,Йозеф: [Рассказ].,"РОДА-РОДА, Александр. ",,Это портит характер...,
1776,Йозеф Мысливечек.,"ШАГИНЯП, Мариэтта Сергеевна.",,,
1777,Йозеф Шаурман: (История одной мухи).,"СТАМАТИ, Константин Константинович (СТАМАТИ-ЧУРЯ, Константин Константинович) .",,,
1778,Иоканьга: [В каторжной тюрьме при белом правительстве в 1919      г.].,"УРЖУМСКИЙ, Петр.",,,
1779,Иокаста и Тощий кот.,"ФРАНС, А. ",,,
1780,Иола: Драма в 4-х д.,"ЖУЛАВ-СКИЙ, Юрий (ЖУЛАВСКИЙ, Ежи).",,,
1781,Иоланта: Дочь короля Рене. Лирическая драма в 1-м д.,"ГЕРТЦ, Хенрих (ГЕРЦ, Хенрик). ",Дочь короля Рене. (Иоланта).,,
1782,Ион; Медея; Орест: Трагедии.,ЕВРИПИД.,,,
1783,Ион: [Роман].,"РЕБРЯНУ, Ливиу.",,,
1784,Ион — Воевода Лютый.,"ХЫШДЕУ, Богдан Петричейку.",,,
1785,Иона и Манана.,"КУТАТЕЛИ, Александр.",,,
1786,Иона и украденный принц или Каждому по делам его: Рассказ.,"НИРИЦ (НИРИТЦ, Густав).",,,
1787,Ионыч: (Из давно минувшего).,"НЕФЕДОВ, Филипп Диомидович.",,,
1788,"Ионыч: [Рассказ], Вишневый сад.","ЧЕХОВ, Антон Павлович.",,,
1789,Иорик: Драма в 4-х д.,"ТОМАХО-И-БАУС (ТАМАЙО-И-БАУС, Мануэль). ",Новая драма: (Бедный Иорик).,,
1790,Иосиф: Драматический рассказ в 3-х д.,"МАМОНТОВ, Савва Иванович.",,,
1790а,Иосиф: Поэма в 9-ти песнях. Т. 1—2.,"БИТОБЕ, Поль Жереми.",,,
1791,Иосиф: [Рассказ].,ШОЛОМ-АЛЕЙ-ХЕМ.,,,
1792,Иосиф в Египте: Исторический рассказ.,"БОРЗАКОВСКИЙ, Д. А.",,,
1793,Иосиф в снегу: Роман.,"АУЭРБАХ, Бертольд.",,,
1794,"Иосиф, верный раб и добрый христианин: Истинная повесть.",Имя авт. не установлено.,,,
1795,Иосиф и его братья.,"МАНН, Томас.",,,
1796,Иосиф Лагиашвили: Роман.,"ХАХУ-ТАШВИЛИ, Анна Антоновна.",,,
1797,Иосиф Лернер: Роман.,"ЗИНГЕР, Исроэль.",,,
1798,Иосиф Метцль: (Посмертные записки).,"ИНОЗЕМЦЕВА, Анна Андреевна.",,,
1799,Иосиф прекрасный.,"ЖУКОВСКИЙ, Василий Андреевич.",,,
1800,"Иосиф, узнанный братьями своими: Драма в 2-х д.","ЖАНЛИС, Стефани Фе-лисите.",,,
1801,Иосиф-Фантазер: (Мечтатели и фантазеры гетто).,"ЗАНГВИЛЛЬ, Израэль (ЗАНГВИЛЬ, Израэль).",,,
1802,Иоськеле Лейбович.,"РОДА-РОДА, Александр. ",,Честный человек...,
1803,Иосэлэ Соловей: Роман.,ШОЛОМ-АЛЕЙХЕМ.,,,
1804,Ипатия или Новые враги под старой личиной: Роман.,"КИНГСЛИ, Чарльз.",,,
1805,Ипатова релка.,"УРМАНОВ, Конд-ратий Никифорович.",,,
1806,Ипермнестра: Трагедия в 5-ти д. В стихах. Подражание [трагедии А.-М. Лемьера «Hipermnestre»].,"ВИСКОВАТОВ, Степан Иванович.",,,
1807,Ипподромная окрошка: Рассказы и стихотворения.,"СЕГОН, Дмитрий.",,,
1808,Ипполит: Трагедия.,ЕВРИПИД.,,,
1809,Ипполит-мамаша: Курьезное приключение в 1-м д.,"ПЕЧОРИН-ЦАНДЕР, Лев Львович (ЦАНДЕР, Лев Львович).",,,
1810,Ипохондрик: Комедия в 4-х д.,"ПИСЕМСКИЙ, Алексей Феофилактович.",,,
1811,Иприт: Роман. Вып. 1—9.,"ИВАНОВ, Всеволод Вячеславович.",,,
1812,Ипсибое: Исторический роман.,Ч. ,,,
1813,Ипсилон — Майтер.,"ШЕНЕ, Герман. ",,Рандольф независимый...,
1814—1815,ИПЦ: Приключенческая повесть.,"ПЕРОВ, Юрий Федорович.",,,
1816,"Ираклиды или Спасенные Афины: Трагедия в 5-ти д., в стихах. Подражание Еврипиду.","ГРУЗИНЦОВ, Александр Николаевич.",,,
1817,"Иран, 1910—1935.","ЛАХУТИ, Аболь-гасем Ахмед-заде.",,,
1818,Иран-Хараб: Поэма и стихи.,"МИ-ТАРОВ, Муталиб Митарович.",,,
1819,Ираф: Сочинения.,"МАЛИЕВ, Георгий Гадоевич.",,,
1820,Иргиз: Роман.,"ДАВЛЕТШИНА, Ха-дия Лутфулловна.",,,
1821,NOPARSE,,,,
1822,Ирена Мерриам: Роман.,"ЛОКК, Уильям Джон.",,,
1823,Иресиона: Аттические сказки. I—IV.,"ЗЕЛИНСКИЙ, Фаддей Францевич.",,,
1824,Иржи Шматлан: Роман.,"НОВАКО-ВА, Тереза.",,,
1825,Иридион.,"КРАСИНСКИЙ, Сигиз-мунд (КРАСИНЬСКИЙ, Зыгмунт).",,,
1826,Ирина: Рассказ.,"ГОНЧАРОВ, Юрий Данилович.",,,
1827,Ирина: Рассказ.,"СИТНИКОВ, Владимир Арсентьевич.",,,
1828,Ирина: Рассказы.,"ЛЕВАКОВСКАЯ, Евгения Владимировна.",,,
1829,Ирина: Роман.,"БОРОВИКОВ, Григорий Федорович.",,,
1830,Ирина Годунова.,"МИТРОФАНОВ, Александр Георгиевич.",,,
1831,Ирина-Сибирячка: Повесть.,"ФИЛИМОНОВ, Михаил Алексеевич.",,,
1832,Ирина Тухарели: Повесть.,"КЛДИ-АШВИЛИ, Серго Давидович.",,,
1833,Иринарх Плутархов: Роман.,"ЯСИНСКИЙ, Иероним Иеронимович.",,,
1834,Иринка: Драма в 4-х актах.,"ЧОР-НЫ, Кузьма (ЧОРНЫЙ, Кузьма).",,,
1835,Иринка: [Рассказы и пьеса].,"АГЛАД-ЗЕ, Анна.",,,
1836,Иринкина уха.,"ПАСЬКО, Семен Данилович.",,,
1837,Иринкино счастье: Повесть.,"АВЕРЬЯНОВА, Е. А.",,,
1838,Ириновская община: Комедия в 4-х д.,"СУМБАТОВ, Александр Иванович.",,,
1839,Ирис: Драма в 5-ти д.,"ПИНЕРО, Артур Уинг.",,,
1840,Ирисы.,"ВИТМАН, Ирина.",,,
1841,Ирисы в траве.,"МИЛЮТИНА, Ксения Борисовна.",,,
1842,Иришка-пулеметчица.,"КУЗНЕЦОВА, Агния.",,,
1843,Ирка: Повесть.,"ЛАТЬЕВА, Лидия Васильевна.",,,
1844,Иркина трагедия: Рассказы и повесть.,"ШАТРИЕС, Рагана.",,,
1845,Иркут: Стихи для детей.,"ХИЛТУ-ХИН, Данри Данилович.",,,
1846,Иркутская история.,"АРБУЗОВ, Алексей Николаевич.",,,
1847,Ирландские огни.,"ЛЕБЕДЕВ, Дмитрий Алексеевич.",,,
1848,Ирма или Приключения несчаст- ной сироты: Индейская повесть. Ч. 1—6.,"МЕРЕ, Элизабет Генар.",,,
1849,Ирмониада: (Весенняя симфония).,"ЛЯМИ (МАЛЬКО, Николай Андреевич).",,,
1850,Ирод: Драматический этюд в 1-м д.,"ГАЙ-САГАЙДАЧНАЯ, Екатерина.",,,
1851,Ирод: Исторический роман.,"МОРДОВЦЕВ, Даниил Лукич.",,,
1852,Ирод: [Поэма].,"ВАЯНСКИЙ, Све-тозар (ГУРБАН-ВАЯНСКИЙ, Светозар).",,,
1853,Ирод: Святочный рассказ.,"НЕМИРОВИЧ-ДАНЧЕНКО, Василий Иванович.",,,
1854,"Ирод Великий, царь Иудейский: Исторические сцены в 5-ти д.","ЗАЙДЕЛЬ, Лев Давидович.",,,
1855,Ирод и Мариамна: Трагедия в 5-ти д.,"ДЕРЖАВИН, Гавриил Романович.",,,
1856,Иродиада: Сказание о св. Юлиане-Милостивом; Простая душа.,"ФЛОБЕР, Гюстав. ",,,
1857,Ироды: Из записной книжки моего приятеля.,"М-В, П.",,,
1858,Ирониада: Лирика.,"КРУЧЕНЫХ, Алексей Елисеевич.",,,
1859,Иронические строки.,"МАТВЕЕВ, Владимир Федорович.",,,
1860,"Иронические юморески: Издание наукообразное с предисловием, послесловием, автокомментариями и комментариями к комментариям.","НОСОВ, Николай Николаевич.",,,
1861,Иронический сад.,"ТАРЛОВСКИЙ, Марк Ариевич.",,,
1862,Ирония жизни: Рассказы.,"СРОКОВ-СКИЙ, Мечислав.",,,
1863,Ирония судьбы: (Кредит смерти). Пьеса в 4-х д.,"КИРЕЕВ-ГАТЧИНСКИЙ, А. А.",,,
1864,Ирония судьбы: Сатирические рассказы.,"СОСОВ, Макар Будаевич.",,,
1865,Иртыш: Стихи. Поэма.,"ЧИСТЯКОВ, Михаил Иванович.",,,
1866,Иртыш впадает в океан: Роман.,"ТОКТАРОВ, Рамазан.",,,
1867,"Иртыш и Нева: Двенадцать лет из жизни Федора Достоевского, литератора.","КОСЕНКО, Павел Петрович.",,,
1868,Иртыш сливается с Волгой: Стихи.,"АЛТАЕВ, Азат.",,,
1869,Иртышские подсолнушки: Рассказы.,"СТАРКОВ, Виталий Васильевич.",,,
1870,Исаакий Далматский: Комедия в 1-м д.; Накипь: Пьеса в 3-х д.,"ЛУКАШИН, Илья Денисович.",,,
1871,Исаевна.,"КОВАЛЕНСКАЯ, Александра Григорьевна.",,,
1872,Исай: Сказка.,"ПОЛУШИН, Николай Абрамович.",,,
1873,"Исай, эфиопский царь: Сказка.","ПОЛУШИН, Николай Абрамович. ",Исай.,,
1874,Исайка: Рассказ.,"СТАНЮКОВИЧ, Константин Михайлович.",,,
1875,Исатай Махамбет: Историческая поэма.,"ШОРЕКОВ, Игилман.",,,
1876,Искаженный бог: Изгнание и возвращение. Роман.,"ВЕЛИЧКО, Василий Арсеньевич.",,,
1877,Исказительницы: Юмористические рассказы.,"ПЕЧЕНКИН, Владимир Константинович.",,,
1878,"Искали небо — детьми, нашли его— взрослыми: Рассказ для детей и взрослых.",Имя авт. не установлено.,,,
1879,Искандер Зулькарнайн: Сказка.,"ШЕЙХЗАДЕ, Максуд.",,,
1880,Искандер Намэ: Поэма.,"КУСИКОВ, Александр.",,,
1881,Искания: Книжка стихов.,"ЗАГОРСКИЙ, Евгений (ЗАВИЛОВСКИЙ, Евгений Михайлович).",,,
1882,Искания: Сборник.,"НОВИКОВ, Иван Алексеевич.",,,
1883,Искания: Стихи. Кн. 1-я.,"КАРЯКИН, Иосиф.",,,
1884,"Искания: Стихотворения и поэмы, 1923—1965.","КИРСАНОВ, Семен Исаакович.",,,
1885,Искания духа: Лиремы и диссоны.,"ЧЕРКАСОВ, Николай.",,,
1886,Искания рая.,"БОДЛЭР, Шарль (БОДЛЕР, Шарль).",,,
1887,Исканья: (Третья книга стихов).,"ПИНЧУК, Натан Хивович.",,,
1888,Искариот: Драма.,"ГОЛОВАНОВ, Н. Н.",,,
1889,Искатели: Повесть.,"КОЖЕВНИКОВ, Алексей Венедиктович.",,,
1890,Искатели: Повесть.,"РОЗАНОВ, Сергей Константинович.",,,
1891,Искатели: Рассказы о Севере.,"КА-РАЛИНА, Елена.",,,
1892,Искатели: Роман.,"ГРАНИН, Даниил.",,,
1893,Искатели: Роман.,"ЛИДИН, Владимир Германович.",,,
1894,Искатели: Роман.,УИАРАГО.,,,
1895,Искатели: Стихи.,"ТИТОВ, Константин Маркович.",,,
1896,Искатели: (Тайны голубых гор).,"МАЛЫШЕВ, Алексей Александрович.",,,
1897,Искатели алмазов: Повесть.,"ЯКУТСКИЙ, Николай.",,,
1898,Искатели затонувших якорей: Рассказы и повести.,"АБДАШЕВ, Юрий Николаевич.",,,
1899,Искатели золота: [Роман].,"АМП, Пьер.",,,
1900,Искатели золота: Роман.,"БРЕТ-ГАРТ, Фрэнсис.",,,
1901,Искатели золота: [Роман].,"ЛОРИ, Андре (ГРУССЕ, Паскаль).",,,
1902,Искатели золота и охотники в луговых степях: Путевые воспоминания выходца из Калифорнии. В 3-х ч.,"ДЮМА, Александр (отец). ","Калифорния или Год, проведенный одним эмигрантом на берегах Сан-Иокама и Сакраменто; Калифорния: Год на берегах св. Иоакима и Сакраменто. Путевые впечатления.",,
1903,Искатели истины.,"ШПАНОВ, Николай Николаевич.",,,
1904,Искатели каучука: (Приключения в Бразилии). Роман.,"ЭЛЛИС, Эдвард Сильвестр.",,,
1905,Искатели клада: Сцены из деревенской жизни.,"СЕРГЕЕНКО, Петр Алексеевич.",,,
1906,Искатели мозолей: Повесть о делах и приключениях красноборских ребят.,"ГРЯЗНОВ, Иннокентий Петрович.",,,
1907,Искатели приключений.,"АНДРЕЕВ, Кирилл Константинович.",,,
1908,Искатели сбитых самолетов: Повесть.,"БОГДАНОВ, Николай Владимирович. ",,Партия свободных ребят...,
1909,Искатели сокровищ.,"ОСИПОВ, Иосиф Зиновьевич.",,,
1910,Искатели счастья: Драматическая пьеса в 4-х д.,"ГЕЛИЕР-Э-ВАНГ (КОЖУХОВСКИЙ, Николай Иванович).",,,
1911,Искатели счастья: Повесть.,"ПАЗУ-ХИН, Алексей Михайлович.",,,
1912,Искатели счастья: Пьеса в 4-х д.,"РОЗЕНШИЛЬД-ПАУЛИН, В. А.",,,
1913,Искатели счастья: Шутка.,"МАКАРЬЕВА, Людмила Семеновна.",,,
1914,Искатели янтаря: Сборник рассказов.,"СВИРСКИЙ, Алексей Иванович.",,,
1915,Искатель истины: Документальная повесть.,"ТХОРЖЕВСКИЙ, Сергей Сергеевич.",,,
1916,Искатель невест по сердцу или Свахины предложения.,"ОРЛОВ, Александр Анфимович.",,,
1917,Искатель новых впечатлений: Повесть.,ЮРЬИН,,,
1918,Искатель правды Альбрехт Дюрер: Би графическая повесть.,"ПЕТРОВ-ДУБРОВСКИЙ, Алексей Архипович.",,,
1919,Искатель приключений: Рассказы.,"ГРИН, Александр.",,,
1920,Искатель приключений:   Роман.,"САНДО, Жюль.",,,
1921,Искатель сильных ощущений.,"КАМЕНСКИЙ, Павел Павлович.",,,
1922,"Искатель сильных ощущений или Деньги, слава и женщины: Разнохарактерный водевиль в 4-х д.","АНДРЕЕВ, Александр Николаевич.",,,
1923,Искатель следов: Роман.,ЭМАР,,,
1924,Искатель счастья: Поэма.,"ВЕЩИЙ БАЯН (КОРЖЕНЕВСКИЙ, Борис).",,,
1925,Искатель утраченного тысячелетия: Фантастическая повесть.,"БРАГИН, Владимир Григорьевич.",,,
1926,Искательница приключений.,"ВЕБЕР, Пьер.",,,
1927,Искать!: (Из блокнота журналиста).,"ВИННИЧЕНКО, Иван Федорович.",,,
1928,"Искать, всегда искать!: Повесть.","СЕРГЕЕВ-ЦЕНСКИЙ, Сергей Николаевич.",,,
1929,Искандер-намэ.,НИЗАМИ ГЯНД-ЖЕВИ.,,,
1930,Исключение из правила: Неправдоподобный рассказ.,"БАРОН ТАРНЕГОЛЬ (ГОЛЬДЕНБЕРГ, Никодим Адольфович).",,,
1931,Исключительный шанс: Пьеса в 2-х д.,"ГЕОРГИЕВ, Кольо.",,,
1932,Искорка: Комедия в 1-м д.,"ПАЛЬЕ-РОН, Эдуард Жюль Анри.",,,
1933,Искорка: Повести и рассказы.,"ИХСАНОВА, Лябиба Фаизовна.",,,
1934,Искорка: Рассказ из приютской жизни маленькой девочки.,"АЛЕКСЕЕВА, Ольга Петровна.",,,
1935,Искорка: [Рассказ].,"МЕЛЬШИН, Л. (ЯКУБОВИЧ, Петр Филиппович).",,,
1936,Искорка: Рассказы о В. И. Ленине.,ВИНОГРАДСКАЯ С,,,
1937,Искорка: Стихи.,"АВДОНИН, Александр Николаевич.",,,
1938,Искорка России: Лирика.,"БУХАНОВ, Виталий Степанович.",,,
1939,Искорки: [Сборник стихотворений].,М. Л.,,,
1940,Искорки: [Миниатюры].,"ЭВАЛЬД, Карл.",,,
1941,Искорки: Поэмы и стихотворения.,"МАРСКИЙ, А. П.",,,
1942,Искорки: Рассказы.,"ИНДРАНЕ, Ильза (ИНДРАНЕ, Илзе).",,,
1943,Искорки: Рассказы и сказки.,"ЧЕРСКИЙ, Леонид Федорович.",,,
1944,Искорки: Сборник стихотворений.,"ГЛЕБОВ, Модест В.",,,
1945,Искорки: Стихотворения.,"СВЯТ-СКИЙ, Никтополион Павлович.",,,
1946,Искорки: [Стихотворения].,"ТАЦЫ-НА, Лидия.",,,
1947,Искорки: Стихотворения.,"ЧЕМИСОВ, Леонтий Гаврилович.",,,
1948,Искорки: Юмористические и сатирические стихотворения.,"ПОЛИНОВСКИЙ, Михаил Б.",,,
1949,"Искорки: Юмористические и сатирические стихотворения, очерки и сцены.","АТОМ (ЯСТРЕБСКИЙ, Александр Васильевич) .",,,
1950,Искорки войны.,"РОШЕФОР, Николай Николаевич де.",,,
1951,"Искорки и блестки: Повести, очерки и рассказы.","Л-Ъ, К. А. (ВАЛЯЙ-ПРЯ-МО).",,,
1952,Искорки идеализма.,"САВИЦКАЯ, В.",,,
1953,Искорки юмора: (Стихотворения).,"ВАСЮТИН, Матвей.",,,
1954,Искра: Поэма и стихи.,"НИГМАТИ, Рашит.",,,
1955,Искра: Рассказы.,"ЛЯШКО, Николай.",,,
1956,Искра: [Стихи].,"ГАНЬШИН, Сергей Евсеевич.",,,
1957,Искра божия: Из жизни Н. С. Соханской (Кохановской).,"ВАЛУЕВА-МУНТ, Анна Петровна.",,,
1958,Искра божия: Повесть.,"ЛУКАШЕВИЧ, Клавдия.",,,
1959,Искра божия: Рассказ.,"ДОБРОНРАВОВ, Николай Евгеньевич. ",,Дар божий...,
1960,Искра божия: Рассказ.,"ЗЛАТОВРАТ-СКИЙ, Николай Николаевич.",,,
1961,Искра божия: Рассказ.,"СВИРСКИЙ, Алексей Иванович.",,,
1962,Искра божия: Повесть.,"САЛИАС, Е. А. (САЛИАС де ТУРНЕМИР, Евгений Андреевич).",,,
1963,Искра в колесе: Фельетоны.,"ДУ-ДОЧКИН, Петр Петрович.",,,
1964,Искра жизни: Повесть.,"КАБДУЛОВ, Зейнулла Кабдулович.",,,
1965,Искра жизни: Рассказ.,"ЛОНДОН, Джек. ",Любовь к жизни.,,
1966,Искра любви: [Рассказ].,"ДАНИЛИН, Иван Андреевич.",,,
1967,Искра любви: Роман; Чабаны: Три рассказа.,"РАДИЧ, Василий Андреевич.",,,
1968,Искренние песни: Стихотворения.,"БЕЛОУСОВ, Иван Алексеевич.",,,
1969,Искренний разговор: Стихи и поэма.,"ВЫЛЕГЖАНИН, Илья Михайлович.",,,
1970,Искренний сердца родник.,"МУХА-ЧЕВ, Илья Андреевич.",,,
1971,Искренность: Стихи.,"ХАЛДЕЕВ, Александр Васильевич",,,
1972,Искренность: Стихи.,"ЧАСОВНИКОВ, Александр Михайлович.",,,
1973,Искры: Драма в 5-ти д.,"ГИЗЗАТ, Таджи.",,,
1974,Искры: Очерки и рассказы.,"НЕДОЛИН, Алексей.",,,
1975,Искры: Поэтические афоризмы и миниатюры.,"ТАГОР, Рабиндранат.",,,
1976,Искры: [Рассказы].,"ОЖЕШКО, Элиза.",,,
1977,Искры: Рассказы.,"ОРЛОВЕЦ, П.",,,
1978,Искры: Рассказы.,"ТОЛСТОЙ, Алексей Николаевич.",,,
1979,Искры: [Роман].,РАФФИ.,,,
1980,Искры: Роман.,"СОКОЛОВ, Михаил Дмитриевич.",,,
1981,Искры: Стихи.,"ИВАНОВ, Игорь Ann ",,,
1982,Искры: Стихи. Ч. I.,"НИКИТИН, Александр.",,,
1983,Искры: [Стихи и переводы].,"ГОЛЬ-ДЕРНЕСС, Эдуард Робертович.",,,
1984,Искры: Стихотворения.,"ЛИХАРЕВ, Николай Пафнутьевич.",,,
1985,Искры американского юмора: Очерки и рассказы.,"ТВЭН, Марк (ТВЕН, Марк).",,,
1986,Искры божьи: Биографические очерки. В 2-х ч.,"ОСТРОВИНСКАЯ, Анна Орестовна.",,,
1987,Искры в ночи: Роман.,"САКСЕ, Анна Оттовна.",,,
1988,Искры в пепле: Роман.,"АРАБЕЙ, Лидия Львовна.",,,
1989,Искры в тумане: Рассказы. Т. I.,"МУРАШЕВ, Петр Васильевич.",,,
1990,Искры во мгле.,"УЗЕ, Бодо.",,,
1991,Искры затона: Избранные стихи.,"КАЛАШНИКОВ, Петр Иванович.",,,
1992,Искры и пламя: Драма в 4-х д.,"ДАУМАНТ, Ю.",,,
1993,Искры и пламя: Рассказы.,"СТАРЦЕВ, В. С.",,,
1994,Искры из камня: [Рассказы].,"НИКИТИН, Петр Аркадьевич.",,,
1995,Искры из камня: Стихи.,"АМИНОВ, Магомед-Загид Амиршейхович.",,,
1996,Искры из камня: Стихи и поэма.,"ТЯПАЕВ, Анатолий Прохорович.",,,
1997,Искры мгновенные.,"ГУРВИЧ, Георгий.",,,
1998,Искры мигают звездам:     Стихи.,"АТАДЖАНОВ, Ата.",,,
1999,Искры на ветру: Лирическая хроника современника.,"ЧЕРНЫЙ-ДИДЕНКО, Юрий.",,,
2000,Искры не гаснут: Повесть.,"БОДРЕН-КОВ, Иван Михайлович.",,,
2001,Искры не гаснут: Повесть.,"ЯЩЕНКО, Николай Тихонович.",,,
2002,Искры огня.,"ВАЛЯЕВ, Николай Иванович.",,,
2003,Искры Октября:    Документально- художественная повесть.,"ЖУРАВЛЕВ, Федор Андреевич, ЖУРАВЛЕВА, Зоя Ивановна.",,,
2004,Искры под пеплом: Повесть.,"ДУГИ-НЕЦ, Андрей Максимович.",,,
2005,Искры под пеплом:      Рассказы.,ЯШПАЛ.,,,
2006,Искры рассвета: Сборник стихотворений.,"ВЕЧНЫЙ МИША (БЕШЕНОВ, Михаил).",,,
2006а,Искры с «Очакова»: Повесть.,"ОРЛОВСКИЙ, Борис Александрович.",,,
2007,Искры свободного чувства: Стихотворения.,"МЯТЛЕВА, Татьяна Петровна.",,,
2008,"Искры сердца: Новеллы, рассказы, миниатюры.","БУКОВ, Емилиан Несторович.",,,
2009,"«Искры смеха» веселые и пикантные: Рассказы, куплеты, картинки с натуры, сценки, стихотворения, пародии, афоризмы и парадоксы.","ОНСЕВЭД (СНО, Евгений Эдуардович).",,,
2010,Искры юмора: Монологи. Куплеты. Мозаика. Песенки-частушки. Злобы дня.,"ВРОНСКИЙ, Сергей.",,,
2011,Искупительница: Рассказ.,"ФЕЛЬДМАН, Григорий Я.",,,
2012,Искупление: (Беспокойный человек). Драма в 2-х ч.,"КАЙТОВ, Сергей Тимофеевич.",,,
2013,Искупление?: Бытовая картинка в стихах.,Имя авт. не установлено.,,,
2013а,Искупление: Драма в 4-х д.,"АЛЕКСАНДРОВ, Владимир Александрович.",,,
2014,Искупление: Драма в 5-ти д.,"ГАД-МЕР, Елизавета (ГОЛОВА, Елизавета Саввишна).",,,
2015,Искупление: Книга признаний.,"ЖИГУЛЬСКИЙ, Николай.",,,
2016,Искупление: Повесть.,"РЕГИШЕВ-СКИЙ, Г. А. ",,Грех и наказание...,
2017,Искупление: Повесть из еврейской жизни.,"ЛИТВИН, С. К. (ЭФРОН, Савелий Константинович).",,,
2018,Искупление: Правдивая история одного семейства.,"ОМПТЕДА, Георг фон.",,,
2019,Искупление: Пьеса.,"ЛЕКАИ, Иоганн (ЛЕКАИ, Янош).",,,
2020,Искупление: (Пьеса в 4-х д.).,"ПОТАПЕНКО, Игнатий Николаевич.",,,
2021,Искупление: Рассказ.,"СПОЛЛ, Эдуард Август.",,,
2022,Искупление: Рассказ из боевой жизни на Дальнем Востоке.,Имя авт. не установлено.,,,
2023,"Искупление: Рассказ царского гвар-дейца-инвалида о том, как 9 января 1905 г. питерские рабочие к царю ходили.","БЕДНЫЙ, Демьян.",,,
2024,Искупление: Рассказы.,"ТУРГЕНЕВ, Николай Александрович.",,,
2025,Искупление: Роман.,"БРЫКИН, Николай Александрович.",,,
2026,Искупление: Роман.         Т. 1-2.,"ЛЕВАЛЬД, Фанни.",,,
2027,Искупление: Роман.,С. Г.,,,
2028,Искупление: [Стихи].,НЕУДАВШИЙСЯ ПОЭТ.,,,
2029,Искупление: (Этюд).,"ВСЕВОЛОДСКАЯ, Ольга Владимировна.",,,
2029а,Искупление мужеством.,"ГОЛОВАНИВСКИЙ, Савва Евсеевич.",,,
2030,Искупленный грех: (Рассказ).,"РИ-БАС, М. И.",,,
2031,Искус: Новые стихи. I. Природа; II. Любовь; III. Труд.,"ГОФМАН, Виктор Викторович.",,,
2032,Искус: Стихи.,"КАНЫКИН, Аркадий Иванович.",,,
2033,Искуситель:    [Легенда в стихах].,"ЖАДОВСКАЯ, Елизавета А. ",,Отшельник...,
2034,Искуситель: Иллюстрированный роман из жизни червонных валетов в 3-х ч. с эпилогом.,"ЛИББАХ (БЕБЛИХ, Герман).",,,
2035,Искуситель:    Роман.,"ЗАГОСКИН, Михаил Николаевич.",,,
2036,Искусительница: Роман.,"БЛАСКО ИБАНЬЕС, Висенте.",,,
2037,Искусительница: [Роман].,"РОНИ, И. (РОНИ-младший).",,,
2038,Искусница.,"ОЛОФИНСКИЙ, Николай Александрович.",,,
2039,Искусный адвокат: Рассказ.,"КУПЧИ-НИНОВ [!], И. П. (КУПЧИНОВ, Иван Порфирьевич).",,,
2040,Искусство.,"КУПРИН, Александр Иванович.",,,
2041,Искусство брать взятки: Восточная сказка.,"СЕРЕБРЕНИКОВ, В.",,,
2042,"Искусство брать взятки: Рукопись, найденная в бумагах Тяжалкина, умершего титулярного советника.","ПЕРЦОВ,   Эраст Петрович.",,,
2043,Искусство быть любимым своею женою.,ГРАФ П,,,
2044,Искусство в изгнании.,"РОДЕНБАХ, Жорж.",,,
2045,Искусство  жить   на чужой  счет в Москве.,"ЕВСТИГНЕЕВ, Михаил Е.",,,
2046,Искусство засыпать.,"САФИР, Мориц Готлиб.",,,
2047,Искусство и труд.,"АМП, Пьер.",,,
2048,Искусство  избавляться от  гостей.,"БУХОВ, Аркадий Сергеевич. ",,Разговор о спорте...,
2049,Искусство интриги: Бертран и Ратон или Обезьяна и кот. Комедия в 5-ти актах.,"СКРИБ, Эжен.",,,
2050,Искусство комедии: Пьеса в 2-х д.,"ДЕ ФИЛИППО, Эдуардо.",,,
2051,Искусство любви: Поэма.,"ОВИДИЙ, Назон Публий. ",Наука любить.,,
2052,Искусство нравиться женщинам.,"ДЖЕРОМ, Джером Клапка.",,,
2053,Искусство особого рода.,"ПО, Эдгар Аллан. ",,Автобиография Тингэма Боба...,
2054,"Искусство пленить женское сердце, а при случае и богатую невесту: Советы в прозе и стихах.","КРАСОВСКИЙ, Николай Иванович.",,,
2055,Искусство полета: Стихи.,"КОВЫ-НЕВ, Борис Константинович.",,,
2056,Искусство трудящимся: Комедия в 1-м д.,"ЧИКАРЬКОВ, Александр Васильевич.",,,
2057,Искусство через одно «с».,"СУХАРЕВСКИЙ, Б. (ОРЛОВ, Виктор Венедиктович).",,,
2058,Искусство — это искусство...: Книга фельетонов.,"ЛИХОДЕЕВ, Леонид.",,,
2059,Искушение: Драматическая сказка в вольных стихах. В 4-х сценах.,"ЛУНАЧАРСКИЙ, Анатолий Васильевич.",,,
2060,Искушение: Исторический роман XVIII века. Из времен «Слова и дела».,"БЕЛЯЕВ, Иван Степанович.",,,
2061,Искушение: [Рассказ].,"КОРОЛЕНКО, Владимир Галактионович.",,,
2062,Искушение: [Рассказ].,"САПОЖНИКОВ, Владимир Константинович.",,,
2063,Искушение: (Рассказ).,"ЦИФРИНО-ВИЧ, А.",,,
2064,Искушение: Роман.,"ВАЙСКОПФ, Франц Карл. ",Лиеси.,,
2065,Искушение: Роман. Ч. 1—4.,ДАШ,,,
2066,Искушение: Стихотворение.,"СМУРОВ, Федор Филиппович.",,,
2067,Искушение: [Стихотворения].,Имя авт. не установлено.,,,
2068,Искушение; Утешение; Исполнение: Трилогия. (Современные поэмы).,"ДОВБИШ, Яков Николаевич.",,,
2069,Искушение Гарпины: Роман.,"МЯЛО, Иван Ильич.",,,
2070,Искушение пустынника.,"ФЛОБЕР, Гюстав. ",Искушение святого Антония.,,
2071,Искушение святого Антония.,"ФЛОБЕР, Гюстав.",,,
2072,"Ислам, Иван, Кучук.","ПАСЫНКОВ, Лев Павлович.",,,
2073,Исламей: Стихи.,"БЕРЕТАРЬ, Хамид Яхьевич.",,,
2074,Исламов.,"ЛЮФАНОВ, Евгений Дмитриевич.",,,
2075,Исландские рыбаки: Рассказ.,"БОЙ-ЗЕН, Л.",,,
2076,Исландский колокол: Роман.,"ЛАКС-НЕСС, Халлдор Кильян.",,,
2077,Исландский рыбак.,"ЛОТИ, Пьер. ",Жизнь исландских рыбаков; Рыбак.,,
2078,Исландский шпат: Рассказ.,"БУДИ-НОВ, Сергей.",,,
2079,Исмаэль: Роман.,"АСЕВЕДО ДИАС, Эдуардо.",,,
2080,Испания. Океан. Гавана. Мексика. Америка.,"МАЯКОВСКИЙ, Владимир Владимирович.",,,
2081,Испания: Путевые очерки.,"САЛИАС, Е. А. (САЛИАС де ТУРНЕМИР, Евгений Андреевич).",,,
2082,Испания: [Путевые очерки].,"ОРЕНБУРГ, Илья Григорьевич.",,,
2083,Испания: Стихи.,"ПЕТРОВСКИЙ, Дмитрий Васильевич.",,,
2084,Испания в сердце.,"НЕРУДА, Пабло.",,,
2085,Испания в сердце моем.,"КОРОТЕЕВ, Николай Иванович.",,,
2086,Испания идет в контратаку.,"СЕНДЕР, Рамон Хосе.",,,
2087,"Испания, Испания!","БЛОК, Жан Ришар.",,,
2088,Испания непобедима: Сборник рассказов.,"АРКОНАДА, Сесар Мария.",,,
2089,Испанка: Комедия в 1-м д.,Имя авт. не установлено.,,,
2090,Испанка: [Повесть].,"АБРАНТЕС, Лаура ",,,
2091,Испанка: [Роман].,"ПОНСОН ДЮ ТЕРРАЙЛЬ, Пьер Алексис де.",,,
2092,Испанская баллада: Роман.,"ФЕЙХТВАНГЕР, Лион.",,,
2093,Испанская весна.,"КОЛЬЦОВ, Михаил.",,,
2094,Испанская кровь: [Рассказы].,"ГОВИ, Жорж.",,,
2095,Испанская кровь: Фарс в 3-х д.,Имя авт. не установлено.,,,
2096,Испанская любовь: Шутка в 1-м д.,"ЩЕГЛОВ, Иван.",,,
2096а,«Испанская собака и пудель» [и др. рассказы].,Имя авт. не установлено.,,,
2097,Испанская хроника Григория Грандэ: Повесть-воспоминание.,"ВАСИЛЕВСКИЙ, Лев Петрович.",,,
2098,Испанские братья: Повесть из времен инквизиции в Испании.,"ОЛКОК, Дебора.",,,
2099,Испанские гранды.,"ПАРДО-БАСАН, Эмилия.",,,
2100,Испанские крестьяне: (Экстрема-дура). Стихи.,"АЛЬБЕРТИ, Рафаэль.",,,
2101,Испанские рассказы.,"РИШПЭН, Жан (РИШПЕН, Жан).",,,
2102,Испанские студенты: Роман.,ЛОРИ. ,,,
2103,Испанский дневник.,"КОЛЬЦОВ, Михаил.",,,
2104,Испанский закал:    Февраль-июль 1937.,"ОРЕНБУРГ, Илья Григорьевич.",,,
2105,Испанский священник: Комедия в 5-ти д.,"ФЛЕТЧЕР, Джон.",,,
2106,Испанское золото: Повесть.,"БИРМИНГЕМ, Джордж А.",,,
2107,Испанцы: Трагедия в 5-ти д.,"ЛЕРМОНТОВ, Михаил Юрьевич.",,,
2108,Испанцы в Перу или Смерть Роллы: Трагедия в 5-ти д.,"КОЦЕБУ, Август Фридрих. ",Смерть Роллы.,,
2109,Исповеди в пути: Стихи и поэмы.,"ГРИБАЧЕВ, Николай Матвеевич.",,,
2110,Исповедь.,"ПЕТРАРКА, Франческо. ",,Автобиография...,
2111,Исповедь.,"ТОЛСТОЙ, Лев Николаевич.",,,
2112,Исповедь: [Отрывки из поэмы].,"ЛЕБЕДЕВ, Виктор.",,,
2113,Исповедь: Повесть.,"ГОРЬКИЙ, Максим.",,,
2114,Исповедь: Повесть.,"ПОЛИНСКИЙ, Сергей Алексеевич.",,,
2115,Исповедь: Повесть.,"ПОПОВСКИЙ, Александр Данилович. ",,Обида...,
2116,Исповедь: [Повесть].,"ШИНСКИЙ, Н. (РЯБУШИНСКИЙ, Николай Павлович).",,,
2117,Исповедь; Прогулки одинокого мечтателя.,"РУССО, Жан-Жак.",,,
2118,Исповедь: Психологический этюд.,"ЛОВЕНЕЦКИЙ, Вячеслав.",,,
2119,Исповедь: Публицистическая поэма.,"ТОБОЛЬСКИЙ, Исай Григорьевич.",,,
2120,Исповедь: Пьеса в 3-х д.,"ГОРБАШОВ, Леонид.",,,
2121,Исповедь: Рассказ.,"АНДРЕЕВ, Виктор.",,,
2122,Исповедь: Рассказ.,"МАМИН-СИБИ-РЯК, Дмитрий Наркисович.",,,
2123,Исповедь: Рассказ.,"ЦЕССАРСКИЙ, Альберт Вениаминович.",,,
2124,Исповедь: Рассказы.,"ЗОЩЕНКО, Михаил Михайлович.",,,
2125,Исповедь: Роман.,"РИНГ, Фридрих.",,,
2126,Исповедь: Стихи.,"БАЙРАМУКОВА, Халимат Башчиевна.",,,
2127,Исповедь: Стихи.,"ЗВЯГИНЦЕВА, Вера Клавдиевна.",,,
2128,"Исповедь: Стихи, баллады, поэмы.","ЖУМАБАЕВ, Габбас Жумабаевич.",,,
2129,Исповедь; Так должно было быть; Безумие: Рассказы.,"ШАНСКИЙ, Николай.",,,
2130,Исповедь: Эпизод в 1-м д. (в стихах).,"ПИПИН, Николай.",,,
2131,Исповедь американца.,"КЕМП, Гарри.",,,
2132,NOPARSE,,,,
2133,Исповедь беглеца: Рассказы.,ЦОЙ СО ХЭ (ЦОЙ СО ХЯ). ,Исповедь глупца.,,
2133а,Исповедь баритона: Т. 1.,Имя авт. не установлено.,,,
2134,Исповедь безумца: Роман.,"СТРИНД-БЕРГ, Август.",,,
2135,Исповедь в больнице:     Рассказ.,"ЛАРСКИЙ, Л. С.",,,
2136,Исповедь дамы:     Стихотворение.,"АЛМАЗОВ, Борис Николаевич.",,,
2137,Исповедь девушки: Роман.,БРЕ- ,,,
2138,Исповедь дедушки Жибори: Рассказы.,"МИРБО, Октав. ",,,
2139,Исповедь дезертира.,"ЛЯМЦЕВ, Мих.",,,
2140,Исповедь дельца: Роман в 2-х ч.,"ЛЕВАНДА, Лев Осипович.",,,
2141,Исповедь Джэнет: Роман.,"ЭЛИОТ, Джордж.",,,
2142,«Исповедь друга дома» и другие рассказы.,"ЗУДЕРМАН, Герман.",,,
2143,Исповедь души: (Этюды из жизни молодого человека).,"ЯРМОНКИН, Валентин Васильевич.",,,
2144—2145,Исповедь женщины: Роман в 3-х ч.,"НЕМИРОВИЧ-ДАНЧЕНКО, Василий Иванович.",,,
2146,Исповедь истерзанной души: Записки М. Тарновской.,"ТАРНОВСКАЯ, М.",,,
2147,Исповедь итальянца: Т. 1-2.,"НЬЕВО, Ипполито.",,,
2148,Исповедь католической монахини: (Дневник).,Имя авт. не установлено.,,,
2149,Исповедь каторжника: Детство преступника.,"МАНН, Томас.",,,
2150,Исповедь Кожуркина. (Загл. обл.).,"БОНДАРЕНКО, Михаил. ",Веселая исповедь Кожуркина.,,
2151,Исповедь короля: Повесть.,"МАКАРОВА, Ольга Владимировна.",,,
2152,Исповедь красавицы: Новые неизданные рассказы.,"МОПАССАН, Гюи де (МОПАССАН, Ги де).",,,
2153,Исповедь крестьянина.,"МИРБО, Октав.",,,
2154,"Исповедь манекена: Сатирические стихи, эстрадные песенки и пр.","ЛИФШИЦ, Владимир Александрович.",,,
2155,Исповедь матери: Поэма.,"ДРОЖ-ЖИН, Спиридон Дмитриевич.",,,
2156,Исповедь миллионера.,"БАКАЛЕЙ-НИК, Петр Порфирьевич.",,,
2157,Исповедь моего поколения.,"АНДРЕЕВ, Александр (АНДРЕЕВ, Василий Дмитриевич).",,,
2158,Исповедь моей жизни.,"ЗАХЕР-МАЗОХ, Ванда (ЗАХЕР-МАЗОХ, Аврора фон).",,,
2159,Исповедь молодости: Отрывки из дневников молодых людей. Посвящаются рогатым мужьям. Вып. I.,"СМИРНОВ, Н.",,,
2160,Исповедь мужчины: Психологический рассказ.,"ХЕЙН, Е. Л.",,,
2161,Исповедь Мытищева; Вопль: Рассказ.,"КРЕСТОВСКАЯ, Мария Всеволодовна.",,,
2162,Исповедь на вершине.,"МУРАТОВ, Игорь Леонтьевич.",,,
2163,Исповедь на рассвете.,"АБУ-БАКАР, Ахмедхан. ",,Тайна рукописного корана...,
2164,Исповедь неразумных:    Рассказы.,"БРОМЛЕЙ, Надежда Николаевна.",,,
2165,Исповедь несчастного обиженного: Рассказ.,"ЛЬВОВ, Тихон Николаевич.",,,
2166,"Исповедь, но уже не предсмертная: Современная грустная повесть.","ПРОКОПОВИЧ, В.",,,
2167,Исповедь одного еврея.,"ГРОССМАН, Леонид Петрович.",,,
2168,Исповедь офицера.,"ВАССЕРМАН, Якоб.",,,
2169,Исповедь перед казнью: Страничка пережитого. (Из дневника).,"ЛЕВЕН-БУК, С. И.",,,
2170,Исповедь преступника: [Рассказ].,"ТОЛСТОЙ, Лев Николаевич.",,,
2171,Исповедь преступника: Уголовный роман.,"ЛИНЕВ, Дмитрий Александрович.",,,
2172,Исповедь преступника: Юмористический рассказ из жизни петербургских евреев.,"ГЕРШОН-БЭН-ГЕРШОН (ЛИФШИЦ, Григорий Григорьевич).",,,
2173,Исповедь пристрастий: Стихи и поэмы.,"ЧИВИЛИХИН, Анатолий Тимофеевич.",,,
2174,Исповедь пролетария.,"ЛУКАШИН, Илья Денисович.",,,
2175,Исповедь простого человека.,"ГИЛЬ-ОМЕН, Эмиль.",,,
2176,Исповедь солдата: Повесть.,"ЛЕД-НЕВ, Анатолий Федорович.",,,
2177,Исповедь ссыльного: Повесть.,"ШКЛЯ-РЕВСКИЙ, Александр Андреевич.",,,
2178,Исповедь старика: Роман.,"НЬЕВО, Иполит (НЬЕВО Ипполито). ",Исповедь итальянца.,,
2179,Исповедь старого колдуна: (Рассказ).,СУТЫРИН,,,
2180,Исповедь старого судебного следователя: Психологический этюд.,"ТЕРНОВСКИЙ, Николай Матвеевич.",,,
2181,Исповедь старого холостяка.,"ХАШЕК, Ярослав (ГАШЕК, Ярослав).",,,
2182,Исповедь старца: (Рассказ).,Имя авт. не установлено.,,,
2183,Исповедь степи: Повести и рассказы.,"АХТАНОВ, Такави.",,,
2184,Исповедь студента.,Г-ЗЕ.,,,
2185,Исповедь сына века.,"МЮССЭ, Альфред де (МЮССЕ, Альфред де).",,,
2186,Исповедь тенора,М.,,,
2187,Исповедь Теодула Сабо.,"МОПАССАН, Ги де. ",,Продажа... Изд. также под загл.: Исповедь Сабо.,
2188,Исповедь террориста: (Повесть из времен Александра II).,"ПЛЕТНЕВ, Алексей Петрович.",,,
2189,Исповедь усопшего монаха: Повесть.,"МИРОШНИЧЕНКО, Николай Иванович.",,,
2190,Исповедь хулигана.,"ЕСЕНИН, Сергей Александрович.",,,
2191,Исповедь человека на рубеже XX века.,ИХОРОВ,,,
2192,Исповедь экспроприатора: Повесть.,"ПРИМАКОВ, Иосиф Я.",,,
2193,Исполать: Стихи и поэма.,"УСТИНОВ, Валентин Алексеевич.",,,
2194,Исполин над бездной: Фантастический роман.,"ЛОММ, Александр.",,,
2195,Исполинское радио: Рассказы.,"ЧИВЕР, Джон.",,,
2196,Исполнение.,"ДОВБИШ, Яков Николаевич. ",,Искушение...,
2197,Исполнение долга: [Документальная повесть].,"ПАВЛОВ, Николай Капитонович.",,,
2198,Исполнение долга: Повесть и рассказы.,"ДРОБОТОВ, Виктор Николаевич.",,,
2199,Исполнение желаний: Пьеса в 1-м д.,"ЛЕВИН, Лев Давидович.",,,
2200,Исполнение желаний: Роман.,"КАВЕРИН, Вениамин.",,,
2201,Исполнилось заветное желание: Рассказ.,"ЮНОША, Клеменс.",,,
2202,Исполняющий обязанности: Комедия в 3-х д.,"КОМАРОВСКИЙ, Александр Борисович.",,,
2203,Испорченная жизнь: Комедия в 5-ти д.,ЧЕРНЫШЕВ,,,
2204,Испорченная жизнь: Роман.,"ВИЛ-ДЕР, Георг (ВИЛЬДЕР, Георг).",,,
2205,Испорченная кровь: Роман.,"НЕФФ, Владимир.",,,
2206—2207,Испорченная панорама: Стихи.,"СЛОБОДСКИЙ, Морис Романович.",,,
2208,Испорченные: Пьеса в 3-х д.,"БРИЕ, Эжен. ",Порченые.,,
2209,Испорченные дети: Роман.,"ЭРИА, Филипп.",,,
2210,Испорченные дети: [Сатирический цикл].,"САЛТЫКОВ-ЩЕДРИН, Михаил Евграфович.",,,
2211,Испорченный крючок.,"ТОМСКИЙ, Сергей.",,,
2212,Испорченный портрет: Одноактная пьеса в 3-х карт.,"КАЗАКОВА, Лия Самуиловна.",,,
2213,Испорченный сезон (1870): Рассказ в 2-х ч.,"КОЛЕНЭГ, Леопольд Карл фон.",,,
2214,Исправиться никогда не поздно: Повесть.,"КУКЕЛЬ (ЛУНИН, В. А.).",,,
2215,Исправихин: (Рассказ из крестьянской жизни).,КРЕСТЬЯНИН.,,,
2216,Исправление или Муж на случай: Комедия в 1-м д. в стихах.,"А. Ш. (ШЛИХТЕР, Алексей Иванович).",,,
2217,Исправление ошибки:      Повесть.,"ГОЛОВИН, Геннадий Никифорович.",,,
2218,Исправленный вертопрах или Великодушная любовница: Перевод.,Имя авт. не установлено.,,,
2219,"Исправленный муж или Ах, как я счастлив!: Комедия в 5-ти д.",Имя авт. не установлено.,,,
2220,Испытай меня любовью.,"ПАЛЬ, Роберт Васильевич.",,,
2221,Испытание: Быль.,"СОКОЛОВ, Александр Алексеевич.",,,
2222,Испытание: Книга очерков.,"ГАЛИН, Борис.",,,
2223,Испытание: Комедия в 1-м д.,"МАРИВО, Пьер Карлэ де Шамблэн.",,,
2224,Испытание: Маленькие повести.,"КЛИМЕНКО, Евгений Мефодиевич.",,,
2225,Испытание: [Очерк].,"ШМУШКЕ-ВИЧ, Михаил Юрьевич.",,,
2226,Испытание: Повесть.,"БУТКОВСКИЙ, Е. Н.",,,
2227,Испытание: Повесть.,"ЗУЛЬФУКА-РОВ, Зульфукар Алдамович.",,,
2228,Испытание: Повесть.,"КАКУЕВ, Леонид Георгиевич.",,,
2229,Испытание: Повесть.,"КРЕСТОВСКАЯ, Мария Всеволодовна. ",,Ранние грозы...,
2230,Испытание: [Повесть].,"ЛИЧАК, Николай Кириллович.",,,
2231,Испытание: Повесть.,"ПУНЧЕНОК, Александр Ефимович.",,,
2232,Испытание: Повесть.,"СЕМЕНИХИН, Геннадий Александрович.",,,
2233,Испытание: Повесть.,"ХОДЗА, Нисон Александрович.",,,
2234,Испытание: Повесть и рассказы.,"БУРТЫНСКИЙ, Александр Семенович.",,,
2235,Испытание: [Поэма и стихи].,"ШИКИ-НА, Людмила Васильевна.",,,
2236,Испытание: Пьеса в 1-м акте.,"ГАВРИЛКИН, Леонид Иванович.",,,
2237,Испытание: Пьеса в 1-м д.,"ЕВЛАХОВ, Сергей Сергеевич. ",Трудный день. (Испытание).,,
2238,Испытание: Пьеса в 1-м д.,"ОЛЬШАНСКИЙ, Андрей Николаевич.",,,
2239,Испытание: Пьеса в 3-х д.,"СТЕПАНОВ, Евгений Петрович.",,,
2240,Испытание: Пьеса в 4-х актах.,"ФЕДИН, Константин Александрович. ",Испытание чувств.,,
2241,Испытание: Пьеса в 4-х д.,"ВОЛОШИН, Александр Никитич.",,,
2242,Испытание: Пьеса в 4-х д.,"ДАВУ-РИН, Александр.",,,
2243,Испытание: (Рассказ).,"КОЛЬЧУГИНА, София.",,,
2244,Испытание: Рассказ.,"МОПАССАН, Гюи де (МОПАССАН, Ги де).",,,
2245,Испытание: [Рассказы].,"ВАНИН, Кесарь Тихонович.",,,
2246,Испытание: Рассказы.,"ВЕРЕШ, Петер.",,,
2247,Испытание: Рассказы.,"КУЗЬМИНОВ, Николай Васильевич.",,,
2248,Испытание: Рассказы.,"НИКОЛЬСКИЙ, Вениамин Васильевич.",,,
2249,Испытание: Рассказы разных лет.,"ОСТАПЕНКО, Г. Г.",,,
2250,Испытание: Роман.,"АЛЕКСЕЕВ, Николай Иванович.",,,
2251,Испытание: [Роман].,"БРЕДЕЛЬ, Вилли.",,,
2252,Испытание: Роман.,"НУРТАЗИН, Темиргали.",,,
2253,Испытание: Роман.,"ПЕРВЕНЦЕВ, Аркадий Алексеевич.",,,
2253а,Испытание: Роман.,"ФОТЕРГИЛЬ, Джеси",,,
2254,Испытание: Роман.,ЮН СЕ ДЮН.,,,
2255,Испытание: Роман в 3-х ч.,"КРЕСТОВСКИЙ, В. (ХВОЩИНСКАЯ, Надежда Дмитриевна).",,,
2256,Испытание: Роман и повесть.,"АЛИБЕКОВ, Джамиль Адил оглы.",,,
2257,Испытание: Сборник рассказов.,"КОДЗОЕВА, Тамара Берсановна.",,,
2258,Испытание: Стихи.,"БОЛДЫРЕВА, Лия Алексеевна.",,,
2259,Испытание: Стихи.,"ВОЛКОВ, Виктор Сергеевич.",,,
2260,Испытание: Стихи.,"КОВАЛЬДЖИ, Кирилл Владимирович.",,,
2261,Испытание: Стихи.,"МОРДОВИНА, Нинель Александровна.",,,
2262,Испытание: Стихи.,"ПЕРОВСКИЙ, Николай Михайлович.",,,
2263,Испытание: Стихи и поэма.,"РОЖДЕСТВЕНСКИЙ, Роберт Иванович.",,,
2264,Испытание: Стихи и поэмы.,"ТАРБА, Иван Константинович.",,,
2265,Испытание: Стихи разных лет.,"ТЕРЕНТЬЕВА, Мария Кузьминична.",,,
2266,Испытание: Сцены из деревенской жизни.,"НОВИКОВ, Павел Евтихиевич.",,,
2267,Испытание; Черное дело; Провожатый м-рс Банкер: [Рассказы].,"ДЖЕКОБС, Вильям Вимарк. ",первого рассказа передано ошибочно: Искушение.,,
2268,Испытание: Шутка в 1-м д.,"ЕЛЕН-СКИЙ, Николай Октавиевич.",,,
2269,Испытание: Шутка в 1-м д.,"РАС-СИН, В.",,,
2270,Испытание богов: Политический фарс в 5-ти д. с междуактной пантомимой.,"ЭЙСНЕР, Курт.",,,
2271,Испытание верности: Повесть.,"ПО-ЛЯНКЕР, Григорий Исаакович.",,,
2272,Испытание волонтеров.,"БЕЖЕЦКИЙ, А. Н. (МАСЛОВ, Алексей Николаевич). ",,Сражение...,
2273,Испытание временем; На переломе: [Воспоминания]; Мечтатель: [Роман].,"ПОПОВСКИЙ, Александр Данилович.",,,
2274,Испытание временем:     [Повесть].,"БОЛДУЗЕВ, Николай Николаевич.",,,
2275,Испытание героя: Повесть в новеллах.,"СЕВЕРОВ, Петр Федорович.",,,
2276,Испытание души.,"ФРАЕРМАН, Рувим Исаевич.",,,
2277,Испытание золотом: (Ставка биржевика). Драматический этюд в 1-м       д.; Когда совесть проснулась: (Воры-джентльмены). Шутка в 1-м д. Две миниатюры.,"АЛЕКО (ГИДОНИ, Александр Иосифович).",,,
2278,Испытание зрелости: Из воспоминаний летчика-испытателя.,"ШЕЛЕСТ, Игорь Иванович.",,,
2279,Испытание любви: Две пьесы.,"САДОВСКИЙ, Владимир Лаврентьевич.",,,
2280,Испытание любви: Роман.,"СИНКЛЕР, Эптон.",,,
2281,Испытание любви: Стихи.,"КОВАЛЬДЖИ, Кирилл Владимирович.",,,
2282,Испытание любовью.,"СИДОРОВ, Валентин Митрофанович.",,,
2283,Испытание на верность: Роман.,"КЛИПЕЛЬ, Владимир Иванович.",,,
2284,Испытание на верность: Стихи.,"ЛАШКОВ, Игорь Вячеславович.",,,
2285,Испытание на молодость: Повесть.,"ГОРБАЧЕВ, Вячеслав Васильевич.",,,
2286,Испытание на прочность: Очерки.,"ЧУКРЕЕВ, Ванцетти Иванович.",,,
2287,Испытание на прочность: Повесть.,"ВАСИЛЬЧИКОВ, Сергей Александрович.",,,
2288,Испытание на прочность: [Рассказ].,"ПОПОВ, Виктор Георгиевич.",,,
2289,Испытание на разрыв: Лирика.,"ЛУКОНИН, Михаил Кузьмич.",,,
2290,Испытание на разрыв: Стихи и поэмы.,"ПЛАВНИК, Абрам Львович.",,,
2291,Испытание огнем: Документальная повесть.,"ПОПОВ, Владимир Федорович.",,,
2292,Испытание огнем; Приключения трех сержантов: Повести.,"ВОЛГИН, Сергей.",,,
2293,Испытание огнем: Рассказы.,"ТАРСКИЙ, Юрий Семенович.",,,
2294,Испытание огнем: Роман.,"РИДЕГ, Шандор.",,,
2295,Испытание Пеэтера Сеппа: Пьеса в 4-х д.,"СКУЛЬСКИЙ, Григорий Михайлович.",,,
2296,Испытание прочности.,"ТАРСКИЙ, Юрий Семенович.",,,
2297,Испытание сердец.,"МЯННИК, Эдуард Янович.",,,
2298,Испытание сердца.,"БУХОВ, Аркадий Сергеевич. ",,Разговор о спорте...,
2299,Испытание славой: Роман.,"КРЮКОВ, Виктор Иванович.",,,
2300,Испытание страхом.,"АСАНОВ, Николай Александрович.",,,
2301,Испытание чувств: Пьеса в 3-х д.,"БАРКОВ, Борис Прокопьевич.",,,
2302,Испытание чувств: Пьеса в 4-х актах.,"ФЕДИН, Константин Александрович.",,,
2303,Испытание чувств: Роман.,"НАСЕДКИН, Филипп Иванович.",,,
2304,Испытания: Роман.,"ЛИНЕВСКИЙ, Александр Михайлович.",,,
2305,Испытания доктора Исаака: Старинная быль.,"РУБАКИН, Николай Александрович.",,,
2306,Испытания любви: Роман.,"СИНКЛЭР, Эптон (СИНКЛЕР, Эптон). ",Испытание любви.,,
2307,Испытание Мансарта.,"ДЮБУА, Уильям Эдвард Бургхардт.",,,
2308,Испытанное средство: Юмористические рассказы.,"СВЭН, Илья (КРЕМЛЕВ, Илья).",,,
2309,Испытано в небе.,"ГАЛЛАЙ, Марк Лазаревич.",,,
2310,Испытатели: Повести и рассказы.,"СКВИРЕНКО, Геннадий Петрович.",,,
2311,Испытательный срок: Повесть.,"НИЛИН, Павел Филиппович.",,,
2312,Испытательный срок: Пьеса в 1-м д.,"ОСТРОВСКАЯ, Тамара Федоровна.",,,
2313,Исса течет в Волгу: Роман.,"КИШ-НЯКОВ, Илья Прокофьевич.",,,
2314,Иссеченные ветрами:      Рассказы.,"СИРГЕ, Рудольф Иоханович.",,,
2315,Исступленная: Роман.,"ДЕЛАРЮ-МАРДРЮС, Люси.",,,
2316,Иссушенные жизни.,"РАМОС, Граси-лиано.",,,
2317,Истерзанная земля: Роман.,"ЮБЕРМОН, Пьер.",,,
2318,Истина: Восточное сказание.,"ДОРОШЕВИЧ, Влас Михайлович.",,,
2319,Истина: Повести.,"БОЛЕКБАЕВ, Самансур Абикеевич.",,,
2320,Истина: Пьеса в 3-х д.,"САМБУРОВ, Иван Артемьевич.",,,
2321,Истина: Рассказы.,"ВИРТА, Николай Евгеньевич.",,,
2322,Истина: Роман.,"ЗОЛЯ, Эмиль. ",Правда.,,
2323,Истина: Стихи.,"ДИХТЯРЬ, Адольф Борисович.",,,
2324,Истина: Стихи.,"СЕРГЕЕВ, Владимир Андреевич.",,,
2325,Истина: Стихи и поэма.,"ТОБОЛЬСКИЙ, Исай Григорьевич.",,,
2326,Истина и ложь.,"ЯЗЫКОВ, М. Н.",,,
2327,Истина известна только тебе: Драма в 2-х ч.,"АСЛАНОВ, Таймаз Абдулатипо-вич.",,,
2328,Истина о Рокамболе: Роман.,"ПОН-СОН ДЮ ТЕРРАЙЛЬ, Пьер Алексис де.",,,
2329,Истина стоит жизни.,"СТРАЖЕВ-СКИЙ, Алексей (ДЕБОЛЬСКИ, Алекс).",,,
2330,Истинная высота: Повести.,"ТРИХМА-НЕНКО, Виктор Федорович.",,,
2331,Истинная любовь: Быль.,ЗАБРАКОВАННЫЙ АВТОР Г.,,,
2332,Истинная любовь: [Комедия в 3-х д.].,"НОВИКОВ, Павел Евтихиевич.",,,
2333,Истинная храбрость.,"ШМИД, Христофор. ",,Чижик...,
2334,Истинно русские народные сказки; Сон издателя; Нянька.,"АЗОВ, Владимир.",,,
2335,Истинно русский Емельян.,"ДОРОШЕВИЧ, Влас Михайлович.",,,
2336,Истинное мужество: (Школьный рассказ) .,Имя авт. не установлено.,,,
2337,Истинные происшествия: Записки судебного фельетониста.,"ЛЕВИТИН, Михаил Ефремович.",,,
2338,Истинный курс.,"КЛИМЕНЧЕНКО, Юрий Дмитриевич.",,,
2339,Истинный меридиан: Стихи.,"БЕЛОЗЕРОВ, Валерий Васильевич.",,,
2340,Истинный пастырь божий.,Имя авт. не установлено.,,,
2341,Истинный рай: Роман.,"ОЛДИНГ-ТОН, Ричард.",,,
2342,Истлевающие личины: Книга рассказов.,"СОЛОГУБ, Федор.",,,
2343,Исток: Рассказы.,"ТЕВЕЛЕВ, Матвей Григорьевич.",,,
2344,Исток: [Стихи].,"ДЕЛЯНУ, Ливиу Семенович.",,,
2345,Исток: [Стихи].,"ПОЛЯКОВ, Юрий Сергеевич.",,,
2346,Исток: Стихи.,"СТЕКОЛЬНИКОВ, Лев Борисович.",,,
2347,Исток: Фантастические рассказы.,"МИХАЙЛОВ, Владимир Дмитриевич.",,,
2348,Исток любви: Стихи.,"МРЕВЛИШВИ-ЛИ, Маквала Александровна.",,,
2349,Истоки: Повести и рассказы.,"ВИ-НЕЦКИЙ, Ян Борисович.",,,
2350,"Истоки: Повесть. Рассказы. Нивхские легенды. Стихи, поэмы.","САНГИ, Владимир Михайлович.",,,
2351,Истоки: [Роман].,"КОНОВАЛОВ, Григорий Иванович.",,,
2352,Истоки: [Роман].,"КРАТОХВИЛ, Ярослав.",,,
2353,Истоки: Стихи.,"ВЕТЛУГИН, Иван Матвеевич.",,,
2354,Истоки: Стихи.,"РЫЛЕНКОВ, Николай Иванович.",,,
2355,Истоки: Стихи.,"СКУРАТОВ, Михаил Маркелович. ",,,
2356,Истоки любви: (Стихи и поэмы).,"КЕКТЕЕВ, Эльдя Маштыкович.",,,
2357,Истории для детей.,ШОЛОМ-АЛЕЙ-ХЕМ.,,,
2358,"Истории, рассказанные в дождливые дни.","МИШЕНКО, Лидия Моисеевна.",,,
2359,Историческая повесть из времен татарского погрома.,"ЛАПИН, Василий Иннокентьевич.",,,
2360,"Исторические девушки: Рассказы и очерки о девушках, имена которых сохранила история.","ЧЕРСКИЙ, Леонид Федорович.",,,
2361,Исторические дни: Рассказы.,"ГУМИЛЕВСКИЙ, Лев Иванович.",,,
2362,Исторические искатели приключений: Страсбургская эпопея.,"ЛАБРЮЙЕР, Жорж.",,,
2363,Исторические картинки; Разные рассказы.,"СЛУЧЕВСКИЙ, Константин Константинович.",,,
2364,Исторические рассказы из южнославянского быта.,"ХОХОЛУШЕК, Прокопий (ХОХОЛУШЕК, Прокоп).",,,
2365,Исторические рассказы о Барнауле.,"БОРОДКИН, Петр Антонович. ",У истоков.,,
2366,Исторический быт России или Повествование о достопамятных событиях в русской земле и о деяниях ее православных государей.,"МАКСИМОВ, Михаил Иванович.",,,
2367,Исторический замок: Комедия в 3-х д.,"БЭР-ДЕ-ТЮРИК, Жюльен (БЕРР ДЕ ТЮ-РИК, Жюльен), БИССОН, Александр.",,,
2368,История американского миллионера.,"СИНКЛЕР, Уптон (СИНКЛЕР, Эптон).",,,
2369,История Англии: Ч. 1-2.,"ДИККЕНС, Чарлз.",,,
2370,История апельсина: Рассказ.,"ШЕР-ВИНСКИЙ, Сергей Васильевич.",,,
2371,История батрачки с фермы.,"МОПАССАН, Гюи де (МОПАССАН, Ги де).",,,
2372,История бедного Оси.,Имя авт. не установлено.,,,
2373,История бедного Феди: Приключения маленького словака. Рассказ.,"МАУТНЕР, Фриц.",,,
2374,История бедной сироты.,Имя авт. не установлено.,,,
2375,История бедных родственников.,"БАЛЬЗАК, Оноре де. ",Бедные родственники.,,
2376,«История без вести пропавшего экстренного поезда» и другие рассказы.,"КОНАН-ДОЙЛЬ, Артур (ДОЙЛЬ, Артур Конан).",,,
2377,История белого дрозда.,"МЮССЭ, Альфред де (МЮССЕ, Альфред де).",,,
2378,История бледной женщины: Рассказ.,"КОК, Анри де.",,,
2379,История болезни: Комедия в 3-х д.,"ЛАСКИН, Борис Савельевич.",,,
2380,История болезни № 689: Записки врача-психиатра. Документальная повесть.,"БЛИНОВ, Геннадий Михайлович.",,,
2381,История брошенного мальчика.,"НЕМИРОВИЧ-ДАНЧЕНКО, Василий Иванович.",,,
2382,История в дюнах: Сказка.,"АНДЕРСЕН, Ганс-Христиан. ",На дюнах.,,
2383,История в лавке Трепыхалова.,"ЛЕБЕ-ДЕВ-КУМАЧ, Василий Иванович.",,,
2384,История в лицах о Дмитрии Самозванце.,"ПОГОДИН, Михаил Петрович.",,,
2385,История в лицах о царе Борисе Федоровиче Годунове.,"ПОГОДИН, Михаил Петрович.",,,
2386—2388,История в санатории: Действо к Международному юношескому дню.,"ЧКА-НИКОВ, Иван Нилович.",,,
2389,История ветряного петушка: Повесть.,"ШЕРП, Эвелина (ШАРП, Эвелин). ",Ветряной петушок.,,
2390,История Воздушного Флота в стихах.,"НИКУЛИН, Юрий Вениаминович.",,,
2391,История волчьего семейства: Из жизни волков.,"ЧЕГЛОК, Александр.",,,
2392,"История Генри Эсмонда, эсквайра, полковника службы ее величества королевы Анны, написанная им самим.","ТЕККЕРЕЙ, Вильям (ТЕККЕРЕЙ, Уильям Мейкпис).",,,
2393,История герцогини де-Сигонь.,"ФРАНС, Анатоль.",,,
2394,История голубя: Рассказ.,"СЕТТОН ТОМСОН (СЕТОН-ТОМПСОН, Эрнест).",,,
2395,История города Глупова.,"САЛТЫКОВ-ЩЕДРИН, Михаил Евграфович.",,,
2396,История города Тарабарска: Повести и рассказы.,"ДОРОХОВ, Павел Николаевич.",,,
2397,История государей российских в стихах.,"ВОДКИН, Серафим М. (ВОД-КИН, С. М.).",,,
2398,История Государства Российского.,"МИРСКИЙ, Борис Сергеевич.",,,
2399,История греха: Роман в 2-х ч.,"ЖЕРОМСКИЙ, Стефан.",,,
2400,История давно минувших дней: Сцена в стихах в 1-м д.,"ЩЕПКИНА-КУПЕРНИК, Татьяна Львовна.",,,
2401,История двуногого: Как человек победил природу.,"ЭВАЛЬД, Карл.",,,
2402,История двух братьев:   Повесть.,Имя авт. не установлено.,,,
2403,История двух девушек: Роман.,"ВИ-ГАНО, Рената.",,,
2404,История двух елей: Рассказ.,"ЗАСО-ДИМСКИЙ, Павел Владимирович.",,,
2405,История двух маленьких шалунов.,Имя авт. не установлено.,,,
2406,История девушки былых времен: (Клара д'Элебез).,"ЖАММ, Франсис.",,,
2407,История детской души: Повесть не для детей.,"КОРЕЛЛИ, Мари.",,,
2408,История другого мира: Роман приключений.,"РИШПЭН, Жан (РИШПЕН, Жан).",,,
2409,История дяди торгового агента: [49-я глава из «Посмертных записок Пиквик-ского клуба»].,"ДИКЕНС, Чарльз (ДИККЕНС, Чарлз).",,,
2410,История Елизы или Школа несчастия.,Имя авт. не установлено.,,,
2411,"История Ерофея Ерофеича, изобретателя ерофеича, аллегорически горькой водки.","СТАРЫЙ ИНДЕЙСКИЙ ПЕТУХ (КРЫЛОВ, Иван Захарович).",,,
2412,История женского платья: Комедия в 9-ти карт.,"КНОБЛАУ (КНОБЛОК, Эдвард).",,,
2413,История жизни Диды Ибсен: (Заключение к «Дневнику падшей женщины»). Роман.,"БЕМЕ, Маргарита.",,,
2414,История жизни и путешествий Христофора Коломба.,"ИРВИНГ, Вашингтон.",,,
2415,История жизни покойного Джонатана Уайльда Великого: Роман.,"ФИЛЬДИНГ, Генри.",,,
2416,"История жизни пройдохи по имени Дон Паблос, пример бродяг и зерцало мошенников.","КЕВЕДО-И-ВИЛЬЕГАС, Франсиско Гомес де.",,,
2417,"История жизни, путешествий, открытий и приключений в Новом свете.","ИРВИНГ, Вашингтон.",,,
2418,История Жиль Блаза де Сантилья-не.,"ЛЕСАЖ, Ален Рене.",,,
2419,История загубленного.,"БЕЛОМОР, Александр.",,,
2420—2421,История знаменитого ДонКихота Ламанчского.,"СЕРВАНТЕС СААВЕДРА, Мигель де.",,,
2422,"История и жизнь Иосифа Прекрасного, предлагаемая в разговорах для детей: Ч. 1—4.","ХУЛЬСХОФ, Виллем.",,,
2423,"История и стихи Анжелики Сафьяновой, 1913—1918: С приложением ее родословного древа и стихов, посвященных ей.","САФЬЯНОВА, Анжелика (НИКУЛИН, Лев Вениаминович).",,,
2424,"История известного плута Ваньки Каина, им самим рассказанная.",Имя авт. не установлено.,,,
2425,История известного пройдохи Ваньки Каина и постигшего его наказания: В 2-х ч.,Имя авт. не установлено.,,,
2426,История известного французского вора и мошенника Картуша.,Имя авт. не установлено.,,,
2427,История кавалера де Грие и Манон Леско.,"ПРЕВО, Антуан Франсуа.",,,
2428,"История, каких много.","ЛИБРОВИЧ, Сигизмунд Феликсович.",,,
2429,История Карла XII короля шведского: Ч. 1—4.,"ВОЛТЕР (ВОЛЬТЕР, Франсуа Мари).",,,
2430,"История колышка в плетне, составленная и записанная по достоверным источникам.","КРАШЕВСКИЙ, Юзеф Игнацы.",,,
2431,"История Кольки Богатырева и всех его приятелей, рассказанная так, как это было на самом деле: Повесть.","НЕМЧЕНКО, Гарий Леонтьевич.",,,
2432,История консерватора. (Загл. обл.).,ЭРКМАН-ШАТРИАН. ,Гаспар Фикс.,,
2433,История кораблекрушения и пленения молодой графини де-Бюрке.,Имя авт. не установлено.,,,
2434,История Красного Октября: Сатира в стихах в 3-х гл.,"ДОЛЬ (КРАСНОЕ ЖАЛО) (ДОЛЕВ, Дмитрий).",,,
2435,История крестьянина: Роман. Ч. 1—4.,ЭРКМАН-ШАТРИАН. ,История одного крестьянина.,,
2436,История куклы или Приключения Пиночио: Рассказ.,"КОЛЛОДИ, Карло.",,,
2437,История кушетки.,"ГИРШБЕРГ-ЮРА, Рудольф. ",,Умный муж и злая жена...,
2438,История лейтенанта Ергунова: Рассказ.,"ТУРГЕНЕВ, Иван Сергеевич.",,,
2439,История Лима Великолепного.,"ВИЛЬ-КИН, Яков Рувимович.",,,
2440,История лютни: Китайская драма.,КАО ТОНГ-КИА.,,,
2441,История маленького лорда: Повесть для юношества.,"ВЕРНЕТ, Френсис Ходжсон. ",Маленький лорд; Маленький лорд Фаунтлерой; Приключения маленького лорда.,,
2442,История маленькой Бану.,"АППА-КОВА, Дардьжи Сейфуловна (АППАКОВА, Дарджия Сейфулловна).",,,
2443,История маленькой девочки: [Повесть].,"САВВАТИЙ (ПОТАПЕНКО, Наталия Игнатьевна).",,,
2444,История маленькой девочки.,"С-ВА, Е. А. (СЫСОЕВА, Екатерина Алексеевна).",,,
2445,История маленькой жизни: Драма в 4-х д.,"БРАККО, Роберто.",,,
2446,История Манон Леско и кавалера де-Грие: Роман.,"ПРЕВО, Антуан Франсуа.",,,
2447,История Маши Леско и кавалера де Грие: Роман в 2-х ч.,"ПРЕВО, Антуан Франсуа. ",История кавалера де Грие и Манон Леско; История Манон Леско и кавалера де-Грие.,,
2448,История мистера Полли: Роман.,"УЭЛЛС, Герберт Джордж. ",* Мистер Полли.,,
2449,История моего друга: Повесть.,"ПИЛЯР, Юрий Евгеньевич.",,,
2450,История моего знакомства с Гоголем.,"АКСАКОВ, Сергей Тимофеевич.",,,
2451,История моего современника: Т. 1—2.,"КОРОЛЕНКО, Владимир Галактионович.",,,
2452,История моей голубятни: Рассказы.,"БАБЕЛЬ, Исаак Эммануилович.",,,
2453,История моей жизни: Автобиографическая повесть.,"СВИРСКИЙ, Алексей Иванович.",,,
2453а,История моей жизни: Мемуары принцессы Луизы Саксонской.,"ЛУИЗА, ПРИНЦЕССА ТОСКАНСКАЯ. ",Мемуары принцессы Луизы Саксонской: История моей жизни.,,
2454,История моей жизни: Повесть. В 2-х ч. Переделка для юношества.,"БРАДДОН (БРЭДДОН, Мэри Элизабет).",,,
2455,История моей жизни: Повесть. Т. I.,"МАКАРОВА-МИРСКАЯ, Александра Ивановна.",,,
2456,История моей жизни: Роман. В 2-х ч.,"ЭБЕРС, Георг Мориц.",,,
2457,История моей любви.,"ДЖЕРОМ, Джером Клапка.",,,
2458,История моей юности: Повесть.,"БИРЮК (ПЕТРОВ, Дмитрий Ильич).",,,
2459,История моих бедствий: Автобиографический роман.,"АБЕЛЯР, Пьер.",,,
2460,История молодой жизни: Роман.,"ЭРНСТ, Отто.",,,
2461,История мопсика: Из дневника Любочки.,"АВЕНАРИУС, Василий Петрович.",,,
2462,История Мурочки: Повесть.,"ОРЛОВСКИЙ, Сергей (ШИЛЬ, Софья Николаевна) .",,,
2463,История начинается.,"ПАНОВ, Иван Степанович.",,,
2464,История нашего невежества в письмах к одной даме.,"КОЦЕБУ, Август Фридрих.",,,
2465,История наших ближних: Драма в 5-ти д.,"ВИД, Густав Иоханнес.",,,
2466,История ниже о петухах.,СОЧИНИТЕЛЬ КИСЛЫХ ЩЕЙ. ,История о петухах.,,
2467,История новобранца 1813 года: (Повесть).,ЭРКМАН-ШАТРИАН.,,,
2468,История Нью-Йорка.,"ИРВИНГ, Вашингтон.",,,
2469,История о гномах и о сироте Мари- се.,"КОНОПНИЦКАЯ, Мария. ",О гномах и сиротке Марысе.,,
2470,"История о львице, воспитавшей царского сына. (Загл. обл.).","КАССИРОВ, Иван. ","Правдивая повесть о том, как львица воспитала царского сына.",,
2471,История о неуловимом билете: Рассказы. Очерки. Фельетоны.,"ГАЙДАР, Аркадий.",,,
2472,История о петухах.,СОЧИНИТЕЛЬ КИСЛЫХ ЩЕЙ.,,,
2473,"История о прекрасном царевиче По-лиционе и о двух его супругах Антониде и Бадуре, и о двух его сынах Ассаде и Амтиаде: В 2-х ч. Ч. 1—2.",Имя авт. не установлено.,,,
2474,История о привидениях.,Имя авт. не установлено.,,,
2475,История о рыцаре Петре Золотых ключах. (Загл. обл.).,Имя авт. не установлено. ,История о храбром и непобедимом рыцаре Петре Золотых ключах и о прекрасной принцессе Магелоне.,,
2476,"История о славном и неустрашимом рыцаре-богатыре Сиде Кампеадоре, христианском герое и грозе бусурман и прекрасной принцессе Ксимене.",Имя авт. не установлено.,,,
2477,"История о славном и сильном витязе Еруслане Лазаревиче, о его храбрости и невообразимой красоте царевны Анастасии Вахрамеевны.",Имя авт. не установлено.,,,
2478,История о славном и храбром богатыре Илье Муромце и о Соловье-раз-бойнике; История о славном и храбром витязе Бове королевиче и смерти отца его.,Имя авт. не установлено.,,,
2479,История о славном и храбром витязе Бове королевиче и смерти отца его.,Имя авт. не установлено. ,,История о славном и храбром богатыре Илье Муромце и о Соловье-раз-бойнике...,
2480,История о славном короле Брунц-вике.,Имя авт. не установлено.,,,
2481,"История о славном рыцаре Поли-ционе, египетском царевиче, получившем себе за храбрость и силу в замужество прекрасную королеву Милитину, и о сыне их, дивном в героях, Херсоне: Ч. I.",Имя авт. не установлено.,,,
2482,"Истории о том, как львица воспитала царского сына.",Имя авт. не установлено.,,,
2483,"История о том, как реб Хаим-Шулим Фейгис путешествовал из Кишинева в Одессу, и что с ним случилось.","РАБИНОВИЧ, Осип Ааронович.",,,
2484,"История о том, как Хома Горобец купил сам у себя свою свиную тушу: Истинное происшествие.","ГОЛОХВАСТОВ, К. К.",,,
2485,"История о том, как я, полный вдохновения и сладких надежд, вылетел в трубу и как после этого перевернулся из куля в рогожу: Статья не изящной словесности.","СУСЛОВ, Николай.",,,
2486,"История о храбром и знаменитом рыцаре Иосифе Прекрасном и о несчастной королевской дочери Терезии, взятой в плен морскими разбойниками.","РИЧКОВ, К. ",,,
2487,История о храбром и непобедимом рыцаре Петре Золотых ключах и о прекрасной принцессе Магелоне.,Имя авт. не установлено. ,История о рыцаре Петре Золотых ключах.,,
2488,История о храбром рыцаре Фран-цыле Венциане и о прекрасной королевне Ренцывене.,"ИСАЕВ, Федор М.",,,
2489,История об одной кормилице.,"ДОРОШЕВИЧ, Влас Михайлович.",,,
2489а,История одного американского города: Роман.,"ГОЛЛАНД, Джозиа Джиль-берт.",,,
2490,История одного американского школьника.,"ОЛДРИЧ, Белей (ОЛДРИЧ, Томас Бейли).",,,
2491,История одного бедняка: Рассказы.,"ТУССЕЛЬ, Жан.",,,
2492,История одного брака: Пьеса в 4-х д.,"АЛЕКСАНДРОВ, Владимир Александрович.",,,
2493,История одного брака; Танцовщица; Разговор; Митино горе: [Рассказы].,"МАЙКОВ, Михаил.",,,
2494,«История одного брака» и другие рассказы.,"СТРИНДБЕРГ, Август.",,,
2495,История одного Великого неудачника.,"ШПАНОВ, Николай Николаевич.",,,
2496,История одного взрыва.,"ОХОТНИКОВ, Вадим Дмитриевич.",,,
2497,История одного волка.,"ТОМПСОН-СЕТОН, Э. (СЕТОН-ТОМПСОН, Эрнест).",,,
2498,История одного волчонка: Рассказ.,"ВАСИЛЬЕВ, Максим.",,,
2499,История одного воробья: Рассказ.,"БЕЗОБРАЗОВА, Мария Сергеевна.",,,
2500,История одного города: По подлинным документам.,"САЛТЫКОВ-ЩЕДРИН, Михаил Евграфович. ",История города Глупова.,,
2501,История одного грача: Рассказ.,"ДУ-ДОРОВ, П. (ОРЛОВЕЦ, П.).",,,
2502,История одного детства.,"ВОДОВОЗОВА, Елизавета Николаевна.",,,
2503,История одного домика: Рассказ.,"СЛИВИЦКИЙ, Алексей Михайлович.",,,
2504,История одного женского сердца: Драма в 4-х д.,"БЬЕРНСТОН-БЬЕРСОН (БЬЕРНСОН, Бьернстерне).",,,
2505,История одного завещания: Рассказы о Суворове.,"ГРУСЛАНОВ, Владимир Николаевич, ЛОБОДИН, Михаил Павлович.",,,
2505а,История одного золотого.,"АЛЕКСАНДРЫ, Василе.",,,
2506,История одного каторжанина.,"ВО- РОНИЦЫН, Иван Петрович.",,,
2507,История одного комара: (Cules pipiens). Посвящается поклонникам Коха.,"СТАМАТИ, Константин Константинович (СТАМАТИ-ЧУРЯ, Константин Константинович) .",,,
2508,История одного коммунара; Парижская Коммуна 1871.,"ЭНВЕ (ПЕРЕПЕЧКО, Наталия Алексеевна).",,,
2509,История одного крестьянина.,ЭРКМАН-ШАТРИАН.,,,
2510,История одного кролика.,"ТОМПСОН-СЕТОН, Эрнест (СЕТОН-ТОМПСОН, Эрнест) .",,,
2511,История одного лагеря: [Повесть].,"ПЕТРОВ, В. (КЕТЛИНСКАЯ, Вера Казимировна).",,,
2512,История одного литейщика.,"ЛУ- ЖАЕВ, А.",,,
2513,История одного маленького человека.,"ХАЛЬТ, Мари-Роберт (ГАЛЬТ, Мари-Роберт) . ",История маленького человека.,,
2514,История одного мальчика.,"ДОДЕ, Альфонс.",,,
2515,История одного мальчишки.,"СЭВЛИ, Леонид.",,,
2516,История одного матроса: Подлинная история из далекого прошлого. Повесть.,"СТАНЮКОВИЧ, Константин Михайлович.",,,
2517,История одного наци.,"ОЛЬДЕН, Бальдер.",,,
2518,История одного обеда.,"ГОЛЬБЕРГ, Ефим Яковлевич (ДОРОШ, Ефим), РЕЗНИК, Михаил Борисович",,,
2519,История одного одинокого: (Франк Иельм). Роман в 3-х ч.,"КРАГ, Томас.",,,
2520,История одного пильщика: Рассказ.,"МАМИН-СИБИРЯК, Дмитрий Наркисович.",,,
2521,История одного покушения: Героическая хроника в 2-х ч. с отступлениями в разных жанрах и фейерверком.,"ЛУНГИН, Семен Львович, НУСИНОВ, Илья Исакович.",,,
2522,История одного полушубка: Повести.,"ШАРИПОВ, Адий Шарипович.",,,
2523,История одного помощника школьного учителя.,ЭРКМАН-ШАТРИАН.,,,
2524,История одного поселянина: Роман.,"ВИЛСОН, Александр Джонстон.",,,
2525,История одного праведника: [Из романа «Отверженные»].,"ГЮГО, Виктор.",,,
2526,История одного праведника: Рассказ.,"ФЕДОРОВ, П.",,,
2527,История одного предательства: Драма в 2-х д.,"ГОЛЬДФЕЛЬД, Владимир Александрович.",,,
2528,История одного предательства: Историческая хроника.,"ГЮГО, Виктор.",,,
2529,История одного преступления: (Власть сердца). Из воспоминаний судебного следователя. Роман.,"ЭНПЕ (ПОПОВ, Николай Елиазарович).",,,
2530,История одного преступления: Показание свидетеля.,"ГЮГО, Виктор. ",История одного предательства.,,
2531,История одного преступления: Рассказ.,"АЙЗМАН, Давид Яковлевич.",,,
2532,История одного приказа: (В оккупированной румынами Бессарабии).,"ЛАРСКИЙ, Л. С.",,,
2533,История одного путешествия; Возвращение в жизнь; Через двадцать лет: Повести.,"АНДРЕЕВ, Вадим Леонидович.",,,
2534,История одного развода: Роман. В 2-х ч.,"СЕВЕРИН, Н. И. (МЕРДЕР, Надежда Ивановна).",,,
2535,История одного ребенка: Повесть.,"ДОДЭ, Альфонс (ДОДЕ, Альфонс).",,,
2536,История одного самовара: Рассказ.,"БРИЛЛИАНТОВ, Алексей Георгиевич.",,,
2537,История одного сбора: Повесть.,"КОТОВЩИКОВА, Аделаида Александровна.",,,
2538,История одного убийства: ' [Рассказы].,"ГРИН, Александр.",,,
2539,История одного убийства: Роман.,"ПАВЛОВСКИЙ, Исаак Яковлевич.",,,
2540,История одного увлечения: . Пьеса в 4-х д.,"РАДЗИВИЛЛОВИЧ, Иероним Владиславович.",,,
2541,История одного финикиянина.,"КАЭН, Леон.",,,
2542,История одного цыпленка: Рассказ для детей.,"К-Н, П.",,,
2543,История одного человека: Роман.,"ГРОТТГУС, Жанно",,,
2544,История одной американки: Роман.,"ЛЬЮИС, Синклер.",,,
2545,История одной артели.,"ЛОПАТИНА, Софья Алексеевна.",,,
2546,История одной бомбы: Повесть из жизни революционной Польши.,"СТРУГ, Андржей (СТРУГ, Анджей).",,,
2547,История одной бороды: (Из дневника одной дамы).,М-,,,
2548,История одной дворняжки. (Загл. обл.).,"ЛЮБИЧ-КОШУРОВ, Иоасаф Ариано-вич. ",Приключения одной дворняжки. (Рассказаны ею самой).,,
2549,История одной девочки: Повесть.,"ВОСКРЕСЕНСКИЙ, Федор Федорович.",,,
2550,История одной девочки: Повесть.,"ПЕТРОВА, Евгения Николаевна.",,,
2551,История одной девочки: Повесть.,СИЗОВА. ,,,
2552,История одной девушки: Рассказ.,"МЕЖЕВАЯ, София Александровна.",,,
2553,История одной души: Из воспоминаний матери.,"УРУСОВА, М.",,,
2554,История одной души: [Роман].,"УЭЛЛС, Герберт Джордж.",,,
2555,История одной женской души: Дневник.,"ОЛЬ, Люси (НОЛЬДЕ, Людмила Александровна).",,,
2556,История одной женской души: Роман.,"ШПИЛЬГАГЕН, Фридрих.",,,
2557,История одной жизни: [Воспоминания о поэтессе Е. Ширман].,"КОМАРОВА, Татьяна А.",,,
2558,История одной жизни: Повесть.,"СИГУРД (ХЕДЕНШТЕРН) (ГЕДЕНСТЕРН, Альфред).",,,
2559,История одной жизни: Повесть в 2-х ч.,"ВЕРБИЦКАЯ, Анастасия Алексеевна.",,,
2560,История одной жизни: [Повесть в рассказах].,"ЗОЩЕНКО, Михаил Михайлович.",,,
2561,История одной жизни: [Повесть].,"СТАНЮКОВИЧ, Константин Михайлович. ",Антошка.,,
2562,История одной жизни: [Рассказ].,"СЕМЕНОВА, Агриппина.",,,
2563,История одной жизни: [Рассказы].,"ТУССЕЛЬ, Жан.",,,
2564,История одной жизни: Роман.,"ЗОРЬЯН, Стефан.",,,
2565,История одной жизни: Роман.,"МОПАССАН, Гюи де (МОПАССАН, Ги де).",,,
2566,История одной жизни: (Учительница). [Повесть].,"РЕМОНИДЗЕ, С.",,,
2567,История одной забастовки.,"СЕРАФИМОВИЧ, Александр.",,,
2568,История одной записной книжки: Фантастическая повесть.,"ФРАДКИН, Борис Захарович.",,,
2569,История одной «коммуны».,"ПОТАПЕНКО, Игнатий Николаевич.",,,
2570,История одной конфискации.,"ФРАНКО, Иван Яковлевич. ",,Звериный бюджет...,
2571,История одной королевы: Сказка.,КАРМЕН СИЛЬВА.,,,
2572,История одной лжи.,"СТИВЕНСОН, Роберт Льюис.",,,
2573,История одной лошади.,ГОДОЛЬ-ФИН-АРАБИАН.,,,
2574,История одной любви: (Виктория).,"ГАМСУН, Кнут. ",Виктория. (История одной любви).,,
2575,История одной любви: Ленинградская повесть.,"РОЗЕНФЕЛЬД, Семен Ефимович.",,,
2576,История одной любви: Повесть.,"БРЕЗАН, Юрий.",,,
2577,История одной любви: Стихотворения.,"ГЕРРА, Константин (МАЗУРИН, Константин Митрофанович).",,,
2578,История одной малиновки: Повесть.,"ВЕРГА, Джованни. ",Несчастье девушки.,,
2579,История одной Марии. Роман.,"БАЙОН, Андрэ.",,,
2580,История одной маркизы: Новые рассказы.,"ДЖЕРОМ, Джером Клапка. ",Женское сердце.,,
2581,История одной матери; Кто ж в этом сомневается; Навозный жук.,"АНДЕРСЕН, Ганс-Христиан. ",Мать; Рассказ об одной матери.,,
2582,История одной ночи: Записки офицера.,"МОМЫШ-УЛЫ, Баурджан.",,,
2583,История одной поездки: Рассказы.,"ВОРОНИН, Сергей Алексеевич.",,,
2584,"История одной поездки, повествующая о путешествии на речном пароходе и содержащая рассказы разных лиц о красной повязке, свободной любви, чистом искусстве и других немаловажных вещах, а также заключающая в себе размышления автора о том, какие бывают романтики, и сопровождаемая рисунками автора.","ЛИХОДЕЕВ, Леонид.",,,
2585,История одной полярной зимовки: Рассказ.,"НОСИЛОВ, Константин Дмитриевич.",,,
2586,История одной работницы: Воспоминания подпольщицы.,"МАРКОВСКАЯ, София Борисовна.",,,
2587,История одной семьи: (Немцы). Пьеса в 3-х д. с эпилогом.,"КРУЧКОВСКИЙ, Леон.",,,
2588,История одной сенсации: Повести-памфлеты.,"ТОМАН, Николай.",,,
2589,История одной серебристой лисицы: Жизнь Домино из города Гольдер.,"ТОМПСОН-СЕТОН, Э. (СЕТОН-ТОМПСОН, Эрнест).",,,
2590,История одной сиротки.,"РУСАКОВ, Виктор (ЛИБРОВИЧ, Сигизмунд Феликсович) .",,,
2591,История одной служанки.,"МОПАС- САН, Гюи де (МОПАССАН, Ги де). ",История служанки на ферме; История батрачки с фермы; Девушка с фермы; История деревенской служанки; История одной работницы; История работницы с фермы; На ферме.,,
2592,История одной собаки: Рассказ.,"ТВЭН, Марк (ТВЕН, Марк).",,,
2593,История одной судьбы: Роман.,"ОВАЛОВ, Лев.",,,
2594,История одной уставной грамоты.,"ЗАСОДИМСКИЙ, Павел Владимирович.",,,
2595,История одной юности: Роман.,"ШУТОВ, Иван Никитич.",,,
2596—2597,История осла.,"СТАЛЬ, Пьер Жюль. ",Приключения осла и двух маленьких девиц.,,
2598,История парикмахерской куклы или Последняя любовь московского архитектора М: Романтическая повесть.,"БОТАНИК X (ЧАЯНОВ, Александр Васильевич).",,,
2599,"История Пенденниса, его приключений и бедствий, его друзей и величайшего врага: Роман. Ч. 1-2.","ТЕККЕРЕЙ, Вильям (ТЕККЕРЕЙ, Уильям Мейкпис).",,,
2600,История переселенцев Будлеров: Рассказ.,"ГЕХТ, Семен Григорьевич.",,,
2601,История Пикото.,"ЖУССЕ, Г.",,,
2602,История Платтнера:      Рассказы.,"УЭЛЛС, Герберт Джордж.",,,
2603,История плута: Роман.,"КОЛЛИНЗ, Уилки. ",,,
2604,История покинутого мальчика: Повесть.,"БЮСНАХ, Вильям Бертран (БЮСНАК, Вильям Бертран).",,,
2605,История покойного Ильвсгема.,"УЭЛЬС, Герберт (УЭЛЛС, Герберт Джордж).",,,
2606,История покойного мистера Эльве-шэм.,"УЭЛЛС, Герберт Джордж.",,,
2607,История полковника Джека.,"ДЕФО, Даниэль.",,,
2608,История приключений Джозефа Энд-руса и его друга Абраама Адамса: Написано в подражание манере Сервантеса.,"ФИЛЬДИНГ, Генри.",,,
2609,История про Кенту: Повесть.,"МАЛЬ-МБЕРГ, Стиг.",,,
2610,"История про Фоку, в котором не было проку.","БЕССРЕБРЕННИК, Козьма.",,,
2611,История пропавшего корабля.,"ИВАНОВ, Юрий Николаевич.",,,
2612,История пухленькой дамочки: Новые письма к Франсуазе.,"ПРЕВО, Марсель. ",История пышечки.,,
2613,История пышечки: Рассказ.,"ПРЕВО, Марсель.",,,
2614,История пяти горошин.,"АНДЕРСЕН, Ганс-Христиан. ",Пятеро из одной шелухи; Пять горошинок в одном стручке; Пять из одного стручка.,,
2615,История пяти хвостов: Пьеса в 4-х д. (с прологом).,"ЛЕВИН, Лев Давидович.",,,
2616,История радости: Роман; Право молодости: Повесть. Рассказы.,"ЛЕ, Иван.",,,
2617,"История Расселаса, принца абиссинского.","ДЖОНСОН, Самюэл.",,,
2618,"История рассказчика: Повесть американского писателя о его странствиях в мире его собственной фантазии и в мире фактов, иллюстрированная многочисленными эпизодами и замечаниями о других писателях и рассказанная во многих записях, в четырех книгах и эпилоге.","АНДЕРСОН, Шервуд.",,,
2619,История рекрута: Роман.,ЭРКМАН-ШАТРИАН.,,,
2620,История Рима: В стихах.,ВАЛ К.,,,
2621,История римского права: Миниатюра. Оригинальная сцена в подъемной машине.,"ГРЕЙ, С. (РОЗОВСКИЙ, Александр Константинович) .",,,
2622,"История России, рассказанная в беседах деда со своими внуками.",С...В.,,,
2623,История русского государства и Великая битва народов: Поэма.,"ПЕРЕДЕ-РЕЙ, Н. И.",,,
2624,История рыжего Никанора: Отрывок из романа «Я люблю».,"АВДЕЕНКО, Александр Осипович.",,,
2625,История с географией: [Рассказы].,"КАССИЛЬ, Лев Абрамович.",,,
2626,"История с географией: Рассказы Антуана Рэста, внука, сына, отца и деда.","СУТОЦКИЙ, Сергей Борисович.",,,
2627,История с Гулом.,"ГЕДРОЙЦ, Василий Юстович.",,,
2628,История с костюмом или Похождения Сантиной.,"БЕЛЯКОВ, А. Н.",,,
2629,История с метранпажем: Комедия в 1-м д.,"ВАМПИЛОВ, Александр Валентинович.",,,
2630,История с мышью.,"БУШ, Вильгельм. ",,Ловкий ездок...,
2631,История Сары: Истинное происшествие.,Имя авт. не установлено.,,,
2632,История села Горохина.,"ПУШКИН, Александр Сергеевич. ",Село Горохино. Изд. также под загл.: История села Горюхина.,,
2633,История села Горюхина.,"ПУШКИН, Александр Сергеевич.",,,
2634,История семейства Гэдсби; Под сенью деодаров.,"КИПЛИНГ, Редиярд.",,,
2635,История семейства Доброчадских.,"ШЕРВУД, Мери Марта.",,,
2636,"История семейства Честер и двух маленьких сирот, рассказанная «Стальным зубом».","СТАЛЬ, Пьер Жюль, ГЮГ, Вильям.",,,
2637,"История семи мальчиков и одной девочки, их кузины, или «Тетушкин холм».","ОЛЬКОТТ, Луиза М. (ОЛКОТТ, Луиза Мей).",,,
2638,История скворушки: Рассказ.,"ЛУКАШЕВИЧ, Клавдия.",,,
2639,История служанки.,"ГОНКУР, Эдмонд де, ГОНКУР, Жюль де.",,,
2640,История служанки на ферме: Рассказ.,"МОПАССАН, Гюи де (МОПАССАН, Ги де).",,,
2641,История старого сада.,"МААРИ, Гурген.",,,
2642,История Сяо-Цзя: Повесть.,ЦАО МИН.,,,
2643,"История Тома Джонса, найденыша: Роман. Т. 1—3.","ФИЛЬДИНГ, Генри.",,,
2644,История трех колосков: Повесть.,"МУСАТОВ, Алексей Иванович.",,,
2645,История трех святых и некоторых посторонних: Сатирический роман.,"БУХОВ, Аркадий Сергеевич.",,,
2646,История тринадцати: Сцена из парижской жизни.,"БАЛЬЗАК, Оноре де.",,,
2647,История удивительного рыцаря ДонКихота Ламанчского.,"СЕРВАНТЕС СААВЕДРА, Мигель де.",,,
2648,История царствования Дома Романовых: В стихах.,"КАРПОВСКИЙ, Пантелей Павлович.",,,
2649,История чайной чашки.,"КЭМПФЕН, Альберт.",,,
2650,История человечества в изложении тети Полли.,"СТЮАРТ, Донэльд Огден.",,,
2651,История чересчур доброй собаки.,"ШЕРВИЛЬ, Гаспар Жорж.",,,
2652,История черного сюртука: Рассказ из рабочей жизни.,"КРЕТЦЕР, Макс.",,,
2653,История четырех братьев: Роман.,"БАКИНСКИЙ, Виктор Семенович.",,,
2654,История четырех названий.,"ЯКОВЕНКО, Григорий Прокофьевич.",,,
2655,История школьного учителя: (История одного помощника школьного учителя; Бумаги г-жи Жаннеты; Ораторы моей деревни; Доброе старое время); Польский жид: Драма в 3-х д.,ЭРКМАНН-ШАТРИАН (ЭРКМАН-ШАТРИАН).,,,
2656,История Эдварда Деккера: Повесть.,"ВЫГОДСКАЯ, Эмма Иосифовна. ",Пламя гнева.,,
2657,История юной Ренаты Фукс: Роман.,"ВАССЕРМАН, Якоб.",,,
2658,История яхты «Паразит»: Роман.,"СЕРГРЭВ, Эдлис.",,,
2659,Источник: Повесть.,"ДВОРЕЦКИЙ, Игнатий.",,,
2660,Источник: Стихи.,"ПОСНИЧЕНКО, Сергей Васильевич",,,
2661,Источник: Стихи.,"СЕЙТЛИЕВ, Кара.",,,
2662,Источник вдохновения:  Лирика.,"ФЕЙЕРАБЕНД, Евгений Витальевич.",,,
2663,Источник Вилли; Свадебная поездка; Покушение; Остановка Агасфера.,ВИЛЛИ.,,,
2664,Источник жалости: Слезы Тагарнаты. (Индийская легенда).,"ХИРЬЯКОВ, Александр Модестович.",,,
2665,Источник жизни: Рассказы.,"ЛИНЬКОВ, Лев Александрович.",,,
2666,Источник красоты: Рассказы и очерки.,ПРОКША,,,
2667,"Источник правды: Драма-сказка в 3- х карт, с прологом и эпилогом.","РЫЖОВА, Людмила Николаевна.",,,
2668,Источник святой Екатерины или Отцом проданный сын: В 8-ми ч.,"ДЮКРЭ-ДЮМИНИЛЬ, Франсуа Гийом.",,,
2669,Источник святой Клары.,"ФРАНС, Анатоль.",,,
2670,Источник силы: (Афоризмы). Кн. I.,"НОН, Эсма.",,,
2671,Источник силы: Очерки и рассказы.,"КАНТОРОВИЧ, Владимир Яковлевич.",,,
2672,Источник силы: Пьеса в 4-х д.,"ГЕЛЬБАК, Павел Александрович.",,,
2673,Источник счастливой жизни: Рассказ.,"ГЕНЕРОЗОВА, А.",,,
2674,Источник юности: Философская драма в 5-ти актах.,"РЕНАН, Эрнест Жозеф.",,,
2675,Истребители: Героическая комедия в 4- х актах.,"ЧАЛАЯ, Зинаида.",,,
2676,Истребители: Повесть.,"МЕЛЬНИК, Владимир Кононович.",,,
2677,Истребители вступают в бой: Повесть.,"БЕРЕЗОВОЙ, Иван Никифорович.",,,
2678,Истребители идут наперехват.,"СО- РОКИН, Захар Артемович.",,,
2679,Истребитель 2: Научно-фантастический роман.,"БЕЛЯЕВ, Сергей Михайлович.",,,
2680,Истребитель — 17°: Пьеса в 4-х д.,"ФАТУЕВ, Роман.",,,
2681,Истребительный батальон: Повесть.,"РОМАНОВ, Александр Николаевич.",,,
2682,Ист-Сайд.,"ГОЛД, Майкл.",,,
2683,Истые рыцари: Рассказы и очерки.,"ФЕДОРОВ-ДАВЫДОВ, Александр Александрович.",,,
2684,Исус младенец.,"ЕСЕНИН, Сергей Александрович.",,,
2685,Исход: Драма в 4-х д.,"СЕВЕРИН, Н. (МЕРДЕР, Надежда Ивановна).",,,
2686,Исход: [Поэма в стихах].,"ПОЛУКОВ-СКИЙ, И. В. ",,Маккавеи...,
2687,Исход: Роман.,"ПРОСКУРИН, Петр Лукич.",,,
2688,Исход Никпетожа: Дневник Кости Рябцева.,"ОГНЕВ, Николай.",,,
2689,Исходный рубеж: Стихи.,"СИЛКОВ, Николай Иванович.",,,
2690,Исходящие: Трагикомедия в 3-х актах.,"ЯЛЬЦЕВ, Павел Дмитриевич.",,,
2691,Исцеление: Рассказ.,"ДИНКЛАГ (ДИНКЛАГЕ-КАМПЕ, Эмми).",,,
2692,Исцеление: [Роман].,"ХАБАРОВ, Михаил Николаевич.",,,
2693,Исцеленный король: Хроника племени эссазамов. Роман.,"МОНГО, Бети.",,,
2694,Исцелитель: Рассказ.,"ПОДЪЯЧЕВ, Семен Павлович.",,,
2695,Исчез: Роман.,"ДЮ-БУАСГОБЕЙ, Ф. (ДЮБУАГОБЕЙ, Фортюнэ). ",Шпион.,,
2696,Исчезаю в весне: Стихи.,"МЕТС, Арво Антонович.",,,
2697,Исчезающие богатыри: Из путешествий.,"ГЕМИНГ, Артур.",,,
2698,"Исчезло, как сон: Повести и рассказы.",ЛАЗДИНУ ПЕЛЕДА.,,,
2699,Исчезновение Вадима Дронова.,"КОМАРОВ, Георгий Иванович.",,,
2700,Исчезновение Душечкина.,"ЕГОРОВ, Григорий Иванович.",,,
2701,Исчезновение инженера Боброва: Научно-фантастический рассказ.,"САПАРИН, Виктор Степанович.",,,
2702,Исчезновение Маркуса О'Бриена: Рассказы.,"ЛОНДОН, Джек.",,,
2703,Исчезнувшее село: Историческая повесть.,"ЮРЕЗАНСКИЙ, Владимир.",,,
2704,Исчезнувшие слова.,"КУКИНОВА, Вера Тимофеевна.",,,
2705,Исчезнувшие тени: Роман.,"ФОГАЦ-ЦАРО, Антонио.",,,
2706,Исчезнувший: Роман.,"НИБЕЛ, Флетчер.",,,
2707,Исэ Моногатари: Лирическая повесть древней Японии.,Имя авт. не установлено.,,,
2708,Ита Гайне.,"ЮШКЕВИЧ, Семен Соломонович.",,,
2709,"Итак, кто же?: Из кабинета следователя.","ЧЕРНЯВСКИЙ, Юрий Михайлович.",,,
2710,Италийские фрески: Очерки и рассказы из записной книжки русского путешественника по Италии.,"ВОЕЙКОВ, Сергей Валерьянович.",,,
2711,Италия: Избранные страницы.,"ЛИ, Вернон (ПАДЖЕ, Виоле).",,,
2712,Италия: Поэма.,"СОЛОВЬЕВ, Сергей Михайлович.",,,
2713,Итальянец или Исповедная черных кающихся: Повесть. Ч. 1—3.,"РАДКЛИФ, Анна.",,,
2714,Итальянская  баллада: Героическая драма в 10-ти карт.,"АЛИЕВ, Нариман Ибрагимович.",,,
2715,Итальянская  дуэль.,"ПРЕСБЕР, Рудольф.",,,
2716,Итальянская легенда.,"ЛЕМАН, Анатолий Иванович.",,,
2717,Итальянская осень: Воспоминания об одной поездке.,"КОПТЕЛОВ, Афанасий Лазаревич.",,,
2718,Итальянские  артисты:    Повесть.,"САНД, Жорж.",,,
2719,Итальянские  встречи:   [Очерки].,"БРАНДЫС, Мариан.",,,
2720,Итальянские встречи: Стихи.,"БАЖАН, Микола Платонович.",,,
2721,Итальянские разбойники: Истинные и странные приключения на дороге в Италию. Характеристическая картина итальянского народа.,"ИРВИНГ, Вашингтон.",,,
2722,Итальянские странички.,"КОЧЕТОВ, Всеволод Анисимович.",,,
2723—2724,Итальянские хроники: Вит-тория Аккорамбони; Ченчи; Герцогиня Палья-но; Ванина Ванини; Сан-Франческо-а-Рипа.,СТЕНДАЛЬ.,,,
2725,Итальянский дневник.,"ШАГИНЯН, Мариэтта Сергеевна.",,,
2726,«Итальянское письмо» и другие стихи.,"ЖАРОВ, Александр Алексеевич.",,,
2726а,Итларь: Рассказ.,А. Н.,,,
2727,Итог: Стихи.,"ГУЛЯМ, Гафур.",,,
2728,Итоги: Драма в 4-х д.,"ЛИТОВСКИЙ, С.",,,
2729,Итоги: Пьеса в 1-м д.,"ФУЛЬДА, Людвиг.",,,
2730,Итоги: Вып. I. Стихотворения.,"ГОРОДЕЦКИЙ, Иван.",,,
2731,Итоги жизни: Драма в 4-х д.,"ГРАНД-МЕЗОН, К. П.",,,
2732,Итоги жизни: Повести и рассказы.,"КАРАУЛОВ, Михаил Федорович.",,,
2733,Итоги любви:      Трагикомический эпизод в 1-м д.,"ЗЛАТОКУДРОВ (ЛУКЬЯНОВ, Александр Александрович).",,,
2734,Итоги пережитого: Стихотворения врача.,"МИЦКИЙ, Василий Андреевич.",,,
2735,Итоги прошлого: Драма в 5-ти д.,ДУРОВ,,,
2736,Итоги прошлого...: (Заключительные страницы из дневника одной падшей).,"БЕДНЫЙ, А.",,,
2737,Итоги сердца: Трагикомедия в 6-ти звеньях.,"ДЕРЖАВИН, Виталий Петрович.",,,
2738,Итоги: Стихи.,"ТРЕТЬЯКОВ, Сергей Михайлович.",,,
2739,Итге: Поэма.,"СТРАХОВА, Мария Васильевна",,,
2740,Ить-Аяк и другие.,"ГЕОРГИЕВСКАЯ-ДРУЖИНИНА, Евгения Васильевна.",,,
2741,Иуда: Повесть.,"ГЕДБЕРГ, Тор Га-ральд.",,,
2742,Иуда: Сценарий.,"БЛЯХИН, Павел Андреевич.",,,
2743,Иуда Искариот: Драматическая поэма в 5-ти д.,"ШМИДТ, Элиза.",,,
2744,Иуда Искариот: Поэма.,ПОПОВ,,,
2745,Иуда Маккавей: Драма.,"ЛОНГФЕЛЛО, Генри Уодсуорт.",,,
2746,Иудейская война: Роман.,"ФЕЙХТВАНГЕР, Лион.",,,
2747,Иудины деньги: (Фабричные). Драма из жизни рабочих в 3-х д.,"ЛЕОНИДОВ, В. (КВЕЦИНСКИЙ, Виктор Францевич).",,,
2748,Иудифь: Поэма по библейскому тексту в драматической форме в стихах в 5-ти д.,"ШАХОВА, Елизавета Никитична.",,,
2749,Иудифь: Трагедия в 5-ти актах.,"ДЖИАКОМЕТТИ, Паоло (ДЖАКОМЕТТИ, Паоло).",,,
2750,Иустина.,"ДЕ АМИЧИС, Эдмондо.",,,
2751,Ифака.,"МЕНГЕ, Рудольф.",,,
2752,Ифигения: Драма в 4-х д.,"БУРЕНИН, Виктор Петрович.",,,
2753,Ифигения: Трагедия в 5-ти д.,"РАСИН, Жан Батист.",,,
2754,Ифигения в Авлиде: Драма.,ЕВРИПИД. ,Эфигения-жертва.,,
2755,Ифигения в Авлиде: Трагедия в 5-ти д.,"РАСИН, Жан Батист.",,,
2756,Ифигения в Тавриде: Лирическая сцена.,"ЩЕРБИНА, Николай Федорович.",,,
2757,Ифигения в Тавриде: Трагедия.,"ГЕТЕ, Иоганн Вольфганг.",,,
2758,Ифигения в Тавриде: Трагедия.,ЕВРИПИД.,,,
2759,Их было пять: (Из летописей освободительного движения).,"НЕМИРОВИЧ-ДАНЧЕНКО, Василий Иванович.",,,
2760,Их было три: Роман.,"ЭЗЕРА, Регина.",,,
2761,Их было трое.,"ЛУЦЕВИЧ, Олег Александрович. ",,Пиропы...,
2762,Их было трое: Комедия в 5-ти д.,"ТЕНЧУРИН, Карим Алиевич.",,,
2763,Их было трое: [Очерки].,"ГЛУХОВ-СКИЙ, Самуил Давидович.",,,
2764,Их было трое: Повесть.,"ШЕЛЕПОВ, Борис Федорович.",,,
2765,Их было трое: [Рассказ].,"ГАЗИ, Ибрагим.",,,
2766,Их было трое: [Рассказы].,"ФИЛИМОНОВ, Михаил Алексеевич.",,,
2767,Их было четверо: Героическая драма в 3-х д.,"ИШМУРАТОВ, Риза Фахрутди-нович.",,,
2768,Их было четверо: [Партизанские рассказы].,"БРЯНЦЕВ, Георгий Михайлович.",,,
2769,Их везде ждут мины.,ШАО ЦЗЫ-НАНЬ.,,,
2770,"Их верность: Рассказы об олене Га-рюшке, о кобыле Снежинке, о кавказской овчарке Кольте, о коте Рыжике и еще об одном котенке и двух собаках, которых я тоже знал.","ВИРТА, Николай Евгеньевич.",,,
2771,Их водила молодость: Повесть.,"ЯКУТСКИЙ, Николай.",,,
2772,Их ждала жизнь: Роман-хроника.,"ДОРБЕ, Герберт Валтович.",,,
2773,Их жизнь: Повесть о беспризорных ребятах.,"ЯКОВЛЕВ, Полнен Николаевич.",,,
2774,Их лица: (Комсомольские очерки).,"СКОРИНКО, Иван Владимирович.",,,
2775,Их любовь.,"ГАЛЕЕВ, Тариф За- ",,,
2776,Их мало победить! (1757—1759 гг.).,"РАЗИН, Алексей Егорович.",,,
2777,Их не снесет: (Пять невыдуманных историй).,"ВИННИЧЕНКО, Иван Федорович.",,,
2778,Их нельзя остановить.,"МОЛОСТНОВ, Геннадий Модестович.",,,
2779,Их письма: Из фронтовых рассказов.,"ХОРУЖИЙ, Павел.",,,
2780,Их приключения: Роман.,"БРЕШКО-БРЕШКОВСКИЙ, Николай Николаевич.",,,
2781,Их пятеро: Повесть.,"БРАЖНИН, Илья.",,,
2782,Их светлой памяти: Стихотворения. Рассказы.,"КРЫЛАТЫЙ, Николай.",,,
2783,"Их степенства: Юмористические очерки, сценки и картинки.","МЯСНИЦКИЙ, И. И.",,,
2784,Их торжество: Комедия в 5-ти д. в стихах.,"ПАНОВ, Николай Андреевич.",,,
2785,Их четверо: Трагедия глупых людей в 3-х д. С прологом и эпилогом.,"ЗАПОЛЬ-СКАЯ, Габриэля.",,,
2786,Ицек: [Рассказ].,"ПОЛИНОВСКИЙ, Михаил Б. ",,Еврейские типы...,
2787,«Ицек» и другие рассказы.,"ДУКШТ, Константин.",,,
2788,Ицка Рижинашвили: Трагедия.,"БА-АЗОВ, Герцель.",,,
2789,Ичкары: (Женская половина). Сборник рассказов.,"САЙФУЛЛИНА-АРСЛАНО-ВА, Лоляхан (САЙФУЛЛИНА, Лола-Хан).",,,
2790,Ишанская буча: Повесть.,"ЧЕПРУ-НОВ, Борис Васильевич.",,,
2791,"Ишкильды: Повести, рассказы.","РАФИКОВ, Маджит Магсумович.",,,
2792,Ишка и Милка: Рассказ.,"ПЕРОВСКАЯ, Ольга Васильевна.",,,
2793,Ищейка: Картины петербургской жизни. В 3-х отд.,"ТРОФИМОВ, Александр.",,,
2794,Ищейки: Драма.,"ВАН-ЛЕРБЕРГ, Шарль.",,,
2795,Ищи в себе: Стихи и поэмы.,"ШАДУР, Павел Яковлевич.",,,
2796,Ищи меня по карте: Стихи и песни.,"ПЛЯЦКОВСКИЙ, Михаил Спартакович.",,,
2797,Ищи на Амалге.,"ОСАДЧИЙ, Олег Мартинович.",,,
2798,Ищите женщину: Шутка в 1-м д.,"РУТКОВСКИЙ, Фаддей Викторович.",,,
2799,Ищите и найдете: Роман из эпохи XVIII века.,"ВОЛКОНСКИЙ, Михаил Николаевич.",,,
2800,Ищите маму!,"ВАЦЗЕМНИЕК, Лай-монис Мартынович.",,,
2801,Ищите меня за мельницей: Повесть и рассказы.,"СОЛНЦЕВ, Роман.",,,
2802,"Ищите мужчину!: Современная комедийная история в 2-х ч. с прологом, эпилогом и песнями.","СОЛОДАРЬ, Цезарь Са-мойлович.",,,
2803,«Ищите мужчину» и другие рассказы.,"ЗУДЕРМАН, Герман.",,,
2804,Ищите собаку!: Фельетоны и рассказы.,"БЕРКОВСКИЙ, Роман Григорьевич.",,,
2805,"Ищите смысла жизни, он есть: Жизненный поиск единичного человека. (12 художественных трактатов — 35 лет труда). Том первый. Логос времени; Гений женщины; Прогресс и смерть.","ПОЛЕВОЙ, Андрей Львович.",,,
2806,Ищите солнце в глухую полночь: Повесть.,"БОНДАРЕНКО, Борис Егорович.",,,
2807,Ищу алмазы: Стихи.,"ПОПОВ, Леонид Андреевич.",,,
2808,Ищу волшебный подснежник: Стихи.,"ГОГОЛЕВ, Иван Михайлович.",,,
2809,Ищу дружбу.,"МЕСХИ, Ия Семеновна.",,,
2810,Ищу жениха: Фарс в 1-м д.,"ВЕРШИНИН, Алексей Платонович.",,,
2811,Ищу молодость: Лирическая повесть.,"БАЯНОВ, Ахсан Фатхулбаянович.",,,
2812,Ищу наследство: Рассказы и повесть.,"АРЦИШЕВСКИЙ, Адольф Альфонсович.",,,
2813,Ищу незнакомку: Комедия в 3-х д.,"МОРОЗОВА, Галина.",,,
2814,Ищу отца: Шутка в 1-м д.,"ДЕРМАН, Феликс.",,,
2815,Ищу призвание: Повесть.,"СИТНИКОВ, Владимир Арсентьевич.",,,
2816,Ищу свою высоту: Роман.,"КОЛЕСНИКОВ, Михаил Сергеевич.",,,
2817,Ищу себя: (Документальная повесть).,"МИКУЛИНА, Елена Николаевна.",,,
2818,Ищу слова простые: Из стихов 1919—1969 гг.,"ЖОГОЛЕВ, Николай Федорович.",,,
2819,Ищу страну Синегорию: Повесть.,"ГУССАКОВСКАЯ, Ольга Николаевна.",,,
2820,Ищу судьбу: Очерки.,"КРИШТОФ, Елена Георгиевна.",,,
2821,Ищу счастье: Стихи.,"ГРИШИН, Владимир Семенович.",,,
2822,Ищу тебя: Роман.,"ВАРЛАМОВА, Инна.",,,
2823,Ищу тебя: Стихи и поэмы.,"ШАБАЕВ, Марс Садриевич.",,,
2824,"Ищу тебя, отец: Стихотворения и поэма.","БАЛ КАРОВА, Фоусат Гузеровна.",,,
2825,Ищу человека.,"ПОЛИЩУК, Сергей Петрович.",,,
2826,Ищут жену!: Комедия в 4-х д.,"СОКОЛОВ, Александр Алексеевич.",,,
2827,Ищут человека: Роман.,"ЗАХЕР-МА-ЗОХ, Леопольд фон.",,,
2828,Июль: Книга новых стихов.,"ПОЛЯКОВА, Надежда Михайловна.",,,
2829,Июль: [Стихи].,"ГОРОДСКОЙ, Яков.",,,
2830,Июль в Ойратии.,"ОВАЛОВ, Лев, ШАПОВАЛОВА, Антонина Александровна.",,,
2831,Июль високосного года: Повесть.,"МАКАРОВА, Нина Владимировна.",,,
2832,Июль — месяц знойный: Рассказы.,"ЛИПКАН, Александр Михайлович.",,,
2833,Июль на краю света.,"ДИМЧЕВ-СКИЙ, Николай Владимирович.",,,
2834,Июль — пора хлебная: Повесть.,"ИГНАТЕНКО, Виктор Павлович.",,,
2835,Июль 41 года: Роман.,"БАКЛАНОВ, Григорий.",,,
2836,Июльская гроза: Рассказ.,"ПЛАТОНОВ, Андрей.",,,
2837,Июльские заморозки: Повести. Дневник путешествий.,"КОЛЫХАЛОВ, Владимир Анисимович.",,,
2838,Июльский гром: Стихи.,"БАДАЕВ, Алексей Данилович.",,,
2839,Июльский дневник: Стихи.,"АФАНАСЬЕВ, Виктор Васильевич.",,,
2840,Июльский дождь:      Киноповесть.,"ГРЕБНЕВ, Анатолий Борисович, ХУЦИЕВ, Марлен Мартынович.",,,
2841,Июнь: Книга стихов.,"ПАНОВ, Ген- ",,,
2842,Июнь: Стихи.,"ГУРЕШИДЗЕ, Нодар Варламович.",,,
2843,Июнь: Стихи (1934—1940).,"МИХАЙЛОВ, Борис Николаевич.",,,
2844,Июнь без дождей: Повесть.,"ЧЕРНО-ГОЛОВИНА, Галина Васильевна.",,,
2845,Июнь в Париже: (Дорожные дневники).,"КАРАВАЕВА, Анна Александровна.",,,
2846,Июнь-июль: Повесть.,"МИТРОФАНОВ, Александр Георгиевич.",,,
2847,Июнь-корань: Драма в 3-х д.,"РОГАЛЬ, Николай Митрофанович.",,,
2848,Июнь-май: Повесть.,"ЕРАШОВ, Валентин Петрович.",,,
2849,Июнь моего поколения.,"САВИНОВ, Евгений Федорович.",,,
2850,"Июнь, начало лета: Лирические сцены в 2-х д.","ЭДЛИС, Юлиу Филиппович.",,,
2851,Июнь-река: Лирика.,"СИМАНОВИЧ, Давид Гиршович.",,,
2852,Июньская роза: Роман.,"ОЛИФАНТ, Маргарэт.",,,
2853,Июньские ночи: Стихи.,"МУСТАФИН, Камиль Ахмадиевич.",,,
2854,Июньским воскресным днем.,"ЗУБА-ВИН, Борис Михайлович.",,,
2855,Июньским днем: Рассказы.,"ВАЛЬЦЕ-ВА, Анна.",,,
2856,Июньское небо: (Летчики Севастополя).,"ИВИН, Александр.",,,
2857,Йозеф Мак: Роман.,"ЦИГЕР-ГРОН-СКИЙ, Йозеф.",,,
2858,Йынь с острова Кихну-дикий капитан: Представление с песнями в 5-ти карт.,"СМУУЛ, Юхан. ",,,
2859,К Архангельскому.,С...О.,,,
2860,"К бабушке, к дедушке!: Комедия в 3-х актах.","КАРПЕНКО, Галина Владимировна.",,,
2861,К баррикадам: (Воспоминания участника).,"ШИРЯЕВ, Петр Алексеевич. ",1905 год.,,
2862,К берегам Тигра: Повесть.,"МУГУЕВ, Хаджи-Мурат Магометович.",,,
2863,К берегу: Эквадорские нравы.,"МАРТИНЕС, Луис А.",,,
2864,К борьбе и свету.,"РАДЕЦКИЙ, Иван Маркович.",,,
2865,"К борьбе, труду, победе!: Избранные произведения.","БЕДНЫЙ, Демьян.",,,
2866,«К вам идет почтальон» и другие повести.,"ДРУЖИНИН, Владимир Николаевич.",,,
2867,К величественному дубу.,"КОНДРАТОВИЧ, Александр Андреевич. ",Величественному дубу.,,
2868,К вершинам искусства: Роман.,"АЛТАЕВ, Ал.",,,
2869,К вершинам счастья.,"РАХИМИ, Мухамеджан Вахабович.",,,
2870,"К вершине века: Новые стихи, 1968—1973 гг.","БРАУН, Николай Леопольдович.",,,
2871,К вечному огню.,"КРАСНОВ, Иван Георгиевич.",,,
2872,К возрождению: Рассказы.,"НОВИ- КОВ, Иван Алексеевич.",,,
2873—2874,К востоку от войны: Повесть.,"ДОРОГОВ, Рафаил Михайлович.",,,
2875,К восходу.,"ДАНИЛЫЧ-КОЧИН, Александр.",,,
2876,К восходу солнца: Повести и рассказы.,"КУЛАКОВСКИЙ, Алексей Николаевич.",,,
2877,К высотам: Пьеса в 5-ти д.,"АННЕНКОВА-БЕРНАРД, Н. П.",,,
2878,К годовщинам.,"ОВИЧ, С.",,,
2879,К далеким берегам: [Роман].,"ДОР-ЖЕЛЕС, Ролан.",,,
2880,К далеким берегам: Рассказы о старинных русских путешествиях.,"МУРАТОВ, Михаил Васильевич.",,,
2881,К далеким высотам: Авиатор. Картинка в 1-м д.,"КОПТЕВ, Виктор.",,,
2882,К далекому утру: Повесть о Белинском.,"ГАЕЦКИЙ, Юрий.",,,
2883,К делу!: Комедия в 3-х д.,"ОПОЧИ-НИН, Петр Алексеевич.",,,
2884,К 10-летию русско-японской войны: Стихотворения.,"ШМИДТ, Александр А.",,,
2885,К Днепру: [Очерки].,"НИКИТИН, Петр Аркадьевич.",,,
2886,К Днепру!: Солдатская повесть.,"ДЖУМАГУЛОВ, Макан Жубанышевич.",,,
2887,К доктору Коху в Берлин: Водевиль в 1-м д.,"АФАНАСЬЕВ, С. А., ТРЕФИЛОВ [!] (ТРЕФИЛОВА, Надежда Пименовна). ",Литература и музыка.,,
2888,К долгой жизни: Роман.,"ПАПАСКИ-РИ, Иван Георгиевич.",,,
2889,К дому возврата нет.,"АНДРИЯШИК, Роман Васильевич.",,,
2889а,К елке: Сборник стихотворений.,С. К. Р.,,,
2890,К железной весне: Стихи.,"СОКОЛОВ, Алексей Алексеевич.",,,
2891,К женщине.,"ЗИНОВЬЕВА, Э.",,,
2892,К живой воде: Рассказы о наших знакомых.,"ПАВЛОВА, Евдокия Ефимовна.",,,
2893,К жизни: (Повесть).,"БЕЗСАЛЬКО, Павел (БЕССАЛЬКО, Павел Карпович).",,,
2894,К жизни: Повесть.,"ВЕРЕСАЕВ, В.",,,
2895,К жизни: [Соната]. (Загл. обл.).,"МАСЛОВСКИЙ, Валентин. ",Смех железного города: Соната в XI аккордах.,,
2896,«К жизни» и другие рассказы.,"БУТКЕВИЧ, Августа.",,,
2897,К жизни и свету.,"СМИРНОВ, А. Н.",,,
2898,К заоблачному озеру.,"РЫЖОВ, Илья Ефимович.",,,
2899,К звездам: Драма в 4-х д.,"АНДРЕЕВ, Леонид Николаевич.",,,
2900,К звездам: Исторический роман.,"ЭБЕРС, Георг Мориц.",,,
2901,К звездам: [Рассказ].,"СОЛОГУБ, Федор. ",,Маленький человек...,
2902,К звездам: Рассказы.,"АЛЕКСАНД-РОПУЛОС, Мицос.",,,
2903,К звездам: Рассказы.,"КОТЕНКО, Илья Михайлович.",,,
2904,К звездам: Стихи.,"НАВОЛОЧКИН, Николай Дмитриевич.",,,
2905,К земле обетованной: Рассказы.,"КРАШЕНИННИКОВ, Николай Александрович.",,,
2906,"К зиме, минуя осень: Повести и рас- сказы.","СЕМЕНОВ, Георгий Витальевич.",,,
2907,К золоту: Современный роман.,"ДЮ СОССЕЙ, Викториен.",,,
2908,К идеалам: Повесть.,"СЕВЕРОВА, Н. Б. (НОРДМАН-СЕВЕРОВА, Наталья Борисовна).",,,
2909,К идеалу: Сборник рассказов и стихотворений.,"АРХИПОВ, И. Д.",,,
2910,К кому залетел певчий кенар...: Повести.,"МИХАЙЛОВСКАЯ, Кира Николаевна.",,,
2911,К королю: Драматические сцены в 2-х карт.,"ФАЛЬКЕВИЧ, Петр Наумович.",,,
2912,К красной свадьбе: Комедия в 2-х д.,"РОВНЫЙ, Степан.",,,
2913,К крещению Руси: 900. 988—1888. Ч. [1] -2.,ВАДИМ.,,,
2914,К Ленину: Пьеса в 3-х карт.,"ЯЛЬЦЕВ, Павел Дмитриевич.",,,
2915,К лучшей жизни: Повесть.,"ПИРА-ГИС, Леонард Юлианович.",,,
2916,К лучшим временам.,"ФРАНС, Ана-толь.",,,
2917,К любви — через борьбу!: Юмористические рассказы.,"ДУБРОВИН, Евгений Пантелеевич.",,,
2918,"К людям...: Документальная повесть о человеке, порвавшем с преступным миром.","ПОЧИВАЛОВ, Леонид Викторович.",,,
2919,К матери!: (От Апеннин до Андов). Рассказ.,"ДЕ АМИЧИС, Эдмондо.",,,
2920,К мировому!: Комедия в 3-х д.,"КРЫЛОВ, Виктор Александрович.",,,
2921,К млечному пути: Стихотворения и поэмы.,"ИЕВЛЕВ, М. А.",,,
2922,К моим врагам.,"БЕНЕДИКТОВ, Павел Иванович. ",,Жизнь течет...,
2923,К морю!: Повести и рассказы.,"БИБИК, Алексей Павлович.",,,
2924,К морю: Стихи.,"МИРИДЖАНЯН, Левон Варданович.",,,
2925,К морю-океану: Драма в 3-х актах с прологом. Последний вариант.,"ПЕТУХОВ, Юрий Константинович.",,,
2926,К мужичку за хлебцем: Простой рассказ из современной жизни.,"РОЗА-НЕЛЬСКИЙ, Алексей.",,,
2927,«К небу» и другие рассказы; Стихотворения в прозе.,"ТЕТМАЙЕР, Казимир (ТЕТМАЙЕР, Казимеж).",,,
2928,К неведомым берегам: Историческая хроника.,"ЧИЖ, Георгий Прокофьевич.",,,
2929,К неведомым берегам: [Рассказы].,"БАСКАКОВ, Николай Александрович.",,,
2930,К неведомым берегам; Тринадцатый элемент: [Повести и рассказы].,"МАРИЧ, Мария.",,,
2931,К незримому солнцу.,"РОЗОВ, Борис.",,,
2932,К немцам: Повесть.,"ИРАСЕК, Алоиз (ИРАСЕК, Алоис).",,,
2933,К нечаянным берегам: Повесть.,"НОВИКОВ, Сергей Васильевич.",,,
2934,К новой жизни: Историческое повествование.,"РУССКОВ, Ефим Васильевич.",,,
2935,К новой жизни: Повесть.,"МУЙЖЕЛЬ, Виктор Васильевич.",,,
2936,К новой жизни: Повесть.,"РЕШЕТОВ, Сергей Иванович.",,,
2937,К новой жизни: Пьеса в 4-х д.,"РЕЙКЕ, Г.",,,
2938,К новой жизни: Рассказы.,"ВОЛЖСКИЙ, Алексей.",,,
2939,К новой жизни: Страничка былого. [Рассказы].,"МАЛЫШЕВ, Сергей Васильевич.",,,
2940,К новому берегу.,"ЛАЦИС, Вилис Тенисович.",,,
2941,К новым берегам: Пьеса в 3-х д.,"ГРИНЕВА, Мария.",,,
2942,К новым победам: (Стихи).,"СТАРЦЕВ, М.",,,
2943,К общей цели через артели: Примерный устав артели в стихах и рисунках.,"ПОСАДСКИЙ, Николай (ГОРБАЧЕВ, Николай Николаевич).",,,
2944,К одной цели: Роман.,"ТАУРИН, Франц Николаевич.",,,
2945,К океану: Роман.,"ЗАДОРНОВ, Николай Павлович.",,,
2946,К оружию!,"МАРКОСЬЯНЦ, Сергей Артемович.",,,
2947,К памятнику венценосного друга людей императора Александра II: Стихотворение.,АГАФАНГЕЛ.,,,
2948,К Пастеру: Водевиль в 2-х д.,"ГРОССУЛ-ТОЛСТОЙ, Петр Львович.",,,
2949,К перевалу: (Стихи).,"ТАБАЧНИКОВ, Михаил Яковлевич.",,,
2950,К пикам.,"МУРАВЬЕВ, Евгений Васильевич.",,,
2951,К победе: (К десятилетию союза строителей). Инсценировка в 12-ти картинах.,"НИКУЛИН, Влад.",,,
2952—2953,К полевой маргаритке.,"КОЗЛОВ, Иван Иванович.",,,
2954,К портрету Генриха IV.,"КАШИН-ЦОВ, Николай Андреевич.",,,
2955,К «последнему морю»: (Путь Батыя). Историческая повесть (XIII век).,"ЯН, Василий.",,,
2956,"К правде, к свету, к свободе: Драма в 4-х д.","ДАР, А.",,,
2957,К праздникам: Рассказы 12-летнему человеку.,"МИХАЙЛОВ, Владимир Васильевич. ",Рассказы 12-летнему человеку.,,
2958,К празднику: Рассказ.,"АЛЕКСЕЕВ-СКИЙ, Т.",,,
2959,К причалу Советов: Стихи и поэмы.,"КУКАЕВ, Анатолий Манджиевич.",,,
2960,К процессу Обриена де Ласси: (Памфлет).,"РУАДЗЕ, Владимир Павлович.",,,
2961,К пятичасовому.,"СПИЦА, Владимир Александрович.              ",,,
2962,К радости совершенной: Сборник рассказов и стихотворений.,"ПЛАТОНОВА, Александра Федоровна.",,,
2963,К разгадке личности Дю-Дю: Пикантные рассказы.,"ШМИДТ, Лотар (ГОЛЬДШМИДТ, Лотар).",,,
2964,К разуму: Сатира. Подражание Г. Боало.,"ХВОСТОВ, Дмитрий Иванович.",,,
2965,К рассвету: Стихотворения.,МОЛЧА-НОВ-МАЩЕРОВСКИЙ.,,,
2966,К родным берегам: Повесть и рассказы.,"СТАРЦЕВ, Петр Николаевич.",,,
2967,К родным берегам: Роман.,"ЛЕЩИНСКИЙ, Наум Ефремович.",,,
2968,К родным берегам: [Стихи].,"БРОВКА, Петрусь.",,,
2969,К ружью!: Стихотворения.,"ВЯЗЕМСКИЙ, Петр Андреевич.",,,
2970,К свадьбе все готово!: Комедия в 1-м д.,"ШОГЕНОВ, Хабас Хажпагович.",,,
2971,К сведению избирателей.,"СИЛЬВЕСТР, Арман. ",,Кадриль...,
2972,К светлой цели: Первая книга рассказов.,"ШМЕЛЕВ, Иван Сергеевич.",,,
2973,К свету: Драма в 5-ти д.,"ЗЕЛАНД-ДУБЕЛЬТ, Елена Александровна.",,,
2974,К свету: Новогодний эскиз.,"ЮЖНЫЙ, А. (ЛИХТЕРМАН, Александр Николаевич) . ",,Месть...,
2975,К свету!: Повесть.,"БАРАНЦЕВИЧ, Казимир Станиславович.",,,
2976,К свету!: Повесть.,"ВОРОНОВА, Елена Андреевна.",,,
2977,К свету: Повесть.,"ЛУКАШЕВИЧ, Клавдия.",,,
2978,К свету: Повесть.,"МАЛЫШЕВ, Сергей Васильевич.",,,
2979,К свету: Повесть.,"МОЛОСТНОВ, Геннадий Модестович.",,,
2980,К свету!: Поэма.,"СЕЙТАКОВ, Беки Сейтакович.",,,
2981,К свету: Пьеса в 5-ти д.,"СРЫВА-ЛИН, Михаил Григорьевич.",,,
2982,К свету: Пьеса в 4-х д.,"ВЕРШИНИН, Алексей Платонович.",,,
2983,К свету: Рассказ.,"ФРАНКО, Иван Яковлевич.",,,
2984,К свету: Рассказы.,"КАЛМЫКОВ, Анатолий Емельянович.",,,
2985,К свету: [Рассказы].,"ОГАРКОВ, Василий Васильевич.",,,
2986,К свету: Рассказы.,"СЕНКЕВИЧ, Генрик.",,,
2987,К свету: Роман.,"ВЕЧЕВОЙ, Иван.",,,
2988,К свету: Сказка.,"АЛТАЕВ, Ал. ",,Кружка слез...,
2989,К свету: Стихи (1908—1913).,"РАДЧЕНКО, Александр Федорович.",,,
2990,К свету знания: Михаил Васильевич Ломоносов. Исторический рассказ.,"ФРИ-ЧЕ, Владимир Максимович.",,,
2991,К свету невечернему: Рассказы.,"ТОЛ-ШЕМСКИЙ, X. (БЕЛКОВ, Евгений Христофорович) .",,,
2992,К свободе!: Одноактная драматическая миниатюра-этюд из жизни рабочих революционеров.,"ТАНДИТ, Лев Борисович.",,,
2993,"К свободе и свету: Стихотворения, 1906.",ОБОЛЕНСКАЯ,,,
2994,К своему берегу: Повести.,"ИВАНОВ, Александр Михайлович.",,,
2995,К своему солнцу: Роман. Новеллы. Маргиналии.,"ТУГЛАС, Фридеберт Юрьевич.",,,
2996,К своим: Драматический эпизод из жизни чиновников в 4-х актах.,"СИРОТА, Михаил.",,,
2997,К себе возвращаюсь издалека...: Очерки.,"ГАНИНА, Майя Анатольевна.",,,
2998,К Северному полюсу.,"ВЕБЕР, Пьер. ",,Брак по любви...,
2999,К северным народам: (Путешествие к лопарям).,"ЛЕБЕДЕВ, Всеволод Владимирович.",,,
3000,К северу от Вологды.,"КОНИЧЕВ, Константин Иванович.",,,
3001,К сердцам твои дороги: Повесть.,"ПОЛЯНСКИЙ, Анатолий Филиппович.",,,
3002,К сердцу Арктики.,"ВОДОПЬЯНОВ, Михаил Васильевич. ",,,
3003,"К Сибири, о всеобщем патриотизме.",Имя авт. не установлено.,,,
3004,К синей звезде: Неизданные стихи 1918 г.,"ГУМИЛЕВ, Николай Степанович.",,,
3005,К смертной казни: Этюд.,"РЯБО-ШТАН, И. Д.",,,
3006,"К солнцу: Драматический этюд из рабочего быта в 3-х карт, с прологом.","КОВАЛЕВ, Иван.",,,
3007,К солнцу: Книга стихов вторая.,"БЕЗЫМЕНСКИЙ, Александр Ильич.",,,
3008,К солнцу: (Путевые наброски); Тени: (Из дневника).,"КРЕСТОВСКАЯ, Мария Всеволодовна.",,,
3009,К солнцу: Пьеса в 4-х д.,"ЗАСОРИН, Максим.",,,
3010,К солнцу: Рассказ.,"ШМЕЛЕВ, Иван Сергеевич.",,,
3011,К солнцу!: Рассказы.,"КАРМЕН, Л. О.",,,
3012,К солнцу: Роман.,"ЧАРСКАЯ, Лидия.",,,
3013,К солнцу: Стихи.,"КРИВАНЧИКОВ, Николай Григорьевич.",,,
3014,К солнцу незакатному: Рассказы.,"ДЕДОВ, Петр Павлович.",,,
3015,К солнцу упрямый шаг.,"ПАЛАГУТА, Николай Семенович.",,,
3016,К соревнованию!: Стихи.,"ГЕРАСИМОВ, Михаил Прокопьевич.",,,
3017,К спеху.,"ВЕРЕСАЕВ, В. ",,Лизар...,
3018,К стальным журавлям: Лирика.,"ТОЛ-ПЕГИН, Николай.",,,
3019,К старому богу: Драма в 4-х д.,"ПИСАРЕВСКИЙ, Б. Е. (ШРАЙБЕР, Борис Ефимович).",,,
3020,К счастию ключи...: Избранные стихотворения.,"ШКУЛЕВ, Филипп Степанович.",,,
3021,К счастью!,"НАЖИВИН, Иван Федорович.",,,
3022,К тантхен.,"ПОЗНЯКОВ, Николай Иванович.",,,
3023,К тихой пристани: Повесть.,"ПАЗУ-ХИН, Алексей Михайлович.",,,
3024,"К тихой пристани: Сборник повестей, размышлений и биографических очерков.","ВОРОНОВА, Елена Андреевна.",,,
3025,К Тихому океану: Роман.,"ЗАДОРНОВ, Николай Павлович. ",К океану.,,
3026,К труду.,"ЖЕЛЕЗНОВ, Павел Ильич.",,,
3027,К уму своему: Предисловие к читателю.,"КАНТЕМИР, Антиох Дмитриевич.",,,
3028,К чему?: Драматический этюд в 1-м д.,"ЗАГУЛЯЕВА, Юлия Михайловна.",,,
3029,К широкой дороге: (Игнат из Ново-селовки). Роман.,"БИБИК, Алексей Павлович.",,,
3030,К широкому разливу.,"ГАРНАКЕРЬ-ЯН, Ашот Георгиевич.",,,
3031,К экзамену греческого языка: Пьеска для театра миниатюр.,"СМЕРЕЧИНСКИЙ, Евгений Стефанович.",,,
3032,К Эрасту: (Сатира на игроков).,"ВЕЛИКОПОЛЬСКИЙ, Иван Ермолаевич.",,,
3033,К Юлии Пастрано: Двадцать первая любовь по интересу жителя песков или Пропасть препятствий до достижения цели.,"ЕЛИЗАРОВСКИЙ, В.",,,
3034,Ка...ту...: Рассказ.,"БУЛГАКОВ, П.",,,
3035,Каан-Кэрэдэ.,"ИТИН, Вивиан Азарь-евич.",,,
3036,Кабак: Рассказы.,"ПРЕМИРОВ, Михаил Львович.",,,
3037,Кабала: Пьеса в 4-х д.,"СУББОТИН, Леонид Арсеньевич.",,,
3038,Кабала: Рассказ из истории крепостного права в России XV века.,"ЛЮБИЧ-КОШУРОВ, Иоасаф Арианович.",,,
3039,Кабала: Сказка-быль.,"ГЛАГОЛЕВ, Николай Петрович.",,,
3040,Кабан: Комедия в 1-м акте.,"БИССОН, Александр.",,,
3041,Кабаны: Пьеса в 5-ти актах.,"ГАЙ-ДОВСКИЙ, Георгий Николаевич.",,,
3042,Кабардинские легенды.,"БАРАНОВ, Евгений Захарович.",,,
3043,Кабарэ в стихах.,"З-СКИЙ, М. В.",,,
3044,Кабарэ «Летучая мышь»: Сборник одноактных веселых пьес.,"СТРУЙСКИЙ, Николай Петрович.",,,
3045,Кабарэ футуристов: Спектакль душевнобольных.,"ЖДАРСКИЙ, И. (ДАН-СКИЙ, Иван Иванович).",,,
3046,КАБАТЧИК Гейман.,"ЮШКЕВИЧ, Семен Соломонович.",,,
3047,Кабатчик Фрол Корчагин.,"МАЙСТРАХ, Владимир Францевич. ",,Сапожник Коршун...,
3048,Кабахи: Роман.,"МРЕЛАШВИЛИ, Ладо.",,,
3049,Каббалисты.,"ПЕРЕЦ, Леон (ПЕРЕЦ, Ицхок-Лейбуш). ",,Шраймель...,
3050,Кабинет диктатора: Политическая фантазия.,"СЕМЕНОВ, Лев (ШАРАПОВ, Сергей Федорович).",,,
3051,Кабинет № 6: Драма в 1-м д.,"ЛОРД, Андре де.",,,
3052,Каблучок: Юмористические рассказы и фельетоны.,"ЕГОРОВ, Борис Андрианович.",,,
3053,Кабулсай: Роман.,"ГАЛЯУ, Махмуд.",,,
3054,Кабы землицы.,"САНДЕРСКИЙ, Н.",,,
3055,Кавалер: [Рассказ].,"ТХОРЖЕВ-СКИЙ, Корнелий Владиславович.",,,
3056,Кавалер вечной славы: Документальная повесть.,"ШМАРЫ ГО, Александр Сергеевич.",,,
3057,Кавалер Глюк.,"ГОФМАН, Эрнст Теодор Амадей. ",,Дон Жуан...,
3058,Кавалер де Мезон Руж: Роман. Ч. 1-5.,"ДЮМА, Александр (отец). ",За королеву; Кавалер Красного замка; Шевалье де Мезон-Руж.,,
3059,Кавалер железного креста: Рассказ из последнего военного быта.,"ШМАК, Н.",,,
3060,Кавалер Золотой звезды: Роман.,"БАБАЕВСКИЙ, Семен Петрович.",,,
3061,Кавалер Иван Сысоев: Рассказ.,"МАКСИМОВ, Сергей Васильевич.",,,
3062,Кавалер Красного замка: Роман в 2-х ч.,"ДЮМА, Александр (отец).",,,
3063,Кавалер ордена Почетного легиона: Документальная повесть.,"БАЛАХОНОВ, Виктор Иванович.",,,
3064,Кавалер Ордена Славы.,"ГРИМАЙ-ЛО, Ярослав Васильевич.",,,
3065,Кавалерийская атака: Комедиу-шутка в 3-х д.,"САБУРОВ, Симон Федорович.",,,
3066,Кавалерийские победы: Стихи.,"БУТ-КОВСКИЙ, Клементий (БАБАДЖАН, Вениамин Симонович).",,,
3067,Кавалерийский рейд: (Рассказы).,"ЗАЛКА, Матэ (ЗАЛКА, Мате).",,,
3068,Кавалерист-девица: (Историческая повесть из эпохи войн имп. Александра I с Наполеоном I).,"ДМИТРИЕВ, Дмитрий Савватеевич.",,,
3069,Кавалерист-девица: Повесть в стихах.,"СКРИН, А. (СКРИПИЦЫН, Александр Владимирович).",,,
3070,Кавалерист-девица: Происшествие в России.,"ДУРОВА, Надежда Андреевна.",,,
3071,Кавалерист-девица: Рассказ.,"КУ-КЕЛЬ (ЛУНИН, В. А.).",,,
3072,Кавалерист Михась.,"ЧЕРЕПАНОВ, Кузьма Куприянович.",,,
3073,Кавалеры Виртути: Повесть.,"РАДО-ВИЧ, Казимеж.",,,
3074,«Кавалеры» и другие рассказы.,"МИК-САТ, Кальман.",,,
3075,Кавалеры Шнейдер: Роман-быль из общественной жизни.,"ГРАФ АМОРИ (РАП-ГОФ, Ипполит Павлович).",,,
3076,Кавардак в музыкальном магазине: Фарс в 1-м д.,"ТАНЕЕВ, Сергей Васильевич.",,,
3077,Кавардак в эфире.,"АРДОВ, Виктор.",,,
3078,Кавардак на рельсах: Фарс в 3-х д.,"БЕЛОВ, А.",,,
3079,Каверза.,"ВОЛКОВ, Михаил Иванович.",,,
3080,Каверзный вопрос.,"ЕРЕМИН, Николай Ильич.",,,
3081,Кавказ: Путешествие. Вып. 1-2.,"ДЮМА, Александр (отец).",,,
3082,Кавказ без романтики: Очерки.,"МАКСИМОВ, Павел Хрисанфович.",,,
3083,Кавказ надо мною: Стихи.,"КАШЕ-ЖЕВА, Инна Иналовна.",,,
3084,"Кавказ наших дней, 1923—1924.","РИХТЕР, Зинаида Владимировна.",,,
3085,Кавказ несокрушим: Стихи.,"ХИТА-РОВА, Софья Мосесовна.",,,
3086,Кавказ подо мною.,"ЧЕРНЫЙ, Карп Григорьевич.",,,
3087,Кавказская запись.,"ГОРОДСКОЙ, Яков.",,,
3088,Кавказская пленница Феня Зару-баева: Рассказ из времени покорения Кавказа.,"БАЛАГУР, Фома.",,,
3089,Кавказская повесть.,"ПАВЛЕНКО, Петр Андреевич.",,,
3090,Кавказская сторона: Стихи.,"ИСАКОВ, Андрей Максимович.",,,
3091,Кавказская сцена.,"САБЛИН, Евгений.",,,
3092,Кавказская тетрадь: Стихи.,ШУХРАТ.,,,
3093,Кавказские богатыри: (Очерки жизни и войны в Дагестане). Ч. 1-3.,"НЕМИРОВИЧ-ДАНЧЕНКО, Василий Иванович.",,,
3094,Кавказские воспоминания: Из рассказов бабушки старшим внукам.,"БАЛОБАНОВА, Екатерина Вячеславовна.",,,
3095,"Кавказские записки, 1942—1943.","ЗА-КРУТКИН, Виталий Александрович. ",Закавказские записки.,,
3096,Кавказские курорты Железноводск и Кисловодск.,ДЯДЯ ЕРЕМЕЙ.,,,
3097,Кавказские легенды.,"ВЕНУОЛИС, Антанас Юлианович.",,,
3098,Кавказские легенды.,"ФАТУЕВ, Роман.",,,
3099,Кавказские легенды.,"ЧЕРСКИЙ, Лео- ",,,
3100,Кавказские наброски.,"ИКСКУЛЬ, Владимир Яковлевич.",,,
3101,Кавказские очерки из жизни переселенцев.,"ШИШКИН, Алексей Сергеевич.",,,
3102,Кавказские пленники и Аостский прокаженный.,"МЕСТР, Ксавье де.",,,
3103,"Кавказские пленницы или Плен у Шамиля: Невымышленная повесть о восьмимесячном и шестидневном (в 1854—1855 г.) пребывании в плену у Шамиля семейств: ген.-м. кн. Орбелиани и полк. кн. Чавча-вадзе, на основании собственных показаний лиц, участвовавших в событии.","ВЕРДЕРЕВ-СКИЙ, Евграф Александрович.",,,
3104,Кавказские повести.,"ИКСКУЛЬ, Владимир Яковлевич.",,,
3105,Кавказские повести.,"ТОЛСТОЙ, Лев Николаевич.",,,
3106,Кавказские повести и рассказы.,"ФАТУЕВ, Роман.",,,
3107,Кавказские поэмы.,"ЛЕРМОНТОВ, Михаил Юрьевич.",,,
3108,Кавказские предания и легенды.,"СВЕТЛОВ, Валериан.",,,
3109,Кавказские рассказы.,"МАКСИМОВ, Павел Хрисанфович.",,,
3110,Кавказские рассказы.,"ТОЛСТОЙ, Лев Николаевич.",,,
3111,Кавказские рассказы.,"ЧЕРСКИЙ, Леонид Федорович.",,,
3112—3113,Кавказские рассказы: (Быль).,"НОВИКОВА-ЗАРИНА, Екатерина Ивановна.",,,
3114,Кавказские стихотворения и поэмы.,"ЛЕРМОНТОВ, Михаил Юрьевич.",,,
3115,Кавказские темы.,"ПУШКИН, Александр Сергеевич.",,,
3116,Кавказский легион: Повесть.,"ЖЕЛИ-ХОВСКАЯ, Вера Петровна.",,,
3117,Кавказский легион: Пьеса в 5-ти д.,"ДЕРЕНТАЛЬ, Н.",,,
3118,Кавказский меловой круг.,"БРЕХТ, Бертольт.",,,
3119,Кавказский пленник: Повесть.,"ПУШКИН, Александр Сергеевич.",,,
3120,Кавказский пленник: Поэма.,"ЛЕРМОНТОВ, Михаил Юрьевич.",,,
3121,Кавказский пленник: Рассказ.,"ТОЛСТОЙ, Лев Николаевич.",,,
3122,Кавказский пленник: Рассказ из эпохи покорения Кавказа.,Имя авт. не установлено.,,,
3123,Кага-японский мальчик.,"ХЛЕБНИКОВ, П. (БУЛАНЖЕ, Павел Александрович) .",,,
3124,"Кагальничанка, повесть Азовского побережья.","СКАЛЬКОВСКИЙ, Аполлон Александрович.",,,
3125,Кадетские бивуаки:     Театральное представление в 1-м д.,"ФЕДОРОВ, Борис Михайлович.",,,
3126,Кадетские годы Сергеева.,"МИХАЙЛОВ, Н.",,,
3127,Кадеты императрицы: Роман.,"МОНТЕГЮ, Б. [!] (МОНТЕГЮ, Морис).",,,
3128,Каджана: Рассказы.,"ЛОМОУРИ, Николай Иосифович.",,,
3129,Каджар-ага.,"КАУШУТОВ, Ата.",,,
3130,Каджаран: Роман.,"ХАНЗАДЯН, Серо Николаевич.",,,
3131,Каджарская легенда: Поэма и стихи.,"РЫБИН, Валентин Федорович.",,,
3132,Кади замужем: Роман.,"ПЭР, Камилла.",,,
3133,Кадикс.,"ПЕРЕС ГАЛЬДОС, Бенито.",,,
3134,Кадм и Гармония: Древнее повествование.,"ХЕРАСКОВ, Михаил Матвеевич.",,,
3135,Кадош.,"БОБОРЫКИН, Петр Дмитриевич. ",,Всего один билет...,
3136,Кадри: (Дневник девочки).,"РАННА-МАА, Сильви (РАННАМАА, Сильвия Иохан-несовна).",,,
3137,Кадриль: Будничная трагедия в 4-х д.,"ЕВДОКИМОВ, Василий Феоктистович.",,,
3138,Кадриль; К сведению избирателей; Зубоврачебный кабинет; Персидская сказка; Двойник: [Рассказы].,"СИЛЬВЕСТР, Арман.",,,
3139,Кадры: [Рассказ].,"ГРИН, Григорий.",,,
3140,Кадры: Роман.,"ТРУШКОВ, Василий Кононович.",,,
3141,Кадыр: Поэма.,"АШИРОВ, Чары.",,,
3142,Каждодневные беседы.,МУРАЦАН.,,,
3143,Каждое желание: Повесть.,"КУПРИН, Александр Иванович.",,,
3144,Каждому — по облаку: Комедия в 3-х д. с пением и танцами.,"ЛЯДОВ, Андрей Иванович.",,,
3145,Каждому свое: Роман в 3-х ч.,"ВРОЦ-КИЙ, Н. А. (НАВРОЦКИЙ, Александр Александрович).",,,
3146,Каждому свое счастье: Роман.,"НИЕД-РЕ, Янис Янович.",,,
3147,Каждый выбирает по сердцу: Повесть.,"ФАРБЕР, Александр Михайлович.",,,
3148,Каждый год в это время: (Возвращаясь к напечатанному). Пьеса в 2-х д.,"ГЕТМАН, Александр Владимирович.",,,
3149,Каждый день: Повесть.,"БАРКОВА, Ольга Михайловна.",,,
3150,Каждый день: Роман.,"САПИРО, Саул Исаевич.",,,
3151,Каждый день: Стихи.,"ТУБЛИН, Яков Айзикович.",,,
3152,Каждый день: Трагедия в 4-х д.,"ДЫМОВ, Осип.",,,
3153,Каждый день — длинный: Из военных дневников 1941 —1945 гг.,"СИМОНОВ, Константин Михайлович.",,,
3154,Каждый день — утро: Стихи.,"СУ-ЛЕЙМЕНОВ, Олжас Омарович.",,,
3155,Каждый день что-то гибнет.,"МАРЧ, Сусана.",,,
3156,Каждый за нас; Шмулик.,ШОЛОМ-АЛЕЙХЕМ.,,,
3157,Каждый из нас: Пьеса в 1-м д.,"БЕРГ, И. (АЙСБЕРГ, Исидор Ильич).",,,
3158,Каждый мечтает о собаке: Повесть.,"ЖЕЛЕЗНИКОВ, Владимир Карпович.",,,
3159,Каждый осенний вечер: Пьеса в 7-ми карт.,"ПЕЙЧЕВ, Иван Николов.",,,
3160,Каждый умирает в одиночку.,"ФАЛ-ЛАДА, Ганс.",,,
3161,Каждый человек таков: Рассказ о смерти богатого человека в 5-ти карт.,"ГОФМАНСТАЛЬ, Гуго фон.",,,
3162,Каз: Записки старого гуся.,"ПЛАВИЛЬЩИКОВ, Николай Николаевич.",,,
3163,Казак: Рассказ.,Е. Д.,,,
3164,Казак: Сборник песен и стихотворений о боевой жизни казаков.,"САВЕЛЬЕВ, Евграф Петрович.",,,
3165,Казак Василий Момотов: Повесть.,"КОРНЕЕВ, Иван Никитич.",,,
3166,Казак Герасим Кривуша; Воронежские корабли.,"КОРАБЛИНОВ, Владимир Александрович.",,,
3167,Казак Евстигней: Рассказ из времен пугачевщины.,"ВЕНКСТЕРН, Наталья Алексеевна.",,,
3168,Казак из Ташкента: Документальная повесть.,"РАХМАТ, Адхам.",,,
3169,Казак Колодин; Стрела; Заступник.,"ГУСЕВ-ОРЕНБУРГСКИЙ, Сергей Иванович.",,,
3170,Казак Кузьма Печенкин: Его подвиги и проделки в турецкую войну. Рассказ.,"БАЛАГУР, Фома.",,,
3171,Казак Никита: Осада деревни Дубро-вацы турками или Поддельный посол. (Историческая повесть).,"ГОЛОХВАСТОВ, К. К.",,,
3172,Казаки: [Очерк].,"ШОЛОХОВ, Михаил Александрович.",,,
3173,Казаки: Повести и рассказы.,"МАТ-ВЕЕНКО, Александр Николаевич.",,,
3174,Казаки: Повесть. Ч. 1-2.,"КУЗЬМИЧ, Александр.",,,
3175,Казаки: Повесть.,"ТОЛСТОЙ, Лев Николаевич.",,,
3176,Казаки: Рассказы.,"ПОГОДИН, Николай.",,,
3177,Казаки: [Роман].,"ПЕТРОВ, Дмитрий Ильич (БИРЮК).",,,
3178,Казаки в Париже: Роман.,"ЗАНД, Жорж (САНД, Жорж).",,,
3179,Казаки в Швейцарии: Драма в 1-м д. на Всерадостный день Рождения Его Величества Государя Императора Александра I.,"ВЕРТЕР, Федор.",,,
3180,Казаки идут!: Рассказ раненого.,Имя авт. не установлено.,,,
3181,Казаки на фронте.,"БАБАЕВСКИЙ, Семен Петрович, КАПИЕВ, Эффенди Мансурович.",,,
3182,Казаки уходят в рейд: Очерки.,"ШЕЛЕПОВ, Борис Федорович.",,,
3183,Казанские рассказы.,"КРИНИЧНЫЙ, Марк.",,,
3184,Казан: Роман.,"КЭРВУД, Джемс Оливер (КЕРВУД, Джеймс Оливер).",,,
3185,Казанова: 100 приключений.,Имя авт. не установлено.,,,
3186,Казанова в Спа или Сестры: Комедия в стихах в 3-х д.,"ШНИЦЛЕР, Артур.",,,
3187,Казанская богоматерь: Историческая повесть.,"НОВИЧЕНКО, Ф. ",,,
3188,Казанская помещица: Роман.,"ФОРШ, Ольга Дмитриевна.",,,
3189,Казанские захолустья и трущобы.,"НЕВЕЛЬСКОЙ, Владимир Петрович.",,,
3190,"Казанские тайны: Рассказы, очерки и сцены в 3-х ч.","НЕВЕЛЬСКОЙ, Владимир Петрович.",,,
3191,Казанские трущобы: Рассказы из казанской современной жизни: Выпуск 1-й. Ярмарочная прогулка.,"ПОДГОРНОВ, П. А.",,,
3192,Казанские чудеса или Федулкина наука и Микиткино горе.,"КРАСНОРАМЕН-СКИЙ, М. (ЯРЫГИН, Федор Александрович) . ",Свинухинские мудрецы.,,
3193,Казанский демон и его проказы: Бытовая сатиро-юмористическая поэма; Кому в Казани жить хорошо: Пародия.,"КРАСНОРАМЕНСКИЙ, М. (ЯРЫГИН, Федор Александрович).",,,
3194,Казанский демон и его путешествия по городу: (Комическая поэма).,"МАНА-ТЕНОК-КРАСНОРАМЕНСКИЙ (ЯРЫГИН, Федор Александрович). ",Казанский демон и его проказы.,,
3195,Казанский университет: Поэмы.,"ЕВТУШЕНКО, Евгений Александрович.",,,
3196,Казанский Шерлок Холмс: Повесть из приключений знаменитого казанского детектива Бориса Николаевича Ордынского. Вып. I.,Имя авт. не установлено.,,,
3197,Казарма: [Повесть].,"ГРИГОРЬЕВ, Сергей.",,,
3198,Казарма: [Повесть].,"ФОМИН, Семен Дмитриевич.",,,
3199,Казарма: Пьеса в 1-м акте. Театр коллективного действия.,"КЛЕЙНЕР, Исидор Михайлович.",,,
3200,Казахская песня.,"АЛИМБАЕВ, Му-зафар.",,,
3201,Казахстан: Стихи.,"СЕЛЬВИНСКИЙ, Илья Львович.",,,
3202,Казахстан мой: Стихи.,"АЛТАЙСКИЙ, Константин.",,,
3203,Казахстанские были.,"ИЛЬИН, Сергей Константинович.",,,
3204,Казахстанские самоцветы: Очерки.,"БРАГИН, Алексей Иванович.",,,
3205,Казацкие мотивы: Очерки и рассказы.,"КРЮКОВ, Федор Дмитриевич.",,,
3206,Казацкие шапки или Подвиг нежинских казачек в 1709 году.,"ТУПАЛОВА, Александра Васильевна.",,,
3207,Казацкий батько (1647—49 гг.): Исторический рассказ.,"РАЗИН, Алексей Егорович.",,,
3208,Казацкому роду нет переводу или Мамай и Огонь-Молодица: Украинский озорной роман из народных уст.,"ИЛЬЧЕНКО, Александр Елисеевич.",,,
3209,Казачата: Повесть.,"ДИТРИХ, Георгий Станиславович.",,,
3210,Казачата: Повесть.,"ПУЗАНОВ, Иван Ефимович.",,,
3211,Казачата: [Рассказ].,"МЕЩЕРЯКОВ, Тимофей Степанович.",,,
3212,Казачий атаман: Роман.,"ЕЖ, Теодор Томаш.",,,
3213,Казачий атаман Ермак Тимофеевич или Покорение Сибирского царства: Исторический роман в 3-х ч.,Имя авт. не установлено. ,Ермак или Покорение Сибирского царства. Изд. также под загл.: Казачий атаман Ермак Тимофеевич — покоритель Сибири.,,
3214,Казачий атаман Ермак Тимофеевич— покоритель Сибири.,Имя авт. не установлено. ,Ермак — покоритель Сибири.,,
3215,Казачий край.,"ВАРАВВА, Иван Федорович.",,,
3216,Казачий луг: Рассказы.,"ВОЛОКИТИН, Николай Иванович.",,,
3217,Казачий пикет: Рассказ.,"ОСЕТРОВ, Захар Борисович.",,,
3218,Казачий пояс: Новеллы.,"ЗАИКИНА, Светлана Андреевна.",,,
3219,Казачий хутор: Повесть.,"МАКАРОВ, Иван Иванович.",,,
3220,Казачка; Одарка; Горпина: Рассказы.,"ВОВЧОК, Марко.",,,
3221,Казачка: (Поэма).,"ИНШАКОВ, Павел Кузьмич.",,,
3222,Казачка: [Роман].,"СУХОВ, Николай Васильевич.",,,
3223,Казачка Марина Чурай: Историческая повесть в 3-х ч. с прологом и с песнями из времен гетманствования в Малороссии Богдана Хмельницкого.,"КОНДРАТЬЕВ, Иван Кузьмич.",,,
3224,Казачки: (Главы из романа).,"БАБАЕВСКИЙ, Семен Петрович.",,,
3225,Казачок: Повесть из крепостного быта.,"СМИРНОВ, Илья Дмитриевич.",,,
3226,Казачок графа Моркова: (Крепостные таланты). Исторический рассказ.,"ЗАРЕЧНАЯ, София. ",Крепостные таланты: Казачок графа Моркова.,,
3227,Казачьи досуги.,"ТУРОВЕРОВ, А.",,,
3228,Казачьи стихотворения.,"КАРПОВ, Ахилл Бонифатьевич.",,,
3229,Казачья балка: Повести и рассказы.,"САФРОНОВ, Виктор Николаевич.",,,
3230,Казачья бурса.,"ШОЛОХОВ-СИНЯВСКИЙ, Георгий Филиппович.",,,
3231,Казачья весна: Стихи.,"СОФРОНОВ, Анатолий Владимирович.",,,
3232,Казачья дума: Стихи.,"ИСАКОВ, Андрей Максимович.",,,
3233,Казачья колыбельная песня: Стихотворение.,"ЛЕРМОНТОВ, Михаил Юрьевич.",,,
3234,Казачья слава: Стихи.,"СОФРОНОВ, Анатолий Владимирович.",,,
3235,Казбек: Повесть.,"КОЖЕВНИКОВ-СТЕПНОЙ, Иван Захарович.",,,
3236,Казенная квартира: Комедия в 4-х д.,"РЫШКОВ, Виктор Александрович.",,,
3237,Казенник.,"ПЕРЕГУДОВ, Александр Владимирович.",,,
3238,Казина: Комедия.,"ПЛАВТ, Тит Мак-ций.",,,
3239,Казначей: Рассказ.,"САНДР, А.",,,
3240,Казначейша.,"ЛЕРМОНТОВ, Михаил Юрьевич.",,,
3241,Казнен неопознанным...: Повесть о Степане Халтурине.,"НАГАЕВ, Герман Данилович.",,,
3242,Казнили!: Эскиз.,"ЛЕСНИК, Н.",,,
3243,Казнь: Драма в 4-х д.,"ГЕ, Григорий Григорьевич.",,,
3244—3245,Казнь: [Очерк].,"КИШ, Эгон Эрвин. ",,Я купаюсь в чудотворной воде...,
3246,Казнь: [Рассказ].,"ГОРЕВ, Михаил.",,,
3247,Казнь: Роман.,"ЗАРИН, Андрей Ефимович.",,,
3248,Казнь Верещагина или Москвичи в 1812 году: Историческая повесть в 3-х ч. с прологом и эпилогом из эпохи двенадцатого года. С приложением подлинных документов о деле и казни Михаила Верещагина и воспоминаний о московском сыщике Яковлеве.,"КОНДРАТЬЕВ, Иван Кузьмич.",,,
3249,Казнь египетская: (Роман из нравов древней страны пирамид).,"ВАЛЕФ, Морис де. ",Приключения прекрасной ахеянки.,,
3250,Казнь египетская: Пьеса в 3-х д.,"МИТРОПОЛЬСКИЙ, В.",,,
3251,Казнь Каракозова: Из мемуаров современника.,"ФОРШ, Ольга Дмитриевна.",,,
3252,Казнь Клода Ге.,"ГЮГО, Виктор.",,,
3253,Казнь королевы Анны: Исторический роман.,"КРОУН, М. Изд. ",,,
3254,Казнь купца Оглобли: Святочный рассказ в стихах.,"КОЗЛОВСКИЙ, Николай.",,,
3255,Казнь Ренэ и палач освободитель: Исторический роман.,"ПОНСОН ДЮ ТЕР-РАЙЛЬ, Пьер Алексис де.",,,
3256,Казнь 3-го апреля 1881 г.,"АЛИСОВ, Петр Федосеевич.",,,
3257,Казнь Тропмана: Из литературных и житейских воспоминаний.,"ТУРГЕНЕВ, Иван Сергеевич.",,,
3258,Казнь Якова Стеблянского: (Рассказ о смертной казни).,"АНУЧИН, Владимир.",,,
3259,Казовые концы: Роман.,"НИОН, Франсуа де.",,,
3260,Казус в ...м театре: Шутка в 1-м д.,"ВАЛНЕР, Ф.",,,
3261,Каин: Драма. В 3-х д.,"ДЫМОВ, Осип.",,,
3262,Каин: Мистерия.,"БАЙРОН, Джордж Гордон.",,,
3263,Каин: Рассказ.,"ШЕРН, Семен Борисович (БОРИСОВ, Семен).",,,
3264,Каин и Авель: Поэма в стихах.,"СПИ-РОВСКИЙ, Григорий А.",,,
3265,Каин и Авель: Роман из семейной хроники князей Сумских.,"АПРАКСИН, Александр Дмитриевич.",,,
3266,Каин и Артем.,"ГОРЬКИЙ, Максим.",,,
3267,Каинова печать: (Не убий). Драма в 5-ти д.,"АНДРЕЕВ, Леонид Николаевич.",,,
3268,Каинова печать: [Роман].,"ЛАМПКИН, Грейс.",,,
3269,Каиново наследство.,"БЕДНЫЙ, Демьян.",,,
3270,Кайенна: [Отрывок из сочинения «Каторга»].,"ЛОНДР, Альбер.",,,
3271,Кайзер ушел — генералы остались.,"ПЛИВЬЕР, Теодор.",,,
3272,Как Андерс Петтер продал лес: Рассказ.,"ГЕЙЕРСТАМ, Густав ",,,
3273,Как Арина мужиков победила или В кооперации сила: Рассказ.,"ЯКОВЛЕВ, Полнен Николаевич.",,,
3274,Как Ариша в люди вышла.,"СОЛОВО-ВО, Анастасия Васильевна.",,,
3275,Как армеец Григорий Чижов по миру летал.,"КИСИН, М.",,,
3276,Как Артур делал карьеру: Веселые и не очень веселые истории.,"ГРИГУЛИС, Ар-вид Петрович.",,,
3277,Как Архип с Дарьей помирился и Уговор.,Имя авт. не установлено.,,,
3278,"Как аукнется, так и откликнется: Комедия-шутка. В 1-м д.","РЫБКА, Н.",,,
3279,"Как аукнется, так и откликнется: Рассказ.","ВАСИЛЬКОВСКИЙ, Александр Константинович.",,,
3280,"Как аукнется, так и откликнется: Тайна современных нравов.",ДОКТОР ХОЛОСТЯК.,,,
3281,"Как аукнется, так и откликнется: (Хлебосолы и хлебоеды). (Из записной книжки больного человека).","ДОБРОТВОРСКИЙ, Петр Иванович.",,,
3282,Как бабы в кликуш обращаются: Комедь.,"ХАВСКИЙ, И. Г.",,,
3283,Как бабы самогон одолели.,"ОГУРЦОВ, Серафим Иванович.",,,
3284,Как бабье дело мужицким делом стало.,"ШАДРИН, Иларий Григорьевич.",,,
3285,Как баре мужиков обошли: Рассказ крестьянина.,"ФРАНКО, Иван Яковлевич.",,,
3286,Как бездомная собака: Повесть.,"ГЕГЕН-ДРЕЙФЮС, Жоржетта.",,,
3287,Как белогвардейцы кормили красноармейцев.,"АНДРИНГ, Э. А.",,,
3288,Как бога вспоминали: (На Проворном) . Из рассказов старого боцмана.,"СТАНЮКОВИЧ, Константин Михайлович.",,,
3289,Как борцы обманывают публику: (Тайны чемпионатов). Сенсационное разоблачение с подлинными документами. (Очерк).,"ЯРОСЛАВЦЕВ, Петр Данилович.",,,
3290,Как брат брату: Пьеса в 2-х д.,"РЭЙБ, Дэвид.",,,
3291,Как буянила гармошка; Подпасок.,"ШОШИН, Михаил Дмитриевич.",,,
3292,Как бы это было: Научно-фантастические рассказы.,"ЯЗВИЦКИЙ, Валерий Иоиль-евич.",,,
3293,"Как был завоеван Яблоневый двор, как одолели разбойничье гнездо.","СТРЕТТОН, Гесба (СТРЕТОН, Гесба).",,,
3294,Как было.,"СЕРАФИМОВИЧ, Александр.",,,
3295,Как быть?: Повесть. Вып. I.,"ДЕСПО-ТУЛИ, Иван П.",,,
3296,Как быть?: Рассказ из партийного быта.,"ГЛУШКО, Федор Николаевич.",,,
3297,Как быть?: [Рассказы].,"ЭДЕЛЬ, Михаил Владимирович.",,,
3298,Как быть или Неудобство иметь много друзей; В минуту откровенности; Непонятливый человек; Приемчик; Вечная память.,"МОРИСС, Морис.",,,
3299,Как быть любимой: Киносценарий.,"БРАНДЫС, Казимеж.",,,
3300,Как в Березовке пастушество завелось: (Рассказ).,"ДЬЯЧКОВ, Николай Ал.",,,
3301,"Как в деревне надо жить, чтобы бабам не тужить.",АРНАШИН.,,,
3302,Как в деревне Шиханове устроилась артель; Как крестьяне основали общество потребителей: Рассказы.,"ТУРГЕНЕВ, Николай Александрович.",,,
3303,Как в зеркале: (Дневник.светской дамы). Роман.,"ФИЛИПС, Френсис Чарлз.",,,
3304,Как в колхозе нам работать.,"ФОКИН, Николай Иванович.",,,
3305,Как в просторе живут люди: (Рассказ из галицко-русской жизни).,"НАУМОВИЧ, Иоанн Григорьевич.",,,
3305а,Как в старину судили.,Имя авт. не установлено. ,,Совесть...,
3306,Как Вавила да Иван надоумили крестьян: Рассказ в стихах.,"ДОБРЖИН-СКИЙ-ДИЭЗ, Г. (ДОБРЖИНСКИЙ, Гавриил Валерьянович).",,,
3307,Как Вавила с Еремеем обошлись без богатея.,"БЕРЕЗОВ, Лев.",,,
3308,Как Вавилу вогнали в могилу.,ДЯДЯ ВЛАС.,,,
3309,Как важно быть серьезным: Легкомысленная комедия для серьезных людей.,"УАЙЛЬД, Оскар.",,,
3310,Как вам это нравится?: (Где номер?). Обозрение в 2-х актах.,"ПАВЛОВ, Евгений Николаевич.",,,
3311,Как Ванька пионером стал.,"ЧИКИН, Иван Алексеевич.",,,
3312,Как веревочке ни виться...,"НОСЕН-КОВ, Василий Романович.",,,
3313,Как весенней теплой порою: Сказка.,"ПУШКИН, Александр Сергеевич.",,,
3314,Как Вильгельм брал Варшаву.,"РА-ТОМСКИЙ, Николай Алексеевич.",,,
3315,Как Вильгельм покорил мир: Веселые рассказы из современной войны.,Имя авт. не установлено.,,,
3316,Как Вильгельм приснился коробочнику Никите.,"ШУХМИН, Христофор Алексеевич.",,,
3317,Как Вильгельм черту душу продал: Юмористические анекдоты.,"ПРОХОРОВИЧ, Андрей Васильевич.",,,
3318,Как влюбляются молодые девушки: Этюды женской любви. В 2-х ч.,"ЦАПП, Артур.",,,
3319,Как во городе было во Казани: [Глава из 3 книги исторического повествования «Емельян Пугачев»].,"ШИШКОВ, Вячеслав Яковлевич.",,,
3320,Как водится в комедиях? или Словесное толкование: Комедия в 1-м д.,Имя авт. не установлено.,,,
3321,Как Володя стал охотником.,"ОСИПОВ, Алексей Иванович.",,,
3322,Как Ворошилов встретил немцев и как Щорс их проводил.,"ЛЕБЕДЕВ, Владимир Иванович, НИКИТИН, Николай Николаевич.",,,
3323,Как все: Роман.,"ЗНАМЕНСКИЙ, Анатолий Дмитриевич.",,,
3324,Как все могло бы быть иначе!,НОБОДИ.,,,
3325,Как все у мужика в долгу остались.,Имя авт. не установлено.,,,
3326,Как встречала тайга: Повесть.,"АВДЕЕВ, М.",,,
3327,Как вы добились?,"ЛЬВОВСКИЙ, Михаил Григорьевич.",,,
3328,"Как вы там, в Америке?","СТРЕЛЬНИКОВ, Борис Георгиевич.",,,
3329,Как выбирали Екатерину: Рассказы.,"ПОПОВКИН, Евгений Ефимович.",,,
3330,Как выигрывают двести тысяч: Комедия в 1-м д. К.,"М. У. (УШАКОВ, Константин Михайлович).",,,
3331,Как выпить солнце: Стихи.,"СОЛОУХИН, Владимир Алексеевич.",,,
3332,Как вырастает новь.,"КОЧИН, Николай Иванович.",,,
3333,Как вырастали крылья.,"КУЗНЕЦОВ, Иоаким Вячеславович (КУЗНЕЦОВ, Иоким Вячеславович).",,,
3334,"Как высекли действительного статского советника или Ташкентцы, обратившиеся внутрь.","ЩЕДРИН, Н. (САЛТЫКОВ-ЩЕДРИН, Михаил Евграфович).",,,
3335,Как Гайфутдинов научился метко стрелять: Рассказ.,"ЖУКОВ, Н., ОНАЦЕ-ВИЧ, А.",,,
3336,Как гибнут империи.,"ДАН, Феликс.",,,
3337,Как грамотное художество сделалось свободным: (Фантазия).,"КАРЕЛИН, Андрей Андреевич.",,,
3338,Как Гриша стал учителем: Первый урок и эпилог.,"КОНРАД, Р.",,,
3339,Как двое мастеровых Путиловского и Мытищинского завода обучали черта на токарном станке: Рассказ.,"ЗОТОВ, Михаил. ",Как мастеровой Путиловского и Мытищинского завода обучал черта на токарном станке.,,
3340,Как девки сожгли парня в печке: (Святочный рассказ).,"АЛЕКСАНДРОВСКИЙ, Ал. П.",,,
3341,Как дед с французом воевал: Рассказ.,"МАЛЫШЕВ, Михаил Егорович.",,,
3342,Как дед Терентий душу искал.,ОРДЫ ,,,
3343,"Как дела, молодой человек?; Ты был пророком, милый: Повести.","ШОМОДИ ТОТ, Шандор.",,,
3344,Как доблестно умирают люди: (Гибель парохода «Титаник».).,"СЕВЕРЦЕВ-ПОЛИЛОВ, Г. Т. (ПОЛИЛОВ, Георгий Тихонович).",,,
3345,Как добры люди; Раздел имения.,"ПАНАЕВ, Иван Иванович.",,,
3346,Как добывается счастье.,"НИКИТИН, Петр Аркадьевич.",,,
3347,Как Домна научилась жить по-новому: Рассказ.,"ЛОГИНОВ, Павел Семенович (ЛОГИНОВ-ЛЕСНЯК, Павел Семенович).",,,
3348,Как донской казак немца перехитрил: (Новая сказка в стихах).,"КОВРОВ, С.",,,
3349,"Как дорога ты мне, Россия!: Стихи.","ШАМОВ, Иван Васильевич.",,,
3350,"Как дьявол с чертом за волоса дерутся, а до правды не доберутся: Сказка.",Имя авт. не установлено.,,,
3351,Как дядя Антон высиживал цыплят.,"МОПАССАН, Ги де.",,,
3352,Как дядя Пантелей выиграл 5000 рублей.,"ДОЛОТИН, Н.",,,
3353,"Как ее зовут: Комедия в стихах в 7-ми карт, на музыке.","АДУЕВ, Николай.",,,
3354,"Как жалок тот, в ком совесть нечиста: (Народно-бытовой рассказ).","ГАММА, Г. Н.",,,
3355,Как же быть?: Роман.,"КУЛЕШОВ, Александр.",,,
3356,Как женился Василий Люшня и что из этого вышло: Рассказ из малороссийской жизни.,"ГЕЙЕР, Иван Иванович.",,,
3357,Как живется в провинции: Письма к другу.,"ЯКОВЛЕВА, Надежда Владимировна.",,,
3358,Как животные лечатся.,"ЛОНГ, Вильям. ",,Летняя берлога Михаила Ивановича Топтыгина...,
3359,"Как жизнь, Семен?; Шарик лает на луну: Повести.","МОСКОВКИН, Виктор Фле-гонтович.",,,
3360,Как жил Есенин: Воспоминания.,"ВИНОГРАДСКАЯ, Софья Семеновна.",,,
3361,Как жил французский крестьянин до революции: Отрывок из романа «История одного крестьянина».,ЭРКМАН-ШАТРИАН.,,,
3362,"Как жили Таня, Петя, Оля и Ваня.",НОВСКАЯ.,,,
3363,Как жилось маленькой мушке в Мо-скве-старушке.,"ЛИБРОВИЧ, Сигизмунд Феликсович.",,,
3364,Как жители села Покровского добыли себе денег на хозяйственные надобности: Рассказ.,"БАРАНЦОВ, Михаил Степанович.",,,
3365,"Как жить будете, мальчики?: Повесть.","ВАСИЛЬЕВ, Иван Афанасьевич.",,,
3366,Как жуки в футбол играют.,"ФОРТУНАТОВ, Борис Константинович.",,,
3367,Как забивают гвозди: Повести и рассказы.,"ГОНЧАРОВ, Егор Иванович.",,,
3368,Как закалялась сталь: Литературный сценарий.,"ОСТРОВСКИЙ, Николай Алексеевич, ЗАЦ, Моисей Борисович.",,,
3369,Как закалялась сталь: Роман. 1-2.,"ОСТРОВСКИЙ, Николай Алексеевич.",,,
3370,Как заманить солнышко.,Имя авт. не установлено.,,,
3371,Как зачалось русское царство: Исторические рассказы деда своим внукам.,"СУВОРОВ, В.",,,
3372,Как звали неизвестных...: Документальная повесть.,"АРКАДЬЕВ, Лев.",,,
3373,"Как здоровье, тайга?","СОТНИК, Юрий Вячеславович.",,,
3374,"Как знать, что случится: Ч. 1-4.","КОК, Поль де. ",Беда от любовных связей; Никогда и всегда.,,
3375,Как Иван Иванович сделался купцом: Комедия в 3-х д.,"ДЬЯКОНОВ, И. М.",,,
3376,Как Иван Иваныч от большевиков бегал: Форменная вещь в 2-х ч.,"БЕЛЯЕВ, Сергей Михайлович.",,,
3377,Как Ивановка-село к севу общему пришло.,"ДИЭЗ (ДОБРЖИНСКИЙ, Гавриил Валерьянович).",,,
3378,Как иногда бывает...,"ШАЛАГИНОВ, Вениамин Константинович.",,,
3379,Как иные богатеют: Рассказ.,"АЛИС, Гэрри (ПЕРШЕ, Жюль Ипполит).",,,
3380,Как испортили пословицу: Летающая курица. Бытовой конфликт в 6-ти карт.,"ШТОК, Исидор Владимирович.",,,
3381,Как каждому человеку свое счастье найти и в чем оно состоит.,"ЗВЕЗДОЧКА, Александр (ГРИНБЕРГ, Александр Александрович) .",,,
3382,Как казаки заставили немцев самих себя выпороть. (Загл. обл.).,"ШУХМИН, Христофор Алексеевич. ","Сказание о том, как казаки заставили немцев самих себя выпороть.",,
3383,Как Карл Иванович выиграл 200 000: Рассказ для взрослых и детей.,Имя авт. не установлено.,,,
3384,Как колдун колдуна перехитрил: Солдатская сказка.,"ОРЛОВ, Федор Федорович.",,,
3385,Как кончаются войны.,"СУББОТИН, Василий Ефимович.",,,
3386,Как корова воспитала боевого генерала: Рассказ.,М. ,,,
3387,Как король хотел забраться на Луну: Детская сказка с цирком и фейерверком.,"КНАУТ, Иоахим.",,,
3388,Как корчмарь умер: Святочная быль.,"И. М. (МОРДВИНОВ, Исаакий Петрович).",,,
3389,Как кот оказался Робинзоном Крузо; Ради детей: Два рассказа из жизни животных.,"РОБЕРТС, Чарльз. ",Четвероногий Робинзон.,,
3390,Как Кошкин получил георгиевский крест: [Рассказ].,"ТХОРЖЕВСКИЙ, Корнелий Владиславович.",,,
3391,Как крестьяне основали общество потребителей.,"ТУРГЕНЕВ, Николай Александрович. ",,Как в деревне Шиханове устроилась артель...,
3392,Как крестьяне ходили судить в город: (Из повести «Крестьяне-присяжные»).,"ЗЛА-ТОВРАТСКИЙ, Николай Николаевич.",,,
3393,Как кривая кухарка женилась на куме пожарном.,ДОН-БОЧАРО (ДОН БАЧАРА). ,Кривая кухарка и кум пожарный под кроватью.,,
3394,Как крокодил в церковь ходил.,"БЕДНЫЙ, Демьян.",,,
3395,Как Кузя стал Кузьмой Ивановичем.,"ШАДРИН, Иларий Григорьевич. ",Кузя.,,
3396,Как купец без головы вышел из парикмахерской.,Имя авт. не установлено.,,,
3397,Как кур во щи: (Из хроники села Голодайкина). Сцены в 4-х д.,"ЕЛИСЕЕВ, Я.",,,
3398,Как летом Шурка от огня сберег посевы ячменя.,"ФРОЛОВ, Иван Ефимович.",,,
3399,Как листья: Комедия в 4-х д.,"ДЖА-КОЗА, Джузеппе. ",Опавшие листья.,,
3400,Как ловко надувают в Петербурге помещиков!,"ДОБЧИНСКИЙ, Петр Иванович, БОБЧИНСКИЙ, Петр Иванович.",,,
3401,Как ловят рысь.,"САВОСТИН, Николай Сергеевич.",,,
3402,Как лорд Левеланд открыл Америку: Роман.,"ВИЛЛЬЯМСОН, А. М. (ВИЛЬЯМСОН, Алиса Муриель), В. Н. (ВИЛЬЯМСОН, Чарльз Норрис).",,,
3403,Как львица воспитала царского сына (Загл. обл.).,"КАССИРОВ, Иван. ","Правдивая повесть о том, как львица воспитала царского сына.",,
3404,Как любили в старину мужчина и женщина или Смерть от тоски: Исторический роман из времен войны русских с немцами. В 2-х ч.,"СУВОРОВ, В.",,,
3405,"Как любит женщина: Одноактная пьеса в 5-ти карт, с прологом и эпилогом.","БЕССО (ОЛЬШАНСКИЙ, Борис Семенович).",,,
3406,Как любит опереточная артистка.,"ПРЕВО, Марсель. ",,Злость—временное сумасшествие...,
3407,Как любят девушки; Как любят женщины.,"ПРЕВО, Марсель.",,,
3408,Как любят женщины; [Рассказ].,"ПРЕВО, Марсель. ",,Как любят девушки...,
3409,Как любят женщины: Рассказы.,"ЧАРСКАЯ, Лидия",,,
3410,Как любят женщины: [Роман]. Ч. 1-3.,"ДОЛИНСКИЙ, Александр. ",Жизнь сердца или Как любят женщины?,,
3411,Как любят женщины.,С. С.,,,
3412,Как любят мужчины.,"ЖИП (МАРТЕЛЬ ДЕ ЖАНВИЛЬ, Сибилла Габриэль).",,,
3413,Как любят мужчины и женщины.,"ПРЕВО, Марсель.",,,
3414,Как люди ездят.,"СМИРНОВ, Николай Григорьевич, ЧИЧАГОВА, Галина Дмитриевна",,,
3415,Как люди женятся.,"ЗОЛЯ, Эмиль.",,,
3416,Как Мазаиха ответила Чемберлену.,"ЛАПШИН, Ник.",,,
3417,Как Макар продал жену черту и. расписался своею кровью: Рассказ.,"САФОНОВ, М. А. Загл. ",,,
3418,Как маленький Аль стал Эдиссоном.,"ЧЕРЕВКОВ, Владимир Гервасьевич.",,,
3419,Как мальчик улетел на воздушном шаре: Рассказ.,"КЛОД, С.",,,
3420,Как Марья грамоте училась: Сценка из рабочей жизни.,"АРТЕМЬЕВА, Е.",,,
3421,Как Марья кооператив исправила: Рассказ.,"ШТРАНДТ, Леопольд Генрихович.",,,
3422,Как Марья стала членом Совета.,"ГОРКИНА, А.",,,
3423,Как мастеровой Путиловского и Мытищинского завода обучал черта на токарном станке: Рассказ из народной жизни.,"ЗОТОВ, Михаил.",,,
3424,Как Матреша акушеркой стала: Повесть.,"ПОПКОВ, В. А.",,,
3425,Как Маша стала мастерицей: Повесть.,"ДОГАНОВИЧ, Анна Никитична, КРУГЛОВ, Александр Васильевич.",,,
3426,«Как меня послали за заячьим маслом» и другие рассказы.,"РОЗЕГГЕР, Петер.",,,
3427,Как меня хоронили: Веселые рассказы.,"ГАШЕК, Ярослав.",,,
3428,«Как меня хоронили»: Комедия-сатира в 3-х д.,"МИРАНД, Ив., РИВУАР, Андре.",,,
3429,Как метеор: Роман в 2-х ч.,"ЕСТИ-ФЕЕВА, Мария П.",,,
3430,Как мимолетное виденье.,"БРАЖ-НИН, Илья.",,,
3431,Как мистер Лэдбеттер провел однажды каникулы.,"УЭЛЛС, Герберт Джордж.",,,
3432,Как мистрис Корнер пришлось просить прощения.,"ДЖЕРОМ, Джером Клапка. ",,Жена Тома Слейта... Изд. также под загл.: Миссис Корнер расплачивается.,
3433,Как Михала акула напугала.,"ДЕВИН, Илья Максимович.",,,
3434,Как Миша попал на фабрику; Счастье; Мотька; Доброе дело; Вася-газет-чик: Рассказы.,"БАЖИНА, Серафима Никитична.",,,
3435,Как могуч и как прекрасен был Израиль.,"ФАЙНБОЙМ, Марк.",,,
3436,Как можно стать знаменитостью.,"ГОРНЫЙ, Сергей. ",,По-новому...,
3437,Как мой дедушка женился или Дорогу! Караман' жену ведет: Комедия в 2-х ч.,"ГЕЦАДЗЕ, Акакий Исмаилович.",,,
3438,Как монах черта надул: Сказка.,ХЕРСОНСКИЙ.,,,
3439,Как моя сорока попала в газету: Из жизни сорок.,"ЧЕГЛОК, Александр.",,,
3440,"Как муж был зашит в перине, а жена была на перине, что из этого вышло?: Курьезные похождения с превращениями чиновника Акакия Акакиевича Ритатуя, который печально погиб из-за своего поцелуя. Новый смешной рассказ.",НИКС-МАКС. ,"Муж в перине, жена на перине.",,
3441,Как муж ел по ночам в могиле свою жену: Необыкновенное происшествие.,"АЛЕКСАНДРОВСКИЙ, Ал. П.",,,
3442,Как муж проиграл жену на бегах.,ГЕЙНЕ ИЗ ТИФЛИСА (ДОН БАЧАРА).,,,
3443,Как мужик двух генералов прокормил: [Отрывок из сказки].,"САЛТЫКОВ-ЩЕДРИН, Михаил Евграфович.",,,
3444,Как мужик Пахом в столице в небеса летал на птице.,"АЛОВ, В.",,,
3445,Как мужик продал жену с двумя поросятами.,"ЗОТОВ, Михаил.",,,
3446,Как мужик споил дьявола: (Рассказ) .,Имя авт. не установлено.,,,
3447,Как мужик счастье нашел: Сказка; Водяной дедушка и крестьянский сын: Сказка.,Имя авт. не установлено.,,,
3448,Как мужик у всех в долгу остался: Сказка.,"ВОЛХОВСКИЙ, Феликс Вадимович.",,,
3449,Как мужик у всех в долгу остался и как потом со всеми расквитался: Сказка.,"ЛЕБЕДЕВ, Василий Иванович (ЛЕБЕДЕВ-КУМАЧ, Василий Иванович).",,,
3450,Как мужик черта обманул: Новый рассказ.,"АЛЕКСАНДРОВСКИЙ, Ал. П.",,,
3451,"Как мужичок нашел то, что ему было нужно: (Сказка).","ИЗМАЙЛОВ, Владимир Константинович.",,,
3452,Как мужчина с мужчиной.,"ФЕЛЬ-ДЕШ, Дьердь.",,,
3453,Как мы вчетвером писали роман.,"ДЖЕРОМ, Джером Клапка.",,,
3454,Как мы вывели на свет свой крестьянский комитет.,"ДОБРЖИНСКИЙ-ДИЭЗ, Гавриил (ДОБРЖИНСКИЙ, Гавриил Валерьянович).",,,
3455,Как мы ездили к бабушке говеть: Рассказ.,"АТАВА, Сергей (ТЕРПИГОРЕВ, Сергей Николаевич).",,,
3456,Как мы ездили на бахчи: Рассказ.,"АТАВА, Сергей (ТЕРПИГОРЕВ, Сергей Николаевич).",,,
3457,Как мы ловили зверей: Рассказы.,"СПАНГЕНБЕРГ, Евгений Павлович.",,,
3458,Как мы пели в Каракасе.,"СЕВЕР-ЦЕВ-ПОЛИЛОВ, Г. Т. (ПОЛИЛОВ, Георгий Тихонович). ",,В погоню за славою и золотом...,
3459,Как мы писали роман.,"ДЖЕРОМ, Джером Клапка. ",,"Трое в лодке, (не считая собаки)...",
3460,Как мы поселились в деревне: Книга для всех.,"ПОЛЕВОЙ, Петр Николаевич.",,,
3461,Как мы теперь живем: Роман.,"ТРОЛЛОП, Энтони.",,,
3462,Как мы хотели попасть на небо живыми.,"КАМАНИН, Федор.",,,
3463,Как мыши кота хоронили.,"ЖУКОВСКИЙ, Василий Андреевич.",,,
3464,Как на войне: [Повесть].,"ЩЕРБАК, Юрий Николаевич.",,,
3465,Как на войне: Пьеса в 1-м акте.,"БОКЕЕВ, Оралхан.",,,
3466,Как на фронте: Рассказы.,"ЗУБАВИН, Борис Михайлович.",,,
3467,Как надо.,"ШМЕЛЕВ, Иван Сергеевич.",,,
3468,Как надо отдавать честь.,"КСАН-РОФ, Леон.",,,
3469,Как надувают мужей: Шутка в 1-м д.,"ИВАНОВ, Лев Львович.",,,
3470,Как нарисовать птицу: Стихотворения.,"КАЧАЕВ, Виталий Сергеевич.",,,
3471,Как нас обнимала гроза.,"ИЛЬИН, Сергей Константинович.",,,
3472,«Как наси зидочки на война была»: Сцены и рассказы из еврейского быта.,"КУПЧИНСКИЙ, Иван Александрович.",,,
3473,Как Настя без попа венчалась: Рассказ.,НАЗАРОВ.,,,
3474,Как началась моя жизнь.,В. ,,,
3475,Как начинается дорога?...,"ПАНИЧ, Михаил Семенович.",,,
3476,Как начинается любовь.,"СТЕНДАЛЬ (БЕЙЛЬ, Анри).",,,
3477,Как начиналась любовь...,"ПЕРЕВАЛОВ, Николай.",,,
3478,Как наши хлеб продавали.,"ГАВРИКОВ (ЗИЛОВ, Лев Николаевич).",,,
3479,Как небо голубое: Пьеса в 5-ти д.,"МУФФИ, Георг.",,,
3480,"Как ни быть, лишь бы жить: Очерки и рассказы.","КУЛАКОВ, Александр Андреевич.",,,
3481,"Как ни быть, лишь бы жить: Сцены в 4-х д.","ШПАЖИНСКИЙ, Ипполит Васильевич.",,,
3482,Как ни в чем не бывало.,"ТОЛСТОЙ, Алексей Николаевич.",,,
3483,Как обманывают темных людей; Чуткое сердце.,"УСПЕНСКИЙ, Глеб Иванович.",,,
3484,Как обращаться с женщинами.,"ДЖЕРОМ, Джером Клапка.",,,
3485,Как объяснить?: Эпизод из одной семейной хроники.,"ПЕТРОВ-БАТУРИЧ, Семен Васильевич.",,,
3486,Как одна кухарка выиграла 200 000.,Имя авт. не установлено.,,,
3487,Как оживает камень: Стихи и поэма.,"ДАВЫДОВ, Энвер Муртазеевич.",,,
3488,"Как он говорил: (Шарж, пьеса).","ВОЛК, Александр Осипович.",,,
3489,Как он жил...: Психологический роман.,"ОЛЕНИН, Петр Алексеевич.",,,
3490,Как он есть: Рассказы.,"ВИРТА, Николай Евгеньевич.",,,
3491,Как он пошел в народ: (Повесть о жизни русского заграничного духовенства). Т. 1—2.,"СОФЬЯ БЛАГОДУШНАЯ (ШВИДЧЕНКО, Евфимий Созонтович).",,,
3492,Как он проводит иногда время: Сцена-монолог с куплетами.,"БОРИСОВСКИЙ, Николай Александрович. ",,Совесть или Разговор с чертиком...,
3493,Как он снова борцом стал.,"КРАУЗЕ, В.",,,
3494,Как он умер.,"СЕРАФИМОВИЧ, Александр.",,,
3495,Как она любила: Домашние сцены в 4-х д.,"ОЛЕНИН-ВОЛГАРЬ, Петр (ОЛЕНИН, Петр Алексеевич).",,,
3496,Как они бросили курить: Басня-шарж в 2-х карт.,"ТРАХТЕНБЕРГ, Владимир Осипович.",,,
3497,Как они кончат: Трагикомедия. (Объединенным социал-предателям посвящается).,"БЕСПАЛОВ, Иван Михайлович, КИРШОН, Владимир Михайлович.",,,
3498,Как они становятся миллионерами: Роман.,"ЧЕСТЕР, Джордж Рандольф.",,,
3499,Как они удрали в Америку: Миниатюра-шутка в 1-м д. с пением и танцами.,"БИРН-ШТЕЙН, Евгений Северинович.",,,
3500,Как они умирали: [Рассказ].,"БОРЕЦКАЯ, Мария.",,,
3501,Как они умирали: [Рассказы]; Когда огни погасли. (Загл. обл.).,"ГАРИН, Сергей.",,,
3502,Как отдыхал Иван Иванович: Совре- менная быль.,"КРУГЛОВ, Александр Васильевич.",,,
3503,Как открывается ларчик: Фельетоны.,"ЕГОРОВ, Борис Андрианович.",,,
3504,Как отымала молоко у соседских коров колдунья Ульяна Смычиха: Рассказ.,"НАУМОВИЧ, Иван Григорьевич (НАУМОВИЧ, Иоанн Григорьевич).",,,
3505,Как пахнет жизнь.,"БЕЗЫМЕНСКИЙ, Александр Ильич.",,,
3506,Как Пахом в селе Несмелом занимался летным делом.,"АЛОВ, В.",,,
3507,Как Пахом поборол засуху.,"УЖГИН, Семен Семенович.",,,
3508,"Как Пахом, понюхав дым, записался в Доброхим: Агит-поэма.","АЛОВ, В.",,,
3509,Как перешла деревня на хуторское хозяйство.,"СЕВЕРЦОВ-ПОЛИЛОВ, Г. Т. (ПОЛИЛОВ, Георгий Тихонович).",,,
3510,Как песня.,"ЛОГИНОВ, Николай Васильевич.",,,
3511,"Как Петербург веселится, плачет и смеется: Обозрение в 1-м д. с пением, куплетами на злобу дня и танцами.","ПЕЧОРИН-ЦАНДЕР, Л.",,,
3512,Как Петруха разбогател.,"ЯРОСЛАВСКАЯ, К. Л. (ЛЬВОВА, Елизавета Владимировна) .",,,
3513,Как Петя пришел к Ильичу.,"РОЖДЕСТВЕНСКИЙ, Игнатий Дмитриевич.",,,
3514,Как Петя узнал про выигрышные билеты.,"ВАН, Григорий.",,,
3515,Как писать святочные рассказы.,"ИЗМАЙЛОВ, Александр Алексеевич. ",,Проклятие зверя...,
3516,Как пишутся рассказы.,"ГУЛИА, Георгий Дмитриевич.",,,
3517,"Как по-вашему, я неудачник?: Повесть.","ЭРГЛЕ, Зента Эрнестовна.",,,
3518,Как повелела совесть: Рассказы.,"СИЗОВ, Иван Александрович.",,,
3519,Как погибают: Жизненная драма в 4-х д.,Имя авт. не установлено.,,,
3520,Как подсказывает совесть: Короткие рассказы.,"ПЕШКОВА, Инна Михайловна.",,,
3521,"Как поживаешь, земля: Книга стихов и песен.","МАТУСОВСКИЙ, Михаил Львович.",,,
3522—3532,"Как поживаешь, парень?: Пьеса в 2-х ч.","ПАНОВА, Вера Федоровна.",,,
3533,"Как поживешь, так и прослывешь: Драма в 5-ти д.","ДЮМА, Александр (сын). ",Дама с камелиями; Маргарита Готье; Разбитая жизнь.,,
3534,"Как поживешь, так и прослывешь: Повести и рассказы.","САМОЙЛОВИЧ, В. (СОБОЛЕВА, Софья Павловна).",,,
3535,"Как поживешь, так и прослывешь: Рассказ.",Имя авт. не установлено.,,,
3536,Как поймать солнечный луч: Рассказ.,"РАЗИН, Алексей Егорович.",,,
3537,Как полуголодная девочка сделалась императрицей: Из жизни китайской императрицы.,"СКВОРЦОВ, Николай Алексеевич.",,,
3538,Как помочь горю?: (Этюды).,Ч***.,,,
3539,Как попасть в историю: Памфлеты и фельетоны.,"ВИХРЕВ, Александр Ефимович.",,,
3540,"Как посеешь, так и пожнешь: Рассказ-быль.","КОРЖЕЦ, Владимир Михайлович.",,,
3541,Как поссорился Иван Иванович с Иваном Никифоровичем: Повесть.,"ГОГОЛЬ, Николай Васильевич.",,,
3542,Как пошла первая машина: Рассказ.,"ЛАВРОВ, Никита Фролович.",,,
3543,Как поэт опоздал на свидание: Поэма.,"РУМЯНЦЕВА, Майя Александровна.",,,
3544,Как пригодилась солдатская наука: Рассказ.,"ШИШ КО, Яков Устинович.",,,
3545,Как примус захотел Фордом сделаться: Машинная сказочка.,"АГНИВЦЕВ, Николай Яковлевич.",,,
3546,Как пришлось идти.,"ПОЗДНЯЕВ, Константин Иванович.",,,
3547,Как прожить сто сорок лет: Рассказы.,"ДЗГОЕВ, Николай Мухарбекович.",,,
3548,"Как просто быть, кем хочешь: Комедия в 2-х ч.","ВАРТАНЯН, Айк.",,,
3549,Как просыпается солнце: Новеллы о природе.,"ФЕДОРОВ, Леонид Александрович.",,,
3550,Как пруссак попал впросак: Сатирические стихи.,"КОМАРОВ, Петр Степанович.",,,
3551,Как птице в неволе: Стихотворения.,"РЕТНЕВ, Василий Петрович.",,,
3552,Как Пуришкевич поступил в клоуны.,Имя авт. не установлено.,,,
3553,Как пьянство сгубило Василия: Рассказ из крестьянского быта.,К-,,,
3554,Как работал Владимир Ильич Ленин.,"ФОТИЕВА, Лидия Александровна.",,,
3555,Как рабочие и крестьяне с нэпом управляются:  (Песни пролетария-коопера- тора).,"ГАВРИКОВ (ЗИЛОВ, Лев Николаевич) .",,,
3556,Как разбилось солнце: Рассказы о детстве.,"СЛУЦКИС, Миколас Гецелевич.",,,
3557,"Как расправился муж с женою в первую брачную ночь, когда узнал, что молодая жена его была раньше отдана другому: Повесть.","АЛЕКСАНДРОВСКИЙ, Ал. П.",,,
3558,Как расстроился Алешин квартет.,"КРАСИЛЬНИКОВА, Лидия Петровна.",,,
3559,"Как расцветала степь: Очерки, рассказы, фельетоны.","КОЛОСОВ, Алексей Иванович.",,,
3560,Как родилась книжка.,"ПОЛЕЩУК, Инна Степановна.",,,
3561,Как родился рассказ: Рассказы.,"БИРЗЕ, Миервалдис.",,,
3562,Как родные братья: Повесть.,"ФЕДЬ-КОВИЧ, Осип (ФЕДЬКОВИЧ, Юрий Адаль-бертович).",,,
3563,Как росли мальчишки...: Повесть.,"МОРОЗОВ, Евгений Сергеевич.",,,
3564,Как русский мальчик забрал в плен 300 немцев.,"ПЕТРОВ, Александр.",,,
3565,Как русский народ добыл себе «землю и волю»: Сказка из истории русской революции в стихах.,"СЕРЫЙ, С. (БАСОВ-ВЕРХОЯНЦЕВ, Сергей Александрович).",,,
3566,Как русский немцу задал перцу!: Фарс-миниатюра в 1-м д.,"КУРБСКИЙ, Алексей Алексеевич.",,,
3567,Как с гуся вода: Фарс в 3-х д.,"ИВАНОВ, Лев Львович.",,,
3568,Как с Никитою Федот ездил в город на завод.,"АЛЬПИН, А.",,,
3569,Как Санек моржей ловил.,"САВЕЛЬЕВА, Эммелина Григорьевна.",,,
3570,Как Санька на Луну летал.,"КОРНЕЕВ, Алексей Никифорович.",,,
3571,Как сатана сватался к поповой дочке: Рассказ.,"С. М. (САФОНОВ, М. А.).",,,
3572,Как Саша стал красноармейцем: Рассказ.,"КРАВЧЕНКО, Анна Григорьевна.",,,
3573,Как сейчас помню...,"СУКОНЦЕВ, Александр Алексеевич.",,,
3574,Как семь снох влюбились в одного свекра: Новый рассказ.,М. ,,,
3575,Как Сенька в комсомол поступил.,"ШУБИН, Георгий Петрович.",,,
3576,Как Сережка за один присест 50 000 р. пропил.,"Д'АКТИЛЬ, А.",,,
3577,Как Сибирь стала русской землей: Очерки покорения Сибири.,"ВИСКОВАТОВ, П.",,,
3578,Как Симон нашел себе отца: Рассказ.,"МОПАССАН, Ги де. ",Отец Симона; Папа Симона; Семушкин отец.,,
3579,Как сложили песню.,"ГОРЬКИЙ, Максим.",,,
3580,Как снег.,"СПАССКИЙ, Сергей Дмитриевич.",,,
3581,Как собака загрызла немца.,"УЛЬЯНОВ, Алексей Николаевич.",,,
3582,Как содержать себя в починке.,Имя авт. не установлено.,,,
3583,Как создавался Робинзон.,"ИЛЬФ, Илья, ПЕТРОВ, Евгений.",,,
3584,Как создаются курганы: Рассказы.,"ИВАНОВ, Всеволод Вячеславович.",,,
3585,"Как сойдутся, так подерутся: Шутка в 1-м д.","АЛЕКСИН, С. А.",,,
3586,Как солдат в ад попал и всех чертей разогнал.,ГЕЙНЕ ИЗ ТИФЛИСА (ДОН БАЧАРА).,,,
3587,Как солдат в раю побывал: Рассказ.,"ПРОХОДИМЕЦ (ЗОТОВ, Михаил).",,,
3588,Как солдат под суд попадает: Рассказы.,"ЛЯЛИКОВ, Сергей Петрович.",,,
3589,Как солнце дню: Повести.,"МАРЧЕНКО, Анатолий Тимофеевич.",,,
3590,Как соловей лета: Рассказы. Повесть.,"ВАНШЕНКИН, Константин Яковлевич.",,,
3591,Как сохранить молодость.,"КЕМОК-ЛИДЗЕ, Герберт Васильевич.",,,
3592,Как старик ни сделает — все хорошо.,"АНДЕРСЕН, Ганс-Христиан. ",,"Тень... Изд. также под заглавиями: Что старик ни сделает — все хорошо; Что муж ни сделает, то и хорошо.",
3593,Как стать главным инженером: Повесть.,"ЛОНДОН, Лев Израилевич.",,,
3594,Как стать любимым: Репертуарный сборник.,"ВИККЕРС, Роберт Борисович, КАНЕВСКИЙ, Александр Семенович.",,,
3595,Как Степа деревню грамоте учил: Рассказ.,"МАНАСЕИНА, Наталия Ивановна.",,,
3596,Как Степка беспризорный стал пионером: Рассказ.,"ЛОПАТИНА, Софья Алексеевна.",,,
3597,Как строили дом: Стихи.,"КУДРИН, Леонид Яковлевич.",,,
3598,Как таковые: Эстрадный скэтч.,"БУХОВ, Аркадий Сергеевич.",,,
3599,Как там Сашка?: Рассказы.,"РОСЛЯКОВ, Василий Петрович.",,,
3600,Как тварь земная богу молится: Рассказ странника.,"БЕЛЬСКИЙ, Леонид Андреевич.",,,
3601,"Как тебе служится, Василек?","АЗОВ, Дмитрий Сергеевич.",,,
3602,"«Как тебе служится, с кем тебе дружится...»: (Эстрадное обозрение в 5-ти карт, с прологом и эпилогом).","БАРШАЙ, Л., ВОЛОДАРСКИЙ, Б.",,,
3603,Как тесен мир.,"ДЕМЫКИНА, Галина Николаевна.",,,
3604,Как тетка Агафья артель организовала: (Рассказ).,БРОНЗА.,,,
3605,Как тетка Дарья узнала о Мопре.,"НОВИКОВА, Елена (НОВИКОВА-ВАШЕН-ЦЕВА, Елена Михайловна).",,,
3606,Как теща заживо похоронила зятя: Рассказ.,"ПРОХОДИМЕЦ (ЗОТОВ, Михаил).",,,
3607,"Как Тит Титыч очутился под шарами или Не все коту масленица, бывает и великий пост.",ДОН БАЧАРА. ,Как Тит Титыч попал под шары.,,
3608,Как Тит Титыч попал под шары. (Загл. обл.).,ДОН БАЧАРА. ,"Как Тит Титыч очутился под шарами или Не все коту масленица, бывает и великий пост.",,
3609,Как ткач Сила счастье нашел: Повесть.,Имя авт. не установлено.,,,
3610,Как три жида утопились в лохани: Совершенно невероятное происшествие.,Имя авт. не установлено.,,,
3611,Как три мужика-бедняка стали жить коммуной.,"БЕЛОВ, Алексей Андреевич.",,,
3612,Как трудно быть женой: Комедия в 2-х д.,"МАНТАЕВА, Умукурсюн Арзулу-мовна.",,,
3613,Как трудно сказать — прощайте: Повесть.,"ЕГОРОВ, Николай Матвеевич.",,,
3614,Как тур из неволи бегал.,"ПАНОВА, Вера Федоровна.",,,
3615,"Как ты живешь, Зося?!: (Здравствуйте, пани Катерина!). Драма.","ИРОШ-НИКОВА, Ирина Ивановна.",,,
3616,Как у нас громоотвод ставили: (Рассказ).,"АУЭРБАХ, Бертольд.",,,
3617,Как убила жена своего мужа.,"ТЯЖЕЛОИСПЫТАННЫЙ, Андрей (ПРОХОРОВИЧ, Андрей Васильевич).",,,
3618,Как убили отца: Рассказы.,"ФУРМАНОВ, Дмитрий Андреевич.",,,
3619,Как убили скрипку.,"БАРЕНБОЙМ, Александр Менделеевич.",,,
3620,Как узнать человека: Повести и рассказы.,"НИКОЛЬСКИЙ, Борис Николаевич.",,,
3621,Как умер мой дядя: Рассказ.,"КРЕСТОВСКИЙ, Всеволод Владимирович.",,,
3622,Как умер старый рыбак.,"ЛОРДКИ-ПАНИДЗЕ, Константин Александрович.",,,
3623,Как умирают.,"ЗОЛЯ, Эмиль.",,,
3624,Как Федюшка пионером стал: Пьеса в 2-х д.,"ГЛУБОКОВСКИЙ, Борис.",,,
3625,Как Филюшка в городе побывал: Рассказ.,"ДМИТРИЕВА, Валентина Иововна.",,,
3626,Как Фог был выведен из строя.,"КИСТЕМЭКЕР, Генрих (КИСТЕМЕКЕР, Анри). ",,Случай...,
3627,"Как ходить конем: Рассказы, фелье- тоны, веселые репортажи о спорте.","КИКНАД-ЗЕ, Александр Васильевич.",,,
3628,"Как хороши, как свежи были розы: (Тени и мысли).","ЯКОВЛЕВ, Осип.",,,
3629,Как храбрый зять укротил гнев злой тещи. (Загл. обл.).,"М. С. (САФОНОВ, М. А.) ",Как храбрый зять укротил гнев своей тещи.,,
3630,Как храбрый зять укротил гнев своей тещи.,"М. С. (САФОНОВ, М. А.) ",Как храбрый зять укротил гнев злой тещи.,,
3631,Как царь Ахреян ходил богу жалиться: Запрещенная сказка в стихах.,"БАРЫКОВА, Анна Павловна.",,,
3632,Как царь Никола лишился престола.,"РОЗОЦВЕТОВА, Роза.",,,
3633,Как цветут мужики: Очерки о людях колхозной весны.,"ШОШИН, Михаил Дмитриевич.",,,
3634,Как цветы на заре.,"ФЕДОРОВ, Василий Дмитриевич.",,,
3635,Как человек летал по воздуху и ночевал на Юпитере.,"ЗОРИЧ, Семен Гордеевич.",,,
3636,Как черный хлеб: Стихи.,"ПОСКРЕБЫШЕВ, Олег Алексеевич.",,,
3637,Как черт в неволе был. (Загл. обл.).,"САМ-В, Евг. (САМОЙЛОВ, Евгений). ","Рассказ о том, как черт в неволе был.",,
3638,Как черт Вильгельма выдумал: Легенда.,"ВИСОЦКИЙ, Владимир.",,,
3639,Как черт попал на Хитровку.,"САФОНОВ, М. А.",,,
3640,Как черт провел ночь в плену у ...новобрачных: Рассказ.,"ГИЛЯРОВ, А. П. (ЗОТОВ, Михаил).",,,
3641,Как черт сапоги шил в Замоскворечье и как его баба отгадала.,Имя авт. не установлено.,,,
3642,Как чертенок краюшку выкупал; Зерно с куриное яйцо; Два брата и золото.,"ТОЛСТОЙ, Лев Николаевич.",,,
3643,Как четверо железнодорожных ребят создали пионерский отряд: (Стихи).,"ШИХ-МАН, Борис.",,,
3644,Как 14-я дивизия в рай шла: Занимательная повесть.,"БЕДНЫЙ, Демьян.",,,
3645,Как Шикин поживился: Рассказ.,"ВАСИЛЬКОВСКИЙ, Александр Константинович.",,,
3646,Как это бывает: Старшина Иван Шишкин.,"ФИШ, Геннадий Семенович.",,,
3647,Как это было: Очерки и воспоминания из эпохи 60-х годов.,"ЗЛАТОВРАТСКИЙ, Николай Николаевич.",,,
3648,Как это было: (Партизаны Бело-морья). Повесть.,"ЛИНЕВСКИЙ, Александр Михайлович.",,,
3649,Как это было: Рассказы.,"ЛАРРИ, Ян Леопольдович.",,,
3650,Как это было и как это есть.,"ВИРТА, Николай Евгеньевич.",,,
3651,Как это было на Кубе: Главы из документальной повести.,"БОРОВИК, Генрих Авиэзерович.",,,
3652,Как это все непросто...: Рассказы.,"РЯЗАНОВА, Екатерина Михайловна.",,,
3653,Как это все сказать.,"ТАРАСЕНКО-ВА, Наталья Николаевна.",,,
3654,Как это делается: (Избранные рас- сказы и очерки).,"ЧАПЕК, Карел.",,,
3655,Как это делается: Сатирические миниатюры.,"ЕГОРОВ, Борис Андрианович.",,,
3656,Как это получается?: Драма в 2-х ч. с прологом и эпилогом по мотивам романа «Небит-Даг».,"КЕРБАБАЕВ, Берды Мурадович.",,,
3657,Как юности положено...,"АЙДИНОВ, Георгий Иванович.",,,
3658,Как я большевика спасла; Двенадцать часов: Рассказы.,"НЕВЕРОВ, Александр.",,,
3659,Как я был оперным рецензентом.,"Д'ОР, О. Л. ",,Мечты...,
3660,Как я был самостоятельным.,"СОТНИК, Юрий Вячеславович.",,,
3661,Как я была маленькая.,"ИНБЕР, Вера Михайловна.",,,
3662,Как я была маленькой: Из воспоминаний раннего детства.,"ЖЕЛИХОВСКАЯ, Вера Петровна.",,,
3663,Как я влиял на Севку.,"КУЛИКОВ, Геомар Георгиевич.",,,
3664,Как я воскрес: Рассказы и очерки.,"АВШАЛУМОВ, Хизгил Давидович.",,,
3665,Как я все-таки добился краю.,"ПИГАНОВ, П. А.",,,
3666,Как я дедом был: Повесть.,"КАМАНИН, Федор.",,,
3667,Как я ездил к Деве Севера: Сказка.,"СКАЛБЕ, Карлис Янович.",,,
3668,Как я занимался по системе Мюллера.,"СМЕРЕЧИНСКИЙ, Евгений Стефанович. ",,Костя Биадзи...,
3669,Как я защитился от критики.,"АБ- ДУКАХХАР, Самиг.",,,
3670,Как я играл в бирюльки с дьяволом.,"ИЗМАЙЛОВ, Александр Алексеевич. ",,Проклятие зверя...,
3671,Как я издавал сельскохозяйственную газету.,"ТВЕН, Марк.",,,
3672,Как я к попу за астрономией ходил.,"ГАЛКИН, Василий Михайлович.",,,
3673,Как я ловил диких зверей в джунглях.,"МАЙЕР, Чарлз.",,,
3674,Как я ловил мещанина: Рассказы и фельетоны.,"НИКОЛЬСКИЙ, Андрей Владимирович.",,,
3675,Как я нашел свою дорогу в жизни: Из воспоминаний немецкого писателя.,"РОЗЕН, Эрвин.",,,
3676,Как я отдыхал: Комедия в 3-х д.,"ПОКРОВСКИЙ, Виктор Павлович.",,,
3677,Как я писала роман.,"ТЭФФИ, Н. А.",,,
3678,Как я попал в Петербург учиться: Рассказ.,"ФЕДОРОВ, П.",,,
3679,Как я попал на Сахалин.,"ДОРОШЕВИЧ, Влас Михайлович.",,,
3680,Как я правду искала.,"МИНАЕВ, И.",,,
3681,Как я провела свою юность: Приключения подростка. Рассказ для юношества.,"ГЕЛЬМ, Клементина.",,,
3682,Как я продавал барана.,"НАДЕИН, Владимир Дмитриевич.",,,
3683,Как я путешествовал по Алтаю.,"АРХАНГЕЛЬСКИЙ, Владимир Васильевич.",,,
3684,Как я редактировал газету.,"ТВЭН, Марк (ТВЕН, Марк).",,,
3685,Как я сделался акробатом.,"ЗАРИН, Андрей Ефимович.",,,
3686,Как я сделался лгуном.,"АВЕРЧЕНКО, Аркадий Тимофеевич.",,,
3687,Как я сделался миллионером: Дружеские  советы всем  унывающим. Рассказ.,"МИЛЛИОНЕР, Т.",,,
3688,"Как  я  сделался отцом; История, каких много: Рассказ и быль.","ЛИБРОВИЧ, Сигизмунд Феликсович.",,,
3689,Как я смотрю.,"МАРИТ, Александр.",,,
3690,Как  я стал анархистом: (Записки жандарма).,"АРОКУР, Эдмон.",,,
3691,Как  я стал   издателем или Всем сестрам по серьгам: (Опыт юмористического рассказа).,"КЛАРИН, М. С.",,,
3692,Как  я  стал  клеветником.,"НИКО- ЛАЕВ, Александр Маркович.",,,
3693,Как  я стал    маляром.,"СЕМЕНОВ, Александр Сергеевич.",,,
3694,Как я стал писать в газету: Рассказ селькора в стихах.,"ВОИНОВ, Владимир Васильевич.",,,
3695,Как я стала писательницей: Рассказ старой работницы.,"НОВИКОВА-ВАШЕН-ЦЕВА, Елена Михайловна.",,,
3696,"Как я съел свою любимую...: Рассказы, фельетоны, стихи.","ЮДИН, Борис.",,,
3697,Как я тебя любил.,"СТАНКУ, Захария.",,,
3698,Как я учился: Рассказ.,"ГОРЬКИЙ, Максим.",,,
3699,«Как я ходил за рождественской радостью» и другие рассказы.,"РОЗЕГГЕР, Петер.",,,
3700,Как я шел пешком в Петербург учиться: Быль.,"БОРИСОГЛЕБСКИЙ, А. (ФИЛОНОВ, Андрей Григорьевич).",,,
3701,Как я это вижу.,"АЛЬТЭНБЕРГ, Пэтер (АЛЬТЕНБЕРГ, Петер).",,,
3702,Как Яшка ревизором стал.,"МАХОВ, Виктор Николаевич.",,,
3703,Какаду.,"КЛЫСЬ, Рышард.",,,
3704,"Какаду или Следствие урока кокеткам: Комедия в 1-м д., в стихах.","ШАХОВСКОЙ, Александр Александрович.",,,
3705,Какая вы свинья!!!: (Невежа). Фарс в 1-м д.,"ПАНОВА-ПОТЕМКИНА, Анна Дмитриевна.",,,
3706,Какая наглость!: Шутка в 1-м д.,"ОСВАЛЬД, Рихард.",,,
3707,Какая теплая земля!: Стихи.,"СИДОРОВ, Владимир Сергеевич.",,,
3708,"Какая ты, Камчатка?","ГАНЕЙЗЕР, Галина Евгеньевна.",,,
3709,Какая у вас улыбка!: Повесть.,"КРАКОВСКИЙ, Владимир Лазаревич.",,,
3710,Какие носы сейчас в моде?,"РЫК-ЛИН, Григорий Ефимович.",,,
3711,Какие у меня были профессии.,"ЗОЩЕНКО, Михаил Михайлович.",,,
3712,"Каким будешь, сердце?: Стихи.","ХЕЙСЛЕР, Харий Робертович.",,,
3713,Каким должен быть папа: Расска- зы. Фельетоны.,"САНИН, Владимир Маркович.                  ",,,
3714,Каким тебя любят: Драма в 2-х д.,"ЯКОВЛЕВ, Юрий Яковлевич.",,,
3715,Каким ты вернешься?: Научно-фантастические повести и рассказы.,"РОСОХО-ВАТСКИЙ, Игорь Маркович.",,,
3716,Каких-нибудь двадцать минут...: Рассказы.,"РОЩИН, Михаил.",,,
3717,"Каков век, таков и человек: (Ме- saliance). Пьеса в 4-х д.","СОКОЛОВ-ЖАМСОН, Павел Ананьевич (СОКОЛОВ, Павел Ананьевич).",,,
3718,"Какова Маланья, таковы у ней и оладьи: Сказка.",Имя авт. не установлено.,,,
3719,"Какова совесть, такова и честь: Сатира и юмор.","ЧИСТЯКОВ, Алексей Михайлович.",,,
3720,Каково мое положение: Оригинальная комедия в 3-х д.,"ЛИСЕНКО-КОНЫЧ, Иван Кононович.",,,
3721,"Каково правление, таков и кооператив: Рассказ.","БОЛОДУРИН, Александр А.",,,
3722,"Каково тому жить, кому бабка ворожит: Сцены из деревенской жизни. В 2-х карт.","МАРКОВ, Владимир Дмитриевич.",,,
3723,"Каковы люди, таковы и дела: Оригинальная комедия в 4-х д.","ГРИНЕВ, Аполлон Афанасьевич.",,,
3724,Какого цвета море.,"ПУШКАРЬ, Арнольд Игнатьевич.",,,
3725,Какого цвета небо: Повесть.,"ДЕМЕНТЬЕВ, Николай Степанович.",,,
3726,Какого цвета снег?: Повесть.,"ХОД-ЖЕР, Григорий Гибивич.",,,
3727,Какое же тут сомнение?; Бузинная матушка; Колокол; Мать.,"АНДЕРСЕН, Ганс-Христиан.",,,
3728,"Какое оно, море?: Повести.","БАРУЗДИН, Сергей Алексеевич.",,,
3729,Какое оно — счастье?: Повесть.,"ГОЛОДНЫЙ, Цезарь Михайлович.",,,
3730,Какое счастье всего дороже.,"СКОПИНА, Клара Павловна.",,,
3731,Какой мне видится Земля: Стихи.,"БУЛЫЧЕВА, Ангелина Александровна.",,,
3732,Какой нахал: Комедия в 1-м д.,"МИРОВИЧ-ДУНАЕВ, Е. А. (МИРОВИЧ, Евстигней).",,,
3733,Какой простор: Роман.,"БОРЗЕНКО, Сергей Александрович.",,,
3734,Какой честный: Трагикомедия в 1-м д.,"ГРЕЙ, С. (РОЗОВСКИЙ, Александр Константинович) . ",,Часовых дел мастер...,
3735,Какомей: Из путешествий художника по Чукотке.,"ЯКОВЛЕВ, Андрей Алексеевич.",,,
3736,Какстоны: Семейная картина в 18-ти ч.,"БУЛЬВЕР-ЛИТТОН, Эдуард (БУЛВЕР-ЛИТТОН, Эдуард Джордж). ",Семейство Каксто-нов.,,
3737,Какташджуйская республика: Повесть.,"КАРГРЭМ, Генриетта.",,,
3738,Кактус: Драма в 3-х д.,"НАРЕЧИО-НИС, Ромуальдас Бенедиктович.",,,
3739,Кактус: [Сатирические рассказы].,"ВАСИЛЬЕВ, Аркадий Николаевич.",,,
3740,Кактусы: 2-я брошюра стихов.,"АЛЯКРИНСКИЙ, Сергей Александрович.",,,
3741,Каламбур: Стихотворение.,ИЗРЯДНЫЙ.,,,
3742,Каланча любви: Комедия.,"ЧЕР-НОЛУССКИЙ, Михаил Борисович.",,,
3743,Каланча на хозрасчете.,"РЫКЛИН, Григорий Ефимович.",,,
3744,Каланчевка: Шестнадцать историй о жителях одного дома.,"МАЛЬКОВ, Виталий Алексеевич.",,,
3745,Калеб Виллиаме: Ч. 1—4.,"ГОДВИН, Вильям (ГОДВИН, Уильям). ",Калеб Вильямс; Калеб Уильямс.,,
3746,Калеб Вильямс.,"ГОДВИН, Вильям (ГОДВИН, Уильям).",,,
3747,Калеб Уильямс.,"ГОДВИН, Уильям.",,,
3748,Калейдоскоп: В дополнение к моим семидесятилетним воспоминаниям из первой половины XIX столетия. Рассказы и очерки.,"МАКАРОВ, Николай Петрович.",,,
3748а,Калейдоскоп: [Из разных книг].,"КРИВИН, Феликс Давидович.",,,
3749,Калейдоскоп: Рассказы.,"БУКОВ, Емилиан Несторович.",,,
3750,Калейдоскоп: [Сборник рассказов]. Вып. 1-2.,Имя авт. не установлено.,,,
3751,Калейдоскоп: Этюды в стихах и прозе. Вып. 1.,Имя авт. не установлено.,,,
3752,Калейдоскоп жизни:    Рассказы.,"ЯРОСЛАВЦЕВ, Петр Данилович.",,,
3753,Калека: (Быль).,"МАСОН-ФОРЕСТЬЕ (МАССОН-ФОРЕСТЬЕ, Альфред).",,,
3754,Калека: [Сказка].,"АНДЕРСЕН, Ганс-Христиан. ",,Последний сон старого дуба...,
3755,Каленая тропа: Роман.,"БРАЖНЕВ-ТРИФОНОВ, Е. (БРАЖНЕВ, Евгений).",,,
3756,Календарик: Сказки и побаски.,"СУХОТИН, Павел Сергеевич.",,,
3757,Календарь: Стихи.,"КРУЧЕНЫХ, Алексей Елисеевич.",,,
3758,Календарь: [Стихи].,"УШАКОВ, Николай Николаевич.",,,
3759,"Календарь-альманах на 1897 год с карикатурами: Юмористические рассказы, стихотворения, шутки и афоризмы.","ГРАФ БЕНГАЛЬСКИЙ (ШЕБУЕВ, Николай Георгиевич) .",,,
3760,Календы: Стихи.,"ТИМОФЕЕВ-ЕРОПКИН, Б. Н. (ТИМОФЕЕВ, Б.).",,,
3761,Каленов яр: Повесть.,"РУССКОВ, Владимир Александрович.",,,
3762,Каленые тропы: Роман.,"ЛИСТОВ-СКИЙ, Александр Петрович.",,,
3763,Каленым пером.,"ДАНИЛОВ, Николай Степанович.",,,
3764,Калибан: Роман.,"ДЖОРДЖ, Уолтер.",,,
3765,Калибан: Философская драма.,"РЕНАН, Эрнест Жозеф.",,,
3766,Калика перехожая: Поэма.,"КРЕСТОВСКИЙ, Всеволод Владимирович.",,,
3767,Калики перехожие: Трагедия в 3-х д.,"ВОЛЬКЕНШТЕЙН, Владимир Михайлович.",,,
3768,Калина; Кому позволено жить: Повесть.,"КОГУТ, Богуслав.",,,
3769,Калина: [Поэма]. Стихи.,"СМИРНОВА, Матрена Платоновна.",,,
3770,Калина в палисаднике.,"НОВИКОВ, Иван Алексеевич.",,,
3771,"Калина во ржи: Лирика: песни, юмор, поэма.","ФЕДОРОВ, Владимир Иванович.",,,
3772,Калина-ягода: Стихи.,"БАЕВА, Антонина Антоновна.",,,
3773,Калининцы.,"НЕЙМАН, Ю.",,,
3774,Калинов-город: Поэма-лубок из времен деникинщины.,"БАСОВ-ВЕРХОЯНЦЕВ, Сергей Александрович.",,,
3775,Калинов ключ: Роман.,МАТЮШИН,,,
3776,Калиновая Роща.,"КОРНЕЙЧУК, Александр Евдокимович.",,,
3777,Калиновый цвет: Роман.,"КАТАЕНКО, Кузьма Филиппович.",,,
3778,Калитка: Стихи.,"ВАЩЕНКО, Олег Николаевич.",,,
3779,Калитка в синеву.,"ДИМЧЕВСКИЙ, Николай Владимирович.",,,
3780,"Калитка, отворись!: Повесть.","БЕЙЛИНА, Нинель Вениаминовна.",,,
3781,Калифорнийские повести.,"БРЕТ-ГАРТ, Фрэнсис.",,,
3782,Калифорнийские рассказы.,"БРЕТ-ГАРТ, Фрэнсис.",,,
3783,"Калифорния: Год на берегах св. Иоакима и Сакраменто. Путевые впечатления, заимствованные из рассказов эмигранта.","ДЮМА, Александр (отец).",,,
3784,"Калифорния или Год, проведенный одним эмигрантом на берегах Сан-Иоакина и Сакраменто: Рассказ со слов эмигранта.","ДЮМА, Александр (отец).",,,
3785,Калифорнийский рудник: Сцены прошлого.,"ГИРС, Дмитрий Константинович.",,,
3786,Калишане в когтях у варваров-пруссаков: Драма из современной войны.,"ЧАЙКИН, Владимир Иванович.",,,
3787,Каллимах: Рассказ моим друзьям.,Имя авт. не установлено.,,,
3787а,Каллироэ: Повесть.,"ЗАНД, Морис.",,,
3788,Каллиста: Повесть из жизни карфагенских христиан.,Имя авт. не установлено.,,,
3789,Каллисто: Научно-фантастический роман.,"МАРТЫНОВ, Георгий Сергеевич.",,,
3790,Каллистяне: Научно-фантастический роман.,"МАРТЫНОВ, Георгий Сергеевич.",,,
3791,Каллы: Поэма.,"ЛЕРМОНТОВ, Михаил Юрьевич.",,,
3792,Калман Носогрейка: Гонапольский слепой сват в Одессе. Юмористический монолог.,"ДЯДЯ ИДЕЛЬ (КОГАН, Ю.).",,,
3793,Калмыцкая степь: Рассказы.,"ЯВИЧ, Август Ефимович.",,,
3794,Калмыцкий брод.,"КОНОВАЛОВ, Григорий Иванович.",,,
3795,Калмычка: Повесть.,"ИСБАХ, Александр.",,,
3796,Калмычка: Поэтическая драма в 2-х ч.,"БАЛАКАЕВ, Алексом Гучинович.",,,
3797,Калотубанская невеста: Рассказы.,"ЛОРДКИПАНИДЗЕ, Константин Александрович.",,,
3798,Калоша: Рассказ.,Имя авт. не установлено.,,,
3799,Калоша в соусе и поход за тамбурной иглой: Веселый рассказ.,"ЕВСТИГНЕЕВ, Михаил Е.",,,
3800,Калоша и туфелька.,"МИЛЛЬ-ПО-ЛЯРНЫЙ, Казимир Ромуальдович.",,,
3801,Калоши счастья.,"АНДЕРСЕН, Ганс-Христиан.",,,
3802,Калоян.,"МЕНЮК, Георге (МЕНЮК, Жеорже).",,,
3803,"Калуга — Марс: Стихи, поэмы.","КРАВЧУК, Максим Андронович.",,,
3804,Калым: (Повесть из черкесской жизни).,"МИШУРИЕВ, Казбек А.",,,
3805,Калым: Рассказ.,"ПИСАРЕВ, Н.",,,
3806,Кальва: Роман.,"БОРИСОГЛЕБСКИЙ, Михаил Васильевич.",,,
3807,Кальдерон: Трагедия в 3-х актах.,"ИЛЬИН, Павел.",,,
3808,"Калькутта, 4-е мая: Пьесы.","ФЕЙХТВАНГЕР, Лион.",,,
3809,Кальфон: Поэма.,"ОЛИН, Валериан Николаевич.",,,
3810,Кальян: Стихотворения.,"ПОЛЕЖАЕВ, Александр Иванович.        ",,,
3811,Каляев: Опыт сценической иллюстрации в 5-ти переменах; Уходящие: Две странички современной жизни.,"ЯВЛИНСКИЙ, Я. И.",,,
3812,Кама: Повесть.,"ГУЛИА, Георгий Дмитриевич.",,,
3813,Кама: Поэма.,"БАСКОВ, Степан Дмитриевич.",,,
3814,Кама и Урал: (Очерки и впечатления).,"НЕМИРОВИЧ-ДАНЧЕНКО, Василий Иванович.",,,
3815,Камардин.,"АВИЛОВА, Лидия Алексеевна.",,,
3816,Камаринская: Стихи.,"ФАЛЕЙ, Владимир.",,,
3817,Камачич: Роман.,"ГУЛИА, Дмитрий Иосифович.",,,
3818,Камбот и Ляца: Роман в стихах.,"ШОГЕНЦУКОВ, Али Асхадович.",,,
3819,Камеи: Новеллы.,Н. П.,,,
3820,Камелии.,"ПАНАЕВ, Иван Иванович.",,,
3821,Камелия поневоле: Маленький роман.,"ЕВСТИГНЕЕВ, Михаил Е.",,,
3822,Камен-тугай: Повесть и рассказы.,"МУРАТБЕКОВ, Саин.",,,
3823,Каменистые борозды: Рассказы. Повесть.,"РАУД, Март Аннусович.",,,
3824,Каменистый путь: Роман.,"ЛАЦИС, Вилис Тенисович.",,,
3825,Каменистыми тропами: (Записи о прожитом и пережитом).,"ГОЛОВЧЕНКО, Иван Харитонович.",,,
3826,Каменка: Эпизод из времен Александра 1-го (1821 —1825 гг.).,"ДАНИЛЕВСКИЙ, Григорий Петрович.",,,
3826а,Каменная баба: Рассказ.,"ОСТРОУМОВ, А. [!] (ОСТРОУМОВ, Лев Евгеньевич) .",,,
3827,Каменная грива: Рассказы.,"БОРОДКИН, Юрий Серафимович.",,,
3828,Каменная грудь: Повесть из времен Киевской Руси.,"ЗАТОРНЫЙ, Анатолий Гаврилович.",,,
3829,Каменная душа: Роман.,"ХОТКЕВИЧ, Гнат Мартынович.",,,
3830,Каменная книга: Стихи.,"БЕСПОЩАДНЫЙ, Павел.",,,
3831,Каменная кровь: Повесть в 3-х ч.,"ХМАРА, Василий Васильевич.",,,
3832,Каменная лира: Стихотворения.,"БЕСПОЩАДНЫЙ, Павел.",,,
3833,Каменная любовь: Стихи.,"ПИОТРОВСКИЙ, Владимир (КОРВИН-ПИОТРОВСКИЙ, Владимир Львович).",,,
3834,Каменная подкова.,"ЗУБАРЕВ, Фома Александрович.",,,
3835,Каменная пустыня: Роман.,"ВАСТ, Уго.",,,
3836,Каменная ручка.,"РОЖДЕСТВЕНСКАЯ, Клавдия Васильевна.",,,
3837,Каменная страна: Роман.,"ЛА ГУМА, Алекс.",,,
3838,Каменное гнездо: Пьеса.,"ВУОЛИЙО-КИ, Хелла.",,,
3839,Каменное иго: Рассказы.,"ОКУНЕВ, Яков.",,,
3840,Каменное море: Очерки и рассказы.,"СОКУРОВ, Сергей Анатольевич.",,,
3841,Каменное море: Роман.,"ТРУСОВ, Юрий Сергеевич.",,,
3842,Каменное сердце: (Повесть из жизни Достоевского).,"НЕКРАСОВ, Николай Алексеевич.",,,
3843,Каменное чудовище.,"ХАТУНСКИЙ, Сергей (КУРНИН, Сергей Васильевич).",,,
3844,Каменные скрипки: Стихотворения.,"КРОСС, Яан Янович.",,,
3845,Каменный берег: Новые стихи.,"БОРИСОВА, Майя Ивановна.",,,
3846,Каменный Бор: [Роман].,"ФИШ, Геннадий Семенович.",,,
3847,Каменный венок: Повести.,"КНОРРЕ, Федор Федорович.",,,
3848,Каменный глухарь.,"ДУБРОВИН, Виктор Акимович.",,,
3849,Каменный город.,"ГАЛИМОВ, Рауф Зарифович.",,,
3850,Каменный гость.,"ПУШКИН, Александр Сергеевич.",,,
3851,Каменный идол: Роман.,"МЕЙГЕШ, Юрий Васильевич.",,,
3852,Каменный исполин: Повесть из эпохи каменного века.,"КАРАТОВ, Семен Юльевич.",,,
3853,Каменный лист: Стихи.,"КОТЛЯРОВ, Борис Иванович.",,,
3854,Каменный мальчик: Рассказ.,"ЛИБ-РОВИЧ, Сигизмунд Феликсович.",,,
3855,Каменный орел: Стихи.,"АРАЗ, Мамед (ИБРАГИМОВ, Мамед Инфил оглы).",,,
3856,Каменный остров: (Цикл 12-го года). Пьеса в 1-м д.,"МАМОНТОВ, Сергей Саввич.",,,
3857,Каменный пояс: Исторический роман.,"ФЕДОРОВ, Евгений Александрович.",,,
3858,Каменный пояс: Рассказы.,"АСАНОВ, Николай Александрович.",,,
3859,Каменный пояс: Уральские очерки.,"ЗУЕВ-ОРДЫНЕЦ, Михаил Ефимович.",,,
3860,Каменный фазан: Рассказы.,"ГОТУА, Леван Парфенович.",,,
3861,Каменный фонарь: 2-я книга стихов (1920—1922).,"ДАНИЛОВ, Михаил.",,,
3862,Каменный фундамент.,"САРТАКОВ, Сергей Венедиктович.",,,
3863,Каменный хозяин: (Дон Жуан). Драма в 3-х д.,"УКРАИНКА, Леся.",,,
3864,Каменный холм: Рассказы.,"ПЛАТОВ, Леонид.",,,
3865,Каменный цветок.,"БАЖОВ, Павел Петрович.",,,
3866,Каменный щит.,"ХМЕЛЬНИЦКИЙ, Сергей Исаакович.",,,
3867,Каменный язык: Стихи.,"ДРУЖИНИН, Павел Давыдович.",,,
3868,Каменным путем: Стихи.,"НЕЗЛОБИИ, Николай Иванович.",,,
3869,"Каменных дел мастер: Повесть жизни архитектора Баженова, славного российского зодчего, профессора Римской, Флорентийской, Болонской академий.","ШИШКО, Анатолий Валерьянович.",,,
3870,Каменоломни.,"РАДИЧ, Василий Андреевич. ",,На медведя...,
3871,Каменотес: Рассказ.,"ТУССЕЛЬ, Жан. Изд. ",,,
3872,Каменотес и роза: Комедия в 3-х д.,"САИДМУРАДОВ, Султан Саидович.",,,
3873,Каменотесы: Представление в 4-х д.,"ЗУДЕРМАН, Герман.",,,
3874,Каменские портреты: Рассказы.,"БОГАТЫРЕВ, Владимир Григорьевич.",,,
3875,Каменщик: Драматический этюд в 3-х д.,"БЕЗСАЛЬКО, Павел (БЕССАЛЬ-КО, Павел Карпович).",,,
3876,«Каменщик» и другие рассказы.,"ФРАНКО, Иван Яковлевич.",,,
3877,Каменщики.,"КАРИНТИ, Ференц.",,,
3878,Камень: Стихи.,"МАНДЕЛЬШТАМ, Осип Эмильевич.",,,
3879,Камень Асият: Легенда.,"ОХТОВ, Абдулах Нашхович.",,,
3880,Камень бел-горюч: Книга стихов.,"ПОЛУХИН, Юрий Александрович.",,,
3881,Камень Беспечальный: Стихи.,"ПОРТ-НЯГИН, Эрнст Александрович.",,,
3882,"Камень, брошенный в воду: (Семья Воронцовых). Драматические сцены в 4-х д.","СОЛОГУБ, Федор, ЧЕБОТАРЕВСКАЯ, Анс. [!] (ЧЕБОТАРЕВСКАЯ, Анастасия Николаевна).",,,
3883,Камень в доме: Одноактная комедия с песнями.,"АЛЕКСАНДРИ, Василе.",,,
3884,Камень жизни: Пьеса-сказка в 3-х д. с прологом.,"КЛЕЙН, Александр.",,,
3885,Камень за камнем: Повести.,"ШЕСТЕРИКОВ, Петр Павлович.",,,
3886,Камень земли Офир: Повесть.,"КАТКОВА, Нина Михайловна.",,,
3887,Камень и боль: Микеланджело Буо-наротти. Роман.,"ШУЛЬЦ, Карел.",,,
3888,Камень и железо.,"САКВАРЕЛИДЗЕ, Павел Михайлович.",,,
3889,Камень Катмира: Повесть.,"АЛТАЕВ, Ал.",,,
3890,"Камень, кинутый в тихий пруд: Пьеса в 3-х д.","РАХМАНОВ, Леонид Николаевич.",,,
3891,Камень-Кремневич: Очерки из мелких дел солдатских.,"ПОГОССКИЙ, Александр Фомич.",,,
3892,Камень мудрости: Сказка.,"АНДЕРСЕН, Ганс-Христиан.",,,
3893,Камень на дороге: Комедия в 3-х д.,"МЕДВЕДЕНКО, Давид Германович.",,,
3894,Камень на дороге: Маленькая трилогия.,"ЧЕРЕПАНОВ, Дмитрий Феофанович.",,,
3895,Камень на камень: Очерк одного характера.,"ДАР, Давид.",,,
3896,Камень на камень: Роман.,"СЕМПЕР, Йоханнес Хансович.",,,
3897,Камень на ладони: Дорожные записи.,"СМЕРДОВ, Александр Иванович.",,,
3898,Камень не плачет: Стихи и поэма.,"БЕРЕТАРЬ, Хамид Яхьевич.",,,
3899,Камень нерушимый.,"БЕЛОУСОВ, Александр Иванович.",,,
3900,Камень опасности: Очерки.,"САПА-РОВ, Ариф Васильевич.",,,
3901,Камень плодородия.,"НОВИКОВ, Семен Михайлович.",,,
3902,Камень преткновения: Три повести.,"КЛЕЩЕНКО, Анатолий Дмитриевич.",,,
3903,Камень при распутьи: Комедия в 3-х д.,"УРУСОВ, Николай Павлович.",,,
3904,Камень с надписью.,"ЛАПЦУЙ, Леонид Васильевич.",,,
3905,Камень-семицвет: Пять историй.,"ШАСТИН, Анатолий Михайлович.",,,
3906,Камень сердолик.,ПРОСКУРИН,,,
3907,Камень солнца: Рассказы этнографа.,"ИТС, Рудольф Фердинандович.",,,
3908,Камень счастья: (Вторая свадьба). Музыкальная комедия в 3-х д.,"КРАХТ, Владимир Константинович.",,,
3909,Камень счастья: Стихи и поэмы.,ЭЛ-ЛЯЙ.,,,
3910,Камень у моря: Рассказы.,"ЛЯШКО, Николай.",,,
3911,Камень у моря: [Рассказы].,"ШОЛОХОВ-СИНЯВСКИЙ, Георгий Филиппович.",,,
3912,Камень у родника.,"ШАХТАМАНОВ, Омар-Гаджи Магомедович.",,,
3913,Камень чистой воды: Роман.,"ПАНД-ЖИКИДЗЕ, Гурам Иванович.",,,
3914,Каменья: Стихи.,"ЯСНЫЙ, А.",,,
3915,Камер-юнгфера: Повесть.,"САЛИАС, Е. А. (САЛИАС ДЕ ТУРНЕМИР, Евгений Андреевич).",,,
3916,Камера-обскура: Водевиль в 1-м д.,"ХОЛОСТОВ, В. (БИЛИБИН, Виктор Викторович) .",,,
3917,Камера пыток: Мелодрама в 3-х д.,"ОБНЕВСКИЙ, Сергей Сергеевич.",,,
3918,Камеристка: Комедия-буфф в 3-х д.,Имя авт. не установлено.,,,
3919,Камероны: Роман.,"КРАЙТОН, Роберт.",,,
3920,Камертон: Лирика.,"АНДРЕЕВ, Леонид Георгиевич.",,,
3921,Камертон: Стихи.,"БЕНДЕР, Людмила Мироновна.",,,
3922,Камерун! Камерун!,"ЙОНДО, Элолон-гэ Эпанья.",,,
3923,Камерунские сны.,"МЮЛЛЕР, Фридрих.",,,
3924,Камешек: Рассказ.,"КРАСИЛЬНИКОВ, Геннадий Дмитриевич.",,,
3925,Камешки на ладони: Пьеса в 3-х д.,"САЛЫНСКИЙ, Афанасий Дмитриевич.",,,
3926,Камешник: Стихи.,"ФОКИНА, Ольга Александровна.",,,
3927,Камзол и лиф: Трагедия в 4-х д.,"ЩЕГЛОВ, Дмитрий",,,
3928,Камила: Повесть.,"ЕФЕТОВ, Марк Семенович (ЕФЕТОВ, Марк Симонович).",,,
3929,Камилла: Музыкальная комедия в 3-х д.,"ГРАДОВ, Петр Михайлович, КОРНИЕВ-СКАЯ, Евгения Борисовна.",,,
3930,"Камилла, женщина каких много или Подземелья Орфельского замка: В 6-ти ч.","Д'АРЛЕНКУР, Шарль Виктор Прево.",,,
3931,Каминный экран: Комедия в 4-х д.,"СУТРО, Альфред.",,,
3932,Камир: Роман.,"ДЮШЕН, Фердинанд. ",Молодой месяц.,,
3933,Камма: Трагедия в 3-х д.,"МОНТА-НЕЛЛИ, Иосиф (МОНТАНЕЛЛИ, Джузеппе) .",,,
3934,"Камма, царица Галатии: Героическая трагедия в 5-ти д. в стихах.","ЯЦЕВИЧ, М. П.",,,
3935,Камнеломка: Стихи.,"СКОРОХОДОВ, Михаил Евгеньевич.",,,
3936,Камнем в окно.,"ЛАЙЦЕН, Линард Петрович.",,,
3937,Камнерез: Стихи.,"КОЗЛОВА, Светлана Владимировна.",,,
3938,Камни: [Рассказ].,"ТОЛСТОЙ, Лев Николаевич.",,,
3939,Камни: Рассказы.,"НИКИТИН, Николай Николаевич.",,,
3940,Камни: Рассказы.,"ФИБИХ, Даниил Владимирович.",,,
3941,Камни: Роман.,"ФЕДОРОВ, Александр Митрофанович.",,,
3942,Камни его родины: Роман.,"ГИЛБЕРТ, Эдвин (ДЖИЛБЕРТ, Эдвин).",,,
3943,Камни заговорили: (Из народных преданий).,"ЗАСОДИМСКИЙ, Павел Владимирович.",,,
3944,Камни и зерна: Волжские этюды.,"КИРЕЕНКО, Иван Васильевич.",,,
3945,Камни и корни.,"ПИЛЬНЯК, Борис.",,,
3946,Камни и травы.,"АЛИГЕР, Маргарита Иосифовна.",,,
3947,Камни и хлеб: Роман.,"РАННЕТ, Эгон Николаевич.",,,
3948,Камни Млечного Пути: Повесть.,"ЯЛУГИН, Эрнест Васильевич.",,,
3949,Камни моего очага.,"ГУРУНЦ, Леонид.",,,
3950,Камни на дороге: Повесть.,"САРАД-ЖЕВА, Нина Исаковна.",,,
3951,Камни на тропах: Повесть.,"ПАНФЕРОВ, Александр Иванович.",,,
3952,Камни падают в море: Рассказы.,"ТУНИЦКИЙ, Александр Николаевич.",,,
3953,Камни под водой: Рассказы.,"КОНЕЦКИЙ, Виктор Викторович.",,,
3954,Камни помнят...: Повесть.,"ЭТЕЗОВ, Омар Мимболатович.",,,
3955,Камни поют: Персидские новеллы.,"ГЮЛЬ, О.",,,
3956,Камни старого ущелья: Рассказы.,"ШАОВ, Султан Азаматович.",,,
3957,Камни стонут.,"МАЕВСКИЙ, Виктор Васильевич.",,,
3958,Камо: Драма в стихах. В 3-х д.,"ЛЕВАДА, Александр.",,,
3959,Камо: [Историко-художественная повесть о С. Тер-Петросяне].,"КОРЮН, Мкртич.",,,
3960,Камо: [Рассказ].,"ШИЛИН, Георгий Иванович.",,,
3961,Камо; Вологодская республика: [Рассказы].,"ОКУЛОВ, Алексей Иванович.",,,
3962,Камо грядеши?: (Quo vadis). Роман из времен Нерона.,"СЕНКЕВИЧ, Генрик. ",Quo vadis.,,
3963,"Каморра: Комедия-шутка в 2-х д., с пением.","МАМОНТОВ, Савва Иванович.",,,
3964,Камоэнс: Драматическая поэма.,"ЖУКОВСКИЙ, Василий Андреевич.",,,
3965,Камрад: Мелодрама в 3-х актах с прологом.,"ОКСКИЙ, Гурий.",,,
3966,Камрад: Рассказы.,"ДЮБИН, Василий Власович.",,,
3967,Камская оратория: Повесть.,"КУЛЯ-ШОВ, Павел Федорович.",,,
3968,Камская тетрадь: Стихи.,"ПОЛОНСКАЯ, Елизавета Григорьевна.",,,
3969,Камские зори: Лирика.,"МИХАЙЛОВ, Борис Николаевич.",,,
3970,Камский вихрь.,"БОР-РАМЕНСКИЙ, Дмитрий Петрович.",,,
3971,Камский мост: Стихи.,"РАДКЕВИЧ, Владимир Ильич.",,,
3972,Камский найденыш.,"БОРИСОВА, Л., НИКОЛЬСКАЯ, М.",,,
3973,Камушек в огород: Сатирические стихи. Басни.,"АЛЬТШУЛЕР, Наум.",,,
3974,Камушек в чарыке: Стихи.,ЖАМИ- ,,,
3975,Камчадалка.,"КАЛАШНИКОВ, Иван Тимофеевич.",,,
3976,Камчатские встречи: Путевые очерки.,"БЫТОВОЙ, Семен.",,,
3977,Камчатские друзья: Повесть.,"КА-ЛИНЧЕНКО, Андрей Иванович.",,,
3978,Камчатские рассказы.,"ГОВЯЗИН, Василий Петрович.",,,
3979,Камчатские рассказы.,"МЕЛЬНИКОВ, Н.",,,
3980,Камчатский дневник:    Лирические страницы.,"ХАЛИЛЕЦКАЯ, Ефросинья Петровна.",,,
3981,Камыши: Роман.,"СТАВСКИЙ, Эли-гий Станиславович.",,,
3982,Камышовый плен: Повести.,"ШАДРИН, Адихан Измаилович.",,,
3983,Камэ-хранитель.,"ЗЯТЬКОВ, Илларион Иванович.",,,
3984,"Канада, пахнущая смолой.","ФИДЛЕР, Аркадий.",,,
3985,Канадская тетрадь.,"ПИДСУХА, Александр Николаевич. ",,Дороги лет моих...,
3986,Канадский охотник: Ч. 1—5.,"ЭМАР, Гюстав.",,,
3987,Канай черпак: Рассказы.,"ПЛЕТНЕВ, Евгений Павлович.",,,
3988,Канайма.,"ГАЛЬЕГОС, Ромуло.",,,
3989,Канал: Роман.,"ЛОВЦОВ, Николай Алексеевич.",,,
3990,Канал: Роман.,"РИХТЕР, Ганс.",,,
3991,Канал: Роман в новеллах.,"ГРИГУР-КО, Иван Сергеевич.",,,
3992,Канарейка: [Рассказ].,"БЕРЧИК, Ар-пад фон. ",,Раб...,
3993,Канарейка: [Рассказ].,"КАМАНИН, Федор.",,,
3994,Канарейка: Рассказ.,"ЛЮБИЧ-КО-ШУРОВ, Иоасаф Арианович.",,,
3995,Канат альпинистов: Драматическая повесть в 2-х ч.,"МЕДВЕДЕНКО, Давид Германович.",,,
3996,Канатная плясунья: Роман.,"ЛЕБЛАН, Морис.",,,
3997,Канатный мост.,"ФАРИАС, Хуан.",,,
3998,Канатоходцы: Рассказы. Повести.,МИРМУХСИН.,,,
3999,Кангасейро: Роман.,"ЛИНС ДУ РЕГУ, Жозе.",,,
4000,Кандагарские любовники: Из книги «Азиатские новеллы».,"ГОБИНО, Жозеф Артур. ",Влюбленные из Кандагара.,,
4001,Кандалы: Исторический сказ. В 3-х ч.,СКИТАЛЕЦ.,,,
4002,Кандалы: Комедия в 3-х актах.,"ЭР-ВЬЕ, Поль.",,,
4003,Кандалы богатства или Таинственный клад: Рассказ.,"ШУХМИН, Христофор Алексеевич.",,,
4004,Кандальник.,"БАХМЕТЬЕВ, Владимир Матвеевич. ",,Одна ночь...,
4005,Кандальный звон: [Повесть].,"ИКСА-НОВ, Нигматулла Абдуллович.",,,
4006,Кандальный звон: Стихи.,"ГРУНТ, Ян Янович.",,,
4007,Кандальный звон: Стихотворения.,"КУБАНЕЦ, Илларион Спиридонович.",,,
4008,Кандалят.,"ПЛЕТНЕВ, Евгений Павлович.",,,
4009,Кандаурские мальчишки: Повесть.,"МИХАСЕНКО, Геннадий Павлович.",,,
4010,Кандид; Простодушный: Повести.,"ВОЛЬТЕР, Франсуа Мари.",,,
4011,Кандид или Оптимизм.,"ВОЛЬТЕР, Франсуа Мари. ",Кандид.,,
4012,Кандида: Мистерия в 3-х д.,"ШОУ, Бернард.",,,
4013,Кандидат: Драма в 4-х д.,"ДРЕЙЕР, Макс.",,,
4014,Кандидат: Комедия в 3-х д. из жизни современной деревни для крестьянского театра.,"ИЛЬИНСКИЙ, Федор Владимирович.",,,
4015,Кандидат: Комедия в 4-х д.,"ФЛОБЕР, Гюстав.",,,
4016,Кандидат на фестиваль: Пьеса в 1-мд.,"ПОПЛАВСКИЙ, Станислав Адольфович.",,,
4017,"Кандидат наук: Повесть, отчасти сатирическая.","ТРОЕПОЛЬСКИЙ, Гавриил Николаевич.",,,
4018,Кандидат священства: Повесть из быта духовенства.,"МАЛЕОНСКИЙ, М. (БУРЦЕВ, Михаил Федорович).",,,
4019,Кандидаты: (На службе гражданской). Сцены в 4-х д.,"НЕМВРОДОВ, Петр Петрович.",,,
4020,Кандидаты: Рассказы.,"ДОРОГОЙ-ЧЕНКО, Алексей Яковлевич.",,,
4021,Кандидаты желтого дома или Клуб червонных валетов: Сцены в 3-х д.,"ГРЕШНЫЙ, А. ",,,
4022,Канев дол: Рассказ.,"ФИЛИМОНОВ, Константин Алексеевич.",,,
4023,Каникулы: Комедия в 3-х д.,"ЛЯДАВА, Григорий (ГЕ, Григорий Николаевич).",,,
4024,Каникулы: [Повесть].,"АРТЫКОВ, Болта (ОРТЫКОВ, Болта).",,,
4025,Каникулы: [Повесть].,"ЗАХАРОВ, Петр Михайлович.",,,
4026,Каникулы: Повесть.,"СЕГЮР, Софья Федоровна.",,,
4027,Каникулы в одном из уездов: Повесть.,"ПАРПУРА, П.",,,
4028,Каникулы Кроша: Повесть.,"РЫБАКОВ, Анатолий.",,,
4029,Каникулы мистера Ледбеттера.,"УЭЛЛС, Герберт Джордж.",,,
4030,Каникулы полны неожиданностей.,"ВАСИЛАКЕ, Василе Иванович.",,,
4031,Каникулы скромного молодого человека.,"РЕНЬЕ, Анри де.",,,
4032,Каникулы 1844 года или Поездка в Москву.,"ИШИМОВА, Александра Осиповна.",,,
4033,Канитель: Повести и рассказы.,"ЗАМОЙСКИЙ, Петр.",,,
4034,Канитель: [Рассказы].,"Д'ОР, О. Л.",,,
4035,Канитель: Сборник рассказов.,"ЧЕХОВ, Антон Павлович.",,,
4036,«Каннибалы» и другие рассказы.,"ГЕЙМ, Стефан.",,,
4037,Канны: Повесть.,"ВАШЕНЦЕВ, Сергей Иванович.",,,
4038,Канонада: [Книга стихов].,"НИКОЛАЕВ, Александр Маркович.",,,
4039,"Канонада: Поэма; Не жизнь, а каторга: Шутка в 1-м д.","ПОПОВ, Александр.",,,
4040,Канонгетские летописи.,"СКОТТ, Вальтер.",,,
4041,Канские перекаты: Повести и рассказы.,"СЛОБОДЧИКОВ, Иван Федорович.",,,
4042,Кантабрийское море: Повесть.,"СОРОКИН, Григорий Эммануилович.",,,
4043,Кантакларо: Роман.,"ГАЛЬЕГОС, Ро-муло.",,,
4044,Кантата для трех миллиардов голосов: Стихи и поэмы.,"ЛИВАДИТИС, Тасос.",,,
4045,Кантата на новый 1858 год.,"КУЗ-МИЧЕВ, Федот Семенович.",,,
4046,Кантата на священное коронование его императорского величества государя императора Николая II.,"КРЫЛОВ, Виктор Александрович.",,,
4047,Кантегриль.,"ЭСКОЛЬЕ, Раймон.",,,
4048,Кантор: (Жрец). Пьеса из еврейской жизни в 3-х д.,"ЛЕНИН-МЕНДЕЛЕЕВ, Леонид Михайлович.",,,
4049,Кантор идет по следу: Роман.,"САМОШ, Рудольф.",,,
4050,Канун: (Преступление старосты Дем-бовского). Драматический эпизод в 3-х актах.,"ГЛЕБОВ, Анатолий.",,,
4051,Канун: Рассказы.,"АНДРЕЕВ, Василий Михайлович.",,,
4052,Канун великого боя.,"НЕМИРОВИЧ-ДАНЧЕНКО, Василий Иванович.",,,
4053,Канун весны: Роман.,"ЖЕРОМСКИЙ, Стефан.",,,
4054,Канун грозы: Пьеса в 4-х Д..,"МАЛЯРЕВСКИЙ, Павел Григорьевич.",,,
4055,Канун нового года: Сказка из шотландских преданий.,"ВОРОНИНА, Елена.",,,
4056,Канун революции: [Пьеса].,"ИНАР, Густав.",,,
4057,Канун революции: (Убийство великого кн. Сергея Александровича). Пьеса в 12-ти карт.,"ПОПОВСКИЙ, Александр Данилович.",,,
4058,Канун Рождества: Драматическая картинка в 1-м д.,"САВКОВ, П. Н. Изд. ",,,
4059,Канун Рождества: Повесть для детей.,"МАКАРОВА, София Марковна.",,,
4060,Канун Рождества: [Рассказ].,"ДИККЕНС, Чарлз.",,,
4061,"Кануны: (Стихи, 1915—1921).","ОРЕНБУРГ, Илья Григорьевич.",,,
4062,Канцелярист: Рассказ.,"ПОЗНЯКОВ, Николай Иванович.",,,
4063,Канцелярская жизнь: Драматические сцены в 3-х д.,"ЛЕРНЕР, Николай Никитич.",,,
4064,Канцелярская ошибка: 3-актная комедия.,"ВАЙЦМАН, Иосиф Михайлович.",,,
4065,Канцлер и слесарь: Пьеса в 10-ти карт.,"ЛУНАЧАРСКИЙ, Анатолий Васильевич.",,,
4066,Канцлер мировой державы: [Роман].,"ФЕРСГОФЕН, Вильгельм (ФЕРСХОФЕН, Вильгельм).",,,
4067,Канцонетта: Драматические этюды.,"ХМЕЛЬНИЦКИЙ, Дмитрий Иванович.",,,
4068,Каныбек.,"ДЖАНТОШЕВ, Касымалы.",,,
4069,Канюк: Рассказ.,"КРУГЛОВ, Александр Васильевич.",,,
4070,Каня: (Воскресный рассказ).,"ПОЗНЯКОВ, Николай Иванович.",,,
4071,Кап де-Боу: Исторический эпизод из бессарабской жизни XVI столетия в 7-ми лирических карт.,"ГЕРБАНОВСКИЙ, Николай.",,,
4072,"Капа, не волнуйся: Комедия.","ПЕТРОВ-СОКОЛОВСКИЙ, Петр Леонтьевич.",,,
4073,Капели: Повесть и рассказы.,"ЦЫ-БИН, Владимир Дмитриевич.",,,
4074,Капель: [Повести и новеллы].,"ГРИБОВ, Юрий Тарасович.",,,
4075,Капель: Стихи.,"БЕЛЯЕВСКАЯ, Ольга Александровна.",,,
4076,Капель: Стихи.,"ОБРАДОВИЧ, Сергей Александрович.",,,
4077,Капель: Стихи.,"РАССОХИН, Виктор Васильевич.",,,
4078,Капель пробивает лед: Повесть.,"ГРИШАЕВ, Василий Никитич.",,,
4079,Капелька в море: Повесть.,"ЛЯСКОВ-СКИЙ, Владимир Георгиевич.",,,
4080,Капельки дождя.,"ХИЛТУХИН, Данри Данилович.",,,
4081,Капельки-живинки.,"АКУЛОВ, Иван Иванович.",,,
4082,Капельмейстер Сусликов: (Повесть).,"ГРИГОРОВИЧ, Дмитрий Васильевич.",,,
4083,Капельские костры: Роман.,"КОВАЧЕ-ВИЧ, Велько.",,,
4084,Капитал: Социальная драма в 4-х д.,"ФАБР, Эмиль.",,,
4085,Капиталистка: Комедия в 3-х д.,"ВИННИКОВ, Николай Георгиевич.",,,
4086,Капитальная шахта.,"МОРОЗОВ-УРАЛЬСКИЙ, Ст.",,,
4087,Капитальный ремонт: Пьеса в 4-х д.,"СОБОЛЕВ, Леонид Сергеевич, ФОМЕНКО, Петр Наумович.",,,
4088,Капитальный ремонт: [Роман].,"СОБОЛЕВ, Леонид Сергеевич.",,,
4089,Капитан: Повесть.,"ПАВЛОВ, Анастас.",,,
4090,Капитан: [Рассказ].,"ГРИН, Александр.",,,
4091,Капитан армии спасения: Роман.,"ЛАУ, Джон (ГАРКНЕСС, Маргарет).",,,
4092,Капитан Бахчиванджи: Документальная повесть.,"ЭКОНОМОВ, Лев Аркадьевич.",,,
4093,Капитан Беллинг.,"САПОЖНИКОВ, Владимир Константинович.",,,
4094,Капитан Белронд: Комедия в 3-х д.,"ПИКАР, Луи Бенуа.",,,
4095,Капитан ближнего плавания.,"САР-ТАКОВ, Сергей Венедиктович.",,,
4096,Капитан Бопп: (Раскаяние грешника).,"ЖУКОВСКИЙ, Василий Андреевич.",,,
4097,Капитан Быстрова: Повесть.,"РЫШКОВ, Юрий Михайлович.",,,
4098,Капитан Бюрль.,"ЗОЛЯ, Эмиль.",,,
4099,Капитан в отставке: (Солнечный дом). Водевиль в 3-х актах.,"СИМУКОВ, Алексей Дмитриевич.",,,
4100,Капитан Весна: Повесть.,"ГАМАРРА, Пьер.",,,
4101,Капитан Волин.,"АМЛИНСКИЙ, Владимир Ильич.",,,
4102,Капитан Ганс: Рассказы.,"ИРКУТОВ, Андрей.",,,
4103,Капитан Головнин.,"МУРАТОВ, Михаил Васильевич.",,,
4104,Капитан голубого корабля: Повести.,"РАХИМ, Ибрагим.",,,
4105,Капитан гренадерской роты: Романхроника (XVIII века).,"СОЛОВЬЕВ, Всеволод Сергеевич.",,,
4106,Капитан далеких морей: Очерк.,"ТАЛ-ЦИС, Адольф Адамович.",,,
4107,Капитан дальнего плавания: Роман.,"ЗОРИЧ, Анастасия Антоновна.",,,
4108,Капитан Джемс Кук:        Повесть.,"ЧУКОВСКИЙ, Николай Корнеевич.",,,
4109,Капитан «Дианы»: Историческая повесть.,"ЗОНИН, Александр Ильич.",,,
4110,Капитан Додеро: Рассказ.,"БАР-РИЛИ, Антонио Джулио. ",Приключение капитана.,,
4111,"Капитан Дрейфус, сосланный на Чертов остров: Сенсационный роман.","ФАЛЬК, Виктор фон.",,,
4112,Капитан-дьявол: Роман.,"ГАЛЛЕТ, Луи (ГАЛЛЕ, Луи).",,,
4113,Капитан Дюк: Рассказ.,"ГРИН, Александр. ",Капитан.,,
4114,Капитан звездного океана: Кеплер. Историческая повесть.,"МЕДВЕДЕВ, Юрий Михайлович.",,,
4115,Капитан и кочегар: Рассказ.,"ОР-СКИЙ, Б.",,,
4116,Капитан идет по следу.,"ГРОССМАН, Марк Соломонович.",,,
4117,Капитан из Воегурта: Документальная повесть.,"ТИМИН, Тимофей Назарович.",,,
4118,Капитан из Коб^лети: Лирический репортаж.,"БЕРШАДСКИЙ, Виктор Арнольдович.",,,
4119,Капитан Кильд: Роман.,"ЭМАР, Гюстав. ",Тайные чары великой Индии.,,
4120,Капитан Кирибеев: Повесть.,"СА-ЖИН, Петр Александрович.",,,
4121,Капитан команды: (Мяч в сетке). Повесть.,"ПОРФИРЬЕВ, Борис Александрович.",,,
4122,Капитан Конан: Роман.,"ВЕРСЕЛЬ, Роже.",,,
4123,"Капитан корабля Б-лкин или Некоторые черты из жизни моряков в их домашнем быту, в корабельной каюте и на палубе во время их плаваний по морям. Л.","Е. Б. (БЕЛЯНКИН, Лука Евдокимович).",,,
4124,Капитан Костров: (В сетях добродетели). Комедия в 5-ти д.,"ФАЙКО, Алексей Михайлович.",,,
4125,Капитан Кук; Жалоба; Данилушка; Портрет.,"ГУСЕВ-ОРЕНБУРГСКИЙ, Сергей Иванович.",,,
4126,Капитан Лазовский: Повесть.,"СТРУГ, Андрей (СТРУГ, Анджей).",,,
4127,Капитан Лаце.,"ЗОЛОТОВСКИЙ, Константин Дмитриевич.",,,
4128,Капитан Мусграв в бриллиантовых копях...,Имя авт. не установлено.,,,
4129,Капитан «Надежды».,ЛАНКАУ ,,,
4130,Капитан Наполеон; Путь к славе: Исторические романы из жизни Наполеона I Бонапарта.,"ЛЕПЕЛЛЕТЬЕ ДЕ БУАЛЬЕ, Эдмонд Адольф де.",,,
4131,Капитан Невельской: Роман.,"ЗАДОРНОВ, Николай Павлович.",,,
4132,Капитан Нуль: Повесть. Рассказы.,"ЛИВ, Эгон.",,,
4133,Капитан Педро: Повесть.,"БЕННЕТ, К. [!] (БЕННЕТ, Чарлз Мун).",,,
4134,Капитан 1-го ранга: Роман.,"НОВИ-КОВ-ПРИБОЙ, Алексей Силыч.",,,
4135,Капитан поднимается на мостик: Рассказы.,"КАЛИНОВСКИЙ, Геннадий.",,,
4136,Капитан покидает судно последним: Повесть.,"УСТЬЯНЦЕВ, Виктор Александрович.",,,
4137,«Капитан «Полярной звезды» и другие рассказы.,"ДОЙЛЬ, Артур Конан.",,,
4138,Капитан Редвуд: Роман.,"МАЙН-РИД (РИД, Томас Майн). ",Остров Борнео; Приключения на острове Борнео; Остров дьявола.,,
4139,Капитан Симон: Роман из времен Наполеона. В 3-х ч.,"ФЕВАЛЬ, Поль Анри.",,,
4140,Капитан «Смелого»: Повесть.,"ЛИПАТОВ, Виль Владимирович.",,,
4141,Капитан Соври-голова или 36 и 9: Повести.,"МЕДВЕДЕВ, Валерий Владимирович.",,,
4142,Капитан Соколин.,"ИСБАХ, Александр.",,,
4143,Капитан Сорви-голова.,"БУССЕНАР, Луи Анри.",,,
4144,Капитан «Старой черепахи»: Повесть и пограничные рассказы.,"ЛИНЬКОВ, Лев Александрович.",,,
4145,Капитан Старчак: Год жизни пара-шютиста-разведчика.,"ЛЕМБЕРИК, Исай Михайлович.",,,
4146,Капитан Суматоха: Сатирическая повесть.,"ДАНИЕЛЬССОН, Бенгт.",,,
4147,Капитан Темпеста: Исторический роман (из времен борьбы креста с полумесяцем).,"САЛЬГАРИ, Эмилио.",,,
4148,Капитан Трафальгар: Роман.,"ЛОРИ, Андре (ГРУССЕ, Паскаль).",,,
4149,Капитан Федотов.,"ШКЛОВСКИЙ, Виктор Борисович.",,,
4150,Капитан флагманского корабля: Очерк.,"ВАТИН, Владимир Иванович, ГУММЕЛЬ, Петр Николаевич.",,,
4151,Капитан Фракасс: Роман.,"ГОТЬЕ, Теофиль.",,,
4152,Капитан Шопот.,"ЗАГРЕБЕЛЬНЫЙ, Павло (ЗАГРЕБЕЛЬНЫЙ, Павел Архипович) .",,,
4153,Капитан Январь: Рассказ.,"РИЧАРДС, Лаура Елизавета.",,,
4154,"Капитанская вахта: Повести, очерки.","СОЛОДНИКОВ, Геннадий Николаевич.",,,
4155,Капитанская вахта: Повесть. Очерки. Рассказы.,"ЕРЫМОВСКИЙ, Константин Ильич.",,,
4156,Капитанская дочка: Повесть.,"ПУШКИН, Александр Сергеевич. ",Пугачевский бунт или Капитанская дочка.,,
4157,Капитанские деньги: Истинное происшествие.,"БУБНОВ, Н.",,,
4158,Капитанские повести.,"РОМАНОВ, Борис Степанович.",,,
4159,Капитанский мостик.,"ШМАНКЕВИЧ, Андрей Павлович.",,,
4160,Капитаны: Роман.,"ЛЕБЕРЕХТ, Ганс Фридрихович.",,,
4161,Капитаны 8 «А»: (Записки Сережи Суворова).,"МИХЕЕВ, Михаил Петрович.",,,
4162,Капитаны ищут путь.,"ДАВЫДОВ, Юрий Владимирович.",,,
4163,"Капитаны, капитаны...: Очерки.","ГАЙДАЕНКО, Иван Петрович.",,,
4164,"Капитаны, капитаны...: [Очерки].","СТУРИКОВ, Николай Андреевич.",,,
4165,Капитаны «Молнии»: Повесть.,"ГЕОРГИУ, Георге Константинович.",,,
4166,Капитаны не знают покоя: Драма в 14-ти карт.,"ГАЙДАЕНКО, Иван Петрович, РЯДЧЕНКО, Иван Иванович.",,,
4167,Капитаны остаются на корабле.,"ВАСИЛЬЕВ, Юрий Вячеславович.",,,
4168,Капитаны северных морей.,"ЩИПКО, Леонид Максимович.",,,
4169,Капитаны степных кораблей.,"ЕФЕ-ТОВ, Марк Семенович (ЕФЕТОВ, Марк Си-мович).",,,
4170,Капитаны улыбок.,"МИТНИЦКИЙ, Лазарь Давидович.",,,
4171,Капитаны уходят в плаванье: Повесть.,"ОНИЩЕНКО, Олег Климентьевич.",,,
4172,Капитон из Веретья: Рассказ.,"КРУГЛОВ, Александр Васильевич.",,,
4173,Капитуляция.,"ЧИРИКОВ, Евгений Николаевич.",,,
4174,Капка: Повесть.,"РЫЖАКОВ, Вадим.",,,
4175,Капкан: Роман.,"ЛЬЮИС, Синклер. ",Ментрап.,,
4176,Капкан: Роман.,"ПЕРМИТИН, Ефим Николаевич.",,,
4177,Капканщики в Арканзасе: Честное сердце. Американский рассказ.,"ЭМАР, Гюстав.",,,
4178,Капли: Миниатюры.,"АГУРЕНКО, Борис Петрович.",,,
4179,Капли военной грозы.,"ЛЕВЧЕНКО, Ирина Николаевна.",,,
4180,Капли датского короля: Сказка в 3-х д.,"МЕШКОВ, Ким Вадимович (КИМОВ, Ким).",,,
4181,Капли дождя: Стихи.,"СКОБЕЛЕВ, Эдуард Мартинович.",,,
4182,Капли зари.,"СУВОРОВ, Михаил Иванович.",,,
4183,Капли звуков: Стихи.,"АХУНДОВ, Искендер Аслан оглы.",,,
4184,Капли крови: (Миниатюры).,"СТЕФА-НИК, Василь Семенович.",,,
4185,Капли крови: Роман.,"АЙТБАЕВА, Айым.",,,
4186,Капли крови горячей: Рассказы.,"ПОЛЯКОВ, Сергей Павлович.",,,
4187,Капли крови твоей...: Повесть.,"КУР-ТО, Евгений Иванович.",,,
4188,Капли марта: Стихи.,"ЕЛ КОВ, Александр Константинович.",,,
4189,Капли морской пены: Рассказы.,ТХАНЬ ТИНЬ.,,,
4190,Капли на листьях.,"ИНАНИШВИЛИ, Реваз Константинович.",,,
4191,Капли на тополях: Стихи.,СЕИТОВ,,,
4192,Капли огня: Стихи.,"ДЕГУТИТЕ, Янина Стасисовна.",,,
4193,Капли против озорства: Рассказ.,"НЕВЕРОВ, Александр.",,,
4194,Капли светятся: Рассказы.,"КОСТЫ-РЯ, Иван Сергеевич.",,,
4195,Капли слов: Собрание стихов. Год первый.,АССАС.,,,
4196,Капля: [Повесть].,"ГАЛИЕВ, Анатолий Сергеевич.",,,
4197,Капля: Стихи.,"ХОРОЛЬСКИЙ, Виктор Петрович.",,,
4198,Капля блага: Стихотворения.,"ВЕРЕСОВ, Павел Гордеевич.",,,
4199,"Капля в море: Водевиль в 9-ти эпизодах без куплетов, но со счастливым концом.","ЭДЛИС, Юлиу Филиппович.",,,
4200,Капля в море: Книга стихов.,"ТАРБА, Нелли Золотинсковна.",,,
4201,Капля в море: Рассказы и зарисовки.,"КРУТЕЦКИЙ, Алексей Константинович.",,,
4202,Капля в море: Стихи.,"БОГУСЛАВСКАЯ, Валерия Борисовна.",,,
4203,Капля внимания: Юмористические рассказы и фельетоны.,"ЕГОРОВ, Борис Андрианович.",,,
4204,Капля воды.,"АНДЕРСЕН, Ганс-Христиан. ",,Аисты...,
4205,Капля воды — крупица золота: Роман.,"КЕРБАБАЕВ, Берды Мурадович.",,,
4206,Капля дождя.,"АРХАНГЕЛЬСКИЙ, Владимир Васильевич.",,,
4207,Капля живой воды: Повести и рассказы.,"ИОВИЦЭ, Влад.",,,
4208,Капля за каплей: Новеллы.,"МАРШАК, Виктор Зельманович.",,,
4209,Капля и океан: Роман.,"НАГАР, Ам-ритлал.",,,
4210,Капля крови: Повесть.,"ВОРОБЬЕВ, Евгений Захарович.",,,
4211,Капля крови: Рассказы и очерки.,"САФАРОВ, Назир Сафарович.",,,
4212,Капля крови:      (Стихотворения). Вып. I.,"БРИХНИЧЕВ, Иона Пантелеймонович.",,,
4213,«Капля крови» и другие рассказы.,"ЛИПЕЦКИЙ, Алексей.",,,
4214,Капля крови Ильича.,"КНЯЗЕВ, Василий Васильевич.",,,
4215,Капля меда: Стихотворения.,"ТУМАНЯН, Ованес Тадевосович.",,,
4216,Капля меду: Стихи.,"АВДЕЕВ, Виктор Иванович.",,,
4217,Капля молока: Новелла.,"ЛЕБЕДЕВ, Владимир Петрович.",,,
4218,Капля на камне: Басни в прозе.,"МАНЬКО, Евгений Петрович.",,,
4219,Капля неба: Стихи.,"КРАВЧЕНКО, Игорь Георгиевич.",,,
4220,Капля океана: Новые стихи.,"ЛЬВОВ, Михаил Давыдович.",,,
4221,Капля родника: Стихи.,"МИНИН, Иван Алексеевич.",,,
4222,Капля росы: Повесть.,"СОЛОУХИН, Владимир Алексеевич.",,,
4223,Капля росы: [Стихи].,"КУЗУБОВ, Леонид Трифонович.",,,
4224,Капля солнца: Рассказы.,"ПЛОТНИКОВ, Юрий Александрович.        ",,,
4225,Капля солнца: Стихи.,"БАЛ КАРОВА, Фоусат Гузеровна.",,,
4226,Капот и штопор: Комедия в 3-х актах.,"СМОЛИН, Дмитрий Петрович.",,,
4227,Капрал Фредерик.,ЭРКМАН-ШАТ-РИАН.,,,
4228,Каприз: Повесть.,"АРСЕНИЙ, Г. (ГУРЛЯНД, Илья Яковлевич).",,,
4229,Каприз: Повесть.,"ТУР, Евгения.",,,
4230,Каприз: Пословица в 1-м д.,"МЮССЕ, Альфред де.",,,
4231,Каприз женщины: Стихотворения.,"АНДРОНОВ, А. В.",,,
4232,Каприз миллионера: Повесть.,"ШАГИ-НЯН, Мариэтта Сергеевна.",,,
4233,Каприз Олмэйра.,"КОНРАД, Джозеф.",,,
4234,Капризная жена: Веселый рассказ.,"ЕВСТИГНЕЕВ, Михаил Е.",,,
4235,Капризная женщина: Роман.,"ФЛЮ-ГАРЕ-КАРЛЕН, Эмилия (КАРЛЕН, Эмилия).",,,
4236,Капризная невеста: Комедия в 1-м д.,"КОЗИН, Алексей Семенович.",,,
4237,Капризница: Комедия в 3-х актах.,"ГОЛЬДОНИ, Карло.",,,
4238,Капризное сердце: Лирика.,"БАЛАГИН, Александр.",,,
4239,Капризы бабочки: Этюд в 1-м д.,"МИХАЙЛОВ, Константин Арсеньевич.",,,
4240,Капризы и любовь: Роман.,"КРЭК, Джорджиана (КРЕЙК, Джорджиана).",,,
4241,Капризы милэди: Пьеса в 1-м д.,"СТЭНЛИ, Ю.",,,
4242,Капризы мисс Мод: Роман.,"ВУД-ХАУЗ, П. Д. (ВУДХАУС, Пелем Гренвилл) .",,,
4243,Капризы судьбы: Рассказы.,"УТОЧКИН, Василий Николаевич.",,,
4244,Капризы судьбы: [Рассказы].,"ШЕРО, Гастон.",,,
4245,Капризы Цебриза: Сатирический водевиль в 1-м д.,"ЗЕНКЕВИЧ, Павел Болеславович (ФЛИТ, Борис Давидович), МАЛЛОРИ, Д.",,,
4246,Капуста: Водевиль в 1-м д.,"КУТУЗОВ, И. П., РАССУДОВ, Михаил Иванович.",,,
4247,Капут!: Стихи.,"МАРШАК, Самуил Яковлевич.",,,
4248,"Капуцин Антоний Гаргиуло, сделавшийся разбойничий атаман, отчего и получил наименование чертов брат, а потом возведен был неапольским кардиналом Руф-фою над многочисленным корпусом, генерал, который, хотя некогда и спомоществовал восстановлению королевской власти и прав духовенства, но наконец за причиненные им беспокойства и возмущения в Неаполе лишен был жизни: Справедливая историческая повесть.",Имя авт. не установлено.,,,
4249,Кара.,"ДАУЛИЧ, Александр.",,,
4250,Кара женщины или Отрава жизни: Комедия в 3-х д.,ЖИРАР.,,,
4251,"Кара Кипчак Кобланды: Драма-эпос в 8-ми карт, с интермедией.","АУЭЗОВ, Мухтар Омарханович.",,,
4252,Кара поклонников (или Возмездие любви): Драма в 5-ти д.,"ГУРЗУФСКИЙ, Михаил (СКВОРЦОВ, Михаил Васильевич).",,,
4253,Кара судьбы: Драма в 4-х д.,"ЯСЕН-ЧИК, М. (КАРЧЕВСКИЙ, Вацлав).",,,
4254,Кара-Ада.,"ПАУСТОВСКИЙ, Константин Георгиевич.",,,
4255,Кара-Баарчык: (Скворец). Повесть.,"ГЛЕБОВ, Николай Александрович.",,,
4256,Карабарчик: Повесть.,"ГЛЕБОВ, Николай Александрович.",,,
4257,"Карабах, край родной: (Карабахские тетради).","ГУРУНЦ, Леонид.",,,
4258,Карабахская весна: Стихи.,"ГРАШИ, Ашот.",,,
4259,Карабахская поэма: Повесть.,"ГУРУНЦ, Леонид.",,,
4260,Карабахский астролог или Основание крепости Шуши в 1752 году: Исторический закавказский роман.,"ЗУБОВ, Платон.",,,
4261,Карабаш: Рассказ.,"БИАНКИ, Виталий Валентинович.",,,
4262,Кара-Бугаз.,"ПАУСТОВСКИЙ, Кон- ",,,
4263,Каравай заварного хлеба: Рассказы.,"СОЛОУХИН, Владимир Алексеевич.",,,
4264,Каравай хлеба.,"МОСКВИН, Николай.",,,
4265,Караван: Вторая книга лирики.,"ШКЛЯР, Евгений.",,,
4266,Караван: Драма в 4-х д.,"ШТОК, Исидор Владимирович.",,,
4267,Караван: Стихи.,"ЗУБАРЕВ, Вадим Иванович.",,,
4268,Караван идет к солнцу.,"АЛИМЖАНОВ, Ануар Турлубекович.",,,
4269,Караван идет по звездам.,"ДЖУ-МАЕВ, Нариман.",,,
4270,Караван мормонов или Битва при гранитном холме.,Имя авт. не установлено.,,,
4271,Караван мулов: Рассказы и юморески.,"ХОМЯКОВ, Олег Михайлович.",,,
4272,Караван уходит в город: Роман.,"ОСТРОВЕР, Леон Исаакович.",,,
4273,Караван уходит вперед: Книга очерков.,"БЕЛЯНИНОВ, Алексей Семенович.",,,
4274,Караваны: Повесть.,"ПАРХОМОВ, Михаил.",,,
4275,Караваны: Сказки.,"ГАУФ, Вильгельм.",,,
4276,Караваны еще в пути.,"КАПУТИКЯН, Сильва Барунаковна.",,,
4277,Караваны уходят...: Исторические повести.,"ИКРАМОВ, Камил Акмалевич.",,,
4278,Караваны уходят — пути остаются: Повесть.,"ИКРАМОВ, Камил Акмалевич. ",Караваны уходят...,,
4279,Карагана.,"САРУЕВА, Александра Федоровна.",,,
4280,Караганда: Роман.,"МУСТАФИН, Га-биден.",,,
4281,Карагач.,"ТКАЧЕНКО, Анатолий Сергеевич.",,,
4282—4283,Карагез: Рассказ.,"НЕДОЛЯ, Игорь Константинович.",,,
4284,Караиман.,КАРМЕН СИЛЬВА. ,,Пиатра Арса...,
4285,Карай; Сын Карая.,"ВОЛЧЕК, Яков Иосифович.",,,
4286,Каракалпакская повесть.,"МУХТАР, Аскад.",,,
4287,Каракулевые шкурки: Юмористические рассказы.,"ЗВАНЦЕВ, Сергей.",,,
4288,Кара-Кум: Повесть.,"ГУМИЛЕВСКИЙ, Лев Иванович.",,,
4289,Каракумская трагедия: Драматическая поэма.,"БОДЫКОВ, Оразбек.",,,
4290,Каракумский Насреддин.,"ШЕМАРЫ-КИН, Иван Ефимович.",,,
4291,"Каракумское лето: Рассказы, очерки.","АБОРСКИЙ, Александр Иванович.",,,
4292,Кара-Кумы.,"КРУКОВСКИЙ, Юрий.",,,
4293,Кара-Курт: Роман.,"ЧЕХОВ, Анатолий Викторович.",,,
4294,Карамолдо: Драматическая поэма.,"СМЫШЛЯЕВ, Юрий Михайлович.",,,
4295,Карандаш: Рассказы.,"МАМЕДОВ, Мурад Алиевич.",,,
4296,Карандух: Повесть.,"РОДИЧЕВ, Николай Иванович.",,,
4297,Карапет: Повесть.,"АВДЕЕВ, Виктор Федорович.",,,
4298,Карапузик: История ребенка.,"ДОДЭ, Альфонс (ДОДЕ, Альфонс).",,,
4299,Караси: Рассказ.,"КУЛАГИН, Б.",,,
4300,Караси в сметане: Комедия в 5-ти д.,"ТВЕРСКОЙ, Никита.",,,
4301,"Караси и щуки: Двадцать один хищнический рассказ из быта, в котором спуска не дают.","ПРОЧАЕВ, Иван Иванович. ",В лапах хищников.,,
4302,Караси и щуки: Рассказы последнего дня.,"АВЕРЧЕНКО, Аркадий Тимофеевич.",,,
4303,Караси и щуки: Юмористические рассказы.,"ЛЕЙКИН, Николай Александрович.",,,
4304,Карасики: Рассказы колхозника.,"АЛЕХИН, Николай Иванович.",,,
4305,Карась: Сцены дачной жизни в 3-х д.,"РОССИЕВ, Павел Амплиевич.",,,
4306,Карась-идеалист.,"САЛТЫКОВ-ЩЕДРИН, Михаил Евграфович.",,,
4307,"Карась-середняк: Юмор, сатира.","ОЛЕЙНИК, Степан Иванович.",,,
4308,Кара-Тайга: Повесть.,"ВЛАСОВ, Владимир Аскольдович.",,,
4309,Караул! Дитя свалилось с неба: Трагикомедия в 3-х д.,"ШМИДТБОНН, Вильгельм Август.",,,
4310,Караул!: Комедия в 1-м д.,"КАРНО-ВИЧ, Сергей Валерианович.",,,
4311,"Караул, ограбили!...: Шутка-водевиль в 1-м д.","ЗИЛЬБЕРМИНЦ, М. Г.",,,
4312,Караул! Свахи доняли!: Рассказ.,"ТУРБИН, Владимир А.",,,
4313,Караул! Свахи одолели!: Рассказ.,"КУКЕЛЬ (ЛУНИН, В. А.).",,,
4314,Караульная заимка. (Загл. обл.).,"ШУГАЕВ, Вячеслав Максимович. ",Повести о жителях Майска.,,
4315,Караульщик Исаич.,"СЕРЕБРОВ-СКИЙ, Е. ",,Кровь выдала...,
4316,Кара-ханым: Рассказ.,"МАМИН-СИБИРЯК, Дмитрий Наркисович.",,,
4317,Карачаровские поруби.,"НЕТАЕВ, П. И.",,,
4318,Карающий город.,"ЛЯШЕНКО, Валентин Ефимович.",,,
4319,Караярские рассказы.,"МАГАЛИФ, Юрий Михайлович.",,,
4320,Карбас: Стихи.,"ТРАПЕЗНИКОВ, Алексей Григорьевич.",,,
4321,Карбонарий:   Повесть.,"ПОЛОНСКИЙ, Ефрем.",,,
4322,Карделло: Рассказ.,"КАПУАНА, Луиджи.",,,
4323,Карденио: Сцены из мексиканской жизни. Повести.,"ЭМАР, Гюстав.",,,
4324,Карджукпас: Роман.,"ДЖАНТОШЕВ, Касымалы.",,,
4325,Кардинал де Ришелье: Исторический роман. Ч. 1-4.,"ДЖЕМС, Джордж Пэн Рейнсфорд.",,,
4326,Кардинал Ришелье: Исторический роман из времен старой Франции.,"ГИЛТЛЬ, Георг.",,,
4327,Кардиограмма: Стихи.,"МЕЖЕЛАЙ-ТИС, Эдуардас Беньяминович.",,,
4328,Карс и Плевна: Две поэмы.,"ЛЬВОВ, Александр Федорович.",,,
4329,Карелия или Заточение Марфы Иоанновны Романовой: Описательное стихотворение в 4-х ч.,"ГЛИНКА, Федор Николаевич.",,,
4330,Карелия моя: Стихи.,"ПРОКОФЬЕВ, Александр Андреевич.",,,
4331,Карельские девушки.,"ФИШ, Геннадий Семенович.",,,
4332,"Кари, ученик художника: Историческая повесть.","МАТЬЕ, Милица Эдвиновна.",,,
4333,Карибские рассказы.,"ЗЕГЕРС, Анна.",,,
4334,Карикатуры жизни: Комедия в 4-х д.,"КИСИЛЕВСКИЙ, И. А. (КИСЕЛЕВСКИЙ, Ян Август).",,,
4335,Карикатуры любви.,"СУТУГИН, Сергей.",,,
4336,Карикатуры-миниатюры.,"УЛЬЯНИЦ-КАЯ, Людмила Степановна.",,,
4337,Карикатуры с натуры: Басни.,"ВОЛОВИК, Михаил Яковлевич.",,,
4338,"Карикатуры с натуры: Фельетоны, басни и юморески.","ГАЛКИН, Александр Алексеевич.",,,
4339,Каринка.,"ЗУРАБОВ, Армен Арамович.",,,
4340,Каритан: Драматическое представление в 4-х д. с прологом и эпилогом.,"САЛОВ, Илья Александрович.",,,
4341,Каритас: Рассказ из современной жизни Бельгии.,"МАКАРОВА-МИРСКАЯ, Александра Ивановна.",,,
4342,Карл Броски.,"СКРИБ, Е. (СКРИБ, Эжен).",,,
4343,Карл Бруннер: [Повесть].,"БАЛАШ, Бела Семенович. ",Карчи Бруннер.,,
4344,Карл Бруннер: Пьеса в 4-х актах.,"БАЛАШ, Бела Семенович, ТРАХТЕНБЕРГ, Н.",,,
4345,Карл Великий: Комедия в 3-х д.,"КОЦЕБУ, Август Фридрих.",,,
4346,Карл Второй и его двор: Исторический роман. В 3-х ч.,"МЮЛЬБАХ, Луиза.",,,
4347,"Карл, где ты?","БАЛАШ, Бела Семенович.",,,
4348,Карл XII в борьбе с Петром Ве- ликим или Победа под Полтавой: Истори-ческо-драматическое представление в 3-х д. с апофеозом.,"ЗАЛЕСОВА, Елизавета Николаевна.                              ",,,
4349,Карл XII при Бендерах: Историческая драма в 5-ти д.,"ВУЛЬПИУС, Христиан Август.",,,
4350,Карл и Анна: Пьеса. В 4-х д.,"ФРАНК, Леонард (ФРАНК, Леонгард).",,,
4351,Карл и Елена Мольдорф или Лишние 8 лет.,"МЕЙСНЕР, Август Готлиб.",,,
4352,Карл и Каролина: Комедия в 5-ти д.,"ПИГОЛЬТ ЛЕ-БРЮН, Шарль Антуан (ПИ-ГО-ЛЕБРЕН, Шарль Антуан).",,,
4353,Карл и Мия или Вакационная неделя в ректорстве Ридаль.,"КИРИ, Энни.",,,
4354,Карл Павлович Брюллов: Биографический рассказ.,"АЛТАЕВ, Ал.",,,
4355,"Карл Смелый или Анна Гейерштейн-ская, дева мрака.","СКОТТ, Вальтер.",,,
4356,Карла Энгельмана записки: Ч. 1-2.,"ЛАФОНТЕН, Август Генрих Юлий.",,,
4357,Карлик испанской принцессы: Сказка-быль.,"УАЙЛЬД, Оскар.",,,
4358,Карлик Нос: Сказка.,"ГАУФ, Вильгельм.",,,
4359,Карлик Тинтирин: Рассказы-гротески.,"МИНКОВ, Светослав.",,,
4360,Карлики острова Рюгена.,"БЕКЕТОВА, Екатерина Андреевна. ",,Замок Эберштейн...,
4361,"Карлинская, 5.","ШМАГЕЛОВА, Гелена.",,,
4362,Карлисты: Кровавый день. Роман.,"ЛАМОТ, Александр Бессо.",,,
4363,Карлотта: Роман.,"ЛОКК, Уильям Джон.",,,
4364,Карлушку — на мушку!: Фронтовая сатира и юмор.,"БОЕЦ ИВАН МУХА (ИВАНОВ, Владимир Михайлович).",,,
4365,Карма; Милосердная королева: Сказки.,КАРМЕН СИЛЬВА.,,,
4366,Карма-Йога: Поэма.,"ШТОРМ, Георгий Петрович.",,,
4367,Кармалюк.,"ГЖИЦКИЙ, Владимир Зенонович. ",,Опришки...,
4368,"Карманная библиотека новостей и рассказов из народного быта, взятых мимоходом с натуры.","НЕВЕЛЬСКОЙ, Владимир Петрович.",,,
4369,"Карманный фонограф (без валиков): Собрание разного рода литературных произведений, кроме скучных.",ЕРЕМА НЕ ДЖЕРОМ. ,Новый карманный фонограф (без валиков).,,
4370,Карманьола.,"КОРДЕС, Валентина Николаевна.",,,
4371,Кармелитка: Роман. В 2-х ч.,"ДОДЕ, Эрнест.",,,
4372,«Кармелюк»: Исторический роман.,"СТАРИЦКИЙ, Михаил Петрович.",,,
4373,«Кармелюк» и другие рассказы.,"ВОВ-ЧОК, Марко.",,,
4374,Кармен.,"МЕРИМЕ, Проспер.",,,
4375,Карменсита: Драма в 4-х д.,"ЛИП-СКЕРОВ, Константин Абрамович.",,,
4376,Карна: Стихи.,"ЦУРАНОВ, Михаил Николаевич.",,,
4377,Карнавал: Комедия в 3-х д.,"ШОПОВ, Иван.",,,
4378,Карнавал в Сан-Жуане: Сатирическая комедия с пением и танцами в 3-х актах.,"ФРИД, Норберт.",,,
4379,Карнавал детей: Пьеса в 3-х д.,СЕН-ЖОРЖ ДЕ-БУЭЛЬЕ.,,,
4380,Карнавал книг: Агитационное представление.,"КОССОВСКИЙ, Михаил Семенович.",,,
4381,Карнавал короля Иеронима: Исторический роман.,"КЕНИГ, Генрих Йозеф.",,,
4382,Карнавал смерти: Итальянские легенды и рассказы.,"БРЕШКО-БРЕШКОВ-СКИЙ, Николай Николаевич.",,,
4383,Карнавальная ночь: Кинокомедия.,"ЛАСКИН, Борис Савельевич, ПОЛЯКОВ, Владимир Соломонович.",,,
4384,Карнавальный гость.,"ЛАЙЦЕНС, Линард (ЛАЙЦЕН, Линард Петрович).",,,
4385,Каро.,"СТРОВИНСКИЙ, А. Л. (КОВ-ЗАН).",,,
4386,Каролина Лихтефильд: Ч. 1-3.,"МОН-ТОЛЬЕ, Изабелла.",,,
4387,Каролина Матильда: Исторический роман.,"БОДИССЕН, А.",,,
4388,"Каролина Сален: Повесть, почерпнутая из ее и других бумаг. Ч. 1-2.","ПФЕ-ФЕЛЬ, К. (ПФЕФФЕЛЬ, Готлиб Конрад).",,,
4389,Каротин: Роман. Ч. 1-4.,"КОК, Поль де.",,,
4390,Карочка: (Из жизни ворон).,"ЧЕГЛОК, Александр.",,,
4391,Карп: Комедия-шутка.,"ЙОВАНО-ВИЧ-ЗМАЙ, Йован.",,,
4392,"Карпатская легенда: Роман, рас- сказы, очерки.","ПЕТЛЬОВАННЫЙ, Виталий Иванович.",,,
4393,Карпатская радуга: Стихи.,"ХО-РОСНИЦКАЯ, Мария.",,,
4394,Карпатская рапсодия: Роман.,"ИЛЛЕШ, Бела.",,,
4395,Карпатские горцы: Трагедия в 3-х д.,"КОРЖЕНИОВСКИЙ, И. (КОЖЕНЕВСКИЙ, Юзеф).",,,
4396,Карпатские зори: Стихи.,"ГЛОТОВ, Василий Иванович.",,,
4397,Карпатские разбойники: Рассказ.,"БЕЛОРУС, Ф. (ДОМБРОВСКИЙ, Франц Викентьевич) .",,,
4398,Карпатские рассказы.,"ТЕТМАЙЕР, Казимир (ТЕТМАЙЕР, Казимеж).",,,
4399,Карпатский рейд: Из записок.,"ВЕР-ШИГОРА, Петр Петрович.",,,
4400,Карпаты: Очерки и рассказы.,"ГИ-НЕВСКИЙ, Александр.",,,
4401,Карпаты: Роман.,"СКЛЯРЕНКО, Семен Дмитриевич.",,,
4402,Карповы эпопеи: Повести и рассказы.,"КОЛОСОВ, Михаил Макарович.",,,
4403,Карпухин: Повести и рассказы.,"БАКЛАНОВ, Григорий.",,,
4404,Карр: Рассказ.,"МАРС, Ф. Ст.",,,
4405,Карта Кудеяри: Пьеса в 9-ти карт.,"ГОРЕВ, Яков Лазаревич, ШТЕЙН, Александр Петрович.",,,
4406,Карта мира.,"ИВАНОВ, Владимир Валерианович.",,,
4407,Карта с приключениями: [Рассказ].,"ШВАРЦ, Евгений Львович.",,,
4408,Карталинское сказание: Поэма.,"ГАР-НАКЕРЬЯН, Ашот Георгиевич.",,,
4409,Картвельские оды: Стихи. Переводы.,"ЛИВШИЦ, Бенедикт Константинович.",,,
4410,Картежница или Генеральша особого рода: Рассказ.,"ШУХМИН, Христофор Алексеевич.",,,
4411,"Картечь: Военный юмористический альманах. Экстренные телеграммы, рассказы сказки, анекдоты, стихи и карикатуры.","ДЕД ТРАВОЕД (ТРАВИН, Петр Александрович) .",,,
4412,Картина в лесу: В 1-м д.,"ЗАСЕЦ-КАЯ, Н. ",,,
4413,Картина Валяскеца: Повесть.,"РЕЙД, Христиан.",,,
4414,Картина из жизни тифлисских армян.,"КРЕТ, С.",,,
4415—4416,Картина или Похождения двух человечков: Шутка. Ч. 1 и 2.,"АЛФЕРЬЕВ, Василий Петрович.",,,
4417,Картина с натуры: Комедия в 1-м д.,"ЗАВЕДЕЕВ, Павел Васильевич.",,,
4418,Картина с натуры: Сцены из военнопоходной жизни.,"ТУРБИН, Сергей Иванович.",,,
4419,Картина Севера.,"ХАРИНСКИЙ, Хри-санф.",,,
4420,Картинка с Дальнего Востока: Этюд в 1-м д.,"МАЛАШКИН, Николай Дмитриевич, МАЛАШКИНА, Клавдия Николаевна.",,,
4421,Картинка с натуры: (Из народной жизни). С пением и пляскою. В 1-м д.,"МИХАЙЛОВА, А. ",,Святки в деревне...,
4422,Картинка с натуры: [Повесть].,"ГЕТ-ЛИНГ, Николай.",,,
4423,Картинка семейного счастья: Сцена в 2-х д.,"ЧАЙКИН, С.",,,
4424,Картинки: Из жизни простых людей.,"СЫСОЕВ, Валерий Мануилович.",,,
4425,Картинки в рассказах.,"АНДЕРСЕН, Ганс-Христиан. ",,,
4426,Картинки детства: Поэма.,"НИВИН, А. (ЖИРКЕВИЧ, Александр Владимирович).",,,
4427,Картинки еврейской действительности.,"СВИРСКИЙ, Алексей Иванович.",,,
4428,Картинки железнодорожной жизни: (Чающие движения воды; Мамаево становище).,"ГАММЕР (ШМИДТ, Степан Андреевич).",,,
4429,Картинки жизни: 39 рассказов. (Юмористический сборник).,"САРМАТ (БАРАНЦЕ-ВИЧ, Казимир Станиславович).",,,
4430,Картинки зимние: Стихи.,"КИРСАНОВ, Семен Исаакович.",,,
4431,Картинки и рассказы.,"КАЖА-НОВ, Н. Г. На ",,,
4432,Картинки и этюды.,"ЖИТЕЛЬ (ДЬЯКОВ, Александр Александрович).",,,
4433,Картинки из детской жизни.,"ЧИРКИНА, Лидия Виссарионовна.",,,
4434,Картинки из жизни 18 века: Рассказы.,"РЕТИФ ДЕ ЛА БРЕТОНН, Никола Эдм.",,,
4435,Картинки из жизни спортсменов: Рассказы.,"КРАМНИК, В. Ю.",,,
4436,Картинки из морской жизни.,"СКРЯ-ГИН, А. С.",,,
4437,«Картинки из тюремной жизни» и другие рассказы.,"КОНОПНИЦКАЯ, Мария.",,,
4438,Картинки петербургской жизни.,"МИХ-НЕВИЧ, Владимир Осипович.",,,
4439,Картинки прошлого: Из воспоминаний детства.,"ВЕРХОВСКАЯ, Ольга Петровна.",,,
4440,Картинки с натуры: [Рассказы].,"ЛЕБЕДЗЕЕВСКИЙ, Людвиг Петрович.",,,
4441,Картинки с натуры: Юмористические сцены из народного быта Южной России.,"ЯКУБОВИЧ, Викторин Антонович.",,,
4442,Картинки сельской и городской жизни.,"ГВОЗДЕВ, Василий В.",,,
4443,Картинки сибирской жизни.,"БОРИСОВСКИЙ, Николай Фомич.",,,
4444,Картинки современной жизни.,"ЛЮ-БИЧ-КОШУРОВ, Иоасаф Арианович.",,,
4445,Картинная галерия; Современная Жанна д'Арк; Неотразимый; Славные люди; Similia Similibus.,"О'МОНРУА, Ришар.",,,
4446,Картины ада: Аллегорическая поэма. Пародия «Ада» Данте.,"ЭЛЬ, А.",,,
4447,Картины аханного рыболовства.,"ЖЕЛЕЗНОВ, Иоасаф Игнатьевич.",,,
4448,Картины Бородинской битвы.,"КУЗЬМИЧЕВ, Федот (КУЗМИЧЕВ, Федот Семенович) .",,,
4449,Картины дружеских связей.,"ЗРА-ЖЕВСКАЯ, Александра Васильевна.",,,
4450,Картины жизни: [Комедия. Рассказы].,"МИТЯЙ (ГОЛЬДШТЕЙН, Марк Михайлович) .",,,
4451,Картины жизни: Рассказы.,"КИРОВА, Елизавета Ивановна.",,,
4452,Картины жизни: Стихотворения.,"ЛЬВОВ, Павел.",,,
4453,Картины из быта русских детей.,"ДАЛЬ, Владимир Иванович.",,,
4454,Картины из жизни в рассказах.,"ЛЬВОВ, Тихон Николаевич.",,,
4455,Картины из морской жизни: Очерки и рассказы.,"ГРАФ МАКБЕТ (О. В. О.) (ОСИНСКАЯ, Ольга Васильевна).",,,
4456,Картины из русского быта.,"ДАЛЬ, Владимир Иванович.",,,
4457,Картины казацкой жизни.,"ЖЕЛЕЗНОВ, Иоасаф Игнатьевич.",,,
4458,Картины минувшего: Стихотворения и драматические отрывки.,"ВРОЦКИЙ, Н. А. (НАВРОЦКИЙ, Александр Александрович).",,,
4459,Картины моей юности.,"КУЗМИЧЕВ, Федот Семенович.",,,
4460,Картины нравов или Смесь критики и литературы: Ч. 1-2.,"КОК, Поль де.",,,
4461,Картины Поволжья.,"КОРИНФСКИЙ, Аполлон Аполлонович. ",,Бывальщины...,
4462,Картины Подмосковья: Стихи и пейзажи.,"РАДИМОВ, Павел Александрович.",,,
4463,Картины природы: Сборник стихотворений.,"НИКИТИН, Иван Саввич.",,,
4464,Картины прошедшего.,"СУХОВО-КО-БЫЛИН, Александр Васильевич.",,,
4465,Картины прошлого: Рассказы.,"РАБИНОВИЧ, Осип Ааронович.",,,
4466,Картины русской жизни: [Очерки].,"РАЗИН, Алексей Егорович.",,,
4467,Картины русской жизни: Рассказы.,"КРУГЛОВ, Александр Васильевич.",,,
4468,Картины русской жизни: [Сборник рассказов].,"УСПЕНСКИЙ, Николай Васильевич.",,,
4469,Картины сельского быта: С Рима на Волгу. Повесть.,"МИРОНОВ, Николай П. Загл. ",,,
4470,Картины страшных происшествий или Гибельные последствия развращенных нравов: Ч. 1-2.,"ЛАФОНТЕН, Август Генрих Юлий.",,,
4471,"Картон: Поэма Оссиана, сына Фин-галова. Вольное переложение в стихах.","СЛЕПЦОВ, Александр Алексеевич.",,,
4472,Картонажная Америка: Поэма.,"САЯНОВ, Виссарион.",,,
4473,Картонный домик.,"ТАМБОВЦЕВА, Мария.",,,
4474,Картонный император: Необыкновенная история.,"ГАЙДОВСКИЙ, Георгий Николаевич.",,,
4475,Картонный король: Первая книга рассказов.,"СЛЕЗКИН, Юрий Львович.",,,
4476,Картонный паяц.,"НУАР, Жак.",,,
4477,Картотека живых: Роман.,"ФРИД, Норберт.",,,
4478,Картофельный человечек: Пьеса для кукольного театра в 2-х д.,"ЛИФШИЦ, Владимир Александрович.",,,
4479,Карточный домик: Пьеса в 18-ти эпизодах.,"СТУКАЛОВ, Олег Николаевич.",,,
4480,Карточный мир: Повесть.,"ЗАРИН, Андрей Ефимович.",,,
4481,Картошка: Рассказы.,"МИНАЕВ, Константин.",,,
4482,Картошка без соли: Комедия в 3-х д.,"СКОВРОНСКИЙ, Здислав (СКОВРОНЬ-СКИЙ, Здзислав), СЛОТВИНСКИЙ, Юзеф (СЛОТВИНЬСКИЙ, Юзеф).",,,
4483,"Картуш, отважнейший атаман разбойников всех времен, гроза тиранов, люби- мец женщин: Вып. 5—10.",Имя авт. не установлено.,,,
4484,Карты: Пьеса в 4-х д.,"БАХМЕТЬЕВ, Алексей Иванович.",,,
4485,Карты не обманут: Шутка в 1-м д.,"ПАРИЙСКИЙ, Дмитрий Иванович.",,,
4486,"Карты, разговаривающие с девицами, вдовицами, молодыми молодицами и со всеми лицами или Тетка барыня, хоть не красотка, а все тетка!","ОРЛОВ, Александр Анфимович.",,,
4487,Карты рассказывают.,"ШЕЙКИН, Аскольд Львович.",,,
4488,"Карусели: Книга стихов, 1908— 1909 гг.","РОСЛАВЛЕВ, Александр Степанович.",,,
4489,Карусель: Драма. В 2-х ч.,"МИЛЮ-НАС, Викторас Викторасович.",,,
4490,Карусель: [Очерки].,"ГОРЫШИН, Глеб Александрович.",,,
4491,Карусель: Повесть.,"ЯМПОЛЬСКИЙ, Борис Самойлович.",,,
4492,Карусель: [Рассказы].,"ТЭФФИ, Н. А.",,,
4493,Карусель: [Сатирические рассказы].,"АРАКЕЛЯН, Гурген Ашотович.",,,
4494,Карусель: Стихи.,"МЕЖЕЛАЙТИС, Эдуардас Беньяминович.",,,
4495,Карусель: Стихи.,"ПАСТЕРНАК, Борис Леонидович.",,,
4496,Карусель: Юмористические рассказы; Нас было пятеро: Повесть.,"ПОЛАЧЕК, Карел.",,,
4497,Карусель: Юмористические рассказы и фельетоны.,"ЕГОРОВ, Борис Андрианович.",,,
4498,Карусель Зодиака.,"ШИРМАН, Григорий.",,,
4499,Карфаген и Рим: Исторический роман в 3-х ч.,"ШАХОВСКАЯ, Людмила Дмитриевна.",,,
4500,Карфагена не будет!: Повесть.,"ШУСТОВ, Владимир Николаевич.",,,
4501,Карчи Бруннер: Повесть.,"БАЛАЖ, Бела (БАЛАШ, Бела Семенович).",,,
4502,Карыш: Рассказ.,"КОНОНОВ, Александр Терентьевич.",,,
4503,"Карьера: Драматические картины военного быта, 1915—1917 гг.","ХЛЕБНИКОВ, И.",,,
4504,Карьера: Комедия в 4-х д.,"КОРОЛЕВ, Е. Е.",,,
4505,Карьера: Повесть.,АРСЕНИЙ Г. ,,,
4506—4507,Карьера: Пьеса в 3-х актах.,"ЛИ, Джеймс Генри.",,,
4508,Карьера: Роман в 2-х ч.,"ТИХОНОВ, Владимир Алексеевич.",,,
4509,Карьера: Сатирическая пьеса в 3-х д.,"ПОВОЛОЦКИЙ, Станислав.",,,
4510,"Карьера Артуро Ун, которой могло не быть.","БРЕХТ, Бертольт.",,,
4511,Карьера Бекетова: Трагикомедия в 2-х ч.,"СОФРОНОВ, Анатолий Владимирович.",,,
4512,Карьера боксера Кэшеля Байрона.,"ШОУ, Бернард.",,,
4513,Карьера Бьючэмпа: Роман.,"МЕРЕДИТ, Джордж.",,,
4514,Карьера Глазера: Роман.,"ВИНДЕР, Людвиг.",,,
4515,Карьера дворянина Перелетова: Очерк.,"ПЕТРОВ-БАТУРИЧ, Семен Васильевич.",,,
4516,Карьера Дизраэли.,"МОРУА, Андре.",,,
4517,Карьера Дрыкалина.,"ПОДЪЯЧЕВ, Семен Павлович. ",Карьера Захара Федорыча Дрыкалина.,,
4518,Карьера Женевьевы Мато: Роман.,"ВАЛЬМИ-БЭСС, Жан.",,,
4519,«Карьера Захара Федорыча Дрыкалина» и другие рассказы.,"ПОДЪЯЧЕВ, Семен Павлович.",,,
4520—4521,Карьера Йожки Пучика: Сатирическая комедия в 3-х д. о ложном понимании гуманизма.,"СТОДОЛА, Иван.",,,
4522,Карьера капрала Буркалы.,"ДРЖЕ-ВЕЦКИЙ, Генрих (ДЖЕВЕЦКИЙ, Хенрик).",,,
4523,Карьера Кубрика.,"БЕЛЯЕВ, Дмитрий Герасимович.",,,
4524,Карьера Левинского: Роман.,"КАГАН, Абрам.",,,
4525,Карьера т-11е Талон: Пьеса в 1-м д.,"ГОЙЕ, И.",,,
4526,Карьера министра: Комедия-памфлет в 4-х д.,"ГАЛИЦКИЙ, Яков, КАМИНКА, Эммануил Исаакович.",,,
4527,Карьера молодой девушки: Роман.,"РОНИ-СТАРШИЙ, Жозеф Анри.",,,
4528,Карьера музыканта: Роман.,"БЭРК, Томас.",,,
4529,Карьера на гвоздике: Комедия в 4-х д.,"КУРДЮМОВ, Всеволод Валерианович.",,,
4530,Карьера Никодима Дызмы.,"ДО-ЛЕНГА-МОСТОВИЧ, Тадеуш.",,,
4531,Карьера Ногталарова: Сатирическая баллада и рассказы.,"ДАГЛЫ, Сейфеддин.",,,
4532,Карьера Петрушки: Комедия в 7-ми карт.,"МИХАЙЛОВА, Анна (БЕЛЯЕВА, Анна).",,,
4533,Карьера писателя.,"БЕННЕТ, Арнольд.",,,
4534,Карьера подпольщика: Повесть из революционного прошлого.,"ВАСИЛЬЧЕНКО, Семен Филиппович. ",Приключения подпольщика.,,
4535,Карьера Рафаэля Риша: Роман.,"РОЗЕГГЕР, Ганс-Людвиг.",,,
4536,Карьера Ругонов: История одного семейства времен 2-й империи. Роман.,"ЗОЛЯ, Эмиль.",,,
4537,«Карьера» Русанова: Роман.,"ВАСИЛЬЕВ, Юрий Вячеславович.",,,
4538,Карьера синего пиджака: Сатира и юмор.,"ПОДМАЙСТРОВИЧ, Василий Ильич.",,,
4539,Карьера Струкова.,"ЭРТЕЛЬ, Александр Иванович.",,,
4540,Карьера чиновника: Комедия в 3-х д.,"НЕЙДГАРДТ, А., ЭНГЕЛЬ, Александр.",,,
4541,Карьерист: Драма в 4-х д.,"ГЕ, Иван Николаевич.",,,
4542,Карьерист: Очерк; Сон Карелина: Отрывок из романа «Петербург прошлого времени».,"ГРИГОРОВИЧ, Дмитрий Васильевич.",,,
4543,Карьеристы: Роман.,"ГРУШАС, Юозас Антонович.",,,
4544,Карьеристы и идеалисты: Очерки и эскизы.,"ВАСЮКОВ, Семен Иванович.",,,
4545,Карьеры: Драма в 3-х д.,"ЕЛФИ-МОВ, Александр.",,,
4546,Карэн Борнеман: (Голос жизни). Драма в 4-х д.,"БЕРГСТРЕМ, Яльмар.",,,
4547,Карюха: Повесть.,"АЛЕКСЕЕВ, Ми- ",,,
4548,Каряга.,"НЕВЕРОВ, Александр, ЯРОВОЙ, Павел.",,,
4549,Каса марэ: Драма в 3-х д.,"ДРУЦЭ, Ион Пантелеевич.",,,
4550,Касандра: Сказка.,"ВИЛИНСКАЯ, Валерия Александровна.",,,
4551,"Касандра, герцогиня Феррарская или Наказанье—не мщенье: Трагедия в 3-х д.","ЛОПЕ ДЕ ВЕГА, Феликс.",,,
4552,Касатка: (Комедия в 4-х д.).,"ТОЛСТОЙ, Алексей Николаевич.",,,
4553,Касиловцы: Повесть.,"ПРУДКОВ-СКИЙ, Петр Николаевич.",,,
4554,Касимовская невеста: Исторический роман в 3-х ч.,"СОЛОВЬЕВ, Всеволод Сергеевич.",,,
4555,Касимовские повести и предания.,"ПАВЛОВ, Александр А.",,,
4556,Каска: Пьеса в 1-м д.,"ВИТАРСКИЙ, Николай.                         ",,,
4557,Каска с каштанами: Роман.,"ИНДРА-НЕ, Илзе.",,,
4558,Каскад любви: Первый сборник стихов.,"ГЕРЦОВСКИЙ, Иван.",,,
4559,Каспар Гаузер: (Загадка своего времени). Роман.,"ВАССЕРМАН, Якоб. ",Каспар Хаузер или Леность сердца.,,
4560,Каспар Хаузер или Леность сердца: Роман.,"ВАССЕРМАН, Якоб.",,,
4561,Каспий — море штормовое: Повесть.,"ЕРЫМОВСКИЙ, Константин Ильич.",,,
4562,"Каспий, 1920 год: Из дневника командира «Деятельного».","ИСАКОВ, Иван Степанович.",,,
4563,Каспийская книга: Очерки и рассказы.,"ЕРЫМОВСКИЙ, Константин Ильич.",,,
4564,Каспийская радуга: Стихи.,"ХАЛДЕЕВ, Александр Васильевич.",,,
4565,Каспийская роза: Поэма.,"ФИЛИППОВ, Борис Тимофеевич.",,,
4566,Каспийские волны: Стихи.,"РУСТАМ, Сулейман.",,,
4567,Каспийские зори.,"ШАХОВСКИЙ, Борис Михайлович.",,,
4568,Каспийское море.,"ЛУГОВСКОЙ, Владимир Александрович.",,,
4569,Каспийское солнце: Стихи.,"МОЛЧАНОВ, Иван Никанорович.",,,
4570,Каспийцы: Повесть.,"ГРИТЧЕНКО, Александр Александрович, МЕЕРОВИЧ, Ефим Израилевич.",,,
4571,Каспийцы: Пьеса в 4-х д.,"СТЕПАНОВ, Евгений Петрович.",,,
4572,Касриловка.,ШОЛОМ-АЛЕЙХЕМ.,,,
4573,Кассандра: [Баллада].,"ЖУКОВСКИЙ, Василий Андреевич. ",,Ахилл...,
4574,"Кассандра: Трагедия в 5-ти д., в стихах.","СОММА, Антонио.",,,
4575,"Кассиопея: Повесть о мечте, которая сбывается.","ИВАНОВ, Юрий Николаевич.",,,
4576,Кассир: Картины петербургской жизни в 5-ти д. с куплетами и пением.,"МИНАЕВ, Дмитрий Дмитриевич, ХУДЕКОВ, Сергей Николаевич.",,,
4577,Кассир Кольчугин: Роман.,"ХОМУТОВ, В. А.",,,
4578,Кассирша: Рассказы.,"ВОРОНОВ, Николай Павлович.",,,
4579,Кастальский ключ: Эссе.,"ДРАБ- КИНА, Елизавета Яковлевна.",,,
4580,Кастаньоль: Роман.,"ЛАМАНДЭ, Андрэ.",,,
4581,Кастро Алвес.,"АМАДУ, Жоржи.",,,
4582,Кастрюк.,"БУНИН, Иван Алексеевич. ",,На край света...,
4583,Касьян Одинокий: Рассказ.,"МИТРОПОЛЬСКИЙ, Иван Иванович.",,,
4584,Касьян с Красивой Мечи: Рассказ.,"ТУРГЕНЕВ, Иван Сергеевич.",,,
4585,Касьянов бор: Повесть.,"ПЕРЕВОЗЧИКОВ, Михаил Семенович.",,,
4586—4587,Катанье с гор.,"БУШ, Вильгельм. ",,Петушиный бой...,
4588,Катастрофа: Драма в 4-х д.,"БУДИ-ЩЕВ, Алексей Николаевич, ФЕДОРОВ, Александр Митрофанович.",,,
4589,Катастрофа: Драма из жизни углекопов.,"ДЕЛЛЕ, Грацие Мария. ",Углекопы.,,
4590,Катастрофа; История Платнера; Орхидея: [Рассказы].,"УЭЛЛЬС, Г. (УЭЛЛС, Герберт Джордж).",,,
4591,Катастрофа: Комедия в 3-х д.,"ПЛАТОНОВА, А.",,,
4592,Катастрофа: Повесть.,"ВИРТА, Николай Евгеньевич.",,,
4593,Катастрофа: [Повесть].,"ДАЛЕЦ-КИЙ, Павел Леонидович.",,,
4594,Катастрофа: Повесть.,"ТЕНЕРО-МО, И.",,,
4595,Катастрофа: [Рассказы].,"ВИЛЬДЕ, Николай Николаевич.",,,
4596,Катастрофа: Рассказы.,"ИБРАГИМБЕКОВ, Максуд Мамед Ибрагим оглы.",,,
4597,Катастрофа: [Рассказы].,"ЛЕНСКИЙ, Владимир.",,,
4598,Катастрофа: [Рассказы].,"ЧАГАН, Зиновий Борисович.",,,
4599,Катастрофа: Роман.,"БЕЗСАЛЬКО, Павел (БЕССАЛЬКО, Павел Карпович).",,,
4600,Катастрофа: Роман.,"ЭГГЕРАТ, Вернер.",,,
4601,Катастрофа: Социально-сатирическая повесть.,"ОКУНЕВ, Яков.",,,
4602,Катастрофа любви: Драма в 5-ти д.,"БЕЗСОНОВ, А. И. (БЕССОНОВ, А. И.).",,,
4603,Катастрофа отменяется: Повесть.,"АСАНОВ, Николай Александрович.",,,
4604,Катафалк сенатора.,"ЛА МАЗЬЕР, Пьер.",,,
4605,Катенька: Повесть.,"АЛМАЗОВ, Борис Николаевич.",,,
4606,Катенька: Рассказы.,"ПЛУТАЛОВ, Олег Борисович.",,,
4607,Катенька или Любовные похождения: Иллюстрированный роман.,"БУШ, Вильгельм. ","Шалости Лизы; Июлия, дочь Кнопа.",,
4608,Катенька или Найденное дитя: Истинное происшествие.,"ДЮКРЕ-ДЮМИНИЛЬ, Франсуа Гийом.",,,
4609,Катер связи: Стихи.,"ЕВТУШЕНКО, Евгений Александрович.",,,
4610,Катера уходят в море: Рассказы.,"НИКИТИН, Сергей Исакович.",,,
4611,Катерина: Исповедь моей мачехи. Повесть.,"МОРОЗОВ, Константин Тихонович.",,,
4612,Катерина: Комедия в 2-х д. с куплетами.,"БРАЗЬЕ, Никола, ДЮВЕРЬЕ, Анн Оноре.",,,
4613,Катерина: [Поэмы].,"ШЕВЧЕНКО, Тарас Григорьевич.",,,
4614,Катерина: [Рассказ].,"ПЕРЕБИЙ-НОС, Федор Семенович.",,,
4615,Катерина: (Рассказ).,"СМОЛЕНСКИЙ, Михаил.",,,
4616,Катерина: [Рассказы].,"РАСТРЕПИН, Николай Максимович.",,,
4617,Катерина и ее новый дом: Рассказ.,"ПЕРВОМАЙСКИЙ, Леонид Соломонович.",,,
4618,Катерина и ее сестры: Роман.,Имя авт. не установлено.,,,
4619,Катерина Петренко: Драматизированная повесть.,"ФРИД, Яков Владимирович.",,,
4620,Катерина Сиенская: Мистерия.,"ЧАЙКОВСКИЙ, Модест Ильич.",,,
4621,Катеринина свадьба: Рассказ.,"СОКОЛОВ, Константин Леонидович.",,,
4622,Катериновские девчата; Семена: Рассказы.,"ДОРОШ, Ефим.",,,
4623,Катилина: Драма в 3-х д.,"ИБСЕН, Генрик.",,,
4624,Катилина: Драма в 4-х д.,"АКУЛОВ, Константин Аполлинарьевич.",,,
4625,Катилось колечко: Рассказы.,"РАКША, Ирина Евгеньевна.",,,
4626,Катина жизнь: Рассказ.,"ГАЛКИН, Михаил Владимирович (ГОРЕВ, Михаил).",,,
4627,Катина ошибка.,"КОРНЕВ, Антон Дмитриевич.",,,
4628,Катино детство.,"ДОНСКАЯ, Ксения Николаевна.",,,
4629,Катины будни: Рассказы.,"СОРОКИН, Михаил Петрович.",,,
4630,Катинька: Повесть.,"ВЫСОЧИН, Николай Дмитриевич.",,,
4631,Катинька: Российская повесть вольными стихами. В 3-х кн.,Имя авт. не установлено.,,,
4632,Като и Ана: Грузинская повесть.,"БАДРИДЗЕ, Мелания.",,,
4633,Като и Музири: Ихневмоны.,"ЧЕГЛОК, Александр.",,,
4634,Катон: Трагедия.,"АДДИСОН, Джозеф.",,,
4635,Каторга: [Очерки].,"ЛОНДР, Альбер. ",Французская каторга.,,
4636,Каторга: Сборник рассказов.,"ЛЬВОВ-МАРСИАНИН, Петр Андреевич.",,,
4637,Каторга; Тюрьма; Голод: Очерки и рассказы.,"ЧИВОНИБАР, А. (РАБИНОВИЧ, Адольф Харитонович).",,,
4638,Каторжане: Роман.,"БРАЖНИН, Илья.",,,
4639,Каторжная тюрьма Лейна: Рассказ.,"КЛЕБЕР, Курт.",,,
4640—4641,Каторжник; Кулак; Из-за прихоти князя: Три рассказа.,"ЛЕОНОВ, Иван.",,,
4642,Каторжник: Рассказ.,"ЧУКОВСКИЙ, Николай Корнеевич.",,,
4643,Каторжник: Роман.,"ГЮГО, Виктор.",,,
4644,Каторжник за монастырской стеной: Повесть.,"АЛЕКСАНДРОВСКИЙ, Ал. П.",,,
4645,Каторжник или Невинно осужденный: Рассказ.,"МОЛИНАРИ, Фридрих.",,,
4646,"Каторжник полковник: Повесть, составленная по судебным актам.","ДЮ-БУАСГО-БЕЙ, Ф. (ДЮБУАГОБЕЙ, Фортюнэ).",,,
4647,"Каторжник, сорок раз женатый: Повесть.","АЛЕКСАНДРОВСКИЙ, Ал. П.",,,
4648,Каторжники: Повесть.,"МИРСКИЙ, С. (ЗАИКА, Семен Семенович).",,,
4649,Каторжники земли: Повесть в 4-х ч.,"КОЖЕВНИКОВ, Алексей Венедиктович.",,,
4650,Каторжница: № 1-2.,Имя авт. не установлено.,,,
4651,Каторжный завод; Партизанская богородица: Романы.,"ТАУРИН, Франц Николаевич.",,,
4652,Катрина.,"САЛМИНЕН, Салли.",,,
4653,Катрина Юле: Рассказы.,"ВАХЕР, Луиза Яновна.",,,
4654,Катриона: Роман.,"СТИВЕНСОН, Роберт Льюис. ",,Похищенный.,
4655,Катрусина вышка: Роман.,"БИБИК, Алексей Павлович.",,,
4656,Катька-бумажный ранет.,"БОРИСОГЛЕБСКИЙ, Михаил Васильевич.",,,
4657,"Катька, Катя, Катерина.",И. Е.,,,
4658,Катькина дача или Есть ли на свете лишний человек: Рассказ.,"ХМЕЛЕВА, Ольга Неоновна.",,,
4659,Катькины слезы: Рассказы.,"ЛАЗАРЕВ, Евгений Васильевич.",,,
4660,Катюша.,"ШАДРИН, Иларий Григорьевич.",,,
4661,Катюша Красавина: (Сердце женщины). Семейная драма в 3-х д.,"ЛЕОНИДОВ, Виктор (КВЕЦИНСКИЙ, Виктор Францевич).",,,
4662,Катя: Повесть.,"ГЛИНКА, Авдотья Павловна",,,
4663,Катя: Повесть.,"ГОРДЕЕВА-ЩЕР-БИНСКАЯ, Ирина Валериановна.",,,
4664,Катя: [Повесть].,"КЕДРОВ, Филипп Григорьевич.",,,
4665,Катя: Повесть.,"ТОКАЕВ, Ашах Ину-сович.",,,
4666,Катя: Эпизод из рыбачьей жизни в Финляндии на Аландских островах.,"СУХАРО, Владимир Михайлович.",,,
4667,Катя Долга: Хроника современной деревни.,"КОРОБОВ, Яков Евдокимович.",,,
4668,Катя и Шарик: Повесть.,"АНДРЕЕВА, Лидия.",,,
4669,Катя из Мичуринска: Повесть.,"КОРНИЛОВА, Мария Федоровна.",,,
4670,Катя Катерина: Поэма.,"ОСИН, Дмитрий Дмитриевич.",,,
4671,Катя Лесинцева: Повесть.,"ЗЛАТО-ВРАТСКАЯ, Софья Николаевна.",,,
4672,Катя Павлова: Драма в 1-м д.,"ЭВАЛЬД, Ида.",,,
4673,Катя Уржумова: Повесть и рассказы.,"ФЕДОРОВА, Лариса Федоровна.",,,
4674,Катя Чудова: Драма в 3-х актах.,"ЧАЛАЯ, Зинаида.",,,
4675,Каунасский роман.,"БЕЛЯУСКАС, Альфонсас Петрович.",,,
4676,Кафе «Лира»: Драма в 3-х актах.,"МАКЛЯРСКИЙ, Михаил Борисович, РАПОПОРТ, Кирилл Иосифович.",,,
4677,Кафе на главной улице.,"ВЧЕЛИЧКА, Геза.",,,
4678,Кафе «Надежда».,"БОНАЧЧИ, Анна.",,,
4679,Кафе Ноблесс: Комедия в 3-х д. из современной жизни «подонков» Берлина.,"ШЮЛЕР, Карл.",,,
4680,Кафе у дороги: Южно-африканские рассказы.,"РИВ, Ричард.",,,
4681,Кафе-шантан: [Новеллы].,"РАЙС, Элиса.                     ",,,
4682,Кафешантан: Драма в 1-м д.,"БРЕЙТ- MAH, Григорий Наумович.",,,
4683,Кафтанчик.,"ГЕДРОЙЦ, Сергей (ГЕДРОЙЦ, Вера Игнатьевна).",,,
4684,Кахетинка: Рассказ.,"ГУСЕВ-ОРЕН-БУРГСКИЙ, Сергей Иванович.",,,
4685,Каховский дневник: Стихи.,"ЛЮБОМ-СКАЯ, Елена Ивановна.",,,
4686,Кациа Адамиани.,"ЧАВЧАВАДЗЕ, Илья Григорьевич.",,,
4687,Качалка грёзэрки: Поэзы. Т. 4; Сады футуриста: Кн. I. Брошюра 33-я.,"СЕВЕРЯНИН, Игорь.",,,
4688,Качановка.,"НЕМИРОВА, Евгения.",,,
4689,Качели: [Стихи].,"ЕРЕМИН, Николай Николаевич.",,,
4690,Качели: Стихи.,"ЗЛОБИНА, Дина Дмитриевна.",,,
4691,Качели: [Стихи].,"ПУШКИН, Вячеслав Михайлович.",,,
4692,Качели Арзыгюль.,"СЕИДОВ, Мамед.",,,
4693,"Качели Отшельника: Повесть, рассказы.","КОЛУПАЕВ, Виктор Дмитриевич.",,,
4694,Качилдаз.,"КРУЧЕНЫХ, Алексей Елисеевич.",,,
4695,Качканарские были.,"АЛЕКСАНДРОВ, Сергей Александрович, ГОРБУНОВ, Николай Сергеевич.",,,
4696,"Кашевар Миронов и его геройские подвиги в войне с турками, англичанами и французами: Рассказ из времен Севастопольской войны в 2-х ч. Ч. 1-2.","БАЛАГУР, Фома.",,,
4697,Каширская легенда: Достоверное повествование.,"АНОВ, Николай.",,,
4698,Каширская старина: Драма в 5-ти д.,"АВЕРКИЕВ, Дмитрий Васильевич.",,,
4699,Каширская старина или Из-под венца — в могилу: Историческая повесть.,"ДОЛЬСКИЙ, Владимир.",,,
4700,Кашка графини Берты: Сказка для детей.,"ДЮМА, Александр (отец).",,,
4701,Кашмирская песня: Легенда.,"РАШИДОВ, Шараф Рашидович.",,,
4702,Кашмирский камень: Рассказы.,"ВАСЮТИНА, Евгения Константиновна.",,,
4703,Каштанка.,"ЧЕХОВ, Антон Павлович.",,,
4704,Каштановые свечи: Стихи и поэма.,"КРУТОВ, Юрий.",,,
4705,Каштановый дом: Повесть; «Алоль! Алоль! Алоль!» и другие рассказы.,"ГУЛИА, Георгий Дмитриевич.",,,
4706,Каштаны в цвету.,"ТУРЕНСКАЯ, Валентина Ионовна.",,,
4707,"Каштаны Киева: Героическая комедия в 3-х д. с музыкой, песнями и танцами.","ПЛОТКИН, Григорий Давыдович.",,,
4708,Каштаны моей улицы: Повесть и рассказы.,"ОМЕЛЬЧЕНКО, Николай Михайлович.",,,
4709,Каштелянский мед: Контушовая комедия в 5-ти д.,"КРАШЕВСКИЙ, Иосиф Игна-тич (КРАШЕВСКИЙ, Юзеф Игнацы).",,,
4710,Кащеева суводь: Повесть.,"ЛЕДНЕВ, Анатолий Федорович.",,,
4711,Кащеева цепь: Роман.,"ПРИШВИН, Михаил Михайлович.",,,
4712,Кащей: Пьеса в 3-х д.,Имя авт. не установлено.,,,
4713,Кащей бессмертный: Русская сказка.,"КУКЕЛЬ (ЛУНИН, В. А.).",,,
4714,Кащей Бессмертный: Русская сказка в 3-х ч.,"ШМИТАНОВСКИЙ, Василий Яковлевич.",,,
4715,Каюр: Стихи.,"ЛАПЦУЙ, Леонид Васильевич.",,,
4716,Кают-юнга или Молодой матрос: Роман. Ч. 1—4.,КЕРНОК.,,,
4717,Кающийся: Пьеса в 1-м д.,"АНДРЕЕВ, Леонид Николаевич.",,,
4718,Кающийся: Рассказ.,"НАУМОВ, Николай Иванович.",,,
4719,Кающийся грешник: [Сказка].,"ТОЛСТОЙ, Лев Николаевич.",,,
4720,Кающийся грешник: Современная поэма в стихах. 3 ч.,"КОНДРАТОВА, Людмила.",,,
4721,Квадрат Б-52; Тропой обреченных.,"БАРАШЕВ, Павел Романович, КИТАИН, Валентин Семенович.",,,
4722,Квадрат карты: Рассказы.,"ВОРОБЬЕВ, Евгений Захарович.",,,
4723,Квадрат М-ИКС.,"КОЛОСОВ, Владимир Васильевич.",,,
4724,Квадратура круга: Водевиль в 3-х д.,"КАТАЕВ, Валентин Петрович.",,,
4725,Квазимодо: Рассказ.,СКИТАЛЕЦ. ,,Несчастье...,
4726,Квазимодо: Соборный звонарь. [Из романа «Собор Парижской богоматери»].,"ГЮГО, Виктор.",,,
4727,Квакеры: Драма в 1-м д.,"КОЦЕБУ, Август Фридрих.",,,
4728,Кваркваре Тутабери: Комедия в 4-х д.,"КАКАБАДЗЕ, Поликарп Малхазович.",,,
4729,Квартал: Роман.,"ПРАТОЛИНИ, Васко.",,,
4730,Квартеронка: Роман.,"МАЙН-РИД (РИД, Томас Майн).",,,
4731,Квартет: Басня.,"КРЫЛОВ, Иван Андреевич.",,,
4732,Квартет: Миниатюра-фарс в 1-м д. с пением.,"ШАБЕЛЬСКИЙ, Александр Васильевич.",,,
4733,Квартет: Пьеса в 1-м д.,"КОЧЕРГА, Иван Антонович.",,,
4734,Квартет: Рассказ.,"МУКОСЕЕВ, В.",,,
4735,Квартет 13: Молодежная комедия в 2-х актах.,"НОРМЕТ, Дагмар Рубиновна.",,,
4736,Квартира; Кулич; Шутка; Скоропортящийся груз; Автопоп: Неизданные произведения.,"КОЗЫРЕВ, Михаил Яковлевич.",,,
4737,Квартира без номера: Роман.,"ЦИРУ-ЛИС, Гунар, ИМЕРМАНИС, Анатоль Адольфович.",,,
4738,Квартира в стиле «moderne»: Шутка в 1-м д.,"КРИГЕР-БОГДАНОВСКАЯ, Надежда Ниловна.",,,
4739,Квартира на Бугорках: Водевиль.,"ФЕДОРОВ, Павел Степанович.",,,
4740,Квартира номер последний: Рассказы.,"АЛЕШИН, Александр Павлович.",,,
4741,Квартира № 17: Очерки. Рассказы. Статья.,"КАРПОВИЧ, Марк Дмитриевич.",,,
4742,Квартира старого друга: Повести и рассказы.,"БОСНЯЦКИЙ, Евгений Григорьевич.",,,
4743,Квартира фон-Кронша: (Из записной книжки благополучного обывателя).,"СПЕРАНСКИЙ, Александр.",,,
4744,Квартирант на час: Пьеса в 1-м д.,"КЕДРИНА, Вера Евгеньевна.",,,
4745,Квартиранты: Пьеса в 4-х д.,"ЛЕРНЕР, Николай Никитич.",,,
4746,Квартирный кризис.,"ЛИЛИНА, А. П.",,,
4747,Квартирный масштаб: Рассказы.,"ЛЕ-БЕДЕВ-КУМАЧ, Василий Иванович.",,,
4748,Кварцит: Роман.,"ДОСВИТНЫЙ, Олесь.",,,
4749,Квасной патриот: Купеческая сценка в 1-м д.; Аннексия и контрибуция: Шутка в 1-м д. Сборник злободневных пьес.,"ФАЛЮ-ТИНСКИЙ, Сергей Иванович.",,,
4750,Квашня: Роман в 3-х ч.,"ЛУКАШИН, Илья Денисович.",,,
4751,Квентин Дорвард: Роман.,"СКОТТ, Вальтер.",,,
4752,Квентин Дурвард: Роман.,"СКОТТ, Вальтер.",,,
4753,Квернаки; Подъем и спуск: Романы.,"ЧХЕИДЗЕ, Отар Ревазович.",,,
4754,Квинтилия.,"ЖОРЖ-САНД (САНД, Жорж).",,,
4755,Квинченто: (Прометей). Пьеса в 4-х д.,"ДЕРЖАВИН, Виталий Петрович.",,,
4756,Квирин Кульман: Исторический рассказ. (Из времен царствования царевны Софьи). 1689 г.,"ВОЛКОВА, Е. Ф.",,,
4757,Квисисана: Роман.,"ШПИЛЬГАГЕН, Фридрих.",,,
4758,Квичи: Роман в 2-х ч.,"ВЕСЕРЕЛЬ, Елисавета (УОРНЕР, Сьюзен).",,,
4759,Квоск-зоркий глаз.,"ЛОНГ, Уильям Дж. (ЛОНГ, Вильям).",,,
4760,Квота или Сторонники изобилия: Роман.,"ВЕРКОР, КОРОНЕЛЬ.",,,
4761,Кедровые орехи.,"ГЛУХОВ, Петр Семенович.",,,
4762,Кедровые шишки: Рассказы.,"БОРИСОВ, Виталий Иванович.",,,
4763,Кедровый дух: Повести и рассказы.,"ВЕТРОВ, Владимир.",,,
4764,Кедровый посох: Стихи.,"БОБРОВ, Герман Ильич.",,,
4765,Кедры в синей дымке.,"ХИЛТУХИН, Данри Данилович.",,,
4766,Кедры на скалах: Стихи.,"КУЗНЕЦОВ, Вячеслав Николаевич.",,,
4767,Кедры не ломаются в бурю: Повесть.,"САРАНЧИН, Ким Федорович.",,,
4768,"Кеес Адмирал тюльпанов: Опасные и забавные приключения юного лейденца, а также его друзей, рассказанные им самим без хвастовства и утайки.","СЕРГИЕНКО, Константин Константинович.",,,
4769,Кейиджек.,"КУРБАНСАХАТОВ, Кур-бандурды Д.",,,
4770,Кеймир Кор: Драма в 4-х д.,"АМАНОВ, Базар, БУРУНОВ, Караджа.",,,
4771,Кексгольмские рассказы.,"АДАМОВИЧ, Борис Викторович.",,,
4772,Келай и его друзья: Повесть.,"ИВАНОВ, Вениамин Михайлович.",,,
4773,"Келейница: Комедия в 3-х д., из быта деревни.","БАЖАНОВ, В. В.",,,
4774,Келифский узбой.,"БАХТЕРЕВ, Игорь Владимирович, РАЗУМОВСКИЙ, Александр Владимирович.",,,
4775,Келла: (Телка из Одингофа).,"ФЛЕЙ-РОН, Свен.",,,
4776,Кельнерша: (Рассказ).,"БАЯН, Вадим.",,,
4777,Кем бы я хотел быть.,"ТИТАНЕ, Лей-да Юхановна.",,,
4778,"Кем был, кем стал рябой Кирилл: Стихи.","КОССОВСКИЙ, Михаил Семенович.",,,
4779,Кем быть?: Правдоподобное описание путешествия автора и его юных друзей по многим и многим профессиям с путевыми зарисовками одного из героев этой книжки в 12-ти тетрадях и 96-ти главах.,"ПЕРМЯК, Евгений.",,,
4780,"Кем же ты станешь, Фритьоф?: Повесть о Нансене.","ЦЕНТКЕВИЧ, Алина, ЦЕНТ-КЕВИЧ, Чеслав.",,,
4781,Кемал: (Поэма).,"СЕЙТЛИЕВ, Кара.",,,
4782,Кеманча и знамя: [Стихотворения].,"ТУДЕ, Али.",,,
4783,Кембрийские голоса: Повесть-репортаж.,"ЧЕРЕПАНОВ, Лев Степанович.",,,
4784,Кенгуровая крыса.,"СЕТОН-ТОМПСОН, Эрнест.",,,
4785,Кенгуру.,"ЧЕГЛОК, Александр.",,,
4786,"Кенелм Чиллингли, его приключения и взгляды на жизнь.","БУЛЬВЕР-ЛИТТОН, Эдуард (БУЛВЕР-ЛИТТОН, Эдуард Джордж).",,,
4787,"Кенельм Чилингли, его приключения и мнения: Роман.","БОЛЬВЕР, Эдуард ",,,
4788,Кенес.,"ДЖАНСУГУРОВ, Ильяс.",,,
4789,Кенигсмарк: Роман.,"БЕНУА, Пьер.",,,
4790,Кенильворт: Исторический роман. Т. 1-4.,"СКОТТ, Вальтер. ",Замок Кенильворт.,,
4791,Кентавр: Роман.,"АПДАЙК, Джон.",,,
4792,Кентень Дюрвард или Шотландец при дворе Людовика XI: Исторический роман. Ч. 1-4.,"СКОТТ, Вальтер. ",Квентин Дорвард; Квентин Дурвард; Шотландский стрелок.,,
4793,Кентерберийские рассказы.,"ЧОСЕР, Джеффри.",,,
4794,Кепка с большим козырьком.,"ТРИФОНОВ, Юрий Валентинович.",,,
4795,Кержачка: Повесть.,"ЯКОВЛЕВ, Альберт Сергеевич.",,,
4796,Керженец: Стихи.,"АДРИАНОВ, Юрий Андреевич.",,,
4797,Керзон: Рассказы Семена Юдаича.,"ИЛЬИНСКИЙ, Федор Владимирович.",,,
4798,Керим: Поэма.,"ЖАРОВ, Александр Алексеевич.",,,
4799,Керосиновые лампы: Стихи.,"РЕШЕ-ТОВ, Амфиан.",,,
4800,Керченские километры: Очерки.,"МАКОВЕЦКИЙ, Василий Яковлевич.",,,
4801,Кесарево — кесареви: Юмористические рассказы.,"БУХОВ, Аркадий Сергеевич.",,,
4802,Кесарь Адриан: Исторический роман.,"ШАХОВСКАЯ, Людмила Дмитриевна.",,,
4803,Кесарь и Галилеянин: Мировая драма. В 2-х ч.,"ИБСЕН, Генрик.",,,
4804,Кетэ: Биографический рассказ о Кетэ Нидеркирхнер по записям и рассказам ее сестры Мии.,"ПАНИЦ, Эберхард.",,,
4805,Кецховели: Роман.,"ЛИСАШВИЛИ, Иакинте.",,,
4806,Кеша и хитрый бог: Повесть.,"ПЕЧЕРСКИЙ, Николай Павлович.",,,
4807,Кешин друг.,"МЕЩЕРЯКОВ, Тимофей Степанович.",,,
4808,Кешка.,"КОРЫТКОВСКАЯ, Антонина.",,,
4809,Кешка и Василек: Повести.,"СОБОЛЕВ, Анатолий Пантелеевич.",,,
4810,Кешка-партизан: Повесть.,"КАРТАВЫЙ, Николай Павлович.",,,
4811,Кештомские строки.,"КОЧКИН, Александр Сергеевич.",,,
4812,Кзыл-ат: (Красный конь). Поэма.,"СЕЙФУЛЛИН, Сакен.",,,
4813,Киабрхунское утро: Рассказы.,"ЛАСУ-РИА, Алексей Едгеевич.",,,
4814,Кибериада.,"ЛЕМ, Станислав. ",,Непобедимый...,
4815,"Кибун Дейзин: История японского мальчика, захотевшего сделаться главным купцом в Японии. Повесть.","МУРАИ, Джен-зей (МУРАИ Дзэнсай).",,,
4816,Кивандинское сокровище: Комедия в 4-х д.,"ПЕРСИЯНИНОВА, Н. Л.",,,
4817,Киви: Рассказ.,"ЧЕГЛОК, Александр.",,,
4818,Киевляне.,"ГОРОДСКОЙ, Яков.",,,
4819,"Киевская ведьма в тереме великокняжеском или Ужасное мщение Рогнеды, дочери полоцкого князя: Русская историческая быль времен Владимира Красного Солнышка.","П... В, В. (ПОТАПОВ, Василий Федорович).",,,
4820,Киевская Нана: Сенсационный роман-быль из местной жизни. Вып. I.,"НЕРАДОВ, И. И.",,,
4821,Киевская сказка про деда Неурожай-ка и бабусю Недоимку.,"МЕНЧИЦ, Владимир А.",,,
4822,Киевская тетрадь: Драма в 3-х д.,"СОБКО, Вадим Николаевич.",,,
4823,Киевские встречи: Воспоминания. Новеллы.,"КРОТЕВИЧ, Евген (КРОТЕВИЧ, Евгений Максимович).",,,
4824,Киевские клены.,"ВОРОНЬКО, Платон Никитич.",,,
4825,Киевские кручи: Стихотворения.,"ДМИТЕРКО, Любомир Дмитриевич.",,,
4826,Киевские ночи: Роман.,"ЖУРАХО-ВИЧ, Семен Михайлович.",,,
4827,Киевские охотники.,"ОГИЕВСКИЙ, Михаил.",,,
4828,Киевские рассказы.,"БЕЛИНСКИЙ, Максим (ЯСИНСКИЙ, Иероним Иеронимо-вич).",,,
4829,Киевские рассказы.,"ЯНОВСКИЙ, Юрий Иванович.",,,
4830,Киевские стихи.,"ГОРОДСКОЙ, Яков.",,,
4831,Киевские типы.,"КУПРИН, Александр Иванович.",,,
4832,Киевский набат: Вып. 1-2.,"ЛЕ-НУАР, Грегуар (БОСТУНИЧ, Григорий).",,,
4833,Кижские рассказы.,"ПУЛЬКИН, Виктор Иванович.",,,
4834,Кизиловый костер.,"АМИРОВ, Лазарь Вениаминович.",,,
4835,Кизиловый куст.,"РУСИНЕВИЧ, Константин Владимирович.",,,
4836,Кизиловый отсвет: Стихи и поэма.,"КУЛИЕВ, Кайсын Шуваевич.",,,
4837,Кизлярские рассказы.,"АРТЮХОВ, Василий Иванович.",,,
4838,Кик: Роман-комплекс.,"ШАГИНЯН, Мариэтта Сергеевна.",,,
4839,Киквидзе: [Повесть].,"ДАРМАНЯН, Петр Эммануилович. ",Начдив Киквидзе.,,
4840,Киквидзе: Романтическая поэма.,"ДАРАСЕЛИ, Ванион Алексеевич.",,,
4841,Кикимора: Комедия в 3-х д.,"ИЛЬИНСКИЙ, Федор Владимирович.",,,
4842,Кикимора: [Рассказы].,"ШИШКОВ, Вячеслав Яковлевич.",,,
4843,Кикос: Повести.,"ДАРБИНЯН, Мате-вос К.",,,
4844,Киликушка: [Рассказы].,"УРМАНОВ, Кондратий Никифорович.",,,
4845,Кильмек и выдра: Рассказ.,"ЧЕГЛОК, Александр.",,,
4846,Киля и Косой.,"СЕЛЕЗНЕВА, Евгения Николаевна.",,,
4847,Килярнское озеро: Повесть в 3-х ч.,"ПОРТЕР, Анна Мария.",,,
4848,Ким: Повесть.,"КИПЛИНГ, Редьярд.",,,
4849,Кимвал мира; Новые забавы.,"ДЕ-ПЕРЬЕ, Бонавентур.",,,
4850,Кимоно: Роман.,"ПЭРИС, Джон.",,,
4851,Кин или Беспутство и гений: Комедия в 5-ти д.,"ДЮМА, Александр (отец).",,,
4852,"Кингсблад, потомок королей.","ЛЬЮИС, Синклер.",,,
4853,Кинельм Чиллингли.,"БУЛЬВЕР-ЛИТ-ТОН, Эдуард (БУЛВЕР-ЛИТТОН, Эдуард Джордж).",,,
4854,Кинематограф: 8 картин.,"УРВАН-ЦОВ, Николай Николаевич.",,,
4855,Кинематограф: Книга стихов.,"ЛЕВИ-ТАНСКИЙ, Юрий Давыдович.",,,
4856,Кинематограф «Мадагаскар».,"ГРИ-ГОРЕСКУ, Иван.",,,
4857,Кинематограф супружества: (Очаровательный тиран). Комедия-шутка в 1-м д. Последняя сенсационная новость.,"АЛЕКСАНДРОВИЧ, Ал. (Ч-Н) (ГОНЧАРЕНКО, Александр Александрович).",,,
4858,Кинемодрама: (Не для кинематографа). Оккультная повесть из цикла идей «Вечного возвращения».,"УСПЕНСКИЙ, Петр Демьянович.",,,
4859,Кинемо-трюк: Картинка с натуры в 1-м д.,"ЖДАРСКИЙ, И. (ДАНСКИЙ, Иван Иванович).",,,
4860,Кинжал: Драма в 4-х актах.,"ЛАВРЕНЕВ, Борис Андреевич.",,,
4861,Кинжал: Новейший роман.,ЛА МОТТ ФУКЕ ,,,
4862,Кинжал: Повести.,"МАГОМЕДОВ, Муса Абдуллаевич.",,,
4863,Кинжал малайца или Охотник на тигров: Из ост-индских рассказов.,Имя авт. не установлено.,,,
4864,Киноактер: Рассказы.,"БЕРКОВИЧИ, Конрад.",,,
4865,Киноварь: Стихи и поэмы.,"КЕНИН-ЛОПСАН, Монгуш Борахович.",,,
4866,Киноварь на золоте.,"ФИБИХ, Даниил Владимирович.",,,
4867,Кино-герой: Водевиль в 1-м д.,"ТО-МИСС, Тамара Константиновна.",,,
4868,Киногроза: Роман.,"ШТРАЦ, Рудольф (ШТРАТЦ, Рудольф).",,,
4869,Киноландия: Роман.,"ГОМЕС ДЕ ЛА СЕРНА, Рамон.",,,
4870,Кинолента: Стихи.,"КУДРЕЙ КО, Анатолий.",,,
4871,Кинороман: Комедия в 3-х д. с прологом.,"КАЙЗЕР, Георг.",,,
4872,Киношка.,"МЕДВЕДЕВ, А.",,,
4873,Киношники: Повесть и рассказы.,"ПОЛТОРАЦКИЙ, Виктор.",,,
4874,Кинь грусть: Рассказы.,"РЫЖОВ, Иван Алексеевич.",,,
4875,Кинэ: Повесть.,"ЧИСПИЯКОВ, Федор Степанович.",,,
4876,Кио ку мицу!: Совершенно секретно — при опасности сжечь! Роман-хроника.,"КОРОЛЬКОВ, Юрий Михайлович.",,,
4877,"Кио-Хако, японский король сыщиков.","ГЛАДКОВ, Василий Александрович.",,,
4878,«Кипарисный царь» и другие рассказы.,"КАРАСКЕВИЧ-ЮЩЕНКО, Стефания Степановна.",,,
4879,"Кипарисовый ларец: Вторая книга стихов, посмертная.","АННЕНСКИЙ, Иннокентий Федорович.",,,
4880—4881,Кипень-озеро:     Рассказы.,"КУЗЬМИНОВ, Николай Васильевич.",,,
4882,Кипенье.,"ПРОХОРОВ, Виктор Прохорович.",,,
4883,Кипучие годы: Роман.,"КУРАКИН, Петр Григорьевич.",,,
4884,Кипчакская стезя: Историческая повесть.,"ПЛАШЕВСКИЙ, Юрий Павлович.",,,
4885,Кипяток.,"САВЕЛЬЕВ, Леонид.",,,
4886,Кипящие будни: Стихи и очерки.,"СИНАНИ, Ф.",,,
4887,Кипящий горшок: Комедия в 4-х д.,"СИНКЛЭР, Эптон (СИНКЛЕР, Эптон). ",Отец семейства.,,
4888,Кипящий горшок: [Роман].,"ЗОЛЯ, Эмиль.",,,
4889,Кир из «Порт-Артура»: Роман.,"ПОПОВ, Борис Николаевич.",,,
4890,Кира Киралина: Роман.,"ИСТРАТИ, Панаит.",,,
4891,Кирасир Кювелье.,"ДЮАМЕЛЬ, Жорж.",,,
4892,Киргиз: Поэма.,"ЗЕЛИНСКИЙ, Густав.",,,
4893,Киргиз-Кайсак: Повесть. Ч. 1-2.,"УШАКОВ, Василий Аполлонович.",,,
4894,Киргиз-Кайсак:   Стихотворение.,"МОЛЧАНОВ, Николай Иванович.",,,
4895,Киргизская весна: Стихи.,"ВОЛО-БУЕВА, Ирина.",,,
4896,Киргизские напевы: Стихи.,"УМЕ-ТАЛИЕВ, Темиркул Уметалиевич.",,,
4897,Киргизский пленник: Повесть в стихах. (Взята с истинного происшествия Оренбургской линии).,"МУРАВЬЕВ, Николай Назарович.",,,
4898,"Киргизстан, край мой отчий: Стихи и поэмы.","МАЛИКОВ, Кубанычбек Има-налиевич.",,,
4899,Кирджали; Сцены из рыцарских времен.,"ПУШКИН, Александр Сергеевич.",,,
4900,Киреевы: Роман.,"ВОДОПЬЯНОВ, Михаил Васильевич.",,,
4901,Кирей Телишевич: Поэма провинциальной службы.,"НЕВИНСКИЙ, Ив.",,,
4902,Кириак: Рассказ из загробного мира.,"КАРЫШЕВ, Иван А.",,,
4903,Кирик и Аленка: Рассказы.,"ПОЛУЯНОВ, Иван Дмитриевич.",,,
4904,Кирила Петров и Настасья Дмитрова: Повесть.,"КОХАНОВСКАЯ (СОХАНСКАЯ, Надежда Степановна).",,,
4905,Кирилка.,"ГОРЬКИЙ, Максим.",,,
4906,Кирилл: Быль.,"БАЛЛАС, Мэри. ",,Аргонавты идеала...,
4907,Кирилл Дорош идет!...: Из «Невыдуманных рассказов о войне».,"ХОЛОПОВ, Георгий Константинович.",,,
4908,Кирилыч: Повесть.,"МЕЙ, Лев Александрович.",,,
4909,Киров: Три повести.,"БАЖАН, Микола Платонович.",,,
4910,Киров на Невдубстрое: Поэма.,"ПОПОВА, Людмила Михайловна.",,,
4911,Киров с нами: Поэма.,"ТИХОНОВ, Николай Семенович.",,,
4912,Кирову: Лирическая поэма.,"АДА-ЛИС, А.",,,
4913,Кирпичик.,"КРЕМНЕВ, Георгий Моисеевич.",,,
4914,Кирпичики: Пьеса в 1-м д.,"ГРАЧЕВ-СКИЙ, Юрий Маркович.",,,
4915,Кирпичница Мотя.,"КАРМЕН, Л. О. ",,Кусочек сна...,
4916,Кирсан.,"УРЯДОВ, Григорий Евдокимович.",,,
4917,Кирюша из Севастополя: Черноморская повесть-хроника времен Отечественной войны.,"ЮНГА, Евгений.",,,
4918,Кирюша-приемыш: Рассказ из быта именуемых старообрядцев.,"СВЕТОЗАРОВ, Федор.",,,
4919,Кирюшина победа: Пьеса в 3-х д.,"КУМАЧ (ЛЕБЕДЕВ-КУМАЧ, Василий Иванович) .",,,
4920,Киря Баев: Поэма.,"МАРТЫНЕНКО, Валентин Григорьевич.",,,
4921,"Кисейная барышня или Где мед, там и мухи: Комедия в 4-х актах.","РЕЗЕДА, Анатолий (ГОЛУБИН, Петр).",,,
4922,Кисельные берега: Повесть в стихах.,"КУБЫШКИН, Михаил Павлович.",,,
4923,Кисловцы.,"ДРЖЕВЕЦКИЙ, Генрих (ДЖЕВЕЦКИЙ, Хенрик).",,,
4924,Кислородная подушка: Рассказы и фельетоны.,"ДАГЛЫ, Сейфеддин.",,,
4925,Кисть: Новая книга.,"ФОЛОМИН, Федор Петрович.",,,
4926,Кисынька: Этюд в 1-м д.,"ИВАНОВ, Лев Львович.",,,
4927,Кит — рыба кусачая.,"ПОЛИВИН, Николай Георгиевич.",,,
4928,Китаец Си-Юб: Рассказ.,"БРЕТ-ГАРТ, Фрэнсис.",,,
4929,Китай-город: Роман. Т. 1-2.,"БОБОРЫКИН, Петр Дмитриевич.",,,
4930,Китайская грамота.,"БЕДНЫЙ, Демьян.",,,
4931,Китайская   граница:   Рассказы.,"СМИРНОВ, Олег Павлович.",,,
4932,Китайская   красавица  и три цирюльника: Арабская                   сказка.,"МАРРИЭТ, Фредерик.",,,
4933,Китайская невольница: Шутка в 1-м д.,"ЛИСЕНКО-КОНЫЧ, Иван Кононович.",,,
4934,Китайская повесть.,"ПИЛЬНЯК, Борис.",,,
4935,Китайская судьба человека: Повесть.,"ПИЛЬНЯК, Борис, РОГОЗИНА, А.",,,
4936,Китайские  миллионы:      Роман.,"ЛЬВОВ, А. Изд. ",,,
4937,Китайские новеллы.,"ЭРДБЕРГ, Оскар.",,,
4938,Китайские пираты: Рассказ из мор- ского быта.,"МИЛИУС, Отфрид.",,,
4939,Китайские повести.,"СЕРОШЕВ-СКИЙ, Вацлав.",,,
4940,Китайские рассказы.,"СТРАУЯН, Ян Яковлевич.",,,
4941,Китайские силуэты: С записной книжкой по следам гражданской войны.,"ИЕРИ-ХОНОВ, Я. [!] (ИЕРИХОНОВ, Леонид Леонидович).",,,
4942,Китайские судьбы.,"СМЭДЛИ, Аг-неса (СМЕДЛИ, Агнес).",,,
4943,Китайские тени; Когда цветет вишня: Рассказы.,"СОБОЛЬ, Андрей.",,,
4944,Китайские тени: [Рассказы].,"ТОЛСТОЙ, Алексей Николаевич.",,,
4945,Китайские тени: Роман.,"МАТЖИОН (ПУВУРВИЛЬ, Альбер де).",,,
4946,Китайские тени: Роман.,"ГНЕДИЧ, Петр Петрович.",,,
4947,Китайский болванчик: Рассказы.,"ХОВАНСКАЯ, Анна (ШЕФЕР, Анна Семеновна).",,,
4948,Китайский рисунок: Стихи.,"ШИВА-ЗА, Ясыр Джумазович.",,,
4949,Китайский секрет.,"ДАНЬКО, Елена Яковлевна.",,,
4950,Китайцы.,"МИЛЛЬ, Пьер.",,,
4951,Китайцы и американцы.,"МАМИН-СИБИРЯК, Дмитрий Наркисович.",,,
4952,Китайчата.,"РОУ, Дороти.",,,
4953,Китайчонок Ван-Ли.,"БАРТО, Агния Львовна.",,,
4954,Китаянка и Трансваль: Песни молодой вдовы.,"ТЯЖЕЛОИСПЫТАННЫЙ (ПРОХОРОВИЧ, Андрей Васильевич).",,,
4955,Китаянка Лю-шу: Очерки из жизни Дальнего Востока.,"ТАЕЖНЫЙ, Д. О.",,,
4956,Китеж: Стихи.,"ШАПОШНИКОВ, Вячеслав Иванович.",,,
4957,Кити Пуст; Маленькое чудовище.,"АВЕРЬЯНОВА, Е. А.",,,
4958,"«Китобой, Корейка Маша» и другие рассказы.","МАКСИМОВ, Александр Яковлевич.",,,
4959,Китобой: Рассказы.,"ПЕТРОВ-ГРУ-МАНТ, Михаил Степанович.",,,
4960,Китоглав.,"ЧЕГЛОК, Александр.",,,
4961,Китолов: Как он сделался китоловом и что при этом узнал и пережил. Рассказ.,"ГОРН, В. О. фон (ЭРТЕЛЬ, Вильгельм) .",,,
4962,Китти.,"МОГЭМ, Сомерсет (МОЭМ, Вильям Сомерсет).",,,
4963,«Киф тебби»: (Как тебе угодно!). Африканский роман.,"ЦУККЕЛИ, Лучиано (ЦУККОЛИ, Лючиано).",,,
4964,Киця: С натуры.,"ПОЗНЯКОВ, Николай Иванович.",,,
4965,"Кичей, покаявшийся разбойник: (Полесская быль).","ИКСКУЛЬ, К.",,,
4966,Кичливая и счастливая.,"ПОЗНЯКОВ, Николай Иванович.",,,
4967,Кичливая ракета.,"УАЙЛЬД, Оскар.",,,
4968,Кишиневские встречи.,"СЕМЕНОВСКИЙ, Константин Сергеевич.",,,
4969,Кишлак в схватке: Очерки и рассказы.,"КЛОСС, Александр Иосифович.",,,
4970,Кишлак в ущелии.,"ЯСЕНСКИЙ, Бруно.",,,
4971,"Клава, мать пиратская: Рассказы.","ГУЦАЛО, Евген (ГУЦАЛО, Евгений Филиппович) .",,,
4972,Клава Назарова: Повесть.,"МУСАТОВ, Алексей Иванович.",,,
4973,Клавдий и Клавдина или Любовь в деревне.,"РОСНИ, Иосиф (РОНИ, Антуан Жозеф).",,,
4974,Клавдичка: Повесть.,"МОРОЗОВА, Вера Александровна.",,,
4975,Клавдия: Повесть.,"ЧЕРТОВА, Надежда Васильевна.",,,
4976,Клавдия: [Рассказы].,"УРИН, Дмитрий Эрихович.",,,
4977,Клавдия и Тонечка: Рассказы.,"ПАВЛОВ, Николай Васильевич.",,,
4978,Клавдия Петрова: Документальная повесть.,"ГАШИН, Иван Александрович.",,,
4979,Клавель солдат: Роман.,"ВЕРТ, Леон.",,,
4980,Клавиго: Трагедия.,"ГЕТЕ, Иоганн Вольфганг.",,,
4981,Клавиши: Стихи.,"ГРУДЕВ, Игорь Тимофеевич.",,,
4982,Клавиши: [Стихи].,"ДЬЯЧЕНКО, Василий Ефимович.",,,
4983,Клавка Уразова: Повесть.,"ЕРОШ-КИНА, Зоя Алексеевна.",,,
4984,Клад: Историческая повесть из времен Великого Новгорода.,"ТЕПЛОВ, Константин Александрович.",,,
4985,Клад: Историческая повесть из жизни XVIII века.,"ИРАСЕК, Алоис.",,,
4986,Клад: Комедия в 4-х д.,"ПИНСКИЙ, Давид.",,,
4987,Клад: Народный рассказ.,"КОВА-ЛЕНСКАЯ, Александра Григорьевна.",,,
4988,Клад: Народный рассказ.,НЕВЬЕВ.,,,
4989,Клад: Повести.,"ПЕРТТУ, Пекка.",,,
4990,Клад: Повести.,"ШЕНГЕЛАЯ, Демна Константинович.",,,
4991,Клад: Повесть.,"БОЧКАРЕВ, Борис Иванович.",,,
4992,Клад: Повесть для детей.,"МИН-ЦЛОВ, Сергей Рудольфович.",,,
4993,"Клад: Повесть о юных пионерах, их жизни, подвигах и приключениях.","ЮРЕ-ЗАНСКИЙ, Владимир.",,,
4994,Клад: Пьеса в 2-х д.,"ЕЛЕНСКИЙ, Николай Октавиевич.",,,
4995,Клад: Пьеса в 3-х д.,"ШВАРЦ, Евгений Львович.",,,
4996,Клад: [Рассказ].,"АЛЕКСАНДРОВ, Александр (ДУРОВА, Надежда Андреевна).",,,
4997,Клад: [Рассказ].,"АРХАНГЕЛЬСКАЯ, Маргарита Васильевна.",,,
4998,Клад: Рассказ.,"КАРПОВ, Павел Яковлевич.",,,
4999,Клад: Рассказ.,"ЛУКАНИНА, А. (ПАЕВСКАЯ, Аделаида Николаевна).",,,
5000,Клад: [Рассказ].,ЭРКМАН-ШАТ-РИАН. ,,Царица пчел...,
5001,Клад: Рассказ странника.,"ОЛЬГА N (ЭНГЕЛЬГАРДТ, Софья Владимировна).",,,
5002,Клад: Роман.,"АХУНОВ, Тариф Ахун-зянович.",,,
5003,Клад: Роман.,"ИЩЕНКО, Николай Григорьевич.",,,
5004,Клад: Роман.,"ПАЗУХИН, Алексей Михайлович.",,,
5005,Клад: Роман и повесть.,"БАЙРАМОВ, Байрам Салман-оглы.",,,
5006,Клад: (Сказка).,"БЕДНЫЙ, Демьян.",,,
5007,Клад: Сказка.,ЩУКИН.,,,
5008,"Клад: Сказка в стихах о безземель- 6* 83 ном крестьянине Еремее, деревенском кузнеце Якуне, о попе, мельнике, князе и 3 богатырях.","НЕЗЛОБИИ, Николай Иванович.",,,
5009,Клад: Сказочная быль. М.,"А. К. (КАРЛИН, М. А.).",,,
5010,Клад: Стихи.,"ФЕФЕР, Ицик.",,,
5011,Клад; Счастливая мельница.,"СЛАВИН, Ион (СЛАВИН, Иоан).",,,
5012,Клад: [Фантастический рассказ].,"ТА-БУРНО, Иероним Павлович. ",,Воспоминания повстанца...,
5013,Клад атамана: Историческая повесть.,"БАХРЕВСКИЙ, Владислав Анатольевич.",,,
5014,Клад в лесу: Пьеса-сказка в 3-х карт.,"РЕРБЕРГ, Софья Ивановна.",,,
5015,Клад в могиле: Волшебная повесть.,Имя авт. не установлено.,,,
5016,Клад Волчьего колодца: Повесть.,"ПИСЬМЕННАЯ, Лариса Михайловна.",,,
5017,Клад дворянина Собакина: Трагикомедия наших дней в 4-х д.,"АРХИПОВ, Николай.",,,
5018,Клад золотых огней.,"ШУР, Михаил Маркович.",,,
5019,«Клад» и другие рассказы.,"ТАМ-МСААРЕ, Антон.",,,
5020,Клад или Что на свете дороже золота: Быль.,Имя авт. не установлено.,,,
5021,Клад карбона.,"РОЗАНОВ, Сергей Константинович.",,,
5022,Клад Кудеяра: Очерки.,"ВОЛКОВ, Олег Васильевич.",,,
5023,Клад мистера Бришера: Рассказы.,"УЭЛЛС, Герберт Джордж.",,,
5024,Клад на Алчедате.,"ЧУГУНОВ, Владимир Михайлович.",,,
5025,Клад Наполеона.,"ЦЫБИЗОВ, Владимир Дмитриевич.",,,
5026,Клад-озеро: Повесть.,"ЧЕБАЕВСКИЙ, Николай Николаевич.",,,
5027,Клад погребенного моря.,"ПУДА-ЛОВ, Федор Моисеевич.",,,
5028,Клад под старой липой.,"БАЙДЕРИН, Виктор Александрович.",,,
5029,Клад пустыни Кара-Кум.,"РОЗЕН-ФЕЛЬД, Михаил Константинович.",,,
5030,Клад Сиерры-Мадре.,"ТРАВЕН, Бруно. ",Сокровища Сьерры Мадре.,,
5031,Клад старого Матвея: Рассказ.,"МИР-СКИЙ, С. (ЗАИКА, Семен Семенович).",,,
5032,Клад Стеньки Разина: Народная сказка-предание.,"ЦЕЙХЕНШТЕЙН, Петр Семенович.",,,
5033,Клад Черной Пустыни: Повесть о каракумской сере.,"ЗУЕВ-ОРДЫНЕЦ, Михаил Ефимович.",,,
5034,Кладбища лесных владык: Рассказ.,"СОЛОВЬЕВ, М. А.",,,
5035,Кладбище.,"ГОРЬКИЙ, Максим. ",,Нилушка...,
5036,Кладбище мамонтов: Повесть.,"ГУМИЛЕВСКИЙ, Лев Иванович.",,,
5037,Кладбище страстей: Рассказы. Кн. I.,"ГОРОДЕЦКИЙ, Сергей Митрофанович.",,,
5038,Кладбищенские привидения: Рассказ.,"ЙОКАЙ, Мавр (ЙОКАЙ, Мор).",,,
5039,Кладбищенские соловьи.,"ДОДЭ, Альфонс (ДОДЭ, Альфонс). ",,Зеркало...,
5040,Кладезь Мудрецов: Легенда.,"ЛА-ГЕРЛЕФ, Сельма.",,,
5041,Кладезь чудес: Роман.,"ШАМСОН, Андре.",,,
5042,Кладень: Стихи.,"КИКИН, Дмитрий Борисович.",,,
5043,Кладка: Стихи.,"КРУТОВ, Герман Васильевич.",,,
5044,Кладовая памяти.,"КОНЧАЛОВСКАЯ, Наталья Петровна.",,,
5045,Кладовая солнца: Рассказы.,"ПРИШВИН, Михаил Михайлович.",,,
5046,Кладовуха: Стихи.,"КУНИЦЫН, Александр Васильевич.",,,
5047,Кладоискатели:    (Очерки Придне- провья).,"ЛОМАКИН, Игнатий Семенович.",,,
5048,Кладоискатели: Рассказ.,"УЭЛЛС, Герберт Джордж.",,,
5049,Кладоискатели: Роман.,"РАСКАТОВ, М.",,,
5050,"Кладоискатели: Стихи, поэма.","БУРАВЛЕВ, Евгений Сергеевич.",,,
5051,Кладомира или Жрица Ирмен-зула: Мелодрама в 3-х д.,"ЛЕМЕР, Анри, НОЕЛЬ, П. Ж.",,,
5052,Клады великой Сибири: Роман.,"ОРЛОВЕЦ, П.",,,
5053,Клады заветные.,"ЛЕБЕДЕВ, Александр Георгиевич.",,,
5054,Клады и загадки Таймыра.,"УСПЕНСКИЙ, Владимир Дмитриевич.",,,
5055,Клады Хрусталь-горы: Сказы и были.,"ВЛАСОВА, Серафима Константиновна.",,,
5056,Клапачек женится: Непритязательная комедия в 3-х актах.,"ДАНЕК, Олдржих.",,,
5057,Клара Вир: Повесть.,"ШПИЛЬГА-ГЕН, Фридрих.",,,
5058,"Клара Дюплесси и Кларант: История одной фамилии, выходцев французских. Ч. 1-3.","ЛАФОНТЕН, Август Генрих Юлий.",,,
5059,Клара или Награжденная добродетель.,"КЛАУРЕН, Генрих.",,,
5060,Клара Милич: [Повесть].,"ТУРГЕНЕВ, Иван Сергеевич.",,,
5061,Клара Штейнберг: Драма в 5-ти д. (Из еврейской жизни).,"ТЕНЕРОМО, И.",,,
5062,Кларенс и Джульетта: Маленькая повесть.,"ХОЛЕНДРО, Дмитрий Михайлович.",,,
5063,Кларисса Мирабель; Сара Малькольм.,"ВАССЕРМАН, Якоб.",,,
5064,Кларктон: Роман.,"ФАСТ, Говард.",,,
5065,"Класс, в котором ничего не бывает: Повести.","РАЦИУ, Юлиу.",,,
5066,Классик и пижама.,"ЦУГУЛИЕВА, Елена Александровна.",,,
5067,Классик и романтик или Не в том сила: Комедия в 1-м д. в стихах.,"МАСАЛЬСКИЙ, Константин Петрович.",,,
5068,Клаус Штертебекер: Драматическая баллада в 6-ти эпизодах с прологом и эпилогом.,КУБА.,,,
5069,Клаша Сапожкова: Повесть.,"ГОЛУБЕВА, Антонина Георгиевна.",,,
5070,Клевеланд и Фанни или Злоключения от ревности: Драма в 5-ти д.,Н. Р.,,,
5071,Клевета.,"ОЛЕНИН, Петр Алексеевич. ",,Великий вождь «Орлиные очи»...,
5072,Клевета: Драма в 3-х д.,"РАМАЗАНОВ, Виктор Викторович.",,,
5073,Клевета: Комедия в 5-ти д.,"СКРИБ, Эжен.",,,
5074,"Клевета: Сцены из провинциальной жизни, драма в 4-х д.","МИКУЛИН, Николай Николаевич.",,,
5075,Клевета и невинность: Драма в 4-х д.,"ФЕДОРОВ, Василий Михайлович.",,,
5076,Клеветник на том свете.,МИР-МУХСИН.,,,
5077,Клеветники: Драма в 5-ти д.,"КОЦЕБУ, Август Фридрих.",,,
5078,Клег Келли: Роман в 2-х ч.,"КРОКЕТТ, С. Р. (КРОККЕТТ, Самуэль Резерфорд) . ",Приключения маленького шотландца.,,
5079,Клеенчатая сумка: Рассказы.,"ИВА-НОВ-ПАЙМЕН, Влас Захарович.",,,
5080,Клеинсберги: Комедия в 4-х д.,"КОЦЕБУ, Август Фридрих.",,,
5081,Клейменая: Драма в 5-ти д.,"МИРО-СЛАВСКИЙ-ВИННИКОВ, К. П. (МИРО-СЛАВСКИЙ, Константин Павлович).",,,
5082,Клейменая: Повесть.,"ЛИНЕВ, Дмитрий Александрович.",,,
5083,Клейменный рыжий: Рассказ.,"ВЕР-ГА, Джованни.",,,
5084,Клеймо: Драма в 4-х актах.,"БОБОРЫКИН, Петр Дмитриевич.",,,
5085,Клеймо; Листопад; Мельница: Романы.,"ГЮНТЕКИН, Решад Нури.",,,
5086,Клеймо природы: Повесть и другие рассказы.,"НЕВЕЖИН, Петр Михайлович.",,,
5087,Клелия Конти: Роман. Ч. 1-3.,"ГАН-ГАН, Ида.",,,
5088,Клембье: Роман.,"ДАДЬЕ, Бернар Буа.",,,
5089,"Клен, барон и Агафон: (Вот какая штука!). Комедия в 1-м д.","РЫШКОВ, Виктор Александрович.",,,
5090,Кленовые листья: Новые стихи.,"БРОВКА, Петрусь.",,,
5091,Кленовые листья: Рассказы.,"ВОЛОХОВ, Федор Сергеевич.",,,
5092,Кленовые листья: Рассказы.,"СТЕФА-НИК, Василь Семенович.",,,
5093,Кленовые листья: Стихи.,"ГОЛОСОВ, Павел Павлович.",,,
5094,Кленовые листья: Стихи.,"КУРЛАТ, Иосиф Борисович.",,,
5095,Кленовый лист: Книга лирики.,"КОТОВ, Владимир Петрович.",,,
5096,Кленовый лист: Повесть.,"ЛЕ, Иван.",,,
5097,Кленовый лист: [Рассказы].,"ЧАК, Александр.",,,
5098,Кленовый листок.,"ЯН, Тамара Германовна.",,,
5099,Клены.,"ЗУРАБОВ, Армен Арамович.",,,
5100,Клены в цвету: Рассказы.,"СПИРИДОНОВА, Вера Ильинична.",,,
5101,Клены на окне: [Стихи и поэма].,"ТЯПАЕВ, Анатолий Прохорович.",,,
5102,Клео: Роман.,"ВЕРОНА, Гвидо да.",,,
5103,Клеопатра; Великая тень; Из дневника медленно умирающего человека; Возмутительный факт; Вскрытие: (Психологические этюды).,"ЕМЕЛЬЯНОВ-КОХАНСКИЙ, Александр.",,,
5104,Клеопатра: Исторический роман.,"ХАГГАРД, Райдер (ХАГГАРД, Генри РайДер). ","Клеопатра, египетская царица или Повествование о мщении Гармагиза, наследника престола фа- раонов, написанное его собственной рукой; Клеопатра или Повествование о мщении Гармагиза, наследника престола фараонов, написанное его собственной рукой.",,
5105,Клеопатра Египетская: Фарс в 1-м д.,"ИВАНОВ, Лев Львович.",,,
5106,"Клеопатра, египетская царица или Повествование о мщении Гармагиза, наследника престола фараонов, написанное его собственной рукой.","ГЕГАРД, Райдер (ХАГГАРД, Генри Райдер).",,,
5107,"Клеопатра или Повествование о мщении Гармагиза, наследника престола фараонов, написанное его собственной рукой: Роман.","ГЕГАРД, Райдер (ХАГГАРД, Генри Райдер).",,,
5108,Клепальщик.,"КУРГАНОВ, Евг.",,,
5109,Клепают токаря: [Отрывки из повести «К широкой дороге» («Игнат из Ново-селовки»)].,"БИБИК, Алексей Павлович.",,,
5110,Клептомания: Комедия-шутка в 1-м д.,"ГАРТУНГ, М.",,,
5111,Клерамбо.,"РОЛЛ АН, Ромен.",,,
5112,"Клервиль и Аделаида Сент-Албан или Заблужденный муж и добродетельная жена: Истинное, нравоучительное и достопамятное происшествие.",Имя авт. не установлено.,,,
5113,Клерикалы: (Сын Жибуайе). Комедия в 5-ти актах.,"ОЖЬЕ, Эмиль.",,,
5114,Клетка и птица: Старинная испанская интермедия. Гр.,"АЛЕКСИС ЖАСМИНОВ (БУРЕНИН, Виктор Петрович).",,,
5115,Клещ задумчивый: Диалектическое представление в 3-х кругах.,"ЛЬВОВ, Николай Иванович.",,,
5116,Клик.,"СОРОКИН, Валентин Васильевич.",,,
5117,Кликун-камень.,"МАРКОВА, Ольга Ивановна.",,,
5118,Кликуша: Поэма; Записки параноика: Психологический этюд.,"КОЛОВСКИЙ, С.",,,
5119,Клим Соболев: Исторический роман.,"ЧЕХОВ, Виктор Григорьевич.",,,
5120,Клименко: Рассказ.,ОРЛОВ,,,
5121,Клин клином: Комедия в 4-х д.,"ЛЕ-КАНОВ, Василий Дмитриевич.",,,
5122,Клинки и тачанки.,"ТИХОНОВ, Николай Семенович.",,,
5123,"Клинок: Лирика, песни, юмор, поэмы.","ФЕДОРОВ, Владимир Иванович.",,,
5124,Клинок: [Рассказы].,"РОДИЧЕВ, Николай Иванович.",,,
5125,Клинок: [Стихотворение].,"ДОЛИН, Владимир.",,,
5126,Клинок: Уральские очерки.,"КОСТИН, Иван Иванович.",,,
5127,Клинок без ржавчины: Рассказы.,"ЛОРДКИПАНИДЗЕ, Константин Александрович.",,,
5128,Клинок и роза: Стихи.,"ГАМЗАТОВ, Расул Гамзатович.",,,
5129,Клинок Уреньги: Сказы и были.,"ВЛАСОВА, Серафима Константиновна.",,,
5130,Клинок эмира.,"БРЯНЦЕВ, Георгий Михайлович.",,,
5131,Клинопись молний.,"ШИРМАН, Григорий.",,,
5132,Клиньянкурские ворота.,"РЕМИ, Тристан.",,,
5133,Клипер «Иоганна-Мария»: Повесть.,"СХЕНДЕЛ, Артур ",,,
5134,Клипер «Орион»: Роман.,"ЖЕМАЙ-ТИС, Сергей Георгиевич.",,,
5135,Клитгорд и Сыновья: Роман.,"КИРК, Ганс.",,,
5136,«Кловун»: Рассказ.,"АКУЛЬШИН, Родион Михайлович.              ",,,
5137,Клод Гё.,"ГЮГО, Виктор. ",Казнь Клода Ге.,,
5138,Клодина в Париже.,"ВИЛЛИ (WILLY) (КОЛЕТТ, Сидония Габриэль). ",,,
5139,Клодина в школе.,"ВИЛЛИ (WILLY) (КОЛЕТТ, Сидония Габриэль). ",,,
5140,Клодина замужем: (Дневник Анны).,"ВИЛЛИ (WILLY) (КОЛЕТТ, Сидония Габриэль). ",,,
5141—5142,Клодина уходит.,"ВИЛЛИ (WILLY) (КОЛЕТТ, Сидония Габриэль). ",,,
5143,Клодиус Бомбарнак: Записная книжка репортера.,"ВЕРН, Жюль.",,,
5144,Клок сена.,"ПОПОВ, Георгий Леонтьевич.",,,
5145,Клокотала Украина: Роман.,"ПАНЧ, Петро.",,,
5146,Клоп: Феерическая комедия. 9 карт.,"МАЯКОВСКИЙ, Владимир Владимирович.",,,
5147,Клопадья: Юмористические рассказы.,"ЦУГУЛИЕВА, Елена Александровна.",,,
5148,Клотильда: Рассказы.,"ГАРИН, Н. (ГАРИН-МИХАЙЛОВСКИЙ, Николай Георгиевич) .",,,
5149,Клотильда: Роман в 2-х ч.,"КАРР, Альфонс Жан.",,,
5150,Клотильда Мартори: Роман.,"МАЛО, Гектор.",,,
5151,Клоун.,"КЕЛЛЕРМАН, Бернгард.",,,
5152,Клоун Як.,"БЕРГМАН, Ялмар.",,,
5153,Клочок земли: Повести.,"ВИШНЕВСКИЙ, Давид Кельманович.",,,
5154,Клочок земли: Рассказы.,"ХИЛЛИАРД, Ноэль.",,,
5155,Клочок счастья: Пьеса в 1-м д.,"ЭРМАНС, Виктор Константинович.",,,
5156,Клочья.,"ВИНОКУРОВ, Семен Андреевич.",,,
5157,Клочья нервов: Собрание стихотворений. Кн. I.,"ЖИВОТОВ, Николай.",,,
5158,Клочья паутины: Рассказы.,"МОРСКОЙ, А. А.",,,
5159,Клочья тьмы на игле времени: Фантастический роман.,"ЕМЦЕВ, Михаил Тихонович, ПАРНОВ, Еремей Иудович.",,,
5160,Клуб гашишистов; Тысяча вторая ночь; Павильон на воде: Рассказы.,"ГОТЬЕ, Теофиль.",,,
5161,Клуб донкихотов: Повесть.,"УСОВА, Надежда Трофимовна.",,,
5162,Клуб дыбом: Пьеса в 2-х карт.,"ТВЕРДЫЙ, В.",,,
5163,Клуб египетских инженеров: Из жизни американских школьников. Повесть.,"БОНД, Александр Руссель.",,,
5164,Клуб «живодеров»: Из приключений короля германских сыщиков Франка Гардинга.,Имя авт. не установлено.,,,
5165,Клуб знаменитых капитанов: (Тайна покинутого корабля).,"КРЕПС, Владимир Михайлович, МИНЦ, Климентий Борисович.",,,
5166,"Клуб знаменитых капитанов: Фантастическая история, записанная гусиным пером в клеенчатых тетрадях, с приложением частной переписки одного городского воробья с конструктором планетоходов серии ВВН.","КРЕПС, Владимир Михайлович, МИНЦ, Климентий Борисович.",,,
5167,Клуб изобретательных людей.,"ЧЕСТЕРТОН, Гильберт К. (ЧЕСТЕРТОН, Джильберт Кейт). ",Клуб удивительных промыслов.,,
5168,"Клуб изумительных изобретателей или Веселая повесть о том, как незначительный элемент, паяльников подмастерье Филька Ежик, вырос в глазах окружающих в значительную величину всесоюзного масштаба: Записал, очевидно, со слов секретаря изобретательского клуба.","БОГДАНОВ, Николай Владимирович.",,,
5169,Клуб интеллигентов.,"ПАКАЛЬНИС, Антанас.",,,
5170,Клуб исследователей: Школьная повесть.,"ЧУМАЧЕНКО, Ада Артемьевна.",,,
5171,Клуб козицкого дворянства.,"БАСА-НИН, Марк (ЛЕМАН, Лидия Алексеевна).",,,
5172,Клуб обманутых мужей: Фарс в 3-х д.,"ДЮМА, Альфонс.",,,
5173,Клуб самоубийц: Из приключений знаменитого сыщика Франсуа Питаваля.,Имя авт. не установлено.,,,
5174,Клуб самоубийц: Рассказ.,"СТИВЕНСОН, Роберт Льюис.",,,
5175,Клуб самоубийц: Роман с прологом и эпилогом в XXX гл.,ШИМАН-ЯНЦ.,,,
5176,Клуб тетушки Сидони: Историческая повесть.,"ФЕЛИЧЕ, Арт. (ЯМЩИКОВА, Людмила Андреевна).",,,
5177,Клуб трех поколений: Повесть.,"ВА-ДЕЦКИЙ, Борис Александрович.",,,
5178,Клуб удивительных промыслов.,"ЧЕСТЕРТОН, Гильберт К- (ЧЕСТЕРТОН, Джильберт Кейт).",,,
5179,Клуб червонных валетов или Похождения Рокамболя: (Парижские драмы). Роман.,"ПОНСОН ДЮ ТЕРРАЙЛЬ, Пьер Алексис де.",,,
5180,Клуб эротоманов.,"ПЛЕТНЕВ, Алексей Петрович.",,,
5181,Клуб ЮЭТ.,"МИХЕЕВ, Михаил Петрович.",,,
5182,Клубная легенда: Рассказы.,"БЛЭК, Вильям.",,,
5183,Клубные водевили.,"ПОПОВСКИЙ, Александр Данилович.",,,
5184,Клубок змей: Роман.,"МОРИАК, Франсуа.",,,
5185,Клубок осени: Стихи.,"ПОЛОНСКИЙ, Яков.",,,
5186,Клумба Бобрика: Пьеса в 4-х д.,"ВЕЙНБЕРГ, Павел Павлович.",,,
5187,Клэр Тэссель: Женщина-адвокат. Роман.,РОНИ-,,,
5188,"Клюква в сахаре: Сатирические и юмористические стихи, рассказы, пародии.","ЛИФШИЦ, Владимир Александрович.",,,
5189,Ключ: Лирическая драма в 2-х ч.,"ВОЛЧЕНКО, Надежда.",,,
5190,Ключ: Стихи.,"МУСТАФИН, Камиль Ахмадиевич.",,,
5191,Ключ в дверях: Рассказы.,"ЧАГО-ВЕЦ, Валентин Данилович.",,,
5192,Ключ-город: Повести.,"ВЕРЕСОВ, Александр.",,,
5193,Ключ-город — Смоленск: Роман.,"АРИСТОВ, Владимир Павлович.",,,
5194,Ключ дружбы.,"ЕФЕТОВ, Марк Си-мович.",,,
5195,Ключ жизни: Повести. Рассказы. Воспоминания.,"РАГИМОВ, Сулейман Гусейн оглы.",,,
5196,Ключ земли: Уральские сказы.,"БАЖОВ, Павел Петрович.",,,
5197,Ключ к сердцу: Рассказы.,"КАРБОВ-СКАЯ, Варвара Андреевна.",,,
5198,Ключ к тайне: Три повести.,"ТРИЗ, Джефри.",,,
5199,Ключ-камень: Горные сказки.,"БАЖОВ, Павел Петрович.",,,
5200,"Ключ на шнурке: Юмористические рассказы, миниатюры.","ЗАКРЕВСКАЯ, Мария Владимировна.",,,
5201,Ключ от берлинской квартиры.,"МОИСЕЕВ, Олег.",,,
5202,Ключ от Вселенной.,"ЖУРАВЛЕВА, Зоя Евгеньевна.",,,
5203,Ключ от двери: Роман.,"СИЛЛИТОУ, Алан.",,,
5204,Ключ от кассы: Комедия в 1-м д.,"АШАР, Амедей.",,,
5205,Ключ от клада.,Ч.,,,
5206,Ключ от спальни: Фарс в 4-х д.,"ФЕЙДО, Жорж.",,,
5207,Ключ сердца: Стихотворения.,"КА-РАШЕВ, А. В.",,,
5208,Ключевая вода: Рассказы.,"КОСО-РОТОВ, Валентин Николаевич.",,,
5209,"Ключевая вода: Стихи, баллады, поэмы.","ШИМЕЕВ, Смар.",,,
5210,Ключи: Рассказы.,"ГОРДЕЕВ, Федор Кузьмич.",,,
5211,Ключи: Стихи.,"ГРУБИЯН, Матвей Михайлович.",,,
5212,Ключи Берлина: Историческая пьеса в 5-ти актах.,"ГУС, Михаил Семенович, ФИНН, Константин.",,,
5213,Ключи горячие: Комедия в 4-х д.,"ЧЕ-РЕШНЕВ, Николай (НОВИКОВ, Николай Федорович).",,,
5214,Ключи залива: Документальная повесть.,"ВИНОГРАДОВ, Юрий Александрович.",,,
5215,Ключи к воротам: Повесть.,"БОКСЕР, Борис.",,,
5216,Ключи к Китаю.,"РУА, Клод.",,,
5217,Ключи к счастью: (На трудных путях). Драма в 4-х актах.,"ДОНСКАЯ, Татьяна Николаевна.",,,
5218,Ключи Марии.,"ЕСЕНИН, Сергей Александрович.",,,
5219,Ключи несчастья.,"НИКИТИН, С. А.",,,
5220,Ключи от города: Роман.,"ВАСИЛЬЕВ, Зиновий Дмитриевич.",,,
5221,Ключи от дворца: Роман.,"ЧЕРНЫЙ-ДИДЕНКО, Юрий.",,,
5222,Ключи от рая или Земные странствования апостола Петра: Сказка в 5-ти д.,"СТРИНДБЕРГ, Август.",,,
5223,Ключи от сердца: Пьеса в 1-м д.,"АБРАМЦЕВ, Корнелий Корнельевич.",,,
5224,Ключи от синевы: Стихи.,"КОСТЫРЯ, Вячеслав Афанасьевич.",,,
5225,Ключи Семигорья: Повесть.,"ДРЕ-МОВА, Татьяна Ивановна.",,,
5226,Ключи созвучий: Стихи.,"СМИРНОВ, Максим Михайлович.",,,
5227,Ключи счастья: Комедия в 3-х д.,Имя авт. не установлено.,,,
5228,Ключи счастья: Пьеса в 5-ти д. с прологом.,"ВЕРБИЦКАЯ, Анастасия Алексеевна, ГАРДИН, Владимир.",,,
5229,Ключи счастья: Роман.,"МУРАТОВ, Николай Григорьевич.",,,
5230,Ключи счастья: Современный роман. Кн. 1-6.,"ВЕРБИЦКАЯ, Анастасия Алексеевна.",,,
5231,Клюшка чемпиона.,"ШАБРИН, Алексей Петрович.",,,
5232,Клякса: Рассказы.,"ХАЗИН, Михаил Григорьевич.",,,
5233,Кляксы: Короткие басни.,"ТАНИЧ, Михаил Исаевич.",,,
5234,Кляксы: [Рассказы].,"МАНСФЕЛЬД-ВЕТЛУГИН, Евгений (МАНСФЕЛЬД, Евгений Августович).",,,
5235,Кляксы: Спектакль миниатюр в 2-х отделениях.,"ДЫХОВИЧНЫЙ, Владимир Абрамович, СЛОБОДСКОЙ, Морис Романович.",,,
5236,Кляксы на мраморе: (Заметки писателя).,"ВОРОБЬЕВ, Евгений Захарович.",,,
5237,Клянитесь — больше ни одного: Смешанное представление в 1-й карт.,Имя авт. не установлено.,,,
5238,Клянусь Аполлоном: Рассказы.,"БАРЕНБОЙМ, Евсей Львович.",,,
5239,Клятва: (Гнев божий). Драма в 4-х актах.,"ГОРДИН, Яков Михайлович.",,,
5240,Клятва: Драма в 2-х д.,"ШАГЖИН, Цырен Галзутович.",,,
5241,Клятва: Драма в 3-х д.,"ХЕЙЕР-МАНС, Г. (ГЕЙЕРМАНС, Герман).",,,
5242,Клятва: Записки фрезеровщика Николая Шаронова.,"ГЛАДКОВ, Федор Васильевич.",,,
5243,Клятва: История одного отряда. Роман.,"ФИШ, Геннадий Семенович.",,,
5244,Клятва: Лирика.,"ДАРАСЕЛИ, Ва-нион Алексеевич.",,,
5245,Клятва: [Очерк].,"ЗОНИН, Александр Ильич.",,,
5246,Клятва: [Повесть].,"УРЕЕВСКИЙ, Анатолий Петрович.",,,
5247,Клятва: [Рассказ].,"ДИН-МАГОМАЕВ, Раджаб Динмагомаевич.",,,
5248,Клятва: Рассказы.,"СПЕЛОВ, Илья Николаевич.",,,
5249,Клятва: Роман.,"ХИНТ, Ааду.",,,
5250,Клятва: Стихи.,"АВРУЩЕНКО, Владимир Израильевич.",,,
5251,Клятва: Стихи.,"ИВАНОВ, Сергей Степанович.",,,
5252,"Клятва: [Стихи], 1941 — 1943.","ЛИФ-ШИЦ, Владимир Александрович.",,,
5253,"Клятва: Стихи, 1941 —1944.","ЛИСОВСКИЙ, Казимир Леонидович.",,,
5254,Клятва: Стихи.,"РОГОВ, Иван Михайлович.",,,
5255,Клятва: Стихи.,"ЯШИН, Александр.",,,
5256,Клятва: Стихи и поэмы.,"ЛУКОНИН, Михаил Кузьмич.",,,
5257,Клятва: (Столетняя быль).,"ЛИСОВСКИЙ, Юрий (ЛИСОВСКИЙ, Георгий Ипполитович) .",,,
5258,Клятва «акцизного» перед своею «Тамарой»:   (Юмористическое подражание Лермонтову).,"КАЗИЦЫН, Алексей Романович.",,,
5259,Клятва бойца: Сборник стихов.,"БО-РЯН, Гурген Михайлович.",,,
5260,Клятва в тумане.,"ТИХОНОВ, Николай Семенович.",,,
5261,Клятва верности.,"СКЛЯРОВ, Юрий Львович.",,,
5262,"Клятва Вещего Олега, 906—1206.","БАТАЛИНА, Н. И.",,,
5263,Клятва Гиппократа.,"БАРЕНБОЙМ, Евсей Львович.",,,
5264,Клятва на бархане: Повесть.,"КАРЯГИН, Петр Федорович.",,,
5265,Клятва на Воробьевых горах: Повесть о юном Герцене.,"ЛЕОНОВ, Николай Иванович.",,,
5266,Клятва на заре: Ломоносов. Пьеса в 4-х д.,"ЧИРКОВ, Александр Григорьевич. ",Ломоносов.,,
5267,Клятва на пепелище: Роман.,"СЕЛИВЕРСТОВ, Семен Леонтьевич.",,,
5268,Клятва после боя: Стихи.,"ПИДСУХА, Александр Николаевич.",,,
5269,Клятва при гробе господнем: Русская быль XV века. Ч. 1-4.,"ПОЛЕВОЙ, Николай Алексеевич.",,,
5270,Клятва при погребе господском.,"ОРЛОВ, Александр Анфимович.",,,
5271,Клятва сердца: Героико-романтическая драма в 2-х д.,"КУЛИКОВ, Константин Кириллович, ПАНКРАТОВ, Георгий Иванович.",,,
5272,Клятва Солнцу: Повесть.,"АЛМАТИНСКАЯ, Анна.",,,
5273,Клятвопреступник: Из рассказов бабушки.,"ПОГОЖЕВА, Елизавета Дмитриевна.",,,
5274,Клятвопреступник: Историческая повесть.,"ДЕМЕНТЬЕВА, Наталья Михайловна.",,,
5275,Клятвопреступник: Рассказ.,"ВИЛЬ-БРАНДТ, Адольф.",,,
5276,Клятвопреступница: Русский современный роман. Ч. 1-3.,Имя авт. не установлено.,,,
5277,Кляузы.,"КРУЧИНА, Андрей.",,,
5278,Кляча: Рассказ.,"БАРАНЦЕВИЧ, Казимир Станиславович.",,,
5279,Книга: [Рассказ].,"АНДРЕЕВ, Леонид Николаевич. ",,Христиане...,
5280,Книга: Рассказ.,"САРЫХАНОВ, Нур-мурат.",,,
5281,Книга; Птичий грех: [Рассказы].,"ГОРЬКИЙ, Максим.",,,
5282,Книга без басен: Сатирические стихи.,"БАХНОВ, Владлен Ефимович, КОСТЮКОВ-СКИЙ, Яков Аронович.",,,
5283,Книга братьев: Стихи и поэмы.,"МА-ЛЫШКО, Андрей Самойлович.",,,
5284,Книга будущего века:      Рассказ.,"ЮЗАНН, Октав.",,,
5285,Книга великой любви: Очерки и рассказы.,"НЕМИРОВИЧ-ДАНЧЕНКО, Василий Иванович.",,,
5286,Книга верности: Лирические стихи.,"РЫЛЕНКОВ, Николай Иванович.",,,
5287,Книга встреч.,"БЕЙЛИНА, Нинель Вениаминовна.",,,
5288,"Книга вступлений: Лирика, 1902— 1904.","ГОФМАН, Виктор Викторович.",,,
5289,Книга двух сердец: Киносценарий.,"ВИТКОВИЧ, Виктор Станиславович, РАШИДОВ, Шараф Рашидович.",,,
5290,Книга девственниц.,"Д'АННУНЦИО, Габриэль (Д'АННУНЦИО, Габриэле).",,,
5291,Книга джунглей.,"КИПЛИНГ, Редь-ярд.",,,
5292,Книга для болельщиков.,"РАХТАНОВ, Исай Аркадьевич.",,,
5293—5294,Книга для взрослых.,"ОРЕНБУРГ, Илья Григорьевич.",,,
5295,Книга жалоб и предложений: Стихи.,"РОМАНОВ, Максим Романович.",,,
5296,Книга женщины: Комедия в 3-х д.,"ШМИДТ, Лотар (ГОЛЬДШМИДТ, Лотар).",,,
5297,Книга живота.,"МАЗОВСКИЙ, Карл.",,,
5298,Книга жизни: Новые стихи и лирика военных лет.,"УРИН, Виктор Аркадьевич.",,,
5299,Книга жизни: Рассказ.,"АСТЫРЕВ, Николай Михайлович.",,,
5300,Книга жизни: Стихотворения и поэмы.,"КЕРБАБАЕВ, Берды Мурадович.",,,
5301,Книга занимательных историй.,АБУЛЬ-ФАРАДЖ.,,,
5302,Книга земли: Стихи. Поэмы.,"КУЛИЕВ, Кайсын Шуваевич.",,,
5303,Книга и сердце: Стихи и поэмы.,"ИН-БЕР, Вера Михайловна.",,,
5304,Книга картин без картин: Рассказы.,"АНДЕРСЕН, Ганс-Христиан.",,,
5305,Книга картин без картинок.,"ХАЯСИ, Фусао.",,,
5306,Книга любви: Стихи.,"ГОРСКИЙ, Григорий Наумович.",,,
5307,Книга любви: [Стихи].,"ФЕДОРОВ, Василий Дмитриевич.",,,
5308,"Книга любви: [Стихи, сонеты, поэмы].","ГАМЗАТОВ, Расул Гамзатович.",,,
5309,Книга любви и веры.,"ФЕДОРОВ, Василий Дмитриевич.",,,
5310,Книга любви и книга поэта: Стихотворения.,"ИСКЕНЕКЕ-ЕМЕЛЬЯНОВ, Николай Яковлевич.",,,
5311,"Книга любви и скорби: Стихотворения, 1897—1918.","ЯСИНСКИЙ, Иероним Иеро-нимович.",,,
5312,Книга маленьких рассказов: (1922— 1925 п ).,"СОБОЛЬ, Андрей.",,,
5313,Книга Марии — Зажги Снега.,"ЛЕТНИКОВ, Григорий Николаевич.",,,
5314,Книга мелодий.,"КОСУНОВИЧ, Лев Иванович.",,,
5315,Книга мертвых.,"ГАЛУНОВ, Александр.",,,
5316,Книга мишуры.,"ТЕККЕРЕЙ, Вильям (ТЕККЕРЕЙ, Уильям Мейкпис).",,,
5317,Книга моего друга.,"ФРАНС, Анатоль.",,,
5318,Книга моей жизни: Стихи.,"САРЫ-ВЕЛЛИ, Осман.",,,
5319,Книга моей любви: Стихи.,"АЛИЕВА, Фазу Гамзатовна.",,,
5320,Книга моих стихов.,"СУББОТИН, Василий Ефимович.",,,
5321,Книга Монеллы.,"ШВОБ, Марсель.",,,
5322,Книга Монэль.,"ШВОБ, Марсель. ",Книга Монеллы.,,
5323,Книга мудрости и лжи: (Грузинские басни и сказки XVII—XVIII столетия).,"ОР-БЕЛИАНИ, Савва-Сулхан (ОРБЕЛИАНИ, Сулхан-Саба). ",Мудрость вымысла; О мудрости вымысла; Мудрость лжи.,,
5324,Книга мудрости Искандера.,"ДЖАМИ, Абдуррахман.",,,
5325,Книга назидания.,УСАМА ИБН МУН-КЫЗ.,,,
5326,Книга неожиданных дорог: Лирический дневник.,"ПАРМУЗИН, Борис Сергеевич.",,,
5327,Книга о Башкирии: Рассказы.,"ХАКИМОВ, Рамиль Гарафович.",,,
5328,Книга о бронзе и черноземе.,"СИМ-МЕН, Николай Яковлевич.",,,
5329,Книга о Гохе-дураке: Роман из египетской жизни.,"АДЕС, Альберт, ИОЗИПО-ВИЧИ, Альберт (ИОСИПОВИЧИ, Альберт). ",Гоха-дурак; Книга о простеце Гоа.,,
5330,Книга о духе моем: Поэма.,"ШПЕРК, Федор Эдуардович.",,,
5331,Книга о любви.,"МИХАЭЛИС, Карин (МИКАЭЛИС, Карин).",,,
5332,Книга о маленьком братце: (История одного брака).,"ГЕЙЕРСТАМ, Густав ",,,
5333,Книга о моей жене: Роман.,"ПАЛЬ-МЕР, Джон Лесли.",,,
5334,Книга о Пексах: Роман.,"КРУСТЕН, Эрни.",,,
5335,Книга о простеце Гоа.,"АДЕС, Альберт, ЖОЗИПОВИСИ, Альберт (ИОСИПОВИЧИ, Альберт).",,,
5336,Книга о разведчиках.,"ЕГОРОВ, Георгий Васильевич.",,,
5337,Книга о русской жизни.,"БЕЛЬСКИЙ, С.",,,
5338,Книга о смерти: (Мысли и воспоминания).,"АНДРЕЕВСКИЙ, Сергей Аркадьевич.",,,
5339,Книга о сорванцах.,"НИЗЮРСКИЙ, Эдмунд.",,,
5340,Книга о счастливом человеке: Повесть о Н. Баумане.,"ДОЛГИЙ, Вольф Гитмано-вич.",,,
5341,Книга о художниках.,"ПАУСТОВСКИЙ, Константин Георгиевич.",,,
5342,Книга о царях: Шахнаме.,"ФИРДУСИ, Абулькасим (ФИРДОУСИ, Абулькасим).",,,
5343,Книга о человеке: Первая.,"САН-ЖАРЬ, Надежда (БРИЛИАНТ, Надежда Дмитриевна).",,,
5344,Книга очарований: Новеллы и легенды.,"СОЛОГУБ, Федор.",,,
5344а,Книга песен.,"ВАУНИ, Сурен.",,,
5345,Книга песен.,"САБА, Умберто.",,,
5346,Книга песен: Стихотворения.,"БЕРГГОЛЬЦ, Ольга Федоровна.",,,
5347,Книга печалей: Стихотворения.,"СУШ-КОВ, Николай Васильевич.",,,
5348,Книга поисков: Очерки.,"ТЕЛЬМАН, Исаак Григорьевич.",,,
5349,Книга полей.,"РЫЛЕНКОВ, Николай Иванович.",,,
5350,Книга посвящений: Стихи.,"СМИРНОВ, Сергей Васильевич.",,,
5351,Книга про Леньку.,"БАРШЕВА, Мария Сергеевна.",,,
5352,Книга прошлого.,"ФРАНС, Анатоль.",,,
5353,Книга путешествий: [Очерки].,"БУКОВСКИЙ, Константин Иванович.",,,
5354,Книга путешествий: Путевые записки.,"ПАЛЕЦКИС, Юстас Игнович.",,,
5355,Книга пути.,"ТИХОНОВ, Николай Семенович. ",,Сусальные звезды...,
5356,Книга раздора.,"ЖИТЕЛЬ (ДЬЯКОВ, Александр Александрович).",,,
5357,Книга разлук: Рассказы.,"СОЛОГУБ, Федор.",,,
5358,"Книга разных лет: Роман, повести, рассказы.","БОСНЯЦКИЙ, Евгений Григорьевич.",,,
5359,Книга ровесников: Стихи и песни.,"ДОЛМАТОВСКИЙ, Евгений Аронович.",,,
5360,Книга Руфь: Новелла.,"ИЕНЗЕН, Вильгельм (ИЕНСЕН, Вильгельм).",,,
5361,Книга с картинками о Петере Пане.,"БАРРИ, Джемс Мэтью. ",Приключения Петера Пана.,,
5361а,Книга сказаний о короле Артуре и о рыцарях Круглого стола. (Загл. обл.).,"СВЕНЦИЦКИЙ, Андрей Эдуардович. ",Сказание о короле Артуре и о рыцарях круглого стола.,,
5362,Книга скитаний.,"ПАУСТОВСКИЙ, Константин Георгиевич.",,,
5363,Книга скорби.,ГРИГОР НАРЕКАЦИ.,,,
5364,"Книга скорби: Очерки, наброски и стихотворения.","КИЧЕЕВ, Петр Иванович.",,,
5365,Книга скорбных песнопений (отрывки): Стихи.,ГРИГОР НАРЕКАЦИ.,,,
5366,Книга степи.,"ПАЩЕНКО, Леонид.",,,
5367,Книга странствий: [Повести].,"САФОНОВ, Вадим Андреевич.",,,
5368,Книга странствий: [Путевые очерки].,"КОНСТАНТИНОВСКИЙ, Илья Давыдович.",,,
5369,Книга странствий: Рассказы.,"ХЕЧУ-МЯН, Виген.",,,
5370,Книга странствий: Стихи.,"ЛЯДОВ, Андрей Иванович.",,,
5371,Книга счастья: [Монологи].,"МИ-ЩЕНКО-АТЭ (МИЩЕНКО, А. Т.). ",,Три победителя...,
5372,Книга счастья: [Стихи].,"ТАРОНЦИ, С. С.",,,
5373,Книга царей Шахнамэ: Избранные места.,"ФИРДОУСИ, Абу-л-",,,
5374,Книга часов: Стихи. Ч. I.,"РИЛЬКЕ, Райнер Мария.",,,
5375,Книга чудес или Несколько маловероятных историй.,"ДАР, Давид.",,,
5376,Книги доканали: Комедия в 3-х д.,"МАРКОВ, Владимир Дмитриевич.",,,
5377,Книгоноша: Рассказ.,"ВАСИЛЬЕВ, Георгий Константинович.",,,
5378,Книгоноша: Рассказ.,"РУБАКИН, Николай Александрович.",,,
5379,"Книгопродавец: Повесть в 6-ти главах, в стихах.",А. П.,,,
5380,Книжка — друг наш.,"ДОМБРОВСКИЙ, Франц Викентьевич. ",,Елка...,
5381,Книжка жалоб: Юморески.,"ПОТЕМ-КОВСКИЙ, Анатоль.",,,
5382,Книжка на передвижке: Агитпьеса.,"ИНФЕЛИЦЫН, Михаил Николаевич.",,,
5383,Книжка неповторимых сказок: Повесть и рассказы.,"ЧУЖМИР, Александр Аронович.",,,
5384,Книжка нового времени под названием «Газета с того света».,"СИДОРОВ, К. Я.",,,
5385,Книжка про мальчишку и его мечту.,"МУСИКОВ, Владимир Петрович.",,,
5386,Книжка чеков: Эпизод из жизни недоимщиков. Рассказ.,"УСПЕНСКИЙ, Глеб Ива- ",,,
5387,Книжка эта про поэта: Рассказы.,"ПЛАТОНОВА, Нина Дмитриевна.",,,
5388,Книжкины бабушки.,"ПЕРЕС, Борис Самойлович.",,,
5389,Книжная лавка близ площади Этуаль: Роман.,"КАЛЬМА, Н.",,,
5390,Книжники: Роман.,"ЧЕРНОКОВ, Михаил Васильевич.",,,
5391,Книжурка стихотворений за 1911 год.,"СТРАХОВ, Сергей Иванович.",,,
5392,Кнопка.,"КАВЕРИН, Вениамин.",,,
5393,Кнут; «Подари; Иванов цвет: Рассказы из крестьянской жизни.,"СЕВАСТЬЯНОВ, Александр Николаевич.",,,
5394,Кнут: Микробасни.,"ЗУБИХИН, Владимир Васильевич.",,,
5395,Кнут: Повесть.,"ПАЛЕОЛОГ, Морис.",,,
5396,Кнут тайши: Драма в 3-х д.,"НАМСА-РАЕВ, Хода Намсараевич.",,,
5397,Княгиня: Повесть.,НАДЕЖДА В,,,
5398,Княгиня: Супруга начальника дороги. Комедия-фарс в 1-м д.,"ТОРИНОВИЧ, В. (СУЛЬЖИКОВ, Александр Викторинович).",,,
5399,Княгиня Баратовская: Роман.,"ВЕРНЕР, Элизабет. ",Сила воли.,,
5400,Княгиня Бутырская: Роман.,"ПАЗУ-ХИН, Алексей Михайлович.",,,
5401,Княгиня Дезюрсэн: Ч. 1-3.,"ДЕЛА-ВЕРНЬ, Александр (ЛАВЕРНЬ, Александр де).",,,
5402,Княгиня Дерменж: Роман.,"ПРЕВО, Марсель.",,,
5403,Княгиня Елена Глинская: Историческая повесть.,"ДМИТРИЕВ, Дмитрий Сав-ватеевич.",,,
5404,Княгиня Жорж: Пьеса в 3-х д.,"ДЮМА, Александр (сын).",,,
5405,Княгиня Зурова: [Роман].,УЙДА.,,,
5406,Княгиня Курагина: Драма из жизни восьмидесятых годов прошлого века в 5-ти д.,"ШПАЖИНСКИЙ, Ипполит Васильевич.",,,
5407,Княгиня «Пиговская: Роман.,"ЛЕРМОНТОВ, Михаил Юрьевич.",,,
5408,Княгиня Лиза: (Продолжение романа «Женщины петербургского большого света». Ч. I.).,"МЕЩЕРСКИЙ, Владимир Петрович.",,,
5409,Княгиня Напраксина: Роман.,УЙДА. ,Мир богачей.,,
5410,Княгиня Наталья Борисовна Долгорукая: Повесть.,"КОЗЛОВ, Иван Иванович.",,,
5411,Княгиня Наталия Борисовна Долгорукая:  [Стихотворение].,"ДОЛГОРУКИЙ, Дмитрий Иванович.",,,
5412,Княгиня Ольга: (Быль).,"СОКОЛОВ, Николай Матвеевич.",,,
5413,Княгиня Ольга и Князь Святослав: Два исторических рассказа.,"ЧЕРСКИЙ, Леонид Федорович.",,,
5414,Княгиня Ульяна Вяземская или В когтях зла: Повесть.,"ДОЛЬСКИЙ, Владимир.",,,
5415,Княжая песнь: Историческая поэма в 48-ми песнях.,"КВАШНИН-САМАРИН, Николай Дмитриевич.",,,
5416,Княжеская милость или Неожиданный гость: Исторический рассказ.,Имя авт. не установлено.,,,
5417,Княжеские бриллианты.,"СЕДОЙ, А. (ЧЕХОВ, Александр Павлович).",,,
5418,Княжий двор; Экспроприация; Сожженные корабли: Три пьесы.,"ЕЛАЧИЧ, М. А.",,,
5419,Княжий Угол.,"ЧУКОВСКИЙ, Николай Корнеевич.",,,
5420,Княжич: Исторический рассказ.,"ЛЕБЕДЕВ, Вл. Александрович.",,,
5421,Княжна: Роман-хроника.,"АМФИТЕАТРОВ, Александр Валентинович.",,,
5422,Княжна: (Труд и изнеженность). Повесть.,"УРБАНОВСКАЯ, Софья. ",Труд и изнеженность.,,
5423,Княжна Аида: Фантастическая сказка в стихах.,"ДЕДУШКА ИЗ КРЕСТЕЦ (СТРОМИЛОВ, Владимир Яковлевич).",,,
5424,Княжна Барбара Радзивилл и король Польши и Литвы Зыгмунд Август Ягелло: Историческая драма в 4-х д.,"ЦВЕТКОВА-ВОЛЛОВИЧ, Ядвига Игнатьевна.",,,
5425,Княжна Владимирская (Тараканова) или Зацепинские капиталы: Исторический роман в 4-х ч.,"ШАРДИН, А. (СУХОНИН, Петр Петрович).",,,
5426,Княжна Джаваха: Повесть.,"ЧАР-СКАЯ, Лидия.",,,
5427,Княжна Дубровина: Повесть в 3-х ч.,"ТУР, Евгения.",,,
5428,Княжна Дуду: Новые рассказы.,"КАМЕНСКИЙ, Анатолий Павлович.",,,
5429,"Княжна Зоренька: (Зеркало). Драматическая фантазия. Пролог, 3 д. В стихах.","КОСОРОТОВ, Александр Иванович.",,,
5430,"Княжна Людмила, персидская княжна и басня.","СОКОЛОВ, Павел Захарович.",,,
5431,Княжна Мара: Роман.,"ЛАППО-ДАНИЛЕВСКАЯ, Надежда Александровна.",,,
5432,Княжна Меньшикова: Исторический роман.,"БАНТЫШ-КАМЕНСКИЙ, Дмитрий Николаевич.",,,
5433,Княжна Мери: Роман.,"ЛЕРМОНТОВ, Михаил Юрьевич.",,,
5434,Княжна-мещанка: Драма в 3-х д. с эпилогом.,"КИРЬЯКОВА, Мария Александровна.",,,
5435,Княжна Милуша: Сказка.,"КАТЕНИН, Павел Александрович.",,,
5436,Княжна-невеста: Бытовая сцена в 5-ти карт.,"ДМИТРИЕВ, Дмитрий Саввате-евич.",,,
5437,Княжна Нина: Рассказ.,"ВЕЛИЧКО, Василий Львович.",,,
5438,Княжна Острожская: Историческая повесть в 2-х ч.,"СОЛОВЬЕВ, Всеволод Сергеевич.",,,
5439,Княжна-Русалка: Сборник рассказов.,"ВЕДЕКИНД, Франк.",,,
5440,Княжна Тараканова: Исторический роман; Уманская резня: (Последние запорожцы). Историческая повесть.,"ДАНИЛЕВСКИЙ, Григорий Петрович.",,,
5441,Княжна Тараканова: (Неизвестная особа). Забытые страницы истории. В 5-ти д. с эпилогом.,"СОБОЛЬЩИКОВ-САМАРИН, Николай Иванович.",,,
5442,Княжна Тараканова и принцесса Владимирская.,"МЕЛЬНИКОВ, Павел Иванович.",,,
5443,"Княжна Хабиба: Повесть в стихах, взятая из татарских преданий.","ФУКС, Александра Андреевна.",,,
5444,Княжна Цхени: Роман из кавказской жизни.,"ЖЕЛИХОВСКАЯ, Вера Петровна.",,,
5445,Княжой отрок: Историческая повесть из преданий XIII в.,"СЕВЕРЦОВ-ПОЛИЛОВ, Г. Т. (ПОЛИЛОВ, Георгий Тихонович).",,,
5446,Княжьи горы.,"ГУМИЛЕВСКИЙ, Лев Иванович.",,,
5447,Княжьи люди: (Бриллиантовый князь). Роман.,"НЕВОДОВ, Борис Семенович.",,,
5448,Княжья могила: Историческая повесть XIV в.,"КАССИРОВ, Иван.",,,
5449,Княжья могила.,"НАВРОЦКИЙ, Александр Александрович (ВРОЦКИЙ, Н. А.). ",,Коромыслова башня...,
5450,Князь Александр Васильевич Суво-ров-Рымникский: Историческая повесть.,"ФУРМАН, Петр Романович.",,,
5451,Князь Амалат-Бек: Драма в 5-ти актах.,"ЮРКЕВИЧ, Петр Ильич (ГОЛУБИН, Петр).",,,
5452,Князь Амалат-Бек: Роман из уголовной хроники.,"ШКЛЯРЕВСКИЙ, Александр Андреевич.",,,
5453,Князь Борис Тишин: Роман.,"ЗАРИНА, Е. И. (НОВИКОВА-ЗАРИНА, Екатерина Ивановна).",,,
5454,Князь Борис Щеглятев: Исторический роман XIII века из времен нашествия Батыя на Россию.,"САЛМАНОВ, Петр Алексеевич.",,,
5455,Князь-бунтовщик: Историческая повесть.,"БОГДАНОВИЧ, София Аньоловна.",,,
5456,Князь В-ский и княжна Щ-ва или Умереть за отечество славно: Новейшее происшествие во время кампании французов с немцами и россиянами 1806 года.,В*. ,,,
5457,Князь Василий Сицкий: Роман из времен царя Бориса Федоровича Годунова. Ч. 1-3.,"МЕРКЛИ, Василий Маркович.",,,
5458,Князь Василий Темный или Шемякин суд: Исторический рассказ.,"ПЛ...Н, Н. С. (ПЛАКСИН, Н. С.).",,,
5459,Князь Владимир: Историко-героическая пьеса в 5-ти актах.,"ФОРШ, Ольга Дмитриевна, БОЯДЖИЕВ, Григорий Нерсесович.",,,
5460,Князь Владимир Андреевич Стариц-кий: Трагедия в 5-ти д.,"ЯРОСЛАВЦОВ, Андрей Константинович.",,,
5461,Князь Владимир и суд над Рогнедою: Исторический рассказ X и XI столетий.,Имя авт. не установлено.,,,
5462,"Князь Владимир — Красное солнышко: Время великого князя Владимира Святого равноапостольного, крещение на Руси. Исторический рассказ.","СОЛОВЬЕВ, В.",,,
5463,"Князь Владимир, Красное солнышко: Исторический рассказ.",Имя авт. не установлено.,,,
5464,Князь Владимир Красное солнышко: Повесть из первых времен христианства на Руси.,"ДМИТРИЕВ, Дмитрий Савватеевич.",,,
5465,"Князь Владимир, красное солнышко: Рассказ о достопамятных подвижниках для блага России. [В стихах].","ФОМИН, Иван.",,,
5466,Князь Владимир Равноапостольный: Исторический рассказ.,Имя авт. не установлено.,,,
5467,"Князь Владимир Святой, Красное солнышко.","ЧЕРСКИЙ, Леонид Федорович.",,,
5468,Князь Владимир — Ясное Солнышко и племянник его Святополк Окаянный: Исторический рассказ.,Имя авт. не установлено.,,,
5469,"Князь Вячко, 1206—1224: Историческая повесть.","СИЗОВА, Александра Константиновна.",,,
5470,Князь Вячко и меченосцы: Историческая поэма из эпохи войн XIII столетия — завоевание немцами Прибалтийского края.,"КОТОМКИН-САВИНСКИЙ, А. (КОТОМ-КИН, Александр Ефимович).",,,
5471,Князь Горчаков или Новые замыслы французов на взятие Севастополя: Песнь о в бозе почившем государе императоре Николае I.,"ЕФИМОВ, М.",,,
5472,Князь Григорий Александрович По-темкин-Таврический: Историческая повесть.,"ФУРМАН, Петр Романович.",,,
5473,Князь Д. и княжна М. или Верная любовь по смерть: Российское происшествие Ч. 1-2.,"ЛАФОНТЕН, Август Генрих Юлий.",,,
5474,Князь Даниил Дмитриевич Холмский: Драма в 5-ти актах.,"КУКОЛЬНИК, Нестор Васильевич.",,,
5475,Князь Дмитрий Иоаннович Донской: (Из жизни грозного века). Исторический роман в 3-х ч.,"АРСЕНЬЕВ, Александр Васильевич.",,,
5476,Князь Дмитрий Иоаннович Донской: Повесть XIV столетия.,Имя авт. не установлено.,,,
5477,Князь Дмитрий Шемяка.,Имя авт. не установлено.,,,
5478,Князь Донгронов или Происшествие из нынешнего века: Комедия в 3-х д.,"РУДНЕВ, Михаил Прохорович.",,,
5479,Князь Зила.,"КЛАРЕТИ, Жюль.",,,
5480,Князь Золотой: Повесть из времен царя Иоанна Грозного.,"С... В, В.",,,
5481,Князь Золотой горы или Плащ-невидимка: (Волшебная русская сказка).,Имя авт. не установлено.,,,
5482,Князь и батрак: Кабардинская быль.,"МАКСИМОВ, Павел Хрисанфович.",,,
5483,Князь Иван Калита — солнечный луч: Повесть.,"ТОЛЫЧЕВА, Т.",,,
5484,Князь из Альгамбры.,"РОСЛАВЛЕВ, Александр Степанович.",,,
5485,"Князь Илико, маленький кавказский пленник: Рассказ.","ЖЕЛИХОВСКАЯ, Вера Петровна.",,,
5486,Князь Курбский: Драма.,"БОГДАНОВИЧ, Модест Иванович.",,,
5487,Князь Курбский: Исторический роман из событий XVI века. Ч. 1-4.,"ФЕДОРОВ, Борис Михайлович.",,,
5488,Князь Луповицкий или Приезд в деревню: Комедия в 2-х д. с прологом.,"АКСАКОВ, Константин Сергеевич.",,,
5489,Князь-медведь: Сказка в 5-ти карт.,"ШИХМАТОВ, Леонид Моисеевич.",,,
5490,Князь Меншиков: Трагедия в 5-ти д.,"БЕЗОБРАЗОВА, Е. А.",,,
5491,Князь Меньшиков или Крым и англичане: Современная песня.,"ТАТАРИНОВ, Петр Петрович.",,,
5492,Князь мира: Роман.,"КЛЫЧКОВ, Сергей.",,,
5493,Князь мира сего: Исторический роман в 4-х ч.,"МОНТЕПЕН, Ксавье де. ",Маркиза Ка-стелла.,,
5494,Князь Михаил Васильевич Скопин-Шуйский: Исторический рассказ из времен царя Василия Ивановича Шуйского (1608— 1610 гг.).,"ВОЛКОВА, Е. Ф.",,,
5495,"Князь Михаил Васильевич Скопин-Шуйский: Драма в 5-ти актах, в стихах.","Н. К. (КУКОЛЬНИК, Нестор Васильевич).",,,
5496,Князь Михаил Скопин-Шуйский: Драматическое стихотворение в 5-ти д.,"ДМИТРИЕВ, Василий Акимович (ПОЛОЧАНИН, В.).",,,
5497,Князь Михаил Тверской: Трагедия.,"ВИХРОВ, А.",,,
5498,Князь Мстислав Удалой.,"ПРУТ, Иосиф Леонидович.",,,
5499,Князь Морейский: Историческая повесть.,Имя авт. не установлено.,,,
5500,Князь-мученик: Исторический роман.,"ЛЕБЕДЕВ, Владимир Петрович.",,,
5501,Князь непобедимый.,"САФОНОВ, Вадим Андреевич.",,,
5502,Князь Нони: Сутки нынешнего светского человека.,"МЕЩЕРСКИЙ, Владимир Петрович.",,,
5503,Князь Олег Вещий: Исторический рассказ.,Имя авт. не установлено.,,,
5504,Князь Олег и его роковая смерть: Исторический рассказ.,"ПАЗУХИН, Николай Михайлович.",,,
5505,Князь Пожарский и нижегородский гражданин Минин или Освобождение Москвы в 1612 году: Историческое сказание XVII века. В 2-х ч. Ч. 1-2.,"Г-Х-В, И-н (ГЛУХАРЕВ, Иван Романович).",,,
5506,Князь Святополк: Летописная быль в 5-ти д.,"ТАЛЬМА, Александр Осипович.",,,
5507,Князь Святополк Окаянный или Княжение Владимира-Красное Солнышко: Историческая повесть.,Имя авт. не установлено.,,,
5508,Князь Святослав.,"ЧЕРСКИЙ, Леонид Федорович.",,,
5509,Князь Серебряный: Историческая повесть из времен XV века.,Имя авт. не установлено.,,,
5510,Князь Серебряный: Исторический роман из времен княжения Иоанна Калиты.,Имя авт. не установлено.,,,
5511,Князь Серебряный: Повесть времен Иоанна Грозного. Ч. 1-2.,"ТОЛСТОЙ, Алексей Константинович.",,,
5512,Князь Серебряный: [Рассказы и повесть] .,"БАРАБАШ, Владимир Владимирович.",,,
5513,Князь Серебряный и Иоанн Грозный: Исторический роман.,Имя авт. не установлено.,,,
5514,Князь Серебряный или Горькая судьбина двух князей времен Иоанна Грозного: Повесть XVI века.,"СУВОРОВ, В.",,,
5515,Князь Серебряный или Радостный гость: Исторический роман времен Иоанна Грозного.,"ПАЗУХИН, Николай Михайлович.",,,
5516,Князь Сибирский; Кулачный бой: Исторические рассказы времен Иоанна Грозного.,"ЧЕРСКИЙ, Леонид Федорович.",,,
5517,Князь Скопин-Шуйский или Россия в начале XVII столетия: Ч. 1-4.,"О. Ш. (ШИШКИНА, Олимпиада Петровна).",,,
5518,Князь Сокол-Белый: Поэма (в 2-х ч.) и несколько стихотворений.,"ТРИЗНА, Дмитрий Степанович.",,,
5519,Князь Тавриды: Исторический роман в 3-х ч.,"ГЕЙНЦЕ, Николай Эдуардович.",,,
5520,Князь Теряев-Распояхин: Историческая повесть.,"ЗАРИН, Андрей Ефимович.",,,
5521,Князь Червонский: Роман.,"АПРАКСИН, Александр Дмитриевич.",,,
5522,Князь Шуйский: Драма в 5-ти д. в стихах.,"СУХОВ, Алексей Петрович.",,,
5523,"Князь Юрий, последний князь Смоленский: Драматическая хроника из времен великой княгини Софьи Витовтовны, 1405— 1410. В стихах. Первая часть трилогии «Великая княгиня Софья Витовтовна».","ВОЕЙКОВ, Павел Николаевич.",,,
5524,Князь Яков Федорович Долгоруков: Рассказ из русской истории.,"ФУРМАН, Петр Романович.",,,
5525,Князь Япанча-лихой татарский наездник: Историческая повесть из времен покорения Казани царем Иоанном Грозным.,"ГОЛОХВАСТОВ, К. К. Загл. ",,,
5526,"Князь Япанча, татарский наездник или Сила любви: Повесть из времен шестнадцатого века русской жизни.",Имя авт. не установлено.,,,
5527,Князья и жених; Декабрем; Недоразумение; Письмо; Шальной.,"МУРАВЛИН (ГОЛИЦЫН, Дмитрий Петрович).",,,
5528,Князья Курбские: Трагедия в 5-ти д.,"РОЗЕН, Георгий Федорович.",,,
5529,Ко всем бурям лицом.,"ТРОФИМОВ, Анатолий Иванович.",,,
5530,Ко дну: Рассказ.,"БЕЛЯКОВ, Гр.",,,
5531,Ко дню юбилея Л. Н. Толстого 1903 г.,Имя авт. не установлено.,,,
5532,Ко львам!: Историческая повесть из преданий о гонении христиан.,"ФЕДОРОВ-ДАВЫДОВ, Александр Александрович.",,,
5533,Ко львам христиан!: Повесть из первых веков христианства.,"ЧЕРЧ, Альфред Джон.",,,
5534,Коала.,"ЧЕГЛОК, Александр.",,,
5535,Кобес.,"МАНН, Генрих.",,,
5536,Кобзарь.,"ШЕВЧЕНКО, Тарас Григорьевич.",,,
5537,Кобзарь Дармограй: Драматический этюд.,"АПУШКИН, Яков Владимирович.",,,
5538,Кобра под подушкой: Приключенческая повесть.,"КИМ, Роман Николаевич. ",,Школа призраков...,
5539,Кобылка в пути: Рассказ. (Из жизни ссыльных).,"МЕЛЬШИН, Л. (ЯКУБОВИЧ, Петр Филиппович).",,,
5540,Кобылья вахта.,"БЕРМАН, Лазарь Васильевич.",,,
5541,Ковалева из провинции: Пьеса в 2-х д.,"ДВОРЕЦКИЙ, Игнатий.",,,
5542,Ковалевская черемуха: Повесть.,"ИСКИН, Александр Юрьевич.",,,
5543,Коваль.,"ЯНОВСКИЙ, Юрий Иванович.",,,
5544,Кованое время.,"САДОФЬЕВ, Илья Иванович.",,,
5545,Кованый ковш: (Офорт меня).,"МАРЕЕВ, Александр.",,,
5546,Кованый сундук: Повесть.,"ВОИНОВ, Александр Исаевич.",,,
5547,Кованый сундук алтайца Анчи.,"ВЕТ-ЛИНА, Вера Арсеньевна.",,,
5548,Кованый шлем: Рассказы.,"ДУБИЦ-КИЙ, Андрей Федорович.",,,
5549,Коварная голубка: (Ведьма). Пьеса в 4-х актах.,"ПАНЕ, Армийн (ПАНЕ, Армейн).",,,
5550,Коварная маркиза: Сенсационный роман из жизни французской аристократии.,"ЕГРЕМОН, Поль д' (ЭГРЕМОН, Поль д').",,,
5551,Коварная панна: Легенда.,"ЕМЕЛЬЯ-НОВ-КОХАНСКИЙ, Александр. ",,Месть...,
5552,Коварное оружие: Нефантастический рассказ.,"КРАМСКОЙ, Е. (БЕЛЯЕВ, Сергей Михайлович).",,,
5553,Коварное предательство римского папы и благородство султана: 49-я новелла из книги «Новеллино».,"САЛЕРНИТАНО (ГУАРДАТИ, Томмазо).",,,
5554,Коварные мужчины.,"ШТЕЙН, О. С. (ЕЛИЗАВЕТИН). ",,Враг женщин...,
5555,Коварный лунатик.,"АРДОВ, Виктор.",,,
5556,Коварство: [Роман].,"ЧЕРНЯВСКИЙ, Михаил.",,,
5557,Коварство влюбленной женщины: Оригинальная повесть.,А. П.,,,
5558,«Коварство» и [др. рассказы].,"МАК ОРЛАН, Пьер.",,,
5559,Коварство и любовь: Трагедия. В 5-ти д.,"ШИЛЛЕР, Фридрих.",,,
5560,Коварство и любовь: Фельетоны.,"ВИХРЕВ, Александр Ефимович.",,,
5561,Коварство и любовь маркизы Палланцани: Исторический роман из второй половины XIX столетия.,"САМАРОВ, Грегор.",,,
5562,Коварство королевы: Шахматная шутка в 1-м д.,"ШИЛОВСКАЯ, Елизавета Петровна.",,,
5563,Коварство Марии-Луизы: Исторический роман из жизни Наполеона I.,"ЛЕПЕЛ-ЛЕТЬЕ ДЕ БУАЛЬЕ, Эдмонд Адольф де.",,,
5564,"Коварство, смерть и позор!: Эпизоды из действительной жизни.",Имя авт. не установлено.,,,
5565,Ковер Джомарта: Героическая сказка в 4-х актах. (По мотивам казахского фольклора).,"РОШАЛЬ, Григорий Львович, ТАЖИБАЕВ, Абдильда Тажибаевич.",,,
5566,Ковер-самолет: [Рассказ].,"ЯКОВЛЕВ, Александр.",,,
5567,Ковер-самолет: Русская сказка. В 3-х ч.,"ГОЛОДНИКОВ, Константин.",,,
5568,Ковер-самолет или Старый колдун: Сказка в 2-х ч.,Имя авт. не установлено.,,,
5569,Ковер Степана Разина: Повесть.,"ИЛЛЕШ, Бела.",,,
5570,Коврига: (Стихи и поэмы).,"УХСАЙ, Яков Гаврилович.",,,
5571,Ковчег: [Рассказ].,"ЛИДИН, Владимир Германович. ",,Будда...,
5572,Ковш: Стихи.,"ВЕРМЕЛЬ, Филипп Матвеевич.",,,
5573,Ковыли: Стихи.,"СОФРОНОВ, Анатолий Владимирович.",,,
5574,Ковыли: Стихи.,"ЧЕРКАСОВ, Николай Михайлович.",,,
5575,Ковыль: Повесть.,"ХОРУНЖИЙ, Анатолий Мефодьевич.",,,
5576,Ковыль горит.,"ГОЛЬДБЕРГ, Александр Яковлевич.",,,
5577,Ковыль — трава степная: Повесть; Рассказы.,"ТИТОВ, Владислав Андреевич.",,,
5578,Ковыльная держава.,"ПОЛИВИН, Николай Георгиевич.",,,
5579,Ковыльный край.,"СОЛОУХИН, Валентин Алексеевич.",,,
5580,Ковыльный сказ: Стихи.,"БОРЕЦКИЙ, Михаил (КАЗМИЧОВ, Павел Петрович) .",,,
5581,Когда?: Новелла.,"НЕЗНАМОВ, Всеволод (ПУРИШКЕВИЧ, Владимир Митрофанович) . ",,Накута и Карни...,
5582,Когда Адам в отпуске: Музыкальная комедия в 3-х д.,"ВИЛКС, Артур Карлович, КУБЛАНОВ, Освальд Моисеевич.",,,
5583,Когда акация цветет: Стихи и поэмы.,КИМ ЦЫН СОН.,,,
5584,Когда б не любила...: Стихи.,"СААКОВА, Валентина Григорьевна.",,,
5585,Когда б три жизни: Стихи и поэма.,"КУРБАННЕПЕСОВ, Керим.",,,
5586,Когда бабушка была маленькая: Повесть для детей.,"КЛАДО, М. Н. (НИКОЛАЕВА, М. Н.).",,,
5587,Когда бессилен скальпель.,"МУСТА-ФАЕВ, Фаис Мустафа оглы.",,,
5588,Когда бессильны пушки.,"ЛЬВОВИЧ, В. (ЗЫБИН, Владимир Львович).",,,
5589,Когда боги смеются: Рассказы.,"ЛОНДОН, Джек.",,,
5590,Когда болит душа...: Повесть.,"ПАНКОВ, Евгений Петрович.",,,
5591,"Когда бродит березовый сок: Повести, рассказы.","АБДУЛЛИН, Ибрагим Ахметович.",,,
5592,Когда бывает трудно: Пьеса в 1-м д.,"САМСОНИЯ, Алексей Аполлонович.",,,
5593,Когда в жару смеются.,"АВАКЯН, Абиг Амазаспович.",,,
5594,«Когда в садах лицея...»: Пьеса в стихах в 3-х актах.,"БАЛАШОВ, Владимир Филиппович.",,,
5595,Когда в сердце тревога: Две повести.,"ЛАНСКОЙ, Марк Зосимович.",,,
5596,Когда в сердце тревога: Драма в 3-х д.,"ЛАНСКОЙ, Марк Зосимович, МОЛЬ-КО, Владимир Ильич.",,,
5597,Когда веет свежестью: Повесть.,"ХАБИНСКИЙ, Марк Петрович.",,,
5598,Когда вернется Андрей: Рассказ.,"МАДАРАС, Эмиль.",,,
5599,Когда вернусь: Рассказы и повесть.,"ГОЛУБКОВ, Дмитрий Николаевич.",,,
5600,Когда взойдет месяц: Пьеса в 1-м д.,"ГРЕГОРИ, Изабелла Августа.",,,
5601,Когда видишь солнце: Лирическая комедия в 4-х д.,"РУБИНШТЕЙН, Илья Соломонович.",,,
5602,Когда вино смеется и плачет: Рассказы.,"ИОВИЦЭ, Владимир Игнатьевич.",,,
5603,Когда вода цвела: Рассказы.,"ВАЛЕЕВ, Рустам Шавлиевич.",,,
5604,Когда возвращается комета: Повести.,"ТАРАЗИ, Аким.",,,
5605,Когда вокруг друзья.,"КЯШКИН, Михаил Андреевич.",,,
5606,Когда вокруг тишина: Повесть.,"АЛЕКСАНДРОВ, Леонид Алексеевич.",,,
5607,Когда Волга спит.,"КОСТЕРИН, Алексей Евграфович.",,,
5608,Когда воскресают солдаты.,"ШЕВЧЕНКО, Виталий Степанович.",,,
5609,Когда восходит солнце: Повесть.,"ЛАМБЕРОВ, Анатолий Григорьевич.",,,
5610,Когда воют волки.,"РИБЕЙРУ, Анилину.",,,
5611,Когда все кончилось: Роман.,"БЕРГЕЛЬСОН, Давид Рафаилович.",,,
5612,Когда все стали соколами: Сокольская утопия.,"ДОРМИДОНТОВ, Ф.",,,
5613,Когда встает солнце...: Драматическая история в 3-х д.,"ТЕРЕНТЬЕВ, Николай Терентьевич.",,,
5614,Когда встречаются двое.,"КУЛЬБАЧ-КО, Геннадий Лукич.",,,
5615,Когда выглянет солнце: Стихи.,"РАЙНИС, Ян.",,,
5616,Когда гаснут звезды: Пьеса в 4-х д.,"ОЗЕРСКИЙ, Александр Яковлевич.",,,
5617,Когда гнев обжигает сердце.,"КАЗАКОВ, Николай Павлович.",,,
5618,Когда говорит оружие: Фронтовые стихи.,"ЕЛИСЕЕВ, Леонид (ПРИЦКЕР, Лев Петрович).",,,
5619,Когда говорит сердце: Рассказ.,"КЕТЛИНСКАЯ, Вера Казимировна.",,,
5620,Когда говорят немые: (Пьеса в 1-м акте).,"ПОТЕМКИНА, Валентина Александровна, ХЕРСОНСКИЙ, Хрисанф Николаевич.",,,
5621,Когда говорят о России...: Избранное.,"ТАТЬЯНИЧЕВА, Людмила Константиновна.",,,
5622,Когда говорят пушки...,"ЛАПИН, Константин Кириллович.",,,
5623,"Когда горит сердце: Очерки, путевые заметки.","ИМШЕНЕЦКИЙ, Николай Иванович.",,,
5624,Когда горит сердце: Рассказы.,"АНДРЕЕВ, Владимир Михайлович.",,,
5625,Когда горит трава: Повесть о северонигерийском племени фулани.,"ЭКВЕНСИ, Киприан (ЭКВЕНСИ, Сиприан).",,,
5626,Когда город спит; Белые паруса.,"УСЫЧЕНКО, Юрий Иванович.",,,
5627,Когда горят костры: Стихи.,"ТИМОХИН, Виктор Александрович.",,,
5628,Когда девушки говорят «да»: Комедия в 3-х актах.,"МОРАТИН, Леандро Фернандес де.",,,
5629,Когда деды были внуками: Повесть.,"САПРОНОВА, Надежда Алексеевна.",,,
5630,Когда дождь и ветер стучат в окно: Документальный роман.,"ГРИГУЛИС, Арвид Петрович.",,,
5631,Когда друг оступился: Повесть.,"ТЮРИКОВ, Владимир Иванович.",,,
5632,Когда другие еще дети.,"ДЗЯРНОВ-СКАЯ, Янина.",,,
5633,Когда дует бора: Повесть.,"ЮНГА, Евгений.",,,
5634,Когда есть любовь: Поэмы.,"КАЛЯЕВ, Санджи Каляевич.",,,
5635,Когда женщина заставляет ждать: Сцены из холостой жизни.,"МОН-ЖУА, Ж. Ж.",,,
5636,Когда женщина оседлает коня.,"НАР-ЛИЕВ, Ходжакули. ",,Невестка...,
5637,Когда женщины плачут: Сборник одноактных веселых пьес.,"ТАМАРИНА, Тамара Владимировна.",,,
5638,Когда жить трудно...: Документальная поветь.,"КОВАЛЕВ, Лев.",,,
5639,Когда заговорили камни.,"ЛЕБЕДЕВ, Вячеслав Алексеевич.",,,
5640,Когда заговорит сердце...: Комедия в 3-х д.,"КРУАССЭ, Франсис де.",,,
5641,Когда заговорит сердце...: Рассказы.,"ИОТУНИ, Мария.",,,
5642,Когда загорается свет: Пьеса в 3-х д.,"ШАРТАНОВ, Аскерби Тахирович.",,,
5643,Когда загораются звезды: Очерки о пензенцах — Героях Социалистического Труда.,"ВЬЮНОВ, Георгий Арсеньевич.",,,
5644,Когда загорится свет.,"ВАСИЛЕВСКАЯ, Ванда Львовна.",,,
5645,Когда замерзли дожди: Рассказы.,"КОРШУНОВ, Михаил Павлович.",,,
5646,Когда заплачет Ирма: Письмо с Бельзенского процесса.,"ЛЕОНОВ, Леонид Максимович.",,,
5647,Когда заря займется: Стихи.,"ШАВ-ЛЫ, Стихван.",,,
5648,Когда зацветают сады: Пьеса в 3-х актах.,"ПОЛЕССКИЙ, Вячеслав Петрович.",,,
5649,Когда зацветут тюльпаны: Повесть.,"ПЕРМЯКОВ, Юрий Владимирович.",,,
5650,"Когда звенят звонки: 6 карт, из учительского быта.","ЛЯШЕНКО, В. В.",,,
5651,Когда звонят колокола...,"АРТАМОНОВ, Михаил Дмитриевич.",,,
5652,Когда земля вскрикнула.,"ДОЙЛЬ, Артур Конан. ",,Маракотова бездна...,
5653,Когда зреет виноград: Комедия в 3-х д.,"БЬЕРНСОН, Бьернстерне.",,,
5654,Когда зреют орехи: Рассказы.,"ЛУПАН, Анна Павловна.",,,
5655,Когда играют дельфины: Повесть.,"КРАЕВСКИЙ, Борис Прохорович, ЛИМАНОВ, Юрий Леонидович.",,,
5656,Когда идет бой: Очерки.,"ВОЗОВИ-КОВ, Владимир Степанович.",,,
5657,Когда идут дожди: Рассказы.,"ФАТХИ-ХОШГИНАБИ, Гамза Али оглы.",,,
5658,Когда идут корни: Повести и рассказы.,"ЛОГИНОВ-ЛЕСНЯК, Павел Семенович.",,,
5659,Когда иней тает.,"СТАНЕВ, Эмилиян.",,,
5660,Когда интересно жить: (Мы из интерната). Пьеса в 3-х д.,"КАРАВАЕВА, Тамара.",,,
5661,Когда исчезает страх: Роман.,"КАПИЦА, Петр Иосифович.",,,
5662,Когда качало меня солнце: Повесть.,"ШЕСТАЛОВ, Юван.",,,
5663,Когда кончается детство: Повесть.,"ЧХАИДЗЕ, Александр Владимирович.",,,
5664,Когда кончился бой: Рассказы.,"КРУКОВСКИЙ, Юрий.",,,
5665,Когда крепнут крылья: Повесть.,"ГАЗИ, Ибрагим.",,,
5666,Когда крепости не сдаются: Роман.,"ГОЛУБОВ, Сергей Николаевич.",,,
5667,Когда кукует кукушка: Рассказы.,"КОДАНЕВ, Иван Васильевич.",,,
5668,Когда листья падали: Рассказы.,"ВИКТОРОВА, Елена Викторовна.",,,
5669,Когда ломаются копья: Комедия в 4-х д.,"ПОГОДИН, Николай Федорович.",,,
5670,Когда любишь...: Лирическая комедия в 3-х д.,"ЗАРУДНЫЙ, Микола (ЗА-РУДНЫЙ, Николай Яковлевич).",,,
5671,Когда любишь...: Лирическая комедия в 3-х д.,"МАЛЫШЕВ, Геннадий Тимофеевич.",,,
5672,Когда любишь дело.,"ИВАНОВ, Леонид Иванович.",,,
5673,Когда мальчишке десять лет.,"МИЛОВА, Галина Павловна.",,,
5674,Когда медицина бессильна...: Рассказы.,"ЛЕНЧ, Леонид.",,,
5675,Когда меня не станет: Пьеса в 3-х актах.,"БЕРНШТЕЙН, Анри. ",После меня.,,
5676,Когда мертвые возвращаются: Драматический фрагмент.,"АЙСБЕРГ, Исидор Ильич.",,,
5677,Когда мертвые оживают: Драма в 3-х д.,"РАЧАДА, Иван.",,,
5678,Когда метелица густая: Стихи.,"ВОРОПАЕВ, Николай Егорович.",,,
5679,Когда метет пурга: Рассказы.,"РЯ-БИНИН, Борис Степанович.",,,
5680,Когда мне сорок...: Стихи и поэма.,"ХАЗРИ, Наби.",,,
5681,Когда молчат экраны: (Научнофантастические повести и рассказы).,"ШАЛИМОВ, Александр Иванович.",,,
5682,Когда молчит совесть: Роман.,"БА-БАНЛЫ, Видади Юсиф оглы.",,,
5683,Когда море неспокойно: Повесть.,"ПОЛИВИН, Николай Георгиевич.",,,
5684,Когда море отступает: Роман.,"ЛАНУ, Арман.",,,
5685,Когда мужает юность: Повесть.,"БЕХТЕРЕВ, Леонид Иванович.",,,
5686—5687,Когда мы были чемпионами: Пьеса в 3-х д.,"МИЛЛЕР, Джейсон.",,,
5688,Когда мы были юными: Повесть.,"КАНАШИН, Иван Иванович.",,,
5689,Когда мы в бой идем.,"ВОЗНЯ К, Александр Александрович.",,,
5690,Когда мы вернемся...: Рассказы.,"РОЗЕН, Александр Германович.",,,
5691,Когда мы взрослеем.,"ЗЕЛЕРАН-СКИЙ, Ниссон Яковлевич.",,,
5692,Когда мы вместе.,"ШОШИН, Михаил Дмитриевич.",,,
5693,Когда мы воскреснем из мертвых: Эпилог в 3-х актах.,"ИБСЕН, Генрик. ","Когда мы, мертвые, проснемся; Когда мы, мертвые, пробуждаемся; Когда мы, мертвецы, пробуждаемся.",,
5694,Когда мы долбили небо: Роман.,"КАТИФОРИС, Никое.",,,
5695,Когда мы красивы: Юмористические рассказы.,"ДРОБИЗ, Герман Федорович.",,,
5696,"Когда мы, мертвецы, пробуждаемся: Драматический   эпилог в  3-х        д.","ИБСЕН, Генрик.",,,
5697,"Когда мы, мертвые, пробуждаемся: Драматический   эпилог в  3-х        д.","ИБСЕН, Генрик.",,,
5698,"Когда   мы, мертвые, проснемся: Драматический   эпилог в  3-х        д.","ИБСЕН, Генрик.",,,
5699,Когда мы росли: Повесть.,"ГУБАЙ, Тариф.",,,
5700,Когда мы смотрим вдаль: Пьеса в 4-х д. С прологом и эпилогом.,"ДАНЦИГЕР, Юрий Борисович, ДОЛЕВ, Дмитрий",,,
5701,Когда мы становимся взрослыми?: Повесть.,"ДЕМИДЕНКО, Михаил Иванович.",,,
5702,Когда на Севере весна.,"ПОПОВ, Владимир Александрович.",,,
5703,Когда надвигалась гроза: (Виктория Лебренн). Роман.,"ЭНЖЕЛЬ, Ю.",,,
5704,Когда нам семнадцать...: Повесть.,"АЛЕКСАНДРОВСКИЙ, Виктор Николаевич.",,,
5705,"Когда нам сорок...: И в шутку и всерьез о том, что касается всех.","МАРКУША, Анатолий.",,,
5706,Когда народ стоит за мир.,"ВОРОНЬ-КО, Платон Никитич.",,,
5707,Когда нас призывают.,"ЭДЕЛЬ, Михаил Владимирович.",,,
5708,Когда наступает весна.,"ХУРЮК-СКИЙ, Тагир (ХУРЮГСКИЙ, Тагир).",,,
5709,"Когда наступает зима: Роман. ХЕТ-ЧИНСОН, А.","С. М. (ХЭТЧИНСОН, Артур Стюарт Ментес).",,,
5710,Когда наступает рассвет...: Роман.,"ФЕДОРОВ, Геннадий Александрович.",,,
5711,Когда наступил мрак: (История одного великого заговора).,"ТОРН, Гай.",,,
5712,Когда наступит час...: Повесть.,"ВОИНОВ, Александр Исаевич.",,,
5713,Когда начинается любовь: Повесть.,"ДАСКАЛОВ, Стоян Цеков.",,,
5714,Когда начинается утро: Роман.,"БАЛКОВ, Ким Николаевич.",,,
5715,Когда начиналось утро: Пьеса в 4-х д.,"ВИРТА, Николай Евгеньевич.",,,
5716,Когда начнешь вспоминать: Повесть.,"НИКОНОВ, Николай Григорьевич.",,,
5717,Когда не могут без тебя: Книга стихов.,"ДУБРОВИН, Борис Саввович.",,,
5718,Когда не спят перепела: Стихи.,"ПОЛУНИН, Николай Федорович.",,,
5719,Когда небо стонало.,"ГОРЛОВ, Александр Георгиевич.",,,
5720,Когда нет войны: Из записок молодого офицера.,"КЛЕНКИН, Анатолий Петрович.",,,
5721,Когда нет свидетелей: Пьеса в 3-х актах.,"МАЗИН, Герман Михайлович, ШАПИРО, И.",,,
5722,Когда нет страха: Рассказы.,"КРАПИВНЫЙ, Олесь (КРАПИВНЫЙ, Александр Павлович).",,,
5723,Когда огни погасли.,"ГАРИН, Сергей. ",,Как они умирали...,
5724,Когда озеро цветет: Рассказы и очерки.,"ГУТТАРИ, Тобиас Осипович.",,,
5725,Когда он придет?: Пьеса в 2-х д.,"КЕРНДЛЬ, Райнер.",,,
5726,Когда они заговорили: Повесть.,"ИЛЬИНА, Мария Федоровна.",,,
5727,Когда опадают листья: Повесть.,"ГУЛЬШИН, Георгий Сергеевич.",,,
5728,Когда опадают листья: Повесть.,"ТИТОВ, Василий Сергеевич.",,,
5729,Когда опадают листья: Стихи.,"АЗЕ-РОГЛУ, Балаш.",,,
5730,Когда опаздывают поезда: Драма в 3-х д.,"КОРОНАТОВА, Елена Ивановна.",,,
5731,Когда останавливаются прялки: Роман.,"ЭРТЭМ, Садри.",,,
5732,Когда остановится поезд: Пьеса в 1-м д.,"ЛУКОВСКИЙ, Игорь Владимирович.",,,
5733,Когда отзвенел малиновый звон.,"МИРОШНИЧЕНКО, Николай Иванович, ТРОХИМЧУК, Николай Захарович.",,,
5734,Когда открываются тайны: (Дзержинцы). Роман.,"СЕРГЕЕВ, Петр Тихонович.",,,
5735,Когда отступает смерть.,"МАР, Наум Иосифович.",,,
5736,Когда отцветают травы: Рассказы.,"БОГДАНОВ, Евгений Федорович.",,,
5737,Когда отцы воевали: Повесть.,"ЛЮБИН, Николай Антонович.",,,
5738,Когда ошибается сердце: Рассказы.,"ИБРАГИМОВ, Гусейн Мамед Али оглы.",,,
5739,Когда падает занавес.,"ЛИ, Ионас Лорик (ЛИ, Юнас).",,,
5740,Когда пал Херсонес...: Роман.,"ЛА-ДИНСКИЙ, Антонин Петрович.",,,
5741,Когда пламенеют листья: Повесть.,"ЧЕРНЕЕВА, Аглая Михайловна.",,,
5742,Когда плачут камни.,"СОКОЛОВ, Василий Дмитриевич.",,,
5743,Когда плачут мужчины.,"КРУКО-ВЕЦ, Евсей Владимирович.",,,
5744,Когда плачут сваты.,"БАХТИАРОВ, Сабир Сальманович.",,,
5745,Когда поднимается флаг.,"МИХАЙЛОВСКИЙ, Николай Григорьевич.",,,
5746,Когда познается дружба.,"АРСА-НОВ, Саидбей Арсанбекович.",,,
5747,Когда полыхали зарницы...: Рассказ о жизни и смерти Коли Руднева.,"МОЛО-ЖАВЕНКО, Владимир Семенович.",,,
5748,Когда поют волны.,"САБИРОВ, Сафа Сабирович.",,,
5749,Когда поют дожди: Очерк.,"МИКА-ВА, Николай Маркович.",,,
5750,Когда появляется девушка: Романтический водевиль в 1-м акте с пением и танцами.,"ЛЕВИН, Лев Давидович.",,,
5751,Когда приближаются дали...: Роман о реальной мечте.,"НЕМЦОВ, Владимир Иванович.",,,
5752,Когда придет мой час: Пьеса в 2-х актах.,"ГАРУЧАВА, Инга Георгиевна, ХОТЯНОВСКИЙ, Петр Андреевич.",,,
5753,Когда придет твой час: Повесть.,"МАРЯГИН, Георгий Александрович.",,,
5754,Когда прилетят скворцы: Из раннего детства.,"КАЛНЫНЬ, Ян (КАЛНИНЬ, Ян Янович).",,,
5755,Когда приходит аппетит.,"КАРАСЕВ, Андрей Васильевич, РЕВЗИН, Сергей Владимирович.",,,
5756,Когда приходит весна: Повесть.,"АБДУЛЖАЛИЛОВ, Фазиль Апасович.",,,
5757,Когда приходит любовь: Повесть.,"ПАРФЕНОВ, Александр Васильевич.",,,
5758,Когда приходит любовь: Пьеса в 1-м д.,"САВЕЛЬЕВ, Л.",,,
5759,Когда приходит любовь: Рассказы.,"МИНУТКО, Игорь Александрович.",,,
5760,"Когда приходит любовь: Рассказы, фельетоны.","МИНЬКОВ, Константин Иванович.",,,
5761,«Когда приходит любовь» и другие рассказы.,"СКУИНЬ, Зигмунд Янович.",,,
5762,Когда приходит ответ.,"ВЕБЕР, Юрий Германович.",,,
5763,Когда приходит счастье: Драма в 4-х д.,"ТЕРЕНТЬЕВ, Николай Терентьевич.",,,
5764,Когда приходит счастье: Повесть.,"ПОРТНОВ, Константин Федорович.",,,
5765,Когда пробудились поля: Повесть; Чинары моих воспоминаний: Повесть; Рассказы.,"ЧАНДАР, Кришан.",,,
5766,Когда пробуждаются великаны.,"ГАРИН, Семен Семенович.",,,
5767,Когда пробуждаются вулканы: Роман.,"БЕЛОВ, Михаил Прокопьевич.",,,
5768,Когда пробуждаются камни: Повесть и рассказы.,"ЦАГАРАЕВ, Максим Николаевич.",,,
5769,Когда прозвенел звонок: Повесть.,"ОБУХОВ, Михаил Михайлович.",,,
5770,Когда пропадает страх:' Повести.,"САМОШЕНКО, Алексей Иванович.",,,
5771,Когда проснется спящий.,"УЭЛЛС, Герберт Джордж.",,,
5772,Когда протрубили тревогу...: Документальные повести.,"МОРОЗОВ, Вячеслав Николаевич.",,,
5773,Когда пустота в голове.,"МОРАЛЕ-ВИЧ, Александр Юрьевич.",,,
5774,Когда пылал широкий Днепр.,"ГО-ЛОСОВСКИЙ, Игорь Михайлович.",,,
5775,Когда разливаются реки: Роман.,"ТЕВЕКЕЛЯН, Варткес Арутюнович.",,,
5776,Когда разлучаются двое: Рассказы.,"ВРУБЛЕВСКИЙ, Владимир Владимирович.",,,
5777,Когда разлучаются двое: Трилогия.,"АВТОМОНОВ, Павло (АВТОМОНОВ, Павел Федорович).",,,
5778,Когда разрушаются дворцы: Исторический роман из эпохи великой французской революции.,"АЛТАЕВ, Ал.",,,
5779,Когда раскрываются фиалки: Пьеса.,"ДАРБНИ, Аршавир.",,,
5780,Когда рассеивается туман.,"КАРАСЕВ, Леонид Павлович. ",,Иду на таран...,
5781,Когда расходится туман: Повести и рассказы.,"КЛЕЩЕНКО, Анатолий Дмитриевич.",,,
5782,Когда расходятся пути: Роман.,"РАСИХ, Атилла.",,,
5783,Когда расходятся пути: Роман.,"ЧУДАСОВ, Евгений Васильевич.",,,
5784,Когда расцветает сосна: Рассказы и сказки.,"ИВАНОВ, Всеволод Вячеславович.",,,
5785,Когда расцветают подснежники: Рассказы.,"КРАСИЛЬНИКОВ, Александр Матвеевич.",,,
5786,Когда расцветут яблони...: (Драма в 4-х д.).,"БАРАНОВ, Александр Ильич, ЦАМ, Вера Васильевна.",,,
5787,Когда река меняет русло: Роман.,"ОСТРОВЕР, Леон Исаакович.",,,
5788,Когда решались судьбы: Роман.,"МАРКИН, Илья Иванович.",,,
5789,Когда Родина в опасности: Записки о Минском подполье.,"КАЗАЧЕНОК, Владимир Степанович.",,,
5790,Когда рождается прекрасное: Пьеса в 4-х д.,"КАМАЛ, Шариф.",,,
5791,Когда рождается прекрасное: Роман.,"КАМАЛ, Шариф.",,,
5792,Когда рождался Октябрь: (Рассказ Ивана Матвеича).,"НИКИШИН, Петр Осипович.",,,
5793,Когда рядом друг: Повесть.,"ЖИДКОВ, Владимир Прохорович.",,,
5794,Когда рядом друг: Роман.,"ТРУСОВ, Юрий Сергеевич.",,,
5795,Когда рядом друзья: Повесть.,"СТРУИНА, Римма Михайловна.",,,
5796,Когда рядом друзья: Повесть и рассказы.,"ЧЕБАЛИН, Петр Львович.",,,
5797,Когда светало...,"БОКОВ, Виктор Федорович.",,,
5798,Когда светит солнце: Рассказы.,"ШЕВЕЛОВ, Виктор Макарович.",,,
5799,"Когда семь больше ста: Рассказы о том, как чудесное рождается в простом.","ГОРДИН, Руфин Руфинович.",,,
5800,Когда сердце бьется комсомольское.,"ГОДЛЕВСКИЙ, Петр Лукьянович.",,,
5801,Когда серебрится Аму: Роман.,"ВЕДУТА, Александр Тимофеевич.",,,
5802,Когда сжимаются кулаки: [Автобиографическая повесть].,"БЕЛЛАНЖЕ, Роже.",,,
5803,Когда сжимаются кулаки: Повести.,"БАНЫКИН, Виктор Иванович.",,,
5804,Когда сливаются реки: Роман.,"БРОВКА, Петрусь.",,,
5805,Когда служили мы: Повести. Рассказы. Очерки.,"ХОРУНЖИЙ, Анатолий Мефодьевич.",,,
5806,Когда совесть проснулась: (Воры-джентльмены). Шутка в 1-м д.,"АЛЕКО (ГИДОНИ, Александр Иосифович).",,,
5807,Когда солнце сгорает: Стихи.,"ГО-ЛОВАТЫЙ, Геннадий Алексеевич.",,,
5808,Когда сомкнутся кроны: Рассказы.,"ЖУРАХОВИЧ, Семен Михайлович.",,,
5809,Когда спит справедливость: Роман.,"МАММЕРИ, Мулуд.",,,
5810,Когда спящий пробудится: Повесть.,"УЭЛЬС, Г. (УЭЛЛС, Герберт Джордж).",,,
5811,Когда спящий проснется: Пьеса в 6-ти эпизодах.,"ЗАГОРСКИЙ, Михаил Борисович.",,,
5812,Когда спящий проснется: Роман.,"УЭЛЛЬС, Герберт (УЭЛЛС, Герберт Джордж).",,,
5813,Когда стало немножко теплее: Рассказы.,"ТОКАРЕВА, Виктория Самойловна.",,,
5814,Когда становятся короче дни: Повесть и рассказы.,"СУХАНОВА, Наталья Алексеевна.",,,
5815,Когда стартуют ракеты: Пьеса.,"ВИНОГРАДОВ, Юрий Александрович.",,,
5816,Когда судят мальчишку...: (Рассказы юриста).,"САХАРОВ, Александр Борисович.",,,
5817,Когда сходятся берега.,"БЫТОВОЙ, Семен.",,,
5818,Когда танцуют розы: Пьеса-сон.,"ПЕТРОВ, Валерий.",,,
5819,Когда тебе верят: (С открытой душой). Пьеса в 4-х д. (Окончательный вариант).,"МОЖАРОВ, Виктор Васильевич.",,,
5820,Когда тебя любят: Драма в 2-х ч.,"БЕЙШЕНАЛИЕВ, Шукурбек.",,,
5821,Когда тебя Россия позовет...,"ЛЕВЧЕНКО, Ирина Николаевна.",,,
5822,Когда-то было в старину: Драма в 4-х актах.,"ГЮГО, Виктор. ",Мария Тюдор.,,
5823,Когда труба зовет.,"СЕЛЯНКИН, Олег Константинович.",,,
5824,Когда ты в пути.,"КАЗАКОВА, Лина.",,,
5825,Когда угасает «неугасимая».,"КАРСКИЙ, Владимир Георгиевич.",,,
5826,Когда уезжает друг: Рассказы.,"ЯКОВЛЕВ, Юрий Яковлевич.",,,
5827,Когда улетают журавли: Стихи и поэма.,"ПЮРБЮ, Сергей Бакизович.",,,
5828,Когда улетают птицы: Юмористические рассказы.,"ДЕРЕЦКИЙ, Феликс.",,,
5829,Когда улыбаются окна: Стихи.,"ГЕТТУЕВ, Максим Исмаилович.",,,
5830,Когда умирает страх: Драма в 2-х д.,"ШАТАЛИН, Анатолий Алексеевич.",,,
5831,Когда умывалось солнце: Рассказы.,"АВАЛИАНИ, Ладо.",,,
5832,Когда усмехнулся Плутарх: Фанта-стическо-сатирические рассказы.,"КАЛИНОВСКИЙ, Иван Александрович.",,,
5833,Когда утихла буря: Повести.,"ТОМАН, Николай.",,,
5834,Когда уходит август: Стихи.,"АКУЛИНИЧЕВ, Иван Федорович.",,,
5835,Когда уходят годы: Повесть и рассказы.,"СОЛОВЬЕВ, Виктор Алексеевич.",,,
5836,Когда уходят корабли: Стихи.,"РЯД-ЧЕНКО, Иван Иванович.",,,
5837,Когда Хаим Меламед кушает бублик?,"РЕЙЗИН, Авраам.",,,
5838,Когда хочется жить: (Последний шанс). Драма в 2-х д.,"БЫКОВ, Василь (БЫКОВ, Василий Владимирович).",,,
5839,"Когда хочется плакать, не плачу: Роман.","ОТЕРО СИЛЬВА, Мигель.",,,
5840,Когда хочется толкнуть солнце: Рассказы.,"БИБИК, Алексей Павлович.",,,
5841,Когда цветет акация: Комедия в 3-х д.,"ВИННИКОВ, Николай Георгиевич.",,,
5842,Когда цветет вишня: [Рассказ].,"СОБОЛЬ, Андрей. ",,Китайские тени...,
5843,Когда цветет вишня: Стихи.,"УГАРОВ, Андрей.",,,
5844,Когда цветет молодое вино: Комедия в 3-х д.,"БЬЕРНСОН, Бьернстьерне (БЬЕРНСОН, Бьернстерне). ",Когда цветет новое вино.,,
5845,Когда цветет новое вино...: Комедия.,"БЬЕРНСОН, Бьернстьерне (БЬЕРНСОН, Бьернстерне).",,,
5846,Когда цветет папоротник.,"КУЗНЕЦОВ, Сергей Афанасьевич.",,,
5847,Когда цветет урюк: Сборник стихов.,"АЛИМДЖАН, Хамид.",,,
5848,Когда цветут камни: (Последний удар). Роман.,"ПАДЕРИН, Иван Григорьевич.",,,
5849,Когда цветут мимозы: Были о героях.,"РОГОТЧЕНКО, Алексей Петрович.",,,
5850,Когда цветут реки: Историческая повесть.,"РУБИНШТЕЙН, Лев Владимирович.",,,
5851,Когда цветут розы: Киносценарий.,"ФАЙЗУЛИН, Камил Искандерович.",,,
5852,Когда цветут розы: Комедия в 4-х д.,"КРЕЙН, Анатолий Давидович, ТРИГЕР, Макс Яковлевич.",,,
5853,Когда человек любит...: (Опасная зона). Героическая комедия о рабочих-строителях в 7-ми карт.,"СОБОЛЕВ, Игорь Владимирович.",,,
5854,Когда человек любит: Повесть и рассказы.,"ИНФАНТЬЕВ, Вадим Николаевич.",,,
5855,Когда человек не сдается: Очерки.,"СЕЛИВАНОВ, Федор Тихонович.",,,
5856,Когда человек один: Рассказы.,"ЛОРДКИПАНИДЗЕ, Константин Александрович.",,,
5857,Когда человек прав: Рассказы и повести.,"КУЗЬМИН, Николай Павлович.",,,
5858,Когда человека не было.,"АНГЕЛОВ, Димитр.",,,
5859,Когда человеку семнадцать: Рассказы и повесть.,"ЛЕВИН, Борис Наумович.",,,
5860,Когда человеку трудно: Повесть и рассказы.,"ДЖИМБИЕВ, Андрей Манга-ныкович.",,,
5861,Когда шагаешь по земле.,"ЧИСТОВ-СКИЙ, Олег Григорьевич.",,,
5862,Когда шла война...,"ТЮРИКОВ, Владимир Иванович.",,,
5863,Когда шоколад горек: Водевиль в 1-м д.,"МУХТАРОВ, Гусейн Мухтарович.",,,
5864,Когда шумит Ильмень-озеро: Стихи.,"МАТУСОВСКИЙ, Михаил Львович.",,,
5865,Когда шумит рожь: Рассказы и повесть.,"МАКСИМОВ, Евгений Васильевич.",,,
5866,Когда шумят дубы: Стихи и поэма.,"КАРИМ, Ханиф.",,,
5867,Когда шумят леса...: Героическая драма в 4-х д. с прологом.,"ПАТЕНКОВ, Иван Михайлович.",,,
5868,Когда Шурик был маленький: Рассказ.,"ПОРОХОВЩИКОВА, Маруся (ПОРОХОВЩИКОВА, Мария Александровна).",,,
5869,Когда юность уходит...,"ШУТОВ, Виктор Васильевич.",,,
5870,Когда я был бродягой.,"ЛОНДОН, Джек.",,,
5871,Когда я был вожатым: Повесть.,"БОГДАНОВ, Николай Владимирович.",,,
5872,Когда я был еще пастушком.,"РО-ЗЕГГЕР, Петер.",,,
5873,Когда я был мальчишкой.,"САНИН, Владимир Маркович. ",,У земли на макушке...,
5874,Когда я был мальчишкой.,"ЯГАН, Иван Павлович.",,,
5875,Когда я была институткою: Воспоминания.,"ЗАВЕДЕЕВА, О. П.",,,
5876,Когда я была маленькая: Рассказы.,"СТАНЮКОВИЧ, Л.",,,
5877,Когда я была мужчиной: Из записок женщины. Роман.,"ЛЕМОНЬЕ, Камилл.",,,
5878,Когда я снова буду...,"ГЛЕБОВА, Лиана Дмитриевна (ГЛЕБОВА, Лина).",,,
5879,Когда я снова стану маленьким: Повести.,"КОРЧАК, Януш.",,,
5880,Кого взять: Комедия в 1-м д.,"ГЕН-НЕКЕН, Морис (ЭННЕКЕН, Морис).",,,
5881,Кого жалеть?: Поэма.,"УХТОМСКИЙ, Эспер Эсперович.",,,
5882,Кого ждет деревня: (Повесть).,"ЛЬВОВ, Дмитрий Васильевич.",,,
5883,Кого и что обожают в Риге: Куплетэкспромт под знакомый мотив из цыганских романсов.,"САМАРСКАЯ, Софья Владимировна.",,,
5884,Кого из двух?: Трагический эпизод из жизни нормандских рыцарей.,"ДУХ БАН-КО (ГЛИКМАН, Давид Иосифович).",,,
5885,Кого ищешь?: Мистерия.,"МИНСКИЙ, Николай.",,,
5886,Кого люблю...: [Рассказы и очерки].,"РАДОВ, Георгий.",,,
5887,Кого я люблю: [Стихи].,"СОКОЛОВ, Василий Андреевич.",,,
5888,"Кого любят, того губят: Драма в 4-х д. (Из народного быта).","ВЛАДИМИРСКИЙ, Виктор Александрович.",,,
5889,Кого не возьмет Новый год.,"ТЕРЕХИН, В., ФОТЕЕВ, Виктор.",,,
5890,Кого ты любишь?: Две тетради.,"ЛЕОНТЬЕВ, Борис Леонтьвич.",,,
5891,"Коготок увяз, всей птичке пропасть: Драма.","ТОЛСТОЙ, Лев Николаевич.",,,
5892,Когти: Роман.,"ПЕРМИТИН, Ефим Николаевич.",,,
5893,Когти тигра: Повести о военных моряках.,"ПЛАТОВ, Леонид.",,,
5894,Кодексы.,"ОБРЕГОН МОРАЛЕС, Роберто.",,,
5895,Кодзи: Роман.,"ХОСОИ, Вакидзе. ",Текстильщик Кодзи.,,
5896,Кодин.,"ИСТРАТИ, Панаит.",,,
5897,Кодры; Мосты: Романы.,"ЧОБАНУ, Ион Константинович.",,,
5898,Кодры: Роман.,"МУРАТОВ, Николай Григорьевич. ",Опасные рубежи.,,
5899,Коевангелиеран.,"КУСИКОВ, Александр.",,,
5900,"Кое-кто, кое-что; Человеческая жизнь: Ногайское сказание; Муж с того света: Рассказ; Страничка из жизни графа Толстого.",Имя авт. не установлено.,,,
5901,Кое-что: [Рассказы и пьеса].,"КОЕ-КТО (СУВОРИН, Михаил Алексеевич).",,,
5902,Кое-что: [Сказка].,"АНДЕРСЕН, Ганс-Христиан. ",,Дорожный товарищ...,
5903,Кое-что в стихах.,АВВЕ.,,,
5904,Кое-что для жизни: Размышления и советы в стихах.,"МАЛЮКОВ, Тимофей Иванович.",,,
5905,Кое-что о Васюковых...,"ШАТРОВ, Самуил.",,,
5906,Кое-что о моей кровати.,Имя авт. не установлено.,,,
5907,Кое-что о сибиряках.,"ШУГАЕВ, Вячеслав Максимович.",,,
5908,Кожанка: Стихи.,"МАЛАХОВ, Сергей Арсеньевич.",,,
5909,Кожанка: Стихи.,"ШЕХТЕР, Михаил.",,,
5910,Кожаные перчатки: Повесть.,"АЛЕКСАНДРОВ, Михаил Николаевич.",,,
5911,Кожаный актер.,"ЩЕГЛОВ, Иван. ",,Корделия...,
5912,Кожаный ошейник: Роман.,"БЛЕК, Рене.",,,
5913—5914,Кожаный чулок: Пять рассказов.,"КУПЕР, Джеймс Фенимор.",,,
5915,Коза и всемогущий бог: Антирелигиозные юмористические рассказы.,"ГАШЕК, Ярослав.",,,
5916,Козара.,"ОЛЯЧА, Младен.",,,
5917,"Козачий офицер: Комедия в 1-м д., взятая из анекдота, случившегося в царствование Петра Великого при взятии Полтавы.","КЮВЕЛЬЕ ДЕ ТРИ, Жан Гийом.",,,
5918,Козел бунтовщик или Машина свадьба: Новейшая повесть.,"БАЗИЛЕВИЧ, Николай.",,,
5919,Козел в огороде: Повесть.,"СЛЕЗ-КИН, Юрий Львович.",,,
5920,Козел в огороде: [Рассказ].,"АРДОВ, Виктор.",,,
5921,Козел и дед.,"ИВАНОВ, Евгений.",,,
5922,Козел лорда Бэмптона: Рассказ.,"РОБЕРТС, Морлей.",,,
5923,Козел отпущения: Комедия-фарс в 1-м д.,"ВАСИЛЬЕВСКИЙ, Аркадий Константинович.",,,
5924,Козелихинский дьякон.,"ГУСЕВ- ОРЕНБУРГСКИЙ, Сергей Иванович.",,,
5925,Козетта: Из романа «Отверженные».,"ГЮГО, Виктор.",,,
5926,Козий загон: Пьеса в 3-х д.,"КАМЕНСКИЙ, Василий Васильевич.",,,
5927,Козленок; Рыжка; Пастух на Севере: Три рассказа.,"ПРУЖАНСКИЙ, Н. (ЛИ-НОВСКИЙ, Николай Осипович).",,,
5928,Козлиная песнь: Роман.,"ВАТИНОВ, Константин.",,,
5929,Козлиные бесы: Сценка в 1-м д.,"ЗАВАЛИШИН, Александр Иванович.",,,
5930,Козлы отпущения: (Повесть).,"ПОД-НОЗОВА, М. П.",,,
5931,Козлы отпущения: Пьеса в 3-х д.,"НИКОЛАИ, Альдо.",,,
5932,Козни иезуитов: Исторический роман. Из времен Генриха IV. Т. 1—2.,"АНРИ, ГЮЛО.",,,
5933,Козни сатаны.,"ЗАКС, Андреас Адамович.",,,
5934,Козочка: Драматический эскиз в 1-м д.,"ТРОФИМОВ, Александр.",,,
5935,Козочка господина Сегена.,"ДОДЭ, Альфонс (ДОДЕ, Альфонс).",,,
5936,Козы Корпеш и Баян Слу: Пьеса в 4-х д.,"МУСРЕПОВ, Габит Махмудович.",,,
5937,Козыри: Роман в 2-х ч. из современной русской жизни.,"НЕСТЕРОВ, М. М.",,,
5938,Козыри монаха Григория: Повесть.,"АНАНЬЕВ, Анатолий Андреевич.",,,
5939,Козыриха: Драма в 3-х д.,"КУРОЧКИН, Виктор Александрович.",,,
5940,Козырные валеты: Роман из современной московской жизни.,ЧЕРНАЯ МАСКА.,,,
5941,Козырь: Комедия в 3-х д.,"ЗАПОЛЬ-СКАЯ, Габриэля.",,,
5942,Козырь: Комедия в 4-х д.,"ТИХОНОВ, Владимир Алексеевич.",,,
5943,Козырь в чужой колоде: Оригинальная шутка в 1-м д.,"САНИН, Александр (КОР-МИЛИЦЫН, Александр Васильевич).",,,
5944,Козьма Захарьич Минин-Сухорук: Драматическая хроника (1611 —1613) в 5-ти д. в стихах (переделанная автором для сцены).,"ОСТРОВСКИЙ, Александр Николаевич.",,,
5945,Козьма Минин: Народная драма в 4-х д. (По роману Костылева «Козьма Минин»).,"КОСТЫЛЕВ, Валентин Иванович, ЛОНДОН, Теодор Исаакович.",,,
5946,Козьма Минин: [Отрывок из романа «Юрий Милославский или Русские в 1612 году»].,"ЗАГОСКИН, Михаил Николаевич.",,,
5947,Козьма Минин: Роман.,"КОСТЫЛЕВ, Валентин Иванович. ",Кузьма Минин.,,
5948,"Козьма Рощин, атаман разбойников: Предание.",Имя авт. не установлено. ,"Козьма Рощин, страшный атаман разбойников.",,
5949,"Козьма Рощин, страшный атаман разбойников: Предание.",Имя авт. не установлено.,,,
5950,Козья морда: Повесть.,"САРТАКОВ, Сергей Венедиктович. ",Медленный гавот.,,
5951,Козявкин сын: Рассказ.,"ГОЛУБЕВ, Павел Арсеньевич.",,,
5952,Кой-про-что; Из путевых заметок.,"УСПЕНСКИЙ, Глеб Иванович.",,,
5953,Кок Туйгун: (Голубой ястреб). Сказка. В 3-х д.,"ШВЕМБЕРГЕР, Виктор Александрович.",,,
5954,Кокаинны божьи: Стихи.,"АКАШЕ-ВА, Елизавета.",,,
5955,Кока-Коле.,"ПОЗНЯКОВ, Николай Иванович.",,,
5956,Коке: Повесть.,"КАСЫМБЕКОВ, Толеген.",,,
5957,Кокетство Ванды: Роман из галицко-русской жизни.,"ДОСИНЧУК, Федор Иванович.",,,
5958,Кокетство и любовь: Роман. В 2-х ч.,"КОК, Поль де.",,,
5959,Коки из Бангари: Рассказы.,"ХАРДИ, Фрэнк.",,,
5960,Коклюш.,"ГОХШТЕТТЕР, Густав. ",,Телеграмма...,
5960а,Коко.,"МОПАССАН, Ги де. ",,Бродяга...,
5961,Кокоро: (Сердце). Очерки молодой Японии.,"ХЫРН, Лефкадио (ХЕРН, Лаф-кадио).",,,
5962,Кокосовое молоко.,"ЭРРЕРА ВЕЛА-ДО, Франсиско.",,,
5963,Кокосовый орех: Рассказы.,"ПРОБА-ТОВ, Александр Николаевич.",,,
5964,Кокуй-городок: Повесть.,"ФОМИН, Леонид Аристархович.",,,
5965,Кокушка и царь Краснопер и Суженого на коне не объедешь: Две сказки.,Имя авт. не установлено.,,,
5966,Кокцидиоз.,"ДРОЗДОВ, Александр Михайлович.",,,
5967,Кокче-тау: Голубая гора.,"СЕЙФУЛ-ЛИН, Сакен.",,,
5968,Кола Брюньон.,"РОЛЛАН, Ромен. ",Николка Персик.,,
5969,Кола-ди-Риензи: Последний римский трибун. Историческая драма в 5-ти д.,"УРУСОВ, Леонид Герасимович.",,,
5970,"Кола ди-Риензи, последний римский трибун: Исторический роман.","ЛИТТОН- БУЛЬВЕР, Эдуард (БУЛВЕР-Л ИТТОН, Эдуард Джордж).",,,
5971,Кола ди Риенци: Последний римский трибун. Исторический роман.,"БУЛЬ-ВЕР-ЛИТТОН, Эдвард (БУЛВЕР-ЛИТТОН, Эдуард Джордж).",,,
5971а,Коларов.,"КАРТАШОВ, С. ",,Забавная история...,
5972,Колбат: Повесть о связной собаке.,"ЕМЕЛЬЯНОВА, Нина.",,,
5973,Колдовское дерево.,"АДАРОВ, Ар-жан Оинчинович.",,,
5974,Колдовство и пытка: Пьеса в 1-м д. с прологом. (Воспроизведение сцен из процессов ведьм).,"ТУХОЛКА, С.",,,
5975,"Колдоговор: Сатирическое обозрение. (В 4-х карт, с прологом).","ДОЛЕВ, Дмитрий (ДОЛЬ).",,,
5976,Колдун: Поэма.,"СПАССКИЙ, Сергей Дмитриевич.",,,
5977,Колдун: Представление о жизни и приключениях первого русского книгопечатника Ивана Федорова.,"ПЕЛОВ, Сергей (ДЗЮБИНСКИЙ, Сергей Николаевич).",,,
5978,Колдун: Рассказ.,"ДОРОХОВ, Павел Николаевич.",,,
5979,Колдун: [Рассказ].,"ИКОННИКОВ, Николай Григорьевич. ",,Отцеубийство или Неблагодарность сына...,
5980,Колдун: Рассказ из военной жизни.,"КАРАУЛОВ, Михаил Федорович.",,,
5981,Колдун: Рассказ из народного быта.,"КЕМИН, Ф.",,,
5982,Колдун: Рассказы и повесть.,"КРЕ-ВЕ, Винцас.",,,
5983,Колдун: Роман в 2-х ч.,М. ,,,
5984,Колдун: Старинная донская повесть.,И. Ч.,,,
5985,Колдун: [Стихи].,"СМУРОВ, Феодор (СМУРОВ, Федор Филиппович).",,,
5986,Колдун: Фарс в 3-х д.,"БИССОН, Александр, СОНАЛЬ, Марк.",,,
5987,"Колдун-болтун: Деревенская быль из рассказов Семена Кафтырева, народного чтеца-актера. Для легкого чтения в утеху и пользу с разъяснением народных суеверий и предрассудков.","КАФТЫРЕВ, Семен Никанорович.",,,
5988,"Колдун, знахарь и чародей Черная кошка.",Имя авт. не установлено. ,Колдун Черная кошка.,,
5989,Колдун и его дети: Старинная русская сказка.,"МАРТЫНОВ, Авксентий Матвеевич.",,,
5990,Колдун и очарованный богатырь: Фантастическая повесть в 2-х ч.,Имя авт. не установлено.,,,
5991,Колдун и ученый.,"СКАЛ ДИН, Алексей Дмитриевич.",,,
5992,Колдун или Приворотный корень: Быль XIX века.,М. Т. ,,,
5993,Колдун или Ученых учить — лишь портить: Комедия-водевиль в 2-х д.,И. Л.,,,
5994,Колдун-мертвец и солдат-храбрец: Русская народная сказка.,КАБСКИЙ.,,,
5995,Колдун на Сухаревой башне или Искусство делать золото: Фантастический рассказ лунатика.,"ПОТАПОВ, Василий Федорович.",,,
5996,Колдун-поджигатель.,Имя авт. не установлено. ,Страшный колдун-поджигатель.,,
5997,Колдун уходит на пенсию: Повесть.,"МЯЧИН, Юрий Иванович.",,,
5998,Колдун Черная кошка. (Загл. обл ).,Имя авт. не установлено. ,"Колдун, знахарь и чародей Черная кошка.",,
5999,Колдуны: Пьеса в 6-ти карт.,"СТО-РОЖЕВА, Мария Федоровна.",,,
6000,Колдуны: Рассказы.,"ГУМИЛЕВСКИЙ, Лев Иванович.",,,
6001,Колдуны дома № 6: Пьеса-маскарад в 3-х д.,"АНТОКОЛЬСКИЙ, Александр Альбертович.",,,
6002,Колдунья: Драма в 5-ти д.,"САРДУ, Викторьен.",,,
6003,Колдунья: Новелла.,"ФРАНЦОЗ, Карл Эмиль.",,,
6004,Колдунья: Рассказ.,"ОРЖЕШКО, Элиза (ОЖЕШКО, Элиза). ",Ведьма; Дзюрди; Тяжелый грех.,,
6005,Колдунья Марина: Историческая повесть.,"МИХЕЕВ, Василий Михайлович.",,,
6006,Колебания: Роман.,МАО ДУНЬ.,,,
6007,Колейный путь: Драма в 3-х д.,"ВАГЕНГЕЙМ, А.",,,
6008,Колен Лартье.,"ОЛИВЬЕ, Жан.",,,
6009,Колеса: Роман.,"СОЛЬСКИЙ-ПАН-СКИЙ, В. (СОЛЬСКИЙ, Вацлав Александрович) .",,,
6010,Колеса фортуны: Роман.,"УЭЛЛС, Герберт Джордж.",,,
6011,Колесница: Стихи. Поэмы.,"ПОЦХИ-ШВИЛИ, Морис Фомич.",,,
6012,Колесница Джаггернаута.,"ЩЕГЛОВ, Дмитрий Алексеевич.",,,
6013,Колесница солнца: Стихи.,"БАЧЧАН, Хариваншрай.",,,
6014,Колесный пароход: Стихи.,"ЧЕРЕВ-ЧЕНКО, Александр Иванович.",,,
6015,Колесо: Книга лирики.,"ЧЕРЕВЧЕН-КО, Александр Иванович.",,,
6016,Колесо: Рассказы.,"ЕСИНЕНКУ, Ни-олай (ЕСИНЕНКУ, Николае Гаврилович).",,,
6017,Колесо: [Роман].,"ИЕНСЕН, Иоганнес Вильгельм.",,,
6018,Колесо: Стихи.,"ОРЛОВ, Сергей Сергеевич.",,,
6019,Колесо: Трагедия; Конец романа: Драма; Американская любовь: Комедия.,"КОСТОМАРОВА, Александра Коронатовна.",,,
6020,Колесо времени: Пьеса в 4-х д. с прологом.,"ЛУПАН, Анна Павловна.",,,
6021,Колесо времени: Роман.,"КУПРИН, Александр Иванович.",,,
6022,Колесо жизни: Повесть.,"КОТ-МУРЛЫКА (ВАГНЕР, Николай Петрович).",,,
6023,Колесо над землей: Дорожные записи.,"ЛИХОДЕЕВ, Леонид.",,,
6024,Колесо счастья: Пьеса в 3-х д.,"БЕРНШТЕЙН, Анри.",,,
6025,"Колесо счастья или Униженная спесь: Сатирическая повесть. @ Предполагаемое имя авт.: Телепнев,",Н.,,,
6026,Колесов: (Зверь в человеке). Драма в 4-х д.,"ГАНИН, Павел.",,,
6027,Колесом дорога.,"БАГРОВ, Сергей Петрович.",,,
6028—6029,Колесоножка и Быстрозвонка: Сказка.,"ПАЙЭР, В.",,,
6030,Колечко: [Рассказ].,"ЛУКАШЕВИЧ, Клавдия.",,,
6031,Колибри: Комедия в 1-м д. в стихах.,"ЛЕГРАНЖ [!], Л. (ЛЕЖАНДР, Луи).",,,
6032,Колибри: (Эскиз).,Л. К.,,,
6033,Колины именины: Комедия в 1-м д.,"ЛЯЛИНА, Мария Андреевна.",,,
6034,Коллас или Кто управляет Францией?: Историческая повесть.,"ЦШОККЕ, Генрих.",,,
6035—6037,Коллега Крамтон: Комедия в 5-ти д.,"ГАУПТМАН, Гергарт.",,,
6038,Коллектив: Пьеса в 4-х д.,"ОЗИМЫЙ, Б.",,,
6039,Коллекция геолога Картье: Роман.,"РЫКАЧЕВ, Яков Семенович, ТИСОВ, Лев Николаевич.",,,
6040,Коллекция медных монет: Пьеса в 4-х д.,"БУДАНЦЕВ, Сергей Федорович.",,,
6041,Коллекция мистера Туманова.,"ЛАБКОВСКИЙ, Наум Давыдович.",,,
6042,Коллокация: Повесть.,"КОРЖЕНЕВ-СКИЙ, Иосиф (КОЖЕНЕВСКИЙ, Юзеф).",,,
6043,Колобовы: Роман в стихах.,"САЯНОВ, Виссарион.",,,
6044,Колобок.,"ПРИШВИН, Михаил Михайлович.",,,
6045,"Коловерть: Пародии, басни, эпиграммы.","РАБЕКО, Игорь Иванович.",,,
6046,Кологривский волок: Повесть.,"БОРОДКИН, Юрий Серафимович.",,,
6047,Колодезное зеркало.,"БЭЭКМАН, Эмэ Артуровна. ",,Маленькие люди...,
6048,Колодезь и маятник: Рассказы.,"ПО, Эдгар Аллан.",,,
6049,Колодезь Иакова: Роман.,"БЕНУА, Пьер.",,,
6050,Колодец: Драма в 1-м д.,"МЕНЬШИКОВ, Виктор Михайлович.",,,
6051,Колодец: Стихи.,"СОЛОУХИН, Владимир Алексеевич.",,,
6052,Колодец Дэвли.,"БАЙРАМОВ, Нуры Байрамович.",,,
6053,Колодец мудрецов: Из серии рассказов «Легенды о Христе».,"ЛАГЕРЛЕФ, Сельма. ",,Святая ночь... Изд. также под загл.: Кладезь Мудрецов.,
6054,Колодец с абсентом.,"МИЛЛЬ, Пьер.",,,
6055,Колодец ткакура: Рассказы.,"ЧАНД, Прем (ПРЕМЧАНД).",,,
6056,Колодец у белой дороги.,"БУДАКОВ, Виктор Викторович.",,,
6057,Колодцы: Стихи.,"РАЧКОВ, Николай Борисович.",,,
6058,Колокол: (Революционные строфы).,"ПЕТРОВСКИЙ, Андрей Иванович.",,,
6059,Колокол: [Сказка].,"АНДЕРСЕН, Ганс-Христиан. ",,Какое же тут сомнение?..,
6060,Колокол: Стихи и поэмы.,"ДЖИМ-БИЕВ, Андрей Манганыкович.",,,
6061,Колокол: [Стихотворение].,"ШИЛЛЕР, Фридрих.",,,
6062,Колокол Бухенвальда: Повесть.,"ЕФРЕМОВ, Сергей Иванович.",,,
6063,Колокол в колодце; Пьяный дождь: Романы.,"ДАРВАШ, Йожеф.",,,
6064,Колокол громкого боя: Приключенческая повесть для театра в 7-ми карт.,"МОИСЕЕВ, Леонид Юрьевич.",,,
6065,Колокол громкого боя: Три повести.,"ДУБИНСКИЙ, Илья Владимирович.",,,
6066,Колокол заговорил вновь: (Повесть).,"УСПЕНСКИЙ, Владимир Дмитриевич.",,,
6067,Колокол леса: Стихи и поэмы.,"ГРАШИ, Ашот.",,,
6068,Колокол радости: Rimes incertaines.,"ТОМСОН, Федор.",,,
6069,Колокол Реймского собора: Эскиз в 1-м д.,"НАРОВСКИЙ, А. А. (НАВРОЦКИЙ, Александр Александрович).",,,
6070,Колокол святого духа: Рассказ.,"САФОНОВ, Сергей Александрович.",,,
6071,Колокол смерти.,"Ч-ЫЙ, С.",,,
6072,"Колокола: Волшебный рассказ о колоколах, звонивших в конце старого и начале нового года.","ДИККЕНС, Чарлз.",,,
6073,Колокола: Героическая пьеса в 5-ти д.,"ЕВДОКИМОВ, Иван Васильевич.",,,
6074,Колокола: Роман.,"ЕВДОКИМОВ, Иван Васильевич.",,,
6075,Колокола: Стихи.,"ГРАХОВСКИЙ, Сергей Иванович.",,,
6076,Колокола в груди: Стихотворения.,"ЗАСС, Ростислав Васильевич.",,,
6077,Колокола возвещают день: Роман.,"МИНАЧ, Владимир.",,,
6078,Колокола громкого боя: Роман.,"ПАНОВ, Николай Николаевич.",,,
6079,Колокола заката: Пьеса в 2-х д.,"МАТКОВСКИ, Думитру.",,,
6080,Колокола под снегом.,"ПЫРКОВ, Владимир Иванович.",,,
6081,Колокола России: Стихи.,"КУКАР-СКИЙ, Анатолий Степанович.",,,
6082,Колокольчик: Рассказы и стихи.,"ЛЬВОВА, Мария Александровна.",,,
6083,Колокольчик: Стихи.,"ВАНШЕН-КИН, Константин Яковлевич.",,,
6084,Колокольчик в тайге: Рассказы.,"ГЛЕБОВ, Николай Александрович.",,,
6085,Коломба:    Повесть.,"МЕРИМЕ, Проспер.",,,
6086,Коломбина: Современная арлекинада в 1-м д.,"КОРН, Эрих.",,,
6087,Коломенская роза: Роман. Ч. 1—3.,"ЗОТОВ, Владимир Рафаилович.",,,
6088,Коломенский нахлебник и монтер: Водевиль в 1-м д.,"ФЕДОРОВ, Павел Степанович.",,,
6089,Коломиевские мощи: [Рассказ].,"ФЕЗИ, Анна (ФЕЗИ-ЖИ Л ИНСКАЯ, Анна Александровна).",,,
6090,Колонии кричат.,"ГИДАШ, Анатоль (ГИДАШ, Антал).",,,
6091,Колония Ланфиер: Рассказы.,"ГРИН, Александр.",,,
6092,Колония на кратере: Повесть.,"КУПЕР, Джеймс Фенимор.",,,
6093,Колония Росс: Роман.,"КРАТТ, Иван Федорович.",,,
6094,Колонна: Роман.,"ДЕКАВ, Люсьен.",,,
6095,Колонна велосипедистов из Унштрут-ской долины.,"ЛАСК, Берта Леопольдовна.",,,
6096,"Колос: Стихи, поэмы.","ШЕСТЕРИКОВ, Михаил Васильевич.",,,
6097,Колос: Стихотворения.,"ИОНОВ, Илья.",,,
6098,Колос молодой: Стихи.,"ГМЫРЕВ, Алексей Михайлович.",,,
6099,Колос на ладони: Стихи.,"ШМАНЬ, Геннадий Яковлевич.",,,
6100,Колос ржи: Рассказы и очерки.,"ПЕЧЕРСКИЙ, Альфред Ильич.",,,
6101,Колосу надо налиться: Роман.,"ЛОЗОВОЙ, Василь.",,,
6102,Колосья: Рассказы и сказки.,"ЧИСТЯКОВ, Михаил Борисович.",,,
6103,Колосья: Сноп первый.,"В. М. (МЕ-ЖЕВИЧ, Василий Степанович).",,,
6104,Колосья: Стихи.,"РЫЛЕНКОВ, Николай Иванович.",,,
6105,Колосья: [Стихи].,"СУЛЕЙКИН, Николай Михайлович.",,,
6106,Колосья в крови: Народная драма в 2-х ч.,"СТРЫГИН, Александр Васильевич.",,,
6107,Колосья на камне: Стихи.,"ГОНТАРЬ, Аврам Юткович.",,,
6108,Колосья наливаются: Лирика.,"ПРИХОДЬКО, Петр Федорович.",,,
6109,Колосья под серпом твоим: Роман.,"КОРОТКЕВИЧ, Владимир Семенович.",,,
6110,Колосья поют.,"РАССКАЗОВ, Евгений Максимович.",,,
6111,Колосяница: Книга стихов.,"ПАШКОВ, Юрий Васильевич.",,,
6112,Колотушка; Закон природы.,"ГРИ- ГОРЬЕВ, Сергей.",,,
6113,Колошение.,"СУША, Сергей Михайлович.",,,
6114,Колпак: Новый юмористический сборник.,"НЕСТОР ОКО (НЕСТЕРОВ, Александр Кононович).",,,
6115,Колпак: [Роман].,П...Г.,,,
6116,Колпаковские ночи или Что значит проспать Христовскую заутреню: (Повесть-комедия в семи ночах).,"СЫТ, И. И.",,,
6117,Колпачок: Фантастическая пьеса в 4-х карт.,"ВЫСТАВКИНА, Екатерина Владимировна.",,,
6118,Колумб: Повесть.,"ГУРЬЯН, Ольга.",,,
6119,Колумб: [Повесть].,"ИЕНСЕН, Иоганнес Вильгельм.",,,
6120,Колумб Австралии: (Документальная повесть о Педро Киросе).,"ВАРШАВСКИЙ, Анатолий Семенович.",,,
6121,"Колумб или История человека, который указал нам путь в Америку.","ГОРН, В. О. фон (ЭРТЕЛЬ, Вильгельм).",,,
6122,Колумб или Под парусами истории: Пьеса в 2-х д.,"ХАКС, Петер.",,,
6123,Колумб причаливает к берегу.,"ИЛЬФ, Илья, ПЕТРОВ, Евгений.",,,
6124,Колумб российский: Повесть.,"АДАМОВ, Аркадий Григорьевич.",,,
6125,Колумб третьей переправы: Фронтовые странички.,"ВИНОГРАДОВ, Иван Иванович.",,,
6126,Колумбы: Лирические репортажи.,"МАРЬЕВ, Борис Михайлович.",,,
6127,Колумбы: Стихи.,"АЗИЗОВ, Альберт Сергеевич.",,,
6128,Колумбы в красных галстуках.,"БАРАБАШ, Владимир Владимирович.",,,
6129,Колумбы Вселенной.,"ФИЛИППОВ, Леонид Александрович.",,,
6130,Колумбы Росские: Эпизоды исторической хроники XVIII века.,"ЮНГА, Евгений.",,,
6131,Колумбы Сибири.,"ГУСЬКОВ, Сергей Васильевич, СКОПИНА, Клара Павловна.",,,
6132,Колхида; Озерный фронт.,"ПАУСТОВСКИЙ, Константин Георгиевич.",,,
6133,«Колхида»: Повесть о Бессарабской коммуне.,"КАССИЛЬ, Лев Абрамович.",,,
6134,Колхоз.,"ЦВЕЛ ЕВ, Василий Алексеевич.",,,
6135,Колхоз «Большевик»: Поэма.,"ГРИБАЧЕВ, Николай Матвеевич.",,,
6136,Колхоз «Заря»: Сборник рассказов.,"ФИНН, Константин.",,,
6137,"Колхоз «Красный Кут»: Сатирическая поэма, на истинном происшествии основанная.","БЕДНЫЙ, Демьян.",,,
6138,Колхоз «Степная звезда».,"НОВОСЕЛОВ, Михаил.",,,
6139,Колхозная честь.,"КАМЕНСКИЙ, Василий Васильевич.",,,
6140,Колхозники: Пьеса в 3-х д.,"ЕРМОЛАЕВ, Василий Петрович.",,,
6141,Колхозники: Рассказы.,"ПРОНИН, Иван Михайлович.",,,
6142,Колхозники: Роман.,"КОТЕНКО, Илья Михайлович.",,,
6143,Колхозница: Сборник малых форм.,"ИРКУТОВ, Андрей.",,,
6144,Колхозное поле: Стихи.,"РЯБУХА, Дмитрий Евдокимович.",,,
6145,Колхозные рассказы.,"ОВЕЧКИН, Валентин Владимирович.",,,
6146,Колхозные рассказы.,"ЧЕРНЯЕВА, Ольга.",,,
6147,Колхозные частушки.,"КУЗНЕЦОВ, И. Саввич, КУЗНЕЦОВ, Петр Саввич.",,,
6148,Колхозный дедушка.,"ГУТМАН, Лев Иосифович.",,,
6149,Колхозный колос: Пьеса в 2-х карт.,"ГРАДОВ, Григорий.",,,
6150,Колчаковщина: Роман-хроника.,"ДОРОХОВ, Павел Николаевич.",,,
6151,Колчан: Стихи.,"ГУМИЛЕВ, Николай Степанович.",,,
6152,Колыбель: Комедия в 3-х д.,"БРИЕ, Эжен.",,,
6153,Колыбель: Первая книга стихов.,"ПИРОГОВА, Наталья Николаевна.",,,
6154,Колыбель: Стихи.,"ДРОННИКОВ, Виктор Петрович.",,,
6155,Колыбель: Стихи.,"ЗЕМЛЯНСКИЙ, Анатолий Федорович.",,,
6156,Колыбель: Стихи.,"ХАМЕТОВА, Ханбиче Шихрагимовна.",,,
6157,Колыбель для кошки: Роман.,"ВОННЕГАТ-МЛАДШИЙ, Курт (ВОННЕГУТ, Курт, младший).",,,
6158,Колыбель жаворонка: Стихи.,"КОЛОМИЕЦ, Владимир Родионович.",,,
6159,Колыбель и посох: Стихи.,"МУРТАЗОВ, Борис Алхастович.",,,
6160,Колыбель моя: Стихи.,"ЧЕЛНОКОВ, Александр Иванович.",,,
6161,Колыбель юнаков.,"СТИЙЕНСКИЙ, Радуле.",,,
6162,Колыбельная: Пьеса в 3-х д.,"ХАЛА-ФЯН, Зорайр Ервандович.",,,
6163,Колыбельные руки: Рассказы.,"КУ-РАНОВ, Юрий Николаевич.",,,
6164,"Колыма ты, Колыма: Рассказы.","НОВИКОВ, Владимир Борисович.",,,
6165,Колымские рассказы.,"ТАН, В. Г. (БОГОРАЗ, Владимир Германович).",,,
6166,Колымское золото: Повесть.,"ЗЕЙ-ТЕ, А. (КОПТЯЕВА, Антонина Дмитриевна).",,,
6167,Колычевская весна.,"МИХЕЕВА, Екатерина Васильевна.",,,
6168,Колычевская вотчина: Роман в 2-х ч.,"ВЕСЕЛКОВА-КИЛЬШТЕТ, Мария Григорьевна.",,,
6169,"Коль жить да любить: Рассказы, повести.","МАЗАЕВ, Владимир Михайлович.",,,
6170,Колье принцессы: 1-я тетрадь 3-го тома стихов. Брошюра 27-я.,"СЕВЕРЯНИН, Игорь.",,,
6171,Колька в плену.,"ИРКУТОВ, Андрей.",,,
6172,Колька едет на Север.,"МАТВЕЕВ, Владимир Васильевич, МЕЕРОВИЧ, Аркадий Александрович.",,,
6173,Колька и Ленин: Рассказ.,"МОЛЧАНОВ, Иван Никанорович.",,,
6174,Колька и Наташа: Повесть.,"КОН-ТОРОВИЧ, Леонид Исакович.",,,
6175,Колька отдыхает.,"ХМЕЛИК, Александр Григорьевич.",,,
6176,Колька-сподручник: Рассказы.,"ВЛАДИМИРСКИЙ, Владимир Константинович.",,,
6177,Колька Ступин: Пьеса в 8-ми карт.,"АУСЛЕНДЕР, Сергей Абрамович.",,,
6178,Колька Суходольский: (Из воспоминаний). Два рассказа.,"МИТРОПОЛЬСКИЙ, Иван Иванович.",,,
6179,Колькин Рубикон.,"МАКОВЕЕВ, Ми- ",,,
6180,Колькина биография.,"ЧЕПУРНЫЙ, Дмитро (ЧЕПУРНЫЙ, Дмитрий Иванович).",,,
6181,Колькина тайна: Рассказы.,"СТЕПАНЕНКО, Владимир Иванович.",,,
6182,Колькино знамя: Поэмы.,"СТОЛЯРОВ, Валентин Алексеевич.",,,
6183,Кольца: Драма в 3-х д.,"ЗИНОВЬ-ЕВА-АННИБАЛ, Лидия Дмитриевна.",,,
6184,Кольца: Стихи.,"МИШИН, Алексей Викторович.",,,
6185,Кольцевая дорога.,"ВОЛГИН, Игорь Леонидович.",,,
6186,Кольцо: Новый рассказ.,"БРЕТ-ГАРТ, Фрэнсис.",,,
6187,"Кольцо: Повесть или Пять историй про нашего друга А. Березина, его знакомых и близких.","ЗУБАВИН, Борис Михайлович.",,,
6188,Кольцо: Повесть в стихах.,"ДРЕЙ-ГАРФЕН, М.",,,
6189,Кольцо: [Рассказ].,"ГАБЕЛЕНЦ, Георг фон де",,,
6190,Кольцо: [Рассказы].,"ШИШКОВ, Вячеслав Яковлевич.",,,
6191,Кольцо: Стихи.,"ЧЕРЕНКОВА, Лидия Федоровна.",,,
6192,Кольцо: Тихие песни скорби.,"ГОФМАН, Модест Людвигович.",,,
6193,Кольцо «А»: Юмористические кинорассказы.,"НИКУЛИН, Лев Вениаминович.",,,
6194,Кольцо в кольцо.,"ЖИЛКИН, Виктор.",,,
6195,Кольцо великого магистра: Историческая повесть.,"БАДИГИН, Константин Сергеевич.",,,
6196,Кольцо дьявола: Сенсационный роман из одесской жизни.,Имя авт. не установлено.,,,
6197,Кольцо и жёлудь.,"АЛЬБОВ, Михаил Нилович. ",,Глафирина тайна...,
6198,Кольцо и роза или История принца Обалду и принца Перекориля.,"ТЕККЕРЕЙ, Вильям (ТЕККЕРЕЙ, Уильям Мейкпис).",,,
6199,Кольцо короля.,"ТОПЕЛИУС, Заха-риас.",,,
6200,Кольцо Лады:      Стихотворения.,"КЛЫЧКОВ, Сергей.",,,
6201,Кольцо Луизы: Повесть.,"ВИРТА, Николай Евгеньевич.",,,
6202,Кольцо маршала Ямагаты: (Приключения капитана Ремера в Русско-японскую войну). Роман.,"ВИДТ, Биргер.",,,
6203,Кольцо мертвой царевны: Русская сказка в стихах.,И. ,,,
6204,Кольцо мертвой царевны: Сказка с картинами.,"АРШИННИКОВ, Алексей.",,,
6205,Кольцо Нострадамуса: Исторические очерки французской придворной жизни с 1515 по 1821 г.,"ЭТИНГЕР, Э.",,,
6206,Кольцо с рубином: Роман.,"СУХОВЫХ, К.",,,
6207,Кольцо с якорем: (Спрут). Драматический этюд в 1-м акте.,"МЕРЛИНСКИЙ, Григорий Маркович.",,,
6208,Кольцо Сатурна: Рассказ.,ЗАРИ-ФЕЙСКИЙ.,,,
6209,Кольцо старого шейха.,"КЕШОКОВ, Рашид Пшемахович.",,,
6210,Кольцо судьбы: Роман.,"КОТ, Анна Платоновна.",,,
6211,«Кольцо Тота» и другие рассказы.,"КОНАН-ДОЙЛЬ, Артур (ДОЙЛЬ, Артур Конан).",,,
6212,Кольцов: Драма в 4-х д.,"ПАЗУХИН, Алексей Михайлович.",,,
6213,Кольчуга.,"ЧЕРНЕНКО, Владимир Александрович.",,,
6214,Колючая красота: Сборник стихов.,"НОВИЦКАЯ, Галина Михайловна.",,,
6215,Колючая проволока: Повесть.,"КУРБАНОВ, Ахмедага Акпер оглы.",,,
6216,Колючее перо.,"СИЛИН, Альберт Иванович.",,,
6217,Колючее пламя.,"ДИКТОНИУС, Эльмер.",,,
6218,Колючие стихи.,"ЛЕБЕДЕВ-КУМАЧ, Василий Иванович.",,,
6219,Колючие усы.,"ХАДЖИЕВ, Ризван Хаджиевич.",,,
6220,Колючий гость.,"БОГДАНОВИЧ, София Аньоловна.",,,
6221,Колючий охотник.,"ТУРКИН, Ф.",,,
6222,Колючий характер: Рассказ.,"МИХАЙЛОВ, Максим Аксенович.",,,
6223,Колючий хлеб: Стихи.,"КОЛОТИ-ЛОВ, Николай Федорович.",,,
6224,"Колючка: Юмористические и сатирические наброски, современные пословицы, басни, курьезы и сценки.","УТОЧКИН, Василий Николаевич.",,,
6225,Колючки.,"ЕПХИЕВ, Татари Асланбекович.",,,
6226,Коля Большаков.,"МАРКОВ, Леонид.",,,
6227,"Коля Зуев, герой русско-японской войны; Дети-севастопольцы; Отец Иван 11-го полка.",Имя авт. не установлено. ,Юный герой Коля Зуев.,,
6228,Коля и Колька: Очерк.,"ЧИРИКОВ, Евгений Николаевич.",,,
6229,Коля и Маша: Детский рассказ.,Имя авт. не установлено. ,Добрые дети.,,
6230,Коля-магрос.,Имя авт. не установлено.,,,
6231,Коля Мяготин: Повесть.,"СУХАЧЕВ-СКИЙ, Степан Степанович.",,,
6232,"Коля пишет Оле, Оля пишет Коле: Повесть.","АЛЕКСИН, Анатолий.",,,
6233,"Коляда «виноградье красно-зеленое мое»: Сцены из старинного народного быта с пением, плясками и святочными обрядами. В 1-м д.","СОКОЛОВ, Александр Алексеевич.",,,
6234,Коляска: [Повесть].,"ГОГОЛЬ, Николай Васильевич.",,,
6235,Коляска: [Рассказы].,"ПЕРМИТИН, Ефим Николаевич.",,,
6236,Колясочка.,"БРУСЯНИН, Василий Васильевич. ",,Мужчина...,
6237,Ком золота: Рассказы.,"ЮРЦЕВ, Иван.",,,
6238,Команда Альфа: Исповедь бывшего солдата войск специального назначения армии США.,"САБО, Миклош.",,,
6239,Команда безнадежных: Комедия в 3-х д.,"ГОЛЬДФЕЛЬД, Владимир Александрович.",,,
6240,Команда «Бури».,"БАЛАШОВ, Виктор Сергеевич.",,,
6241,Команда Клапзуба.,"БАСС, Эдуард. ",Команда Клапзу- бовых.,,
6241а,Команда Клапзубовых.,"БАСС, Эдуард.",,,
6242,Команда с нашей улицы.,"СОТНИК, Юрий Вячеславович.",,,
6243,Команда СПП: Рассказы о славных делах детей железнодорожников.,"БАЛДИН, Георгий Алексеевич, СОСКОВ, Павел Петрович.",,,
6244,Команданте Джоэль.,"ФЕДОТОВ, Алексей Васильевич.",,,
6245,Командарм: (Мятеж). Роман.,"БУ-ДАНЦЕВ, Сергей Федорович.",,,
6246,Командарм: Повесть.,"ЛЕБЕДЕВ, Вячеслав Алексеевич.",,,
6247,Командарм: Пьеса в 4-х д.,"БЕРЕЗ-КО, Георгий Сергеевич. ",Великая любовь. (Командарм).,,
6248,Командарм 2.,"СЕЛЬВИНСКИЙ, Илья Львович.",,,
6249,Командир батальона.,"БЕК, Александр Альфредович.",,,
6250,Командир батареи: Повесть.,"КАТКОВ, Николай Иванович.",,,
6251,Командир батареи: [Рассказы].,"ЗУ-БАВИН, Борис Михайлович.",,,
6252,Командир гвардейской.,"КУРГУЗОВ, Иван Петрович.",,,
6253,Командир голубой двойки.,"АКИШИН, Анатолий Андреевич.",,,
6254,Командир дивизии: Повесть.,"БЕРЕЗ-КО, Георгий Сергеевич. ",Знамя на холме.,,
6255,Командир корабля: Повести.,"ХА-ЛИЛЕЦКИЙ, Георгий Георгиевич.",,,
6256,Командир корабля: Рассказы о пограничниках.,"ЧЕХОВ, Анатолий Викторович.",,,
6257,Командир линкора: Рассказы.,"АНИСИМОВ, Павел Илларионович.",,,
6258,Командир Марсо: Роман.,"ЛАФФИТ, Жан.",,,
6259,Командир орудия.,"СМЫСЛОВ-СКИЙ, Евгений Константинович. ",Орудийный начальник.,,
6260,Командир Первой конной.,"ГРЕБНЕВ, Григорий.",,,
6261,Командир ПЛ К-143: Повесть.,"ГАЙДОВСКИЙ, Георгий Николаевич.",,,
6262,Командир подземного гарнизона: Повесть.,"СОБОЛЕВСКИЙ, Александр Александрович.",,,
6263,Командир полка: Роман.,"ПОЛЯНСКИЙ, Анатолий Филиппович.",,,
6264,Командир полка: Роман и повесть.,"ФЛЕГЕЛЬ, Вальтер.",,,
6265,Командир танка: Поэма-роман.,"ПАНОВ, Николай Николаевич.",,,
6266,Командир танка: Фронтовые очерки.,"ФИНН, Константин.",,,
6267,Командир эскадрильи.,"ПОЗДНЕЕВ, Александр Александрович.",,,
6268,Командировка; В ночь под светлый праздник; Старый звонарь: [Рассказы].,"КОРОЛЕНКО, Владимир Галактионович.",,,
6269,Командировка: Повесть.,"ДВОРЕЦКИЙ, Игнатий.",,,
6270,Командировка: Стихи.,"ПУППО, Игорь Петрович.",,,
6271,Командировка в Грюнштедтль.,"БЕРШАДСКИЙ, Рудольф Юльевич.",,,
6272,Командировка в рай.,"СУРКОВ, Виктор Михайлович.",,,
6273,Командировка в 13-й век.,"ТРУБНИКОВА, Алла Яковлевна.",,,
6274,Командировка в юность.,"ЕРАШОВ, Валентин Петрович.",,,
6275,Командировка на дуэль: Фельетоны.,"НАДЕИН, Владимир Дмитриевич.",,,
6276,Командиры: [Очерки и портреты].,"КОЛЬЦОВ, Михаил.",,,
6277,Командиры: (Очерки современного военного быта).,"БУТОВСКИЙ, Николай Дмитриевич.",,,
6278,Командиры: Повесть.,"БЕЙЛИНОВ, Александр Иосифович (БЫЛИНОВ, Александр).",,,
6279,"Командиры седеют рано: Повести, рассказы, очерки.","КАРПОВ, Владимир Васильевич.",,,
6280,Командор.,"ЮШКО, Николай.",,,
6281,Командор Мендоза: Роман.,"ВАЛЕР, Жуан (ВАЛЕРА, Хуан).",,,
6282,Командую флотом: Драматическая эпопея в 2-х ч.,"АПУШКИН, Яков Владимирович.",,,
6283,Командующий фронтом: Исторический роман.,"ГАРИН, Фабиан Абрамович.",,,
6284,Комар.,"ВЕРГИЛИЙ МАРОН, Публий.",,,
6285,"Комарики: Сатирико-юмористический сборник. Куплеты, романсы и рассказы на одесские темы.","АРХИМЕДОВ, Б.",,,
6286,Комары: Всякая всячина. Рой I.,"БУЛГАРИН, Фаддей Венедиктович.",,,
6287,Комары: Рассказы.,"БЕДНЫЙ, Борис Васильевич.",,,
6288,"Комары и мухи: Альманах карикатурного направления, содержащий в себе: рассказы, анекдоты, афоризмы, шутки, сцены и юмористические стихотворения.","ЕВСТИГНЕЕВ, Миша (ЕВСТИГНЕЕВ, Михаил Е.).",,,
6289,Комбайнеры: Повесть.,"ЖУРАВЛЕВ, Тихон Кононович.",,,
6290,Комбайнеры: Рассказ.,"ФЕДОРОВ, Евгений Александрович.",,,
6291,Комбат: Повести.,"СЕРОВ, Николай Васильевич.",,,
6292,Комбат: Рассказы.,"КЛЮЕВ, Виктор Васильевич.",,,
6293,Комбат Задвижкин.,"МОСКВИН, Николай.",,,
6294,Комбат Кобуров: Повесть.,"АЛЕК-СЕЕВСКИЙ, Николай Иванович.",,,
6295,Комбат три: Рассказ.,"КЛЯГИН, Константин Иванович.",,,
6296,Комбинированная умница.,"ШТАТ-НОВ, Павел Петрович.",,,
6297,Комбриг Патоличев: Документальная повесть.,"ВАСИН, Тихон Матвеевич.",,,
6298,Комде и Модан: Поэма.,"БЕДИЛЬ, Мирза Абдулкадыр.",,,
6299,Комдив бессмертных: Повести.,"ПАДЕРИН, Иван Григорьевич.",,,
6300,Комедиант: (Героические мечты Тито Басси). Роман.,"РЕНЬЕ, Анри де. ",Героические иллюзии Тито Басси; Героические мечтания Тито Басси; Ошибки Тито Басси.,,
6301,Комедиант: (Еврей из Голты). Драма в 4-х д.,"БЕЛАЯ, Софья (БОГДАНОВСКАЯ, Софья Николаевна).",,,
6302,Комедиант или Народная борьба с пьянством: Комедия в 4-х д.,"ЛОГИНОВ, Дмитрий Григорьевич.",,,
6303,Комедиант поневоле: Комедия в 1-м д.,"КОЦЕБУ, Август Фридрих.",,,
6304,Комедиантка: Роман.,"РЕЙМОН, Владислав Станислав.",,,
6305,Комедианты: (Игра интересов). Комедия в 3-х д.,"ГАЛЬПЕРИН, Михаил Петрович.",,,
6306,Комедианты: [Роман].,"ГРИН, Грэхем (ГРИН, Грэм).",,,
6307,Комедии о любви.,"ТОЛСТОЙ, Алексей Николаевич.",,,
6308,Комедийное действо: Повесть XVII века.,"ЯКИМОВ, Василий Алексеевич.",,,
6309,Комедия  без названия:  В  1-м д.,"КУГУШЕВ, Григорий Васильевич.",,,
6310,Комедия без свадьбы: Комедия в 1-м д. В вольных стихах.,"СУШКОВ, Николай Васильевич.",,,
6311,Комедия благотворительности.,"КА- ПЮС, Альфред. ",,Благотворительный бал...,
6312,Комедия  брака:  Пьеса  в  2-х д.,ШОЛОМ-АЛЕЙХЕМ.,,,
6313,Комедия  брака:  Пьеса  в  4-х д.,"ШОУ, Бернард.",,,
6314,Комедия  брака: [Пьеса  в  4-х д.].,"ЮШКЕВИЧ, Семен Соломонович.",,,
6315,Комедия брака: Роман.,"ГЕЙЕР-СТАМ, Густаф ",,,
6316,Комедия брака или Кто с кем живет: Юшкевичемедия во множестве адюльтеров. Пародия в 1-м д.,"НЕЗНАКОМЕЦ (ФЛИТ, Борис Давидович).",,,
6317,Комедия в комедии: Водевиль в 1- м д.,"В. Т. (ТРЕСКИН, Василий Иванович).",,,
6318,Комедия в комедии: Комедия в 3-х д.,"ДРИЯНСКИЙ, Егор Эдуардович.",,,
6319,Комедия войны.,"ДРИЕ ЛА РОШЕЛЬ, Пьер.",,,
6320,Комедия двора: В 3-х д.,Имя авт. не установлено.,,,
6321,"Комедия жизни: Драма в 5-ти д. ЛИНЕВ, Дмитрий Александрович.","ЯРОН, Марк Григорьевич.",,,
6322,Комедия жизни: Комедия в 2-х д.,"ВИЛЬЯНСКАЯ, Е. (ОРЕШНИКОВА, Елена Михайловна).",,,
6323,Комедия за комедию: Водевиль в 2- х д.,"ЖИЛИН, Михаил Михайлович.",,,
6324,Комедия из современной жизни.,"КРОЛЬ, Николай Иванович.",,,
6325,Комедия любви: Комедия в 3-х д.,"ИБСЕН, Генрик.",,,
6326,Комедия любви: [Рассказ].,"НАБЛЬ, Франц.",,,
6327,Комедия масок: Сатирический роман.,"ШИШКО, Анатолий Валерьянович.",,,
6328,Комедия о княжне Забаве Путя-тишне и боярыне Василисе Микулишне: В 5-ти д.,"БУРЕНИН, Виктор Петрович.",,,
6329,Комедия о российском дворянине Фроле Скабееве и стольничьей Нардын-Нащокина дочери Аннушке.,"АВЕРКИЕВ, Дмитрий Васильевич.",,,
6330,"Комедия о том, как некто женился на немой: Два действия.","ФРАНС, Анатоль. ",Немая жена.,,
6331,Комедия окончена: (Актриса). Драма в 3-х д.,"МАНН, Генрих.",,,
6332,Комедия ошибок: Комедия в 5-ти д.,"ШЕКСПИР, Вильям.",,,
6333,"Комедия под окном, в 1-м д.","КОЦЕБУ, Август Фридрих.",,,
6334,Комедия против комедии или Урок волокитам: Комедия в 3-х д.,"ЗАГОСКИН, Михаил Николаевич.",,,
6335,Комедия с двумя инфарктами: В 2-х д.,"МИНКО, Василий Петрович.",,,
6336,Комедия с дядюшкой: Оригинальная шуточная оперетка-водевиль в 1-м д.,"ГРИГОРЬЕВ, П. И. ",,,
6337,Комедия слов: Три одноактные пьесы.,"ШНИЦЛЕР, Артур.",,,
6338,Комедия смерти: Пьеса в 3-х д.,"БАРЯТИНСКИЙ, Владимир Владимирович.",,,
6339,Комедия у крыльца: В 2-х д.,"РОКВА, Шота Григорьевич.",,,
6340,Комедия флорентийских нимф: Амето; Фьяметта.,"БОККАЧЧО, Джованни. ",Амето; Фьяметта.,,
6341,Комедия чувства: Роман.,"НОРДАУ, Макс.",,,
6342,Комендант; В атаку; Знамя: Рассказы.,"КОЛЕСНИКОВ, Николай Владимирович.",,,
6343,Комендант Берлина: Драма в 2-х д.,"СОБКО, Вадим Николаевич.",,,
6344,Комендант Берлина: Повесть.,"ЛЕВАШОВ, Мстислав Александрович.",,,
6345,Комендант брянских лесов: Из партизанских былей.,"ПРОХОРОВ, Николай Николаевич.",,,
6346,Комендант вертушки:       Повести.,"КОНОПЛИН, Николай Тихонович.",,,
6347,Комендант Зеленого переулка: Роман. Повести. Рассказы.,"ГОРБОВ, Евгений Константинович.",,,
6348,Комендант Михеевского лесаг Повесть.,"СИМОНОВА, Ольга Ивановна.",,,
6349,Комендант моста: Рассказ.,"ЭРКАЙ, Никул.",,,
6350,Комендант птичьего острова: Рассказы.,"ДИКОВСКИЙ, Сергей Владимирович.",,,
6351,Комендант снежной крепости.,"ГАЙДАР, Аркадий.",,,
6352,Комендантский час: Документальная повесть.,"ВОИНОВ, Александр Исаевич.",,,
6353,Комендантский час: Пьеса в 6-ти карт.,"НАЗАРОВ, Роальд Викторович, САВИЦКИЙ, Владимир Дмитриевич.",,,
6354,Комендантский час: [Роман].,"ХРУЦ-КИЙ, Эдуард Анатольевич.",,,
6355,Комендор «Авроры».,"ЯКОВЛЕВ, Георгий Николаевич.",,,
6356,Комендор с «Олега».,"ШАМЯКИН, Иван Петрович.",,,
6357,Комендоры: (Где волны бушуют). Драма в 4-х д.,"НИКОЛАЕВ, Владимир Викторович.",,,
6358,Комендоры: [Повесть].,"СОЛОВЬЕВ, Георгий Иванович.",,,
6359,Комета; Дворянские отпрыски: [Рассказы].,"ГОРБАЧЕВ, Василий Егорович.",,,
6360,Комета: Литературный музей.,"АРЕ-ВАЛЬД (ЭВАЛЬД, Аркадий Васильевич).",,,
6361,Комета: Повести и рассказы.,"ЧЕКМЕНЕВ, Николай Симонович.",,,
6362,Комета: Пьеса в 1-м д.,"ЛУНАЧАРСКИЙ, Анатолий Васильевич.",,,
6363,Комета: [Сказка].,АНДЕРСЕН,,,
6364,Комета: Шутка.,"ИФФЛАНД, Август Вильгельм.",,,
6365,Комета: Эпизод в 4-х д.,"ТРАХТЕНБЕРГ, Владимир Осипович.",,,
6366,Комета: Юмористическая сценка из еврейской провинциальной жизни.,"ГОТЛИБ, Жорж.",,,
6367,Комета виновата: (Быль).,Имя авт. не установлено.,,,
6368,Комета или Еще Митрофанушка: Комедия в 1-м д. с куплетами.,"СТАМАТИ, Константин Константинович (СТАМАТИ-ЧУРЯ, Константин Константинович).",,,
6369,NOPARSE,,,,
6370,"Комета 1832 года: Отрывок из неизданного романа, основанный на астрономических наблюдениях.","ГУРЬЯНОВ, Иван.",,,
6371,Комик: Рассказ.,"ПИСЕМСКИЙ, Алексей Феофилактович.",,,
6372,Комик по натуре: Шутка в 1-м д.,"ЩЕГЛОВ, Иван.",,,
6373,Комик поневоле или Любители одолели: Сцена с натуры в 1-м д.,"ВАНЧЕНКО, Константин Ипполитович.",,,
6374,Комик XVII столетия.,"ОСТРОВСКИЙ, Александр Николаевич.",,,
6375,Коминтерн: [Рассказы].,"ГОРБАТОВ, Борис Леонтьевич.",,,
6376,«Коминтерн» и другие стихотворения.,"ЕРМАКОВ, В. А.",,,
6377,Комиссар: Повести.,"ГУСЕЙН, Мехти.",,,
6378,Комиссар: Поэма.,"ПОЛЯНСКИЙ, Егор Иванович.",,,
6379,Комиссар: Рассказы.,ЛЮ БАЙ-ЮЙ.,,,
6380,Комиссар «Авроры»: Документальная повесть.,"ПРОНИН, Михаил Петрович.",,,
6381,Комиссар Бережное: Рассказы.,"ЗУБАКИН, А.",,,
6382,Комиссар боевой эскадрильи Сырников.,"ЧУКОВСКИЙ, Николай Корнеевич.",,,
6383,Комиссар Буран: Пьеса в 1-м д.,"АПУШКИН, Яков Владимирович.",,,
6384,Комиссар золотого поезда: Повесть.,"МАТВЕЕВ, Владимир Павлович.",,,
6385,Комиссар и Ершист.,"ОГНЕВ, Николай.",,,
6386,Комиссар милиции: (История одного преступления). Драма в 2-х ч.,"ДАНИЛОВ, Александр Павлович.",,,
6387,Комиссар Пичугин: Страницы жизни.,"СУХАЧЕВСКИЙ, Степан Степанович.",,,
6388,Комиссар полка: Повесть.,"ЧЖАН ЛИНЬ, ШУ ЯН.",,,
6389,Комиссаров ручей: Комедия в 1-м д.,"ГОЛИЧНИКОВ, Вячеслав Андреевич.",,,
6390,Комиссарша Авдотья.,"УЖГИН, Семен Семенович.",,,
6391,Комиссары: Драма в 2-х ч.,"НИКОЛАЕВ, Сергей Николаевич.",,,
6392,Комиссары: Роман.,"ЛИБЕДИН-СКИЙ, Юрий Николаевич.",,,
6393,Комиссионер: Комедия в 5-ти д.,"БОЧАРОВ, Иван Петрович.",,,
6394,Комиссионер: Комедия из немецкорусского купеческого быта. В 3-х д.,"РУССКИЙ КУПЕЦ (УШАКОВ, Александр Сергеевич) .",,,
6395,Комиссионер Джекобус.,"КОНРАД, Джозеф.",,,
6396,Комиссионер Лейба: Юмористические сцены.,"ГУНАРОПУЛО-ДАВЫДОВ, Ю. А. (ДАВЫДОВ-ГУНАРОПУЛО, Юрий Афанасьевич).",,,
6397,Комиссионерская контора «Трикош и Каколэ»: Водевиль в 5-ти д.,"ГАЛЕВИ, Людовик, МЕЛЬЯК, Анри.",,,
6398,Комитет: Рассказ.,"НЕВЕРОВ, Александр.",,,
6399,Комитет попечения о бедных: Оригинальная комедия в 3-х д.,"КОРОЛЕВ, О. П.",,,
6400,Комическая война с мадам тещей: Только в 1-м д.,"СЕРПОЛЕТТИ, А. ",,,
6401,Комическая история: Новый роман.,"ФРАНС, Анатоль.",,,
6402,Комический роман.,"СКАРРОН, Поль.",,,
6403,Комическое мщение или Любовь в бочке: Комедия.,"ЭТЕРИДЖ, Джордж.",,,
6404,Комкор Первой Конной: Документальная повесть.,"ЗОТОВ, Борис Иванович.",,,
6405,Коммеражи.,"МЯТЛЕВ, Иван Петрович.",,,
6406,Коммерсант нашего века: Сцена из купеческого быта в 1-м д.,"БЕРКУТОВ, Д. А. (САМОЙЛОВ-ХОТЕВ, Дмитрий Аркадьевич), ИВАНОВ, С. (НАПОЙКИН, Семен Иванович).",,,
6407,Коммерческая сделка: Комедия в 5-ти д.,"ДМИТРИЕВ, Н.",,,
6408,Коммуна: Драма в 3-х д.,"ШЕСТАКОВ, Андрей Васильевич.",,,
6409,Коммуна: (Из воспоминаний).,"МИШЕЛЬ, Луиза.",,,
6410,Коммуна: Новый роман.,"МАРГЕРИТ, Виктор, МАРГЕРИТ, Поль.",,,
6411,Коммуна «Авангард».,"ГЛАДКОВ, Федор Васильевич.",,,
6412,Коммуна восьми: Роман.,"ГРАБАРЬ, Леонид.",,,
6413,Коммуна города Ломжи.,"ПАСТЕРНАК, Леон.",,,
6414,Коммуна Дер Эмес: Сборник рассказов.,"НЕЙМАН, Лина Самойловна.",,,
6415,Коммуна «Красный беркут» (Загл. обл.).,"ЗЫРЯНОВ, Венедикт Ермилович. ",Красный беркут.,,
6416,Коммуна Мар-Мила: Повесть.,"ГРИГОРЬЕВ, Сергей.",,,
6417,Коммуна победила: Пьеса в 3-х д.,"ИВУШКА-КАЛИНУШКА (САМОЙЛОВ, Иван Семенович).",,,
6418,Коммуна 71-го года.,"АНТОКОЛЬСКИЙ, Павел Григорьевич.",,,
6419,"Коммуна, совхоз, комбинат: Сборник фельетонов.","АГРАНОВСКИЙ, Абрам Давидович.",,,
6420,Коммуна 1871 года: Пьеса в 1-м д.,"МИРЯНИН, Лео, ЧАЧИКОВ, Александр Михайлович.",,,
6421,Коммунар.,"ВОЛКОВ, Михаил Иванович.",,,
6422,Коммунар из Парижа.,"ВИНОГРАДОВ, Семен.",,,
6423,Коммунарка Вера.,"ГОРКИНА, А., СЛАВСКАЯ.",,,
6424,"Коммунары: Избранные стихи, 1917— 1932.",БЕДНЫЙ. ,,,
6425,Коммунист: Киносценарий.,"ГАБРИЛОВИЧ, Евгений Иосифович.",,,
6426,«Коммунист» в походе» и другие рассказы.,"НОВИКОВ-ПРИБОЙ, Алексей Силыч.",,,
6427,Коммунистическая марсельеза.,"БЕДНЫЙ, Демьян.",,,
6428,Коммунистический Пинкертон; Помогли; Таинственная особа.,"АРХАНГЕЛЬСКИЙ, Александр Григорьевич (АРХИП).",,,
6429,Коммунистка: Драматический этюд в 1-м д. из эпохи гражданской войны.,"КЕДРОВ, Михаил Сергеевич.",,,
6430,Коммунистка Вера: Пьеса для деревенского театра в 3-х д.,"КУТЬИН, В. М.",,,
6431,Коммунистка Раушан: Рассказы.,"МАЙЛИН, Беймбет Жармагамбетович.",,,
6432,"Коммунисты: Музыкально-драматическая страничка из книги Великой пролетарской революции, в 1-м д.","ГАРЛИЦКИЙ, Владимир Александрович.",,,
6433,Коммунисты: Очерк.,"НИКУЛИН, Михаил Андреевич, ШОЛОХОВ-СИНЯВСКИЙ, Георгий Филиппович.",,,
6434,Коммунисты: Поэма.,"СЕРГЕЕВ, Марк.",,,
6435,Коммунисты: Поэтический репортаж.,"ГЛОТОВ, Василий Иванович.",,,
6436,Коммунисты: Роман.,"АРАГОН, Луи.",,,
6437,Коммунисты: Стихи; Новое русло: Поэма.,"КУЛЕШОВ, Аркадий Александрович.",,,
6438,"Коммунисты, вперед!: Книга стихов.","МЕЖИРОВ, Александр Петрович.",,,
6439,"Коммунисты, вперед!: Рассказы.","ЗУБАВИН, Борис Михайлович.",,,
6440,Коммуния.,"ШИШКОВ, Вячеслав Яковлевич. ",,На травку...,
6441,Комната в гостинице «Летучий дракон»: Роман.,"ЛЕ ФАНЮ, Джозеф Шеридан.",,,
6442,Комната в раю: Пьеса в 3-х д.,"СТЮАРТ, Десмонд.",,,
6443,Комната для живых: Пьеса в 2-х д.,"ГРИН, Грэхем (ГРИН, Грэм).",,,
6444,Комната клоуна: Рассказы.,"ВЛАСОВ, Юрий Петрович.",,,
6445,Комната на солнечной стороне: Водевиль в 1-м д.,"АНУЧИНА, Евгения Николаевна, РОМОВА, Нина Игнатьевна.",,,
6446,Комната над рестораном.,"ДАЛЕКИЙ, Николай. ",,Весенние дни...,
6447,Комната отдыха: Комедия-водевиль в 3-х д.,"КВАСНИЦКИЙ, Виталий Иванович.",,,
6448,Комната преступления: Роман.,"ША-ВЕТТ, Евгений (ШАВЕТТ, Эжен).",,,
6449,Комната с видом на море: Драма в 2-х д.,"ЛЕМБЕРИК, Исай Михайлович.",,,
6450,Комнатка на Крестовском острове: Комедия в 1-м д.,"КАРНЕЕВ, М. В.",,,
6451,Комнатка с отоплением и прислугою: Шутка-водевиль в 1-м д.,"ГРИГОРЬЕВ, Петр Иванович.",,,
6452,Комнатка с хозяйскими дровами: Шутка-водевиль в 1-м д.,"ТАТАРИНОВ, Петр Петрович. ",Муж в тисках у жены на песках.,,
6453,Комнатка со всеми удобствами: Комедия-шутка в 1-м д.,"КАРНЕЕВ, М. В.",,,
6454,Комок земли ветер не унесет: Роман.,"АЛИЕВА, Фазу Гамзатовна.",,,
6455,Компания 96 пробы: Фарс в 3-х д.,"КОРЦИН-ЖУКОВСКИЙ, Николай Владиславович.",,,
6456,Компаньон: Роман.,"ПРИЕТО, Хе-наро.",,,
6457,Компаньон: [Роман].,"УАЙТ, Стюарт Эдуард.",,,
6458,Компаньоны: Повесть.,"ТАН (ГРИГОРЬЕВ, Яков Иванович).",,,
6459,Компаньоны: [Рассказ].,"КОЖЕВНИКОВ, Алексей Венедиктович.",,,
6460,Компаньоны: Рассказы.,"РИЙКЕ, Рейнгард.",,,
6461,Компас: [Рассказ].,"ЖИТКОВ, Борис Степанович.",,,
6462,Компас: [Рассказ].,"СОКПАКБАЕВ, Бердибек.                       ",,,
6463,Компас: Рассказы.,"КОРОСТЕЛЕВ, Петр Арсентьевич.",,,
6464,Компас: Стихи.,"СТЕКОЛЬНИКОВ, Лев Борисович.",,,
6465,Компас жизни.,"ПЕРМЯКОВА, Надежда Николаевна.",,,
6466,Компасу надо верить: Повесть.,"СТЕПАНЕНКО, Владимир Иванович.",,,
6467,Комплект «Правды».,"ВИНОГРАДСКАЯ, Софья Семеновна.",,,
6468,Комплименты: Юмористический сборник-альбом.,"ГУЛЛИВЕР (МИХАЙЛОВ, Константин Арсеньевич).",,,
6469,Композитор Глинка: Киносценарий.,"АЛЕКСАНДРОВ, Григорий Васильевич, ПАВЛЕНКО, Петр Андреевич",,,
6470,Комполка 193.,"ЛАНСКИЙ, В. (ЛАНСКОЙ, Василий).",,,
6471,Компромисс Наиб-Хана: Сцены пограничной жизни.,"ИВАНОВ, Всеволод Вячеславович.",,,
6472,Комроты шестнадцать: Повесть.,"АНДРЕЕВ, Василий Михайлович.",,,
6473,Комса: Повесть.,"БАЛЯБИН, Василий Иванович.",,,
6474,Комсомол: Рассказ.,"ТАГИРОВ, Афзал Мухитдинович.",,,
6475,Комсомолец: Лирическая поэма.,"ЖАРОВ, Александр Алексеевич.",,,
6476,Комсомолец из Людвигсгафена.,"РУБИНШТЕЙН, Лев Ефимович.",,,
6477,Комсомолец Тан-чи; Плотина; Ворота диких гусей; Засада.,"МУГУЕВ, Хаджи-Мурат Магометович.",,,
6478,Комсомолия: Стихи 1918—1968 годов о комсомоле и молодежи.,"БЕЗЫМЕНСКИЙ, Александр Ильич.",,,
6479,Комсомолка: Одноактная пьеса.,"АНТОНОВА, О.",,,
6480,Комсомоловка.,"ПОЛЯНСКИЙ, Владимир.",,,
6481,Комсомольская библия: Двенадцать веселых евангелий.,"СЕМЕНОВ, Н. А.",,,
6482,Комсомольская борода.,"ТОМАШЕВСКИЙ, Константин Брониславович.",,,
6483,Комсомольская домна: [Отрывок из повести «Пленум друзей»].,"БОГДАНОВ, Николай Владимирович.",,,
6484,Комсомольская кепка: Две повести.,"ЗБАНАЦКИЙ, Юрий.",,,
6485,Комсомольская песня: Рассказы.,"СОКОЛОВ, Борис Сергеевич.",,,
6486,Комсомольская песня: [Стихи].,"УТКИН, Иосиф Павлович.",,,
6487,Комсомольская площадь: Стихи.,"ПОЛУХИН, Юрий Александрович.",,,
6488,Комсомольская повесть.,"ДУБРОВ- СКИЙ, Александр.",,,
6489,Комсомольская поэма.,"ВУРГУН, Самед.",,,
6490,Комсомольская совесть.,"ДАВЫДОВ, Исай.",,,
6491,Комсомольские будни: Роман.,"БУТ-КОВСКИЙ, Георгий Александрович.",,,
6492,Комсомольские мастерские: Пьеса в 5-ти карт.,"АНДРИАНОВ, Федор Александрович.",,,
6493,Комсомольские песни.,"КУШ, Нил.",,,
6494,Комсомольские поэмы.,"АЛТАУЗЕН, Джек Моисеевич.",,,
6495,Комсомольские рассказы.,"ЗНАМЕНСКИЙ, В.",,,
6496,Комсомольские рассказы.,"КОЛОСОВ, Марк Борисович.",,,
6497,Комсомольские рассказы.,"ШУБИН, Георгий Петрович.",,,
6498,Комсомольские стихи.,"МАЯКОВСКИЙ, Владимир Владимирович.",,,
6499,Комсомольские стихи.,"МОЛЧАНОВ, Иван Никанорович.",,,
6500,Комсомольские стихи.,"САЯНОВ, Виссарион.",,,
6501,Комсомольские топоры.,"ВАСИЛЕВСКИЙ, Виталий Сергеевич.",,,
6502,Комсомольские штрихи.,"ПАНЕВ, Георгий Иоакимович.",,,
6503,Комсомольский билет.,"КУЛЕШОВ, Аркадий Александрович.",,,
6504,Комсомольский комитет: Роман.,"ГРОМЫКО, Нинель Ивановна.",,,
6505,Комсомольский паровоз.,"СЕЛЕЗНЕВ, В. А.",,,
6506,Комсомольский патруль: Записки начальника штаба.,"ГРУДИНИН, Олег Георгиевич.",,,
6507,Комсомольский Петрушка: Пасхальный.,"ДУРАЧ, Николай Иосифович, КАРПОВ, Михаил Яковлевич.",,,
6508,Комсомольский пикет.,"ПЕРВЕНЦЕВ, Аркадий Алексеевич.",,,
6509,Комсомольский секретарь.,"КУПЧИК, Мария Наумовна.",,,
6510,Комсомольский характер: Рассказы.,"ЛУБНИН, Лев Михайлович.",,,
6511,Комсомольскому рождеству: Басни и стихи.,"БЕДНЫЙ, Демьян.",,,
6512,Комсомольцы: Избранное.,"ОГНЕВ, Николай.",,,
6513,Комсомольцы: Повесть.,"СВИРИДОВ, Сергей Ильич.",,,
6514,Комсомольцы в дебрях Африки.,"ТУПИКОВ, П. (НИЗОВОЙ, Павел).",,,
6515,Комсомольцы в деревне: (Деревенская новь). Пьеса в 3-х д.,"МАСС, Владимир Захарович, СУББОТИН, Леонид Арсеньевич.",,,
6516,Комсомольцы-моряки: Стихи и песни.,"ЛЕБЕДЕВ-КУМАЧ, Василий Иванович.",,,
6517,Комсорг батальона.,"ТЮРИКОВ, Владимир Иванович.",,,
6518,Кому в Казани жить хорошо: Пародия.,"КРАСНОРАМЕНСКИЙ, М. (ЯРЫГИН, Федор Александрович).",,,
6519,Кому в Одессе жить хорошо: Поэма в стихах с прологом и эпилогом. Подражание Некрасову.,"ПЕЧОРИН (ЛИПИНСКИЙ, Гавриил Алексеевич).",,,
6520,Кому вершить суд: Повесть о Петре • Красикове.,"БУДАНИН, Владимир (ДАНЕН-БУРГ, Владимир Иосифович).",,,
6521,Кому весело живется?: Комедия в 3-х д.,"КРЫЛОВ, Виктор Александрович.",,,
6522,"Кому дан талант, тот будет атаман.","МАКАРОВА, София Марковна.",,,
6523,Кому достанется?: Роман.,БЕРТ-МАН.,,,
6524,Кому живется лучше: Рассказ.,"ДМИТРИЕВА, М.",,,
6525,Кому жить хорошо в Архангельской губернии.,"ЛЯГИН, Михаил Иванович.",,,
6526,Кому лучше?: Роман.,"СЕВЕР-ЦЕВ, Г. Т. (ПОЛИЛОВ, Георгий Тихонович).",,,
6527,"Кому на Москве жить хорошо или Полный чемодан московских тайн и секретных дел и делишек: Чрезвычайно интересные баллады, в повествовании которых многие москвичи узнают самих себя. Историйца, вытащенная из темных глубин московского омута. Н.","С... (СЕДЕЛЬНИКОВ, Николай Михайлович).",,,
6528,Кому на Руси жить хорошо: Поэма.,"НЕКРАСОВ, Николай Алексеевич.",,,
6529,Кому на свете жить.,"МИНАЕВ, Дмитрий Дмитриевич. ",,Демон...,
6530,Кому подчиняется время: (Ночное радио). Пьеса в 4-х актах.,"ТУР, БРАТЬЯ",,,
6531,Кому поет жаворонок: Повесть.,"ШЕМЕТОВ, Алексей Иванович.",,,
6532,Кому пожинать плоды: Повесть.,"КРАСОВСКИЙ, Леонид Арсентьевич.",,,
6533,Кому позволено жить.,"КОГУТ, Богу-слав. ",,Калина...,
6534,Кому поклоняются боги: Драма в 2-х ч.,"ГАЙДЕНКО, И.",,,
6535,Кому поют соловьи: Приключенческая повесть.,"СИДЕЛЬНИКОВ, Иван Васильевич.",,,
6536,Кому принадлежит Елена?: Трагифарс в 3-х д.,"САБУРОВ, Симон Федорович.",,,
6537,"Кому пышки, кому шишки: Сатира и юмор.","ИВАНОВИЧ, Владимир Иеронимо-вич.",,,
6538,Кому светит солнце: Повести.,"КОЧЕТОВ, Всеволод Анисимович.",,,
6539,Кому светит солнце: Повести и рассказы.,"КУДАШЕВ, Василий Михайлович.",,,
6540,Кому сколько отпущено...: Рассказы.,"ТАРАСЕНКОВА, Наталья Николаевна.",,,
6541,"Кому смех, кому слезы: Оригинальная шутка в 3-х д.","КРАСЕВА, Александра Гавриловна.",,,
6542,"Кому — смех, кому — слезы: Юмористические рассказы.","МЯСНИЦКИЙ, И. И.",,,
6543,"Кому улыбается океан; По морям, по горам: Повесть и рассказы.","САНИН, Владимир Маркович.",,,
6544,Кому ха! ха! ха! А кому ох! ох! ох!,БОКС.,,,
6545,Кому хорошо жить на Руси.,"АЛИСОВ, Петр Федосеевич.",,,
6546,"Кому что, а мне адвоката или Полюбится сатана, пуще ясного сокола: Сцены из жизни в 3-х д.","ГРЕШНЫЙ, А. ",,,
6547,Комуз: Избранные стихи.,"БОКОН-БАЕВ, Джоомарт.",,,
6548,Комуз: [Стихи и поэмы].,"УСЕН-БАЕВ, Алымкул.",,,
6549,"Конанчет, индейский вождь: Расска- зы из жизни индейцев.","КУПЕР, Джеймс Фенимор.",,,
6550,Конармейцы: Повесть.,"ЛИСТОВ-СКИЙ, Александр Петрович.",,,
6551,Конармия: Книга первая трилогии «Каленые тропы».,"ЛИСТОВСКИЙ, Александр Петрович.",,,
6552,Конармия: [Рассказы].,"БАБЕЛЬ, Исаак Эммануилович.",,,
6553,Конвейер: Пьеса в 5-ти карт.,"ОТВАЛЫ, Эрнст.",,,
6554,Конвогазка: (Индейская легенда).,"ГЕНКЕЛЬ, Герман Германович. ","Конвогазка, вождь индейцев.",,
6555,"Конвогазка, вождь индейцев. (Загл. обл.).","ГЕНКЕЛЬ, Герман Германович. ",Конвогазка.,,
6556,Конвоир: Рассказ.,"КОВЕРНЕВ, А. В.",,,
6557,Конвойный: Рассказ.,"ТХОРЖЕВ-СКИЙ, Корнелий Владиславович.",,,
6558,Конгаи: Роман.,"ГЕРВЕЙ, Гарри.",,,
6559,Конгресс: Роман.,"БИДЖАРЕТТИ, Либеро.",,,
6560,Конгресс блох: Фантастический рассказ.,"ШЕСТУНОВ, Николай Якимович.",,,
6561,Кондаков: Пьеса в 4-х д.,"БУКОВ-НИКОВ, И.",,,
6562,"Кондитер или Нянька, защитница невинности: Роман в 4-х ч.","КОК, Поль де.",,,
6563,Кондитерская солнц: Поэма.,"МАРИЕНГОФ, Анатолий Борисович.",,,
6564,Кондовое утро: Стихи и поэмы.,"ШИХОВ, Степан Кузьмич.",,,
6565,Кондор улетает: Роман.,"ГРАУ, Шерли Энн.",,,
6566,Кондрат Булавин: Исторический роман.,"ПЕТРОВ, Дмитрий Ильич (БИРЮК).",,,
6567,Кондрат Булавин: Музыкальная народная драма в 3-х д. в стихах.,"КОСТАРЕВ, Николай Сергеевич.",,,
6568,Кондрат Булавин: Трагедия в 5-ти актах.,"ЗАДОНСКИЙ, Николай Алексеевич.",,,
6569,Кондратий Рылеев: (Картины прошлого). Пьеса в стихах.,"МИЛИЧ, Елена Михайловна.",,,
6570,"Кондрашка Булавин-бунтовщик, бывший в царствование императора Петра I: 4.1-2.",Имя авт. не установлено.,,,
6571,Кондуит: Последняя повесть о гимназии.,"КАССИЛЬ, Лев Абрамович.",,,
6572,Кондуит и Швамбрания.,"КАССИЛЬ, Лев Абрамович.",,,
6573,Кондуктор железных дорог: (Забавные рассказы и сцены на поезде).,"ЕВСТИГНЕЕВ, Михаил Е. Загл. ",,,
6574,Кондуктор 1869 года (Загл. обл.).,"ЕВСТИГНЕЕВ, Михаил Е. На ",,,
6575,Конек-горбунок: Русская сказка в 3-х ч.,"ЕРШОВ, Петр Павлович.",,,
6576,"Конек-Горбунок и Мужичок с ноготок: Сказочка с шуточками, с присказками и с прибауточками, в стихах.","ПОТАПОВ, Василий Федорович.",,,
6577,Конек-Горбунок с золотой щетинкой: Новая русская сказка (в стихах).,"ПОТАПОВ, Василий Федорович.",,,
6578,Конек-летунок: Аэро-сказка.,"КРУЧИНА, Андрей.",,,
6579,Конек-скакунок: Сказка.,"ВЕРХО- ЯНЦЕВ, С. (БАСОВ-ВЕРХОЯНЦЕВ, Сергей Александрович).",,,
6580,"Конек-скакунок и крестьянка в волшебном дворце на острове, среди океана: Волшебная русская сказка в стихах в 3-х ч.","ШМАКОВ, Н. И.",,,
6581,Конетабль Бурбонский: Исторический роман.,"ЭНСВОРТ, Вильям Гаррисон.",,,
6582,Конец: [Повесть].,"ПШЕЗЬДЗЕЦ-КИЙ, Ежи.",,,
6583,Конец: [Рассказ].,"АВЕРЧЕНКО, Аркадий Тимофеевич. ",,Восточная политика...,
6584,Конец: [Рассказ].,"ЛОНДОН, Джек. ",,Судьба...,
6585,Конец авантюры: Драма в 2-х ч.,"НАЗАРОВ, Игнат Иванович.",,,
6586,Конец Андрея Ивановича: Повесть.,"ВЕРЕСАЕВ, В.",,,
6587,Конец Аса: (Международный перелет). Пьеса в 18-ти сценах.,"ПЕРЕЛЕШИН, Платон Александрович.",,,
6588,Конец атлета: (Страничка из цирковой жизни).,"ЛЕБЕДЕВ, Иван Владимирович.",,,
6589,Конец безмолвию: Повесть.,"ДУБРОВИН, Борис Саввович.",,,
6590,Конец белого ордена.,"ЧАЧКО, Марк Ильич.",,,
6591,Конец Берлина.,"РЕЙН, Гейнц.",,,
6592,Конец божьей воли.,"МАРТОВСКИЙ, Василий Алексеевич.",,,
6593,Конец большого дома: Роман.,"ХОД-ЖЕР, Григорий Гибивич.",,,
6594,Конец Большого Юлиуса: Повесть.,"СЫТИНА, Татьяна Григорьевна.",,,
6595,Конец буржуа: Роман.,"ЛЕМОНЬЕ, Камилл. ",Конец Рассанфоссов.,,
6596,Конец Бываловского взвода: Рассказ.,"ШТЕРН, Григорий Михайлович.",,,
6597,Конец века: Рассказы.,"ЗУЕВ, Александр Никанорович.",,,
6598,Конец вечности.,"АЗИМОВ, Айзек.",,,
6599,Конец Винокурова.,"КАНТОРОВИЧ, Владимир Яковлевич.",,,
6600,Конец войне: Рассказ.,"МАМИН-СИБИРЯК, Дмитрий Наркисович.",,,
6601,Конец войны: Последние дни мировой борьбы. Роман.,"ЖДАНОВ, Лев.",,,
6602,Конец войны между тещей и зятем.,М. М. В.,,,
6603,Конец волчьей стаи.,"ДЖЕНЧУРАЕВ, Джаманкул.",,,
6604,Конец главы.,"ГОЛСУОРСИ, Джон.",,,
6605,Конец «голубых моторов».,"РЯБОВ, Гелий Трофимович, ХОДАНОВ, Алексей Иосифович.",,,
6606,Конец господ Ржевских: (Драматические эпизоды в 3-х карт.).,"ЗАДОНСКИЙ, Николай Алексеевич.",,,
6607,Конец Губана: Повести и рассказы.,"АВДЕЕВ, Виктор Федорович.",,,
6608,Конец девятого полка.,"БЕРЗИН, Юлий Соломонович.",,,
6609,Конец — делу венец: [Комедия].,"ШЕКСПИР, Вильям.",,,
6610,Конец — делу венец: Русские народные картины.,"А...В (АНТОНОВ, 'Александр Васильевич).",,,
6611,"Конец — делу венец: Шутка в 2-х д., с пением, танцами и куплетами.","ГРАБИНА, Алексей Трофимович.",,,
6612,Конец детства.,"МЕТТЕР, Израиль Моисеевич.",,,
6613,Конец директора Паскалэ: Драма в 5-ти актах.,"ЧУЛКОВ, Георгий Иванович.",,,
6614,Конец дневника; Сплетня.,"ФОНВИЗИН, Сергей Иванович.",,,
6615,Конец дощатого городка: Стихи.,"ЕЛИСЕЕВ, Евгений Сергеевич.",,,
6616,Конец дракона.,"ХОДЗА, Нисон Александрович.",,,
6617,Конец здравого смысла: Фантастическая повесть.,"ШИШКО, Анатолий Валерьянович.",,,
6618,Конец Золотого зуба.,"КУК, Пантелеймон Семенович.",,,
6619,Конец «Золотой пуговицы».,"БУХАНОВ, Михаил Степанович.",,,
6620,Конец «Золотой фирмы»: (Из цикла «Невыдуманные рассказы»).,"СИЗОВ, Николай Трофимович.",,,
6621,Конец и начало.,"РАЙНИС, Ян.",,,
6622,Конец Ибрагим-Бека: Эпилог четвертой части романа «Ветры Азии».,"КИБАЛЬЧИЧ, Степан Александрович.",,,
6623,Конец Ивана Потапыча: Трагикомедия в 4-х д. для деревенского театра.,"ГРЕБНЕВ, П.",,,
6624,Конец Иуды: Историческая повесть.,"КОНЧИЛОВИЧ, С. И.",,,
6625,Конец кабаевщины: Пьеса в 4-х карт.,"КОЗЛОВ, Иван Андреевич.",,,
6626,Конец Казановы: Драматический этюд.,"ЦВЕТАЕВА, Марина Ивановна.",,,
6627,Конец караванной тропы: Рассказы.,"КАЛИНОВСКИЙ, Геннадий.",,,
6628,Конец карьеры: Приключенческая повесть.,"АБОЖИН, Юрий Николаевич.",,,
6629,Конец карьеры: Юмористические рассказы.,"ЛОКТЮХОВ, Михаил Георгиевич.",,,
6630,Конец Касьяна Камаринского.,"БОГОЯВЛЕНСКИЙ, Ест. Фрол. ",,,
6631,Конец Кикапу: Полная повесть.,"ЧУРИЛИН, Тихон Васильевич.",,,
6632,Конец книги шестой: Историческая комедия в 2-х д.,"БРОШКЕВИЧ, Ежи.",,,
6633,Конец Княжеострова.,"ОСТРОВЕР, Леон Исаакович.",,,
6634,Конец «Кобры»: Фельетоны.,"ОСИПОВ, Георгий Осипович.",,,
6635,"Конец, конец скуке мира.","КОЛЬЦОВ, Михаил.",,,
6636,Конец короля «липы».,"ЛЕВИТИН, Михаил Ефремович.",,,
6637,Конец «Крейцеровой сонаты» Льва Толстого: Рассказ.,"КРИСТ, М.",,,
6638,Конец кривой тропы.,"КОТОВ, Дмитрий Николаевич, ЧЕСТНОВ, Сергей Игнатьевич.",,,
6639,Конец Криворыльска: Сатирическая мелодрама в 5-ти д.,"РОМАШОВ, Борис Сергеевич.",,,
6640,Конец кровавого водораздела: Повесть в стихах.,"АШИРОВ, Чары.",,,
6641,Конец легенды.,"МИРОНОВ, Александр Евгеньевич.",,,
6642,Конец «Лесснера».,"ГАЛИН, Борис.",,,
6643,Конец лета: Стихи.,"РАМАЗАНОВ, Гилемдар Зигандарович.",,,
6644,Конец «летающей крепости»: Рассказы.,"ВОЛК, Ирина Иосифовна.",,,
6645,Конец Линкольна: Рассказ воздухоплавателя.,"ВОЛОХОВ, Марк (ПЕРВУХИН, Михаил Константинович).",,,
6646,Конец Лосиного камня.,"МАЗАЕВ, Владимир Михайлович.",,,
6647,Конец любви: Роман.,"ВИЛАР, Фр.",,,
6648,Конец любви: Роман.,"ВИЛЛИ, В. [!] (ВИЛЛИ).",,,
6649,Конец любви: Сатира в 4-х д.,"БРАК-КО, Роберто. ",Сумерки любви.,,
6650,Конец Мадамин-бека: Записки о гражданской войне.,"ПОЛЫКОВСКИЙ, Марк Ильич.",,,
6651,Конец маскарада: Пьеса в 4-х д.,"ВОЗНЕСЕНСКИЙ, Ал. С.",,,
6652,Конец мелкого человека.,"ЛЕОНОВ, Леонид Максимович.",,,
6653,Конец Мещанского переулка: (Сборник фельетонов).,"ЛОСКУТОВ, Михаил Петрович.",,,
6654,Конец мира: (Из записок наблюдателя).,"ФОКИН, А.",,,
6655,Конец мира: [Роман].,"ФЛАММА-РИОН, Камилл. ",Светопреставление.,,
6656,Конец Московского лихолетья: Избрание на царство боярина Михаила Федоровича Романова. Историческая драма-хроника в 7-ми карт.,"САМОЙЛО, Николай Иванович.",,,
6657,Конец Мочалкина: Комедия в 4-х д.,"ЧЕРВИНСКИЙ, Федор Алексеевич.",,,
6658,Конец Наполеона:       (Ватерлоо).,ЭРКМАН-ШАТРИАН.,,,
6659,Конец Нахаловки: Повесть.,"БАЗДЫ-РЕВ, Александр Григорьевич.",,,
6660,Конец нового дома.,"ВОРОБЬЕВ, Леонид Иванович.",,,
6661,Конец ночи: Рассказы и повесть.,"ЕВДОКИМОВ, Николай Семенович.",,,
6662,Конец ночи: Роман в 2-х кн.,"МОРИАК, Франсуа.",,,
6663,Конец Ольской тропы: Очерки о Колыме.,"ЮНГА, Евгений.",,,
6664,Конец опасной тропы.,"НАСЫБУЛ-ЛИН, Магсум Назипович.",,,
6665,Конец осиного гнезда: (Повесть).,"БРЯНЦЕВ, Георгий Михайлович.",,,
6666,Конец первой серии: Повести и рассказы.,"НЕМЧЕНКО, Гарий Леонтьевич.",,,
6667,Конец Петлюры: Рассказы.,"ГАРРИ, Алексей Николаевич.",,,
6668,Конец Петра Великого: Рассказы.,"ДРОЗДОВ, Александр Михайлович.",,,
6669,Конец подземного города.,"КАЛЬ-НИЦКИЙ, Яков Исаакович.",,,
6670,Конец похода.,"ЗАЛКА, Мате.",,,
6671,Конец Пошехонья.,"ШОШИН, Михаил Дмитриевич.",,,
6672,Конец пустыни: Очерки.,"ФЕДОРОВИЧ, Виталий.",,,
6673,Конец пути: [Автобиографическая повесть].,"АНДЕРСЕН-НЕКСЕ, Мартин.",,,
6674,Конец пути: Пьеса в 3-х д.,"ШЕР-РИФ, Роберт Седрик.",,,
6675,Конец Рассанфоссов.,"ЛЕМОНЬЕ, Камилл.",,,
6676,Конец Римской доблести: Исторический роман.,"ШАХОВСКАЯ, Людмила Дмитриевна.",,,
6677,"Конец рода Делии. МАНОВ, Эмил.",ПО,,,
6678,Конец рода Коростомысловых: Драма в 4-х д.,"КУМОВ, Роман Петрович.",,,
6679,Конец романа: Драма.,"КОСТОМАРОВА, Александра Коронатовна. ",,Колесо...,
6680,Конец романа: Рассказы.,"ГРЕВЦОВ, Николай Александрович.",,,
6681,Конец «Русской Бастилии».,"ВЕРЕСОВ, Александр.",,,
6682,Конец рыжего идола: Рассказы.,"ШЕЛЕСТ, Георгий.",,,
6683,Конец «Саго-мару».,"ДИКОВСКИЙ, Сергей Владимирович.",,,
6684,Конец Самодуровки: Роман. Кн. I.,"ДУБРОВИН, Василий Дмитриевич.",,,
6685,«Конец св. Ипатия» и другие рассказы.,"БАБЕЛЬ, Исаак Эммануилович.",,,
6686,Конец света...: Юмористические рассказы.,"КОЗЫРЕВ, Михаил Яковлевич.",,,
6687,"Конец света, о котором предсказала морская женщина на ледовитом океане пассажирам Голландского парохода: Фантазия.","ПРОХОРОВИЧ, Андрей Васильевич.",,,
6688,Конец сказки: (Рассказы).,"ЖАРЕ-НОВ, Анатолий Александрович.",,,
6689,Конец снежного человека.,"ЛАБКОВ-СКИЙ, Наум Давыдович.",,,
6690,Конец старой Быстрянки: Пьеса в 4-х д.,"ХВОЩИНСКАЯ, Елена Н.",,,
6691,Конец старой сказки: Рассказ.,"ЯКОВЛЕВ, Александр.",,,
6692,Конец старой школы.,"МОСКВИН, Николай.",,,
6693,Конец старых времен.,"ВАНЧУРА, Владислав. ",,Пекарь Ян Маргоул...,
6694,Конец сэра Хикса: Повесть-головоломка.,"ВОЛЖИН, А.",,,
6695,Конец тихой обители: («Святые» тенета). Повесть.,"МЕЛИБЕЕВ, Петр Петрович, ТУРЕНСКАЯ, Валентина Ионовна.",,,
6696,Конец Тихой улицы.,"ШАПОШНИКОВА, Софья Сауловна.",,,
6697,Конец Тухматшаева.,"МИРШАКАР, Мирсаид.",,,
6698,Конец Умпэка.,"МАРК, Юрий.",,,
6699,Конец фабрики ангелов: Из романа «Три измерения».,"ОГНЕВ, Николай.",,,
6700,Конец фильма: Роман.,"ГАУЗНЕР, Жанна Владимировна.",,,
6701,Конец хазы: Повести.,"КАВЕРИН, Вениамин.",,,
6702,Конец Хитрова рынка: Повесть.,"БЕЗУГЛОВ, Анатолий Алексеевич, КЛАРОВ, Юрий Михайлович.",,,
6703,Конец Чапаева: Отрывок из повести «Чапаев».,"ФУРМАНОВ, Дмитрий Андреевич.",,,
6704,Конец черной смерти: Документальная повесть.,"НЕМИРОВСКИЙ, Ким Григорьевич.",,,
6705,Конец «черных рыцарей».,"ЛЕБЕДЕВ, Иван Степанович.",,,
6706,Конец «Чертовой пасти».,"ЛЯПИН, Анатолий Дмитриевич.",,,
6707,Конец Чертопханова: Рассказ.,"ТУРГЕНЕВ, Иван Сергеевич.",,,
6708,Конец Шери: Роман.,"КОЛЕТТ, Си-дония Габриэль.",,,
6709,Конец Шкандыбина.,"НЕМЦЕВ, Анатолий Трифонович.",,,
6710,Кони вороные: Рассказы.,"ЦЮПА, Иван Антонович.",,,
6711,Кони и люди.,"АНДЕРСОН, Шервуд. ",Лошади и люди.,,
6712,Кони пьют из Керулена: Роман.,"КО-БЯКОВ, Григорий Григорьевич.",,,
6713,Конквистадоры; Осада Левеллина; Мод Кемрон: Три рассказа.,"МУРАТОВ, Павел Павлович.",,,
6714,Конкордия: Повесть о К. Н. Самойловой.,"МОРОЗОВА, Вера Александровна.",,,
6715,Конкретно-фактически; Тяжелый случай: Две одноактные пьесы-сатиры.,"ЛЕВИТИН, Михаил Ефремович.",,,
6716,Конкретные предложения: Стихи.,"ПО-ЛОТАЙ, Николай Исидорович.",,,
6717,Конкуренты: Из записок коммивояжера.,ШОЛОМ-АЛЕЙХЕМ. ,,Поминовение предков...,
6718,Конкуренция: Драма.,"БОБРОВСКИЙ, А. (СУВОРИН, Алексей Сергеевич).",,,
6719,Конкурс ХХ-го столетия: Этюд в 1-м д.,"МАЛАШКИНА, Елизавета Николаевна.",,,
6720,Конкурс женихов: Комедия в 3-х д.,Имя авт. не установлено.,,,
6721,Конкурс красоты: Музыкальная комедия в 3-х актах. Пьеса в стихах.,"ДО-РИЗО, Николай Константинович.",,,
6722,Конкурс красоты: [Рассказы].,"ВИ-ВАНТИ, Анни.",,,
6723,Конкурс красоты: Шарж в 1-м д.,"СОЛОДОВ, А.",,,
6724,Конкурс на храбрость: Комедия в 3-х д.,"КВАСНИЦКИЙ, Виталий Иванович.",,,
6725,Конкурс похитителей: Фельетоны.,"СУРКОВ, Виктор Михайлович.",,,
6726,Конкурс хитрецов: Комедия о 6-ти событиях.,"НИКИТИН, Николай Николаевич.",,,
6726а,Коннетабль Честерский или Обрученные: (Из времен крестовых походов). Ч. 1-3.,"СКОТТ, Вальтер. ",Обрученные.,,
6727,Конноармейцы.,"ЛИСТОВСКИЙ, Александр Петрович. ",Конармейцы; Конармия.,,
6728,Конногвардейцы: Стихи.,"СОФРО-НОВ, Анатолий Владимирович.",,,
6729,Конный патруль: Рассказы и повести.,"КОРПАЧЕВ, Эдуард Маркович.",,,
6730,Конный пешему не товарищ: Комедия в 5-ти д.,"КАНДАУРОВ, Василий Алексеевич.",,,
6731,Коновалов.,"ГОРЬКИЙ, Максим.",,,
6732,Конокрад: Драма в 4-х д. Сюжет взят из сельской жизни.,"МИРОНОВ, Степан Павлович.",,,
6733,Конокрад: [Рассказ].,"ГУСЕВ-ОРЕН-БУРГСКИЙ, Сергей Иванович.",,,
6734,Конокрад: [Рассказ].,"ЯБЛОНОВ-СКИЙ, Александр Александрович.",,,
6735,Конокрад; Таинственные звуки: Два рассказа из записок следователя.,"КОЛТОВ-СКОЙ, Егор Егорович.",,,
6736,Конокрады: («Из очерков прошлого»).,"АФАНАСЬЕВ-ЧУЖБИНСКИЙ, Александр Степанович.",,,
6737,Конокрады: Рассказ.,"КУПРИН, Александр Иванович.",,,
6738,Конокрады: Рассказ из деревенской жизни.,"КОРМЧИЙ, Л. (ПИРАГИС, Леонард Юлианович).",,,
6739,Конон: [Из «Пошехонской старины» (XXI гл. Продолжение портретной галереи домочадцев)].,"САЛТЫКОВ-ЩЕДРИН, Михаил Евграфович. ",,Мавруша-Новоторка...,
6740,Конопуша.,"БОРОЗДИН, Виктор Петрович.",,,
6741,Конрад: Рыцарь крестовых походов. Происшествие XII столетия. Ч. 1-2.,"ФИШЕР, Христиан Август.",,,
6742,Конрад Валленрод: Историческая повесть из литовских и прусских событий.,"МИЦКЕВИЧ, Адам.",,,
6743,Консерты в зале Д. Л. Нарышкина зимою 1828 года: Стихотворение.,"ХВОСТОВ, Дмитрий Иванович.",,,
6744,Конские сады: Рассказы.,"КОЗИН, Владимир Романович.",,,
6745,Конский цех: Рассказы.,"ИЛЬЕНКОВ, Василий Павлович.",,,
6746,Константин Великий или Торжество православной веры: (Повесть давних лет).,"ТИМОФЕЕВ, Дмитрий.",,,
6747,Константин Заслонов: Героическая драма в 4-х актах.,"МОВЗОН, Аркадий.",,,
6748,Константин Заслонов: Повесть.,"РА-КОВСКИЙ, Леонтий Иосифович.",,,
6749,"Константин Константинович, принц русский: Драматическая шутка с волшебными превращениями в 2-х д.",Имя авт. не установлено.,,,
6750,Константин Терехин: (Ржавчина).,"КИРШОН, Владимир Михайлович, УСПЕНСКИЙ, Андрей Васильевич.",,,
6751,Константиновский равелин: Повесть.,"ШЕВЧЕНКО, Виталий Андреевич.",,,
6752,Константинопольский      зверинец.,"АВЕРЧЕНКО, Аркадий Тимофеевич.",,,
6753,Конструктор: Очерк.,"ГУСЕВ, Владимир Михайлович.",,,
6754,Конструктор Бэд: (Страна просперити). Пьеса в 4-х д.,"ВИХЛЯНЦЕВ, Владимир Андреевич.",,,
6755,Конструктор космических кораблей.,"РОМАНОВ, Александр Петрович.",,,
6756,Конструктор Токарев.,"НАГАЕВ, Герман Данилович.",,,
6757,Конструктор Шпагин.,"НАГАЕВ, Герман Данилович.",,,
6758,Конструкторы.,"ПАВЛОВ, Николай Васильевич.",,,
6759,Констэнс Герберт: Роман.,"ДЖЮЗ-БЕРИ, Джеральдина (ДЖАСБЕРИ, Джеральдина) .",,,
6760,Консул Гранат: Комедия в 4-х д.,"АЙЗМАН, Давид Яковлевич.",,,
6761,Консультация: Пьеса в 1-м акте.,"ГЛЕБОВ, Анатолий.",,,
6762,Консуелло: Роман (в 3-х ч.). Ч. 1-3.,"ЖОРЖ-ЗАНД (САНД, Жорж). ",Консуэло.,,
6762а,Консуэло: Роман в 2-х т.,"ЗАНД, Жорж (САНД, Жорж).",,,
6763,Контакт.,"ГАЛКИН, Самуил Залманович.",,,
6764,Континенты не спят: Баллады.,"ГУЛЯМ, Хамид.",,,
6765,Контора.,"АШ, Натан.",,,
6766,Контора для упрочения семейных и сердечных отношений: Комедия-шутка в 4-х д.,"ТРОФИМОВ, Николай Васильевич.",,,
6767,Контора пишет!...: Сатирические стихи.,"НОВОСЕЛЬСКИЙ, Алексей Степанович.",,,
6768,Конторка для письма или Опасности молодых людей: Драма в 4-х д.,"КОЦЕБУ, Август Фридрих.",,,
6769,Конторщица: Из жизни трудящихся девушек. Роман.,"РУВР, Шарль де.",,,
6770,Контра: Комедия в 3-х д.,"СОЛОВЬЕВ, Геннадий Алексеевич.",,,
6771,Контра: Рассказ.,"КАРПОВ, Николай Алексеевич.",,,
6772,Контрабанда: Комедия в 4-х актах.,"ЧАЛАЯ, Зинаида.",,,
6773,Контрабандист: (Отрывки из его памятной книжки).,"СТАМАТИ, Константин Константинович (СТАМАТИ-ЧУРЯ, Константин Константинович).",,,
6774,Контрабандист: Рассказ.,"ГОФМАН, Франц.",,,
6775,Контрабандистка: (Из пограничной жизни).,"ПИСАРЕВ, Н.",,,
6776,Контрабандисты: Комедия в 1-м д.,"СЕРПОЛЕТТИ, А. ",,,
6777,Контрабандисты: Роман.,Имя авт. не установлено.,,,
6778,Контрабандисты: Роман.,"НЕМИРОВИЧ-ДАНЧЕНКО, Василий Иванович. ",Случайные встречи.,,
6779,Контрабандисты: Роман в 2-х ч.,"НЕСТЕРОВ, М. М.",,,
6780,Контрабандисты Тянь-Шаня: [Роман] .,"СЫТИН, Александр Павлович.",,,
6781,Контрабандная единица: Юмористические рассказы.,"МИХАЙЛОВ, Владимир Михайлович.",,,
6782,Контрабандный трест.,"ЛОВЦОВ, Николай Алексеевич.",,,
6783,Контрактация: Роман.,"ПЕРСОВ, Самуил Давидович.",,,
6784,Контрамарки недействительны: Рассказы и фельетоны.,"ДЫМСКОЙ, Яков Аркадьевич.",,,
6785,Контрапункт: Лирическая проза.,"МЕ-ЖЕЛАЙТИС, Эдуардас Беньяминович.",,,
6786,Контрапункт: [Роман].,"ХАКСЛИ, Олдос.",,,
6787,Контраст: Пьеса в 8-ми карт.,"АУЕР-БАХ, Тэо.",,,
6788,Контрасты: Стихи.,"ВИНОКУРОВ, Евгений Михайлович.",,,
6789,Контрасты: Стихи.,"ПИЛИТОВИЧ, С.",,,
6790,Контрасты: Стихи (1958—1960).,"ИМЕРМАНИС, Анатоль Адольфович.",,,
6791,Контратака: 15 звеньев о Германии наших дней.,"ПАВЛОВ, Евгений Николаевич.",,,
6792,Контролер.,"СОСЛАНИ, Шалва.",,,
6793,Контролер спальных вагонов: Комедия-шутка в 3-х д.,"БИССОН, Александр.",,,
6794,Контрольная будка: Пьеса в 1-м д.,"МАЙСКИЙ, П.",,,
6795,Контрольная полоса: Повесть.,"ЧЕРНЫЙ-ДИДЕНКО, Юрий.",,,
6796,Контрольная полоса: Стихи.,"ШЛЫ-ГИН, Алексей Иванович.",,,
6797,Контрольная работа: Пьеса в 3-х актах.,"ЦИННЕР, Гедда.",,,
6798,Контрольные цифры: Стихи.,"ФИШ, Геннадий Семенович.",,,
6799,Контромарочники.,"ГАЛИПО, Феликс. ",,Вечер у американцев...,
6800,Контрразведка.,"ГУЛЯШКИ, Андрей.",,,
6801,Контрудар: Роман.,"ДУБИНСКИЙ, Илья Владимирович.",,,
6802,Контрудар по «Цеппелину»: Документальная повесть.,"ЗУБРИЛИН, Юрий Кузьмич.",,,
6803,Контур: Стихи.,"СИКОРСКИЙ, Вадим Витальевич.",,,
6804,Контуры.,"АМФИТЕАТРОВ, Александр Валентинович.",,,
6805,Конфекцион.,"ТЮРК, Вернер.",,,
6806,Конфискованная земля.,"ТУНДЖЕР, Дженгиз.",,,
6807,Конфликт в Приозерске: Пьеса в 5-ти карт.,"СИЗОВ, Николай Трофимович.",,,
6808,Конфуз: Агитпьеса в 1-м д.,"КОЗЛОВ, Петр Сидорович.",,,
6809,Концерт: Драма в 5-ти актах.,"ФАЙ-КО, Алексей Михайлович.",,,
6810,Концерт: Комедия в 3-х д.,"БАР, Герман. ",На гастроли. (Концерт) .,,
6811,Концерт: (Поэма).,"КАРМАЗА, Н.",,,
6812,Концерт: Поэма.,"ЛУНАЧАРСКИЙ, Анатолий Васильевич.",,,
6813,Концерт: Рассказ.,"ПОТАНИН, Гавриил Никитич.",,,
6814,"Концерт знаменитого артиста г. Шаляпина: Шутка в 1-м д., с пением.","СЕРПО-ЛЕТТИ, А. ",,,
6815,Концерт с благотворительной целью: Этюд из современной жизни.,"КОСТРОМСКОЙ, П. (СОКОЛОВ, Петр Иванович.).",,,
6816,Концертанты: Пьеса в 1-м д.,"КИБЕР, В. (РЕБИКОВ, Владимир Иванович) .",,,
6817,Концессия.,"ДАЛЕЦКИЙ, Павел Леонидович.",,,
6818,Концессия на крыше мира.,"НАГИ, А.",,,
6819,Концы и начала: [Рассказы].,"ШЕЛЛЕР-МИХАЙЛОВ, Александр Константинович. ",,Грехи прошлого...,
6820,Концы и начала: [Статьи — письма].,"ИСКАНДЕР (ГЕРЦЕН, Александр Иванович) .",,,
6821,Кончается лето: Повести.,"КОРНИЛОВ, Иван Михайлович.",,,
6822,"Кончака, царевна татарская: Рассказ.","ИШИМОВА, Александра Осиповна.",,,
6823,Конченый человек.,"ПАПИНИ, Джи-ованни (ПАПИНИ, Джованни).",,,
6824,Кончилась масленица...: Драма в 2-х ч.,"ТОПОЛЬ, Йозеф.",,,
6825,Кончился: Рассказ.,"ПОЛИВАНОВ, Петр Сергеевич.",,,
6826,Кончина града: Драматическая повесть.,"ГЕРАСИМОВ, Никифор Иларионович.",,,
6827,Кончитта: Драма в 2-х карт.,"НОР-БЕРТИ, Джузеппе.",,,
6828,Конь: Обозрение в 4-х карт.,"ГРАДОВ, Григорий.",,,
6829,Конь бледный.,"РОПШИН, В. (САВИНКОВ, Борис Викторович).",,,
6830,Конь в Сенате: Водевиль в 1-м д. из римской истории.,"АНДРЕЕВ, Леонид Николаевич.",,,
6831,Конь вороной.,"РОПШИН, В. (САВИНКОВ, Борис Викторович).",,,
6832,Конь и броневик: Рассказ.,"АММОСОВ, Сергей Николаевич.",,,
6833,Конь и Кэтевана: Повесть.,"СОСЛА-НИ, Шалва.",,,
6834,Конь Камбера.,"ВАСИЛЕВ, Орлин.",,,
6835,Конь-огонь: Сказки.,"НАСИМОВИЧ, Александр Федорович.",,,
6836,Конь «Разбойник»: Очерк из уральской жизни.,"МАМИН-СИБИРЯК, Дмитрий Наркисович.",,,
6837,Конь Рыжий: Сказания о людях тайги.,"МОСКВИТИНА, Полина Дмитриевна, ЧЕРКАСОВ, Алексей Тимофеевич.",,,
6838,Конь с золотым седлом: Повесть.,"ИОСЕЛИАНИ, Отиа Шалвович.",,,
6839,Конь с розовой гривой: Рассказы.,"АСТАФЬЕВ, Виктор Петрович.",,,
6840,Конь стальной: Рассказ.,"ФЕЙМАН, М.",,,
6841,Конь-философ: Басня-рассказ.,"БЫКОВ, Александр Семенович.",,,
6842,Коньки: Комедия в стихах в 3-х д.,"МИХАЛКОВ, Сергей Владимирович.",,,
6843—6844,Коньки Ильича.,"СЕРГЕЕВ, Марк.",,,
6845,Конюх Даниэль Керестени: Рассказ.,"МАДАРАС, Эмиль.",,,
6846,Коняга: (Сказка для всех); Юбилей землепашца: (Сон в летнюю ночь).,"САЛТЫКОВ-ЩЕДРИН, Михаил Евграфович.",,,
6847,Кооперативная (живая газета).,"УХО-ВСКИЙ, Яков.",,,
6848,Кооперативные вредители: Пьеса в 2- х д. (К перевыборной кампании кооперации).,"КОРШУНОВ, Н., СИДОРОВ, М.",,,
6849,Кооперативный союз: Народная пьеса в 3-х д.,"РАДЮКОВ, С.",,,
6850,Кооперативы веселья: Поэмы.,"ШЕР-ШЕНЕВИЧ, Вадим Габриэлевич.",,,
6851,Кооператор наизнанку.,"ШАДРИН, Иларий Григорьевич.",,,
6852,Кооперация перекликается: (Картинки жизни).,"СМОЛЕНСКИЙ, Михаил.",,,
6853,"Координаты: Стихи, баллады, песни.","РИНК, Игорь Августович.",,,
6854,Координаты сердца: Стихи.,"ЛЕБЕДИНСКИЙ, Александр Яковлевич.",,,
6855,Координаты тревоги: Стихи.,"ЛИВШИЦ, Семен Ефимович.",,,
6856,Копала.,ВАЖА ПШАВЕЛА.,,,
6857,Копеечку бросишь — рубль подберешь.,"ГЕРАСИМОВ, Павел Николаевич.",,,
6858,Копеечное дело: Рассказы.,"ВОЛОСКОВ, Владимир Васильевич.",,,
6859,Копейка: Рассказ.,"КАМАНИН, Федор.",,,
6860,Копейка заела; Ничей.,А. А. С.,,,
6861,Копейка — злодейка: Юмористические и сатирические сочинения. Вып. 1-3.,"ПОКОЙ ТВЕРДО (ТРАВИН, Петр Александрович) .",,,
6862,Копейки: Повести и рассказы.,"СЕМЕНОВ, Сергей Александрович.",,,
6863,Копейкин: Колючие стихи.,"БАРТО, Агния Львовна.",,,
6864,Коперник: Драматическая поэма в 3- х ч.,"КОЧЕТКОВ, Александр Сергеевич. ",Николай Коперник.,,
6865,Копи царя Соломона: Повесть; Прекрасная Маргарет.,"ХАГГАРД, Генри Райдер. ",,,
6866,Копилка: Комедия-шутка в 5-ти д.,"ДЕЛАКУР, Альфред Шарлемань, ЛАБИШ, Эжен Мари.",,,
6867,Копилка: [Стихи].,"БЕЛЯКОВА, Елена Михайловна.",,,
6868,Копия Дюрера: Повесть.,"КАСПАРОВ, Борис Минаевич.",,,
6869,Копоть в уголке.,"КАРБОВСКАЯ, Варвара Андреевна.",,,
6870,Копчик.,"МИНАЕВ, Константин.",,,
6871,"Копыто Пегаса: Дружеские шаржи, литературные пародии, шутки.","МАТВЕЕВ, Владимир Федорович.",,,
6872,Копье Черного Принца: Приключенческая повесть.,"ПРОЗОРОВСКИЙ, Лев Владимирович.",,,
6873,Копьем в Германию: Стихи.,"ДВОРЯ-ШИН, Виктор Павлович.",,,
6874,Копьеносцы: Роман.,"БЕРКЕШИ, Анд-раш, КАРДОШ, Дьердь.",,,
6875,Копья народа: Рассказы и повесть.,"ИВАНОВ-ЛЕОНОВ, Валентин Георгиевич.",,,
6876,"Корабелы: (Любовь моя, чайка белая...). Драма в 2-х ч.","МИТРОФАНОВ, Лев Иванович.",,,
6877,Корабелы: Роман.,"СИЗОНЕНКО, Александр Александрович.",,,
6878,Корабельная слободка: Историческая повесть.,"ДАВЫДОВ, Зиновий Самойлович. ",Корабельная сторона.,,
6879,Корабельная сторона: Роман.,"ДАВЫДОВ, Зиновий Самойлович.",,,
6880,Корабельная сторона: Стихи.,"ИНГЕ, Юрий Алексеевич.",,,
6881,Корабельная сторона: Стихи.,"ОЙС-ЛЕНДЕР, Александр Ефимович.",,,
6882,Корабельная сторона: [Стихи].,"ШЕВЧЕНКО, Виталий Андреевич.",,,
6883,Корабельная чаща: Повесть-сказка.,"ПРИШВИН, Михаил Михайлович.",,,
6884,Корабельные склянки: Стихи.,"ЛЕНСКИЙ, Анатолий Николаевич.",,,
6885,Корабельные сосны: Лирика.,"ПЫ-СИН, Алексей Васильевич.",,,
6886,Корабельный бор: Стихи.,"РАКУШИН, Федор Николаевич.",,,
6887,Корабельный бор: [Стихи].,"ТАТЬЯ-НИЧЕВА, Людмила Константиновна.",,,
6888,Кораблекрушение: Историческое происшествие.,"БОГОЛЮБОВ, Николай Петрович.",,,
6889,Кораблекрушение: Подражание I песне английской поэмы «Море».,"ШИРИН-СКИЙ-ШИХМАТОВ, Платон Александрович.",,,
6890,Кораблекрушение: [Рассказ].,"ДЕ АМИЧИС, Эдмондо. ",,"Девочка, спасшая поезд... Изд. также под загл.: Буря на море.",
6891,Кораблекрушение «Джонатана».,"ВЕРН, Жюль. ",,Жаигада...,
6891а,Кораблекрушение и похождения в Северной Америке капитана Петра Виода.,"ДЮБУА-ФОНТАНЕЛЬ, Жан Гаспар.",,,
6892,"Кораблекрушение или Кто на море не бывал, тот досыта богу не маливался: Рассказ.",Б-НКИН Л. ,,,
6893,Корабли: Вторая книга стихов.,"РАД- ЛОВА, Анна Дмитриевна.         ",,,
6894,Корабли: Лирика.,"КРЕМЛЁВ, Илья.",,,
6895,Корабли: [Рассказы].,"РАХИЛЛО, Иван Спиридонович.",,,
6896,Корабли: [Стихи].,"КИРЕЕНКО, Ка-стусь Тихонович.",,,
6897,Корабли в Лиссе: Повести и рассказы.,"ГРИН, Александр.",,,
6898,Корабли выходят в море.,"ЯХОНТОВА, Марианна Сергеевна.",,,
6899,Корабли выходят в океан: Роман.,"МИРОНОВ, Александр Евгеньевич.",,,
6900,Корабли выходят на орбиты.,"ГУСЕНКОВ, Владимир Павлович.",,,
6901,Корабли идут на бастионы.,"ЯХОНТОВА, Марианна Сергеевна.",,,
6902,Корабли издалека.,"ГЛОБА, Андрей Павлович.",,,
6903,Корабли покидают бухту: Повесть.,"БОНДАРЕНКО, Александр Павлович.",,,
6904,"Корабли, проходящие ночью.","ГАР-РАДЕН, Беатриса.",,,
6905,Корабли Санди: Роман.,"МУХИНА-ПЕТРИНСКАЯ, Валентина.",,,
6906,"Корабли, степи, товарищи: Повести и рассказы.","МИНДЛИН, Эмилий Львович.",,,
6907,Корабли уходят в дозор.,"ОБУХОВ, Леонид Михайлович.",,,
6908,Корабли уходящие: Стихотворения.,"ПОРОШИН, Александр.",,,
6909,Кораблик: Сборник стихов.,"МАТВЕЕВА, Новелла.",,,
6910,Корабль: Пьеса в 2-х актах.,"КУЧ-КИНА, Ольга.",,,
6911,Корабль: [Рассказы].,"ИЕНСЕН, Иоганнес Вильгельм.",,,
6912,Корабль: Трагедия.,"Д'АННУНЦИО, Габриэль (Д'АННУНЦИО, Габриэле).",,,
6913,Корабль дураков: Избранные сатиры.,"БРАНТ, Себастиан.",,,
6914,«Корабль дьявола» и другие наброски в дни войны.,"ГОРБУНОВ-ПОСАДОВ, Иван Иванович.",,,
6915,Корабль его величества «Улисс»: Роман.,"МАКЛИН, Олистер (МАКЛИН, Алистер) .",,,
6916,Корабль «Забвение»: Путешествие из Нью-Йорка вокруг мыса Доброй Надежды и обратно в Европу.,"СОЛОВЬЕВ, М. А.",,,
6917,Корабль идет дальше: Повесть.,"КЛИ-МЕНЧЕНКО, Юрий Дмитриевич.",,,
6918,Корабль идет дальше: [Роман].,"ГРИГ, Нордаль Н. (ГРИГ, Нурдаль).",,,
6919,Корабль купца Романова.,"НИКОЛАЕВА, Евгения.",,,
6920,Корабль мертвецов: Рассказ моряка.,"КУКЕЛЬ (ЛУНИН, В. А.).",,,
6921,Корабль мертвых: Рассказы.,"БРУСЯ-НИН, Василий Васильевич.",,,
6922,Корабль моей мечты.,"ЛОБАЧЕВА, Елена Александровна.",,,
6923,Корабль на горе: Роман.,"ЗАРЯН, Ко-стан Христофорович.",,,
6924,Корабль отплывающий.,"БЕНАР, Наталия Владимировна.",,,
6925,Корабль республики: Поэма.,"ЗЕЛЕНСКИЙ, Сергей.",,,
6926,Корабль «Ретвизан»: (Год в Европе и на европейских морях). Путевые впечатления и воспоминания.,"ГРИГОРОВИЧ, Дмитрий Васильевич.",,,
6927,Корабль с шампанским: Рассказы.,"ШЕФФАУЭР, Герман Джордж.",,,
6928,Корабль-скиталец.,"ЖЕЛОБОВ-СКИЙ, Игнатий Александрович.",,,
6929,Корабль смерти: Роман.,"ТРАВЕН, Бруно.",,,
6930,Корабль шампанского.,"ШЕФФАУЭР, Герман Джордж. ",Корабль с шампанским.,,
6931,Коралл: Пьеса в 5-ти д.,"КАЙЗЕР, Георг.",,,
6932,Коралловые четки: [Роман].,"ВИЛЬМ, Антуан.",,,
6933,Коралловые четки: [Стихи].,МА-РИДЖАН.,,,
6934,Коралловый город или Приключения Смешинки: Повесть-сказка.,"НАУМОВ, Евгений Иванович.",,,
6935,Коралловый камень: Повесть.,"КУДИНОВ, Иван Павлович.",,,
6936,Коралловый конь: Рассказы.,"КАРДО-СО, Онелио Хорхе.",,,
6937,Коралловый корабль.,"СТЭКПУЛ, Генри де Вер.",,,
6938,Коралловый остров: Приключения Рэльфа Скитальца.,"БАЛЛАНТАЙН, Роберт Майкл.",,,
6939,Коралловый риф: Рассказ.,"ПЕРСИ, Джон (СЕНТ-ДЖОН, Перси Болингброк).",,,
6940,Кораллы: Сказка.,"ЭВАЛЬД, Карл.",,,
6941,Кораллы и люди: Старинное сказание из жизни далекого Востока.,"РУБАКИН, Николай Александрович.",,,
6942,"Коран или Жизнь, характер и чувства Лаврентия Стерна, пребендария Юркского викария Суттонского, Форрестского и Стиль-лингстонского подле Юрка: Служащий пояснением на все его сочинения.","СТЕРН, Лоренс.",,,
6943,«Корвет «Бриль» и другие повести.,"ДРУЖИНИН, Владимир Николаевич.",,,
6944,Корделия; Миньона; Петербургская идиллия; Кожаный актер; Проводы.,"ЩЕГЛОВ, Иван.",,,
6945,Кордецкий: Исторический роман. В 2-х ч.,"КРАШЕВСКИЙ, И. (КРАШЕВСКИЙ, Юзеф Игнацы).",,,
6946,Кордиан и хам: Роман.,"КРУЧКОВ-СКИЙ, Леон.",,,
6947,Кордойская быль.,"КИСЕЛЕВ, Виктор Владимирович.",,,
6948,Кордон в облаках.,"ЭКОНОМОВ, Лев Аркадьевич.",,,
6949,Корейка Маша.,"МАКСИМОВ, Александр Яковлевич. ",,Китобои...,
6950,Корейская сосна: Роман.,КИМ ДЮН.,,,
6951,Корел: Пьесы по ительменским мотивам.,"ПОРОТОВ, Георгий Германович.",,,
6952,Корела: Повести.,"ГУБАНОВ, Петр Петрович.",,,
6953,Коренная тайность: Из уральских сказов.,"БАЖОВ, Павел Петрович.",,,
6954,Коренной: Роман.,"ШПЫНАРЬ, Семен.",,,
6955,Коренной человек: Повести и рассказы.,"РЫЛЕНКОВ, Николай Иванович.",,,
6956,Коренные и пристяжные: Рассказы.,"ВОРОБЬЕВ, Леонид Иванович.",,,
6957,Корень: Рассказ.,"ЗАВАДОВСКИЙ, Леонид Николаевич.",,,
6958,Корень: Рассказы.,"ИЛЬИН, Виктор Андреевич.",,,
6959,Корень добра: Стихи.,"СКРЕБОВ, Николай Михайлович.",,,
6960,Корень жизни: Из рассказов охотника.,"ТАММАН, Сергей Иванович.",,,
6961,Корень жизни: (Галина). Комедия в 3-х актах.,"ШТОК, Исидор Владимирович. ",Галина. (Корень жизни).,,
6962,Корень жизни: Очерк.,"АСТАФЬЕВ, Гавриил Васильевич.",,,
6963,Корень жизни: [Повесть].,"БЫТОВОЙ, Семен.",,,
6964,Корень жизни: Рассказ.,"ЧЕРНЕНКО, Александр Иванович.",,,
6965,Корень жизни: Рассказы для школьников.,"ГОНЧАРЕНКО, Тимофей Иванович.",,,
6966,Корень жизни: Рассказы и очерки.,"КАРПОВ, Павел Яковлевич.",,,
6967,Корень жизни: Рассказы охотника.,"ПРИШВИН, Михаил Михайлович.",,,
6968,Корень зла: Историческая повесть.,"ПОЛЕВОЙ, Петр Николаевич.",,,
6969,Корень зла: Пьеса в 3-х д.,"ЗОРСКИЙ, Антон Ефимович.",,,
6970,Корень зла: Рассказы.,"КУКАНОВ, Василий Иванович.",,,
6971,Корень зла: [Стихи].,"РОМАНОВ, Игорь Степанович.",,,
6972,Корень из я: Биокосмисты.,"ЯРОСЛАВСКИЙ, Александр Борисович.",,,
6973,Корень рода: Рассказы.,"ПЕТУХОВ, Анатолий Васильевич.",,,
6974,Корж идет по следу: Повесть.,"КОСТИН, Михаил Петрович.",,,
6975,Коржик Дмитрий.,"ЖИТКОВ, Борис Степанович.",,,
6976,Корзина с еловыми шишками.,"ПАУСТОВСКИЙ, Константин Георгиевич.",,,
6977,Корзина со сливами.,УЙДА.,,,
6978,Корзина спелой вишни: Роман.,"АЛИЕВА, Фазу Гамзатовна.",,,
6979,Корзина цветов: Рассказы о природе.,"ПЕТРОВ, Борис Михайлович.",,,
6980,Корзиночка: Воспоминания из школьной жизни.,Ф. С. Т.,,,
6981,Коридорная система: Комедия в 4-х актах.,"ВЛАДИМИРОВА, Елизавета.",,,
6982,Коридорные: Рассказ.,"РОБЕРТС, Чарльз.",,,
6983,Коринна; Эмма: Две повести.,"КРИ-ЧЕВСКАЯ, Любовь Яковлевна.",,,
6984,Коринна или Италия: Роман в 2-х т.,"СТАЛЬ-ГОЛСТЕЙН (СТАЛЬ, Анна Луиза Жермена де).",,,
6985,Коринфское чудо: Трагедия в 4-х д.,"КОСОРОТОВ, Александр Иванович.",,,
6986,Коринфяне: (Трагедия).,"АКСЕНОВ, Иван Александрович.",,,
6987,Кориолан: Трагедия. В 5-ти д.,"ШЕКСПИР, Вильям.",,,
6988,Коричневая змея.,"ДИН-МАГОМАЕВ, Раджаб Диимагомасвич.",,,
6989,Коричневый бунт.,"ЧАЧИКОВ, Александр Михайлович.",,,
6990,Коркин луг: Стихи.,"МАЧТЕТ, Тарас Григорьевич.",,,
6991,Кормилец: Рассказ.,"ВОРОНОВ, Николай Павлович.",,,
6992,Кормилец: Рассказ.,"МАМИН-СИБИ-РЯК, Дмитрий Наркисович.",,,
6993,Кормилец в тюрьме: Рассказ.,"ТИЩЕНКО, Федор Федорович.",,,
6994,Кормильцы: Комедия в 3-х актах.,"БРИЕ, Эжен.",,,
6995,Кормчие звезды: Книга лирики.,"ИВАНОВ, Вячеслав Иванович.",,,
6996,Кормящая бабушка.,"НАРИНЬЯНИ, Семен Давыдович.",,,
6997,Корнёвы и время.,"ЯВИЧ, Август Ефимович.",,,
6998,«Корней Васильев» и другие рассказы.,"ТОЛСТОЙ, Лев Николаевич.",,,
6999,Корнелио Д'Армор: Мексиканская легенда.,"ЭМАР, Гюстав.",,,
7000,Корнелия: Комедия в 3-х д.,"ЧОРЧО-ЛИНИ, Марчелло.",,,
7001,Корнелия Сидлей или Молодая вдова: Роман. Ч. I.,"ХЕЙЛИ, Уильям. ",Молодая вдова.,,
7002,Корнет: [Картинки русских нравов].,"БУЛГАРИН, Фаддей Венедиктович.",,,
7003,Корнет: Рассказ.,"ЛАЗАРЕВСКИЙ, Борис Александрович.",,,
7004,Корнет Александров: Герой — девица. Сцены походной жизни 1812 г. в 5-ти карт.,"ЧЕРНЫШЕВА, Евдокия Тимофеевна.",,,
7005,Корнет Отлетаев: Повесть.,"КУГУ-ШЕВ, Григорий Васильевич.",,,
7006,Корни: [Повести].,"БЕЛЯЕВ, Сергей Михайлович.",,,
7007,Корни: Пьеса в 1-м д.,"ВИТАРСКИЙ, Николай.",,,
7008,Корни: Пьеса в 3-х д.,"УЭСКЕР, Арнольд.",,,
7009,Корни: Рассказы.,"АЛЬТМАН, Моисей Елевич.",,,
7010,Корни: Роман.,"АРОСЕВ, Александр Яковлевич.",,,
7011,Корни: Стихи.,"ДАМИАН, Ливиу Степанович.",,,
7012,Корни: [Стихи].,"ЕГОРОВ, Василий Федорович.",,,
7013,Корни: Стихи.,"ПОГРОМСКИЙ, Николай Александрович.",,,
7014,Корни: Стихи.,"СВЕТЛОВ, Михаил.",,,
7015,Корни врастают в землю: Роман.,"ОБУХОВ, Михаил Михайлович.",,,
7016,Корни гор: Стихи о Грузии и переводы.,"ЛУКОНИН, Михаил Кузьмич.",,,
7017,Корни держат дерево: Роман.,"МАГОМЕДОВ, Муса Абдуллаевич.",,,
7018,Корни дома моего: Стихи.,"ДЕМЫКИ-НА, Галина Николаевна.",,,
7019,Корни дуба.,"ГАЛИ, Муса.",,,
7020,Корни жизни.,"ТИМКОВСКИЙ, Николай Иванович.",,,
7021,Корни и ветви: Повесть и рассказы.,"ШАТБЕРАШВИЛИ, Георгий Иванович.",,,
7022,"Корни и кроны: Стихи, поэма.","КОЛЫЧЕВ, Осип Яковлевич.",,,
7023,Корни и листья: Стихи.,"РЫЛЕНКОВ, Николай Иванович.",,,
7024,Корни и плоды: Повести.,"ЧИСТЯКОВ, Михаил Борисович.",,,
7025,Корни капитализма: Комедия в 1-м д.,"ЗОЩЕНКО, Михаил Михайлович.",,,
7026,Корни кедра: Стихи.,"КОЛЬЦОВ, Георгий Николаевич.",,,
7027,Корни обнажаются в бурю: Роман.,"ПРОСКУРИН, Петр Лукич.",,,
7028,Корни оголенные: Мужицкая драма в 4-х д.,"ЗАЦКОЙ, Михаил.",,,
7029,Корни песни: Стихи.,"ВЕРНАДСКИЙ, Василий Анисимович.",,,
7030,Корни твои: Роман.,"ГАВРИЛОВ, Игнатий Гаврилович.",,,
7031,Корни твои: Роман.,"ЧЕРКАСОВ, Владимир Георгиевич.",,,
7032,Корни японского солнца.,"ПИЛЬНЯК, Борис.",,,
7033,Корниловщина: (Кубань). Пьеса в 5-ти актах.,"БЕКЕТОВ, Николай Григорьевич.",,,
7034,Корноушка: Рассказ.,"УЛЬЯНОВ, Алексей Николаевич.",,,
7035,Коробейник; «Отец Милон» и другие посмертные рассказы.,"МОПАССАН, Ги де. ",,,
7036,Коробейник: Рассказ.,Имя авт. не установлено.,,,
7037,Коробейник: Рассказ.,"ОРЖЕШКО, Э. (ОЖЕШКО, Элиза).",,,
7038,Коробейник: Три рассказа.,ОЛЬГА Н. ,,,
7039,Коробейник Селифан.,"ПАШКОВ, Иосиф Иванович.",,,
7040,Коробейники.,"НЕКРАСОВ, Николай Алексеевич.",,,
7041,Коробочка.,"КОЗЫРЕВ, Михаил Яковлевич.",,,
7042,«Коробочка с синдуром» и другие рассказы.,МАРКАНДЭЙ.,,,
7043,Корова.,НАЗЫМ ХИКМЕТ.,,,
7044,Корова с деревянной ногой: Рассказы.,"ЧОПИЧ, Бранко.",,,
7045,Коровий клуб: Рассказы.,"ПУШКАРЕВ, Глеб Михайлович.",,,
7046,Коровий суд: Агрокомедия в 3-х карт.,"ГОНЧАРОВА-ВИКТОРОВА, Наталия Петровна (ГОНЧАРОВА, Наталия Петровна).",,,
7047,Коровины дети: Повесть.,"МАТЯШ, Николай Иванович.",,,
7048,Коровья смерть: Пьеса в 4-х д.,"ЛЕБЕДЕВ, Иван Иванович.",,,
7049,Королева: [Рассказ].,"ОБСТФЕЛЬ-ДЕР, Сигбьерн. ",,Лив...,
7050,Королева: [Рассказы].,"ФЕДОРОВ, Александр Митрофанович.",,,
7051,Королева Атлантики: («Ворвань»). Пьеса в 1-м д.,"О'НЕЙЛЬ, Юджен (О'НИЛ, Юджин Гладстон).",,,
7052,Королева баррикад: Похищение герцогини Анны Лотарингской. Исторический роман.,"ПОНСОН ДЮ ТЕРРАЙЛЬ, Пьер Алексис де.",,,
7053,Королева баррикад: Роман. Ч. 1. Блоаские штаты; Ч. 2. Человек в маске; Ч. 3. Баррикады; Ч. 4. Убийца и два короля.,"ПОНСОН ДЮ ТЕРРАЙЛЬ, Пьер Алексис де.",,,
7054,Королева баррикад: Убийство герцога де Гиз. Исторический роман.,"ПОНСОН ДЮ ТЕРРАЙЛЬ, Пьер Алексис де.",,,
7055,Королева Беатриса: Роман.,"ИВЕР, Колетта (ИВЕР, Колет).",,,
7056,Королева большого дерби: Фантастико-сатирические рассказы.,"КАЛИНОВСКИЙ, Иван Александрович.",,,
7057,Королева в лохмотьях: Повесть.,"НЕМИРОВИЧ-ДАНЧЕНКО, Василий Иванович.",,,
7058,Королева Голконды: Сказка.,"БУФ-ФЛЕР ДЕ (БУФЛЕР, Станислав Жан де). ",^Королева Голкондская; ^Королева Гольгондии.,,
7059,Королева джунглей: Фарс в 4-х д.,"РАЗСУДОВ, Василий Иванович, ФРАНЧИЧ, Валентин Альбинович.",,,
7060,Королева долины: Повести и рассказы.,"МИСАКОВ, Петр Татушевич.",,,
7061,Королева земли Франкской: Исторический роман.,"ОРДЫНЦЕВ-КОСТРИЦКИЙ, Михаил Дмитриевич.",,,
7062,Королева змей. О.,ГЕНРИ.,,,
7062а,"Королева и волшебница или Царство метаморфоз: Фантастическая феерия в 5-ти д., с балетом, пением, шествиями, живыми картинами и превращениями. Сюжет заимствован немного с французского, испанского, китайского, тьмутараканского, а больше собственной фантазией.","СОКОЛОВ-ЖАМ-СОН, П. Л. [!] (СОКОЛОВ, Павел Ананьевич) .",,,
7063,Королева и семь дочерей: (Что я отвечу?). Пьеса в 3-х д.,"ШИМ, Эдуард.",,,
7064,Королева Изабелла Баварская: Исторический роман. В 3-х ч.,"ДЮМА, Александр (отец). ",Изабелла Баварская.,,
7065,Королева Ильдегерда: Повесть. Ч. 1-2.,"КОЦЕБУ, Август Фридрих.",,,
7066,Королева Ингигерда (1019—1054 гг.).,"РАЗИН, Алексей Егорович.",,,
7067,Королева инков: Роман в 2-х ч. Ч. 1-2.,"ЭВЕЛИН, Джон.",,,
7068,Королева Калафия: Роман.,"БЛАСКО ИБАНЬЕС, Висенте.",,,
7069,Королева красоты.,"СМРЖОВА, Власта.",,,
7070,Королева Лилийка: Сказка в 5-ти д.,"КОНЧИНСКИЙ, Тадеуш (КОНЧИНЬСКИЙ, Тадеуш).",,,
7071,Королева Марго: Роман в 6-ти ч. Т. 1-2.,"ДЮМА, Александр (отец).",,,
7072,Королева Мэб: Роман.,"КАВАНА, Джулия.",,,
7073,Королева Наваррская: Комедия в 4-х д.,"ЛЕГУВЕ, Эрнест, СКРИБ, Эжен. ",Новеллы Маргариты Наварской.,,
7074,Королева неизвестного острова.,"ВО- ТЕЛЬ, Клеман.",,,
7075,Королева поневоле или Жертва чужого честолюбия.,Имя авт. не установлено.,,,
7076,Королева-рабыня: Историческая повесть.,"КАФТЫРЕВ, Семен Никанорович.",,,
7077,Королева-рабыня: Историческая повесть. Чтение для народа.,Имя авт. не установлено.,,,
7078,Королева роботов.,"ЛЕНЦОВ, Владимир Андреевич.",,,
7079,Королева Саббат: (Трагедия еврейской девушки). Драма в 3-х д.,"МАРЕК, Андрей.",,,
7080,Королева снегов: В семи рассказах.,"АНДЕРСЕН, Ганс-Христиан.",,,
7081,Королева утренней зари: Повесть.,"ДГЕБУАДЗЕ, Ордэ (ДГЕБУАДЗЕ, Орде Соломонович) .",,,
7082,Королева Фиаметта: Драматическая сказка в 6-ти д.,"МЕНДЕС, Катюлль (МЕНДЕС, Катюль).",,,
7083,Королева Фредерика: Роман.,"ДОДЭ, Альфонс (ДОДЕ, Альфонс).",,,
7084,Королева Христина: Пьеса в 4-х актах.,"СТРИНДБЕРГ, Август.",,,
7085,Королева Шведская.,"ИЕНСЕН, Вильгельм.",,,
7086,Королева экрана.,"БЛАСКО ИБАНЬЕС, Висенте.",,,
7087,Королевич и мавритенок: Древнегерманская легенда.,"АЛТАЕВ, Ал.",,,
7088,Королевна и рыцари: Сказки.,"БЕЛЫЙ, Андрей.",,,
7089,Королевская башня: Историческая народная повесть из волжских преданий.,"ДОБРОНРАВОВ, Николай Евгеньевич.",,,
7090,"Королевская игрушка: Единственный фаворит, которого народ боготворил. (Трагедия).","Е. У. (УНГЕРН-ШТЕРНБЕРГ, Е.)",,,
7091,Королевская невеста: Исторический роман из последних лет царствования императрицы Екатерины II.,"ОПОЧИНИН, Евгений Николаевич.",,,
7092,Королевская невеста: [Сказка].,"ГОФМАН, Эрнст Теодор Амадей. ",,Щелкунчик и мышиный король...,
7093,Королевская охота: Пьеса-сказка в 2-х д.,"КИЧАНОВА, Ирина Николаевна, ЛИФ-ШИЦ, Владимир Александрович.",,,
7094,Королевская охота: Роман. Ч. 1-10.,"АШАР, Амедей.",,,
7095,Королевская примула: Роман.,"КИК-НАДЗЕ, Александр Васильевич.",,,
7096,Королевская семья: Из английской хроники.,"МОРЭ, Тибург (ГРУССЕ, Паскаль) .",,,
7097,Королевская собственность: Роман.,"МАРРИЭТ, Фредерик.",,,
7098,Королевские агенты: Исторический роман.,"ДЕЛИС, Шарль Колин.",,,
7099,Королевские идиллии: Поэмы.,"ТЕН-НИСОН, Альфред.",,,
7100,"Королевские размышления, 1914 г.","ЦВЕТАЕВА, Анастасия Ивановна.",,,
7101,Королевские секреты.,Имя авт. не установлено.,,,
7102,Королевские фанфароны: Роман. Ч. 1-4.,"ФЕВАЛЬ, Поль Анри.",,,
7103,Королевский брадобрей: Пьеса в 7-ми карт.,"ЛУНАЧАРСКИЙ, Анатолий Васильевич.",,,
7104,Королевский гамбит: Драма в 4-х актах.,"ВАСИЛЕНОК, Евгений Петрович.",,,
7105,Королевский гамбит: Повесть.,"НОВОЖИЛОВ, Иван Галактионович, ШУСТОВ, Владимир Николаевич.",,,
7106,«Королевский жираф» и другие фельетоны.,"МИНЬКОВ, Константин Иванович, ШАРОВ, Семен.",,,
7107,Королевский конь и новые всадники: Роман.,"БУДЖЕЛИ, Кямиль.",,,
7108,Королевский прокурор: Пьеса в 3-х д. с прологом.,"СЕВАСТИК-ОГЛУ, Георгос.",,,
7109,"Королевский сын, вскормленный львицею.",Имя авт. не установлено.,,,
7110,Королевский фаворит: Роман.,"ФЕВАЛЬ, Поль Анри.",,,
7111,Королевское платье.,"АНДЕРСЕН, Ганс-Христиан. ",,Рассказы месяца... Изд. также под заглавиями: Новое платье короля; Новый наряд короля; Царское новое платье.,
7112,Королевское правосудие: Пьеса в 5-ти актах.,"РОССОВ, Николай Петрович.",,,
7113,Королевство кривых зеркал.,"ГУБАРЕВ, Виталий Георгиевич.",,,
7114,Королевство спеси: Исторический роман.,"РУСИНЕК, Михаил.",,,
7115,Королевы в Кунгахэлле.,"ЛАГЕРЛЕФ, Сельма. ",Герои Кунга-хеллы.,,
7116,Королевы науки: Роман.,"ИВЕР, Колетта (ИВЕР, Колет).",,,
7117,Короли.,"ЛЕМЕТР, Жюль.",,,
7118,Короли биржи: (5 Ротшильдов). Пьеса в 3-х д.,"РЕССЛЕР, Карл (РЕСЛЕР, Карл). ",Пять Ротшильдов; Пять франкфуртцев.,,
7119,Короли в изгнании: Роман.,"ДОДЕ, Альфонс.",,,
7120,Короли и капуста. О.,ГЕНРИ.,,,
7121,Короли морей: Исторические рассказы и очерки.,"СУВЕСТР, Эмиль.",,,
7122,«Короли» снимают табель.,"ТРУБНИКОВА, Алла Яковлевна.",,,
7123,Король: Политическая сатира в 3-х д.,"АРЕН, Эммануэль, КАЙАВЕ, Гастон Арман (КАЙЯВЭ, Гастон Арман)",,,
7124,Король: Пьеса в 4-х д.,"ЮШКЕВИЧ, Семен Соломонович.",,,
7125,Король англо-саксов: Исторический роман.,"БУЛЬВЕР-ЛИТТОН, Эдуард (БУЛ-ВЕР-ЛИТТОН, Эдуард Джордж). ",,,
7126,Король-арлекин: Пьеса в 4-х д.,"ЛОТАР, Фр. [!] (ЛОТАР, Рудольф).",,,
7127,Король Артур.,"БУЛВЕР-ЛИТТОН, Эдуард Джордж.",,,
7128,Король без королевства: Исторический роман.,"МОНТЕГЮ, Морис. ",Король без трона; Король без царства*.,,
7129,Король без трона: Исторический роман.,"МОНТЕГЮ, Морис.",,,
7130,Король биржи: Роман.,"ШТИЛЬГЕ-БАУЭР, Эдвард (ШТИЛЬГЕБАУЭР, Эдуард).",,,
7131,Король Брен: Драма в 5-ти д.,"ИГНАЦИУС, Б.",,,
7132,Король Бубен: Сказка.,"БАСОВ-ВЕР-ХОЯНЦЕВ, Сергей Александрович.",,,
7133,Король в лохмотьях: Драматическая легенда в 5-ти д.,"ЮРЬИН, Юр.",,,
7134,Король веселится: Драма. Кн. 1-3.,"ГЮГО, Виктор.",,,
7135,Король волков: Охотничьи рассказы.,"ТОМСОН, Эрнест (СЕТОН-ТОМПСОН, Эрнест).",,,
7136,"Король Вонифатий I, король Генрик C1V и королевич Марко — король Генрикус CV: Переработка и пересказ из народных русских сказок.","СОЛОВЬЕВ-НЕ-СМЕЛОВ, Николай Александрович.",,,
7137,"Король воров: Кража со взломом. Необычайные приключения Раффля, громилы-любителя.","ГОРНУНГ, Е. В. (ГОР-НУНГ, Эрнест Вильям).",,,
7138,Король воров: Пьеса в 1-м д.,"ОСВАЛЬД, Рихард.",,,
7139,Король Генрих IV: Историческая хроника.,"ШЕКСПИР, Вильям. ",Генрих IV.,,
7140,"Король Громил Буффльс, прозванный «вор джентелмен».",Имя авт. не установлено.,,,
7141,Король Дагобер: Комедия в 3-х актах в стихах.,"РИВУАР, Андре.",,,
7142,"Король, дама, валет: Картонаж в 1-м д.","ЧУЖ-ЧУЖЕНИН (ФАЛЕЕВ, Николай Иванович).",,,
7143,Король Даниил: Трагедия в 5-ти д.,"КРЕМЛЕВ, Анатолий Николаевич.",,,
7144,Король Дар или Строй будущего: Рассказ. Ч. 1-2.,"БУР-Ъ-КУЩИЙ, Г.",,,
7145,Король живет в интернате: Повесть.,"ДОБРЯКОВ, Владимир Андреевич.",,,
7146,Король жизни: Драма в 4-х д.,"БЕЛАЯ, Софья (БОГДАНОВСКАЯ, Софья Николаевна).",,,
7147,Король забавляется.,"ГЮГО, Виктор. ",Король веселится; Любовь шута.,,
7148,"Король, закон и свобода: Пьеса в 6-ти карт.","АНДРЕЕВ, Леонид Николаевич.",,,
7149,Король Золотой реки: Сказки.,"РЕС-КИН, Джон.",,,
7150,Король золотых приисков.,"ЭМАР, Гюстав.",,,
7151,Король и анархист: Современная повесть.,Имя авт. не установлено.,,,
7152,Король и Бондаривна: Повесть.,"КРА-ШЕВСКИЙ, И. (КРАШЕВСКИЙ, Юзеф Игнацы).",,,
7153,Король и инфант: Историческая повесть из времен Филиппа II.,"АЛТАЕВ, Ал.",,,
7154,Король и статуя: Сказка.,"БАЛЬД-ВИН, Альфред (БОЛДУИН, Альфред).",,,
7155,Король и стрелок: Исторический роман.,"СКОТТ, Вальтер.",,,
7156,"Король-изгнанник или Жизнь и анекдоты сына герцога Беррийского Генриха-Карла-Фердинанда, Мария-Dieudonne Д'Артуа, герцога Бордосского от рождения его и до сих пор: Памятные записки 1820— 1833 годов в Париже, Сент-Клу, Багатели, Шербурге, Люльворте и Голироде в Шотландии. Ч. 1-2.","ШАТОБРИАН, С. [!] (ША-ТОБРИАН, Франсуа Рене де).",,,
7157,Король-изгнанник или Торжество добродетели.,Имя авт. не установлено.,,,
7158,Король Иоанн: Драма.,"ШЕКСПИР, Вильям.",,,
7159,Король камышей: Повесть для детей.,"МИТРОПОЛЬСКИЙ, Иван Иванович.",,,
7160,Король карточного острова: Енисейские были.,"НАЗАРОВ, Иван Михайлович.",,,
7161,Король Коко: Фарс в 3-х д.,"БИССОН, Александр. ",,,
7162,«Король колючих зарослей» и другие рассказы из жизни животных.,"РАГОЗА, Н.",,,
7163,Король-кондитер: Рассказы.,"МАРТЫНОВ, Юрий Семенович.",,,
7164,"Король, королева и Генка: Рассказы.","ТИХОМИРОВ, Олег Николаевич.",,,
7165,Король крови: Поэма и стихи из цикла «Черный сон».,"ГАЛЬПЕРИН, Михаил Петрович.",,,
7166,Король Лир: Трагедия в 5-ти д.,"ШЕКСПИР, Вильям. ",Трагедия о короле Лире.,,
7167,Король людоедов: Рассказ.,Имя авт. не установлено.,,,
7168,Король лягушек: (Господин). Романтическая комедия в 3-х д.,"ЭКАРТ, Дитрих.",,,
7169,Король Мадагаскара: Авантюристы XVIII века. Гр. Беньовский. Историческая повесть.,"ПОСПЕЛОВ, Сильвестр Александрович.",,,
7170,Король Малеки: Рассказы.,"СТЭК-ПУЛ, Генри де Вер.",,,
7171,Король мамок или Бразильский дядюшка: Фарс в 4-х д.,"АРМОН, Поль, НАНСЭ, Марсель.",,,
7172,Король Матиуш на необитаемом острове.,"КОРЧАК, Януш. ",,Король Матиуш Первый...,
7173—7174,Король Матиуш Первый; Король Матиуш на необитаемом острове.,"КОРЧАК, Януш.",,,
7175,Король Мидас: Роман.,"СИНКЛЕР, Эптон.",,,
7176,Король-мужик: Драма.,"БОГОВИЧ, Марко.",,,
7177,Король на площади.,"БЛОК, Александр Александрович. ",,Балаганчик...,
7178,Король неудачи.,"ФИШЕР, Алекс, ФИШЕР, Макс.",,,
7179,Король нищих: Роман.,"КРИСТЕНСЕН, Эрлинг.",,,
7180,Король нищих: Роман.,"МАТТЕИ, А. (АРНУЛЬД, Артур) (АРНУ, Артур).",,,
7181,Король Парижа.,"ОНЭ, Жорж (ОНЕ, Жорж).",,,
7182,Король парижских апашей.,Имя авт. не установлено.,,,
7183,"Король Пиф-Паф, но не в этом дело: Романтическая комедия-сказка в 3-х д.","КО-РОСТЫЛЕВ, Вадим Николаевич.",,,
7184,Король прерий: Рассказы.,"БЛАСКО ИБАНЬЕС, Висенте.",,,
7185,Король провокаторов: (Предатель). Рассказ-быль.,"НЕРАДОВ, И. И.",,,
7186,Король пылающих колец: Рассказ.,"РОБЕРТС, Чарльз.",,,
7187,Король Ричард Третий.,"ШЕКСПИР, Вильям.",,,
7188,Король рулетки: Сборник памфлетов и фельетонов.,"БОЛЬШАКОВ, Владимир Викторович.",,,
7189,«Король» с Арбата: Повесть.,"ЧА-ЧИН, Владимир Михайлович.",,,
7190,Король-сердцеед: Исторический роман.,"ПОНСОН ДЮ ТЕРРАЙЛЬ, Пьер Алексис де.",,,
7191,Король Сиона: Поэма в 10-ти песнях.,"ГАМЕРЛИНГ, Роберт.",,,
7192,Король Солнце.,"ПРОППЕР, Вениамин Николаевич (СТРОЕВ, Вениамин).",,,
7193,Король-Солнце: Любовная идиллия Людовика XIV.,"ДУНКЕР, Р.",,,
7194,Король спит: Из старинных преданий; Трагическая минута: (Подлинное происшествие).,"ЗАСОДИМСКИЙ, Павел Владимирович.",,,
7195,Король сыщиков: Роман.,"ШАВЕТТ, Е. (ШАВЕТТ, Эжен).",,,
7196,Король Талуа: Полинезийские рассказы.,"МОГАМ, Сомерит (МОЭМ, Вильям Сомерсет).",,,
7197,Король темного покоя.,"ТАГОР, Рабиндранат.",,,
7198,Король Уголь: Роман.,"СИНКЛЕР, Уптон (СИНКЛЕР, Эптон). ",Царство короля Угля.,,
7199,Король Фанфарон: Пьеса-сказка в 3-х актах.,"ГАМАРРА, Пьер.",,,
7200,Король футбола: Роман.,АЗИЗ НЕСИН.,,,
7201,Король хлопов: Историческая повесть.,"КРАШЕВСКИЙ, О. И. (КРАШЕВ-СКИЙ, Юзеф Игнаци).",,,
7202,Король Христиан И: Драма в 5-ти д.,"ПАУЛЬ, Адольф Георг.",,,
7203,Король шнореров: Роман.,"ЗАНГ-ВИЛЬ, Израэль.",,,
7204,Король шутов.,"НЕРВАЛЬ, Жерар де.",,,
7205,Король Энцио: Повесть в стихах.,"КОБ...ОВ, Григорий.",,,
7206,"Король эфиопский, царь русский Дмитрий III Короста: Шутка в 4-х д.","ГЕ, Григорий Григорьевич.",,,
7207,Коромысло глаз: Поэма.,"РИЧИОТ-ТИ, Владимир Владимирович.",,,
7208,Коромыслова башня; Княжья могила: Из волжских преданий.,"НАВРОЦКИЙ, Александр Александрович (ВРОЦКИЙ, Н. А.).",,,
7209,Коромыслова башня: Историческая народная повесть из волжских преданий.,"ДОБРОНРАВОВ, Николай Евгеньевич.",,,
7210,Корона и звезда: Балаганное зрелище в 2-х д.,"ШАЛИМОВ, Н.",,,
7211,Корона Пяста: Воевода Дерслав. Исторический роман в 2-х ч.,"ЕЖ, Теодор Томаш.",,,
7212,Коронка в пиках до валета: Тайна одной промышленной кампании.,"НОВОДВОРСКИЙ, В. (СИПОВСКИЙ, Василий Васильевич).",,,
7213,Коронный свидетель: Роман.,"РУДНЕВА, Любовь Саввишна.",,,
7214,Коронованные скитальцы: Современный роман в 2-х ч. из последней балканской разрухи.,"БРЕШКО-БРЕШКОВСКИЙ, Николай Николаевич.",,,
7215,Короткая встреча.,"КАРАСЕВ, Леонид Павлович. ",,Иду на таран...,
7216,Короткая заря: Повесть о Федоре Васильеве.,"СМОЛЬНИКОВ, Игорь Федорович.",,,
7217,Короткая ночь в декабре: Повести.,"ГУБАНОВ, Петр Петрович.",,,
7218,Короткая очередь: Рассказы о Красной Армии.,"МИХАЛЕВИЧ, Борис.",,,
7219,Короткая очередь: Сатирические стихи.,"ФЛИТ, Александр Матвеевич.",,,
7220,Короткая повесть.,"МАРШАК, Самуил Яковлевич.",,,
7221,Короткая спичка: Рассказы.,"БЕЛО-СТОЦКИЙ, Юрий Вячеславович.",,,
7222,Короткие волны: Стихи.,"МИХАЙЛОВ, Игорь Леонидович.",,,
7223,Короткие ночи: Стихй и поэма.,"ЕФИМОВ, Георгий Андреевич.",,,
7224,Короткие ночлеги: Стихи.,"СОБОЛЬ, Марк Андреевич.",,,
7225,Короткие рассказы о горе и счастье людском.,"ЛУХМАНОВА, Надежда Александровна.",,,
7226,Короткие удары: Юморески.,"ПОД-МАЙСТРОВИЧ, Василий Ильич.",,,
7227,Короткие уколы.,"МАЛИН, Алексей Карлович.",,,
7228,"Короткий день: Книга о том, что останется с нами.","ХАЛЕМСКИЙ, Наум Авра-мович.",,,
7229,Коротким — коли!: Басни и стихи.,"ЧИСТЯКОВ, Александр Федорович.",,,
7230,Коротко и ясно.,"ШВЕЦОВ, Сергей Александрович.",,,
7231,"Коротко, но ясно: Сатирические стихи и эпиграммы.","МАРШАК, Самуил Яковлевич.",,,
7232,Коротко о моей жизни: Воспоминания.,"АЙНИ, Садриддин Саид Мурадович.",,,
7233,Короткое замыкание: Повесть.,"ТЕНДРЯКОВ, Владимир Федорович.",,,
7234,Короткое замыкание: Рассказы.,"СА-ВИЧ, Овадий Герцович.",,,
7235,Короткое замыкание: Рассказы о пограничниках.,"МАРТЬЯНОВ, Сергей Николаевич.",,,
7236,Короткое счастье; Дни весенние: Повести.,"ПАРЫГИНА, Наталья Деомидовна.",,,
7237,Корочанская чаша: Комедия в 1-м д.,"АЛЯУТДИНОВ, Александр Сергеевич.",,,
7238,"Короче...: Афоризмы, каламбуры, шутки.","ХОЧИНСКИЙ, Владимир Михайлович.",,,
7239,Короче говоря: Стихи.,"НУРИ, Заки.",,,
7240,"Короче говоря: (Стихи, басни, шутки).","НЫРКО, Всеволод Петрович.",,,
7241,Коррадо Бранде: Современная трагедия.,"Д'АННУНЦИО, Габриэле. ",Сильнее любви.,,
7242,Корраль-Абьерто: Роман.,"АМОРИМ, Энрике Мануэль.",,,
7243,Корреспондент: Комедия в 1-м д.,"ЛЯХОВИЧ, И. П.",,,
7244,Корреспондент: Шутка-водевиль в 1-м д. (Картинки провинциальных нравов).,"РЕВА, И.",,,
7245,Коррида: (Удар рогом быка). Драма в 2-х ч. с прологом и эпилогом.,"САСТРЕ, Альфонсо.",,,
7246,Корсар: Поэма.,"ЛЕРМОНТОВ, Михаил Юрьевич.",,,
7247,Корсар из Сен-Мало.,"ФАРРЕР, Клод. ",Тома-ягненок корсар; Фома Ягненок; Фома-ягненок — рыцарь наживы.,,
7248,Корсар Ингольф: Роман.,"ЖАКОЛИО, Луи.",,,
7249,Корсар Триплекс — капитан подводных судов: Роман для юношества в 2-х ч.,"ИВУА, Поль д'.",,,
7250,Корсары Ивана Грозного: Романхроника времен XVI в.,"БАДИГИН, Константин Сергеевич.",,,
7251,Корсер: Рассказ.,"СЮ, Эжен.",,,
7252,"Корсиканка: Драма в 4-х д., в стихах.","ГУАЛЬТИЕРИ, Луиджи.",,,
7253,Корсиканская семья: Драма в 3-х д.,"БУЛЬТГАУПТ, Генрих.",,,
7254,Корсиканский леший: Истинное и удивительное происшествие.,"РУЖЕ- МЕТР, С. И. (РУЖЕМЕТР, К. Ж.)",,,
7255,Корсиканцы: Драма в 4-х д.,"КОЦЕБУ, Август Фридрих.",,,
7256,Корсунское побоище: Записки офицера.,"СОТНИКОВ, Иван Владимирович.",,,
7257,Корт-Айка — железный свекор: Зырянское предание.,"ЛЕБЕДЕВ, Михаил Николаевич.",,,
7258,Кортик: Повесть.,"РЫБАКОВ, Анатолий.",,,
7259,Корчагинская вахта.,"ТАТАРЕНКО, Леонид Сергеевич.",,,
7260,Корчагинцы: Героическая пьеса в 3-х д.,"САЛЮК, Петро.",,,
7261,«Корчма в Упите» и «Гражина»: Две повести в стихах.,"МИЦКЕВИЧ, Адам.",,,
7262,Корчма на большой дороге: Рассказ.,"КУКЕЛЬ (ЛУНИН, В. А.).",,,
7263,Корчма на Румынской границе: Комедия в 1-м д.,"ШАТРОВЫ, Е. и С.",,,
7264,Коршун: Повесть.,"ПАЗУХИН, Алексей Михайлович.",,,
7265,Коршун: Роман из современной жизни. В 3-х ч.,"ТИМОШЕНКО, Ф. А.",,,
7266,Коршуновы ворота.,"ЗОЛОТОТРУ-БОВ, Александр Михайлович.",,,
7267,Коршуны: Провинциальные сцены в 3-х отд.,"ЗОЛЯ, Эмиль. ",Наследники Ра-бурдэна.,,
7268,"Корыстолюбивый ярославец, попавший в тенета к своей жене: Быль.","ГОЛУБКОВ, Константин.",,,
7269,Корысть к омуту привела: Рассказ.,"ВОСТОКОВ, Владимир Игнатьевич.",,,
7270,Корыто.,"НИКИТИНА, Т.",,,
7271,Корявка: Повесть.,"РЕМИЗОВ, Алексей Михайлович.",,,
7272,Корявый: Рассказы.,"ОРЕШИН, Петр Васильевич.",,,
7273,Кос-Шалкар: Рассказы.,"МУСРЕПОВ, Габит Махмудович.",,,
7274,Коса на камень: Водевиль в 3-х д.,"ГОРБАЧЕВ, Алексей Михайлович.",,,
7275,Коса на камень: Комедия в 1-м д.,"УЛЬЯНИНСКИЙ, Александр Вячеславович.",,,
7276,Коса на камень: Повесть.,"МИРОНОВ, Александр Евгеньевич, ЯНУШКА, Михаил.",,,
7277,Коса на камень: Повесть.,"САКС, М. А.",,,
7278,Коса на камень: [Рассказы].,"АВЕРЧЕНКО, Аркадий Тимофеевич.",,,
7279,Коса на камень: Фельетоны.,"СЕМЕНОВ, Мануил Григорьевич.",,,
7280,Коса на камень: Юмористические рассказы.,"СОЧИВЕЦ, Иван Иосифович.",,,
7281,«Коса на камень» и другие рассказы.,"КАРПОВ, Николай Алексеевич. ",Нашла коса на камень.,,
7282,"Коса, уходящая в море: Рассказы.","КОЛЫШЕВ, Владимир Александрович.",,,
7283,Косари: Повесть.,"ЧАЛЫЙ, Петр Дмитриевич.",,,
7284,Косари и привидение.,"ПУГАЧЕВСКИЙ, Александр.",,,
7285,Косая петля.,"АНДРИАНОВ, Сергей Васильевич.",,,
7286,Косая сажень: Стихи.,"БУРСОВ, Иван Терентьевич.",,,
7287,Косвенная улика: (Быль).,"ЭЙЗЕР-МАН, Карл.",,,
7288,Космаец: Роман.,"АЧИМОВИЧ, Ти-хомир Михайлович.",,,
7289,Косматая обезьяна: Комедия прошлого и настоящего в 8-ми карт.,"О'НЕЙЛЛЬ, Евгений (О'НИЛ, Юджин Гладстон).",,,
7290,Косматая Россия.,"ГОРОДСКОЙ, Яков.",,,
7291,Косматый охотник: Рассказ.,"ЯКОВЛЕВ, Александр.",,,
7292,Космики: Документальная повесть.,"АНФИНОГЕНОВ, Артем Захарович.",,,
7293,Космикомические истории.,"КАЛЬ- ВИНО, Итало.",,,
7294,Космическая одиссея   2001 года: Сборник научно-фантастических произведений.,"КЛАРК, Артур Чарлз.",,,
7295,Космический гость: Водевиль-шутка в 3-х д.,"РАБКИН, Борис Эммануилович.",,,
7296,Космический ключ: Научно-фантастическая повесть.,"ЛЕВАНТ, Яков Анатольевич.",,,
7297,Космодром:  Стихи.,"ЩЕРБАКОВ, Анатолий Александрович.",,,
7298,Космонавт с  буровой  711.,"ПУТИ- ЛОВ, Борис Анатольевич.",,,
7299,Космонавт 101: Комедия в 3-х д.,"ЛЕВИН, Яков.",,,
7300,Космонавты: Пьеса в 3-х д.,"МАЛЫШЕВ, Юрий Владимирович, СЕМЕНИХИН, Геннадий Александрович.",,,
7301,Космонавты живут на   Земле: Ро- ман.,"СЕМЕНИХИН, Геннадий Александрович.",,,
7302,Космонавты с других планет: Рассказы.,"СВОЙСКИЙ, Борис Иосифович.",,,
7303,Космополис: (Роман).,"БУРЖЕ, Поль.",,,
7304,Космополиты: Роман.,"БУРЖЕ, Поль. ",Космополис; Современный Вавилон.,,
7305,Косово поле: Историческая повесть из эпохи покорения Сербии турками в XIV в.,"ХОХОЛУШЕК, Прокоп.",,,
7306,Косоворотки.,"ИРКУТОВ, Андрей.",,,
7307,Косой дождь: Повести.,"КАВЕРИН, Вениамин.",,,
7308,Косой дождь: Повесть.,"КРУТИЛИН, Сергей Андреевич.",,,
7309,Косой дождь: Роман.,"ГОРДОН, Джеральд.",,,
7310,Косой и молотом: Исторический роман из истории восстания английских крестьян 14-го в.,"АЛТАЕВ, Ал.",,,
7311,"Косолап, атаман войска Азовского: Трагедия в 5-ти д. в стихах.","СЕДИН, Митрофан Карпович.",,,
7312,"Косолапый: Охотничьи рассказы, услышанные от знаменитых сибирских следопытов Бывал Бывалыча, Слыхал Слыхалы-ча и Спал Спалыча.","НЕМЧЕНКО, Гарий Леонтьевич.",,,
7313,Косорукий.,"ЛИПЕЦКИЙ, Алексей.",,,
7314,Косотурские художники:   Повесть 900-х годов.,"САВИН, Виктор Афанасьевич.",,,
7315,Коста Кочиев.,"ВСЕВОЛОЖСКИЙ, Игорь Евгеньевич, ДЖАТИЕВ, Тотырбек Исмаилович.",,,
7316,Косталь-индеец или Мексиканская война за независимость.,"ФЕРРИ, Габриель.",,,
7317,Костандина; Как я тебя любил: Повести.,"СТАНКУ, Захария.",,,
7318,Костер: Лирика.,"МАРЬЕВ, Борис Михайлович.",,,
7319,Костер: Пьеса в 4-х д.,"МАЛЯРЕВ-СКИЙ, Павел Григорьевич.",,,
7320,Костер: [Рассказ].,"АЛЕКСАНДРОВ, Ян Александрович.",,,
7321,Костер: Роман.,М.,,,
7322,Костер: Роман.,"ФЕДИН, Константин Александрович.",,,
7323,Костер: Стихи.,"ГУМИЛЕВ, Николай Степанович.",,,
7324,Костер: Стихи.,"ДИЛЬБАЗИ, Мир-варид Паша ",,,
7325,Костер: Стихи.,"НАРОВЧАТОВ, Сергей Сергеевич.",,,
7326,Костер: Стихи.,"САВИН, Олег Михайлович.",,,
7327,"Костер: Стихи, 1918—28.","АЛЕКСАНДРОВСКИЙ, Василий Дмитриевич.",,,
7328,Костер большой дружбы: Рассказы.,"КОКОВИН, Евгений Степанович.",,,
7329,Костер в белой ночи: Роман и повести.,"СБИТНЕВ, Юрий Николаевич.",,,
7330,Костер в горах: Стихи.,"БАЙЧОРОВ, Магомет Кысхаевич.",,,
7331,Костер дорожный.,"СОЛОГУБ, Федор.",,,
7332,Костер жизни: Стихи.,"РЯБЦЕВ, Вячеслав Фролович.",,,
7333,Костер и парус: Повесть.,"БЛИНОВ, Николай Николаевич.",,,
7334,Костер из солнечных лучей.,"ЦИРИ-ХОВ, Михаил Тасолтанович.",,,
7335,Костер или Пеликан: Пьеса в 2-х д.,"СТРИНДБЕРГ, Август.",,,
7336,Костер на берегу: [Рассказы].,"МЕРКУЛОВ, Александр Александрович.",,,
7337,Костер на берегу: Стихи.,"ОЙСЛЕН-ДЕР, Александр Ефимович.",,,
7338,Костер на ветру: Повесть о Люсе Лисиновой.,"БАГРАЗЯН, Грант Самсонович.",,,
7339,Костер на ветру: Рассказы.,"НИКИТИН, Сергей Константинович.",,,
7340,Костер на ветру: Стихи.,"ДОМО-ВИТОВ, Николай Федорович.",,,
7341,Костер на горе: Повесть.,"АЛЕКСАНДРОВ, Леонид Александрович.",,,
7342,Костер на льдине: Стихи.,"РОЖДЕСТВЕНСКИЙ, Игнатий Дмитриевич.",,,
7343,Костер на льду: Повесть и рассказы.,"ПОРФИРЬЕВ, Борис Александрович.",,,
7344,Костер на мысу: Рассказы таганрогских подпольщиков.,"ЕЛАГИНА, Анна Григорьевна.",,,
7345,Костер на перекрестке: Стихи.,"ДУДИН, Михаил Александрович.",,,
7346,Костер на снегу: Стихи.,"НЕЙМАН, Юлия Моисеевна.",,,
7347,Костер над Енисеем: Стихи.,"РОЖДЕСТВЕНСКИЙ, Игнатий Дмитриевич.",,,
7348,Костер над обрывом: Повести и рассказы.,"ГОНЧАРОВ, Юрий Данилович.",,,
7349,Костер рябиновый: Массовое действо в 6-ти сценах о Павле Морозове с участием Синей блузы и конницы.,"БАЛАШОВ, Владимир Филиппович.",,,
7350,Костер рябины красной: Повесть.,"ЛАПТЕВ, Михаил Петрович.",,,
7351,Костер у моря: Рассказ.,"КУЗМЕНКО, Степан Егорович.",,,
7352,"Костер у тропы: Рассказы, миниатюры, сказки.","КОТЛЯРОВ, Александр.",,,
7353,Костер-человек.,"ЖИГУЛИН, Анатолий Владимирович.",,,
7354,"Костер, что грел тебя: Стихи.","ВИКУЛОВ, Сергей Васильевич.",,,
7355,Костик: Повесть и рассказы.,"БА-НЫКИН, Виктор Иванович.",,,
7356,Костика: Повесть.,"КУТКОВЕЦКИЙ, Яков Афанасьевич.",,,
7357,Костина дружина.,"СУДАЧКОВ, Владимир Иванович.",,,
7358,Костина модель: Рассказы.,"ТЕЛЕГИН, Владимир Павлович.",,,
7359,Костино лето: Рассказы.,"ГОРОЯН, Антонина Алексеевна.",,,
7360,Костка Наперский: Роман.,"ОРКАН, Владислав.",,,
7361,Костоед: Пьеса в 3-х д.,"САПОЖНИК, Макар (РЫБАКОВ, Макар Андреевич) .",,,
7362,Кострам гореть до рассвета.,"РАЗУМ-НЕВИЧ, Владимир Лукьянович.",,,
7363,Костровский колдунок: Повесть.,"ГУМИЛЕВСКИЙ, Лев Иванович.",,,
7364,Костровые новых городов: Очерки.,"РАСПУТИН, Валентин Григорьевич.",,,
7365,Костровый пояс: Повести и рассказы.,"ЗОЛОТАРЕВ, Леонард Михайлович.",,,
7366,Кострома: Поэма.,"БЕДНЫЙ, Демьян.",,,
7367,Кострома-Россия: Стихи.,"КОСТРОВ, Владимир Андреевич.",,,
7368,Костромичам; Родина: Стихотворения.,"ПОТЕХИН, Павел Борисович.",,,
7369,Костромские леса: Русская быль в 2-х д.,"ПОЛЕВОЙ, Николай Алексеевич.",,,
7370,Костры; Аркашкин броневик: Рассказы.,"ВЛАДИМИРСКИЙ, Владимир Константинович.",,,
7371,Костры: Две повести.,"ЮРЕЗАН-СКИЙ, Владимир.",,,
7372,Костры: Пионерские пьесы.,"АНТОКОЛЬСКИЙ, Александр Альбертович.",,,
7373,Костры: Поэма.,"ПОЛИВИН, Николай Георгиевич.",,,
7374,Костры: Поэма.,"ЗОРИН, Эдуард Павлович.",,,
7375,Костры: Рассказ.,"СЛУЧЕВСКИЙ, Константин Константинович.",,,
7376,Костры: Рассказы.,"УЖГИН, Семен Семенович.",,,
7377,Костры: Роман.,"ВЕЛИЕВ, Али Ка-раевич.",,,
7378,Костры: Стихи.,"БУКАНОВ, Николай Иванович.",,,
7379,Костры: Стихи.,"КРИВЕНКО, Евгений Иванович.",,,
7380,Костры: Стихи.,"КУВШИНОВ, Я. С.",,,
7381,Костры: Стихи.,"ТОРОПЫГИН, Владимир Васильевич.",,,
7382,Костры: Стихи.,"ЧЕРНОВ, Юрий Михайлович.",,,
7383,Костры в горах.,"ДУГИНЕЦ, Андрей Максимович.",,,
7384,Костры в степи: Роман.,"ВОЙТОЛОВ-СКАЯ, Лина Львовна.",,,
7385,Костры в тайге: [Повесть].,"СЕРГЕЕВ, Дмитрий Гаврилович.",,,
7386,Костры в тайге: Рассказы.,"ПРИ-СТАВКИН, Анатолий Игнатьевич.",,,
7387,Костры в тайге: Роман.,"КАНИВЕЦ, Владимир Васильевич.",,,
7388,Костры воспоминаний.,"ВАНШЕН-КИН, Константин Яковлевич.",,,
7389,Костры земли: Сборник стихов.,"ШЕСТЕРИКОВ, Владимир Георгиевич.",,,
7390,Костры и ветры: Стихи и песни.,"ВИНОГРАДОВ, Иван Васильевич.",,,
7391,Костры и дождь: Рассказы.,"ТРИФОНОВ, Юрий Валентинович.",,,
7392,"Костры и звезды: Очерки, рассказы, фельетоны.","ЖУРАВСКИЙ, Василий Александрович.",,,
7393,Костры и зори: Рассказы.,"АЛЕКСЕЕВ, Никандр Алексеевич.",,,
7394,Костры меж небоскребов: Роман.,"СОКОЛОВСКИЙ, Александр Александрович.",,,
7395,Костры метели: Повести.,"АРАБЕЙ, Лидия Львовна.",,,
7396,Костры на Верховине: Исторические очерки.,"ИЛЛЕШ, Бела.",,,
7397,Костры на дне моря: Стихи.,"ХРИ-ЛЕВ, Леонид (ХРИЛЕВ, Леонард Сазон-тович).",,,
7398,Костры на дорогах: Стихи.,"ГРИШАЕВ, Василий Никитич.",,,
7399,Костры на дорогах: Стихи.,"ПУД-ВАЛЬ, Анатолий Руфимович.",,,
7400,"Костры на курганах: Стихи, поэма.","СИНЕВ, Валерий Викторович.",,,
7401,Костры на площадях: Повесть.,"МИ-НУТКО, Игорь Александрович.",,,
7402,Костры на проталинах.,"МЕЛЬНИКОВ, Юрий Иосифович.",,,
7403,Костры на раскатах.,"ШАХОВСКИЙ, Борис Михайлович.",,,
7404,Костры на снегу: Рассказы.,"ТЕНДРЯКОВ, Владимир Федорович.",,,
7405,Костры на снегу: [Стихи].,"ЭРТЮ-КОВ, Иннокентий Илларионович.",,,
7406,Костры на снегу: Стихи и поэма.,"ШАХТАМАНОВ, Омар-Гаджи Магомедович.",,,
7407,Костры на сопках: Повесть.,"МУСАТОВ, Алексей Иванович, ЧАЧКО, Марк Ильич.",,,
7408,Костры над Мокшей: Стихи.,"НОРКИН, Александр Николаевич.",,,
7409,Костры над Чишмой.,"ПОПОВ, Николай Иннокентьевич.",,,
7410,Костры надежд: Стихи.,"КУТУЙ, Рустем.",,,
7411,Костры нашей юности.,"КИРШИН, Виктор Николаевич.",,,
7412,Костры не гаснут: Рассказы.,"ЧЕН-ДЕЙ, Иван Михайлович.",,,
7413,Костры не гаснут: Стихи.,"КАУРОВ, Борис Андреевич.",,,
7414,Костры покаяния: Историческая повесть.,"АЛТАЕВ, Ал.",,,
7415,Костры походные: Повесть.,"КУКЛИН, Виталий Иннокентьевич.",,,
7416,Костры походные: Повесть.,"УСТЮ-ЖАНИНОВ, Леонид Иванович.",,,
7417,Костры походные: Стихи.,"ТЕЛЬКА-НОВ, Сергей Алексеевич.",,,
7418,Костры рыбацкие: Рассказы рыболова.,"ФИЛИМОНОВ, Петр Александрович.",,,
7419,Костры сторожевые: Стихи.,"КУР-ЛОВ, Степан Яковлевич.",,,
7420,Костры у дорог.,"ГРЕБЦОВ, Игорь Григорьевич.",,,
7421,Костры экспедиций.,"ОСТРОВСКАЯ, Нина Аркадьевна.",,,
7422,Кость и золото: Древнее сказание.,"ЖЕЛТОВ, Федор Алексеевич.",,,
7423,Костя: Рассказ.,"ВАЛУЕВ, П.",,,
7424,Костя-арсеналец: Рассказы.,"ДИ-МЕНТ, Марк Абрамович.",,,
7425,Костя Биазди; Как я занимался по системе Мюллера; В дни Кометы.,"СМЕРЕ-ЧИНСКИЙ, Евгений Стефанович.",,,
7426,Костя Гынгаш: Роман. Первая книга трилогии «Справедливость».,"КАХАНА, Моисей Генрихович.",,,
7427,Костя-египтянин: Сказы.,"ЕРМАКОВ, Иван Михайлович.",,,
7428,Костя-музыкант: Правдивая история.,"МИХАЙЛОВА, Е. (ПОЛИТКОВСКАЯ, Екатерина Михайловна).",,,
7429,Костя-пионер.,"РОМАНЧЕНКО, Петр Николаевич.",,,
7430,Костя-путешественник: Повесть.,"ЧЕРНЯЕВ, Александр Федорович.",,,
7431,Костя Рукавицын: Рассказ.,"СМИРНОВ, Илья Дмитриевич.",,,
7432,Костя Рябцев в вузе: Продолжение книги «Дневник Кости Рябцева».,"ОГНЕВ, Николай.",,,
7433,Костя с Шестой Бастионной: Рассказы.,"ШМАНКЕВИЧ, Андрей Павлович.",,,
7434,Костя Трофимов: Повесть.,"ШОРИН, Николай Сергеевич.",,,
7435,Костя Фефела: Рассказ.,"СИГОР-СКИЙ, Александр Васильевич.",,,
7436,Косы русые России: Стихи.,"ПОЗДНЯКОВ, Степан Яковлевич.",,,
7437,Косые лучи: Пять поэм.,"САДОВСКИЙ, Борис Александрович.",,,
7438,Косые сучья: Третья книга стихов.,"ГОРБОВСКИЙ, Глеб Яковлевич.",,,
7439,Косые тени: Повесть.,"РЯХОВСКИЙ, Василий Дмитриевич.",,,
7440,Коська и кот-красноармеец.,"КАРПОВ, Михаил Яковлевич.",,,
7441,Коськин день; Хромцо: Рассказы.,"КРАСНОЩЕКОВ, Василий Павлович.",,,
7442,"Кот Бурмосеко, любимец Халифа Аль-Мамума: Восточная повесть.","УШАКОВ, Василий Аполлонович.",,,
7443,"Кот в аде, забавная поэма.","ЦАХА-РИЭ, Юст Фридрих Вильгельм.",,,
7444,Кот в мешке: Комедия в 2-х д.,"ЛЕНЧ, Леонид.",,,
7445,Кот в мешке: Шутка в 1-м д.,"ИРОШ-НИКОВ, Алексей Михайлович.",,,
7446,Кот в мешке: Юмористические и сатирические рассказы.,"КОМОВ, Владимир Ефимович.",,,
7447,Кот в сапогах: Пьеса-сказка в 4-х д.,"МАЛЯРЕВСКИЙ, Павел Григорьевич.",,,
7448,Кот в сапогах: Русская народная сказка в 3-х ч. (в стихах).,"ПОТАПОВ, Василий Федорович.",,,
7449,Кот в сапогах: Русская сказка.,"КУ-КЕЛЬ (ЛУНИН, В. А.).",,,
7450,Кот Васька и его друзья: Пьеса в 2-х д.,"ЛИФШИЦ, Владимир Александрович.",,,
7451,"Кот, змея и заяц.","КАРПОВ, Павел Яковлевич.",,,
7452,Кот и повар: Басня.,"КРЫЛОВ, Иван Андреевич.",,,
7453,Кот и полицейский:    Избранное.,"КАЛЬВИНО, Итало.",,,
7454,Кот-Махмут: Юмористическая повесть в стихах.,"УМАНЕЦ, Лев Игнатьевич.",,,
7455,Кот Мурр: Повесть в 4-х ч.,"ГОФМАН, Эрнст Теодор Амадей.",,,
7456,Кот с чердака.,"ЛЮБИЧ-КОШУРОВ, Иоасаф Арианович. ",,Приключения трех артистов...,
7457,Котел: Комедия.,"ПЛАВТ, Тит Мак-ций.",,,
7458,Котельщик Ермоленко: Очерк.,"АЛЕКСЕЕВ, Петр.",,,
7459,Котигорошко: Пьеса-сказка в 3-х д.,"ШИЯН, Анатолий Иванович.",,,
7460,Котик и голубка: Крымские этюды.,"КУЛИНЧЕНКО, Александр.",,,
7461,Котик и компотик.,"ЧЕРЕПАНОВА, Надежда Михайловна.",,,
7462,Котик Летаев.,"БЕЛЫЙ, Андрей.",,,
7463,Котильон: Глава первая из стихотворного романа «Ленин или Жизнь поэта».,"МУРАВЬЕВ, Николай Назарович.",,,
7464,Котин доилец: Повесть.,"ЛЕСКОВ, Николай Семенович.",,,
7465,Котловина: Драма в 5-ти д.,"ЛЕВИТИНА, Софья Марковна.",,,
7466,Котлочист Ваня: Рассказ.,"РАДЛОВ, Михаил (КАПИЦА, Михаил Петрович).",,,
7467,Котовский: Роман.,"ЧЕТВЕРИКОВ, Борис Дмитриевич.",,,
7468,Которая?: Роман.,"СЕВЕРЦЕВ-ПО-ЛИЛОВ, Г. Т. (ПОЛИЛОВ, Георгий Тихонович) .",,,
7469,Которая ждет: Фантастика.,"МИХЕЕВ, Михаил Петрович.",,,
7470,Которая из двух?: Повесть.,"ЛЯЛИНА, Мария Андреевна.",,,
7471,Которая из двух?: [Рассказ].,"ЛОКК, Уильям Джон. ",,Слепые...,
7472,Которая из них лучше: Быль.,"ГАЙДАРОВА, В. С.",,,
7473,Которая из трех: (Осел Буридана). Комедия в 3-х д.,"КАЙЯВЭ, Гастон Арман, ФЛЕРС (ФЛЕР, Робер де).",,,
7474,Которая из трех: Представление в семи эпизодах.,"ЛЮБИН, Владимир Львович.",,,
7475,Которое посмешнее: Юмористические рассказы.,"МАЛЛОРИ, Д. (ФЛИТ, Борис Давидович) .",,,
7476,Который из всех!: Комедия-шутка в 3-х д.,"РУТКОВСКИЙ, Фаддей Викторович.",,,
7477,Который из всех?: Роман.,"УЛЬБАХ, Луи.",,,
7478,Который из двух. О.,ГЕНРИ.,,,
7479,Котофей Иванович: Звериная комедия в 3-х карт.,"БЕЖЕЦКИЙ, А. Н. (МАСЛОВ, Алексей Николаевич).",,,
7480,Котофей Котофеевич: Повесть в 2-х ч.,"КРУГЛОВ, Александр Васильевич.",,,
7481,Котофей Котофеевич и его семейство: Рассказ.,"ШВЕДЕР, Евгений Иосифович.",,,
7482,Котуко: Повесть из жизни эскимосов.,"КИПЛИНГ, Редьярд. ","Котуко, эскимосский мальчик.",,
7483,Котуко — эскимосский мальчик: Рассказ.,"КИПЛИНГ, Редьярд.",,,
7484,Котька Галкин — великий выдумщик: Три истории для читателей не старше шестнадцати.,"МИШАТКИН, Юрий Иванович.",,,
7485,Кофейный: Повести и рассказы.,"ЗУ-БАВИН, Владимир Борисович.",,,
7486,Кофейня: Комедия в 4-х д.,"МУРАТОВ, Павел Павлович.",,,
7487,"Кофточка порватая, юбочка помятая и Песня каторжанина.","НЕВСКИЙ, А. (АРОН-ЗОН, Александр Леонтьевич).",,,
7488,Коффи: Действительный роман чернокожего.,"ГАСТОН-ЖОЗЕФ (ЖОЗЕФ, Гастон).",,,
7489,Кохейлан IV: Роман.,"ДРОЗДОВ, Александр Михайлович.",,,
7489а,Коцаренок: (Очерк-быль).,"ШИШКИН, Иван Тихонович. ",,Напасть...,
7490,Кочевники: [Очерки].,"ТИХОНОВ, Николай Семенович.",,,
7491,Кочевники: Повесть и рассказы.,"ПЕРЕДЕЛЬСКИЙ, Вячеслав Васильевич.",,,
7492,Кочевники: Стихи.,"АДАРОВ, Аржан Оинчинович.",,,
7493,Кочевники моря; Надя.,"НИКАНД-РОВ, Николай.",,,
7494,Кочевье: Повесть.,"СОЛОВЬЕВ, Леонид Васильевич.",,,
7495,Кочевье: Рассказы.,"ВОИНОВ, Александр Алексеевич.",,,
7496,Кочевье: Стихи.,"САРЦЕВИЧ, Ричард Вячеславович.",,,
7497,Кочегар: Рассказ служивого.,"ВАСИЛЬКОВСКИЙ, Александр Константинович.",,,
7498,Кочегар Абрамыч: Из детских воспоминаний фабричника.,В. В.,,,
7499,Кочка зрения.,"НАРИНЬЯНИ, Семен Давыдович.",,,
7500,Кочубей: Инсценировка в 3-х актах по одноименному роману А. Первенцева.,"ОХЛОПКОВ, Николай Павлович, ПЕРВЕНЦЕВ, Аркадий Алексеевич.",,,
7501,Кочубей: [Роман].,"ПЕРВЕНЦЕВ, Аркадий Алексеевич.",,,
7502,"Кочубей, генеральный судья: Историческая повесть.","СЕМЕНТОВСКИЙ, Николай Максимович.",,,
7503,Кочуй: Повесть.,"ПОШЕХОНОВ, Всеволод Ефимович.",,,
7504,Кочуй счастливо!..,"ЛЕВАКОВСКАЯ, Евгения Владимировна.",,,
7505,Кочуют зеленые звезды: Стихи.,"ОТРАДА, Николай.",,,
7506,Кочующий трубач: Сатирическая поэма.,"БЕЛЯЕВ, Игнат Степанович.",,,
7507,NOPARSE,,,,
7508,Кошачий характер.,"МОСКВИН, Николай.",,,
7509,Кошачья драма или Ужасное происшествие из-за дороговизны.,"ГАЛЬ, М. (ГАЛЬПЕРИН, Михаил Петрович).",,,
7510,Кошелек: Сцены из петербургской жизни.,"ПАНАЕВ, Иван Иванович.",,,
7511,Кошелек и сердце: Шутка в 1-м д.,"БИНШТОК, Владимир Львович, ЧИНАРОВ, Рубенс.",,,
7512,Кошка вон — мышки в дом: Русские романсы в 1-м д. (Дивертисмент).,"МАНС-ФЕЛЬД, Дмитрий Августович.",,,
7513,Кошка-вор: Забавная быль в стихах.,"ДЬЯЧКОВ, Семен Дмитриевич.",,,
7514,Кошка и мышка: Драма в 3-х д.,"БЕГИЧЕВ, Владимир Петрович.",,,
7515,Кошка и мышка: (Повесть).,"ГРИГОРОВИЧ, Дмитрий Васильевич.",,,
7516,Кошка с длинным-длинным хвостом: Героическая комедия в 3-х д.,"ВИРТА, Николай Евгеньевич.",,,
7517,Кошки черных мастей: Рассказы и юморески.,"ПРИВАЛОВ, Борис Авксентьевич.",,,
7518,Кошмар: [Иллюстрированный рассказ художника].,"КРАВЧЕНКО, Николай Иванович. ",,Смерть еврея...,
7519,Кошмар: Драма в 4-х д.,"ЖУКОВ, Алексей.",,,
7520,Кошмар: Комедия в 3-х д.,"КАШКА-РОВА, Татьяна Федоровна (КОШКАРОВА, Татьяна Федоровна).",,,
7521,Кошмар: [Рассказ].,"НАГРОДСКАЯ, Евдокия Аполлоновна. ",,День и ночь...,
7522,Кошмар: [Рассказы].,"АЛИСОВ, Петр Федосеевич.",,,
7523,Кошмар; Увещание: Рассказы.,"ГУ-СЕВ-ОРЕНБУРГСКИЙ, Сергей Иванович.",,,
7524,Кошмар жизни: Драма в 1-м д.,"АМУРСКИЙ, Борис.",,,
7525,Кошмар жизни: Рассказы.,"КРО-МОШЕВ, Р. А.",,,
7526,Кошмар жизни: Хроника одного бабьего царства. Рассказ. (Эпоха 1864— 1865).,"ШАХОВСКАЯ, Людмила Дмитриевна.",,,
7527,Кошмар районного значения.,"АРДОВ, Виктор.",,,
7528,Кошмар страсти: Драма в 4-х актах.,"НЕВЕРИИ, Сергей (БОЧКОВ, Сергей Петрович).",,,
7529,Кошмарная ночь: Быль о непорочной ручке.,"МОРДВИНОВ, Исаакий Петрович.",,,
7530,Кошмарная ситуация или Сор из избы: Комедия в 2-х д.,"СОЛОВИЧ, Ян.",,,
7531,Кошмарные годы: Дневник юного человека.,Н.,,,
7532,Кошмары: [Рассказ].,"БРОНЕВ-СКИЙ, Борис. ",,На Памире...,
7533,Кошмары: Рассказы.,"РАСКАТОВ, М.",,,
7534,Кошмары жизни: Эскизы.,"МАРКОВ-КАШИРСКИЙ, А.",,,
7535,Кошурниковы: Роман.,"СЛАСТНИ-КОВ, Николай Сергеевич.",,,
7536,"Кощей бессмертный, былина старого времени: Ч. 1-3.","ВЕЛЬТМАН, Александр Фомич.",,,
7537,Кощунственные рассказы.,"ПАРДО-БАСАН, Эмилия.",,,
7538,Коэффициент надежности.,"ЧЕРНЫШЕВ, Игорь Петрович.",,,
7539,КП-16.,"СОБОЛЕВ, Леонид Сергеевич.",,,
7540,«Краб» уходит в море: Исторический роман.,"БОЖАТКИН, Михаил Иванович.",,,
7541,Краболов.,"КОБАЯСИ, Такидзи.",,,
7542,Краденое счастье; Аспазия: Повести.,"НЕМИРОВИЧ-ДАНЧЕНКО, Василий Иванович.",,,
7543,Краденый пояс (1425—62 г.).,"РАЗИН, Алексей Егорович.",,,
7544,Краем уха.,"БЕЛИЦКИЙ, Виктор Ильич, ГОНЗАЛЬЕЗ, Эдуард Фернандович.",,,
7545,Краеугольный камень:  Рассказы.,"ЛАРНИ, Мартти.",,,
7546,Краешком глаза.,"СЛАДКОВ, Николай Иванович.",,,
7547,Кража; Где-то гремит война: Повести.,"АСТАФЬЕВ, Виктор Петрович.",,,
7548,Кража: Драма в 4-х д.,"ТЕПЛОВ, Константин Александрович.",,,
7549,Кража: Драматический этюд в 1-м д.,"ГОЛИЦЫН, Дмитрий Петрович (МУРАВ-ЛИН).",,,
7550,Кража: Пьеса в 4-х д.,"ЛОНДОН, Джек. ",Волчьи деньги.,,
7551,Кража: [Рассказ].,"НЕЛЕПКО-АВ-ДЕЕВИЧ, Александр Авдеевич.",,,
7552,Кража: Рассказы.,"БЕННЕТ, Арнольд. ",Юмористические рассказы.,,
7553,Кража не безделица: Повесть для юношества.,Имя авт. не установлено.,,,
7554,"Край, в котором мы живем.","ФРОЛОВ, Иван Ефимович.",,,
7555,Край возле самого неба: Рассказы.,"РАСПУТИН, Валентин Григорьевич.",,,
7556,Край восхода: Стихи.,"БЫТОВОЙ, Семен.",,,
7557,"Край готовности постоянной: Стихи, поэмы, песни.","ДОРИЗО, Николай Константинович.",,,
7558,Край земли: Историческая повесть.,"СЕМЕНОВ, Арсений Васильевич.",,,
7559,Край земли: Повесть.,"ПИСЬМЕННЫЙ, Александр Григорьевич.",,,
7560,Край земли: Стихи.,"ГРИНЕР, Валентин Сергеевич.",,,
7561,Край земли: Стихи и поэмы.,"УЛЬЯНОВА, Ираида Викторовна.",,,
7562,Край земли — моя Камчатка: Из писательского блокнота.,"БАРУЗДИН, Сергей Алексеевич.",,,
7563,Край любимый: Очерки.,"ИВАНОВ, Леонид Иванович.",,,
7564,Край любимый: Стихи.,"ЛУГОВ-СКОЙ, Иннокентий Степанович.",,,
7565,Край мой заветный: Стихи.,"КУЗЬКИН, Михаил (ВОРОНЕЦКИЙ, Михаил Гаврилович).",,,
7566,"Край мой, край!","ИСТОМИН, Никита Кузьмич.",,,
7567,Край мой любимый: Избранные стихи.,"СМОЛЯКОВ, Степан Авксентьевич.",,,
7568,Край мой милый.,"БАТАЛОВ, Валериан Яковлевич.",,,
7569,Край мой новгородский: Стихи.,"ЧИСТЯКОВ, Антонин Федорович.",,,
7570,Край мой родимый.,"ИВАНОВ, Александр Александрович.",,,
7571,Край мой цветущий.,"ГРИГОРЯН, Ваган Арменакович.",,,
7572,Край наш тополиный.,"ПОДКОПАЕВ, Виктор Стефанович.",,,
7573,Край Немана: Стихи.,"ВЕНЦЛО-ВА, Антанас Томасович.",,,
7574,"Край озерный, край лесной: Стихи.","АВДЫШЕВ, Алексей Иванович.",,,
7575,Край Озириса: Египетские очерки.,"БАЛЬМОНТ, Константин Дмитриевич.",,,
7576,Край песен моих...: Стихи.,"ЛИСОВСКИЙ, Казимир Леонидович.",,,
7577,Край родниковый.,"СЕМАКИН, Владимир Кузьмич.",,,
7578,Край родной: Стихи.,"БАБАЕВ, Адиль Кафар оглы.",,,
7579,Край  родной:  Стихи.,"МУХАЧЕВ, Илья Андреевич.",,,
7580,Край  родной:  Стихи.,"ТЕТЦОЕВ, Таймураз Гацирович.",,,
7581,Край родной: Стихи и рисунки о Подмосковье.,"РАДИМОВ,      Павел Александро- ",,,
7582,Край света: Очерки.,"ПЕСКОВ, Василий Михайлович.",,,
7583,Край света: [Путевые очерки].,"КОМАРОВ, Виктор Иванович.",,,
7584,Край  света: [Рассказ].,ШОЛОМ- АЛЕЙХЕМ.,,,
7585,Край света: Стихи об Армении. Переводы.,"НИКОЛАЕВСКАЯ, Елена Матвеевна.",,,
7586,Край Сибирский.,"ГЕН, Г.",,,
7587,Край синего и золотого: Стихи. Поэмы.,"ФИКСИН, Сергей Андреевич.",,,
7588,Край солнца и Чимбета: Туркестанские мотивы.,"ШИРЯЕВЕЦ, Александр.",,,
7589,Край ты мой любимый.,"ГОРЮНОВ, Александр Алексеевич.",,,
7590,Крайний случай: Повесть-сказка про солдата.,"ТУРИЧИН, Илья Афроимович.",,,
7591,Крайняя мера: Повесть о чекистах.,"КНЯЗЕВ, Лев Николаевич.",,,
7592,Крайняя точка: Повесть.,"ГЛУЩЕНКО, Валентин Федорович.",,,
7593,Крайняя хата: Рассказы.,"КОТЕНКО, Илья Михайлович.",,,
7594,Кракатит.,"ЧАПЕК, Карел.",,,
7595,Краковский замок: Исторический роман XVI в. в 2-х ч.,"РЖЕВУСКИЙ, Генрик (ЖЕВУСКИЙ, Генрик).",,,
7596,Кралечки: Пьеса в 3-х актах.,"ЛАУ-НИЦ-ПРАВДИЧ, Людмила Степановна фон де",,,
7597,Краля: [Рассказы].,"ШИШКОВ, Вячеслав Яковлевич.",,,
7598,Крамбамбули: (Записки сумасшедшего).,"БОЛТИН, Николай Н.",,,
7599,Крамола: [Стихи].,"БЕСЕДОВСКИЙ, Алексей Михайлович. ",,Народная скорбь о государе императоре Александре Николаевиче в бозе почившем 1-ого марта 1881 года.,
7600,Крамола: Рассказы.,"ТЕЛЕШОВ, Николай Дмитриевич.",,,
7601,«Крамола» и другие новые рассказы.,"МОШИН, Алексей Николаевич.",,,
7602,Крамольник: Рассказ.,"ДОБРОСКОК, Гавриил Васильевич.",,,
7603,Крамольники: Исторический роман из времен Петра Великого. Ч. 1-4.,"ПАВЛОВ, Александр А.",,,
7604,Крамольники: Роман.,"ВИКТОРОВА, Елена Викторовна.",,,
7605,Крамольники; У могилы Герцена: Стихотворения.,"АЛИСОВ, Петр Федосеевич.",,,
7606,Кранц: Повесть.,"УТИНА, Наталья Иеронимовна (ТАЛЬ, Н. А.).",,,
7607,Крао: Повесть.,"СЮ, Евгений (СЮ, Эжен).",,,
7608,Крапива цветет.,"МАРТИНСОН, Харри.",,,
7609,Краса жизни: Роман.,"ЖЕРОМСКИЙ, Стефан. ",Шум пропеллера.,,
7610,Краса мира: Сказки.,"ЭМИНЕСКУ, Михаил.",,,
7611,Краса природы: Стихи в прозах.,"НЕГРАМОТНЫЙ, Кирилл Иванович (ГА-ЛАЙ, Антон Михайлович).",,,
7612,Красавец: Комедия в 3-х д.,"ДЮМА, Александр (сын). ",Господин Альфонс.,,
7613,"Красавец-атаман Картуш, грозный судья угнетателей: Предводитель страшных разбойников.",Имя авт. не установлено.,,,
7614,"Красавец Джой: История собаки, рассказанная ею самою.","САУНДЕРС, Маршалл.",,,
7615,Красавец Енисей.,"ЗИНГЕР, Макс Эммануилович.",,,
7616,Красавец-мужчина: Комедия в 4-х д.,"ОСТРОВСКИЙ, Александр Николаевич.",,,
7617,- Красавец огонь!: Новая редакция. Драма в 3-х д.,"ФИНН, Константин.",,,
7618,Красавец священник: Роман.,"ПА-РИЗЕ, Гоффредо.",,,
7619,Красавец солдат: [Рассказ].,"ТХОР-ЖЕВСКИЙ, Корнелий Владиславович.",,,
7620,Красавец Фернанд: Роман.,БОВЭ.,,,
7621,Красавица: Рассказ.,"МАРКИЗА КО-ЛОМБА (ТОРРИАНИ, Мари Антуанетта).",,,
7622,Красавица в звериных когтях отца.,"ГИЛЯРОВ, А. П. (ЗОТОВ, Михаил).",,,
7623,Красавица Джильда.,"ЛИРА, Л.",,,
7624,Красавица Дрюриленского театра или Спекуляция лондонских бандитов: Роман. Ч. 1-3.,"МЕРИ, Жозеф.",,,
7625,Красавица Елена: (Из аджарской жизни).,"ДЗИРЕЛИ, Н.",,,
7626,Красавица Жанна или Повесть о страданиях несчастной жены: (Истинное происшествие) .,Имя авт. не установлено.,,,
7627,Красавица жена: Комедия в 3-х д.,Имя авт. не установлено.,,,
7628,Красавица и пастух: (Сонни и Ма-хиваль). Романтическая драма в 3-х д.,"ГАРГИ, Бальвант.",,,
7629,Красавица или Христианские невольники у магометан: Повесть в 2-х ч.,Имя авт. не установлено.,,,
7630,Красавица княжна и барон-нищий в притоне разврата: Новый рассказ.,Имя авт. не установлено.,,,
7631,Красавица Ли-Ван: Рассказы.,"ЛОНДОН, Джек.",,,
7632,Красавица Макарья: Роман в стихах.,"ЖУМАМУРАТОВ, Тлеуберген (ДЖУМАМУ-РАТОВ, Тлеуберген).",,,
7633,Красавица монахиня: (Простонародный рассказ).,"КАССИРОВ, Иван.",,,
7634,Красавица Одесса: Невинные куплеты на мотив «Обожаю».,ПРОПАЩИЙ.,,,
7635,Красавица с острова Люлю: Роман.,"ДЮМЬЕЛЬ, Петр (ЗАЯИЦКИЙ, Сергей Сергеевич).",,,
7636,Красавица с того света: Повесть в 2-х ч.,"ДОБРОНРАВОВ, Николай Евгеньевич.",,,
7637,Красавица Фатима: Повесть из туркестанской жизни.,"ТАГЕЕВ, Борис Леонидович (РУСТАМ-БЕК ТАГЕЕВ, Борис Леонидович) .",,,
7638,Красавица Эмилия или В когтях у ведьмы.,Имя авт. не установлено.,,,
7639,Красавица далекого прошлого: Сборник романтических историй и приключений.,"ГУЛЛИВЕР (МИХАЙЛОВ, Константин Арсеньевич).",,,
7640,Красавка: Стихи и поэма.,"ДОМРИН, Владимир Викторович.",,,
7641,Красавчик: Повесть.,"КОРМЧИЙ, Л. (ПИРАГИС, Леонард Юлианович).",,,
7642,Красавчик: Фарс в 3-х д.,"БЕССО (ОЛЬШАНСКИЙ, Борис Семенович).",,,
7643,Красаира.,"БАРАКОВ, Гино Фа-деевич.",,,
7644,Красивая: Драма в 2-х д.,"МУХТАРОВ, Гусейн Мухтарович.",,,
7645,Красивая жена: Шутка в 1-м д.,"МОЛЧАНОВ, А.",,,
7646,Красивая женщина.,"СТАЛЬСКИЙ, Илларион. ",,Любовь в упряжке...,
7647,Красивая земля: [Повесть].,"ТРОФИМОВ, Федор Алексеевич.",,,
7648,Красивая Меча: Повесть. Рассказы. Стихотворения.,"КОЛЬЧУГИН, Михаил Прокофьевич.",,,
7649,Красивая Меча: Поэма.,"АЛИГЕР, Маргарита Иосифовна.",,,
7650,Красивая река.,"ЭМАР, Гюстав.",,,
7651,Красивая соблазнительница: Фарс в 3-х д.,"ГОЛЬЦ, Эмиль, ГОЛЬЦ, Арнольд (ГОЛЬЦ, Арно).",,,
7652,Красивая Тонька.,"ХАЛИЛЕЦКИЙ, Георгий Георгиевич.",,,
7653,"Красивая ты, рябина: Повести и рассказы.","АЛЕНДЕЙ, Василий Степанович.",,,
7654,Красивое утро: Повесть.,"ХАР-ЛАМПЬЕВ, Герасим Дмитриевич.",,,
7655,"Красивой быть опасно: Комедия в 3-х актах, в стихах с песнями и танцами.","ДОРИЗО, Николай Константинович.",,,
7656,Красивые люди.,"ТКАЧЕНКО, Вера Макаровна.",,,
7657,Красивые сказки.,"АМФИТЕАТРОВ, Александр Валентинович.",,,
7658,Красивый деспот: Последний акт драмы.,"ЕВРЕИНОВ, Николай Николаевич.",,,
7659,Красивый мальчик.,"МЕЛЬНИЦКАЯ, Анна Васильевна.",,,
7660,Красильниковы; Дедушка Поликарп.,"МЕЛЬНИКОВ, Павел Иванович (ПЕЧЕРСКИЙ, Андрей).",,,
7661,Красильня: Роман.,"КЭЛСОРП, Мина.",,,
7662,Красильщик Туразер: Драма в 3-х д.,"ЛАНГМАН, Филипп.",,,
7663,«Красин» во льдах.,"МИН ДЛИН, Эмилий Львович.",,,
7664,Краски: Лирика.,"НИКОЛАЕВСКАЯ, Елена Матвеевна.",,,
7665,Краски жизни: Стихи.,"ЛАТЫПОВ, Кави Таирович.",,,
7666,Краски Нью-Йорка.,"ДРАЙЗЕР, Теодор.",,,
7667,Краски севера.,"ДИМЧЕВСКИЙ, Николай Владимирович.",,,
7668,"Красна ягодка, да на вкус горька: Оригинальная комедия в 1-м д.","ТИМИН-СКИЙ, Василий Лукич.",,,
7669,Красная Армия.,"ДЬЯКОВ, Борис Александрович.",,,
7670,Красная армия и царская армия.,"РЕЗАПКИН, Алексей Алексеевич.",,,
7671,Красная армия на Урал!,"ГОЛУБЫХ, Михаил Дмитриевич.",,,
7672,Красная бегония: Роман.,"БОЛСТАД, Эйвин.",,,
7673,Красная буква: Роман.,"ГОТСОРН, Натаниэл (ГОТОРН, Натаниэль). ",Алая буква.,,
7674,Красная вдова или Дело госпожи Стинмель: Пьеса в 9-ти карт.,Имя авт. не установлено.,,,
7675,Красная вечорка.,"КРУЧИНА, Андрей.",,,
7676,Красная волна: Роман из французского рабочего быта.,"РОНИ-СТАРШИЙ, Жозеф Анри.",,,
7677,Красная гать.,"МАЛАКОВ, Василий Федорович.",,,
7678,Красная гвоздика: Лирика.,"ЛАСКОВ, Михаил Рафаилович.",,,
7679,Красная гвоздика: Пьесы для детей.,"АНТОКОЛЬСКИЙ, Александр Альбертович.",,,
7680,Красная гвоздика: [Рассказ].,"ДЕ АМИЧИС, Эдмондо.",,,
7681,Красная гвоздика: [Стихи].,"ТРУТНЕВА, Евгения Федоровна.",,,
7682,Красная гвоздика: Шутка революционного дня.,"ГУРЕВИЧ, Исидор Яковлевич.",,,
7683,Красная Горка: Балтийские стихи.,"ЯШИН, Александр.",,,
7684,Красная Горка: Повесть.,"ЛОСЕВ, Валентин Александрович.",,,
7685,"Красная горка: Слово о моих земля-ках-кузнечанах, о любви и поэзии и о первом ковше угля.","БУРАВЛЕВ, Евгений Сергеевич.",,,
7686,Красная дева: (Жермена Бертон).,"ГОЛЬ, Иван.",,,
7687,Красная заря: (В дни революции). Драматические сцены в 4-х д.,"БОРОВСКИЙ, Федор Федорович.",,,
7688,Красная звезда: Пьеса в 1-м д.; Юный герой: Пьеса в 1-м д.,"ГУРСКИЙ, В.",,,
7689,Красная звезда: Роман-утопия.,"БОГДАНОВ, Александр.",,,
7690,Красная звездочка: Пьеса в 3-х карт.,"АПРИШКО, Григорий Д.",,,
7691,Красная земля: Стихи.,"БОГДАНОВИЧ, Анатолий Александрович.",,,
7692,Красная земля: Стихи.,"ТАТАРЕНКО, Леонид Сергеевич.",,,
7693,Красная зорька: Пьеса для деревенского театра в 3-х д.,"СЕМЕНОВСКИЙ, Дмитрий Николаевич.",,,
7694,Красная зорька: Сцены деревенской жизни в 3-х д.,"РОСЛАВЛЕВ, Борис.",,,
7695,Красная императрица: Гротеск в 1-м д.,"ШОУ, Бернард.",,,
7696,Красная казарма: (Красноармейские очерки).,"ГРИГОРЬЕВ, И. Г.",,,
7697,Красная казарма: (Первомайская тальянка). [Стихи].,"КНЯЗЕВ, Василий Васильевич.",,,
7698,Красная кантеле.,"ВИРТАНЕН, Ялмар Эрикович.",,,
7699,Красная каска: Повесть.,"ДОМБРОВСКИЙ, Анатолий Иванович.",,,
7700,Красная книга: Новеллы.,"БЕЛИКО-ВИЧ, В. Ц.",,,
7701,Красная кокарда: Исторический роман.,"ВЕЙМАН, Стенли Джон.",,,
7702,Красная консоль.,"КАЗАКОВ, Владимир Борисович.",,,
7702а,Красная королева: Исторический роман из жизни Марии Стюарт.,"ПИТАВАЛЬ, Эрнст (ДЕДЕНРОТ, Эуген Герман фон).",,,
7703,Красная косынка: Комедия в 1-м акте.,"КАРАСЕВ, Владимир Кириллович.",,,
7704,Красная косынка: Стихи. Поэмы.,"САНГАДЖИЕВА, Бося Бадмаевна.",,,
7705,Красная ласточка.,"КОТКИН, Алексей Степанович.",,,
7706,Красная ленинская деревня: Стихи.,"КНЯЗЕВ, Василий Васильевич.",,,
7707,Красная линия: Драма в 3-х д.,"СОБ-КО, Вадим Николаевич.",,,
7708,Красная линия: Стихи.,"НЕЧУНАЕВ, Василий Маркович.",,,
7709,Красная линия спектра.,"КУЗНЕЦОВ, Юрий Михайлович.",,,
7710,Красная лира: Стихи. Рассказы.,"КОР-ЧИНСКИЙ, И. Н.",,,
7711,Красная лодка.,"ГАЛКИН, Юрий Федорович.",,,
7712,Красная Лучеса.,"КОЛОСОВ, Михаил Макарович.",,,
7713,Красная мантия: (Карьеристы). Драма в 4-х д.,"БРИЕ, Эжен.",,,
7714,Красная маска: История одной загадочной женщины.,Имя авт. не установлено.,,,
7715,Красная мельница: Повесть.,"ВОЛИН, Юрий Самойлович.",,,
7716,Красная неделя.,"ЮНГ, Франц.",,,
7717,Красная немочь; Беседа с мумией; Ворон.,"ПОЭ, Эдгар (ПО, Эдгар Аллан).",,,
7718,Красная нить: Пьеса из артистической жизни в 4-х д.,"ХОДОТОВ, Николай Николаевич.",,,
7719,Красная осень: [Повести и рассказы].,"ПРУДКОВСКИЙ, Петр Николаевич.",,,
7720,Красная осень: Роман.,"ЛЯСОТА, Юрий Людвигович.",,,
7721,Красная отрава.,"ГАЙДОВСКИЙ, Георгий Николаевич.",,,
7722,"Красная площадь: Избранные поэмы, 1921 — 1928.","САННИКОВ, Григорий Александрович.",,,
7723,Красная площадь: Поэма.,"ДУДИН, Михаил Александрович.",,,
7724,Красная площадь: Роман.,"КУРТАД, Пьер.",,,
7725,Красная правда: Пьеса.,"ВЕРМИ-ШЕВ, Александр Александрович.",,,
7726,Красная птица: Повесть.,"МЕТЕЛИЦА, Семен.",,,
7727,Красная птица: [Рассказ].,"МОРОЗОВ, Николай Иванович (СТОЛЕШНИКОВ).",,,
7728,Красная ракета: Агитстихи и сатира.,"ОЛЬХОН, Анатолий.",,,
7729,Красная ракета: Рассказы.,"БЕРЕЗ-КО, Георгий Сергеевич.",,,
7730,Красная река: Роман.,"ЖУЛАВСКИЙ, Мирослав.",,,
7731,Красная роза: Драма в 3-х д.,"РАН-НЕТ, Эгон Николаевич. ",Кроваво-красная роза.,,
7732,Красная розочка: Сказка в 2-х д.,"ШАФРАНЕК, Отто (ШАФРАНЕК, Ота).",,,
7733,Красная ромашка: Стихи.,"ДЖАЛИЛЬ, Муса.",,,
7734,Красная Русь: Стихи.,"ОРЕШИН, Петр Васильевич.",,,
7735,Красная рябина: Повести.,"АКСЕНОВА, Анна Сергеевна.",,,
7736,Красная скребница.,"КОЛЕСНИКОВ, Н. А.",,,
7737,Красная смородина: Повести и рассказы.,"НОВИКОВ, Иван Алексеевич.",,,
7738,Красная стрела: Рассказы.,"ЕФИМЕНКО, Василий Михайлович.",,,
7739,Красная строка: [Афоризмы. Этюды].,"МИТЯЕВ, Анатолий Васильевич.",,,
7740,Красная строка: Очерки.,"ПЕТРОВА, Вера Ивановна.",,,
7741,Красная Тортиза: Рассказ.,"ДРДА, Ян.",,,
7742,Красная трава.,"КРЕЩИК, Виктор Александрович.",,,
7743,Красная тропа.,"ДЕЛЬ-ВАЙО, X. А. (АЛЬВАРЕС ДЕЛЬ ВАЙО, Хулио).",,,
7744,Красная улица: Повесть.,"КАВА, Виктор Иванович.",,,
7745,Красная черта: Рассказы.,"КУДИНОВ, Петр Николаевич.",,,
7746,Красная шапочка: Сказка в 3-х д.,"ШВАРЦ, Евгений Львович.",,,
7747,Красная шапочка: (Сцена из жизни Венгерского концентрационного лагеря для политических заключенных в Залаэгерсеге).,"ГАБОР, Э. (ГАБОР, Андор).",,,
7748,Красная шкатулка: Рассказы.,"АРЕФЬЕВ, С.",,,
7749,Красная эстафета: Пьеса в 13-ти карт. Дети в гражданской войне и в социалистической стройке.,"АНЧАРОВ, Михаил, БАЛИН, Сергей Тимофеевич.",,,
7750,Красненькая: Быль.,"ВАСИЛЬКОВСКИЙ, Александр Константинович.",,,
7751,"Красно солнышко, князь Стольнокиевский: Сцены из народных былин для сельских театров. 4 д.","ГОРОДЦОВ, Андрей Александрович.",,,
7752,Красноармеец Иванов: Героическая повесть к 15-летию взятия Перекопа.,"БЕДНЫЙ, Демьян.",,,
7753,Красноармейская лирика.,"КУРС, Александр Львович.",,,
7754,Красноармейская тальянка.,"ДЯДЯ КОНДРАТ (ГРАНОВ, Вильгельм Исаакович).",,,
7755,Красноармейские рассказы.,"ГРЕБЕНЩИКОВ, Дмитрий Михайлович.",,,
7756,Красноармейский театр: Пьесы.,"КУР-ДЮМОВ, Всеволод Валерианович.",,,
7757,Красноармейцы: [Рассказы].,"ИС-БАХ, Александр.",,,
7758,Красноармейцы: [Роман].,"ТАГИРОВ, Афзал Мухитдинович. ",,Красногвардейцы...,
7759,Красноармейцы: [Стихи].,"БЕДНЫЙ, Демьян.",,,
7760,Краснобогатырцы: Повесть.,"КОШЕЛЕВ, Николай Васильевич.",,,
7761,Краснобровые гладиаторы: Рассказы. Повесть.,"БАБАКОВ, Григорий Алексеевич.",,,
7762,Красногвардеец Жихарко.,"ЖИХАР-КО, Василий Игнатьевич, ОЛДУКОВ, Иван Прохорович.",,,
7763,Красногвардейцы: Рассказ.,"ШОЛОХОВ, Михаил Александрович.",,,
7764,Красногвардейцы: [Роман]; Красноармейцы: [Роман].,"ТАГИРОВ, Афзал Мухитдинович.",,,
7765,Краснодеревщики: Повесть.,"ТИХОМИРОВ, Василий Иванович.",,,
7766,Краснодонская тетрадь: Стихи.,"УПЕ-НИК, Миколы.",,,
7767,Красное божество.,"ЛОНДОН, Джек.",,,
7768,Красное вино: Роман.,"ГЕЧКО, Франтишек.",,,
7769,Красное вино победы: Повести и рассказы.,"НОСОВ, Евгений Иванович.",,,
7770,Красное дерево Севера.,"МАРАКУ-ЛИН, Павел Павлович.",,,
7771,Красное евангелие: Стихи. Свиток первый А-АЧ.,"КНЯЗЕВ, Василий Васильевич.",,,
7772,Красное зарево над Кладно: Роман.,"ЗАПОТОЦКИЙ, Антонин.",,,
7773,Красное застолье.,"РОМАНОВ, Александр Александрович.",,,
7774,Красное знамя: Рассказ.,"МЕНЬШИКОВ, Михаил Осипович.",,,
7775,Красное знамя: Роман.,"КАЛИНИН, Анатолий Вениаминович.",,,
7776,"Красное знамя: Сатирические легенды, поэмы, басни и сказки.","АРИЭЛЬ, Арнольд.",,,
7777,Красное знамя: Стихи с 1904 по 1910 г.,"ШМОНИН, Сергей.",,,
7778,Красное знамя победит: Роман.,"ВЕРЕВКИН, Владимир Всеволодович.",,,
7779,Красное и белое: (Люсьен Левен).,"СТЕНДАЛЬ (БЕЙЛЬ, Анри). ",Люсьен Левен.,,
7780,Красное и зеленое.,"ПАЛЬМАН, Вячеслав Иванович.",,,
7781,Красное и коричневое: Пьеса в 2-х ч.,"РАДОЕВ, Иван.",,,
7782,Красное и черное: Из записной книжки журналиста.,"ОВАЛОВ, Лев.",,,
7783,Красное и черное: Очерки.,"ТАН (БОГОРАЗ, Владимир Германович).",,,
7784,Красное и черное: Стихи.,"КОЧЕРБИ-ТОВ, Алексей Михайлович.",,,
7785,Красное и черное: Хроника 1830 г. Ч. 1-2.,"СТЕНДАЛЬ (БЕЙЛЬ, Генрих).",,,
7786,Красное кольцо: Повести и рассказы.,"ЯРОВОЙ, Павел.",,,
7787,Красное лето: Стихи.,"МИЛОСЕР-ДОВ, Семен Семенович.",,,
7788,Красное лето: Стихи.,"ХОХЛОВ, Сергей.",,,
7789,Красное море: [Роман].,"ФИБИХ, Клара.",,,
7790,Красное небо: Рассказы.,"БЕЛЯКОВА, Алла Михайловна.",,,
7791,Красное ореховое дерево: Повесть и рассказы.,"АНАРБАЕВ, Суннатулла.",,,
7792,Красное платье: Стихи.,"ДЖАНГУ-ЛАШВИЛИ, Теймураз Александрович.",,,
7793,Красное по белому: Роман.,"ДОЙЛЬ, Артур Конан. ",Красным по белому.,,
7794,Красное покрывало.,"БЕСТУЖЕВ-МАРЛИНСКИЙ, Александр Александрович. ",,"Рассказ офицера, бывшего в плену у горцев...",
7795,Красное сердце: Избранные стихи.,"АЛЕКСЕЕВ, Никандр Алексеевич.",,,
7796,Красное смещение: Стихи.,"МАШКОВЦЕВ, Владилен Иванович.",,,
7797,Красное солнце: Роман.,У ЦЯН.,,,
7798,Красное солнышко: Исторический рассказ.,"МАКАРОВА, София Марковна.",,,
7799,Красное солнышко: Повесть из дохристианской эпохи на Руси. В 3-х ч.,"ЛАВРОВ, А. И. (КРАСНИЦКИЙ, Александр Иванович) .",,,
7800,Красное солнышко: Рассказ.,"АНДРЕЕВСКАЯ, Варвара Павловна.",,,
7801,Красное солнышко: Стихи и поэмы.,"РУЧЬЕВ, Борис.",,,
7802,Красное солнышко: (Сын солнца). [Роман].,"ЛОНДОН, Джек.",,,
7803,Красное утро: Стихи.,"УСТИНОВ-АСТАХОВ, Иван.",,,
7804,Красное число в календаре: Документальный рассказ.,"КРИВИЦКИЙ, Александр.",,,
7805,Красное эхо: Стихи.,"ИВАНИН, Николай Афанасьевич.",,,
7806,Красное яичко: [Рассказ].,"СМИРНОВА, А.",,,
7807,Красное яичко: [Рассказ].,"МАМИН-СИБИРЯК, Дмитрий Наркисович.",,,
7808,Красное яичко: [Рассказ].,ОЛЬГА Н. ,,,
7809,Красное яичко или Светлодневный подарок москвичам.,И. Д.,,,
7810,Красное яичко с того света: Рассказ.,"КАРАУЛОВ, Михаил Федорович.",,,
7811,Красно-зеленые: Роман.,"ГАМАЛЕЙ, Всеволод Михайлович.",,,
7812,Краснозорье: Стихи.,"БАРЕНЦ, Сергей Кузьмич.",,,
7813,Красной Армии: Стихотворения.,"ТИХОНОВ, Николай Семенович.",,,
7814,Краснокожие: Из жизни североамериканских индейцев.,"ХЛЕБНИКОВ, П. (БУЛАНЖЕ, Павел Александрович).",,,
7815,Краснокожий принц: Рассказ.,"ЦА-СТРОВ, Карл.",,,
7816,Краснолесье: Стихи.,"СЕМАКИН, Владимир Кузьмич.",,,
7817,Краснопалочники: Героическая драма в 4-х д.,"УЛУГ-ЗОДА, Сатым Улугович.",,,
7818,Краснопалочница Ходича: [Две последние главы романа «Хуррам-бек»].,"ДЖУ-РАБАЕВ, Григорий Владимирович.",,,
7819,Краснопогодье: Стихи.,"МАКАРОВ, Сергей Георгиевич.",,,
7820,Краснополье: Стихи.,"ТРЯПКИН, Николай Иванович.",,,
7821,Краснопутиловские зори.,"КОСТЮ-ЧЕНКО, Станислав Алексеевич, ФЕДОРОВ, Юрий Николаевич.",,,
7822,Красноречивая сорока: Басни.,"КУЧ-КАРБЕКОВ, Алим (КУЧКАРБЕКОВ, Алим-бек Якуббекович).",,,
7823,Краснотал: Роман.,"ЖЕРНАКОВ, Николай Кузьмич.",,,
7824,Краснофлотцы: Очерки.,"КОНОНЕНКО, Елена Викторовна.",,,
7825,Красношейка: История одной куропатки.,"СЕТОН-ТОМПСОН, Эрнест.",,,
7826,Красношейка: Легенда.,"ЛАГЕРЛЕФ, Сельма.",,,
7827,Краснушка: Рассказ.,"РОБЕРТС, Чарльз.",,,
7828,Красные астры.,"РОГОТЧЕНКО, Алексей Петрович.",,,
7829,Красные асы: Стихи.,"ЧУЕВ, Феликс Иванович.",,,
7830,Красные башлыки: Роман.,"КОНВИ-САР, Владимир Тимофеевич.",,,
7831,Красные башмачки.,"АНДЕРСЕН, Ганс-Христиан. ",,Домовой и лавочник...,
7832,Красные березы: Рассказы и повесть.,"РОСЛЯКОВ, Василий Петрович.",,,
7833,"Красные богатыри: Революционное представление в 3-х сценах с прологом, 2-мя междудействиями и эпилогом.","ФЕДДЕРС, Георгий Юльевич.",,,
7834,Красные боги: Роман.,"ЭМ, Жан д' (ЭСМ, Жан д').",,,
7835,Красные бусы: Новеллы.,"РОГОВЕН-КО, Виталий Васильевич.",,,
7836,Красные вехи: Стихи.,"ДОНЕЦ, Григорий Прокофьевич.",,,
7837,Красные волны: Повесть и рассказы.,"ХОМЧЕНКО, Василь.",,,
7838,Красные воробьи.,"НИКИФОРОВ, Георгий Константинович.",,,
7839,Красные всходы: Роман.,"АМАДУ, Жоржи.",,,
7840,Красные галстуки: [Повесть].,"СТУ-РАНИ, Луиза.",,,
7841,Красные галстуки: Рассказы.,"РЫЖОВ, А.",,,
7842,Красные гвоздики: Роман.,"СЕМПЕР, Йоханнес Хансович.",,,
7843,Красные гвоздики: Стихи.,"СОМОВА, Светлана Александровна.",,,
7844,Красные Горки: Роман.,"НАСЕДКИН, Филипп Иванович.",,,
7845,Красные гроздья рябины: Стихотворения.,"ЛАЙНЕ, Николай.",,,
7846,Красные дни: Повесть.,"СМИРНОВ, Василий Александрович.",,,
7847,Красные дороги: Стихи и повести в стихах.,"КОЗЛОВА, Светлана Владимировна.",,,
7848,Красные дьяволята: Красноармейская былина в 3-х д.,"БЛЯХИН, Павел Андреевич, ПОЛЕВОЙ, Алексей Леонидович",,,
7849,Красные дьяволята: Повесть.,"БЛЯХИН, Василий Васильевич.",,,
7850,Красные звоны и песни.,"КНЯЗЕВ, Василий Васильевич.",,,
7851,Красные зори: Рассказ.,"ЖАРИКОВ, Леонид.",,,
7852,Красные зори: Стихотворения.,"ВЛА-СОВ-ОКСКИЙ, Николай.",,,
7853,Красные и белые: Роман.,"АЛДАН-СЕМЕНОВ, Андрей.",,,
7854,Красные и черные: Роман. Ч. 2-3.,"ШАБЕЛЬСКАЯ, Елизавета Александровна.",,,
7855,Красные карагачи: Стихотворения и корона сонетов.,"ЗОРИН, Эдуард Павлович.",,,
7856,Красные каштаны: Рассказы и повести.,"КОРШУНОВ, Михаил Павлович.",,,
7857,Красные кедры: Книга стихов.,"ФЕДОРОВА, Аида Петровна.",,,
7858,Красные колосья.,"ВОРОБЬЕВ, Алексей Александрович.",,,
7859,Красные лебеди: Стихи.,"НИКУЛЬ-ШИН, Иван Ефимович.",,,
7860,Красные листья: Новые стихи.,"ЩИ-ПАЧЕВ, Степан Петрович.",,,
7861,Красные листья: [Стихи].,"СЕМЕНОВСКИЙ, Константин Сергеевич.",,,
7862,Красные маки: 2-я книга стихов.,"ШАБАШЕВ, Иван Иванович.",,,
7863,Красные маки: Лирика.,"ЧАГЫЛ, Владимир.",,,
7864,Красные маки: [Очерки].,"БИКЧЕН-ТАЕВ, Анвер Гадеевич.",,,
7865,Красные маки: Повесть.,"БУЧНЕВА, Фатима Шумафовна.",,,
7866,Красные маки: [Стихи].,"ТАТАРИНОВА, Нина Ивановна.",,,
7867,Красные маки: Стихотворение русскому народу.,"ГАЙДЕБУРОВ, Василий Павлович.",,,
7868,Красные на Араксе; Дорога; Лицом к лицу.,"ТИХОНОВ, Николай Семенович.",,,
7869,Красные набаты: Стихотворения.,"СОКОЛ, Евгений.",,,
7870,Красные облака: Роман.,"КИПИАНИ, Эдишер Лаврентьевич.",,,
7871,Красные огни: Драматическая фантазия. Пьеса в 3-х д.,"ЧИРИКОВ, Евгений Николаевич.",,,
7872,Красные окна: Стихи.,"УГРЕНИНОВ, Геннадий Николаевич.",,,
7873,Красные орлы: Бытовая пьеса из жизни красных военных летчиков в 3-х д.,"АДАМОВИЧ, П. П.",,,
7874,Красные орлы: Рассказ.,"КОЛОСОВ, Марк Борисович.",,,
7875,Красные орлы: Рассказ из боевой жизни летчиков.,"БАБАЕВ, Николай Алексеевич.",,,
7876,Красные орлята: Повесть.,"АВСЕЕНКО, Илья Васильевич.",,,
7877,Красные орлята: [Пьеса].,"ЭКК, Николай Владимирович.",,,
7878,Красные острова: Повести и рассказы.,"ШУСТРОВ, Борис Николаевич.",,,
7879,Красные партизаны: Драма гражданской войны. В 4-х д. 1919—1920 г.,"ЛОКТЕВ, Евгений Никитич.",,,
7880,Красные паруса: Рассказы из быта и настроений армии 1905 г.,"МОРОЗОВ-ЗАРАЙСКИЙ, Николай Иванович.",,,
7881,Красные паруса: Стихи.,"КУЗНЕЦОВ, Сергей Иванович.",,,
7882,Красные Пески: Рассказы.,"ЧЕРНЕНКО, Владимир Александрович.",,,
7883,Красные песни.,"РОСЛАВЛЕВ, Александр Степанович.",,,
7884,Красные пики: Пьеса в 7-ми карт.,"ЧЕРНЯВСКИЙ, Евгений Николаевич.",,,
7885,Красные птицы: Стихи.,"БОРОДА, Александр Павлович.",,,
7886,Красные рекрутские песни.,"ДЯДЯ ЛЕВОНТИЙ (ЛЕОНТЬЕВ, Леонид).",,,
7887,Красные розы; Поздно; Бабье лето; Круговорот; Выкуп: Рассказы. О.,ГЕНРИ.,,,
7888,Красные розы: Романтическая драма в 6-ти эпизодах.,"АРАКСМАНЯН, Александр Арменович.",,,
7889,Красные ромашки.,"СМОРОДКИН, Сергей Иванович.",,,
7890,Красные ростки: (Записки о комсомольцах).,"ПОГОДИН, Николай.",,,
7891,Красные ручьи: Роман.,"ВОРОБЬЕВ, Петр Яковлевич.",,,
7892,Красные сестры: Картины для чтения и представления.,"ЮС, С.",,,
7893,Красные следопыты: Повести и рассказы.,"ГОЛЫШКИН, Василий Семенович.",,,
7894,Красные слова: Стихотворный альбом шуток и пародий.,"ПОПОВ, Павел М. (ПЕЭМ-ПЕ).",,,
7895,Красные солдаты; Беглец: (Пьесы).,"ВИТФОГЕЛЬ, Карл Август.",,,
7896,Красные страдания: Этапы на жизненном пути. Роман.,"ФУКС, Ганс.",,,
7897,Красные тюльпаны: Пьеса в 3-х д.,"ВАСИЛЬЕВ, Василий Васильевич.",,,
7898,Красные тюльпаны: Рассказы.,"ИВАНОВА, Марианна А.",,,
7899,Красные тюльпаны: [Стихи].,"КЛИ-МЫЧЕВ, Борис Николаевич.",,,
7900,Красные флажки: Повесть.,"ЛИКСТА-НОВ, Иосиф Исаакович.",,,
7901,Красные четники: Из жизни Болгарии.,"НАСИМОВИЧ, Александр Федорович.",,,
7902,Красные шапочки: Сборник рассказов.,"ЛАРИНА, Лариса Михайловна.",,,
7903,Красные щиты: Роман.,"ИВАШКЕВИЧ, Ярослав.",,,
7904,Красные языки: Пьеса в 3-х актах.,"СКОРИКОВ, А.",,,
7905,Красный адмирал: (Лейтенант Шмит). Драма-быль в 4-х д. из недавнего прошлого.,"КУЗМИНСКИЙ, Павел Петрович (КУЗЬМИНСКИЙ, Павел Петрович).",,,
7906,Красный адмирал: Рассказ-быль из революции 1905 г.,"НЕРАДОВ, И. И.",,,
7907,Красный бакен: Рассказ.,"ГРИГОРЬЕВ, Сергей.",,,
7908,Красный бант: Повесть.,"ПОПОВ, Борис Николаевич.",,,
7909,Красный беркут: Повесть.,"ЗЫРЯНОВ, Венедикт Ермилович. ",Коммуна «Красный беркут».,,
7910,Красный билет: Сборник рассказов.,"РЫЖОВ, А.",,,
7911,Красный бор: Повесть.,"ОРЕШИН, Петр Васильевич.",,,
7912,Красный бор: Повесть.,"ПАНОВ, Виктор Алексеевич.",,,
7913,Красный бык.,"СКАЛОН, Андрей Васильевич.",,,
7914,Красный вагон: Повесть.,"ПЕЧЕРСКИЙ, Николай Павлович.",,,
7915,Красный вал: Роман.,"РОНИ-СТАР-ШИЙ, Жозеф Анри. ",Красная волна.,,
7916,Красный ветер: Повесть и рассказы.,"ПЛУТАЛОВ, Олег Борисович.",,,
7917,Красный ветер: Роман.,"МЕТСАНУРК, Майт.",,,
7918,Красный вечер: Стихи и поэмы.,"ЩИПАЧЕВ, Степан Петрович.",,,
7919,Красный викинг: Сказ о Мартине Андерсене Нексе.,"ИЛЛЕШ, Бела.",,,
7920,Красный вир: Роман.,"БЫСТРОВ, Семен Федорович.",,,
7921,Красный Воротничок: Рассказ.,"СЕТОН-ТОМПСОН, Эрнест. ",Красношейка.,,
7922,Красный всадник: (Уот Тайлер). Историческая повесть.,"ТОМОВА, Людмила Илларионовна.",,,
7923,Красный вымпел: Рассказ.,"БОР-РАМЕНСКИЙ, Дмитрий Петрович.",,,
7924,Красный вымпел: Сборник военных рассказов.,"МОРОЗОВ-УРАЛЬСКИЙ, Ст.",,,
7925,Красный галстук: Драма в 1-м д. в стихах.,Имя авт. не установлено.,,,
7926,Красный галстук: [Повесть].,"ФОМИН, Лев Леонидович.",,,
7927,Красный галстук: Поэма.,"ВАСИЛЬЕВ, Сергей Александрович.",,,
7928,Красный галстук: Пьеса для пионерского театра.,"МИХАЛКОВ, Сергей Владимирович.",,,
7929,Красный галстук: Рассказы.,"ЛЕБЕДЕВ, Юрий Несторович.",,,
7930,Красный галстук: Стихи.,"КОРОСТИ-НА, Людмила Яковлевна.",,,
7931,Красный голубь.,"ТИХАЯ, Галина Петровна.",,,
7932,Красный город: Повесть.,"ЗАРИН, Андрей Ефимович.",,,
7933,Красный граф: Роман в 3-х ч.,"КОЛЬЧУГИН, Александр Григорьевич.",,,
7934,Красный гриб.,"УЭЛЛС, Герберт Джордж.",,,
7935,Красный губернатор: Повести.,"МЕХОВ, Владимир.",,,
7936,Красный демон: [Поэма].,"ТОЛБИН-СКИЙ, Иван Ильич.",,,
7937,Красный день: Повесть и рассказы.,"РЕВУНОВ, Виктор Сергеевич.",,,
7938,Красный день: Рассказы о природе.,"ХОЛИН, Геннадий Алексеевич.",,,
7939,Красный день: Роман.,"СЕРГЕЕВ, Виктор Александрович.",,,
7940,Красный день: Стихи.,"СИМДЯНОВА, Эмма Ивановна.",,,
7941,Красный десант.,"ФУРМАНОВ, Дмитрий Андреевич.",,,
7942,Красный директор: Повесть.,"ХУХУ-НАШВИЛИ, Мириан.",,,
7943,Красный дождь в апреле: Повесть.,"БУРАКОВ, Лев Александрович.",,,
7944,Красный дом: Роман в 7-ми ч.,"ИЕРУЗАЛЕМ, Эльза. ",Красный фонарь; Навозный жук.,,
7945,Красный дьявол: Документальная повесть.,"КОЖЕВНИКОВ-СТЕПНОЙ, Иван Захарович.",,,
7946,Красный Дьявол: Повесть в новеллах.,"БОГОМОЛОВ, Владимир Максимович.",,,
7947,Красный дьявол: Поэма.,"АЙКУНИ, Гурген.",,,
7948,Красный зверь: Рассказы.,"ПРЖЕВА-ЛИНСКИЙ, Владимир Иванович.",,,
7949,Красный звон: Сборник рассказов и стихотворений.,"КРУГЛОВ, Александр Васильевич.",,,
7950,Красный звон: Стихотворения.,"МОРОЗОВ, Иван Игнатьевич.",,,
7951,Красный кабачок: Фантастическая история в 1-м д.,"БЕЛЯЕВ, Юрий Дмитриевич.",,,
7952,Красный казак: Пьеса в 5-ти д.,"МОШ-КАРОВ, М.",,,
7953,Красный казак:. [Стихотворения].,"БЕДНЫЙ, Демьян.",,,
7954,Красный камень: Повести и рассказы.,"СТРЫГИН, Александр Васильевич.",,,
7955,Красный камень: Повести и рассказы.,"ШПАНОВ, Николай Николаевич.",,,
7956,Красный камень: Рассказ.,"СТАРИКОВ, Виктор Александрович.",,,
7957,Красный карбункул.,"ЖУКОВСКИЙ, Василий Андреевич.",,,
7958,Красный карнавал: Роман.,"САЛЬ, Пьер.",,,
7959,Красный каучук: Бельгийские рассказы.,"МИРБО, Октав.",,,
7960,Красный Кедр: Американский рассказ.,"ЭМАР, Гюстав. ",Искатель следов.,,
7961,Красный клевер: Рассказы.,"ЗАЛЫГИН, Сергей Павлович.",,,
7962,Красный клич: Пьеса в 4-х д.,СА-ВОНОВ-АМУРЦЕВ.,,,
7963,Красный конник Олеко Дундич: Повесть.,"ДРАГОВИЧ, Милорад.",,,
7964,Красный ледок: Повесть.,"КОВАЛЕВ, Павел Никифорович.",,,
7965,Красный лес: Рассказы и повести.,"ШАТЬКО, Евгений Иванович.",,,
7966,Красный маркиз: Святочный рассказ.,"ОБЕРГ, Ф. И.",,,
7967,"Красный миноносец: Пьеса в 2-х д., с прологом и эпилогом.","КОЛИН, Владимир.",,,
7968,Красный молоток: (Красный топор).,"ЗАНД, Жорж (САНД, Жорж).",,,
7969,Красный морской разбойник: Повесть.,"КУПЕР, Джеймс Фенимор. ",Красный корсар*; Морской разбойник.,,
7970,"Красный мост: Стихи, 1914—1918.","ТИХОМИРОВ, Никифор Семенович.",,,
7971,"Красный нос, шутка в одном д.","Ф-ОВ, Д. (ФЕДОРОВ, Дмитрий А.).",,,
7972,Красный Октябрь: Драматический этюд в 1-м д.,"ДУНАЕВ, Семен Дмитриевич.",,,
7973,Красный Октябрь: [Стихи].,"САМАР, Аким Дмитриевич.",,,
7974,Красный орленок: Пьеса в 4-х д.,"СЛАВЯНСКИЙ, Алексей Иванович.",,,
7975,Красный осел: Рассказ.,"ПРЕСБЕР, Рудольф.",,,
7976,Красный Оселок.,"СУХОВ, Федор Григорьевич.",,,
7977,Красный пакет: (Товарищ Орлов). Мелодрама в 3-х д.,"БРОНИКОВСКИЙ, Георгий, БРОШАТ, Юлий.",,,
7978,Красный партизан: Повесть.,"КОЛЯБ-СКАЯ, М.",,,
7979,Красный партизан: Рассказ.,"ВАЛОВ, Василий.",,,
7980,Красный партизан: Рассказ.,"ПОЛИКАРПОВ, М.",,,
7981,Красный песок: Роман.,"СТРИБЛИНГ, Томас Сигизмунд.",,,
7982,Красный петух: Инсценировка.,"ЛО-БОДИН, Михаил Павлович.",,,
7983,Красный петух: Мелодрама в 3-х д. из эпохи Великой французской революции.,"КРЯ-ЖИН, В. (ГУРКО-КРЯЖИН, Владимир Александрович).",,,
7984,Красный петух: Пьеса в 3-х д.,"КОЗЛОВ, Петр Сидорович.",,,
7985,Красный петух: (Пьеса в 3-х карт.).,"УХОВСКИЙ, Яков.",,,
7986,Красный петух: Рассказ.,"БОГДАНОВИЧ, Лев Алексеевич.",,,
7987,Красный петух: Трагикомедия.,"ГАУПТМАН, Гергарт.",,,
7988,Красный петух и кулак Иваныч: Инсценировка для деревни.,В. С.,,,
7989,Красный петушок: Пьеса из современной деревенской жизни в 3-х актах.,"ЛУНИН, Степан Михайлович.",,,
7990,Красный петушок: Роман.,"СЭБ-ЛЕТТ, М.",,,
7991,Красный платок: Рассказ.,"РОГИ, Михаил Павлович.",,,
7992,Красный полушалок: Пьеса в 3-х д.,"МАЙОРОВ, Иван Алексеевич.",,,
7993,Красный портной: Красноармейское политическое обозрение с превращениями.,"КОССОВСКИЙ, Михаил Семенович.",,,
7994,Красный посев: Роман.,"ДЕСМОНД, Шоу.",,,
7995,Красный прибой: Рассказ.,"РОНИ-СТАРШИЙ, Жозеф Анри.",,,
7996,Красный призрак: Сатира в 4-х карт.,"РАКОВСКАЯ-ПЕТРЕНКО, А.",,,
7997,Красный раек: (Царское наследство). Революционная сатира в народных песнях.,"ИВАНЫЧ (ТРОЯНОВ, Вениамин Иванович).",,,
7998,Красный Рог: Повесть.,"ПЕРСОВ, Самуил Давидович.",,,
7999,Красный Ромуальд.,"ФРАНЦЕВ, М.",,,
8000,Красный свет: Роман. Повести.,"АДАМЯН, Нора.",,,
8001,Красный сев: Повесть в 3-х д.,"ДАВЫДОВ, Василий Иванович, ДОЛЕВ, Дмитрий Николаевич.",,,
8002,Красный смех.,"АНДРЕЕВ, Леонид Николаевич.",,,
8003,Красный снег: Роман.,"РЫБАС, Тарас Михайлович.",,,
8004,Красный снег: Роман.,"ХОФЕ, Гюнтер.",,,
8005,Красный суглан.,"САХАРОВ, Никита Васильевич.",,,
8006,Красный сыщик: Рассказ.,"НЕВЕРОВ, Александр.",,,
8007,Красный таймень: Повести и рассказы.,"ЯКУБОВСКИЙ, Аскольд Павлович.",,,
8008,Красный театр: Комсомольские пьесы.,"ЩЕГЛОВ, Дмитрий Алексеевич.",,,
8009,Красный ток: Стихотворения и поэмы.,"БОРОНЧИЕВ, Исмаил.",,,
8010,Красный трактир: Повесть.,"БАЛЬЗАК, Оноре де.",,,
8011,Красный тюльпан: (Очерки и рассказы).,"КРИНИЧНЫЙ, Марк.",,,
8012,Красный угол: Сценка в 1-м д.,"ВОЛКОВ, В.",,,
8013,Красный уголь: (Дневник дикарки).,"КОРДЭ, Мишель.",,,
8014,Красный узор: (Рассказ).,"СЕМЕНОВСКИЙ, Дмитрий Николаевич.",,,
8015,Красный факел: Повесть.,"КАЦОВИЧ, Лазарь Абрамович.",,,
8016,Красный флаг.,"РЕВИН, К-",,,
8017,Красный флот: Поэма в 3-х ч.,"НИКУЛИН, Лев Вениаминович.",,,
8018,Красный фонарь: Роман.,"ЭРУЗА-ЛЕМ, Эльза (ИЕРУЗАЛЕМ, Эльза).",,,
8019,Красный фонарь: «День и ночь». Драма в 3-х д.,"БЕЛАЯ, Софья (БОГДАНОВСКАЯ, Софья Николаевна).",,,
8020,Красный фронт: Поэма.,"АРАГОН, Луи.",,,
8021,Красный фронт: Пьеса в 3-х д.,"АРСКИЙ, Павел, ГОРЕВ, Илья Александрович.",,,
8022,Красный хвост и щетинка: Рассказ.,"РОБЕРТС, Чарльз. ",,Тропа на голом утесе...,
8023,Красный цветок: Драматический этюд в 1-м д.,"ЩЕГЛОВ, Иван.",,,
8024,Красный цветок: Исторический роман.,"ОРЧИ, Эммуска.",,,
8025,Красный цветок: Маленькая повесть и рассказы.,"СЕРГИЕНКО, Евгения Павловна.",,,
8026,Красный цветок: Рассказ.,"ГАРШИН, Всеволод Михайлович.",,,
8027,Красный цветок: Стихи.,"ЧЕПУРОВ, Анатолий Николаевич.",,,
8028,Красный цветочек: Комедия в 3-х д.,"ЛУКАШЕВИЧ, Клавдия.",,,
8029,Красный шаман: (Кысыл Ойун). В 4-х д. с прологом.,"ОЙУНСКИЙ, П. А.",,,
8030,Красный шарик: Сказка.,"ТВЕН, Марк.",,,
8031,Красный шквал: Пьеса-хроника в 5-ти карт.,"АНТОНОВ-САРАТОВСКИЙ, Владимир Павлович.",,,
8032,Красным по белому: Поэмы.,"ДА-РИЕНКО, Петря.",,,
8033,Красным по белому: Рассказы о Шерлоке Холмсе.,"ДОЙЛЬ, Артур Конан.",,,
8034,Красота: [Рассказ].,"ЛАЗАРЕВСКИЙ, Борис Александрович. ",,Попутчики...,
8035,Красота: [Рассказ].,"МИЛЛЬ, Казимир Ромуальдович (МИЛЛЬ-ПОЛЯРНЫЙ, Казимир Ромуальдович). ",,Человек с блокнотом...,
8036,Красота: [Рассказ].,"СОЛОГУБ, Федор.",,,
8037,"Красота: Стихи, поэма.","КУЛЕМИН, Василий Лаврентьевич.",,,
8038,Красота: Стихотворения и поэмы.,"КЕДРИН, Дмитрий Борисович.",,,
8039,Красота сменяет красоту.,"АБРОС- КИН, Александр Александрович.",,,
8040,"Красота страданий: Рассказы, миниатюры и стихотворения в прозе.","КУЗНЕЦОВ, Ф.",,,
8041,Красотка: Драма в 3-х д.,"МОПАССАН, Ги де, НОРМАН, Жак.",,,
8042,Красотка-еврейка: Исторический роман.,"ПОНСОН ДЮ ТЕРРАЙЛЬ, Пьер Алексис де.",,,
8043,Красотка с Запада: Комедия в 5-ти актах.,"ХЕЙВУД, Томас.",,,
8044,Красотка с чудными глазами: Драма в 2-х ч.,"ДЕКУРСЕЛЬ, Пьер.",,,
8045,"Красотка, Умная и Добрая.","РОСТОПЧИНА, Лидия Андреевна.",,,
8046,Красоты Стерна или Собрание лучших его патетических повестей и отличнейших замечаний на жизнь для чувствительных сердец.,"СТЕРН, Лоренс.",,,
8047,Красуха: Документальная повесть.,"КУРЧАВОВ, Иван Федорович. ",,Ольга и Сергей...,
8048,Красуха: Стихи.,"ГРИГОРЬЕВ, Игорь Николаевич.",,,
8049,Красюк.,"АЛЕКСЕЕВ, Михаил Николаевич.",,,
8050,Кратер Ольга: Рассказы.,"ЛАПИН, Борис Федорович.",,,
8051,Кратер Циолковский: Научно-фантастическая повесть.,"ШПАКОВ, Юрий Петрович.",,,
8052,Кратер Эршота: Фантастический роман.,"ПАЛЬМАН, Вячеслав Иванович.",,,
8053,Кратес и Парха: Подражание потсдамскому оригиналу.,"ЛУКИН, Иван.",,,
8054,"Краткая, но достоверная повесть о дворянине Болотове.","ШКЛОВСКИЙ, Виктор Борисович.",,,
8055,Краткая нотация некоторым мусьям.,"РОСТОПЧИН, Федор Васильевич.",,,
8056,"Краткий, в стихах, очерк С.-Петербурга и другие мелкие стихотворения.","ПАВЛОВ, Сергей.",,,
8057,Краткосрочники.,"КУКЛИН, Георгий Осипович.",,,
8058,Кратчайшие пути: Стихи.,"БАБАЕВ, Эдуард Григорьевич.",,,
8059,Крах: [Роман]. (Загл. обл.).,"ОК-РЕЙЦ, Станислав Станиславович. ",Таинственный иностранец.,,
8060,Крах: Роман.,"СЕЛЕЗНЕВ, Петр Иванович.",,,
8061,Крах: Роман в 2-х ч.,"БАНГ, Герман Иоахим.",,,
8062,Крах банка: Комедия в 4-х д. Манускрипт для сцены.,"МЯСНИЦКИЙ, И. И.",,,
8063,Крах ГУУББа.,"ВИХРЕВ, Александр Ефимович.",,,
8064,Крах инженера.,"МОСКОВКИН, Виктор Флегонтович.",,,
8065,Крах министерства: Комедия в 3-х д.,"ЛИПШЮЦ, Леопольд, ЛОТАР, Рудольф.",,,
8066,Крах солидного предприятия: Антирелигиозная пьеса в 3-х д.,"ПОЛОЗОВ, С. Л.",,,
8067,"Крах чайного домика: Фарс в 1-м д.; Новый слуга или Иван, Степан и Андриан: Водевиль в 1-м д.; Чуть не развод: Водевиль.","РОЗ-ЛИТ, Д. (РОЗЕНБЛИТ, Давид С.).",,,
8068,Крах черных гномов: Роман.,"САМБУК, Ростислав Феодосьевич.",,,
8069,Крахи.,МУЗИН.,,,
8070,Края владё мире кие: Стихи.,"БЕЗЫМЕНСКИЙ, Александр Ильич.",,,
8071,Края мои широкие: Стихи и песни.,"ЛОЗНЕВОЙ, Александр Никитич.",,,
8072,Края рассветные: Стихи.,"АКШИН-СКИЙ, Василий Семенович.",,,
8073,Края родные: [Стихи].,"ФИКСИН, Сергей Андреевич.",,,
8074,Креветки: Роман.,"ПИЛЛЭ, Такаши Шивасанкара.",,,
8075,Кредиторы: [Рассказ].,"БУХОВ, Аркадий Сергеевич. ",,Разговор о спорте...,
8076,Кредиторы: Трагикомедия в прозе.,"СТРИНДБЕРГ, Август.",,,
8077,Крейсер Аврора.,"ШВАРЦ, Евгений Львович.",,,
8078,Крейсер «Алмаз»: (Цусима). Сцены из войны.,"ЗНОСКО-БОРОВСКИЙ, Евгений Александрович.",,,
8079,Крейсер «Варяг»: Поэма.,"ВИЛЕНИНСКИЙ, Владимир Никифорович.",,,
8080,Крейсер «Изумруд»: Новые главы из романа «Цусима».,"НОВИКОВ-ПРИБОЙ, Алексей Силыч.",,,
8081,Крейсер «Очаков»: Пьеса в 5-ти д.,"СУПТЕЛЬ, Дмитро (СУПТЕЛЯ, Дмитро).",,,
8082,Крейсер Эгморт: Пьеса в 3-х д.,"ПАВЛОВ, Георгий Павлович.",,,
8083,Крейслериана; Житейские воззрения кота Мура; Дневники.,"ГОФМАН, Эрнст Теодор Амадей.",,,
8084,Крейцерова соната: Повесть.,"ГРЕК, Тимофей.",,,
8085,Крейцерова соната: [Рассказ].,"ТОЛСТОЙ, Лев Николаевич.",,,
8086,Крейцерова соната: Шутка в 1-м д.,Р. ,,,
8087,Крейцерова соната во всем виновата: Маленький рассказик.,"ЛУРЬЕ, Осип Давидович.",,,
8088,Крейцерова соната исполнителя: Записки Трухачевского.,Имя авт. не установлено.,,,
8089,Крематорий: Поэма имажиниста.,"ШЕРШЕНЕВИЧ, Вадим Габриэлевич.",,,
8090,Кремень: Повести и рассказы.,"ПОПОВА, Нина Аркадьевна.",,,
8091,Кремень: Рассказы.,"ДАНИЛОВ, Соф-рон Петрович.",,,
8092,Кремень и кость: Повесть.,"ЛУНД-БЕРГ, Евгений Германович.",,,
8093,Кремень и фиалка: [Стихи].,"ХАП-ПАЛАЕВ, Юсуп Рамазанович.",,,
8094,Кремень и фиалка: Стихи и поэма.,"КУМРАТОВА, Кельдихан Иссаевна.",,,
8095,Кремешки: Пьеса в 4-х д.,"ЛАПШИН, Андрей Михайлович.",,,
8096,Кремлевские ели.,"СМЕЛЯКОВ, Ярослав Васильевич.",,,
8097,Кремлевские зори.,"ДАНИЛОВ, Сергей.",,,
8098,Кремлевские куранты: Пьеса в 3-х актах.,"ПОГОДИН, Николай.",,,
8099,"Кремлевские мастера: (Василий Ермолин, Аристотель Фиораванти). Историческая повесть.","ОВСЯННИКОВ, Юрий Максимилианович.",,,
8100,Кремлевский холм: Роман.,"ЕРЕМИН, Дмитрий Иванович.",,,
8101,Кремль: [Из книги «Поэт»].,"КА- ПИЕВ, Эффенди Мансурович.",,,
8102,Кремль: (Поэма Советской революции).,"ЛАХУТИ, Абольгасем Ахмед-заде.",,,
8103,"Кремнев, русский солдат: Оригинальное драматическое представление в 3-х д.","РУССКИЙ ИНВАЛИД (СКОБЕЛЕВ, Иван Никитич).",,,
8104,Кремневое ружье.,"ФАТУЕВ, Роман.",,,
8105,Кремневый пистолет: Рассказ.,"БА-ЗОРКИН, Идрис Муртузович.",,,
8106,Кремни: Роман.,"АТАДЖАНОВ, Ата.",,,
8107,Кремнистые тропы: Повесть.,"СТЕПАНОВ, Пиан Николаевич.",,,
8108,Кремнистый путь: Исторический роман.,"ЭБЕРС, Георг Мориц. ",Тернистым путем; К звездам; Мелисса.,,
8109,Кремнистый путь: Пьеса о Лермонтове и его времени. В 5-ти д.,"ДМИТРИЕВ, Николай Дмитриевич.",,,
8110,Кремнистый путь: [Стихи].,"ЧУЛ-КОВ, Георгий Иванович.",,,
8111,Кремонская скрипка.,"ГОФМАН, Эрнст Теодор Амадей.",,,
8112,Кремонский скрипач: Комедия в 1-мд. в стихах.,"КОППЕ, Франсуа. ",Скрипач из Кремоны.,,
8113,Кремуций Корд.,"КОСТОМАРОВ, Николай Иванович.",,,
8114,Крен: Рассказ.,"КОЛБАСЬЕВ, Сергей Адамович.",,,
8115,Кренкбиль.,"ФРАНС, Анатоль.",,,
8116,Креолка: Роман.,"РЕБО, Генриета.",,,
8117,Креолка и европеец.,"КОРСАКОВ, Петр Александрович.",,,
8118,Крепилину приходится отступать: Повесть.,"НИКУЛЬКОВ, Анатолий Васильевич.",,,
8119,Крепкая голова: Повесть.,"ДРИПЕ, Андрей Янович.",,,
8120,Крепкая кость: Рассказы.,ЧЖАО ШУ-ЛИ.,,,
8121,Крепкая подпись: Рассказы.,"РАДИЩЕВ, Леонид Николаевич.",,,
8122,Крепкие люди.,"МАЕВСКИЙ, Виктор Васильевич.",,,
8123,Крепкие нити: Повесть.,"ЗЛАТОГО-РОВ, Михаил.",,,
8124,Крепкие поросли: (Песни деревенской девушки).,"ДОРОНИН, Иван Иванович.",,,
8125,Крепкий гром.,"ЧАЧИКОВ, Александр Михайлович.",,,
8126,Крепкий мужчина: (Борец). Водевиль в 1-м д.,"ЮЖНЫЙ, Петр.",,,
8127,Крепкий народ.,"РОМАНОВ, Пантелеймон Сергеевич.",,,
8128,Крепкий орешек: Комедия в 1-м д.,"МАНТАЕВА, Умукурсюн Арзулумовна.",,,
8129—8130,Крепкий сон: Рассказы.,"ЛАЗАРЕВ, Владимир Николаевич.",,,
8131,Крепнут звенья: Сборник рассказов для ребят.,"МЕЩЕРЯК, Александр.",,,
8132,Крепнущие крылья.,"ЛЯШКО, Николай.",,,
8133,Крепостная.,"ТУРГЕНЕВ, Иван Сергеевич. ",Рассказ помещика Каратаева.,,
8134,Крепостники: 'Роман.,"ЯСИНСКИЙ, Иероним Иеронимович.",,,
8135,Крепостники и крепостные: (Потревоженные тени).,"АТАВА (ТЕРПИГОРЕВ, Сергей Николаевич).",,,
8136,Крепостной гений.,"НЕМИРОВИЧ-ДАНЧЕНКО, Василий Иванович.",,,
8137,Крепостной сучок: Рассказ. [Отрывок из рассказа «Льгов»].,"ТУРГЕНЕВ, Иван Сергеевич.",,,
8138,Крепостной художник: (В. А. Тро-пинин). Повесть.,"ПРИЛЕЖАЕВА-БАРСКАЯ, Белла Моисеевна.",,,
8139,Крепостные: Пьеса в 1-м д.,"ЛЕРНЕР, Николай Никитич.",,,
8140,Крепостные королевны; Театр на Арбатской площади: Исторические повести.,"МОГИЛЕВСКАЯ, Софья Абрамовна.",,,
8141,Крепостные мастера.,"КУЗНЕЦОВ, Анатолий Яковлевич (КУЗЬМИН, Александр Иванович).",,,
8142,Крепостные таланты: Казачок графа Моркова. (Загл. обл.).,"ЗАРЕЧНАЯ, Софья. ",Казачок графа Моркова.,,
8143,Крепость: Рассказ для детей.,"БАХ-МЕТЕВА, Александра Николаевна.",,,
8144,Крепость: Роман.,"ДОРОХОВ, Павел Николаевич.",,,
8145,Крепость: Роман.,"СЕЛИМОВИЧ, Меша.",,,
8146,Крепость без фортов: Страницы героической обороны Лиепаи.,"БЕЛЕВИТНЕВ, Роман Андреевич, ЛОСЬ, Андрей Филиппович.",,,
8147,Крепость в горах: Героическая драма в 2-х д.,"СУЛИМАНОВ, Магомед Сули-манович.",,,
8148,Крепость в степи.,"КОЛЬЦОВ, Михаил.",,,
8149,Крепость во льдах: Повесть.,"МИРОНОВ, Александр Евгеньевич.",,,
8150,Крепость Дюкен: Роман.,"ЭМАР, Гюстав.",,,
8151,Крепость Зураба: Повести. Рассказы. Воспоминания.,"СУЛИАШВИЛИ, Давид Сократович.",,,
8152,Крепость «Низовая»: Эпизод из Кавказской войны.,"СЕВЕРЦЕВ-ПОЛИЛОВ, Г. Т. (ПОЛИЛОВ, Георгий Тихонович).",,,
8153,Крепость на Волге: [Повесть].,"ФА-ЗИН, Зиновий.",,,
8154,Крепость на Волге: Пьеса в 4-х д.,"КРЕМЛЕВ, Илья.",,,
8155,Крепость на границе: [Очерки].,"СМИРНОВ, Сергей Сергеевич. ",Брестская крепость.,,
8156,Крепость на границе: (Пограничники). Пьеса в 4-х актах.,"САГАЛОВИЧ, Максим Владимирович, ТЕВЕЛЕВ, Матвей Григорьевич.",,,
8157,Крепость на колесах; Очерки о бронепоезде.,"АМУРСКИЙ, Илья.",,,
8158,Крепость на Оми.,"МАРТЫНОВ, Леонид Николаевич.",,,
8159,Крепость на отшибе: Повесть.,"СЕРГЕЕВ, Дмитрий Гаврилович.",,,
8160,Крепость на Пристанской.,"ЕЛОВСКИХ, Василий Иванович.",,,
8161,Крепость над Бугом: Героическая драма в 4-х д. с прологом.,"СМИРНОВ, Сергей Сергеевич.",,,
8162,Крепость не сдается.,"ПОРОХИН, Яков Михайлович, РУБЛЕВ, Владимир Федорович.",,,
8163,Крепость принимает бой: Повесть.,"ЯСЬКО, Юрий Георгиевич.",,,
8164,Крепость среди рисовых полей: Роман.,"АППЕЛ, Бенджамин.",,,
8165,Крепче железа.,"УСТИНОВИЧ, Николай Станиславович.",,,
8166,Крепче камня: Роман.,"СОЛОВЬЕВ, Борис Иванович.",,,
8167,Крепыши: Поэма.,"КУЛИКОВ, Павел Александрович.",,,
8168,Крепь: Повесть.,"ТОРИН, Владимир.",,,
8169,Крепь: Рассказы и стихи.,"ДИНАМОВ, Сергей Сергеевич.",,,
8170,Крепь: [Стихи].,"РЕЗЧИКОВ, В.",,,
8171,Кресло №    16: Комедия-водевиль в 3-х д.,"УГРЮМОВ, Дмитрий Борисович.",,,
8172,Крест: Драма в 3-х д.; Стихотворения. Роман в письмах баронессы Б.,"БЛЕХ, Фердинанд Фердинандович фон.",,,
8173,Крест: История одной любви.,"ОБСТ-ФЕЛЬДЕР, Сигбьерн.",,,
8174,Крест: [Рассказ].,"ИППОЛИТОВ, Владимир.",,,
8175,Крест: Роман.,"ОСТРОГОРСКИЙ, Николай Иванович.",,,
8176,Крест в Венне: [Роман].,"ФИБИХ, Клара. ",Похождения паломницы.,,
8177,Крест жизни: Драма в 5-ти д.,"СТА-РИЦКИЙ, Т. ",,,
8178,Крест и меч: Историческая повесть.,"СТЭНФИЛЬД, Вильям.",,,
8179,Крест и меч: Роман. Т. 1-2.,"САМА-РОВ, Григорий (САМАРОВ, Грегор).",,,
8180,Крест и полумесяц: Роман из современной Балканской войны.,Имя авт. не установлено.,,,
8181,Крест и стрела.,"МАЛЬЦ, Альберт.",,,
8182,Крест материнства: Тайный дневник. Роман.,"СЕВЕРОВА, Н. Б. (НОРДМАН-СЕ-ВЕРОВА, Наталья Борисовна).",,,
8183,Крест на могиле: Рассказы.,"НОВИКОВ, Иван Алексеевич.",,,
8184,Крест над Глетчером: Роман. Ч. 1-2.,"ДЮ-ПРЕЛЬ, Карл Людвиг Август.",,,
8185,"Крест против солнца: Документальные рассказы, очерки, фельетоны.","УШАКОВ, Владимир Маркович.",,,
8186,Крест у ручья: Повесть.,"СВЕТЛА, Каролина.",,,
8187,Крест Утенка: Роман.,"ТРЕЙНИС, Пранас Ионович.",,,
8188,Крестины: Комедия в 1-м д.,"СКРИБ, Эжен.",,,
8189,Крестины: Комедия в 3-х д.,"ТАЛ-ВЕСТ, Май.",,,
8190,Крестины: Повести и рассказы.,"БОЙКО, Иван Николаевич.",,,
8191,Крестины: Рассказы; Проповедь.,"МИРБО, Октав.",,,
8192,Крестины: [Рассказы].,"МОПАССАН, Гюи де (МОПАССАН, Ги де).",,,
8193,Крестная маменька: Комедия-водевиль в 1-м д.,"ЛОКРУА, Жозеф Филипп, СКРИБ, Эжен",,,
8194,Крестник: Сказка.,"ТОЛСТОЙ, Лев Николаевич.",,,
8195,Крестник Петра Великого: Исторический рассказ. С присоединением к нему двух рассказов: «Купеческая свадьба» и «Вредное влияние».,"СОКОЛОВ, Александр Алексеевич.",,,
8196,Крестница: Житейские сцены.,"ПЛЕЩЕЕВ, Алексей Николаевич.",,,
8197,Крестный отец: Водевиль в 1-м д.,"ФЕДОРОВ, Павел Степанович.",,,
8198,Крестный отец Петра Выжигина или Два кума Ивана Выжигина: Аллегорический роман.,"ОРЛОВ, Александр Анфи-мович.",,,
8199,Крестный путь: Рассказы.,"ТРАВИН, Петр Александрович.",,,
8200,Крестный путь: (Стихотворения).,Имя авт. не установлено.,,,
8201,Крестный ход: Атеистические сатиры и юморески.,"ГАШЕК, Ярослав.",,,
8202,Крестный ход из селения «Пороховых» в село «Михаила архангела» (что за Невской заставой) 16-го августа 1898 г. по поводу благой вести «О мире всего народа» 12-го августа 1898 г.,"АЛЕКСАНДРОВ, Григорий Д.",,,
8203,Крестовский остров: Добро пожаловать. Комедия в 3-х д.,"АГРАНЕНКО, Захар, ШТЕЙН, Александр Петрович.",,,
8204,Крестовые сестры: Повесть.,"РЕМИЗОВ, Алексей Михайлович.",,,
8205,Крестовый король: Юмористический рассказ.,"ЕГОРОВ, Борис Андрианович, ПОЛИЩУК, Ян Азарович",,,
8206,Крестовый перевал: Повесть.,"САННИКОВ, Захар Михайлович.",,,
8207,Крестовый подход.,"ЧЕРЕПАНОВА, Надежда Михайловна.",,,
8208,Крестовый поход.,"УРАЛЬСКИЙ, Борис.",,,
8209,Крестовый поход детей: Рассказ из времен XIII века.,"НАБОР, Феликс.",,,
8210,Крестовый поход детей: Рассказы.,"ШВОБ, Марсель.",,,
8211,Крестовый поход для освобождения Иерусалима и гроба господня: Ч. 1-3.,"ТАССО, Торквато.",,,
8212,Крестом и мечом в защиту отечества: Отрадная страница из Русско-японской войны.,Имя авт. не установлено.,,,
8213,Крестонос: Рассказ.,Д. Ч.,,,
8214,Крестоносцы: Исторический очерк.,"ЯКОВЛЕВА, О. Д.",,,
8215,Крестоносцы: Исторический роман.,"СЕНКЕВИЧ, Генрик. ",Меченосцы.,,
8216,Крестоносцы: Исторический роман.,"ШЕЛОНСКИЙ, Н. Н.",,,
8217,Крестоносцы: [Роман].,"ГЕЙМ, Стефан.",,,
8218,Кресты: [Роман].,"ДОРЖЕЛЕС, Ролан.",,,
8219,«Кресты»: С.-Петербургская одиночная тюрьма. Из личных воспоминаний.,"ИН-ФАНТЬЕВ, Порфирий Павлович.",,,
8220,Крестьяне: Драма в 4-х д.,"БЕЛАЯ, С. (БОГДАНОВСКАЯ, Софья Николаевна).",,,
8221,Крестьяне: Киносценарий.,"БОЛЬ-ШИНЦОВ, Мануэль Владимирович, ПОРТНОВ, Виктор Николаевич",,,
8222,Крестьяне: Повесть.,"БАНАРУ, Георге.",,,
8223,Крестьяне: Роман.,"АРДЕРИУС, Хоакин.",,,
8224,Крестьяне: Сцены из деревенской жизни.,"БАЛЬЗАК, Оноре де.",,,
8225,Крестьянин: Роман.,"МОЛЧАНОВ, Александр.",,,
8226,Крестьянин: Роман.,"ПОЛЕНЦ, Вильгельм.",,,
8227,Крестьянин: Сборник стихотворений.,"БУРУМОВ, А. (САЮК, Олег).",,,
8228,Крестьянин Бетц: Пьеса из жизни германского крестьянства 1932—1933 гг. в 3-х актах.,"ВОЛЬФ, Фридрих.",,,
8229,Крестьянин Веселов.,"ПЕТРОВ, Григорий Спиридонович.",,,
8230,Крестьянин — воин.,"ЩЕПКИНА, Александра Владимировна.",,,
8231,Крестьянин Гельмбрехт.,ВЕРНЕР-САДОВНИК.,,,
8232,Крестьянин и император: Историческая повесть из жизни крестьян прикарпатской Украины.,"ФРАНЦОЗ, Карл Эмиль.",,,
8233,Крестьянин и мельник; Франц и осел; Лягушка и две утки.,"БУШ, Вильгельм.",,,
8234,Крестьянин и смерть: Басня.,"КРЫЛОВ, Иван Андреевич.",,,
8235,Крестьянин офицер или Известие о прогнании французов из Москвы: Драма в 2-х д.,"ФЕДОРОВ, Борис Михайлович.",,,
8236,Крестьянин Тимофеев: (Щорс в Сибири). Пьеса в 1-м д.,"ГАРНИЧ, Николай Федорович.",,,
8237,"Крестьянину — крестьянская подмога: Рассказ в стихах. О мужиках, о хитрых кулаках, о кооперативных вредителях, о настоящих потребителях.",ГАЛИЦКИЙ.,,,
8238,Крестьянка: Быль в 5-ти д.,"УРУСОВ, Леонид Герасимович.",,,
8239,Крестьянка: Роман в 3-х ч.,"ПОТЕХИН, Алексей Антипович.",,,
8240,Крестьянская бестолочь: Комедия.,Имя авт. не установлено.,,,
8241,Крестьянская доля: Повесть о персидской деревне.,"ХОДАДАДЭ, Ахмед.",,,
8242,Крестьянская жизнь: Сборник стихотворений.,"НИКИТИН, Иван Саввич.",,,
8243,Крестьянская копилка:      Сборник агитпьес для деревенского театра.,ТУЛУ-БАЕВ.,,,
8244,Крестьянская молва: (Где она родится). Сказ.,"ЗНАКОМЫЙ, Иван.",,,
8245,Крестьянская свадьба: Рассказ для детей.,"МАКАРОВА, София Марковна.",,,
8246,Крестьянская семья: Драма в 3-х д. Из современного народного быта.,"СОЛОВЬЕВ, Евпл Титович.",,,
8247,Крестьянская школа.,"РОСТОВСКАЯ, Мария Федоровна.",,,
8248,Крестьянские дети: [Повесть].,"ПОТЕХИН, Алексей Антипович.",,,
8249,Крестьянские дети: [Рассказы]. Вып. 1-3.,"НАЖИВИН, Иван Федорович.",,,
8250,Крестьянские думушки: В стихах.,"ФЕДОРОВ, Григорий.",,,
8251,Крестьянский быт. (Загл. обл.).,"МИРОНОВ, Николай П. На ",,,
8252,Крестьянский мальчик: Рассказ для мальчиков 9—12-ти лет.,Н. Б.,,,
8253,Крестьянский мальчик или Маленький служитель бога.,Имя авт. не установлено.,,,
8254,Крестьянский раздел: Пьеса в 3-х д. (Для деревенского театра).,"ГОРЕВ-ПОЙ-СКИЙ, Михаил И.",,,
8255,Крестьянский сын: Повесть.,"ГРИГОРЬЕВА, Раиса Григорьевна.",,,
8256,Крестьянский сын Михайло Ломоносов: Повесть.,"АНДРЕЕВ-КРИВИЧ, Сергей Алексеевич.",,,
8257,Крестьянский театр.,"ГОНЧАРОВА-ВИКТОРОВА, Наталия Петровна (ГОНЧАРОВА, Наталия Петровна).",,,
8258,Крестьянский театр: Пьесы.,"МАСС, Владимир Захарович, СУББОТИН, Леонид Арсеньевич.",,,
8259,Крестьянское восстание: (Жакерия). Пьеса.,"МЕРИМЕ, Проспер.",,,
8260,Крестьянское восстание: Исторический роман.,"ШЕНОА, Август.",,,
8261,Крестьянское горе.,"НЕФЕДОВ, Филипп Диомидович.",,,
8262,Крестьянское самообложение: (Живая газета).,"УХОВСКИЙ, Яков.",,,
8263,Крестьянское царство: Воспоминания и рассказы из поездки с богомольцами.,"НЕМИРОВИЧ-ДАНЧЕНКО, Василий Иванович.",,,
8264,Кресы борются: Роман-хроника.,"МА-ШАРА, Михась (МАШАРА, Михаил Антонович) .",,,
8265,Кречинский в юбке: Комедия в 2-х д.,"БАЗАРОВ, В. А. (МИХАЙЛОВСКИЙ, Владимир Алексеевич).",,,
8266,Крещеная собственность.,"А. Г. (ГЕРЦЕН, Александр Иванович).",,,
8267,Крещение: Роман.,"АКУЛОВ, Иван Иванович.",,,
8268,Крещение кровью: Роман.,"ТИМОН, Поль.",,,
8269,Крещение Литвы: Эпизодическая драма в 5-ти д.,"НАВРОЦКИЙ, Александр Александрович (ВРОЦКИЙ, Н. А.).",,,
8270,Крещение огнем: Рассказы.,"ГРАМ-ЗИН, Степан Алексеевич.",,,
8271,Крещение Руси великим князем Владимиром: Поэма.,"ДМИТРИЕВ, Михаил Михайлович.",,,
8272,Крещенные огнем.,"ЖУКРОВСКИЙ, Войцех.",,,
8273,Крещенский вечер или Все что хотите.,"ШЕКСПИР, Вильям.",,,
8274,Крещеный китаец.,"БЕЛЫЙ, Андрей.",,,
8275,Кри-кри: Повесть.,"АЛЕЙНИКОВ, Моисей Никифорович, ЯХНИНА, Евгения Иосифовна. ",Шарло Бантар.,,
8276,"Кри-кри или Где куснет, там и зачешется: Комедия-фарс в 2-х д.","БАЗАРОВ (МИХАЙЛОВСКИЙ, Владимир Алексеевич), ШУМИЛИН, В.",,,
8277,Кривая: Повесть.,"ДОЛГИХ, А. (ВЕСНИНА, Анна).",,,
8278,Кривая доля:   Рассказ.,"САВИ- ХИН, В. И. (ИВАНОВ, Василий Иванович) .",,,
8279,Кривая инженера Стрепетова: Роман.,"САПИРО, Самуил Исаевич.",,,
8280,Кривая кухарка и кум пожарный под кроватью. (Загл. обл).,ДОН-БОЧАРО (ДОН БАЧАРА). ,Как кривая кухарка женилась на куме пожарном.,,
8281,Кривая разбега: Повесть.,"КИРЕЕВ, Василий Прокофьевич.",,,
8282,Кривая роста: Повести.,"БАРЫШЕВ, Михаил Иванович.",,,
8283,Кривая тропа: Повести и рассказы.,"ДМИТРИЕВ, Тимофей Павлович.",,,
8284,Кривое зеркало: «Евгений Онегин». (Обозрение г. Ровно в стихах).,"ЯНОВСКИЙ, Евгений Григорьевич.",,,
8285,Кривое зеркало: Пародии и шаржи.,"ИЗМАЙЛОВ, Александр Алексеевич.",,,
8286,Кривое зеркало: [Пародии]; Стихотворения.,"ЛЮДВИГОВ, Л. К. (МАЕВСКИЙ, Людвиг Казимирович).",,,
8287,Кривое зеркало: Эпизод в 1-м д.,"ГРЕЙ, С. (РОЗОВСКИЙ, Александр Константинович).",,,
8288,Кривое озеро: Дни деникинщины на Украине.,"ПЕЛОВ, Сергей (ДЗЮБИН-СКИЙ, Сергей Николаевич).",,,
8289,Кривой бес: Русская сказка.,"Я-В, А.",,,
8290,Криворожское знамя: Роман.,"ГОТ-ШЕ, Отто.",,,
8291,Кривулина.,"ЧЕТВЕРИКОВ, Дм. (ЧЕТВЕРИКОВ, Борис Дмитриевич).",,,
8292,Кривые тропы: Рассказы.,"РОМАШОВ, Александр Михайлович.",,,
8293,"Кривым путем далеко уйдешь, да назад не вернешься: Действительное происшествие.",Имя авт. не установлено.,,,
8294,Кривыми тропами: Повесть.,"ГОЛУБЕВ, Василий Николаевич.",,,
8295,Кризантэмы в ладане: Поэзы.,"ЖУ-КОВСКИЙ-БЕБЕЛЛО, Григорий.",,,
8296,Кризис: Поэма.,"НОСОВ, Л.",,,
8297,Кризис: [Рассказы].,"ЗОЩЕНКО, Михаил Михайлович.",,,
8298,Кризис: Рассказы (1931 —1932 гг.).,"КИШ, Григорий Исаакович.",,,
8299,Кризисы жизни: Комедия в 5-ти д.,"ПОПОВА, Ольга Николаевна.",,,
8300,"Крик: [Повести, рассказ, очерк].","ОВСЕПЯН, Рубен Геворкович.",,,
8301,Крик: Рассказы.,"БУНИН, Иван Алексеевич.",,,
8302,Крик в ночи.,"АВЕРЧЕНКО, Аркадий Тимофеевич. ",,Душистые цветы...,
8303,Крик во тьме: (Рассказы).,"БУ-ДИЩЕВ, Алексей Николаевич.",,,
8304,Крик души: Малые песни о великой битве народов.,"ДЬЯКОВ, Н. К.",,,
8305,Крик души: Пьеса в 4-х д.,"ВОЛЬФ, Пьер, ЛЕРУ, Гастон.",,,
8306,Крик души: Юмористические стихи и рассказы.,"СЛОБОДСКОЙ, Морис Романович.",,,
8307,Крик жизни: Призыв жизни. Драма в 3-х д.,"ШНИЦЛЕР, Артур.",,,
8308,Крик жизни: [Рассказы].,"ГУК, Николай Петрович фон. ",Флер Д'Оранж.,,
8309,Крик из глубины: Повесть.,"САХНИН, Аркадий Яковлевич.",,,
8310,Крик певчей птицы.,"ГОРЛОВ, Александр Георгиевич.",,,
8311,Крик птиц: Стихи.,"ФАИК, Мамед (МАМЕДОВ, Фаик Гюльмамед оглы).",,,
8312,Крик стрижа: Роман.,"БЕШЛЯГЭ, Владимир Васильевич.",,,
8313,Крикетный мяч.,"КАНОНИДИ, Зинаида (КАНОНИДИ-МОРИНА, Зинаида Михайловна) .",,,
8314,Крики чайки: Рассказ.,"ГРЯЗНОВ, В. В. ",,На севере диком...,
8315,Крики чайки: Стихотворения.,"МЫЛЬНИКОВА, Ксения.",,,
8316,Крикун; Франц и Фриц; Понюшка табаку; Пострел; Дочь мельника.,"БУШ, Вильгельм.",,,
8317,Криминальное танго: Сатирическая пьеса в 3-х д.,"РАННЕТ, Эгон Николаевич.",,,
8318,Криница: Стихи.,"ЮЩЕНКО, Олекса (ЮЩЕНКО, Алексей Яковлевич).",,,
8319,Криница в овраге: Повести и рассказы.,"ШУТОВ, Иван Никитич.",,,
8320,Криницы: Пьеса в 3-х д. по мотивам одноименного романа.,"ШАМЯКИН, Иван Петрович, ЩЕРБАКОВ, Юрий Михайлович.",,,
8321,Криницы: Роман.,"ШАМЯКИН, Иван Петрович.",,,
8322,Кринолин и круглые шляпы: Анекдоты для друзей и не друзей Кринолина и «Последней попытки».,Имя авт. не установлено.,,,
8323,"Крис Фаррингтон, матрос первой статьи.","ЛОНДОН, Джек.",,,
8324,Криспен-соперник своего господина: Комедия в 1-м д.,"ЛЕСАЖ, Ален Рене.",,,
8325,Кристабель.,"КОЛЬРИДЖ, Самюэль Тэйлор.",,,
8326,Кристаллы.,"БРЮНЕЛЛИ, Евгения.",,,
8327,"Кристин, дочь Лавранса: [Роман].","УНСЕТ, Сигрид.",,,
8328,Кристина.,"ДЖОНСОН, Памела Хенс-форд.",,,
8329,Кристина и он: Роман.,"МИЛЛЬ, Пьер.",,,
8330,Кристине.,"НИНОШВИЛИ, Эгнате.",,,
8331,Кристя: Рассказ.,"КОНОПНИЦКАЯ, Мария. ",Христа.,,
8332,Критик и поэт: Сцена.,"НОРЦОВ, Алексей Николаевич.",,,
8333,Критический момент: Комедия в 1-м д.,"СТАБАВОЙ, Юрий Михайлович.",,,
8334,Критический момент: Рассказы.,"ПЕТРЕНКО, Геннадий Игнатьевич.",,,
8335,Критический случай в Запупырске.,"САМСОНОВ, Борис Григорьевич.",,,
8336,Кричат мне журавли.,"ЛАВРОВ, Илья Михайлович.",,,
8337—8338,Кричат стрижи: Рассказы.,"МАЛТЫНСКИЙ, Григорий Максимович.",,,
8339,Кровавая быль: (Рассказ юнкера о Нижегородских событиях).,"НИКУЛИН, Лев Вениаминович.",,,
8340,Кровавая весна: Повесть.,КАЛЛИО,,,
8341,Кровавая гостиница: Роман в 2-х ч.,"МАГАЛЕН, Поль.",,,
8342,Кровавая драма: Роман.,"БЕРТЭ, Эли. Изд. ",,,
8343,Кровавая драма в Марьиной роще.,М. ,,,
8344,Кровавая жертва чести: Рассказ.,"ШУХМИН, Христофор Алексеевич.",,,
8345,Кровавая корона: Роман.,Имя авт. не установлено.,,,
8346,Кровавая лапа. (Загл. обл.).,"КАССИРОВ, Иван. ","Похождения таинственной полумаски «Кровавая лапа», предводителя шайки пиратов в римских катакомбах.",,
8347,Кровавая месть: Драма в 4-х актах.,"М. М. (МИХАЙЛОВСКИЙ, М.).",,,
8348,Кровавая месть: Повесть из исторической жизни средних веков. В 2-х ч.,Имя авт. не установлено.,,,
8349,Кровавая месть и вековая вражда или Благородство врагов.,Имя авт. не установлено.,,,
8350,"Кровавая месть и страшная казнь или Гибель Коростена, города древлянских славян: Историческая повесть из времен языческой Руси.",Имя авт. не установлено. ,Гибель Коростена. города древлянских славян.,,
8351,Кровавая месть или Атаман поневоле: Исторический роман XVI столетия в 2-х ч.,"МИРОНОВ, Николай П.",,,
8352,Кровавая расправа или Сумасшедший зять: Комический рассказ.,"ШУХМИН, Христофор Алексеевич.",,,
8353,Кровавая расправа мужа с женою в первую брачную ночь: (Повесть).,"АЛЕКСАНДРОВСКИЙ, Ал. П.",,,
8354,Кровавая свадьба: Историческая драма в 4-х д.,"ЛИНДНЕР, Альберт. ",Варфоломеевская ночь.,,
8355,Кровавая свадьба: Трагедия в 3-х д.,"ГАРСИА ЛОРКА, Федерико.",,,
8356,Кровавая шутка: Роман.,ШОЛОМ-АЛЕЙХЕМ.,,,
8357,Кровавое болеро: Музыкальная миниатюра-мозаика в 1-м д.,"МЮЛЕ, Василий Карлович (ВАСИЛЬЕВ).",,,
8358,Кровавое воскресенье: (Девятое января). Пьеса в 4-х карт.,"ДАНИЛЕВСКИЙ, Михаил Федорович.",,,
8359,Кровавое знамя Флибустьеров: Капитан Фран Драке. Вып. 1 —15.,Имя авт. не установлено.,,,
8360,Кровавое наследство.,"АЛЕКСАНДРОВСКИЙ, Ал. П.",,,
8361,Кровавое письмо.,ЭМИ СЯО.,,,
8362,Кровавое пятно; В деревне: Рассказы.,"АРЦЫБАШЕВ, Михаил Петрович.",,,
8363,Кровавое солнце: (Военные стихи).,"ГАРТЕВЕЛЬД, Михаил.",,,
8364,Кровавое утро: Роман.,"ПЕМБЕРТОН, Макс.",,,
8365,Кровавой дорогой: Рассказ.,"СКРЫП-НИК, Лев Владимирович.",,,
8366,Кроваво-красная роза: [Пьеса].,"РАННЕТ, Эгон Николаевич.",,,
8367,Кровавые дни Парижа.,"КАССУ, Жан.",,,
8368,Кровавые драмы в Париже: Роман.,"ПОНСОН ДЮ ТЕРРАЙЛЬ, Пьер Алексис де.",,,
8369,Кровавые ночи или Ирландия в огне: Роман.,"МАРИ, Жюль.",,,
8370,Кровавые ночи Москвы: (Повесть из современной жизни).,"АЛЕКСАНДРОВСКИЙ, Ал. П.",,,
8371,Кровавые перепутья: Роман.,"АТРЯН, Вартан Оганесович.",,,
8372,Кровавые слезы: [Рассказ].,"БУРЕВЕСТНИК, Алексий (ГРОМОВ, Алексей Матвеевич). ",,Поручик Борисов...,
8373,Кровавые слезы (1097 г.).,"РАЗИН, Алексей Егорович.",,,
8374,Кровавый автомобиль.,"ЧУЖ-ЧУЖЕ-НИН (ФАЛЕЕВ, Николай Иванович).",,,
8375,Кровавый берег: Драматический эпизод в 4-х д. (Из эпохи борьбы с бандитизмом на Украине).,"ВОЛОХОВ, Марк (ПЕРВУХИН, Михаил Константинович).",,,
8376,Кровавый бриллиант: Из приключений первого сыщика в мире Франсуа Пи-таваля.,Имя авт. не установлено.,,,
8377,Кровавый вихрь.,"НАДЬЕ, Андор.",,,
8378,Кровавый документ: Роман из истории Нодайской забастовки.,ХАЯСИ ТОРАО.,,,
8379,Кровавый источник: Рассказы.,"БАР-БЮС, Анри.",,,
8380,Кровавый крест: Роман.,"АРСЕНТЬЕВ, Иван.",,,
8381,Кровавый кулак: Из приключений талантливого сыщика Георга Зегера.,Имя авт. не установлено.,,,
8382,Кровавый пир: Исторический роман.,"МАУРИН, Евгений Иванович.",,,
8383,Кровавый пир (1669—1672 гг.): Бунт Стеньки Разина. Исторический роман в 6-ти ч.,"ЗАРИН, Андрей Ефимович.",,,
8384,Кровавый полумесяц: Роман из современной жизни.,"БЕБУТОВА, Ольга Григорьевна.",,,
8385,Кровавый поэт: Роман.,"КОШТО-ЛАНИ, Д. (КОСТОЛАНИ, Деже).",,,
8386,Кровавый призрак: Роман в 2-х ч.,"ЯНОВИЧ, Алексей.",,,
8387,Кровавый призрак: Первая бичующая сатира.,"МАКАРОВ, Николай Петрович.",,,
8388,Кровавый призрак без головы или Наказанное зверство баши-бузуков: (Фантастический очерк).,"КАССИРОВ, Иван.",,,
8389,Кровавый призрак или Как Вильгельм делал смотр чертям.,"ПЕТРОВ, Александр.",,,
8390,Кровавый пуф: Хроника о новом смутном времени Государства Российского.,"КРЕСТОВСКИЙ, Всеволод Владимирович.",,,
8391,Кровавый след: Роман. 2-я ч. романа «Золото и кровь».,"ГРАФ АМОРИ (РАП-ГОФ, Ипполит Павлович).",,,
8392,Кровавый след: Роман в 2-х ч.,КРАСОВСКИЙ.,,,
8393,Кровавый трон: Роман в 2-х ч.,"ОРДЫНСКИЙ, П.",,,
8394,Кровавый урок: 9 января 1905 г. Рассказ.,"ТЕРЯЕВА, Мария Прокофьевна. ",9 января 1905 г.: Кровавый урок.,,
8395,Кровавый царь: Фантазия.,"АМФИТЕАТРОВ, Александр Валентинович.",,,
8396,Кровать Наполеона: Комедия в 1-м д.,"ЭСТЕРРЕЙХЕР, Рудольф.",,,
8397,Кровинки: Миниатюры.,"ПРЯХИН, Валентин Михайлович.",,,
8398,Кровные узы: Роман.,"ТОНКИХ, Василий Иванович.",,,
8399,Кровный причал: Стихи.,"ПОСНИ-ЧЕНКО, Сергей Васильевич.",,,
8400,Кровожадный Турка и волшебник Магги: Сценарий комедии в 3-х д.,"МИКЛАШЕВСКИЙ, Константин Михайлович.",,,
8401,Кровомщение: Кавказская повесть.,"ВАЧНАДЗЕ, Константин Григорьевич.",,,
8402,Кровопийцы и вегетарианцы: Рассказ.,"РАДУГИН, В. В.",,,
8403,Кровопролитная война у Архипыча с Еремеевной.,"М. Б. (БРАНКЕВИЧ, Михаил Степанович).",,,
8404,Кровь: Драма в 4-х д.,"ШИМАНСКИЙ, Станислав Антонович.",,,
8405,Кровь: Миниатюра.,"МАРМЕЛАДОВ, Г. (ЯЗОВИЦКИЙ, Григорий Владимирович), ТОПУЗ, Наум Исаевич.",,,
8406,Кровь: Повести.,"ХАИТ, Давид Маркович.",,,
8407,Кровь: [Рассказ].,"АРЦЫБАШЕВ, Михаил Петрович.",,,
8408,Кровь: Рассказ.,"ВАШЕНЦЕВ, Сергей Иванович.",,,
8409,Кровь: (Рассказ).,"ПАЛАГИН, Никита.",,,
8410,Кровь: Рассказ.,"ШИЛЬДКРЕТ, Константин Георгиевич.",,,
8411,Кровь: Роман.,"БАРАНЦЕВИЧ, Казимир Станиславович.",,,
8412,Кровь: [Роман].,"КИАЧЕЛИ, Лео.",,,
8413,Кровь: [Роман]. Кн. I.,"ЮЛТЫЙ, Даут.",,,
8414,Кровь: [Сказка].,"ЗОЛЯ, Эмиль.",,,
8415,Кровь; Тафтяное платье: [Рассказы].,"КОНСТАНТИН, Теодор.",,,
8416,Кровь бунтарская.,"КЛЯГИН, Константин Иванович.",,,
8417,Кровь выдала и Караульщик Исаич: Рассказы.,"СЕРЕБРОВСКИЙ, Е.",,,
8418,Кровь Гогенцоллернов.,"БРЕШКО-БРЕШКОВСКИЙ, Николай Николаевич.",,,
8419,Кровь дьявола: Роман в 3-х ч.,"ЛЕБЕДЕВ, Дмитрий Алексеевич.",,,
8420,Кровь животворящая: Сборник.,"КАРАТЫГИНА, Нина Евгеньевна.",,,
8421,Кровь за кровь: Драма в 2-х д.,"ПРОТОПОПОВ, Виктор Викторович.",,,
8422,Кровь за кровь: Записки партизана.,"ЧЕРВИНСКИЙ, Петр Леонович.",,,
8423,Кровь за кровь: Исторический роман.,"КОК, Анри де.",,,
8424,Кровь за кровь: [Рассказ].,"БЕСТУ-ЖЕВ-МАРЛИНСКИЙ, Александр Александрович. ",,Замок Нейгаузен...,
8425,Кровь за кровь: Рассказ.,"ГОЙГОВ, Абдул Гамид Сипсоевич.",,,
8426,Кровь за кровь: Стихи.,"ТАЙЦ, Яков Моисеевич.",,,
8427,Кровь за кровь: Стихи и песни.,"МАЛИКОВ, Кубанычбек Иманалиевич.",,,
8428,Кровь земли: Народная драма в 2-х ч.,"ТОЛМАЧЕВ, Иван Павлович, ЧЕЧЕТИН, Анатолий Иванович.",,,
8429,Кровь земли: Пьеса.,"ФАТХУЛЛИН, Зиннат Равилович.",,,
8430,Кровь земли: Рассказы.,"ЯНОВСКИЙ, Юрий Иванович.",,,
8431,Кровь земли: Роман.,"КОВАЛЕВ, Лев.",,,
8432,Кровь и вода: Пьеса в 4-х д.,"ЛОЛА-ХАН (САЙФУЛЛИНА, Лола-Хан).",,,
8433,Кровь и кольца: Cartes postales.,"МАР, Анна.",,,
8434,Кровь и пепел: Героическая поэма.,"МАРЦИНКЯВИЧЮС, Юстинас Мотеевич.",,,
8435,Кровь и песок: Роман.,"БЛАСКО ИБАНЬЕС, Висенте.",,,
8436,Кровь и радость.,"ЯРОСЛАВСКИЙ, Александр Борисович.",,,
8437,Кровь и слезы: Торжество смерти и зла. Маленькие поэмы.,"ГОЛИКОВ, Владимир Георгиевич.",,,
8438,Кровь и снег: Поэма о 1905 годе.,"КИРИЛЛОВ, Владимир Тимофеевич.",,,
8439,Кровь лейтенанта: Рассказы. Повесть.,"ЖДАНОВ, Николай Гаврилович.",,,
8440,Кровь людская — не водица.,"СТЕЛЬМАХ, Михайло (СТЕЛЬМАХ, Михаил Афанасьевич) .",,,
8441,Кровь матери: Рассказ.,"ХРЫПОВ, Александр Ефремович.",,,
8442,Кровь машин.,"ТАГИРОВ, Афзал Мухитдинович.",,,
8443,Кровь мира: (Стихи о войне 1915-16 гг.).,"СОРОКИН, Борис Андреевич.",,,
8444,Кровь моего сына: Роман.,"МИ-НЯЙЛО, Виктор Александрович.",,,
8445,Кровь на заре: Героико-романтическая драма в 3-х д.,"СИДОРОВ, Геннадий Александрович.",,,
8446,Кровь на мостовых.,"ПЕТРОВ, Петр Поликарпович.",,,
8447,Кровь на песке.,"БОРЗЕНКО, Сергей Александрович. ",Баллада о песке и крови.,,
8448,Кровь на снегу: Рассказы.,"ОКС, Татьяна (СЫТИНА, Татьяна Григорьевна).",,,
8449,Кровь на снегу: Роман в новеллах.,"БАКБЕРГЕНОВ, Саурбек.",,,
8450,Кровь отцов.,"КУЗНЕЦОВ, Вячеслав Николаевич.",,,
8451,Кровь рабочего: Рассказы.,"АРСКИЙ, Павел.",,,
8452,Кровь-руда.,"ШКАПСКАЯ, Мария Михайловна.",,,
8453,Кровь скажется: (Рассказ); Трубочист: (Рассказ).,"ГОРЬКИЙ, Максим.",,,
8454,Кровь Украины: (Главы из романа).,"СОБКО, Вадим Николаевич.",,,
8455,Кровь человеческая.,"АСТАФЬЕВ, Виктор Петрович.",,,
8456,Кровью и железом: Впечатления офи-цера-участника. Август-сентябрь. Осень 1914 г.,"БЕЛОВ, Вадим Михайлович.",,,
8457,"Кровью, огнем и железом: Исторический роман. (Продолжение романа «За честь и свободу»).","СОКОЛОВ, Александр Алексеевич.",,,
8458,Кровью омытые: Роман. Вып. 2.,Имя авт. не установлено.,,,
8459,Кровью сердца: Роман.,"БРОДЕЛЕ, Анна Юльевна.",,,
8460,Кровью сердца: [Стихи].,"КОНДРАТЕНКО, Виктор Андреевич.",,,
8461,Кровью скрепленная: Драма в 3-х д.,"ГОРУЛЕВ, Николай Александрович.",,,
8462,Кровью скрепленная: [Повесть].,"БОЧИН, Николай Дмитриевич.",,,
8463,Кровью этой земли.,"ЗАХАРЧЕНКО, Василий Дмитриевич.",,,
8464,Кровяная земля.,"ЗЫРЯНОВ, Венедикт Ермилович.",,,
8465,Крокодил.,"ЭРТЕЛЬ, Александр Иванович.",,,
8466,Крокодил или Необыкновенное событие в Пассаже.,"ДОСТОЕВСКИЙ, Федор Михайлович.",,,
8467,Крокодилы: Гипнотический рассказ.,ВЕРНАЛЬ-ФОНТЕНИЛЬ.,,,
8468,Кролик.,"ЖЕНЕВУА, Морис.",,,
8469,Кролики и росомахи: Повесть.,"ГУКОВСКИЙ, Афанасий Иванович.",,,
8470,Кроличий вожатый.,"ЛОВЦОВ, Николай Алексеевич.",,,
8471,Кромвель: Исторический роман.,"РО-ДЕНБЕРГ, Юлий.",,,
8472,Кромдейр-Старый: Пьеса.,"РОМЭН, Жюль.",,,
8473,Кроме шуток: [Рассказы].,"ГРАМЕН, Николай.",,,
8474,Кроме шуток: Рассказы и фельетоны.,"РЫКЛИН, Григорий Ефимович.",,,
8475,"Кроме шуток: Фельетоны, рассказы, юморески, басни, сценки.","ВОРЫГИН, Василий Васильевич.",,,
8476,Кромы: Поэма.,"МИНАЕВ, Александр Александрович.",,,
8477,Крона: Стихи.,"БЕЛЯЕВ, Михаил Александрович.",,,
8478,Крона: [Стихи].,"СЕМЕНОВ, Руслан Борисович.",,,
8479,Кронпринц: Пьеса в 4-х д.,"ЛЕРНЕР, Николай Никитич.",,,
8480,Кронпринц германской республики.,"ДОМЕЛА, Гарри. ",Лже-принц.,,
8481,Кронштадт: Воспоминания революционерки. 1906 год.,"ДАША (ЗУБЕЛЕ-ВИЧ, Юлия Михайловна).",,,
8482,Кронштадт: Стихи.,"ЛЕБЕДЕВ, Алексей Алексеевич.",,,
8483,"Кронштадт-Тулон, 1891 — 1893 гг.: Всемирное событие.","ШИШЛО, Константин Касперович.",,,
8484,"Кронштадтские письма; Негативы, 1904.","ШЕБУЕВ, Николай Георгиевич.",,,
8485,Крот: Рассказ.,"ЧЕГЛОК, Александр.",,,
8486,Крот в каракуле: Сатира и юмор.,"КАТКОВ, Николай Иванович.",,,
8487,Кроткая; Сон смешного человека: Фантастические рассказы.,"ДОСТОЕВСКИЙ, Федор Михайлович.",,,
8488,Кротовьи кочки: Рассказы.,"АНДЕР-СЕН-НЕКСЕ, Мартин.",,,
8489,Кротонский полдень.,"ЛИВШИЦ, Бенедикт Константинович.",,,
8490,Кроты: [Повесть].,"САДОВЯНУ, Михаил. ",,По Серету мельница плыла...,
8491,Кроты: Повесть из жизни шахтеров.,"АСЕВЕДО, Исидоро.",,,
8492,Кроты: [Роман].,"ШАРРЕР, Адам.",,,
8493,Кроты; Ярмарка; Скала: [Рассказы].,"ГОРОДЕЦКИЙ, Сергей Митрофанович.",,,
8494,Крохальский серпантин; Полевой цейс: Повести.,"МАМИН, Николай Иванович.",,,
8495,Крохи: Стихи.,"ЛОСКУТОВ, Николай.",,,
8496,Крохотные Тадж-Махалы: Рассказы.,"ЯДАВ, Раджендра.",,,
8497,Крошечные рассказы. О.,ГЕНРИ.,,,
8498,Крошка: (Из рассказов о Краснознаменной Балтике).,"СОБОЛЕВ, Леонид Сергеевич.",,,
8499,Крошка: [Сказка].,"АНДЕРСЕН, Ганс-Христиан. ",,Елочка...,
8500,Крошка Доррит: Роман. В 2-х кн.,"ДИККЕНС, Чарлз. ",Любовь в тюрьме или Маленькая Доррит.,,
8501,Крошка и волшебный сверчок.,"ДИККЕНС, Чарлз.",,,
8502,Крошка-мама: Рассказ.,"ПРЕСАНСЕ (ПРЕССАНСЕ, Элиза Франсуаза). ",Без призора; Маленькая мама.,,
8503,Крошка Полли.,"ДИККЕНС, Чарлз.",,,
8504,Крошка Уля: Рассказ.,"БУЛЛЬ, Якоб Бреда.",,,
8505,Крошка Цахес по прозванию Цин-нобер.,"ГОФМАН, Эрнст Теодор Амадей.",,,
8506,Крошки-сороконожки.,"ИНБЕР, Вера Михайловна.",,,
8507,Круг: [Повести].,АНАР.,,,
8508,Круг: Повесть.,"ФРАНЮК, Владимир Анисимович.",,,
8509,Круг: [Пьеса].,"РИМКЯВИЧЮС, Витаутас Антанович.",,,
8510,Круг смелости: Очерк.,"БЕЛОУСОВ, Валентин Алексеевич.",,,
8511,Круг царя Соломона.,"КУЗЬМИН, Николай Васильевич.",,,
8512,Круги: Повесть с отступлениями.,"СКРИГАН, Янка.",,,
8513,Круги ада: Драма в 6-ти карт.,"НАСИБОВ, Александр Ашотович.",,,
8514,Круги Архимеда: Стихи.,"МИГАЛИК, Войтех.",,,
8515,Круги жизни: Стихи.,"КОВАЛЬ-ВОЛКОВ, Александр Иванович.",,,
8516,Круги Земли.,"СМИРНОВ, Владимир Александрович.",,,
8517,Круги на воде: Роман.,"ГЕРАСИМОВ, Иосиф.",,,
8518,Круги по воде: Повесть.,"АДАМОВ, Аркадий Григорьевич.",,,
8519,Круги по воде: Рассказы.,"АВЕРЧЕНКО, Аркадий Тимофеевич.",,,
8520,Круглая звезда: Стихи.,"СУЛЕЙ-МЕНОВ, Олжас Омарович.",,,
8521,Круглая мозаика.,"СТЮАРТ, Десмонд.",,,
8522,Круглая печать: Повести.,"И КРАМОВ, Камил Акмалевич.",,,
8523,Круглофобия: Шутка-шарж в 1-м д.,"ГРИГОРЬЕВ, Тимофей Григорьевич.",,,
8524,Круглый год.,"САЛТЫКОВ-ЩЕДРИН, Михаил Евграфович.",,,
8525,Круглый год весна: Стихи и поэмы.,"СЕЙТЛИЕВ, Кара.",,,
8526,Круглый стол: Стихи.,"ЛОПАТТО, Михаил О.",,,
8527,Круглый стол земли: Стихи.,"БОЦУ, Павел Петрович.",,,
8528,Круглый стол на пятерых: Роман.,"ШУМАРОВ, Георгий Михайлович.",,,
8529,Круглый стол с острыми углами: Пьеса в 2-х ч.,"МИХАЛКОВ, Сергей Владимирович, НЕЧАЕВ, Андрей.",,,
8530,Круговая порука: Шутка в 1-м д.,"ВАЛЕНТИНОВ, Валентин, ПАЛЬМ-СКИЙ, Л. Л.",,,
8531,Круговорот: Драматический эскиз. В 1-м д.,"БИЛИБИН, Виктор Викторович.",,,
8532,Круговорот: [Рассказ].,"Д'ОР, О. Л. ",,Самородок...,
8533,Круговорот: [Рассказ]. О.,ГЕНРИ. ,,Красные розы...,
8534,Круговорот: Роман в 2-х ч.,"ШИЛЬД- КРЕТ, Константин Георгиевич.",,,
8535,Круговорот: Стихи разных лет.,"СЫ-СОЙКОВ, Михаил Павлович.",,,
8536,Круговорот: Фенологический календарь Ставрополья. Короткие рассказы.,"УСОВ, Михаил Васильевич.",,,
8537,"Кругозор: Избранные стихи, 1893— 1922 гг.","БРЮСОВ, Валерий Яковлевич.",,,
8538,Кругом Жигулей на лодке: Из путешествий по Волге.,"ЧЕГЛОК, Александр.",,,
8539,Кругом родные все места.,"ВЫРЫПАЕВ, Петр Андреевич. ",На берегу Ми-лорайки.,,
8540,Кругом света на аэроплане: Повесть.,"ВО (ЛА ВО, Анри де), ГАЛОПЕН, Арну.",,,
8541,Кругосветка: Повесть о далеком былом.,"ГРИГОРЬЕВ, Сергей.",,,
8542,Кругосветное путешествие.,"ТВЕН, Марк.",,,
8543,Кружало: (Царев кабак). Рассказ.,"ЧЕРСКИЙ, Леонид Федорович.",,,
8544,Кружат аисты над Горынью: Рассказы военного корреспондента.,"БЕЛОШЕЕВ, Анатолий Иванович.",,,
8545,"Кружатся, кружатся ветры: Драма в 3-х актах.","ВИРТА, Николай Евгеньевич.",,,
8546,Кружева: Рассказ.,"СУББОТИН, Анатолий Александрович.",,,
8547,Кружева: Рассказы.,"ДОБРЯКОВ, Юрий Николаевич.",,,
8548,Кружевница: Повесть.,"ШОЛЬ, Аврелиан (ШОЛЬ, Орельен).",,,
8549,Кружевница: Рассказ.,"ОТТО, Луиза.",,,
8550,Кружево земли.,"ИБРАГИМОВ, Магомед-Расул.",,,
8551,Кружево на мачте.,"КАРНАУХОВА, Ирина Валериановна.",,,
8552,Кружево эпох: Средневековье. Ренессанс. Новое время.,"ТОМСОН, Федор.",,,
8553,Кружилиха: Роман.,"ПАНОВА, Вера Федоровна.",,,
8554,Кружка березового сока: Повесть о временах года.,"ПЕТРОВ, Борис Михайлович.",,,
8555,Кружка молока.,"ЧЕРКАСОВ, Владимир Георгиевич.",,,
8556,Кружка силы.,"БАХРЕВСКИЙ, Владислав Анатольевич.",,,
8557,Кружка слез: Старинное германское сказание; К свету: Сказка.,"АЛТАЕВ, Ал.",,,
8558,Кружковщина « Наши лучшие люди — гордость нации»: Рассказы.,"НЕЗЛОБИИ, А. (ДЬЯКОВ, Александр Александрович).",,,
8559,Кружным путем: Роман в 5-ти ч.,"ЗИНИН, М. (ШАРАПОВ, Сергей Федорович).",,,
8560,Кружок на карте: Повесть.,"БАСКАКОВ, Владимир Евтихианович.",,,
8561,Кружок смерти.,"ТВЭН, Марк (ТВЕН, Марк). ",Красный шарик; Роковой жребий; Роковой кружок; Смертный жребий.,,
8562,"Крунк, куда летишь?: Драма в 2-х ч.","КАПУТИКЯН, Сильва Барунаковна.",,,
8563,Крупеничка: Сказка.,"ИЗЕРГИН, А. (ИЗЕРГИН, Василий).",,,
8564,Крупеничка: Сказка в 3-х д. в стихах.,"СОЛОВЬЕВА, Поликсена Сергеевна (Allegro).",,,
8565,Крупинки: Юмористические стишки.,БАТУРИНСКИЙ ПАНИЧ.,,,
8566,Крупица добра: Рассказы.,"КАРПОВ, Евгений Васильевич.",,,
8567,Крупица жизни: Новеллы.,"ЕСИ-НЕНКУ, Николае Гаврилович.",,,
8568,Крупица истины: Рассказ.,"ТУМАНОВА, Зоя Александровна.",,,
8569,Крупная игра: Драма в 3-х д.,"ДИДРИНГ, Эрнст. ",Крупная ставка.,,
8570,Крупная кража; Дорогие сигары; Анонимные письма.,"ГРОЛЛЕР, Балдуин.",,,
8571,Крупная ставка: Драма в 3-х д.,"ДИДРИНГ, Эрнст.",,,
8572,Крупное горе.,"КУРТЕЛИН, Жорж. ",,На месяц в тюрьму...,
8573,Крупное недоразумение.,"БУДИЩЕВ, Алексей Николаевич. ",,Нечистая сила...,
8574,Крупный выигрыш: Музыкальная комедия в 3-х актах с эпилогом.,"КУКСО, Леонид Георгиевич.",,,
8575,Крупный выигрыш: Роман-фельетоны.,"ШАТРОВ, Самуил.",,,
8576,Крупный зверь: Повести и рассказы.,"ТАРАСОВ, Александр Иванович.",,,
8577,Крупным планом: Кино-рассказы.,"АРДОВ, Виктор.",,,
8578,Крупным планом: Комедия в 1-м д.,"БОБРОВ, В.",,,
8579,Крутая волна: [Морские рассказы].,"БЕЛЯЕВ, Альберт Андреевич.",,,
8580,Крутая волна: Повесть.,"ЗАХАРОВ, Борис Михайлович.",,,
8581,Крутая волна: Повесть.,"МАЛИКОВ, Михаил Павлович.",,,
8582,Крутая волна: Повесть.,"ТКАЧ, Дмит-ро (ТКАЧ, Дмитрий Васильевич).",,,
8583,Крутая волна: Повесть.,"ТОЩАКОВ, Николай Аркадьевич.",,,
8584,Крутая волна: Роман.,"УСТЬЯНЦЕВ, Виктор Александрович.",,,
8585,Крутая волна: Стихотворения.,"АЗАРОВ, Всеволод Борисович.",,,
8586,Крутая Громадна: Записки Читинского клуба. Повесть.,"ЕГОРОВ, Иван Яковлевич.",,,
8587,Крутая дорога: Рассказы и очерки.,"КИНДЕР, Иван Федорович.",,,
8588,Крутая жизнь.,"САДОФЬЕВ, Илья Иванович.",,,
8589,Крутая излучина.,"ПОСТНИКОВ, Олег Петрович.",,,
8590,Крутая лестница: Повести и рассказы.,"ГОЛОСОВСКАЯ, Надежда Ивановна.",,,
8591,Крутая радуга: Повесть.,"ТУ РЕНСКАЯ, Валентина Ионовна.",,,
8592,Крутая радуга: [Стихи].,"САДЫКОВ, Александр Григорьевич.",,,
8593,Крутая Рамень: Повести.,"СЕЛЕН-СКИЙ, Юрий.",,,
8594,Крутая ступень: Рассказы контроль-ника.,"КАРАВАЕВА, Анна Александровна.",,,
8595,Крутая тропа: Стихи.,"СТЕКОЛЬ-НИКОВ, Лев Борисович.",,,
8596,Крутель: Рассказы.,"ВЕТЛУГИН, Сергей.",,,
8597,Крутизна: Повесть.,"ДЯГИЛЕВ, Владимир Яковлевич.",,,
8598,Крутизна: Повесть.,"НОЗДРИН, Александр Сергеевич.",,,
8599,Крутизна: Повесть.,"ЧЕРЕПАНОВ, Дмитрий Феофанович.",,,
8600,Крутизна: Повесть. Рассказы. Очерки.,"АУЭЗОВ, Мухтар Омарханович.",,,
8601,Крутизна: Роман.,"СИБИРЦЕВ, Иван.",,,
8602,Крутизна: [Стихи].,"АВТОНОМОВ, Владимир Михайлович.",,,
8603,Крутизна: [Стихи].,"БОЦИЕВ, Юрий Баронович.",,,
8604,Крутизна: Стихи.,"ЖАК, Вениамин Константинович.",,,
8605,Крутизна: Стихи.,"РАВНИНСКИЙ, Александр.",,,
8606,Крутизна: Стихи.,"СНЕГОВА, Ирина Анатольевна.",,,
8607,Крутии: Роман.,"ШОЛОХОВ-СИНЯВСКИЙ, Георгий Филиппович.",,,
8608,Крутиков: Рассказ.,"КОВАЛЕНСКАЯ, Александра Григорьевна.",,,
8609,Крутится веретено: Роман.,"ХЬЮЭТТ, Дороти.",,,
8610,Крутовинные узоры: Мои стихи.,"БРУСКОВ, Степан.",,,
8611,Крутогорье: Лирико-документальная повесть.,"КАРПОВ, Евгений Васильевич.",,,
8612,Крутогорье: Повесть.,"СИМОНОВ, Иван Борисович.",,,
8613,Крутое время: Роман.,"ЕСЕНЖА-НОВ, Хамза Ихсанович.",,,
8614,Крутое перепутье: Повесть.,ЖУРБА,,,
8615,Крутое племя.,"ШАХОВСКИЙ, Борис Михайлович.",,,
8616,Крутой: Сцены из обыденной жизни в 3-х д.,"СОЕДОВ, Николай Никитич.",,,
8617,Крутой взлет: Повесть.,"МАКЛАСОВ, Николай Михайлович.",,,
8618,Крутой вираж: Повесть.,"БЕЛОСТОЦ-КИЙ, Юрий Вячеславович.",,,
8619,Крутой волной: Стихи.,"РЕШЕТОВ, Александр Ефимович.",,,
8620,Крутой дорогой: Летопись одной жизни.,"ШЕВЧЕНКО, Александр Иосифович.",,,
8621,Крутой месяц: Повесть и рассказы.,"МИРНЕВ, Владимир Никанорович.",,,
8622,Крутой перевал: Повесть.,"НЕЙМАН, Юрий Юрьевич.",,,
8623,Крутой поворот: Повесть.,"ЛЕОНИДОВ, Борис Леонидович.",,,
8624,Крутой поворот: Повесть.,"РЫБКО, Никифор Леонтьевич.",,,
8625,Крутой поворот: Повесть.,"СКУР-ЛАЕВ, Дмитрий Николаевич.",,,
8626,Крутой подъем: Лирика.,"ЧИЧЕРИН, Алексей Владимирович.",,,
8627,Крутой подъем: Рассказы и очерки.,"СУББОТИН, Федор Евстафьевич.",,,
8628,Крутой разговор: Театрализованное эстрадное представление.,"СОЛОДАРЬ, Цезарь Самойлович.",,,
8629,Крутой тропой.,"СТЕЦЮК, Яков Не-стерович.",,,
8630,Крутояр: Повесть.,"БОРОВИКОВ, Григорий Федорович.",,,
8631,Крутояр: Повесть.,"РЯХОВСКИЙ, Василий Дмитриевич.",,,
8632,Крутояр: Пьеса в 3-х актах.,"РАЙМОНД, Екатерина Васильевна, САВЕЛЬЕВ, Александр Павлович.",,,
8633,Крутоярск второй: Роман.,"ХАНЖИН, Владимир Васильевич.",,,
8634,Крутоярская царевна: Историческая повесть (1773 г.).,"САЛИАС, Е. А. (САЛИАС ДЕ ТУРНЕМИР, Евгений Андреевич).",,,
8635,Крутояры: Стихи и поэма.,"ЮДА-ЛЕВИЧ, Марк Иосифович.",,,
8636,Крутояры: Стихи и поэмы.,"ГРИШИН, Владимир Семенович.",,,
8637,Крутушка.,"ЛЯХОВ, М. Н.",,,
8638,Крутые берега: Документальная повесть.,"ПЯТУНИН, Александр Александрович, ТРОЯНОВСКИЙ, Павел Иванович.",,,
8639,Крутые берега: Первая книга стихов.,"САВЕЛЬЕВ, Владимир Семенович.",,,
8640,Крутые берега: Поэмы.,"БУХАНОВ, Виталий Степанович.",,,
8641,Крутые годы: Очерки.,"ИСЕТСКИЙ, Александр.",,,
8642,Крутые горки.,"ЮРЬЕВА, М. Е.",,,
8643,Крутые горы: Картины сельской жизни.,"ВИРТА, Николай Евгеньевич.",,,
8644,Крутые горы: (Рассказ о прошлом).,"ЕЛПАТЬЕВСКИЙ, Сергей Яковлевич.",,,
8645,Крутые горы: Роман.,"СКОРОХОДОВ, Михаил Евгеньевич.",,,
8646,Крутые девки: Комедия в 4-х д.,"КОВАЛЕВСКИЙ, Казимир Павлович.",,,
8647,Крутые перевалы: Избранные сочинения.,"ПЕТРОВ, Петр Поликарпович.",,,
8648,Крутые повороты: Документальная повесть.,"КУЗНЕЦОВ, Николай Николаевич.",,,
8649,Крутые повороты: [Повесть].,"АБ-ДУЛЖАЛИЛОВ, Фазиль Апасович.",,,
8650,Крутые повороты: Повесть.,"СТОЛИН, Ефим Львович.",,,
8651,Крутые повороты: Роман.,"ИНША-КОВ, Павел Кузьмич.",,,
8652,Крутые ступени: Документальная повесть.,"ВАНИН, Николай Архипович.",,,
8653,Крутые ступени: Драма в 4-х д.,"ГЕЛЬ-БАК, Павел Александрович.",,,
8654,Крутые ступени: [Очерк].,"ИЛЬЯ-ШЕНКО, Юрий Евгеньевич.",,,
8655,Крутые ступени: Очерк.,"СТРОКОВ-СКИЙ, Николай Михайлович.",,,
8656,Крутые ступени: Повести и рассказы.,"ОСИНИН, Н. Н.",,,
8657,Крутые ступени: Повесть о юности Ильи Репина.,"ГИППИУС, Никодим Васильевич.",,,
8658,Крутые ступени: Рассказы.,"ЧИСТЯКОВ, Алексей Михайлович.",,,
8659,Крутые ступени: Роман.,"ХУДЯКОВ, Василий Васильевич.",,,
8660,Крутые сувои: Роман.,"ЖЕРНАКОВ, Николай Кузьмич.",,,
8661,Крутые тропы: Повесть.,"МУСАТОВ, Алексей Иванович.",,,
8662,Крутые тропы: Роман.,"СТОРОЖЕНКО, Александр Григорьевич.",,,
8663,Крутые тропы: Стихи.,"ТАТЬЯНИН, Виталий Дмитриевич.",,,
8664,Крутые уступы: Стихи.,"ШУТОВ, Виктор Васильевич.",,,
8665,Крутыми дорогами: Стихи.,"НИКУЛИН, Виталий Васильевич.",,,
8666,Крутыми тропами.,"АБРАМОВ, Михаил Андреевич.",,,
8667,Круча: Роман.,"АСТРОВ, Валентин Николаевич.",,,
8668,Кручи: Роман.,"МАНОВ, Эмил.",,,
8669,Кручина: Драма в 5-ти д.,"ШПА-ЖИНСКИИ, Ипполит Васильевич.",,,
8670,"Крушение: 200 рассказов, очерков, сценок.","ИОРДАН, Виктор Осипович.",,,
8671,Крушение: Драма в 5-ти д.,"ШОЛОК, Эдвард Моисович, ШТЕЙН, Карл.",,,
8672,Крушение: Железнодорожная картинка в 1-м д.,"ЗЛОЙ, Василий.",,,
8673,Крушение: Повесть.,"ВАСИЛЬЕВ, Иван Михайлович.",,,
8674,Крушение: Пьеса в 4-х д.,"ВЕТЛУ-ГИН, Сергей, МЕРЦАЛЬСКИЙ, Николай Константинович.",,,
8675,Крушение: Пьеса в 4-х д.,"СЛЕПЯН, Дориана Филипповна.",,,
8676,Крушение: [Рассказ].,"РЕНН, Людвиг.",,,
8677,Крушение: Роман.,"НУРПЕИСОВ, Аб-дижамил Каримович.",,,
8678,Крушение: Роман.,"ПЕТРЕСКУ, Че-зар.",,,
8679,Крушение: Роман.,"СОКОЛОВ, Василий Дмитриевич.",,,
8680,Крушение: Роман.,"ТАГОР, Рабиндранат.",,,
8681,Крушение антенны: Рассказы.,"ОГНЕВ, Николай.",,,
8682,Крушение богов: (Житие «святых отцов»: Феофила и Кирилла Александрийского). Исторический роман-хроника из первых веков христианства (389—415 гг.) в 2-х ч.,"ЖДАНОВ, Лев.",,,
8683,Крушение Великого океана.,"МАР-РИЭТ, Фредерик.",,,
8684,Крушение империи: Роман в 4-х ч.,"КОЗАКОВ, Михаил Эммануилович.",,,
8685,Крушение капитана Сизова: Рассказ.,"ПОЛТЕВ, Константин Владимирович.",,,
8686,Крушение карьеры Власовского: Повесть.,"ГЕРАСИМОВА, Валерия Анатольевна, САВЕЛЬЕВ, Лев.",,,
8687,Крушение Кернверка: Героическая хроника.,"ВОЛЬФ, Александр (ВОЛЬФ, Абрам Яковлевич).",,,
8688,Крушение корабля; Смерть дофина; Три ворона: Три рассказа.,"ДОДЭ, Альфонс (ДОДЕ, Альфонс).",,,
8689,Крушение мира: Роман.,"СИНКЛЕР, Эптон.",,,
8690,Крушение поезда: Оригинальная комедия-фарс в 3-х д.,"ЯНЧЕНКО, Яков Яковлевич.",,,
8691,Крушение республики Итль.,"ЛАВРЕНЕВ, Борис Андреевич.",,,
8692,Крушение Рогова: Повесть.,"ЕГОРОВ, Георгий Васильевич.",,,
8693,Крушение семьи: (Будденброки). Роман.,"МАНН, Томас. ",Будденброки.,,
8694,Крушение сладкой каторги: Роман.,"ЛЯШКО, Николай.",,,
8695,Крушение цивилизации: Социологический роман.,"БУАЖИЛЬБЕР, Э.",,,
8696,Крушение чисел: Рассказы.,"НОВИКОВ, Иван Алексеевич.",,,
8697,Крушение шкуны Графтон: 20 месяцев одиночного пребывания на рифе Аук-ландских островов.,"РАЙНАЛЬ, Ф. Е.",,,
8698,Крушение Юга.,"РУБИНШТЕЙН, Лев Владимирович.",,,
8699,Крушения: Драма в 4-х д.,"ТУРГЕНЕВ, Николай Александрович.",,,
8700,Крушинский: Роман в 3-х ч.,"ПОТЕХИН, Алексей Антипович.",,,
8701,Крыжовник.,"ЧЕХОВ, Антон Павлович.",,,
8702,Крылатая гвардия: Повесть.,"БОГО- ВИЦКИЙ, Вениамин Михайлович.",,,
8703,Крылатая дева; Глаз; Ухо; Рука; Нога.,"ОЛЬДЕНБУРГСКИЙ, Петр Георгиевич.",,,
8704,Крылатая душа: Избранные стихи.,"ОГУРЦОВ, Серафим Иванович.",,,
8705,Крылатая медицина: Повесть.,"ФОГЕЛЬ, Наум Давидович.",,,
8706,Крылатая песня.,"ЮКСЕРН, Василий. ",,,
8707,Крылатая родина: [Сборник стихов].,"ФЕОКТИСТОВ, Сергей Георгиевич.",,,
8708,Крылатая семья*.,"ГОФМАН, Генрих Борисович.",,,
8709,Крылатое племя: Пьеса в 4-х актах.,"ПЕРВЕНЦЕВ, Аркадий Алексеевич.",,,
8710,Крылатые воины.,"БРАЖНИН, Илья.",,,
8711,Крылатые воришки и их друзья: Повесть.,"КРУГЛОВ, Александр Васильевич.",,,
8712,Крылатые гвардейцы: Рассказы и очерки.,"СОРОКИН, Захар Артемович.",,,
8713,Крылатые годы: Стихи.,"БАЛОДИС, Андрей Мартынович.",,,
8714,Крылатые гости.,"ЯЗВИЦКИЙ, Валерий Иоильевич.",,,
8715,Крылатые друзья: Рассказ.,"КЛИМОВ, Касым.",,,
8716,Крылатые и бескрылые: Повесть.,"БЕЛЕНКОВ, Борис Антонович.",,,
8717,Крылатые инженеры.,"СВИРСКИЙ, Алексей Иванович.",,,
8718,Крылатые люди: Роман.,"АРГУТИН-СКАЯ, Люси Александровна, ПОВЗЕ, Моисей Абрамович.",,,
8719,Крылатые песни (1913—1915 гг.).,"КАЛЛИНИКОВ, Иосиф Федорович (КАЛИННИКОВ, Иосиф Федорович).",,,
8720,Крылатые пехотинцы: Повесть и рассказы.,"АЛЕКСАНДРОВ, Виктор Евгеньевич.",,,
8721,Крылатые семена: Роман.,"ПРИЧАРД, Катарина Сусанна.",,,
8722,Крылатые сердца.,"ЛЕВАШОВ, Мстислав Александрович.",,,
8723,Крылатые тигры: Роман.,ЧЖИ СЯ.,,,
8724,Крылатый богатырь.,"СТУПИН, Евгений Сергеевич.",,,
8725,Крылатый браконьер.,"ДЖАФАРОВ, Абумуслим.",,,
8726,Крылатый гость: Третья книга стихов.,"РАДЛОВА, Анна Дмитриевна.",,,
8727,Крылатый день: Рассказы.,"АВДЕЕНКО, Юрий Николаевич.",,,
8728,Крылатый день: Рассказы.,"ГОРДЕЕВ, Федор Кузьмич.",,,
8729,Крылатый конь.,"БЕЛИНОВИЧ, Надежда Сергеевна.",,,
8730,Крылатый мститель.,"МАКАРОВ, Сергей Сергеевич, СТАНЮКОВ, В.",,,
8731,Крылатый почтальон: Музыкальная комедия в 3-х д.,"КОМПАНЕЕЦ, Лев Владимирович.",,,
8732,Крылатый приемыш.,"ИЛЬИНА, Вера.",,,
8733,Крылатый следопыт Заполярья.,"МОРОЗОВ, Савва Тимофеевич.",,,
8734,Крылатый спаситель.,"ЛЕВАШОВ, Мстислав Александрович.",,,
8735,Крыло ветра: Стихи.,"БУКОВ, Еми-лиан Несторович.",,,
8736,Крыло волны: Повести и рассказы.,"ГЛИНКА, Михаил Сергеевич.",,,
8737,Крыло друга: Рассказы и повесть.,"ФРОЛОВ, Виталий Васильевич.",,,
8738,Крыло птицы.,"НИЗОВОЙ, Павел.",,,
8739,Крылом по земле: Роман.,"МАЛАШ-КИН, Сергей Иванович.",,,
8740,Крылом по земле: [Стихотворения].,"ГОРЯНСКИЙ, Валентин.",,,
8741,Крылья: Очерки.,"МЕДНИКОВ, Анатолий Михайлович.",,,
8742,Крылья: [Повесть].,"ГАЙЛИТ, Клеопатра Никифоровна.",,,
8743,Крылья: Повесть в 3-х ч.,"КУЗМИН, Михаил Алексеевич.",,,
8744,Крылья: Поэма.,"БЕЛЯЕВ, Адольф Иванович.",,,
8745,Крылья: Пьеса в 4-х д.,"БРАЖНИН, Илья.",,,
8746,Крылья: Пьеса в 4-х д.,"КОРНЕЙЧУК, Александр Евдокимович.",,,
8747,Крылья: Пьеса в 6-ти карт.,"ГРАНОВ, Вильгельм Исаакович, КОЛЕСНИКОВ, Николай Алексеевич",,,
8748,Крылья: [Рассказ].,"АНЮТИН, Анатолий (ЛУНАЧАРСКИЙ, Анатолий Васильевич) .",,,
8749,Крылья: [Рассказы].,"АНУЧИНА, Евгения Николаевна.",,,
8750,Крылья: Рассказы.,"КОБЯКОВ, Григорий Григорьевич.                   ",,,
8751,Крылья: Рассказы.,"ПЕТРОВ, Михаил Александрович.",,,
8752,Крылья: Рассказы.,"СЕНЯГИН, Кирилл Сергеевич.",,,
8753,Крылья: [Рассказы].,"ХАЛИЛЕЦ-КАЯ, Ефросинья Петровна.",,,
8754,Крылья: Роман.,"КУЗЬМИЧ, Владимир Саввич.",,,
8755,Крылья: Стихи.,"КОРЖИКОВ, Виталий Титович.",,,
8756,Крылья: [Стихи].,"ПРОКОФЬЕВ, Александр Андреевич.",,,
8757,Крылья: Стихи.,"РЗА, Расул.",,,
8758,Крылья: Стихи. Поэмы.,"КАШПУРОВ, Иван Васильевич.",,,
8759,Крылья: Трагическая шутка.,"ШЕ-БУЕВ, Николай Георгиевич.",,,
8760,Крылья Артема Летуна: Рассказы.,"АНТОНЕНКО-ДАВИДОВИЧ, Борис Дмитриевич.",,,
8761,Крылья беркута: Роман.,"ПИСТО-ЛЕНКО, Владимир Иванович.",,,
8762,Крылья Буревестника.,"ЛЕБЕДЕВ, Вячеслав Алексеевич.",,,
8763,Крылья взмахнули: Повесть.,"ВЕРБИЦКАЯ, Анастасия Алексеевна.",,,
8764,Крылья жар-птицы: Документальная повесть.,"ЖИХАРЕВ, Виталий Иванович, ЗАВЕЛА, Андрей Иванович.",,,
8765,Крылья жизни: Поэма.,"ПОПОВА, Людмила Михайловна.",,,
8766,Крылья зари: Стихи разных лет.,"ПОПОВ, Серафим Алексеевич.",,,
8767,Крылья земли: Книга рассказов.,"МЕРКУЛОВ, Андрей Георгиевич.",,,
8768,Крылья земли: Стихи.,"ПАЛИЙЧУК, Борис Дмитриевич.",,,
8769,Крылья зорь: Стихи.,"ОГУРЦОВ, Серафим Иванович.",,,
8770,Крылья и мачты.,"РАХИЛЛО, Иван Спиридонович.",,,
8771,"Крылья и руки: Стихи, баллады, поэмы.","ДАРЧИЕВ, Даут (ДАРЧИЕВ, Да- вид Гаврилович).",,,
8772,Крылья Икара: Роман. Ч. 1-2.,"БЕРНАР, Шарль.",,,
8773,Крылья Икара: Стихи (1905—1906).,"ЦЕНЗОР, Дмитрий Михайлович.",,,
8774,Крылья красные: Пьеса в 1-м д.,"ГАНСОВСКИЙ, Север Феликсович.",,,
8775,Крылья крепнут в полете: Документальная повесть.,"БОЖАТКИН, Михаил Иванович.",,,
8776,"Крылья крепнут в полете: Очерки, стихи.","ПОПОВИЧ, Марина Лаврентьевна.",,,
8777,Крылья крепнут в полете: Повесть.,"АМИРОВ, Хусаинбек Ахметович.",,,
8778,Крылья крепнут в полете: Повесть.,"ЧИСТЯКОВ, Алексей Михайлович.",,,
8779,Крылья любви: Собрание стихотворений.,"ЗАКРЕВСКАЯ-РЕЙХ, Мария.",,,
8780,Крылья мира.,"ЛИДЖИЕВ, Эренцен Нимгирович.",,,
8781,Крылья мужества: Рассказ.,"ЗАНД, Жорж (САНД, Жорж).",,,
8782,Крылья на полдень: Стихи. Поэма.,"ФЕДОРОВ, Василий Дмитриевич.",,,
8783,Крылья навырост: Повести.,"ТРИХ-МАНЕНКО, Виктор Федорович.",,,
8784,Крылья над морем: Стихи.,"ГОНЧАРОВ, Виктор.",,,
8785,Крылья ненависти: Роман.,"ДЖАНСУ-ГУРОВ, Ильяс.",,,
8786,Крылья огня: Роман из жизни китайской молодежи.,"ЖУРАКОВСКИЙ, Николай.",,,
8787,Крылья песни: Роман.,"АНОВ, Николай.",,,
8788,Крылья победы: Авиароман из гражданской войны.,"ПАВЛОВ, Владимир Константинович.",,,
8789,Крылья победы: [Очерк].,"АРАМИ-ЛЕВ, Иван.",,,
8790,Крылья победы: [Повесть].,"СЕДЫХ, Николай Тимофеевич.",,,
8791,Крылья расправляются:     Роман.,"ГРОСС, Виллем Иоханович.",,,
8792,Крылья смерти: (Погибшие люди). Драма в 4-х д.,"КОНЧИНСКИЙ, Тадеуш (КОНЧИНЬСКИЙ, Тадеуш).",,,
8793,Крылья соколиные: Повесть.,"САМСОНОВА, Мария Борисовна.",,,
8794,Крылья холопа: Историческая повесть.,"ШИЛЬДКРЕТ, Константин Георгиевич.",,,
8795,Крылья человека: Новеллы.,"СУХАН-ЦЕВ, Константин Львович.",,,
8796,Крылья Эльзы.,Имя авт. не установлено.,,,
8797,Крылья Якутии: Поэма сибирского автора.,"КРУЧИНА, Андрей.",,,
8798,Крым: Избранные произведения. Т. I.,"СЕРГЕЕВ-ЦЕНСКИЙ, Сергей Николаевич.",,,
8799,Крым. Кавказ. Кубань: Стихи.,"СЕЛЬ-ВИНСКИЙ, Илья Львович.",,,
8800,Крым-Гирей хан и Далира Бикеч: Исторический роман 18 века.,"СИЗОВА, Александра Константиновна.",,,
8801,Крымская идиллия: Комедия-шутка в 3-х д.,"САБУРОВ, Симон Федорович.",,,
8802,Крымская лирика.,"ЩИПАЧЕВ, Степан Петрович.",,,
8803,Крымская рапсодия.,"МИШУРА, Степан Кириллович.",,,
8804,Крымские веснушки.,"ПОЛОТАЙ, Ни- ",,,
8805,Крымские встречи.,"ИЛЬИЧЕВ, Яков.",,,
8806,Крымские грезы: Стихотворения. Книжка 3-я.,"ИВАНОВ, Родион Васильевич.",,,
8807,Крымские каникулы: Музыкальная комедия в 3-х актах.,"КУКСО, Леонид Георгиевич.",,,
8808,Крымские каникулы: Стихи.,"БЛАГОВ, Юрий Николаевич.",,,
8809,Крымские новости или Плохие обстоятельства союзников пред Севастополем.,"ЦЫКЛОП, А.",,,
8810,Крымские ночи: Сборник рассказов.,"ЩУКИН, Александр.",,,
8811,Крымские очерки.,"СВЕТЛОВ, Валериан.",,,
8812,Крымские повести.,"НЕМИРОВИЧ-ДАНЧЕНКО, Василий Иванович.",,,
8813,Крымские повести.,"СЛАВИЧ, Станислав Кононович.",,,
8814,Крымские рассказы.,"ПАВЛЕНКО, Петр Андреевич.",,,
8815,Крымские рассказы.,"ПАУСТОВСКИЙ, Константин Георгиевич.",,,
8816,Крымские рассказы.,"ХОЛЕНДРО, Дмитрий Михайлович.",,,
8817,Крымские сонеты.,"МИЦКЕВИЧ, Адам.",,,
8818,Крымские стихи.,"ЛУГОВСКОЙ, Владимир Александрович.",,,
8819,Крымские стихи.,"УКРАИНКА, Леся.",,,
8820,Крымские стихотворения.,"ДАНИЛЕВСКИЙ, Григорий Петрович.",,,
8821,Крымские стихотворения.,"МАР, Н.",,,
8822,Крымские стихотворения.,"ШУФ, Владимир Александрович.",,,
8823,Крымские тетради.,"ВЕРГАСОВ, Илья Захарович.",,,
8824,Крымские цыгане: Повесть.,"КОТЛЯ-РЕВСКИЙ, Ал.",,,
8825,Крымские эскизы.,"РУСАНИН, Олег Андреевич.",,,
8826,"Крымские эскизы: Рассказы, очерки, воспоминания.","ГОРЬКИЙ, Максим.",,,
8827,Крымский демон: Юмористическая поэма в 2-х ч. с эпилогом.,"СОСНОВ, Яков (ДЯДЯ ЯША) (СОСКИН, Яков Григорьевич) .",,,
8828,Крымский ливень.,"МЕРЗОН, Яков Ильич (ИЛЬИЧЕВ, Яков).",,,
8829,Крымский фронт: Стихи.,"КОРОТКОВ, Леонид Владимирович.",,,
8830,Крымско-татарские сказки.,"КОНДА-РАКИ, Василий Христофорович.",,,
8831,Крыса: Оригинальный водевиль в 1-м д.,"ЛИСЕНКО-КОНЫЧ, Иван Кононович.",,,
8832,Крыса на подносе.,"АВЕРЧЕНКО, Аркадий Тимофеевич.",,,
8833,Крысанка-разбойник: Повесть.,"ЛАУ-ХИНА, М.",,,
8834,Крысолов.,"ГРИН, Александр.",,,
8835,Крысы: Берлинская трагикомедия в 5-ти д.,"ГАУПТМАН, Гергарт.",,,
8836,Крысы: [Роман].,"БЛЕК, Рене.",,,
8837,Крысы: Роман.,"ДЕЛИБЕС, Мигель. ",,Дорога...,
8838,Крысы в бочке: Сатира и юмор.,"КОЗЛАНЮК, Петро (КОЗЛАНЮК, Петр Степанович).",,,
8839,Крысы появляются ночью: Роман.,"ЭТТИНГЕН, Ганс.",,,
8840,Крыша: Рассказ.,"ПОЗНЯКОВ, Николай Иванович.",,,
8841,Крыша и небо: Очерк.,"САЛНАЯ, Мерседе Арнольдовна.",,,
8842,Крыша мира.,"МСТИСЛАВСКИЙ, Сергей.",,,
8843,Крыши: Стихи.,"ГАМПЕР, Галина Сергеевна.",,,
8844,"Крэг, кутенейский баран.","СЕТОН-ТОМПСОН, Эрнест.",,,
8845,"Крэг, кутенейский герой: Рассказ; Воробей-певун: Рассказ.","ТОМПСОН-СИ- ТОН, Э. (СЕТОН-ТОМПСОН, Эрнест).",,,
8846,Крэк: Повесть.,"ДЕДЮХИН, Борис Васильевич.",,,
8847,Крэнфорд: Роман.,"ГАСКЕЛ, Элизабет.",,,
8848,Крюйспеленг: Роман.,"ЛЕДЯНКО, Николай Афанасьевич.",,,
8849,Крюк:  Рассказ.,"ДОБРОКЛОН- СКИЙ, В.",,,
8850,«Крючки»: Пьеса в 1-м д. из полицейской жизни.,"ЗАВАЛИШИН, А.",,,
8851,Кряж: Повесть; Через падуны; На послушании; Скопидомы: Рассказ.,"СЕВЕР-ЦЕВ-ПОЛИЛОВ, Г. Т. (ПОЛИЛОВ, Георгий Тихонович).",,,
8852,Кряжи. (Загл. обл.).,"ЗАМЯТИН, Евгений Иванович. ",Письменно; Кряжи.,,
8853,"Ксана Муратова, фронтовая артистка: Повесть.","СУВОРИНА, Екатерина Иосифовна.",,,
8854,Ксанкина бригантинка: Повесть.,"ДУ-ГИНЕЦ, Андрей Максимович.",,,
8855,"Ксантипа, жена философа: Комедия в 1-м д.","КРАУЗЕ, Владимир Маркович.",,,
8856,Ксендз Петр: Рассказ.,"ТЕТМАЕР, Казимир (ТЕТМАЙЕР, Казимеж).",,,
8857,Ксения: [Повесть].,"ЯСИНСКИЙ, Иероним Иеронимович. ",,Муза...,
8858,Ксения: Пьеса в 4-х д.,"ВОЛКОВ, Арсий.",,,
8859,Ксения Борисовна Годунова: Картины из истории Смутного времени в 5-ти д.,Имя авт. не установлено.,,,
8860,Ксения Годунова: Исторический роман. В 2-х ч.,"СИЗОВА, Александра Константиновна.",,,
8861,Ксения и Лжедмитрий: Драма в 5-ти д. в стихах.,"ПУШКАРЕВ, Николай Лукич.",,,
8862,Ксения и Темир: Трагедия в 5-ти д.,"ВИСКОВАТОВ, Степан Иванович.",,,
8863,Ксения Ильина: Короткая повесть.,"НИКУЛИН, Михаил Андреевич.",,,
8864,"Ксения, княжна Галицкая: Историческая повесть.",Имя авт. не установлено.,,,
8865,Ксения неверующая.,"КАЗАКЕВИЧ, О., СТЕПНОЙ, Николай.",,,
8866,Ксенофонтыч.,"КЕЙРАН, Ян.",,,
8867,Кстати и некстати: Рассказы.,"ПЕТРОВ, Петр Николаевич.",,,
8868,Ксюша: Пьеса в 4-х д.,"КОЛОС, Лука Яковлевич.",,,
8869,Ксюша: Рассказ.,"ПОПКОВ, В. А.",,,
8870,Ксюшкина дорога: Пьеса в 2-х д.,"ВАГРАМОВ, Федор Аркадьевич.",,,
8871,Кто?: [Рассказ].,"ДОЙЛЬ, Артур Конан.",,,
8872,Кто?: Рассказ.,"ТХОРЖЕВСКИЙ, Корнелий Владиславович.",,,
8873,Кто?: Роман.,"РЕНАР, Морис.",,,
8874,"Кто бога не забудет, у того все будет: Рассказ.","КОЗЬМИН, Г.",,,
8875,"Кто богат, тот и рогат или К коже ума не пришьешь: (Нравоучительная русская сказка).",Имя авт. не установлено.,,,
8876,"Кто брат, кто сестра или Обман за обманом: Новая опера-водевиль в 1-м д.","ГРИБОЕДОВ, Александр Сергеевич.",,,
8877,Кто будет жить: Драма в 3-х актах с прологом.,"КОСТЮКОВСКИЙ, Борис Александрович.",,,
8878,Кто будет капитаном?,"КРИШТОФ, Елена Георгиевна.",,,
8879,Кто бы этому поверил?: Несчастное с одним мужем случившееся приключение.,"КОЦЕБУ, Август Фридрих.",,,
8880,Кто бывал в экспедиции.,"ГОРОДЕЦКИЙ, Евгений Александрович.",,,
8881,Кто в дружбу верит горячо: Повесть.,"ЧЕРКАШИНА, Майя Александровна.",,,
8882,"Кто в кого родится, тому на том жениться: Пословица в 1-м д.",Имя авт. не установлено.,,,
8883,"Кто в лес, кто по дрова: Комедия-фарс в 3-х д.","ЛЕНСКИЙ, П. Д. (ОБОЛЕНСКИЙ, Павел Дмитриевич).",,,
8884,"Кто в лес, кто по дрова: Сказка [в стихах].","МИНАЕВ, Дмитрий Дмитриевич. ",,Демон...,
8885,Кто в свете не рассчитывает: (Комедия).,"ГЕНДРИКОВ, С. А. ",,Грехи молодости...,
8886,Кто виноват!; Дневник студента 1 курса; Соседка: (Из дневника студента). [Рассказы].,"ВОБЛЫЙ, Г. Г.",,,
8887,Кто виноват?: Драма в 5-ти д.,"СЕРГЕЕВ, Анатолий Михайлович.",,,
8888,Кто виноват?: Драма из современной жизни в 3-х д.,"АГАПОВ, Дмитрий Васильевич.",,,
8889,Кто виноват?: Драматическая сценка в 1-м д.,"СЕНКЕВИЧ, Генрик. ",Чья вина?,,
8890,Кто виноват?: Драматический этюд в 1-м д.,"МИТЯЙ (ГОЛЬДШТЕЙН, Марк Михайлович).",,,
8891,Кто виноват: Комедия в 4-х д.,"МДИВАНИ, Георгий Давидович.",,,
8892,Кто виноват?: Короткие басни.,"ТИХОНОВ, Павел Иванович.",,,
8893,Кто виноват?: Повесть.,"СЕМЕЙКИН, Евгений.",,,
8894,Кто виноват?: Рассказ.,"ПОЛИТКОВСКАЯ, Екатерина Михайловна.",,,
8895,Кто виноват?: Рассказ.,"СОКОЛОВ, Константин Леонидович.",,,
8896,Кто виноват?: Рассказы.,"ПОМРОЙ, Уильям Дж.",,,
8897,Кто виноват: [Рассказы].,"ФЕДЬ-КОВИЧ, Осип (ФЕДЬКОВИЧ, Юрий Адаль-бертович).",,,
8898,Кто виноват? (Репортаж из зала суда).,"БЕЗУГЛОВ, Анатолий Алексеевич.",,,
8899,Кто виноват?: Роман в 2-х ч.,"ИСКАНДЕР (ГЕРЦЕН, Александр Иванович).",,,
8900,Кто виноват?: Роман в 2-х ч.,"ОК-РЕЙЦ, Станислав Станиславович.",,,
8901,«Кто виноват» и другие рассказы и песни.,"ШКУЛЕВ, Филипп Степанович.",,,
8902,Кто во что горазд: Роман.,"ЗАСО-ДИМСКИЙ, Павел Владимирович.",,,
8903,Кто впереди.,"ФИНОГЕНОВ, Анатолий.",,,
8904,Кто всех сильнее.,"ОСТРОВОЙ, Сергей Григорьевич.",,,
8905,Кто вспомнит меня: Стихи и поэма.,"ХАЗРИ, Наби.",,,
8906,"Кто вы, доктор Зорге?","МЕЙСНЕР, Ганс Отто.",,,
8907,"Кто выгадал?: (Пьеска в 2-х карт, на тему о велозайме).","АНЧАРОВ, Михаил.",,,
8908,Кто выдумал железную дорогу: Биографический очерк.,"ЧЕРСКИЙ, Леонид Федорович.",,,
8909,Кто выиграл двести тысяч: Водевиль в 1-м д.,"АФАНАСЬЕВ, С. А. (ТРЕФИЛОВ, Сергей Александрович).",,,
8910,Кто вынет узел — тому и титулярный советник: Водевиль в 1-м д.,"РАССОХИН, Сергей Федорович.",,,
8911,Кто дал вам музыку?: Рассказы.,"СВО-ДОС, Гарвей.",,,
8912,Кто дорог мне: Киноповесть и рассказы.,"ГАВРИЛЕНКО, Владимир Никифорович.",,,
8913,"Кто, если не ты...: (Карой Лигети). Драматическая повесть в 3-х д.","КИРЖНЕР, Яков Маркович, ШЕРЕЛЬ, Александр Аркадьевич.",,,
8914,"Кто, если не ты?: Повести.","СКВИ-РЕНКО, Геннадий Петрович.",,,
8915,"Кто, если не ты?: Роман.","ГЕРТ, Юрий Михайлович.",,,
8916,Кто есть кто?: Пьеса в 2-х д.,"ГА-ЛИЕВ, Анатолий Сергеевич, ТРОПИНИН, Эдуард.",,,
8917,Кто ж в этом виноват?: Повесть.,"ШЛИХТЕР, Алексей Иванович.",,,
8918,Кто ж в этом сомневается.,"АНДЕРСЕН, Ганс-Христиан. ",,Какое же тут сомнение...,
8919,Кто же?: Первобытная феминистика.,"АРАПОВА, Александра Петровна.",,,
8920,Кто же богаче?,"КОМОВ, Владимир Ефимович.",,,
8921,Кто же восьмой?: Повесть.,"БАТТАЛ, Салих.",,,
8922,Кто ждет тебя?: Повесть и рассказы.,"ШАТЬКО, Евгений Иванович.",,,
8923,Кто живет на звездах: Рассказы и повести.,"ЧИЛАДЗЕ, Тамаз Иванович.",,,
8924,Кто жить поможет: Три рассказа.,А. П.,,,
8925,"Кто — за, кто — против?: Заседание жюри с обеденным перерывом.","ЗАГРЕБЕЛЬ-НЫЙ, Павло (ЗАГРЕБЕЛЬНЫЙ, Павел Архипович), РЕЗНИКОВИЧ, Михаил Юрьевич.",,,
8926,Кто зажег костер.,"МОРОЗОВ, Вячеслав Николаевич.",,,
8927,Кто зажигает сигнальные огни.,"ЮДА-СИН, Лев Самойлович.",,,
8928,Кто зажигал звезды.,"КОЛЕСНИКОВ, Михаил Сергеевич, КОЛЕСНИКОВА, Мария Васильевна.",,,
8929,Кто защитит небо?: Пьеса в 3-х актах.,"ГОРБАЧЕВ, Николай Андреевич, ЛИМАНОВ, Юрий Леонидович.",,,
8930,Кто знает. Н.,"М. Ф. (ФОКИН, Н. М.). ",,В сумерках...,
8931,Кто идет?: Пьеса в 3-х д.,"ШКВАР-КИН, Василий Васильевич.",,,
8932,Кто идет?: Рассказы.,"ДОСТЯН, Ричи Михайловна.",,,
8933,Кто идет?: Роман.,"ШУФ, Владимир Александрович.",,,
8934,Кто из двух виноват?: Оригинальная драма в 5-ти д.,"КГАЕВСКИЙ, Георгий Никандрович. ",Заблудший сын.,,
8935,Кто из нас глухой: Комедия в 6-ти карт.,"ЧКАДУА, Шота Евгеньевич.",,,
8936,"Кто ищет, тот найдет: Повесть.","СТЕПНАЯ, Анастасия Федоровна.",,,
8937,Кто кого?: Агитдейство в 5-ти карт.,"ИРКУТОВ, Андрей, ЛЬВОВ, Николай Иванович.",,,
8938,Кто кого: Пьеса в 17-ти эпизодах.,"ПИКОВ, П. И.",,,
8939,Кто — кого: Пьеса в 4-х д.,"АНДРИАНОВ, Федор Александрович.",,,
8940,Кто кого?: (Рассказ).,Р.,,,
8941,Кто кого?: [Рассказы].,"НИКИТИН, Иван Федорович.",,,
8942,Кто кого измучил?: Хроника кружка хороших людей. Рассказ. (Эпоха 1887— 1906 гг.).,"ШАХОВСКАЯ, Людмила Дмитриевна.",,,
8943,Кто кого перехитрит: (Деревенская комедия в 2-х д.).,"ДМИТРИЕВИЧ, Дмитрий.",,,
8944,Кто лучше: Буффонада в 1-м д.,"ГОРОДЕЦКИЙ, Сергей Митрофанович, КУР-ДЮМОВ, Всеволод Валерианович.",,,
8945,Кто лучше: Из солдатской жизни.,"ВАСИЛЬКОВСКИЙ, Александр Константинович.",,,
8946,Кто лучше всех?,Имя авт. не установлено.,,,
8947,Кто любит — тот и ревнует: Шутка в 1-м д.,"ГРЕЙЦ, Леонард.",,,
8948,"Кто меня оклеветал?: Рассказы, сценки.","ВИБЕ, Феликс Иванович.",,,
8949,Кто милее?,"В. Щ. (ЩИГЛЕВ, Владимир Романович). ",,Одуванчик...,
8950,Кто мой отец: Сборник пьес.,"АБИШЕВ, Альжаппар.",,,
8951,Кто на банке: (Рассказы из ловецкой жизни).,"МИТИН, И.",,,
8952,Кто не боится молний: Повести и рассказы.,"БЕЛЯЕВ, Владимир Сергеевич.",,,
8953,Кто не верит — пусть проверит.,"ГОФМЕЙСТЕР, Адольф.",,,
8954,Кто не поверит?: (Наследный принц). Драма в 2-х ч.,"КВИН, Лев Израилевич.",,,
8955,Кто обвиняет ее?: (Оригинальный роман Р***. История одной молодой женщины).,Имя авт. не установлено.,,,
8956,Кто однажды отведал тюремной похлебки.,"ФАЛ ЛАДА, Ганс.",,,
8957,Кто он? Или смерть за любовь: Драматический этюд в 1-м д.,"ЛИСЕНКО-КОНЫЧ, Иван Кононович.",,,
8958,Кто он?: Комедия в 1-м д.,"НОВИКОВА, Татьяна Михайловна.",,,
8959,Кто он?: Оригинальная комедия-тип в 3-х д. В.,"Л. Т. (ТИМИНСКИЙ, Василий Лукич).",,,
8960,"Кто он?: Пьеса для театра кукол (для взрослых) в 9-ти карт, с прологом и эпилогом.","АЗОВ, Мартий",,,
8961,Кто он?: [Рассказ].,"БОРЗАКОВСКИЙ, Д. А. ",,Ложь...,
8962,Кто он и откуда: Повесть и рассказы.,"СЕМЕНОВ, Георгий Витальевич.",,,
8963,Кто она?: (Зоя Космодемьянская). Киносценарий.,"АРНШТАМ, Лео Оскарович, ЧИРСКОВ, Борис Федорович.",,,
8964,"Кто они были, дороги?","НОСИК, Борис Михайлович.",,,
8965,"Кто первее, тот правее или Кто палку взял, тот и капрал: Фарс в 2-х д.","ЗУДА-ТЕШИН, Петр (ЯКОБИ, Петр Николаевич) .",,,
8966,Кто первый?: Пьеса в 1-м д.,"НЕФЕД, Владимир Иванович, СТАБАВОЙ, Юрий Михайлович.",,,
8967,"Кто первый друг или Примерный поступок змея: Рассказ, извлеченный из старинных устных сказок.","КОТОМИН, А. Т. ",,Бриллиантовый перстень в щуке или Непосредственное счастье несчастливому кузнецу...,
8968,Кто первый пролил на земле кровь: Очерк.,"ТАН (БОГОРАЗ, Владимир Германович) .",,,
8969,Кто первым зажигает огонь.,"ПОМПЕ-ЕВ, Юрий Александрович.",,,
8970,Кто передвигает камни: Роман.,"НАЗАРЕНКО, Марина Александровна.",,,
8971,Кто пил воду из Зеравшана...: Документальная повесть.,"ГУРО, Ирина.",,,
8972,Кто поднимется к вершинам: Пьеса в 4-х д.,"БОРИСОВ, П.",,,
8973,Кто понял Бетси?,"КЭНФИЛЬД, Доротея (КЕНФИЛЬД, Доротея).",,,
8974,Кто прав?: Драма из караимской жизни в 3-х д.,"КАТЫК, Арон Ильич.",,,
8975,Кто прав?: Из неоконченной повести.,"ТОЛСТОЙ, Лев Николаевич.",,,
8976,Кто прав?: Пьеса в 3-х д.,"ШНИТ-ЦЛЕР, Артур (ШНИЦЛЕР, Артур).",,,
8977,Кто прав?: Этюд в 1-м д.,"ВИСКОВ-СКИЙ, Вячеслав.",,,
8978,Кто прав из двух?: (Рассказ).,"ШИ-БИН, Н.",,,
8979,Кто преступница?: Драматическая быль в 3-х д.,"ЖЕЛИХОВСКАЯ, Вера Петровна.",,,
8980,Кто придет на «Мариине».,"БОНДАРЕНКО, Игорь.",,,
8981,Кто против Бога и Великого Новгорода? (1471-1478 гг.).,"РАЗИН, Алексей Егорович.",,,
8982,"Кто работает, тот и имеет: Рассказ про Джемса Гарфильда.","ГРИНЧЕНКО, Борис Дмитриевич.",,,
8983,Кто развращает детей?: Картинка с натуры.,"БОТКИНА, Александра Павловна.",,,
8984,Кто рядом чувствует плечо.,"ДОМБРОВСКИЙ, Анатолий Иванович.",,,
8985,"Кто самый глупый?: (Вопрос, обращенный к судьбе, пролог и 4 д.).","ВИТФО-ГЕЛЬ, Карл Август.",,,
8986—8987,Кто сеет ветер...: Роман.,"ПУШКОВ, Валерий Дмитриевич.",,,
8988,Кто сеет ветер...: Сатирические стихи.,"ДЫХОВИЧНЫЙ, Владимир Абрамович, СЛОБОДСКОЙ, Морис Романович.",,,
8989,Кто сидит у костра: Рассказы.,"ГО-РЫШИН, Глеб Александрович.",,,
8990,Кто сильнее: Повесть.,"ГАМАЛЕЙ, Всеволод Михайлович.",,,
8991,Кто сильнее?: Рассказ.,"РОБЕРТС, Чарльз.",,,
8992,Кто сильнее: Современные басни.,"СТРИНДБЕРГ, Август.",,,
8993,Кто сильней.,"ЛЕБЕДЕВ-КУМАЧ, Василий Иванович.",,,
8994,"Кто сказал, что я убит?: Повести.","ДРУЖИНИН, Владимир Николаевич.",,,
8995,Кто смеется последний: Комедия в 3-х актах.,"КРАПИВА, Кондрат.",,,
8996,Кто смеется последним: Роман.,"ДЕ-ЛАРМ, Жорж (СЛЕЗКИН, Юрий Львович) .",,,
8997,Кто смотрит на облака.,"КОНЕЦКИЙ, Виктор Викторович.",,,
8998,"Кто старое вспомянет, тому глаз вон; Загулял; Чудодейственная мерка сапожника или Загадочный давалец; Стихотворения: Ночь на рождество; Масляная неделя; О происхождении маскарадов.","ГОРИН, Н. К.",,,
8999,"Кто старое помянет, тому глаз вон: (Пьеса в 2-х д.).",Имя авт. не установлено.,,,
9000,Кто стоит рядом: Повесть.,"ЗЛАТО-ГОРОВ, Михаил.",,,
9001,Кто там?: Две повести.,"КОБЛИКОВ, Владимир Васильевич.",,,
9002,"Кто там идет?: Народное представление с музыкой, песнями, танцами и играми в 3-х д.","ЖАРОВ, Александр Алексеевич, РЕГИНИН, Василий (РАППОПОРТ, Василий Александрович).",,,
9003,Кто там стучит?: Повесть. Рассказы.,"ГАЛКИН, Юрий Федорович.",,,
9004,Кто там ходит так тихо в траве.,"ВОЛЬФ, Сергей Евгеньевич.",,,
9005,Кто твой друг.,"ЖУРАХОВИЧ, Семен Михайлович.",,,
9006,Кто твой учитель?: Повесть.,"БАТО-ЖАБАЙ, Даширабдан Одбоевич.",,,
9007,Кто тебя предал?: Повесть.,"БЕЛЯЕВ, Владимир Павлович.",,,
9008,Кто-то должен: Повести и рассказы.,"ГРАНИН, Даниил.",,,
9009,Кто ты?: Драма в 2-х ч.,"ВОРОБЬЕВ, Наум Исаакович, МОВСЕСОВ, Алексей Артемьевич.",,,
9010,"Кто ты, Женька: Монолог в 2-х ч.","ТУМАНОВСКАЯ, Ирина Павловна.",,,
9011,"Кто ты, Ленька?","ШАПОШНИКОВА, Софья Сауловна.",,,
9012,Кто убийца?: Из приключений короля германских сыщиков Франка Гардинга.,Имя авт. не установлено.,,,
9013,Кто убийцы?; О суде; Два спутника.,"ТОЛСТОЙ, Лев Николаевич.",,,
9014,Кто убил?: Повесть.,"ТРЕФОЛЕВ, Леонид Николаевич.",,,
9015,Кто убил губернатора?,"БУЛОТА, Юозас Юозасович.",,,
9016,Кто украл Пуннакана?: Повесть-памфлет.,"КИМ, Роман Николаевич. ",,Школа призраков...,
9017,Кто успевает: Роман.,"АПРАКСИН, Александр Дмитриевич.",,,
9018,Кто ухитрится так жениться!: Водевиль в 1-м д.,"ПЕЧОРИН-ЦАНДЕР, Лев Львович (ЦАНДЕР, Лев Львович).",,,
9019,Кто честен и смел: Роман.,"БАРЫШНИКОВ, Адриан Петрович.",,,
9020,Кто этого не знает?,"ГЕРСАМИЯ, Ясон Александрович.",,,
9021,Кубанка с красным верхом: Повести и рассказы.,"ЗНАМЕНСКИЙ, Анатолий Дмитриевич.",,,
9022,Кубанская повесть.,"МИРОШНИЧЕНКО, Григорий Ильич.",,,
9023,Кубанские записи.,"СТАВСКИЙ, Владимир.",,,
9024,Кубанские казаки: Новые казацкие военные песни.,"ПЕТРОВ, Александр.",,,
9025,Кубанские повести.,"БАБАЕВСКИЙ, Семен Петрович.",,,
9026,Кубанские рассказы.,"ФЕРЕНЧУК, Анатолий Николаевич.",,,
9027,Кубанские сказы.,"ПОПОВ, Василий Алексеевич.",,,
9028,Кубанское лето: Лирика.,"ВАРАВВА, Иван Федорович.",,,
9029,Кубанцы: Пьеса в 4-х д.,"РОТКО, Виктор Михайлович.",,,
9030,Кубань моя: Стихи.,"ПОДКОПАЕВ, Виктор Стефанович.",,,
9031,Кубань — моя песня: Стихи.,"АБДУЛ-ЖАЛИЛОВ, Фазиль Апасович.",,,
9032,Кубань-река.,"ХОХЛОВ, Сергей.",,,
9033,Кубань-река быстрая: Документальная повесть.,"СОКОЛОВ, Георгий Владимирович.",,,
9034,"Кубань, река весенняя: Очерки.","КРИ-ВЕНОК, Яков Иванович.",,,
9035,Кубинке: Роман.,"ГЕРМАНН, Георг (ГЕРМАН, Георг).",,,
9036,Кубический памятник: Повесть.,"ЯРОВОЙ, Павел.",,,
9037,Кубок: [Баллада].,"ЖУКОВСКИЙ, Василий Андреевич. ",,Лесной царь...,
9038,Кубок: [Баллада].,"ШИЛЛЕР, Фридрих.",,,
9039,Кубок: Повесть.,"КАЛИКИН, Олег Иванович.",,,
9040,Кубок метелей: Четвертая симфония.,"БЕЛЫЙ, Андрей.",,,
9041,Кубок неба: Стихи и поэма.,"КЕШО-КОВ, Алим Пшемахович.",,,
9042,Кубок Орла: 3-я кн. трилогии «Подъяремная Русь».,"ШИЛЬДКРЕТ, Константин Георгиевич.",,,
9043,Кубок Чикаго: Рассказ воздухоплавателя.,"ВОЛОХОВ, Марк (ПЕРВУХИН, Михаил Константинович).",,,
9044,Кувалдин и его сын: Роман.,"ВОЛГИН, Сергей Яковлевич.",,,
9045,Кувшин молока и стакан воды: Комедия в 1-м д.,"КЛИМОВСКИЙ, Георгий Андреевич.",,,
9046,Кувшин синевы: Стихотворения.,"ВЛАДИМИРОВА, Ада.",,,
9047,Кувырком: Герцогская корона; Ловкий удар. (Загл. обл.).,"ГАБОРИО, Эмиль. ",Герцогская корона. Ловкий удар.,,
9048,Кувырком: (Таинственное убийство); Баррикады: Исторический роман в 3-х ч.,"ГАБОРИО, Эмиль.",,,
9049,Кувырком с Олимпа: Сатира и юмор.,"ГЛАЗКОВ, Михаил Иванович.",,,
9050,Кугитангская трагедия: Быль.,"КЛЫ-ЧЕВ, Анна-Мухамед.",,,
9051,Куда ведут дороги: Повесть.,"ТИБУШ-КИН, Петр Васильевич.",,,
9052,Куда ведут дороги: Роман; Вчера и сегодня: Рассказы.,МИР ДЖАЛ АЛ.,,,
9053,Куда ворон костей не заносил.,"БЕЛЬСКИЙ, С.",,,
9054,Куда впадает Волга?: Короткие рассказы и фельетоны.,"САЛЕНКО, Александр Петрович.",,,
9055,"Куда вы, белые лебеди?: Повесть.","ЯКИМЕНКО, Лев Григорьевич.",,,
9056,Куда глаза глядят: Рассказы.,"ХЕЙЕ, Артур (ГАЙЕ, Артур).",,,
9057,Куда же?...: (Из будничных драм). Этюд.,"ЧЕБОТАРЕВ, Ф. М.",,,
9058,Куда зовет жизнь.,"БРОДСКИЙ, Г. А.",,,
9059,Куда зовут ракеты: Повести и рассказы.,"ЭРЛИХ, Арон Исаевич.",,,
9060,"Куда идешь, Иртышев?: Пьеса в 3-х д.","НАЗАРОВ, Игнат Иванович.",,,
9061,"Куда идешь, Сергей?: Пьеса в 3-х д. с прологом.","МОВЗОН, Аркадий.",,,
9062,"Куда идешь, товарищ директор?: Пьеса в 5-ти карт.","ХИНТ, Ааду.",,,
9063,"Куда идешь ты, Австрия?: Роман.","АВСТРИЙСКИЙ ЛЕЙТЕНАНТ (ЗИБЕР, Густав) .",,,
9064,Куда идут солдаты: Лирическая комедия в 1-м д.,"АБРАМЦЕВ, Корнелий Кор-нельевич.",,,
9065,"Куда конь с копытом, туда и рак с клешней или Собрание разных мелочей.",А... Т.,,,
9066,"Куда летишь, журавлик?: Документальная повесть.","ВАЛЬКО, Иван Васильевич.",,,
9067,"Куда мы, друг, приехали.","КЛАН Г, Иван Иванович.",,,
9068,Куда мы идем?,"СОТМАН, Яков Л.",,,
9069,"Куда ни кинь, все клин: Роман.","КОК, Поль де. ",Злополучный Тампоне.,,
9070,Куда плывут облака?: Комедия в 3-х д.,"ЭБРАЛИДЗЕ, Реваз Семенович.",,,
9071,Куда речка течет: Повесть.,"ГЕРАСИМОВ, Евгений Николаевич.",,,
9072,Куда смотрят мужчины?,"МЕЛАМЕД, Цаль Айзикович.",,,
9073,Куда спешат родники.,"ЮСУПОВ, Ну-ратдин Абакарович.",,,
9074,Куда текут реки: Драма в 3-х д.,"СОСНИН, Анатолий Семенович.",,,
9075,"Куда ты, Венгрия?: Стихи.","ГАБОР, Андор.",,,
9076,Куда уже не приду: Повесть и рассказы.,"БАШЕНКО, Евгений Всеволодович.",,,
9077,Куда ускакал конь: Повесть.,"ЯБЖА-НОВ, Балдан Насанович.",,,
9078,"Куда хочу, туда лечу: Стихи, песни, клоунады.","ЛИФШИЦ, Владимир Александрович.",,,
9079,Кудей: Роман; Побежденный омут: Повесть.,"НАСЫРИ, Имай.",,,
9080,Кудель: Песни.,"ДЕЕВ-ХОМЯКОВ-СКИЙ, Григорий Дмитриевич.",,,
9081,Кудесник: Историческая повесть.,"ПОЛЕВОЙ, Петр Николаевич.",,,
9082,Кудесник: Роман в 2-х ч.,"САЛИАС, Е. А. (САЛИАС ДЕ ТУРНЕМИР, Евгений Андреевич).",,,
9083,Кудесник Василиск или Освобождение узников: Народное сказание.,С. А. С.,,,
9084,Кудесник XVI-ro столетия: Фанта- стическая феерия в 5-ти д. (Из старорусских времен).,"БЕРКУТОВ, Д. А. (САМОЙЛОВ-ХОТЕВ, Дмитрий Аркадьевич), ИВАНОВ, С. (НАПОЙКИН, Семен Иванович).",,,
9085,Кудесники XX века или (Хироманты): Комедия-фарс в 2-х д.,"ГЗОВСКИЙ, Александр Осипович.",,,
9086,Кудеяр: Историческая хроника в 3-х кн.,"КОСТОМАРОВ, Николай Иванович.",,,
9087,Кудеяров вир: Повести.,"КРУТИКОВ, Дмитрий Иванович.",,,
9088,Кудеяров стан: Повесть.,"АЛЕКСАНДРОВ, Юрий (ЛИПКИНГ, Юрий Александрович) .",,,
9089,Кудлатая хорошая собака: Повесть и рассказы.,"ЛАВРОВ, Илья Михайлович.",,,
9090,Кудлаш: Рассказ.,"ФЕДОРОВ-ДАВЫДОВ, Александр Александрович.",,,
9091,Кудри золотые.,Имя авт. не установлено.,,,
9092,Кудрявые дни: Повесть.,"КИРИЛЕНКО, Иван Ульянович.",,,
9093,Кудрявый вяз: Рассказы.,"ХАРИТА-НОВИЧ, Эдуард Брониславович.",,,
9094,Кузбасские записи.,"НИКИТИН, Михаил Александрович.",,,
9095,Кузен Базилио: Роман.,"ЭСА ДЕ КЕ-РОС (ЭСА ДЕ КЕЙРОШ, Жозе Мария).",,,
9096,"Кузен из Ярославля: (Кузен); Подарок генерала: (Вот тебе орден, вот тебе фрак). Миниатюры.","КИРЕЕВ-ГАТЧИНСКИЙ, А. А.",,,
9097,Кузен Понс.,"БАЛЬЗАК, Оноре де.",,,
9098,Кузина Бетта.,"БАЛЬЗАК, Оноре де.",,,
9099,Кузиночка: Комедия в 3-х д.,"МЕЛЬ-ЯК, Г. (МЕЛЬЯК, Анри).",,,
9100,Куз-курпячь: Башкирская повесть.,Имя авт. не установлено.,,,
9101,Кузнец: Роман.,"ОНЭ, Жорж (ОНЕ, Жорж).",,,
9102,Кузнец Вакула: Сказка.,"ГОГОЛЬ, Николай Васильевич.",,,
9103,Кузнец Демидыч и его потомки: Исторический рассказ.,"СИЗОВА, Александра Константиновна.",,,
9104,Кузнец и плотник.,СУНЬ ЛИ.,,,
9105,"Кузнец и черт: Рассказ о том, как кузнец Вакула верхом на черте ездил в Питер за полусапожками.","ГОГОЛЬ, Николай Васильевич.",,,
9106,Кузнец-командир: Рассказы.,"ФЕДОРОВ, Петр Иванович.",,,
9107,Кузнец Кюкюр: Драма в 4-х д.,"СИВ-ЦЕВ-ОМОЛЛОН, Д. (СИВЦЕВ, Дмитрий Кононович).",,,
9108,Кузнец Макарка: Рассказ из народного быта.,"ПАХОМОВ, Иван (ШАХНОВСКИЙ, Иван Константинович).",,,
9109,Кузнец-механик: Повесть.,"ПЕРЕЛЫ-ГИН, Николай Иванович.",,,
9110,Кузнец Микулин.,"ФРОЛОВ, Александр Сергеевич.",,,
9111,Кузнец миллионов: Пьеса в 5-ти д.,"КЛЯЙНАЙДАМ, Хорст.",,,
9112,"Кузнец Пегов: Трагедия любви, ума и пьянства. В 2-х ч., 4-х д.","ГИРИН, И.",,,
9113,Кузнец-преступник или Железо на наковальне.,Имя авт. не установлено.,,,
9114,Кузнец своего счастья.,"КЕЛЛЕР, Готфрид.",,,
9115,"Кузнец, сын кузнеца.","ДОБРОВОЛЬСКИЙ, Евгений Николаевич.",,,
9116,Кузнецкий мост: (В стихах).,"ПОТАПОВ, Василий Федорович.",,,
9117,Кузнецкий мост: Роман.,"ДАНГУЛОВ, Савва Артемьевич.",,,
9118,Кузнецовская хроника: Очерки.,"ШАПОШНИКОВА, Вера Дмитриевна.",,,
9119,Кузнецы: [Документальная повесть].,"ТОРОХОВ, Борис Михайлович.",,,
9120,Кузнецы: [Новые стихи].,"ТУЧКОВ, Иван Николаевич.",,,
9121,Кузнецы: Повесть в стихах.,"КОПЫ-ТИН, Василий Яковлевич.",,,
9122,Кузнецы: Роман. Ч. 1-4.,"СУЛЬЕ, Фридрих (СУЛЬЕ, Фредерик).",,,
9123,Кузнецы: Трудовые песни.,"ШКУЛЕВ, Филипп Степанович.",,,
9124,Кузнецы будущего: Повесть.,"ЛАЦИС, Вилис Тенисович.",,,
9125,Кузнецы грома.,"ГОЛОВАНОВ, Ярослав Кириллович.",,,
9126,Кузнецы-кузнечики.,"ЛЮБИЧ-КОШУ-РОВ, Иоасаф Арианович.",,,
9127,Кузнечик: Повесть.,"ТИХОМИРОВ, Олег Николаевич.",,,
9128,Кузнечик-музыкант: Шутка в виде поэмы.,"ПОЛОНСКИЙ, Яков Петрович.",,,
9129,Кузнечик-музыкант и попрыгунья-стрекоза: Рассказ.,"КОЛОКОЛЬНИКОВА, Вера Яковлевна.",,,
9130,Кузница: Рассказ.,"ОСТРОУМОВ, Лев Евгеньевич.",,,
9131,Кузница в тайге: Рассказ.,"ЛЕВЧЕНКО, Николай.",,,
9132,Кузу или Австралийский опоссум.,"ЧЕГЛОК, Александр.",,,
9133,"Кузька, мордовский бог: Повесть из истории мордовского народа.","К... (КРАСОВСКИЙ, Петр М.).",,,
9134,Кузькины затеи: Деревенская комедия в 2-х д.,"ТРАХТЕНБЕРГ, Валентин Артурович.",,,
9135,Кузьма Даров; Детство Кузьки; Бессознательным путем; Катастрофа; К жизни.,"БЕССАЛЬКО, Павел Карпович.",,,
9136,Кузьма Доброхим.,"ОРЛОВЕЦ, П.",,,
9136а,Кузьма Минин: [Роман].,"КОСТЫЛЕВ, Валентин Иванович.",,,
9137,Кузьма Миронов: Роман из крестьянской жизни.,"СОКОЛОВ, Александр Алексеевич.",,,
9138,Кузьма Петрович Мирошев: Русская быль времен Екатерины П.,"ЗАГОСКИН, Михаил Николаевич.",,,
9139,Кузьма Рощин.,"ЗАГОСКИН, Михаил Николаевич.",,,
9140,"Кузьма Рощин — волжский разбойник: Повесть из 17-го века, основанная на древнем преданье. В 2-х ч.",Имя авт. не установлено.,,,
9141,Кузьма Рощин — рязанский разбойник: Роман в 2-х ч.,Имя авт. не установлено.,,,
9142,Кузьма-укрепитель: Рассказы.,"РАДОВ, Георгий.",,,
9143,Кузьма Ферапонтыч: Народная сказка в стихах.,Е.,,,
9144,Кузьма Хлопушкин: Фронтовой рассказ.,"БЕДНЫЙ, Демьян.",,,
9145,Кузьминские сады: Рассказы и повести.,"ШУРТАКОВ, Семен Иванович.",,,
9146,Кузя: [Рассказ].,"ШАДРИН, Иларий Григорьевич.",,,
9147,Кузя: Рассказ для детей.,"ВУЧЕТИЧ, Николай Гаврилович.",,,
9148,"Куй железо, пока горячо: Пролетарские басни.","БЕДНЫЙ, Демьян.",,,
9149,Кук покидает гавань.,"КАНИЕВ, Рамазан Алиевич.",,,
9150,Кукарача: Новые фельетоны.,"НА-РИНЬЯНИ, Семен Давыдович.",,,
9151,Кукиш в кармане: Между действие в 2-х диалогах.,"ГОРИН-ГОРЯЙНОВ, Борис Анатольевич.",,,
9152,Кукла; Пожизненный раб: [Рассказы].,"АНДЕРСЕН-НЕКСЕ, Мартин.",,,
9152а,Кукла: Рассказ.,"ЛЕОНОВ, Леонид Максимович. ",,Деревянная кукла...,
9153,Кукла: [Рассказ для юношества].,"ЖЕЛИХОВСКАЯ, Вера Петровна. ",,Во имя долга...,
9154,Кукла: Рассказы.,"ЖУПАН, Иосиф Васильевич.",,,
9155,Кукла: Роман.,"ПРУС, Болеслав.",,,
9156,Кукла госпожи Барк: Роман.,"МУ-ГУЕВ, Хаджи-Мурат Магометович.",,,
9157,Кукла и женщина: Современный роман из американской жизни.,"ГЕРШСГЕЙ-МЕР, Джозеф.",,,
9158,Кукла и комедиант: Роман и повести.,"ЛАМ, Висвалдис Альфредович.",,,
9159,Кукла Надя и другие: Волшебная история в 3-х д.,"КОРОСТЫЛЕВ, Вадим Николаевич.",,,
9160,"Кукла умненькой девочки: Небольшая история с присоединением сказок, басен и повестей.",Имя авт. не установлено.,,,
9161,Ку-Клукс-Клан: [Рассказ].,Имя авт. не установлено.,,,
9162,Ку-Клукс-Клан: [Роман].,"ДЕСБЕР-РИ, Лоренс X. (ДЕСБЕРИ, Лауренс Г.).",,,
9163,Куклы: Новеллы.,"САНЬЯЛ, Прободх Кумар.",,,
9164,Куклы маленькой царевны: (Сказка).,"ТОЛСТОЙ, Алексей Константинович. ",,Змей-Тугарин...,
9165,Куклы Парижа: Рассказы.,"ФОРШ, Ольга Дмитриевна.",,,
9166,Куколка: Комедия в 3-х д.,"ДАНСЕ-НЕЙ, Р. (ДАНСЕНИ, Робер), ПЕТЕР, Рене.",,,
9167,Куколка: Повесть.,"ПРЕВО, Марсель.",,,
9168,Кукольная комедия.,"ЛАГОДА, Валентин.",,,
9169,Кукольная швея.,"АЛТАЕВ, Ал.",,,
9170,Кукольный дом: (Нора). Драма в 3-х д.,"ИБСЕН, Генрик.",,,
9171,Кукольный магазин: Рассказ.,"МА-МИН-СИБИРЯК, Дмитрий Наркисович.",,,
9172,Кукты Чапогир готовится в дорогу: Повесть.,"ГЛУЩЕНКО, Валентин Федорович.",,,
9173,Ку-ку: Комедия в 3-х д.,"КАРЕЕВ, Федор Дмитриевич.",,,
9174,Куку летели на юг: Рассказы.,"ХОД-ЖЕР, Григорий Гибивич.",,,
9175,Куку-охотник: Рассказ.,"ШВЕДЕР, Евгений Иосифович.",,,
9176,Кукуреку.,"МОПАССАН, Гюи де (МОПАССАН, Ги де). ",,Поездка за город...,
9177,Кукуреку! или Необыкновенное происшествие на птичьем дворе: Рассказ.,"БЕРНАРДО, Ф.",,,
9178,Кукушка: [Рассказ].,"ПАНОВ, Иван Степанович.",,,
9179,Кукушка: Фарс в 3-х д.,"ВЕН, Жорж, ГАВО, Поль.",,,
9180,Кукушка все кукует: Три пьесы.,"ТЕРЕНТЬЕВ, Николай Терентьевич.",,,
9181,Кукушка и орел.,"КРЫЛОВ, Иван Андреевич.",,,
9182,Кукушка и петух.,"КРЫЛОВ, Иван Андреевич.",,,
9183,«Кукушка» и электровоз.,"БЕРИНГОВ, Петр.",,,
9184,Кукушка кукует: Драма в 4-х д.,"ОЛЬШЕВСКАЯ, Франциска Леопольдовна.",,,
9185,"Кукушка, кукушка, сколько мне жить?: Лирические повести и миниатюры.","СОЛОДНИКОВ, Геннадий Николаевич.",,,
9186,Кукушкин камень: Повесть.,"МАЛАР-ЧУК, Георге Павлович.",,,
9187,"Кукушкин сын: Повести, рассказы.","СОЛОУХИН, Валентин Алексеевич.",,,
9188,Кукушкина осень: Диалоги в 2-х ч.,"БОДЫКОВ, Оразбек.",,,
9189,Кукушкины слезы.,"БУДИЩЕВ, Алексей Николаевич. ",,Пробужденная совесть...,
9190,Кукушонок: Повесть.,"БАТЫРБАЕВ, Тимофей Батырбаевич.",,,
9191,Кулагер: Стихи и поэмы.,"ДЖАНСУ-ГУРОВ, Ильяс.",,,
9192,Кулак: Поэма.,"НИКИТИН, Иван Саввич.",,,
9193,"Кулак: Поэма в 6-ти карт, с прологом. Инсценировка.","ДЕЕВ-ХОМЯКОВСКИЙ, Григорий Дмитриевич.",,,
9194,Кулак: Рассказ.,"ЛЕОНОВ, Иван. ",,Каторжник...,
9195,Кулак: Рассказ.,"СИВАЧЕВ, Михаил Гордеевич.",,,
9196,Кулак и бедняк: Пьеска.,"КИСЕЛЕВ, Федор Герасимович.",,,
9197,Кулак и колхозник: Пьеса в 2-х карт.,"АНЧАРОВ, Михаил.",,,
9198,Кулак и радио.,"АРХАНГЕЛЬСКИЙ, Александр Григорьевич.",,,
9199,Кулак Орефьев и мужики-простаки.,"ЗАВРАЖНЫЙ, Григорий. ",Сказ о кулаке Орефьеве и им надутых мужиках.,,
9200,Кулак Тарас и батрак Опанас.,"ФРОЛОВ, Евст. ",,,
9201,Кулацкая компания.,"ЧУРИЛИН, Иван.",,,
9202,Кулачный бой.,"ЧЕРСКИЙ, Леонид Федорович.",,,
9203,Кулек червонцев: Комедия в 3-х д.,Имя авт. не установлено.,,,
9204,Кули: Рассказ из китайской жизни.,"СЕРОШЕВСКИЙ, Вацлав.",,,
9205,Кули: [Роман].,"АНАНД, Мулк Радж.",,,
9206,Кули германского кайзера: Повесть из жизни германского военного флота.,"ПЛИВ-НЕР, Теодор. ",Кули кайзера: Роман из жизни германского военного флота.,,
9207,Кули кайзера: Роман из жизни германского военного флота.,"ПЛИВЬЕ, Теодор (ПЛИВНЕР, Теодор).",,,
9208,Кули чайных плантаций.,"ТАГОР, Су-миндранат (ТАГОР, Шоумендранат).",,,
9209,Кулибин.,"ЯНОВСКАЯ, Жозефина Исааковна.",,,
9210,Кулик: Повесть.,"ВЕЛИЕВ, Сулейман Вели оглы.",,,
9211,Кулик: Повесть.,"ГРЕБЕНКА, Евгений Павлович. ",,Рассказы Пирятинца...,
9212,Кулики своих болот.,"ЩЕГЛОВИ-ТОВ, Александр Тихонович.",,,
9213,Куликовка: Поэма.,"ГАЛКИН, Василий Михайлович.",,,
9214,Куликовская битва: Исторический рассказ.,"КУКЕЛЬ (ЛУНИН, В. А.).",,,
9215,Кулисы: Роман.,"ЛЕСЮЕР, Даниэль.",,,
9216,Кулисы: Роман; Старые венки: Повесть; Своим судом: Рассказ.,"НЕМИРОВИЧ-ДАНЧЕНКО, Василий Иванович.",,,
9217,Кулич: Пьеса в 3-х д.,"КРЕПУС-КО, С. М.",,,
9218,Кулич: [Рассказ].,"КОЗЫРЕВ, Михаил Яковлевич. ",,Квартира...,
9219,Кулич: [Рассказ].,"ТЭФФИ, Н. А. ",,Предпраздничное...,
9220,Куличок: Рассказ.,"ШОШИН, Михаил Дмитриевич.",,,
9221,Куллерберг или Как гуляли петербургские немцы на Иванов день: Юмористическая повесть-жанр; В Галерной гавани: Юмористические сценки; Сон в душный летний вечер; Здесь близко или Коротенькая шутка в длинном рассказе.,"ГЕНСЛЕР, Иван Семенович.",,,
9222,Куло-прокаженный: Рассказы.,"ЛОНДОН, Джек. ",,,
9223,Культ порока: Комедия в 4-х д.,"ЛА-ВЕДАН, Анри Леон.",,,
9224,Культармейские рассказы.,"КОЗИН, Василий Евдокимович.",,,
9225,Культармейцы.,"КУРАЕВ, А.",,,
9226,Культурное болото: Повесть-трилогия.,"ПОКРОВСКИЙ, Николай Николаевич.",,,
9227,Культурное убийство: Драма в 4-х д.,"ИГНАТЬЕВ, Василий Ильич.",,,
9228,Культурно-исторические повести.,"РИЛЬ, Вильгельм Генрих.",,,
9229,Культяпые олени: Повести и рассказы.,"БАХРЕВСКИЙ, Владислав Анатольевич.",,,
9230,Кулябская осада: Пьеса в 3-х д.,"ВЛАДИМИР ЭХ (ПЕТРОВ, Владимир).",,,
9231,Кум Иван: Историческая быль.,"МОРДОВЦЕВ, Даниил Лукич.",,,
9232,Кум королю: Комедия в 2-х д.,"СТЕЛЬМАХ, Михайло (СТЕЛЬМАХ, Михаил Афанасьевич) .",,,
9233,"Кум королю: Юмористические рассказы, зарисовки, фельетоны.","ПЕТРОВ, Иван Федорович.",,,
9234,Кум Лукьян: Комедия в 1-м д.,"ГРАДОВ, Григорий.",,,
9235,Кум Лукьян: Рассказ из народного быта.,"БАЛАГУР, Фома.",,,
9236,Кум Матвей или Превратности чело- веческого ума: Ч. 1-4.,"ДЮЛОРАН, Анри Жозеф.                   ",,,
9237,Кум-пожарный: Шуточные сценки в 1-м д.,"ЛЕЙКИН, Николай Александрович.",,,
9238,"Кум-сват: Быль XVI в. из времен Иоанна IV-ro, еще не Грозного. Стихотворный рассказ. А...",Е...,,,
9239,Кум Тимофей: Историческая быль из времен царствования Иоанна Ш-го (1492— 1500 г.).,Имя авт. не установлено.,,,
9240,Кума-затейница: Пьеса в 1-м д.; Девичья хитрость: Пьеса в 1-м д.,"КРУЧЕНЫХ, Алексей Елисеевич.",,,
9241,Кума-лиса: Двадцать басен.,"КРЫЛОВ, Иван Андреевич.",,,
9242,Кума Матрена: Рассказ из народного быта.,"БАЛАГУР, Фома.",,,
9243,Кумаонские людоеды.,"КОРБЕТТ, Джим.",,,
9244,Кумар Майтра: Рассказ.,"ШИШ КО, Анатолий Валерьянович.",,,
9245,Кумач и звезды: Стихи.,"ЗЕМНОЙ, Вадим Павлович.",,,
9246,Кумачный дед: Стихотворения.,"ЗЕМЛЯК, Дм. (ГОРШКОВ, Дмитрий Александрович) .",,,
9247,Кумачовая сказка: Рассказ.,"ШИЛЬД-КРЕТ, Константин Георгиевич.",,,
9248,Кумачовое утро: (Очерки современной деревни).,"ПОГОДИН, Николай.",,,
9249,Кумачовые гулянки: Хороводные игры.,"БАЯН, Вадим.",,,
9250,Кумачовые журавли: Стихи.,"ЕРАН-ЦЕВ, Алексей Никитович.",,,
9251,Кумачовый платок.,"АСТАФЬЕВА, Наталья Георгиевна.",,,
9252,Кумби: Научно-фантастические повести.,"ГОР, Геннадий Самойлович.",,,
9253,Кумир: Комедия.,"ЛАВЕДАН, Анри Леон.",,,
9254,Кумир: Комедия в 3-х д.,"ВАНДЕ-РЕМ, Фернанд (ВАНДЕРАМ, Фернанд).",,,
9255,Кумир: Комедия в 4-х д.,"БОРИСОВ, Николай Александрович.",,,
9256,Кумир низверженный — все ж бог: Пьеса в 4-х д.,"ФЕРОДИ, М.",,,
9257,Кумир толпы: Повесть.,"ЛАЦИС, Ви-лис Тенисович. ",,Виновные...,
9258,Кумиры: Роман.,"ЛОКК, Уильям Джон.",,,
9259,Кумиры мистера Таскера.,"ПОУИС, Теодор Френсис.",,,
9260,Кумова кровать: Сказка.,Имя авт. не установлено.,,,
9261,Кумуш-Тау — алые снега: Рассказы.,"ТУМАНОВА, Зоя Александровна.",,,
9262,Кумушка и планета: Басни. Пародии.,"БЕЛОМОР, Егор (СУФТИН, Георгий Иванович) .",,,
9263,Кумушки: Комедия в 4-х д.,"ШИ ГАРИН, Николай Дмитриевич.",,,
9264,Кумушки и свахи: Свежие новости из мешка шалуна-юмориста.,"ЕВСТИГНЕЕВ, Миша (ЕВСТИГНЕЕВ, Михаил Е.).",,,
9265,Кумяки.,"МАРХВИЦА, Ганс.",,,
9266,Кунарду или Колодец в тени.,"ПРИЧАРД, Катарина Сусанна.",,,
9267,Кунигас: Роман из литовской старины.,"КРАШЕВСКИЙ, Юзеф Игнацы.",,,
9268,"Куно фон Кибург взял серебряный локон обезглавленного и уничтожил тайный суд инквизиции: История предков, рассказываемая сочинителем Черных братий. Ч. 1-4.","ЦШОККЕ, Генрих.",,,
9269,Купава: Повесть.,"ФИЛЕВ, Аркадий Александрович.",,,
9270,Купава: Роман одного художника.,"ГРЕБЕНЩИКОВ, Георгий Дмитриевич.",,,
9271,Купава: Стихи.,"МЕРЗЛИКИН, Леонид Семенович.",,,
9272,Купавна: Стихи.,"ФЛЕРОВ, Николай ",,,
9273,Купалка: Стихи.,"ЛОСЬ, Евдокия Яковлевна.",,,
9274,Купальщик с инеем: Юмористические рассказы.,"РЫБАК, Зиновий Фотиевич.",,,
9275,Купальные огни: (Огни Ивановой ночи). Трагедия в 4-х д.,"ЗУДЕРМАН, Герман.",,,
9276,Купальные огни: Роман.,"ГНЕДИЧ, Петр Петрович.",,,
9277,Купальщики.,"БУШ, Вильгельм. ",,Вороненок...,
9278,Купальщица Сусанна: Комедия в 4-х д.,"УПИТ, Андрей Мартынович.",,,
9279,Купель: Книга стихов.,"КАФАНОВ, Алексей Витальевич.",,,
9280,Купец Аксенов: Рассказ в 2-х ч.,Имя авт. не установлено.,,,
9281,Купец в пироге: (Быль).,Имя авт. не установлено.,,,
9282,Купец Дергачев: (Поневоле будешь папенька). Комедия в 5-*ти д.,"МОРОЗОВ, Яков Иванович (МАЩЕРОВСКИЙ, Я.).",,,
9283,Купец Иголкин: Быль из времен Петра Великого.,"БОГОЛЮБОВ, Николай Петрович.",,,
9284,Купец Иголкин: (Историческая быль из времен Петра Великого).,"ПОЛЕВОЙ, Николай Алексеевич.",,,
9285,Купец Иголкин и его подвиг: Историческая быль времен Петра Великого.,"ПА-ЗУХИН, Николай Михайлович.",,,
9286,«Купец Козырев» и другие рассказы.,"ГОРДИК, Иван Калистратович.",,,
9287,Купец-лабазник или Выгодная женитьба: Комедия в 3-х д.,"ВЛАДЫКИН, Михаил Николаевич.",,,
9288,Купец Лыков: Снимок с натуры в 1-м д.,"ЗЛАТОКУДРОВ (ЛУКЬЯНОВ, Александр Александрович).",,,
9289,Купец окрутился.,"ЛЕЙКИН, Николай Александрович.",,,
9290,Купец памятник заказывает: Смешные рассказы Фиши Чудака.,ФИША ЧУДАК-,,,
9291,Купец Парамонов: Трагедия земли и денег в 4-х д.,"ГИРИН, И.",,,
9292,Купец Подсолов и приказчик его Иван Андреевич: Очерк из купеческого быта в 2-х ч.,"П-О, Н. Ф.",,,
9293,Купец пришел: Повествование о разорившемся дворянине и разбогатевших купцах.,"ЛЕЙКИН, Николай Александрович.",,,
9294,"Купец с Кавказа, а купчиха из Сибири: Фарс-шарж в 1-м д.","ПОМПА-ЛИР-СКИЙ, А. (ПОПАНДОПУЛО, Александр Николаевич) .",,,
9295,Купец Скотобойников: [Из романа «Подросток»].,"ДОСТОЕВСКИЙ, Федор Михайлович.",,,
9296,"Купец, скупец и Антошка-мудрец: Повесть.","КРАЕВСКИЙ, Александр.",,,
9297,Купец Широкозадое: Рассказ.,"ГУ-СЕВ-ОРЕНБУРГСКИЙ, Сергей Иванович.",,,
9298,Купеческая дочка и чиновник 14-го класса: Комедия-водевиль в 1-м д.,"СОКОЛОВ, Н. С.",,,
9299,"Купеческая лавка, запертая сыном после смерти родителя своего, и речь, произнесенная при трогательном прощании рядовичей с купеческим сыном, выходящим из пустой лавки.","ОРЛОВ, Александр Анфимович.",,,
9300,Купеческий сынок или Следствие неблагоразумного воспитания: Нравственносатирический роман.,Имя авт. не установлено.,,,
9301,Купил дуду на свою беду: Бытовая комедия в 4-х д.,"СОКОЛОВ, Константин Леонидович.",,,
9302,Купите Голландию: Стихи.,"ЛАСТ, Иеф (ЛАСТ, Йосеф Карел).",,,
9303,"Купите, граждане: Комедия в 3-х сценах.","ЧЕКИН, Игорь Вячеславович.",,,
9304,«Купите мимозу»: Стихи.,"ЛЮБА-ЦАРТ, Мимоза.",,,
9305,Купите револьвер: (Покушение). Трагикомедия в 7-ми карт.,"ИЛЛЕШ, Бела.",,,
9306,Купите трембиту!: Рассказы.,"ГО-ДЕНКО, Михаил Матвеевич.",,,
9307,Купленная невеста: Повесть.,"ПАЗУ-ХИН, Алексей Михайлович.",,,
9308,Купленные мальчики: Рассказ.,"КОРОЛЕНКО, Владимир Галактионович.",,,
9309,Купленный выстрел: Водевиль в 1-м д. (Подражание франц. Furnished apartment).,"БОЙКОВ, Сергей Иосифович.",,,
9310,Купленный выстрел: Роман в 2-х ч.,"ДОБРОНРАВОВ, Николай Евгеньевич.",,,
9311,Купленный выстрел или Шайка отравителей: Уголовный роман.,Имя авт. не установлено.,,,
9312,Купленный митрополит или Рогожские миллионы: Роман из истории раскола. В 2-х ч.,"РЫСКИН, Сергей Федорович.",,,
9313,Купленный муж: Драма в 5-ти д.,"КАРЕЕВ, Федор Дмитриевич.",,,
9314,Купленный муж: Роман.,"РИВАЛЬ, В. А. (ПРОХОРОВ, Владимир Алексеевич).",,,
9315,Куплеты на конфекты про житейские предметы.,С. С.,,,
9316,Куплеты несчастного жениха и несчастной невесты.,"ДЖЕМШИДОВ, Герасим Ни-китьевич.",,,
9317,Купля и продажа: Комедия в 5-ти д.,"ЗАХАРЬЯШЕВИЧ, Иван.",,,
9318,Купол на Кельме.,"ГУРЕВИЧ, Георгий Иосифович, ОФФМАН, Петр Евгеньевич.",,,
9319,Купола.,"ПАРФЕНТЬЕВ, Виктор Иванович.",,,
9320,Купон 44: Роман.,"ЖИЛЛЕС, Дани-ель.",,,
9321,Купорос: Сатирические стихи.,"СМА-ХАНУЛЫ, Шона.",,,
9322,Куприн — мой отец.,"КУПРИНА, Ксения Александровна.",,,
9323,Куприян: Рассказ.,"АРЦЫБАШЕВ, Михаил Петрович.",,,
9324,Куприян Волков: Драма в 4-х актах для крестьянского театра.,"БРАТЮЩЕН-КО, В. X.",,,
9325,Купцы времен Грозного царя.,"ДМИТРИЕВ, Дмитрий Савватеевич.",,,
9326,"Купчик-кутило на улице, дома и в трактире: Сцены.","ЕВСТИГНЕЕВ, Миша (ЕВСТИГНЕЕВ, Михаил Е.).",,,
9327,Купчиха в тесте; «Сон Титюльки-на» и «Влопались»...: Рассказы из купеческого быта.,"ШУХМИН, Христофор Алексеевич.",,,
9328,Купчиха-вдовушка и замоскворецкая сводня: (Поэма в 3-х ч.).,"ЗОТОВ, Михаил.",,,
9329,Курай: Повести.,"ПОГИЛЬДЯКОВ, Вениамин Васильевич.",,,
9330,Курам на смех: Фельетоны.,"ВОРОБЬЕВ, Николай Яковлевич.",,,
9331,Куранты любви.,"КУЗМИН, Михаил Алексеевич.",,,
9332,Курбанали-бек: Рассказы.,"МОЛЛА-НАСРЕДДИН (МАМЕДКУЛИЗАДЕ, Джа-лил).",,,
9333,Курга: Баллада.,"ИРТЫШЕВ, Михаил.",,,
9334,Курган; Бондаровна; Могила льва: Три поэмы.,"КУПАЛА, Янка.",,,
9335,Курган: Повести и рассказы.,"ШУТОВ, Иван Никитич.",,,
9336,Курган: Роман.,"ЖУРАВЛЕВ, Тихон Кононович.",,,
9337,Курган Матвеев: Сказание.,"ФЛО-РЕНСОВ, Я.",,,
9338,Курганские комиссары.,"ПЛЮЩЕВ, Владимир Алексеевич.",,,
9339,Курганы: Роман.,"КАЛИНИН, Анатолий Вениаминович.",,,
9340,Курдский пастух.,"ШАМИЛОВ, Араб Шамоевич.",,,
9341,"Курейка, станок рыбацкий...: Стихи.","ЛИСОВСКИЙ, Казимир Леонидович.",,,
9342,Куриловы острова: Повесть.,"ЗБА-НАЦКИЙ, Юрий.",,,
9343,Курильщик опиума: Комедия в 1-м д.,"КСАНРОФ, Леон.",,,
9344,Курильщики опиума.,"ФАРРЕР, Клод. ",В чаду опиума.,,
9345,"Куриная бригада: Пьеса в 2-х карт, для детского самодеятельного театра.","ГУ-ШАНСКИЙ, С., САЖИН, Зиновий Абрамович.",,,
9346,Куриная карьера: Басни и эпиграммы.,"ФОТЬЕВ, Николай Иванович.",,,
9347,Куриная мать: Рассказ.,"ПЛАТО-НЫЧ, Н.",,,
9348,Куриная слепь: Рассказы.,"СУХОТИН, Павел Сергеевич.",,,
9349,Куриный переполох.,"БОРОДКИН, Николай Егорович.",,,
9350,Курить хочется.,"Д'ОР, О. Л.",,,
9351,Курица с утятами: Водевиль. В 1-м д.,"РАССУДОВ, Михаил Иванович.",,,
9352,Куркли смеется.,"БУТАЕВ, Магомед Джалалутинович.",,,
9353,Куркулион.,"ПЛАВТ, Тит Макций.",,,
9354,Курланы верхние и нижние.,"БОЖИЧ, Марко.",,,
9355,Курмангазы: Поэма.,"ЕРГАЛИЕВ, Хамид Ергалиевич.",,,
9356,Курмояровы: Рассказы и очерки.,"НИКИТИН, Петр Аркадьевич.",,,
9357,Курносая.,"ЗАМЧАЛОВ, Григорий Емельянович.",,,
9358,Курорт.,"ЗЕЛЕНЕЦКИЙ, Иван Иванович.",,,
9359,Курортная Афродита.,"ГАЛКИН, Лев Абрамович.",,,
9360,Курортная литература.,"БЛАГОВ, Федор Федорович. ",,Премудрость...,
9361,Курортные новеллы.,"ЛЕВАНДОВ-СКИЙ, В.",,,
9362,Куросиво: Роман.,ТОКУТОМИ РОКА.,,,
9363,Курочка-тихоня.,"ШАТИЛОВ, Борис Александрович.",,,
9364,«Курре» и другие рассказы.,"ХАМ-МАРСТРЕМ, Нанни.",,,
9365,Курс ведет к опасности: Повесть.,"ДУБРОВСКИЙ, Владимир Георгиевич.",,,
9366,Курс на маяки.,"ПИЛЬЩИКОВ, Михаил Иванович, ПИЛЮЦКИЙ, Николай Данилович",,,
9367,Курс N by Е.,"КЕНТ, Рокуэлл.",,,
9368,Курс норд: Рассказы.,"СТРОКОВ-СКИЙ, Николай Михайлович.",,,
9369,Курсант Музафар.,"МАКСИМОВ, Михаил Алексеевич.",,,
9370,Курсанты: Повесть.,"ПРОНЯКИН, Юрий Федорович.",,,
9371,Курсанты: [Повесть].,"РОСИН, Вениамин Ефимович, СУСЛОВ, Владлен Алексеевич.",,,
9372,Курсанты: Рассказы.,"ГЕЛЛЕР, И.",,,
9373,Курсистка: Повесть. Ч. 1-2.,"МЕЩЕРСКИЙ, Владимир Петрович.",,,
9374,Курсистка: Роман в 3-х ч.; Волостной старшина: (Рассказ).,"СОКОЛОВ, Александр Алексеевич.",,,
9375,Курсистки: Роман.,"РЕВАЛЬ, Габриель.",,,
9376,Курская дуга: Роман.,"КОНДРАТЕНКО, Виктор Андреевич.",,,
9377,Курская тетрадь: Стихи.,"ГУДЗЕНКО, Семен Петрович, ЛМ",,,
9378,Курские порубежники: Исторический роман в 3-х ч.,"МАРКОВ, Владислав Львович.",,,
9379,Курский перевал.,"МАРКИН, Илья Иванович.",,,
9380,Курт: (Из гимназических воспоминаний).,"ЗАРИН, Андрей Ефимович.",,,
9381,Куртизанка: Роман в 2-х ч.,"ША-ВЕТ, Евгений (ШАВЕТТ, Эжен). ",Куртизанка Шиф-фард.,,
9382,Куртизанка Шиффард: Роман. Ч. 1-2.,"ШАВЕТТ, Эжен.",,,
9383,Куртизанки двух веков: Пьеса в 1-м д.,"КРУАССЭ, Франо де (КРУАССЭ, Франсис де).",,,
9384,Куртка шахтера.,"МУХИН, Владимир Евграфович.",,,
9385,Курумилла: Роман.,"ЭМАР, Гюстав.",,,
9386,Курчата: Юмористические рассказы.,"ЕВТУШЕНКО, Владимир Яковлевич.",,,
9387,Куры: Рассказ.,"ВАДЗИНСКАЯ, А.",,,
9388,Курымушка: Повесть.,"ПРИШВИН, Михаил Михайлович.",,,
9389,Курыниха: (Суд над знахаркой). Пьеса Ленинградского пролеткульта. 1925 г.,Имя авт. не установлено.,,,
9390,Курычанские прихожане.,"ГУСЕВ-ОРЕНБУРГСКИЙ, Сергей Иванович.",,,
9391,Курьезное происшествие в (***) в театре или Бенефициант в хлопотах: Шутка в 1-м д. с дивертисментом. Л.,"П. Ц. (ЦАНДЕР, Лев Львович).",,,
9392,Курьер: [Рассказ].,"КАХАНА, Моисей Генрихович.",,,
9393,Курьер: Рассказ для юношества из геройской войны буров.,"СТРААДЕН, Анд-риес ",,,
9394,"Курьер ее величества: Этюд в 1-м д. Де-К,",Г. А. ,,,
9395,Курьерская свадьба: Шутка-водевиль в 1-м д.,"ОНИКС, Н. И. (ОЛЬХОВСКИЙ, Николай Иванович).",,,
9396,Курьерский поезд: (Роман).,"ЛЕ-СЕНН, Камилл, ТЕКСЬЕ, Эдмонд Огюст.",,,
9397,"Курьерский, тринадцать ноль три.","СОКОЛОВА, Наталья",,,
9398,Кусака.,"АНДРЕЕВ, Леонид Николаевич. ",,Жили-были...,
9399,Куски оторванные.,"МЕТТ, Георгий.",,,
9400,Кусок жизни.,"МАЗОВСКИЙ, Карл.",,,
9401,Кусок мяса: [Пьеса].,"ВЕНКСТЕРН, Наталья Алексеевна.",,,
9402,"«Кусок мяса» и другие рассказы. ЛОНДОН, Джек.",I-,,,
9403,Кусок неба: Рассказы  и повесть.,"МИЛЬКИН, Исаак Афанасьевич.",,,
9404,Кусок пирога: Рассказы.,"БАГМУТ, Иван Адрианович.",,,
9405,Кусок сахару.,"ИЛЕМНИЦКИЙ, Петер.",,,
9406,Кусок хлеба:  Повесть.,"ЛЕЙКИН, Николай Александрович.",,,
9407,Кусок хлеба:  Рассказ.,"КОЗАКОВ, Михаил Эммануилович.",,,
9408,Кусок хлеба:    Роман.,"НОРРИС, Чарлз.",,,
9409,«Кусок хлеба» и другие рассказы.,"КОППЕ, Франсуа.",,,
9410,Кусочек голубого неба: Рассказы.,"ГРЕКОВА, Елена Афанасьевна.",,,
9411,Кусочек сна; Кирпичница Мотя.,"КАРМЕН, Л. О.",,,
9412,Кусочек солнца: Стихи.,"МУХТАР, Аскад.",,,
9413,Кусочек хлебца; Петух: Рассказы.,"АГАРОНЯН, Аветис.",,,
9414,Куст калины: Стихи и песни.,"ПАЛЬ-КИН, Николай Егорович.",,,
9414а,Куст сирени: Рассказ.,"ОЖЕШКО, Элиза. ",,Хам...,
9415,Куст сирени: Рассказы.,"КУПРИН, Александр Иванович.",,,
9416,Кусты и зайцы: Роман.,"ГАНЗБУРГ, Яков Давидович.",,,
9417,Кутан Торгоев.,"КАНТОРОВИЧ, Лев Владимирович.",,,
9418,Кутенейский баран.,"ТОМПСОН-СЭТОН, Э. (СЕТОН-ТОМПСОН, Эрнест).",,,
9419,Кутерьма: Водевиль в 1-м д.,"ТАР-НОВСКИЙ, Константин Августинович.",,,
9420,Кутерьма: Комедия в 10-ти карт.,"ЧЕБОТАРЕВ, Г. А.",,,
9421,Кутила-мученик: Комедия-буфф в 4-х д.,"ГАНДИЛЬО, Леон (ГАНДИЙО, Леон).",,,
9422,Кутузов.,"РАКОВСКИЙ, Леонтий Иосифович.",,,
9423,Кутум.,"ПЕРЕГУДОВ, Александр Владимирович.",,,
9424,Кутя начинает бороться.,"ДОСТЯН, Ричи Михайловна.",,,
9425,Кухаренок: Повесть.,"СИМОНОВА, Ольга Ивановна.",,,
9426,Кухарка.,"ГРОССМАН, Василий Семенович.",,,
9427,"Кухарка в кринолине и ее похождения: Современная поэма в IX песнях, в прозе.","А. Н. (НЕСТЕРОВ, Александр Кононович).",,,
9428,Кухарка женится.,"ЧЕХОВ, Антон Павлович.",,,
9429,Кухаркин муж: Рассказ.,"КОВАЛЬСКИЙ, Казимир Адольфович.",,,
9430,Кухаркины дети: Комедия в 2-х д.,"САПОЖНИКОВА, М.",,,
9431,Кухаркины дети: Комедия в 3-х карт.,БРУШТЕИН. ,,,
9432,Кухаркины дети: Рассказ.,"МУЙ-ЖЕЛЬ, Виктор Васильевич.",,,
9433,Кухня поэта: Исповедь стихородителя.,"ШЕБУЕВ, Николай Георгиевич.",,,
9434,"Куц, «Малыш» и другие: Повести.","ЧУКРЕЕВ, Ванцетти Иванович.",,,
9435,Куцый: Рассказ из жизни на море.,"СТАНЮКОВИЧ, Константин Михайлович.",,,
9436,Куцый и хитрые волки.,"ЯКОВЛЕВ, Александр.",,,
9437,Куча денег: Три рассказа из воспоминаний банкрота.,"ПОГОССКИЙ, Александр Фомич.",,,
9438,Кучково на Москве (1147    г.).,"РАЗИН, Алексей Егорович.",,,
9439,Кучук — Кайнарджи: Рассказы бабушки в зимние сумерки. (Из татарского быта времен монгольского нашествия).,"ЕВ-СТИФЕЕВА, М. (ЕСТИФЕЕВА, Мария П.). ",Рассказы бабушки в зимние сумерки.,,
9440,Кушайте на здоровье.,"ТИХОНОВ, Владимир Алексеевич. ",,Морской заяц...,
9441,Кушак Шохрона: Повесть.,"МАЛАК-ШИНОВ, Платон Ильич.",,,
9442,Кушать нечего.,"БОБОРЫКИН, Петр Дмитриевич. ",,Ее воспитанница...,
9443,Куштангская трагедия: Быль.,"КЛЫ-ЧЕВ, Анна-Мухамед.",,,
9444,Куявский на аэроплане: Веселые куплеты.,"КУЯВСКИЙ, А.",,,
9445,Кызмет.,"МИРСКАЯ, А. (МАКА-РОВА-МИРСКАЯ, Александра Ивановна).",,,
9446,Кы-сы-мы.,"ЭКК, Николай Владимирович.",,,
9447,Кычан: Повесть.,"БЕЙШЕНАЛИЕВ, Шукурбек.",,,
9448,Кыштымская тетрадь: Стихи.,"ЩЕРБАКОВ, Василий Иванович.",,,
9449,Кыштымский зверь: [Исторические повести].,"ФЕДОРОВ, Евгений Александрович.",,,
9450,Кыштымцы: Роман.,"АНОШКИН, Михаил Петрович.",,,
9451,Кьоджинские перепалки: (Рыбаки). Комедия в 3-х д.,"ГОЛЬДОНИ, Карло.",,,
9452,Кьодино в цирке.,"АРДЖИЛЛИ, Марчелло, ПАРКА, Габриэлла.",,,
9453,Кэк — эскимосский мальчик.,"ИРВИН, Вайолет Мэри, СТЕФЕНСОН, Вильялмур.",,,
9454,Кэлин.,"ЭМИНЕСКУ, Михаил.",,,
9455,Кэнтервильское привидение: Фантастическая повесть; Патер и служка.,"УАЙЛЬД, Оскар. ",Дух Кэнтервиля.,,
9456,Кюйши: Поэма.,"ДЖАНСУГУРОВ, Ильяс.",,,
9457,Кюндэли: Лирическая повесть.,"ПОПОВ, Леонид Андреевич.",,,
9458,Кюрэ города Тур: Новелла.,"БАЛЬЗАК, Оноре де.",,,
9459,Кюхля.,"ТЫНЯНОВ, Юрий Николаевич.",,,
9459а,Кючюк шейлер: Мелочи.,"СЕЗАИ, Сами Пашазаде. ",,Сергюзешт... <letter>Л</letter>,
9460,Ла и Джо: Рассказ.,"ОКС, Виктор Борисович.",,,
9461,Лаба: Поэма.,"ГОРБАНЬ, Евгений Иванович.",,,
9462,Лаба поет: Стихи. Поэмы.,"ГАДА-ГАТЛЬ, Аскер Магамудович.",,,
9463,Лабазники-спекулянты: Пьеса в 4-х д.,"ЛОГИНОВ, Дмитрий Григорьевич.",,,
9464,Лабинские новеллы.,"ГРЕШНОВ, Михаил Николаевич.",,,
9465,Лабиринт: Драма в 3-х д.,"СОФРО-НОВ, Анатолий Владимирович.",,,
9466,Лабиринт: (Драма в 4-х д.).,ОЛЬШАНСКИЙ,,,
9467,Лабиринт: Драма в 4-х д.,"ПОЛЯКОВ, Соломон Львович.",,,
9468,Лабиринт: Мальчишечий роман.,"ЛИХАНОВ, Альберт Анатольевич.",,,
9469,Лабиринт: Памфлет в 3-х д. с прологом и эпилогом.,"ЛЕВИ, Паоло.",,,
9470,Лабиринт: Пьеса в 5-ти д.,"ЭРВЬЕ, Поль.",,,
9471,Лабиринт: Пьеса в 3-х актах.,"АРН, А.",,,
9472,Лабиринт: Роман.,"БРЕЗА, Тадеуш.",,,
9473,Лабиринт: Роман.,"ЭСТОНЬЕ, Эдуард.",,,
9474,Лабиринт: Роман. Кн. 1-2.,"НОГАМИ, Яэко.",,,
9475,Лабиринт: Стихи.,"ЛАКЕРБАЙ, Юрий Астамурович.",,,
9476,Лабиринт: Юмористические рассказы.,"ЛАСКИН, Борис Савельевич.",,,
9477,Лабиринты: Стихи.,"ЗИЕДОНИС, Имант Янович.",,,
9478,Лаборантка: Повесть и рассказы.,"ЕФИМОВ, Игорь Маркович.",,,
9479,Лаборатория в «Карточном домике»: Пьеса для детских театров в 2-х д.,"ЕФИМОВ, Игорь Маркович.",,,
9480,Лава: Историческая повесть.,"ГОЛУБЫХ, С. [!] (ГОЛУБЫХ, Михаил Дмитриевич) .",,,
9481,Лава: Повесть.,"БУЛАВИН, Михаил Яковлевич.",,,
9482,Лава: Повесть.,"ГОЛОВИН, Геннадий Никифорович.",,,
9483,Лава в будущее: Стихи.,"МОРЯК, В.",,,
9484,Лавгинов: Роман.,"КОЛОМАСОВ, Василий Максимович.",,,
9485,"Лавенгро, мастер слов, цыган, священник.","БОРРОУ, Джордж.",,,
9486,Лавина: Драма в 3-х д.,"РЫБАК, Натан Самойлович, САВЧЕНКО, Игорь Андреевич.",,,
9487,Лавина: Новеллы.,"БЕДИ, Раджендра Сингх (БЕДИ, Раджендар Сингх).",,,
9488,Лавина: Повесть.,"ЕФИМЦОВ, Тимофей Ильич.",,,
9489,Лавина: Повесть.,"МОЛДОКМАТОВ, Абдыкалый.",,,
9490,Лавина: Повесть в рассказах.,"МОШ-КОВСКИЙ, Анатолий Иванович.",,,
9491,Лавина: Пьеса в 4-х д.,"ЖУКОВСКАЯ-ЛЫСЕНКО, Наталия Юльевна (ЖУКОВСКАЯ, Наталия Юльевна).",,,
9492,Лавина: Роман.,"КРНО, Милош.",,,
9493,Лавина: Стихи.,"ХУБИЕВ, Назир Ахияевич.",,,
9494,Лавина: Стихи разных лет.,"ЯН-ДИЕВ, Джемалдин Хамурзаевич.",,,
9495,Лавина с гор: Литературный сценарий художественного фильма.,"КЕШОКОВ, Алим Пшемахович, КРЕПС, Владимир Ми- ",,,
9496,Лавиния: Роман.,"РУФИНИ, Джованни Доменико (РУФФИНИ, Джованни Доменико).",,,
9497,Лавка древностей.,"ДИККЕНС, Чарлз.",,,
9498,Лавка Линя: Рассказы.,МАО ДУНЬ.,,,
9499,Лавка сновидений: Фантастические повести и рассказы.,"ВАРШАВСКИЙ, Илья Иосифович.",,,
9500,Лавка учености: Роман.,"ГЕРРИК, Роберт.",,,
9501,Лавочник Семен Архипов богомолец; На воре шапка горит.,Имя авт. не установлено.,,,
9502,Лавр и мирт или Рыцарь орла: Исторический роман.,"БЛЮМЕНХАГЕН, Вильгельм (БЛЮМЕНГАГЕН, Вильгельм).",,,
9503,Лавровы: Роман.,"СЛОНИМСКИЙ, Михаил Леонидович. ",Первые годы.,,
9504,"Лавровый веник: Басни, шутки, эпиграммы, юморески, фельетоны, короткие сказки, рассказы.","МЕЛАМЕД, Цаль Айзи-кович.",,,
9505,Лавровый венок: Драма в 3-х д.,"ДМИТЕРКО, Любомир Дмитриевич.",,,
9506,Лавровый венок: Пьеса в 1-м д.,"ДЕ-ДЮХИН, Василий Аполлонович.",,,
9507,Лавровый лист: Сатира в 1-м д.,"ЧИКАРЬКОВ, Александр Васильевич.",,,
9508,Лавры и терния: Роман из времен русско-турецкой войны. В 2-х ч.,"ЛАНСКАЯ, Надежда Владимировна (ЯКОВЛЕВА, Надежда Владимировна).",,,
9509,Лаг-боймер.,"РИВЛИН, А. Б.",,,
9510,Лаг отсчитывает мили: Рассказы.,"МИЛЮТИН, Василий Ильич.",,,
9511,Лагаргус: Роман.,"АЙДАРОВ, К. Ч.",,,
9512,Лагерные встречи: Очерки.,"КОТЕ-НЕВ, Л.",,,
9513,Лагерные приключения.,"БОБ-КИНС, Б., БУЛКИН",,,
9514,Лагерные сосны: Стихи.,"ХАРЬЮЗОВ, Владимир Александрович.",,,
9515,Лагерь: Стихи.,"ГОРОДСКОЙ, Яков.",,,
9516,Лагерь: [Стихи].,"ШВАРЦ, Евгений Львович.",,,
9517,Лагерь в горах: Роман.,"ЭЛЛИС, Эдвард Сильвестр.",,,
9518,Лагерь в городе.,"ТАРТАКОВСКИЙ, Борис Семенович.",,,
9519,Лагерь Валленштейна: Драматическое стихотворение.,"ШИЛЛЕР, Фридрих. ",Валленштейнов лагерь.,,
9520,Лагерь и шалаш.,"КУПРЕЯНОВА, Елизавета Николаевна.",,,
9521,Лагерь на льдине.,"МОГИЛЕВСКАЯ, Софья Абрамовна.",,,
9522,Лагерь на озере чикомасов.,"КЛЕПОВ, Василий Степанович.",,,
9523,Лагерь на речке Шунге.,"ПОДСОСОВ, Алексей Викторович.",,,
9524,Лагерь смерти.,"СВИРСКИЙ, Алексей Иванович.",,,
9525,Лагонаки: Очерк.,"ГРИГОРЕНКО, Иван Николаевич.",,,
9526,Лад: Стихи последних лет.,"АСЕЕВ, Николай.",,,
9527,Лада: Песенник.,"СТОЛИЦА, Лю- ",,,
9528,Лада: [Песня].,"КЛЫЧКОВ, Сергей. ",,Печаль-Радость...,
9529,Лада: Роман.,"КРУПНЯКОВ, Аркадий Степанович.",,,
9530,Лада: [Стихи].,"БЛЫНСКИЙ, Дмитрий Иванович.",,,
9531,Лада: Стихи.,"МЕРЗЛИКИН, Леонид Семенович.",,,
9532,Лада-ладушка: Рассказы.,"РОДИ-ЧЕВ, Николай Иванович.",,,
9533,Лади Елена и Лади Анна или Пагубные следствия расточительности: Новейший английский роман. Ч. 1-2.,"ОПИ, Амелия.",,,
9534,Лади Нигдиздаль или Супружеская любовь: Истинное происшествие.,А. К.,,,
9535,Ладин: (Герой последнего времени). Роман в 3-х ч.,"УСТИНОВ, С. М.",,,
9536,Ладо Кецховели: Пьеса в 4-х д.,"ГАМРЕКЕЛИ, Борис Александрович, НА-ХУЦРЕШВИЛИ, Г. Д. (НАХУЦРИШВИЛИ, Георгий Давидович).",,,
9537,Ладога: Стихи.,"РОЖДЕСТВЕНСКИЙ, Всеволод Александрович.",,,
9538,Ладожские охотники. (Загл. обл.).,"ФАРФАРОВСКИЙ, Сергей Васильевич. ",Рассказы каменного века. Ладожские охотники.,,
9539,Ладожский лед: Стихи.,"МЕЖИРОВ, Александр Петрович.",,,
9540,Ладожцы: Очерки.,"СОФРОНОВ, Анатолий Владимирович.",,,
9541,Ладомир.,"ХЛЕБНИКОВ, Велемир.",,,
9542,Ладони: Стихи.,"АДАМОВ, Альберт.",,,
9543,Ладони: Стихи.,"ЕРЕМИН, Игорь Алексеевич.",,,
9544,Ладони братьев.,"СОФРОНОВ, Анатолий Владимирович.",,,
9545,Ладони моря: Стихи.,"ПОЛИВИН, Николай Георгиевич.",,,
9546,Ладони подорожника: Стихи.,"РОМАНЕНКО, Лариса Николаевна.",,,
9547,"Ладонь: Новые стихи, 1962—1964.","ЩИПАЧЕВ, Степан Петрович.",,,
9548,Ладонь: [Стихи].,"ШАТИЛОВ, Николай Евгеньевич.",,,
9549,Ладонь на ладони: Стихи. Поэмы.,"БЛАГОВ, Николай Николаевич.",,,
9550,Ладонь на плече.,"ИСАЕВ, Иван Александрович.",,,
9551,Лады.,"ГОНЧАРОВ, Виктор.",,,
9552—9553,Ладья: Стихи.,"МАРЬЯНОВА, Мальвина Мироновна.",,,
9554,Ладья Исландии: Рассказы.,"СИ-ГУРДССОН, Оулавюр Йоуханн.",,,
9555,Лазарильо из Тормес и его удачи и неудачи.,Имя авт. не установлено. ,"Лазарь-по-водырь; Жизнь Ласарильо с Тормеса и его беды и несчастья; Жизнь Ласарильо с Тормеса, его удачи и злоключения; Жизнь Ласарильо с Тормеса, его невзгоды и злоключения.",,
9556,Лазарь: [Новелла].,"Д'АННУНЦИО, Габриэле. ",,Девственная земля...,
9557,Лазарь: Роман.,"БЕРО, Анри.",,,
9558,"Лазарь-поводырь: Жизнь Лазаря с Тормеса, его бедствия и приключения.",Имя авт. не установлено.,,,
9559,Лазейка: Комедия в 2-х ч.,"ДЬЯР-ФАШ, Миклош.",,,
9560,Лазорев цвет: Роман.,"ПРИТЧИН, Георгий Иванович.",,,
9561,Лазоревая степь: [Рассказы].,"ШОЛОХОВ, Михаил Александрович.",,,
9562,Лазоревые дали: Стихотворения.,"СЕВЕРЯНИН, Игорь.",,,
9563,Лазоревые звезды.,"ЧЕБАЛИН, Петр Львович.",,,
9564,Лазунок: Рассказы.,"БРЫЛЬ, Янка.",,,
9565,"Лазурное море: Рассказы, стихи и сказки.","МАРЕСЕВА, Т.",,,
9566,Лазурные берега: (Записки огорченного).,"ПАВЛОВ, Владимир Константинович.",,,
9567,Лазурные берега: Рассказы.,"КУПРИН, Александр Иванович.",,,
9568,Лазурные прахи: Лирика (1909— 1913).,"КОРОЛЕВ, Владимир.",,,
9569,Лазурный гигант: Роман.,"ЛОРИ, Андре (ГРУССЕ, Паскаль).",,,
9570,"Лазурный край: Очерки, впечатления, миражи и воспоминания. В 4-х ч.","НЕМИРОВИЧ-ДАНЧЕНКО, Василий Иванович.",,,
9571,Лазутчик: Повесть из времен Петра Великого.,"ТЕПЛОВ, Константин Александрович.",,,
9572,Лазутчик: Рассказ из боевой жизни.,"ЛЮБИЧ-КОШУРОВ, Иоасаф Арианович.",,,
9573,Лазутчик: [Рассказы].,"ГОФМАН, Франц.",,,
9574,Лайда-берег голубиный: Стихи и поэма.,"ПАВЛУХИН, Анатолий Петрович.",,,
9575,Лайка: [Рассказ].,"ТХОРЖЕВСКИЙ, Корнелий Владиславович.",,,
9576,Лайла: Повесть.,"ФРИАС, Иене Андреас (ФРИИС, Иене Андреас).",,,
9577,Лайма.,"ЛЕВБЕРГ, Мария Евгеньевна.",,,
9578,Лакей: Рассказ.,"ЗЛИНЧЕНКО, Кирилл Павлович.",,,
9579,Лакей: Трагикомедия в 3-х д.,"НА-РОДИН, К. (СУХОВЫХ, Константин Александрович) .",,,
9580,Лакей поневоле: Комедия в 1-м д.,Имя авт. не установлено.,,,
9581,Лакей поневоле: Пьеса в 3-х д.,"БЕРНАР, Тристан.",,,
9582,Лакейская.,"ГОГОЛЬ, Николай Васильевич. ",,День делового человека...,
9583,Лакейские обманы или Сатирические рассказы в передней комнате.,"КУЗМИ-ЧЕВ, Федот Семенович.",,,
9584,Лакированное трико.,"КРУЧЕНЫХ, Алексей Елисеевич.",,,
9585,Лакомка: Комедия в 1-м д.,"БА-БЕЦКИЙ, Ефим Моисеевич.",,,
9586,Лакомка: [Рассказ].,"БУШ, Вильгельм. ",,Петушиный бой...,
9587,Лакомый кусочек: Комедия в 3-х д.,"ШПАЖИНСКИЙ, Ипполит Васильевич.",,,
9588,"Лакшми Бай, рани Джханси: Исторический роман.","ВАРМА, Вриндаванлал.",,,
9589,Лалла-Рук: [Стихотворение].,"ЖУКОВСКИЙ, Василий Андреевич. ",,Путешественник...,
9590,Лалла-Рук: Восточная повесть.,"МУР, Томас.",,,
9591,Лалли и ее Звездочка: Сказка.,"ПАЛЬМ, Ами. Изд. ",,,
9592,Лалли и ее щеночек Звездочка: Сказка.,"ПАЛЬМ, Ами.",,,
9593,Ламантин.,"ЧЕГЛОК, Александр.",,,
9594,Ламара: Драма в 4-х д.,ВАЖА ПШАВЕЛА.,,,
9595,Ламбало и Коша: Рассказы.,"ДЖА-ВАХИШВИЛИ, Михаил Саввич.",,,
9596,Ламентации мои: 3-я книга стихов.,"КУРДЮМОВ, Всеволод Валерианович.",,,
9597,Ламермурская невеста:    Роман.,"СКОТТ, Вальтер.",,,
9598,"Лампа Аладина: Книга песен, 1911 — 14 г.","КОРОНА, Александр.",,,
9599,Лампа гаснет: Повесть.,НГО ТАТ ТО.,,,
9600,Лампа погасла: Пьеса в 5-ти д.,"КОШКАРОВА, Татьяна Федоровна.",,,
9601,Лампада: Собрание стихотворений. Кн. I.,"ИВАНОВ, Георгий Владимирович.",,,
9602,Лампады незажженные.,"МАР, Анна.",,,
9603,Ламповщик.,"ПАВЛИЧЕНКО, Евгений Максимович.",,,
9604,Лампочка: (Обида). Комедия в 3-х д.,"ИОГАНСОН, Оскар Федорович.",,,
9605,"Лампочка Ильича: Детское новогоднее эстрадное представление в 2-х отделениях с прологом, эпилогом и песнями.","МИХАЛКОВ, Сергей Владимирович, ХО-ТИМСКИЙ, Михаил Наумович.",,,
9606,Лампочка Ильича: Пьеса.,"АКУЛЬ-ШИН, Родион Михайлович.",,,
9607,Ламца-дрица: Стихи.,"ВОИНОВ, Владимир Васильевич.",,,
9608,Ланваль: Драма в 4-х д.,"ШТУК-КЕН, Эдуард.",,,
9609,"Лангедокская путешественница или Приключения госпожи Деланоа, графини Дитри, с описанием королевств, провинций, городов и других знаменитых мест по новой географии, — также религии, правления, нравов, обыкновений жителей и достопримечательных древностей.",Имя авт. не установлено.,,,
9610,Лангеругской разбойник или Таинственные развалины.,"ВОЖУА, Ипполит.",,,
9611,Ландолин из Рейтерсгофена: Повесть.,"АУЭРБАХ, Бертольд. ",Убийца.,,
9612,Ландшафт моих воображений.,"К-О-О-О-В (КРОПОТОВ, Андрей Фролович).",,,
9613,Ландшафты или Опыт о сельской природе: Поэма.,"ЛЕЗАЙ-МАРНЕЗИА, Клавдий Франсоа-Адриан (ЛЕЗЕ-МАРНЕЗИА, Клод Франсуа).",,,
9614,Ландыш:    Сборник рассказов.,"ШМИДТ-МОСКВИТИНОВА, Ольга Ильинична (РОГОВА, Ольга Ильинична).",,,
9615,Ландышевые весны: Стихи.,"ХОЛО-ШЕНКО, Ольга Францевна.",,,
9616,Ландыши: Драматическая комедия в 5-ти д.,"ТИРАН, А.",,,
9617,Ландыши: Комедия в 3-х д.,"ПА-ЗУХИН, Алексей Михайлович.",,,
9618,Ландыши: Рассказы.,"ПРЕЖИХОВ, Воранц.",,,
9619,"Ландыши: Рассказы, очерки и сценки.","ПАЗУХИН, Алексей Михайлович.",,,
9620,Ландыши: Роман.,"ЯНИЧЕК, Мария.",,,
9621,Ландыши и щи: Маленькие факты.,"ОВРАЖИН, Михаил Матвеевич.",,,
9622,Ланжеро.,"ГОР, Геннадий.",,,
9623,Лань и ручей: Рассказ. О.,ГЕНРИ.,,,
9624,Лань — река лесная: Повесть.,"ШАШКОВ, Алесь.",,,
9625,Лаодамия: Лирическая трагедия в 4-х д. с музыкальными антрактами.,"АННЕНСКИЙ, Иннокентий Федорович.",,,
9626,Лапа Потапыча.,"ГЕДРОЙЦ, Василий Юстович.",,,
9627,Лапа-Растяпа.,"СЭЛИНДЖЕР, Джером Дэвид.",,,
9628,Ла Перуз: Драма в 2-х д.,"КОЦЕБУ, Август Фридрих.",,,
9629,Лапотник и бархатник: Из воспоминаний старого солдата. Рассказ.,"СОЛОВЬЕВ, Н. Ив.",,,
9630,Лапти: Из шкидских рассказов.,"БЕЛЫХ, Григорий Георгиевич.",,,
9631,Лапти: Роман в 4-х кн.,"ЗАМОЙ-СКИЙ, Петр.",,,
9632,Лапти-самоплясы: Пьеса-сказка в 3- х д.,"ИВАНОВ, Михаил Сергеевич, ХОМУТОВ, Яков Гаврилович.",,,
9633,Лапти-самоходы: Сказки.,"КАЗМИН-ВЬЮГОВ (КАЗМИН, Николай Васильевич).",,,
9634,Лаптишки.,"ПАШКЕВИЧ, Николай Константинович.",,,
9635,Лара: Повесть в стихах.,"БАЙРОН, Джордж Гордон.",,,
9636,Лара Безсонова: Повесть.,"ЧАРСКАЯ, Лидия.",,,
9637,Ларец: Сборник стихотворений.,"РУМЯНЦЕВ, Ю.",,,
9638,Ларец Марии Медичи: Роман.,"ПАРНОВ, Еремей Иудович.",,,
9639,Ларец мудреца: Повесть о И. А. Крылове.,"ИВАНОВ, Владимир Михайлович.",,,
9640,Ларский: Драма в 5-ти д.,"ЛО-ДЫЖЕНСКИЙ, Иван Николаевич.",,,
9641,Ларчик: [Басни].,"КРЫЛОВ, Иван Андреевич.",,,
9642,Ларчик: Комедия в 1-м д.,"ПИКУ-ЛЕВ, Иван Петрович, ЦИНОВСКИЙ, Леонид Яковлевич.",,,
9643,Ларчик чудес: Повесть.,"СЕФРИУИ, Ахмед.",,,
9644,Ласка: Рассказы.,"ЗОРИН, Владислав Георгиевич.",,,
9645,Ласкины: Повесть.,"ВОСТРЫШЕВ, Иван Васильевич.",,,
9646,Ласковое сердце.,"СЕЛИВАНОВ, Федор Тихонович.",,,
9647,Ласковое солнце: Стихи.,"СТЮАРТ, Елизавета Константиновна.",,,
9648,Ласковый тренер: Повесть.,"ПУШКИН, Виктор Васильевич.",,,
9649,Лассаль: Историческая драма в 4- х д.,"СЕМ-БЕНЕЛЛИ (БЕНЕЛЛИ, Сем).",,,
9650,Лассаль: Исторический роман.,"ШИ-РОКАУЭР, Альфред.",,,
9651,Ласси возвращается домой: Повесть.,"НАЙТ, Эрик.",,,
9652,Ласточка: Картины из жизни артистической богемы в 1-м д.,"САБУРОВ, Симон Федорович.",,,
9653,«Ласточка»: Катастрофа с подводной лодкой. Пьеса в 2-х д.,"МОРЕ, Ат., ПЕРАР, Ж.",,,
9654,Ласточка; Лика: Повести.,"ЧЕРКА- СОВ, Алексей Тимофеевич.",,,
9655,Ласточка: [Повесть].,"ТОРОХОВ, Борис Михайлович.",,,
9656,Ласточка: [Рассказ].,"МОСКАЛЕНКО, Анатолий Захарович. ",,Слепой турист...,
9657,Ласточка; Смерть Михрютки; Стукай; Старая погудка на новый лад; Слава человеческая.,"НАЖИВИН, Иван Федорович.",,,
9658,Ласточка: Рассказы.,"ПИСТОЛЕН-КО, Владимир Иванович.",,,
9659,Ласточка: Рассказы.,"ТИХАНОВА, Е.",,,
9660,Ласточка: [Рассказы].,"ТУМАНОВА, Зоя Александровна.",,,
9661,Ласточка: Роман.,"ДАНИЛОВСКИЙ, Густав.",,,
9662,Ласточка: Стихи.,"ГОДЕНКО, Михаил Матвеевич.",,,
9663,Ласточка: Стихи.,"ТАШПУЛАТ, Хамид.",,,
9664,Ласточка; Человек с луны: [Пьесы].,"САМБУРОВ, И.",,,
9665,Ласточка-Звездочка: Повесть.,"СЕМИН, Виталий Николаевич.",,,
9666,«Ласточка» и другие рассказы.,"КО-НОПНИЦКАЯ, Мария.",,,
9667,Ласточка — касаточка:   Рассказ.,"ВАГНЕР, П. П.",,,
9668,Ласточка моей весны: Лирическая комедия в 2-х д.,"ФАТХУЛЛИН, Зиннат Равилович.",,,
9669,Ласточка права: Сцена в 1-м д.,"СЕВЕРОВА, Н. Б. (НОРДМАН-СЕВЕРОВА, Наталья Борисовна).",,,
9670,Ласточки: [Повести].,"СКАЗБУШ, Николай Иосифович.",,,
9671,Ласточки: Поэма.,"БАКАЛДИН, Виталий Борисович.",,,
9672,Ласточки: Рассказы.,"ДНЕПРОВСКИЙ, Арий.",,,
9673,Ласточки: Рассказы.,"ПАТОВ, Николай Иванович.",,,
9674,Ласточки: Рассказы.,"ФРАЕРМАН, Рувим Исаевич.",,,
9675,Ласточки грядущей весны: Повесть.,"АРЕНШТЕЙН, Александра Иосифовна.",,,
9676,Ласточки летают высоко: Лирика.,"КРИВЕНКО, Евгений Иванович.",,,
9677,Ласточки моего окна.,"ТУРКИН, Ф. Изд. ",,,
9678,Ласточки на проводах: Стихи.,"ШЕЙХ-ЗАДЕ, Максуд.",,,
9679,Ласточки над городом: Повести и рассказы.,"ПЕРЕПЕЛКА, Виктор Иванович.",,,
9680,Ласточки перед дождем.,"РЯБИНИН, Николай.",,,
9681,Ласточки прилетают из Африки.,"ЗАХАРЧЕНКО, Василий Дмитриевич.",,,
9682,Ласточкин младший и Ласточкин старший.,"БАРУЗДИН, Сергей Алексеевич.",,,
9683,Ласточкина школа: Книга стихов и поэм.,"МАТВЕЕВА, Новелла.",,,
9684,Ласточкино гнездо: Комедия в 3-х д.,"КАПЛЕР, Алексей Яковлевич.",,,
9685,Ласточкино гнездо: [Рассказ].,"ЛОГИНОВ, Николай Васильевич.",,,
9686,Ласточкины гнезда: Рассказы.,"ГЕЛЬ-ВИ, Марина Эрастовна.",,,
9687,Латинский квартал: Картины из жизни богемы в 4-х д.,"АЙЗМАН, Давид Яковлевич.",,,
9688,Латинчева женитьба.,"МАТАВУЛЬ, Симо.",,,
9689,Латник: Рассказ партизанского офицера.,"БЕСТУЖЕВ-МАРЛИНСКИЙ, Александр Александрович.",,,
9690,Латышские стрелки возвращаются домой: Роман.,"КРИЕВИНЬШ, М. (ЗАКИС, Мартин Петрович).",,,
9691,Лаура: Вып. I.,"ЭНЕМИ, Н.",,,
9692,Лаутары: Киноповесть.,"ЛОТЯНУ, Эмиль Владимирович.",,,
9693,Ла Фарола: Пьеса в 2-х д.,"БУРГЕР, Ханус (БЕРГЕР, Хануш).",,,
9694,Лафонтенева басня.,"БУЛЬИ, Жан Никола.",,,
9695,Лахтак: [Повесть].,"ТРУБЛАИНИ, Николай.",,,
9696,Лахудрин переулок: Повесть.,"ГРАБАРЬ, Леонид.",,,
9697,Лачин.,"ШАМИЛОВ, Сейфулла Али оглы.",,,
9698,Лачплесис.,"ПУМПУРС, Андреис (ПУМПУР, Андрей Индрикович).",,,
9699,Лашара: Стихи и поэмы.,"ЛАГУЧЕВ, Джемуладин Катуевич.",,,
9700,Лашарела:  Грузинская хроника XIII в.,"АБАШИДЗЕ, Григол Григорьевич.",,,
9701,Лашаурские вечера: Повести и рассказы.,"ГВЕТАДЗЕ, Ражден Матвеевич.",,,
9702,Лгунишка.,"МИХАЭЛИС, Карин (МИКАЭЛИС, Карин).",,,
9703,Лгуны: Роман.,"РИНГ, Макс.",,,
9704,Лгунья: Водевиль в 1-м д.,"МИТРОФАНОВ, Лев Иванович.",,,
9705,Лгунья: Лирическая повесть.,"ГЕОРГИЕВСКАЯ, Сусанна Михайловна.",,,
9706,Лебеди: Повести и рассказы.,"ЗА-МОЙСКИЙ, Петр.",,,
9707,Лебеда: Стихи.,"ВАСИЛЬЕВА, Лариса Николаевна.",,,
9708,Лебеда: [Стихи].,"ЯКУШЕВ, Василий Степанович.",,,
9709,Лебедев против Лебедева: Сценарий.,"МИРОНЕР, Феликс Ефимович.",,,
9710,Лебеденок: Повести и рассказы.,"ПАНТЕЛЕЕВ, Иван Иванович.",,,
9711,Лебеди: В 1-м д.,С. Я. Д. ,,,
9712,Лебеди в Москве: Лирические стихи.,"КОБЗЕВ, Игорь Иванович.",,,
9713,"Лебеди закатные: Поэзы, кн. 3.","ШЕНГЕЛИ, Георгий Аркадьевич.",,,
9714,Лебеди и снег: Рассказы.,"СЕМЕНОВ, Георгий Витальевич.",,,
9715,Лебеди летят на север.,"ПЕХТЕРЕВ, Иван Егорович.",,,
9716,Лебеди летят над тайгой.,"БЫТОВОЙ, Семен.",,,
9717,Лебеди остаются на Урале: Роман.,"БИКЧЕНТАЕВ, Анвер Гадеевич.",,,
9718,Лебединая песнь: Пьеса в 4-х д.,"БЕС-ПЯТОВ, Евгений Михайлович.",,,
9719,Лебединая песнь: Пьеса в 4-х д.,"КРАМСКАЯ, Н. В.",,,
9720—9721,Лебединая песнь: Роман.,"ГОЛ-СУОРСИ, Джон.",,,
9722,Лебединая песня: Документальная повесть.,"ГОРЧАКОВ, Овидий Александрович.",,,
9723,Лебединая песня: (Калхас). Драматический этюд в 1-м д.,"ЧЕХОВ, Антон Павлович.",,,
9724,Лебединая песня: Рассказы охотника- натуралиста.,"ИВАНОВ, Василий Николаевич.",,,
9725,Лебединая стая.,"ЗЕМЛЯК, Василь.",,,
9726,Лебединка: Лирика.,"ДОМРИН, Владимир Викторович.",,,
9727,Лебединое кочевье: Стихи.,"ХРИЛЕВ, Вадим Сазонтович.",,,
9728,Лебединое озеро.,"ИСБАХ, Александр.",,,
9729,Лебединое поле: Стихи и поэма.,"ПАЛЬ, Роберт Васильевич.",,,
9730,Лебединые клики.,"САДОВСКОЙ, Борис Александрович.",,,
9731,Лебединый залив: Повести и рассказы.,"ЧАБАНИВСКИЙ, Михайло.",,,
9732,Лебединый клик: Лирическая повесть.,"СОЛОДНИКОВ, Геннадий Николаевич.",,,
9733,Лебединый крик: Повесть.,"КОВАЛЕВСКИЙ, Вячеслав Александрович.",,,
9734,Лебедь: Рассказ-быль.,"ФИШ, Геннадий Семенович.",,,
9735,Лебедь-камень: Уральские сказки и сказы.,"ЧЕРЕПАНОВ, Сергей Иванович.",,,
9736,Лебедь-королевич.,"СТРАЖЕВ, Виктор Иванович.",,,
9737,Лебедь-остров: Стихи.,"ШТЕЙН, Борис Самуилович.",,,
9738,Лебедь Хантыгая: Легенда.,"МАМИН-СИБИРЯК, Дмитрий Наркисович.",,,
9739,"Лебедь, щука и рак: Басня.","КРЫЛОВ, Иван Андреевич.",,,
9740,"Лебедь, щука и рак: Комедия в 2-х д.","ГОЛИЦЫН, Сергей Павлович.",,,
9741,Лебедянь: Рассказ.,"ТУРГЕНЕВ, Иван Сергеевич.",,,
9742,Лебек: Роман.,"ЗОЙРЕН, Гюнтер.",,,
9743,Лебяжий переулок: Стихи.,"МЕЖИ-РОВ, Александр Петрович.",,,
9744,Лебяжий рукав: Стихи.,"ЭСКОВИЧ, Нина Леонтьевна.",,,
9745,Лебяжье озеро: Стихи и поэмы.,"НИКИФОРОВ, Александр Михеевич.",,,
9746,Лебяжьи шапки: Рассказ.,"МОРОЗОВА, Мария Андреевна.",,,
9747,Лев в Индии или Рассказ индейца о его приключениях в жизни: Отрывок из неизданного сочинения.,"Б-Н, Л. (БЕЛЯНКИН, Лука Евдокимович).",,,
9748,Лев и лисица: Басня.,АТА САЛИХ.,,,
9749,Лев и мышь.,"КРЫЛОВ, Иван Андреевич.",,,
9750,Лев и ярлык: Сатира и юмор.,"МИХАЛКОВ, Сергей Владимирович.",,,
9751,Лев Майсура: Историческая повесть.,"КРАШЕНИННИКОВ, Вячеслав Леонидович.",,,
9752,Лев на площади: Комедия в 5-ти д.,"ЭРЕНБУРГ, Илья Григорьевич.",,,
9753,Лев не возвращается по следу: Роман.,"ГАЛИМОВ, Рауф Зарифович.",,,
9754,Лев-победитель: Первый в русской литературе исторический роман из абиссинской жизни.,"ШАХОВСКАЯ, Людмила Дмитриевна.",,,
9755,Лев Св. Марка; Без имени; Бог-город: [Рассказы].,"НЕМИРОВИЧ-ДАНЧЕНКО, Василий Иванович.",,,
9756—9757,Лев Сиренин: Повесть.,"ТАРА-НОВСКИЙ, Николай Григорьевич.",,,
9758,"Лев Толстой, его друзья и близкие: Воспоминания и рассказы.","БУЛГАКОВ, Валентин Федорович.",,,
9759,Лев Толстой; А. П. Чехов; В. Г. Короленко.,"ГОРЬКИЙ, Максим. ",Воспоминания о Льве Николаевиче Толстом.,,
9760,Лев-царь пустыни.,"КАМСКИЙ, М. И.",,,
9761,Левадинцы: Повесть.,"ЕГОРОВ, Иван Яковлевич.",,,
9762,Леван Кахиани: Роман.,"КВИЦА-РИДЗЕ, Давид Васильевич.",,,
9763,Леванти: Рассказы.,"ЛИДИН, Владимир Германович.",,,
9763а,Левель вдовец: Роман.,"ТЕКЕРЕЙ (ТЕККЕРЕЙ, Уильям Мейкпис).",,,
9764,Левис и Ирэн: Роман.,"МОРАН, Поль.",,,
9765,Левитан: Повесть.,"ЕВДОКИМОВ, Иван Васильевич.",,,
9766,Левитан: Повесть в стихах.,"КАЛАШНИКОВ, Иван Федорович.",,,
9767,Левка-бобыль: Деревенские очерки.,"ДЕМЕНТЬЕВ, Василий А.",,,
9768,Левка Гем.,"ЮШКЕВИЧ, Семен Соломонович.",,,
9769,Левкин клад: Рассказ.,"МОЧУЛЬ-СКАЯ, М. А.",,,
9770,Левкина школа: Рассказ.,"БУХШТАБ, Борис Яковлевич.",,,
9771,Левкиппа и Клитофонт.,"АХИЛЛ, Татий Александрийский.",,,
9772,Лево руля!: Пьеса в 4-х д.,"БИЛЛЬ-БЕЛОЦЕРКОВСКИЙ, В. Н.",,,
9773,Левон Бушмар; Отечество; Люба Лукьянская; Млечный путь.,"ЧОРНЫЙ, Кузьма.",,,
9774,Левониха: Рассказ.,"СЕМЕНОВ, Сергей Терентьевич.",,,
9775,Левониха на орбите: Комедия в 3-х д.,"МАКАЕНОК, Андрей Егорович.",,,
9776,"Левсил, русский богатырь.","АНДРЕЕВ, Степан Степанович.",,,
9777,Левша: Сказ о тульском косом Левше и о стальной блохе.,"ЛЕСКОВ, Николай Семенович.",,,
9778,Левша на обе ноги.,"ВОДХАУЗ, ГТ Д. ",,,
9779,Левый берег: Роман.,"СТРОКОВ-СКИЙ, Николай Михайлович.",,,
9780,Левый берег: [Стихи].,"ГОЛОВЕНКО, Руслан Васильевич.",,,
9781,Левый поворот: Сатирические стихи.,"ГАЛКИН, Лев Абрамович.",,,
9782,Левый поворот: Сатирические стихи.,"НОВОСЕЛЬСКИЙ, Алексей Степанович.",,,
9783,Левый фланг: Повесть.,"СТАРШИ-НОВ, Евгений Федорович.",,,
9784,Левый фланг: Роман.,"БУРЛАК, Борис Сергеевич.",,,
9785,Левый фланг: Роман.,"КЛЕЩЕВНИ-КОВ, Павел Александрович.",,,
9786,Легенда: [Пьеса в 4-х д.].,"РАДЗИ-ВИЛЛОВИЧ, Иероним Владиславович.",,,
9787,Легенда: Стихи.,"КАЦ, Зельман Мен-делеевич, ТАЛАЛАЕВСКИЙ, Матвей Аронович.",,,
9788,Легенда будней: Лирика.,"ЦЕНЗОР, Дмитрий Михайлович.",,,
9789,Легенда-быль о русском капитане.,"МИРОНОВ, Георгий Михайлович.",,,
9790,Легенда в музыке: Музыкальная история в 3-х д.,"ВЕТЕМАА, Энн Артурович, НЫММИК, Сулеве.",,,
9791,Легенда Вавилона: Маг Данвантари. Драматический этюд в 2-х д. с прологом.,"СТАНКОВ, Иван.",,,
9792,Легенда войны.,АЛЬМА.,,,
9793,Легенда голубого залива: Поэма в 3-х д.,"ВАКУЛЕНКО, Виктор.",,,
9794,Легенда гор: Повесть.,"АЙДАР, Асгат.",,,
9795,Легенда XX века: Роман.,"ЗЕЙТУН-ЦЯН, Перч Арменакович.",,,
9796,Легенда о Баторе.,"ГАЛСАНОВ, Пэ-дэн Гасанович (ГАЛСАНОВ, Цыденжанб Гасанович) .",,,
9797,Легенда о белом коне.,"МАЙН-РИД (РИД, Томас Майн). ",,Сон в руку...,
9798,Легенда о Белом олене.,"СЕТОН-ТОМПСОН, Э. (СЕТОН-ТОМПСОН, Эрнест).",,,
9799,Легенда о Белом северном олене.,"СЕТОН-ТОМПСОН, Эрнест. ",Легенда о Белом олене.,,
9800,Легенда о васильках; Бабушкины рассказы: (По молитве дитяти).,"БАРИНОВА-СВЕТОВА, В. Н.",,,
9801,Легенда о великой душе.,"ОНДЕЛЬ, Ира.",,,
9802,Легенда о воле: Романтическая сказка. В 9-ти карт.,"ХОРОШИХ, Пантелеймон Владимирович.",,,
9803,Легенда о Гемалькоте.,"КОПОСОВ, Владимир Васильевич.",,,
9804,Легенда о героических веселых и доблестных приключениях Тиля Уленшпигеля и Ламме Гудзака во Фландрии и других странах.,"ДЕ КОСТЕР, Шарль.",,,
9805,Легенда о голубой волне с Монте-Роза: (Поэма).,"ШМАКОВ, Николай.",,,
9806,Легенда о Гончих псах: Повесть.,"ВОРОБЬЕВ, Борис Тимофеевич.",,,
9807,Легенда о Данко; Песня о Соколе; Песня о Буревестнике.,"ГОРЬКИЙ, Максим.",,,
9808,Легенда о Зельберфольке.,"ПРИВАЛОВ, Борис Авксентьевич.",,,
9809,Легенда о Золотой Бабе.,"КУРОЧКИН, Юрий Михайлович.",,,
9810,Легенда о золотом коне: Очерки.,"АНДРИАСОВ, Михаил Андреевич.",,,
9811,Легенда о Каупо: Трагедия в 3-х д.,"ГЕЙКИН, Арий.",,,
9812,Легенда о коммунаре: Пьеса-поэма в 5-ти карт.,"КОЗЛОВ, Петр Сидорович.",,,
9813,Легенда о Ленине и о дочери чабана: Поэма.,"ЭСЕНОВА, Тоушан.",,,
9814,Легенда о лотосе.,"ЕРЫМОВСКИЙ, Константин Ильич.",,,
9815,Легенда о любви: Рассказы.,"ДУН-КАЙ, Николай Семенович.",,,
9816,Легенда о Марко.,"ГОРЬКИЙ, Максим. ",,Песня о соколе..,
9817,Легенда о монете.,"ВАЙЦМАН, Иосиф Михайлович. ",,Ведьма...,
9818,Легенда о мечах и солнце: Историческая повесть.,"СЕРЕБРОВ, Лев Васильевич.",,,
9819,Легенда о Монтвиле или Памятник неизвестному поэту.,"ОГНЕВ, Владимир Федорович.",,,
9820,Легенда о Монтрозе: Исторический роман. Ч. 1-2.,"СКОТТ, Вальтер.",,,
9821,Легенда о море.,"ШЕВЧЕНКО, Виталий Андреевич.",,,
9822,Легенда о мужестве.,"АНДРЮЩЕНКО, Николай Кириллович.",,,
9823,Легенда о песне неспетой: Драматическая поэма в 3-х ч.,"ПАЛЛО, Николай Петрович, ПОПОВ, Иосиф Степанович.",,,
9824,Легенда о «Петропавловске» и о «С. О. Макарове»: (Из народных сказаний).,"ИВАНОВ, Василий.",,,
9825,Легенда о последней звезде: Героическая поэма.,"СИНЕВ, Валерий Викторович.",,,
9826,Легенда о прекрасном Пекопене и о прекрасной Больдур.,"ГЮГО, Виктор.",,,
9827,Легенда о происхождении одесситки.,"ДОРОШЕВИЧ, Влас Михайлович.",,,
9828,Легенда о происхождении фамилии Мазараки (Мазаракий).,"ЛЮБИЧ, Ефим Николаевич.",,,
9829,Легенда о Ричарде Тишкове: Рассказы и повести.,"ЖУХОВИЦКИЙ, Леонид Аронович.",,,
9830,"Легенда о розе: Рассказы, путевые очерки.","ТРАЯНОВ, Христо.",,,
9831,Легенда о руке ткача.,"ЛОНДОН, Джек.",,,
9832,Легенда о Саине.,"ЕРМОЛАЕВ, Владимир Петрович.",,,
9833,Легенда о Сан-Микеле.,"МУНТЕ, Аксель.",,,
9834,Легенда о серебряном дереве: По- весть-сказка.,"КРАСОВСКАЯ, Галина Владимировна.                               ",,,
9835,Легенда о Синеглазке.,"ВОРОНИН, Петр Иванович.",,,
9836,Легенда о собаке Баскервиллей.,"ДОЙЛЬ, Артур Конан. ",,Приключения сыщика Шерлока Холмса...,
9837,Легенда о солдате: Стихи.,"КРАСНОПОЛЬСКИЙ, Анатолий Борисович.",,,
9838,Легенда о Таули из рода Пырерко.,"МЕНЬШИКОВ, Иван Николаевич.",,,
9839,Легенда о флаге.,"СТРЕХНИН, Юрий Федорович. ",Сказания о Христе.,,
9840,Легенда о хрустальном яйце: Повесть о профессоре телевидения [П. В. Шмакове].,"УЗИЛЕВСКИЙ, Владимир Аронович.",,,
9841,Легенда о Человеке: (Сцены из жизни Камо). Пьеса в 2-х д.,"БАЛЛ, Георгий Александрович, ДЕМЫКИН, Г. (ДЕМЫКИНА, Галина Николаевна).",,,
9842,Легенда о человеке с золотым мозгом.,"ДОДЭ, Альфонс (ДОДЕ, Альфонс). ",,Звезды...,
9843,"Легенда об Илейке из Мурома, его ретивом сердце и подвигах во славу Русской земли.","ЗАГОРНЫЙ, Анатолий Гаврилович.",,,
9844,Легенда об окраине Эфиопии.,"СЫСОЕВ, Дмитрий Дмитриевич.",,,
9845,"Легенда об Уленспигеле и Ламме Го-одзаке, их приключениях геройских, забавных и достославных во Фландрии и иных странах.","ДЕ КОСТЕР, Шарль. ","Легенда об Уленшпигеле и Ламме Гудзаке, их приключениях, отважных, забавных и достославных во Фландрии и иных странах; Легенда об Уленспигеле и Ламме Гудзаке, их приключениях, героических, забавных и достославных, во Фландрии и иных странах; Легенда об Уленшпигеле; Легенда об Уленшпигеле и Ламме Гудзаке и об их приключениях, отважных, забавных и достославных во Фландрии и иных странах; Легенда об Уленшпигеле и Ламме Гудзаке, об их доблестных, забавных и достославных деяниях во Фландрии и других краях; Тиль Уленшпигель; Легенда о героических, веселых и доблестных приключениях Тиля Уленшпигеля и Ламме Гуд-зака во Фландрии и других странах.",,
9846,"Легенда об Уленшпигеле и Ламме Гудзаке, их приключениях, героических, забавных и достославных во Фландрии и иных странах.","ДЕ КОСТЕР, Шарль. ",Тиль Уленшпигель.,,
9847,Легенда об Уленшпигеле. (Загл. обл.).,"ДЕ КОСТЕР, Шарль. ","Легенда об Уленшпигеле и Ламме Гудзаке и об их приключениях отважных, забавных и достославных во Фландрии и иных странах.",,
9848,"Легенда об Уленшпигеле и Ламме Гудзаке и об их приключениях, отважных, забавных и достославных во Фландрии и иных странах.","ДЕ КОСТЕР, Шарль. ",Легенда об Уленшпигеле.,,
9849,"Легенда об Уленшпигеле и Ламме Гудзаке, их приключениях, отважных, забавных и достославных во Фландрии и иных странах.","ДЕ КОСТЕР, Шарль.",,,
9850,"Легенда об Уленшпигеле и Ламме Гудзаке, об их доблестных, забавных и достославных деяниях во Фландрии и других краях.","ДЕ КОСТЕР, Шарль.",,,
9851,Легенда одной жизни: Пьеса в 3-х д.,"ЦВЕЙГ, Стефан.",,,
9852,Легенда одной усадьбы.,"ЛАГЕРЛЕФ, Сельма. ",Ингрид; Предание одной господской усадьбы.,,
9853,Легенда Севера: Сказочное представление в 2-х ч.,"ГОГОЛЕВ, Иван Михайлович.",,,
9854,Легенда сельца «Гремучего Ключа» Мценского уезда: Из Орловских преданий.,"ЮРАСОВСКИЙ, Александр Константинович.",,,
9855,"Легенда старинного баронского замка: Рассказ, служащий руководством к устройству медиумических сеансов.","В. П. (ПРИБЫТКОВ, Виктор Иванович).",,,
9856,Легенда старого замка: Драматическая фантазия в 4-х д.,"ЧИРИКОВ, Евгений Николаевич.",,,
9857,Легенда старого замка: Фантастическая шутка в 2-х д.,"БЕРТОЛЬДИ (ГЕ, Иван Николаевич).",,,
9858,Легенда старого Чеколтана: Повесть.,"БОЖАТКИН, Михаил Иванович.",,,
9859,Легенда страны утренней свежести: Героическая сказка в 3-х д. с прологом. По мотивам корейского фольклора.,"БЕЛЯЕВ, Владимир Алексеевич, ЛИОЗНОВА, Татьяна Михайловна.",,,
9860,Легенда Татр.,"ТЕТМАЙЕР, Казимеж.",,,
9861,Легенда тюрьмы Павиак: Киносценарий.,"КУШНЕРОВИЧ, Радий Аронович, НОСИК, Борис Михайлович.",,,
9862,Легенда Янтарного Берега: Документальная повесть.,"УРЛИН, Константин Васильевич, ШЕВЧЕНКО, Николай Кондратьевич.",,,
9863,Легендарная быль: [Рассказ].,"ТРОЕ-ПОЛЬСКИЙ, Гавриил Николаевич.",,,
9864,Легендарная быль: Стихи.,"АЛЕКСЕЕВ, Никандр Алексеевич.",,,
9865,Легендарные морские охотники.,"ВСЕВОЛОЖСКИЙ, Игорь Евгеньевич.",,,
9866,Легендарный комбриг: Рассказы о Яне Фабрициусе.,"КОНДРАТЬЕВ, Николай Дмитриевич.",,,
9867,Легендарный начдив: Очерк о жизни и боевых подвигах Н. Щорса.,"СКЛЯРЕНКО, Семен Дмитриевич.",,,
9868,Легендарный рассказ.,"МЕРЗЛЯКОВ, С. А.",,,
9869,Легендарный рейд: (Дневник о Карпатском рейде. Письма).,"РУДНЕВ, Семен Васильевич.",,,
9870,Легенды Бенсоне-Вэлли.,"ХАРДИ, Фрэнк.",,,
9871,Легенды Гватемалы.,"АСТУРИАС, Мигель Анхель.",,,
9872,Легенды и были: Рассказы.,"ЛЯХ-НИЦКИЙ, Владислав Михайлович.",,,
9873,Легенды и были: [Стихи].,"МАЛИЕВ, Георгий Гадоевич.",,,
9874,Легенды и настроения.,"БРЮНЕЛЛИ, Павел Альфонсович.",,,
9875,Легенды и повести о святой Ели-савете Венгерской ландграфине Тюренгенской: В стихах.,"БЕЛЬСКИЙ, Леонид Петрович.",,,
9876,Легенды и походы.,"АВРАМЕНКО, Илья Корнильевич.",,,
9877,Легенды и сказки Востока.,"ДОРОШЕВИЧ, Влас Михайлович.",,,
9878,Легенды и сказки Гондваны.,"ФУКС, Стефан.",,,
9879,Легенды Кавказа.,"БАРАНОВ, Евгений Захарович.",,,
9880,Легенды любви.,"ХИРЬЯКОВ, Александр Модестович.",,,
9881,Легенды о героях.,"ГЕРБЕРТСОН, Агнесса Гр.",,,
9882,Легенды о звездных капитанах: Рассказы.,"АЛЬТОВ, Генрих.",,,
9883,Легенды о Лазо: Повесть.,"МАЛАР-ЧУК, Георге Павлович.",,,
9884,Легенды о Петре Великом и стихи на двухвековой юбилей с его рождения.,"ФЕДОРОВ, Борис Михайлович.",,,
9885,Легенды о старинных замках Бретани.,"БАЛОБАНОВА, Екатерина Вячеславовна.",,,
9886,Легенды о Христе.,"ЛАГЕРЛЕФ, Сельма. ",Сказания о Христе.,,
9887,Легенды публициста.,"АМФИТЕАТРОВ, Александр Валентинович.",,,
9888,Легенды Рейна.,"ТВЭН, Марк (ТВЕН, Марк).",,,
9889,"Легенды, сказания и вымыслы.","МИ- ЛИЧ, Елена Михайловна.",,,
9889а,Легион бесов: Сборник очерков и рассказов.,УМЕРШИЙ.,,,
9890,Легионер.,"ЧЕКУОЛИС, Альгимантас Юргисович.",,,
9891,Легкая жизнь: Рассказы.,"КАЗАКОВ, Юрий Павлович.",,,
9892,Легкая надбавка: Драма в 3-х д. с прологом и эпилогом.,"ПОГОСКИЙ, Александр Фомич (ПОГОССКИЙ, Александр Фомич).",,,
9893,Легкая нажива: Драма в 4-х д.,"ВЕЛИКАНОВ, Василий Александрович.",,,
9894,Легкая нажива: Драматические сцены в 5-ти карт.,"ВОЩЕЛЛОВИЧ, Г. Г.",,,
9895,Легкая нажива: Комедия в 3-х д.,"ДЕШКИН, Константин Александрович.",,,
9896,Легкая смесь. О.,ГЕНРИ.,,,
9897,Легкая трагедия: В 1-м д.,"БУРЫЛИ-ЧЕВ, Владимир Павлович.",,,
9898,Легкие деньги: Роман в 2-х ч.,"НАЗАРЬЕВА, Капитолина Валериановна.",,,
9899,Легкие нравы: Фарс в 3-х д.,"ГРО-МАКОВСКАЯ, Юлия Петровна.",,,
9900,Легкие повреждения.,"КИБЕР, Манфред.",,,
9901,Легкие рассказы.,"ЛОМАКИН, Николай.",,,
9902,Легкие рассказы из нашего современного народного быта.,"ЛЯЛИКОВ, Филипп Илларионович.",,,
9903,Легкий пар.,"СОКОЛ, Иван (СОКОЛОВСКИЙ, Иван Дмитриевич).",,,
9904,Легкий человек: Комедия в 3-х д.,"КОЛКОВ, Степан Афанасьевич.",,,
9905,Легкий человек: Рассказ.,"ИЛЬЕНКОВ, Василий Павлович.",,,
9906,Легкий человек Марина.,"КАРЕЛИН, Лазарь Викторович. ",,Надежда и любовь...,
9907,Легкий экзамен: Юмористические рассказы.,"ЛЕНЧ, Леонид.",,,
9908,Легко дышать: [Стихи].,"ФИКСИН, Сергей Андреевич.",,,
9909,Легко ли быть праведным?,"ДМИТРИИ, Геннадий Кузьмич.",,,
9910,Легкое недоразумение: Фарс с пением и куплетами в 2-х д.,"С. Т. (ТАНЕЕВ, Сергей Васильевич).",,,
9911,Легкомысленная история для серьезных людей: Комедия в 3-х д.,"УАЙЛЬД, Оскар.",,,
9912,Легкомысленная история для серьезных мужчин: Комедия в 3-х д.,"УАЙЛЬД, Оскар.",,,
9913,Легкомысленная комедия для серьезных людей: (Тривиальная комедия). (Как важно быть серьезным). Комедия в 3-х д.,"УАЙЛЬД, Оскар.",,,
9914,Легкомысленная повесть.,"ЗОРИЧ, А.",,,
9915,Легкомысленная сестра: Комедия в 4-х д.,"ПЕРЖИНСКИЙ, В. (ПЕЖИНСКИЙ, Владимир).",,,
9916,Легкомысленная супруга: Любовная путаница. Роман.,"БЕЛАУ, Елена.",,,
9917,Легкомысленные рассказы.,"КАМЕНСКИЙ, Анатолий Павлович.",,,
9918,Легкомысленный Евлашка: Пьесы.,"ЧИРКОВ, Алексей Николаевич.",,,
9919,Легкомыслие и отвага.,"ЧЕРСКИЙ, Леонид Федорович.",,,
9920,Легкота сектантская: Рассказ.,"ОРЛОВ, Иоанн.",,,
9921,Лед зеленеет по весне: Избранное.,"СОФРОНОВ, Анатолий Владимирович.",,,
9922,Лед и пламень: Путевые записки.,"ПАСЕНЮК, Леонид Михайлович.",,,
9923,Лед и пламя.,"БОГДАНКОВ, Борис Иванович.",,,
9924,Лед и фраки: Повесть.,"ШПАНОВ, Николай Николаевич.",,,
9925,Лед идет: Стихи и поэма.,"БАУКОВ, Иван Петрович.          ",,,
9926,Леда: Пьеса в 2-х д.,"КАМЕНСКИЙ, Анатолий Павлович.",,,
9927,Леда и Джиоконда: Интимный роман в письмах.,"ГУРМОН, Реми де.",,,
9928,Ледащая.,"ВОВЧОК, Марко. ",,Сестра...,
9929,Ледащий: Рассказ.,"ФИЛИПЬЕВ, Григорий Александрович.",,,
9930,Леди: Новые рассказы. (Кузены Адольфа).,"БУРЖЕ, Поль.",,,
9931,Леди Анна: Роман.,"ТРОЛЛОП, Энтони.",,,
9932,Леди Анна или Сирота: Детская повесть.,Имя авт. не установлено.,,,
9933,Леди Бетти и ее друзья: Рассказ.,Имя авт. не установлено.,,,
9934,Леди Джэн: Повесть.,"ДЖЕМИСОН, С. В. (ДЖЕМИСОН, Цецилия Вейт). ",Девочка-сирота; Голубая цапля (Леди Джэн).,,
9935,«Леди и Жип» и другие рассказы.,"ЛЮБИЧ-КОШУРОВ, Иоасаф Арианович.",,,
9936,Леди Кетт: О павианах.,"ЧЕГЛОК, Александр.",,,
9937,Леди Ледлоу: Роман.,"ГАСКЕЛ, Элизабет.",,,
9938,Леди Макбет Мценского уезда: Очерк.,"ЛЕСКОВ, Николай Семенович.",,,
9939,Леди на день.,"РИС КИН, Роберт.",,,
9940,Ледник: Из истории ледникового периода и первого человека.,"ИЕНСЕН, Иоганнес Вильгельм.",,,
9941,Ледниковый человек.,"ФАРФАРОВ-СКИЙ, Сергей Васильевич.",,,
9942,Ледовая дорога: [Записки командира].,"ФЕДОРОВ, Евгений Александрович.",,,
9943,Ледовая книга.,"СМУУЛ, Юхан.",,,
9944,Ледовая Одиссея: (Записки челюскинца). Документальная повесть.,"МИРОНОВ, Александр Евгеньевич.",,,
9945,Ледовая разведка: Рассказы летчика.,"МИХАЛЕНКО, Константин Фомич.",,,
9946,Ледовая свадьба: Повесть; Надежный караул: Роман.,"МЕРКУЛОВ, Андрей Георгиевич.",,,
9947,Ледовитое море: Повесть.,"КОЛЛИНЗ, Уилки.",,,
9948,Ледовитый океан: Пьеса в 1-м д.,"НАБАТОВ, Алексей Иванович.",,,
9949,Ледовое побоище: Поэма.,"СИМОНОВ, Константин Михайлович.",,,
9950,Ледовый рейс.,"СОЛОДНИКОВ, Геннадий Николаевич.",,,
9951,Ледолом: Роман.,"ГОРБУНОВ, Кузьма Яковлевич.",,,
9952,"Ледоход: Драма из эпохи освободительного движения 1905 г. В 5-ти д. Le CHAR, Stanislas (ХИН,",Р. М.,,,
9953,Ледоход; Трудные годы: Сказания о карелах. Дилогия в стихах.,"РУГОЕВ, Яакко Васильевич. ",Сказание о карелах: Дилогия в стихах.,,
9954,Ледоход: Поэмы и стихотворения.,"ДРУСКИН, Лев Савельевич.",,,
9955,Ледоход: [Рассказ].,"АЛЕКСЕЕВ, Глеб Васильевич.",,,
9956,Ледоход: Рассказ; Под праздник: Рассказ.,"СЕРАФИМОВИЧ, Александр.",,,
9957,Ледоход: Стихи.,"ВИНОКУРОВ, Николай Гаврилович.",,,
9958,Ледоход: Стихи.,"ГРАЧЕВ, Николай Григорьевич.",,,
9959,Ледоход: Стихи.,"ПЕРЕВАЛОВ, Николай.",,,
9960,Ледоход: Стихи.,"ТИМОФЕЕВ, Михаил Елисеевич.",,,
9960а,Ледоход: Стихотворения.,"КВАТЦ, Донат Эдуардович.",,,
9961,Ледоход в конце лета: Повесть.,"ГРЕКОВ, Юрий Федорович.",,,
9962,Ледяная берлога.,"РОБЕРТС, Чарльз.",,,
9963,Ледяная глыба.,"УРИН, Дмитрий Эрихович.",,,
9964,Ледяная женщина.,"БЕЛЛО, Адольф (БЕЛО, Адольф).",,,
9965,Ледяная западня.,"СВИРИДОВ, Игорь Александрович.",,,
9966,Ледяная капля: Повести.,"КАИП-БЕРГЕНОВ, Тулепберген.",,,
9967,Ледяная купель: Повесть.,"СКВИРЕН-КО, Геннадий Петрович.",,,
9968,Ледяная ловушка.,"МАТЮШИН, Михаил Ильич.",,,
9969,Ледяная осада: Отрывки из неоконченной повести.,"КРУМИН, Ян Яковлевич.",,,
9970,Ледяная тропа: Повесть и рассказы.,"ЗИНГЕР, Макс Эммануилович.",,,
9971,Ледяница: Сказка.,"АНДЕРСЕН, Ганс-Христиан.",,,
9972,Ледяное небо: Повести и рассказ.,"НИКОЛАЕВ, Владислав Николаевич.",,,
9973,Ледяной ад.,"БУССЕНАР, Луи Анри.",,,
9974,Ледяной дом: Историческая повесть XVIII века.,"КАССИРОВ, Иван.",,,
9975,Ледяной дом: Повесть из времен царствования Анны Иоанновны. В 2-х ч.,Имя авт. не установлено.,,,
9976,Ледяной дом: Роман. Ч. 1-4.,"ЛАЖЕЧНИКОВ, Иван Иванович.",,,
9977,Ледяной клад: [Роман].,"САРТАКОВ, Сергей Венедиктович.",,,
9978,Ледяной остров.,"КУДАШЕВ, Алексей Иванович.",,,
9979,Ледяной сфинкс: Роман в 2-х ч.,"ВЕРН, Жюль.",,,
9980,Ледяночка: Рассказы.,"МЕДВЕДЕВ, Ефим Евгеньевич.",,,
9981,Ледяные боги: Роман.,"ХАГГАРД, Ра-тедх (ХАГГАРД, Генри Райдер).",,,
9982,"Ледяные ночи: Документальный рассказ журналиста, участника необычайного путешествия в зимнюю Арктику.","РОЗЕН-ФЕЛЬД, Михаил Константинович.",,,
9983,Лезвие бритвы: Роман приключений.,"ЕФРЕМОВ, Иван Антонович.",,,
9984,Лезвия: Рассказы.,"КОПЫЛЕНКО, Александр Иванович.",,,
9985,Лейб-Кучер: Драматический анекдот в 1-м д.,"КОЦЕБУ, Август Фридрих.",,,
9986,Лейб-медик датского короля: Роман. (Из датской истории). (1769—1772).,"АРНУ, Огюст Жан Франсуа, ФУРНЬЕ, Нарцисс.",,,
9987,Лейба Шмерль.,"ЛАЩЕНКО, Р.",,,
9988,Лейла: Сцены из жизни гаремов. Истинное происшествие.,Имя авт. не установлено.,,,
9989,Лейла или Осада Гренады: Ч. 1-2.,"БУЛЬВЕР-ЛИТТОН, Эдуард Джордж.",,,
9990,Лейла и Меджнун: Поэма.,"НАВОИ, Алишер.        ",,,
9991,Лейли и Меджнун: [Поэма].,"НИЗАМИ, Гянджеви.",,,
9992,Лейли и Меджнун: Поэма.,"ФИЗУЛИ, Мухаммед Сулейман оглы.",,,
9993,Лейпциг-33: Драматическая хроника в 3-х ч. с эпилогом.,"КОМПАНЕЕЦ, Лев Владимирович, КРОНФЕЛЬД, Леонид Эльхоно-вич.",,,
9994,Лейсан — весенний дождь: Стихи.,"МАНСУР, Зия.",,,
9995,"Лейся, ливень!: Стихи и поэмы.","АТА-ДЖАНОВ, Ата.",,,
9996,Лейтенант Артюхов: Повесть.,"КРУ-ТИЛИН, Сергей Андреевич.",,,
9997,Лейтенант Белозор.,"БЕСТУЖЕВ-МАРЛИНСКИЙ, Александр Александрович.",,,
9998,NOPARSE,,,,
9999,Лейтенант Волгин: Пьеса в 4-х актах.,"ТАРУТИНЫ, В. и В.",,,
10000,Лейтенант и поручик: Быль времен Петра Великого.,"МАСАЛЬСКИЙ, Константин Петрович.",,,
10001,Лейтенант милиции Вязов: Повесть.,"ВОЛГИН, Сергей Яковлевич.",,,
10002,Лейтенант Шмид: Документальная драма в 2-х ч.,"КОМИССАРЖЕВСКИЙ, Виктор Григорьевич, МАНЕВИЧ, Иосиф Моисеевич",,,
10003,Лейтенант Шмидт: Драма в 4-х д.,"ТАМАРИН, Н. Н.",,,
10004,Лейтенант Шмидт: Историческая повесть.,"ЧАРНЫЙ, Маркус Борисович.",,,
10005,Лейтенант Шмидт: (Красный адмирал). (6 марта 1906 г.). Поэма.,"БЕЛКИНА, Любовь Михайловна.",,,
10006,Лейтенант Шмидт: [Поэма].,"ПАСТЕРНАК, Борис Леонидович.",,,
10007,Лейтенант Шмидт: [Пьеса].,"ЗАДОНСКИЙ, Николай Алексеевич.",,,
10008,Лейтенантская молодость: Стихи и поэмы.,"ЯРОЦКИЙ, Борис Михайлович.",,,
10009,Лейтенанты: Драма в 2-х ч.,"ПИН-ЧУК, Аркадий Федорович.",,,
10010,Лейтенанты: Роман.,"КОПЫЛЕНКО, Александр Иванович.",,,
10011,Лейтенанты начинают службу.,"МОС-ЦЕЕВ, Владимир Митрофанович.",,,
10012,"Лека, Пика и другие.","УСТЮГОВ, Анатолий Михайлович.",,,
10013,Лекарство от любви: [Поэма].,"ОВИДИЙ НАЗОН, Публий. ",,Искусство любви... Изд. также под загл.: Средства от любви.,
10014,Лекарь от запоя: Оригинальный водевиль в 1-м д.,"БРАГИН, Григорий Дмитриевич.",,,
10015,Лекарь поневоле: Комедия в 3-х актах.,"МОЛЬЕР, Жан Батист.",,,
10016,Лекок: Роман в 2-х ч.,"ГАБОРИО, Эмиль.",,,
10017,Лекок — агент сыскной полиции. 2 ч.,"ГАБОРИО, Эмиль. ",Лекок; Похождения сыщика Лекока.,,
10018,Лекторы: Современные рассказы.,"ГОРБАЧЕВ, Василий Егорович.",,,
10019,Лекция.,"ШОШИН, Михаил Дмитриевич. ",,Актер...,
10020,Лекция дида Харька: «Откуда пошла земля русская».,"БАРСУК, А. И.",,,
10021,Лекция о вреде алкоголя: Сцена в 1-м д.,"СПИРО, Сергей Петрович.",,,
10022,Лекция о кабарином искусстве: Шутка в 1-м д.,"ГЕРН, Е. (ГЕРКЕН, Евгений Георгиевич).",,,
10023,Лекция о лесе: Главы из романа «Русский лес».,"ЛЕОНОВ, Леонид Максимович.",,,
10024,Лелейская гора: Роман.,"ЛАЛИЧ, Михайло.",,,
10025,Лелесик.,"ЧИКАРЬКОВ, Александр Васильевич.",,,
10026,Лелина книжка: Стихи.,"ЧАЯНОВ, Александр Васильевич.",,,
10027,Лелио в темнице: Поэма в форме драмы.,"БАРЫШНИКОВ, Александр Александрович.",,,
10028,Леличка решила изменить: (Она решила изменить). Пьеса в 1-м д.,"ИДИН, С. Н. (ПИЛЕНКО, Сергей Николаевич).",,,
10029,Леличкина карьера: Комедия в 4-х д.,"ГРИГОРЬЕВ-ИСТОМИН, Николай Алексеевич.",,,
10030,"Лёлишна из третьего подъезда или Повесть о доброй девочке, храбром мальчике, злой девчонке, укротителе львов, двоечнике по прозвищу Пара, смешном милиционере и других интересных личностях, перечислить которых в названии нет никакой возможности, потому что оно и так получилось слишком длинным.","ДАВЫДЫЧЕВ, Лев Иванович.",,,
10031,Леля: Комедия в 4-х д.,"ВАСИЛЬЕВА, М.",,,
10032,Леля в родительском доме.,"ТАЙТ-ЛЕР, Энн Фрейзер.",,,
10033,Леля или Необитаемый остров: Повесть.,"ТАЙТЛЕР, Энн Фрейзер.",,,
10034,Лемехи: Пьеса в 5-ти д.,"ЗАДЫХИН, Яков Леонидович.",,,
10035,Лемешевская волость.,"ПОЛИВАНОВ, Владимир Павлович.",,,
10036,Лен: Роман.,"АМП, Пьер.",,,
10037,Лен: Сказка.,"АНДЕРСЕН, Ганс-Христиан.",,,
10038,Лен: Стихи.,"ФОЛОМИН, Федор Петрович.",,,
10039,Лен зацветает: Рассказы.,"ГРЕШИ-ЩЕВ, Николай Михайлович.",,,
10040,Лен колоколится: Стихи.,"СЕМА-КИН, Владимир Кузьмич.",,,
10041,Лен цветет: Рассказы.,"ФЕДОРОВИЧ, Виталий.",,,
10042,Лена: Повесть.,"АНТОНОВ, Сергей Петрович.",,,
10043,Лена: Поэма.,"МИНЧАНИН, С.",,,
10044,Лена: Пролетарская драма в 5-ти д.,"ПЛЕТНЕВ, Валериан Федорович.",,,
10045,Лена: Рассказы.,"БЕРКОВИЧИ, Конрад.",,,
10046,Лена: Роман.,"САЯНОВ, Виссарион.",,,
10047,Лена и степь: Рассказы.,"НАУМОВ, Сергей Максимович.",,,
10048,Лена из Журавлиной рощи.,"КАРАВАЕВА, Анна Александровна.",,,
10049,Лена прекрасная: Стихи и поэмы.,"ТАЛЛАН, Бюрэ.",,,
10050,Лена-река: Путевые записки.,"ВИЛ-ЛАХОВ, Евгений Алексеевич.",,,
10051,Ленвиль или Сыновняя горячность.,"КАМЕНСКИЙ, Константин.",,,
10052,Лензото: Био-драма в 9-ти карт.,"ФРЭНЧ (ЗОЛИН, Александр Самойлович).",,,
10053,Ленивые хитрецы: Повести и рассказы.,"ПЕЧЕРСКИЙ, Николай Павлович.",,,
10054,Ленивый Вареник.,"КУММА, Александр Владимирович, РУНГЕ, Сакко Васильевич.",,,
10055,Ленин: Поэма.,"ПОЛИЩУК, Валериан Львович.",,,
10056,Ленин: Поэма.,"РЗА, Расул.",,,
10057,Ленин: Рассказ из действительной жизни.,"АЛЕКСЕЕВСКИЙ, Николай Иванович.",,,
10058,Ленин: [Стихи].,"БЕДНЫЙ, Демьян.",,,
10059,Ленин: Стихи.,"КЛЮЕВ, Николай Алексеевич.",,,
10060,Ленин: Стихотворения.,"АЛТАЙСКИЙ, Константин.",,,
10061,Ленин: Сценарий.,"ЗЛАТОГОРОВА, Татьяна Семеновна, КАПЛЕР, Алексей Яковлевич.",,,
10062,Ленин: (1918 год). Пьеса в 9-ти карт.,"ЗЛАТОГОРОВА, Татьяна Семеновна, КАПЛЕР, Алексей Яковлевич.",,,
10063,Ленин в Горках: Стихи.,"САЯНОВ, Виссарион.",,,
10064,Ленин в Октябре: Киносценарий.,"КАПЛЕР, Алексей Яковлевич.",,,
10065,Ленин в Петрограде: (Апрель-октябрь 1917 г.).,"ПОПОВ, Александр Федорович.",,,
10066,Ленин в подполье: Июль-октябрь 1917 г.,"ШОТМАН, Александр Васильевич.",,,
10067,Ленин-великий вожатый: (Сон пионера Шурки Буракова).,"ПАНЕВ, Георгий Иоакимович.",,,
10068,Ленин жив.,"ИРКУТОВ, Андрей.",,,
10069,Ленин и Али: Поэма из трапезунд-ской жизни.,"ЩЕРБИНИН, Гр. Я. (НЕРСИ-СЯН).",,,
10070,Ленин и Али: Стихотворения.,"ЧА-РЕНЦ, Егише.",,,
10071,Ленин и дедушка Раджаб: Стихи и поэма.,МИРТЕМИР.,,,
10072,Ленин и печник.,"ТВАРДОВСКИЙ, Александр Трифонович.",,,
10073,Ленин на Памире: Поэма.,"МИР-ШАКАР, Мирсаид.",,,
10074,Ленин на трибуне; Портрет; Мать.,"БЕРЕЗОВСКИЙ, Феоктист Алексеевич.",,,
10075,Ленин разговаривает с Америкой: Рассказы.,"ДАНГУЛОВ, Савва Артемьевич.",,,
10076,Ленин с нами: [Стихи].,"МАЯКОВСКИЙ, Владимир Владимирович.",,,
10077,Ленингоры: Поэма.,"УРАЛЬЦЕВ, Венцеслав.",,,
10078,Ленинград: Август 1941 г. Фронтовые рассказы.,"КАВЕРИН, Вениамин.",,,
10079,Ленинград: Роман.,"ЧУМАНДРИН, Михаил Федорович.",,,
10080,Ленинград: Стихи.,"БЕРГГОЛЬЦ, Ольга Федоровна.",,,
10081,Ленинград: Стихи.,"ПОЛОВНИКОВ, Алексей.",,,
10082,Ленинград в дни блокады: (Из дневника).,"ФАДЕЕВ, Александр Александрович.",,,
10083,Ленинград действует...: Фронтовой дневник. Кн. 1-2.,"ЛУКНИЦКИЙ, Павел Николаевич.",,,
10084,Ленинград-Одесса.,"УГЛОВ, Алексей (ЧУКОВСКАЯ, Лидия Корнеевна).",,,
10085,Ленинградская доблесть.,"РЕШЕ-ТОВ, Александр Ефимович.",,,
10086,Ленинградская зима: Повесть.,"АРДАМАТСКИЙ, Василий Иванович.",,,
10087,Ленинградская ночь.,"ПАУСТОВСКИЙ, Константин Георгиевич.",,,
10088,Ленинградская повесть.,"УКСУСОВ, Иван Ильич.",,,
10089,Ленинградская   поэма.,"БЕРГ- ГОЛЬЦ, Ольга Федоровна.",,,
10090,Ленинградская тетрадь:  Стихи.,"БЕРГГОЛЬЦ, Ольга Федоровна.",,,
10091,Ленинградская тетрадь:  Стихи.,"КИРСАНОВ, Семен Исаакович.",,,
10092,Ленинградские летчики.,"ПЕРЕПЕЛОВ, Леонид Антонович.",,,
10093,Ленинградские ночи.,"БЕЛЯЕВ, Владимир Павлович.",,,
10094,Ленинградские повести.,"КОЧЕТОВ, Всеволод Анисимович.",,,
10095,Ленинградские подруги: Маленькая пьеса.,"МАРИЕНГОФ, Анатолий Борисович.",,,
10096,Ленинградские рассказы.,"ТИХОНОВ, Николай Семенович.",,,
10097,Ленинградские тетради Алексея Дубравина.,"ХРЕНКОВ, Александр Васильевич.",,,
10098,Ленинградский венок: Поэмы.,"ТУРКИН, Владимир Павлович.",,,
10099,"Ленинградский год: Май, 1942— 1944.","ТИХОНОВ, Николай Семенович.",,,
10100,Ленинградский дневник: Очерки.,"САЯНОВ, Виссарион.",,,
10101,"Ленинградский дневник: Стихи и поэмы, 1941 —1944.","БЕРГГОЛЬЦ, Ольга Федоровна.",,,
10102,Ленинградский проспект: Драма.,"ШТОК, Исидор Владимирович.",,,
10103,Ленинградский рассвет: Роман.,"РЫТХЭУ, Юрий Сергеевич.",,,
10104,Ленинграду: Стихотворения.,"АЗАРОВ, Всеволод Борисович.",,,
10105,Ленинградцы.,"ТИХОНОВ, Николай Семенович.",,,
10106,Лениниада: Фрагменты поэмы.,"САННИКОВ, Григорий Александрович.",,,
10107,Ленинка: Пьеса ленинградского пролеткульта.,Имя авт. не установлено.,,,
10108,Ленинка: Рассказ.,"СКВОРЦОВ, Александр Сергеевич.",,,
10109,Ленинская гвардия: Стихи.,"ПОКРОВСКИЙ, А.",,,
10110,Ленинская депеша: Рассказ.,"ТУПИКОВ, Алексей Иванович.",,,
10111,Ленинская десятина.,"АЛЕКСЕЕВ, Сергей Петрович.",,,
10112,Ленинская улица.,"ЛИФШИЦ, Владимир Александрович.",,,
10113,Ленинская Шатура.,"ЛЕОНТЬЕВА, Тамара Константиновна.",,,
10114,Ленинская шахта.,"АРСКИЙ, А. Т. (АРСКИЙ, Р.).",,,
10115,Ленинские горы.,"АЛИГЕР, Маргарита Иосифовна.",,,
10116,Ленинские юнкера: Повесть.,"ЮРКОВСКИЙ, Александр.",,,
10117,Ленинские юнкера: Пьеса в 4-х д.,"РЮМИН, Евгений.",,,
10118,Ленинский броневик: Повесть.,"ГРИГОРЬЕВ, Николай Федорович.",,,
10119,Ленинский завет: Пьеса в 2-х д.,"ЛЕОНОВ, Вен.",,,
10120,Ленинский наказ: Повесть в стихах.,"АЛТАУЗЕН, Джек Моисеевич, КОВЫ-НЕВ, Борис Константинович",,,
10121,Ленинский призыв: Стихи.,"ОГУРЦОВ, Серафим Иванович.",,,
10122,Ленинский проспект: Роман.,"СВИР-СКИЙ, Григорий Цезаревич.",,,
10123,Ленинский путь: Стихи и поэмы.,"ТУРУСБЕКОВ, Джусуп.",,,
10124,Ленинской гвардии бойцы.,"ЯЩЕН-КО, Иван Максимович.",,,
10125,Ленинцы: Пьеса в 2-х д.,"ЛЕОНОВ, Михаил Петрович.",,,
10126,Ленинцы в раю: Пьеса.,"АЛЕКСАНДРОВ, Владимир.",,,
10127,Ленка-Леночка: Рассказы.,"ТЕЛИЧ-КО, Эдуард Николаевич.",,,
10128,Ленкина березонька.,"СЕМЕНОВА, Нина Артемовна.",,,
10129,Леночка: Повесть. Рассказы.,"ГУЛИА, Георгий Дмитриевич.",,,
10130,Леночка: Рассказ для детей.,"МАКАРОВА, София Марковна.",,,
10131,Леночкина пропажа.,"ПОЛОТАЙ, Николай Исидорович.",,,
10132—10133,Ленская землица.,"ШЕВКОВ, Сергей Дмитриевич.",,,
10134,Ленское золото: (Расстрел 17/4— 1912 г.).,"ЛЕВИЦКАЯ-ДЕН, Татьяна Петровна.",,,
10135,Лента любви: Фарс в 4-х д.,"НАНСЭ, Марсель, РИЦ, Жан.",,,
10136,"Лентяй: Его воспоминания, наблюдения и заметки; Про одну старуху: Рассказы.","УСПЕНСКИЙ, Глеб Иванович.",,,
10137,Ленушка: Народная трагедия в 4-х д.,"ЛЕОНОВ, Леонид Максимович.",,,
10138,Ленца: Повесть.,"МУНТЯНУ, Фран-чиск.",,,
10139,Ленька: Пьеса в 2-х д.,"АРАЦ-КОВА, О.",,,
10140,Ленька: Рассказ.,"КОЖЕВНИКОВ, Иван Степанович.",,,
10141,Ленька: [Стихи].,"ШВАРЦ, Евгений Львович.",,,
10142,Ленька Гром: Повесть.,"КОВАЛЕВ, Павел Никифорович.",,,
10143,Ленька едет в Джаркуль: Рассказы.,"ПОЛЕТАЕВ, С. Е.",,,
10144,Ленька Охнарь: Повесть.,"АВДЕЕВ, Виктор Федорович.",,,
10145,Ленька Пантелеев.,"ПАНТЕЛЕЕВ, Леонид.",,,
10146,Ленька-трубач: Повесть.,"ЗИБОРОВ, Евгений Александрович.",,,
10147,Ленькин перевал: Повесть.,"ТРУБИН, Александр Изосимович.",,,
10148,Ленькин салют; Выстрел в лесу; Пять колодезей.,"АЗБУКИН, Борис Павлович.",,,
10149,Леня: Рассказ.,"КОЛТУНОВ, Генрих Михайлович.",,,
10150,«Лео»: (Формула преступления). Пьеса в 3-х актах.,"РОЗЕН, Александр Германович.",,,
10151,Леон Дрей: Роман. Ч. 1-3.,"ЮШКЕВИЧ, Семен Соломонович.",,,
10152,Леон или Таинственное дитя: Ч. 1-4.,"ДЮКРЕ-ДЮМИНИЛЬ, Франсуа Гийом.",,,
10153,Леона Дар в воздушном океане: Мысли и чувства в облаках. Сочинение.,Имя авт. не установлено.,,,
10154,Леонарда: Комедия в 4-х д.,"БЬЕРН-СТЬЕРНЕ-БЬЕРСОН (БЬЕРНСОН, Бьерн-стерне).",,,
10155,Леонардо да Винчи: Повесть.,"АЛТАЕВ, Ал.",,,
10156,Леоне де Леони.,"ЗАНД, Жорж (САНД, Жорж).",,,
10157,Леонид Андреев.,"ГОРЬКИЙ, Максим. ",,Н. Е. Каронин...,
10158,Леонид и Елалия: Элегия.,Имя авт. не установлено.,,,
10159,Леонид или Некоторые черты из жизни Наполеона.,"ЗОТОВ, Рафаил Михайлович.",,,
10160,Леонид или Ночная лампада: Стихотворный рассказ.,"Н-В, И.",,,
10161,Леонид Степанович и Людмила Сергеевна: Повесть.,"ГЛИНКА, Авдотья Павловна.",,,
10162,Леония: Одна из обыкновенных историй.,"ВАЛЬРЕЙ, Макс.",,,
10163,Леонора или Мщение италиянки: Драматическое представление в 3-х актах.,"ИЛЬИН, Павел.",,,
10164,Леонтина.,"КОЦЕБУ, Август Фридрих.",,,
10165,Леопард: [Повесть].,"РИД, Виктор Стаффорд.",,,
10166,Леопард: Роман.,ТОМАЗИ ,,,
10167,Леопард из Рудрапраяга.,"КОРБЕТТ, Джим.",,,
10168,Леопард натуралиста.,"СОЛОВЬЕВ, М. А.",,,
10169,Лепестки: Новый сборник стихотворений.,"ИВАНОВ, Константин Алексеевич.",,,
10170,Лепестки: Проза и стихи.,"ЯЗЕНКО, Николай Иванович.",,,
10171,"Лепестки: Рассказы, очерки и картинки.","КАЙ ГОРОДОВ, Дмитрий Никифорович.",,,
10172,Лепестки: Стихи.,"ВАРВАРКИНА, Зинаида Федоровна.",,,
10173,Лепестки: Стихи.,"СУХОВ, Федор Григорьевич.",,,
10174,Лепестки: [Стихотворения].,"ГЕРБА-НОВСКИЙ, Михаил Михайлович.",,,
10175,Лепестки: (Стихотворения).,ГРАФ ,,,
10176,«Лепестки» и другие стихотворения (1912—1913).,"ПОЛЯК, Ц. Н.",,,
10177,"Лепестки и листья: Рассказы, очерки, афоризмы и загадки для юношества.","АВЕНАРИУС, Василий Петрович.",,,
10178,Лепестки опавших роз: Стихи и басни.,"АРЦИМОВИЧ, Елена.",,,
10179,Лепта: (Из школьных очерков).,"МИРОНОСИЦКИЙ, Порфирий Петрович.",,,
10180,Лепта: Стихи. Поэма.,"СМИРНОВ, Лев Васильевич.",,,
10181,Лепта: Стихи и поэма.,"РЫЖМА-НОВ, Григорий Никандрович.",,,
10182,Лепта: [Стихотворения].,"ИВАНОВ, Вячеслав Иванович. ",,Нежная тайна...,
10183,Лепта в пользу нуждающихся: Несколько стихотворений.,"ПОЛОНСКИЙ, Яков Петрович.",,,
10184,Лери: Повесть.,"ЭР, А.",,,
10185,Лермонтов: Драма в 4-х д.,"ЛАВРЕНЕВ, Борис Андреевич.",,,
10186,Лермонтов: Трагедия в 5-ти д.,"ГЕВОРКЯН, Вазген.",,,
10187,"Лермонтова, 123: Стихи.","КАФА-РОВ, Владимир Абдул Азимович.",,,
10188,Лермонтовский возраст: Книга стихов.,"ШЕВЧЕНКО, Олег Федорович.",,,
10189,Лес: Комедия в 5-ти д.,"ОСТРОВСКИЙ, Александр Николаевич.",,,
10190,Лес: Недавняя быль.,НЕСТЕРОВ.,,,
10191,Лес: [Рассказ].,"ОЛОХОВА, О. И. ",,Права ли она?..,
10192,Лес: [Рассказ].,"ШМЕЛЕВ, Иван Сергеевич.",,,
10193,Лес: [Рассказы].,"БАРАНЦЕВИЧ, Казимир Станиславович.",,,
10194,Лес: Рассказы.,"НИКАНДРОВ, Николай.",,,
10195,Лес: Роман.,"ДЕМИДОВ, Алексей Алексеевич.",,,
10196,Лес: Сказка для детей.,"ЛИ, Ионас Лорик (ЛИ, Юнас). ",,Орлиная мать...,
10197,Лес богов.,"СРУОГА, Балис Францевич.",,,
10198,Лес в огне: Роман.,"КЭРВУД, Джемс Оливер (КЕРВУД, Джеймс Оливер).",,,
10199,Лес дремучий: Драма в 4-х д.,"ЩЕГЛОВ, Иван Осипович.",,,
10200,Лес дышал: Стихи и поэма.,"КАСУМ-ЗАДЕ, Касум.",,,
10201,Лес звенит: Пьеса в 1-м акте.,"ФЕДОРОВ, Геннадий Александрович.",,,
10202,Лес звенит: Рассказы.,"ПОДЗЕ-ЛИНСКИЙ, Михаил Михайлович.",,,
10203,Лес зовет: Рассказы.,"НОВИКОВ, Валентин Афанасьевич.",,,
10204,Лес и ветер.,"БОЛОГОВ, В. ",,Встреча...,
10205,«Лес» и другие стихотворения.,"НИКИТИН, Иван Саввич.",,,
10206,Лес и степь: Рассказ.,"ТУРГЕНЕВ, Иван Сергеевич.",,,
10207,Лес или Сент-Клерское аббатство.,"РАДКЛИФ, Анна.",,,
10208,Лес никогда не спит: Очерк.,"КУЗНЕЦОВ, Анатолий Федорович.",,,
10209,Лес новогодних елок: Сказки старого фотографа.,"РУБИНЧИК, Станислав Лазаревич.",,,
10210,Лес повешенных: Роман.,"РЕБРЯНУ, Ливиу.",,,
10211,Лес разгорался: Рассказ.,СКИТАЛЕЦ.,,,
10212,Лес рубят: Пьеса в 4-х д.,"ЛИТВАК, Григорий Николаевич.",,,
10213,Лес рубят — щепки летят: Комедия.,"ПИСНЯЧЕВСКИЙ, Владимир Порфирьевич.",,,
10214,"Лес рубят, щепки летят: Роман в 2-х ч.","ШЕЛЛЕР-МИХАЙЛОВ, Александр Константинович.",,,
10215,Лес чудес: Пьеса — сказка в 6-ти карт.,"СТОРОЖЕВА, Мария Федоровна.",,,
10216,Лес шуметь не перестал...: Роман.,"АБРАМОВ, Кузьма Григорьевич.",,,
10217,Лес шумит...: Героико-романтическая комедия в 4-х актах.,"ПЕРМЯК, Евгений.",,,
10218,Лес шумит; Два брата: [Рассказы].,"ХЕЙДЕНСТАМ, Вернер фон (ГЕЙ ДЕИСТАМ, Вернер фон).",,,
10219,Лес шумит: Повесть.,"АВТОМОНОВ, Павло (АВТОМОНОВ, Павел Федорович) .",,,
10220,Лес шумит: Повесть.,"МОРОЗОВ, Степан.",,,
10221,Лес шумит: Полесская легенда.,"КОРОЛЕНКО, Владимир Галактионович.",,,
10222,Леса и пастбища: Рассказы.,"ФРАНКО, Иван Яковлевич.",,,
10223,Леса молчат: Роман.,"ГОРАК, Йозеф.",,,
10224,Леса поют: Стихи.,"КОЧКАРЕНКО, Владимир Борисович.",,,
10225,Леса пробуждаются.,"АКЕР, Ру- ",,,
10226,Леса родные: Очерки и рассказы.,"СОЛОВЬЕВ, Виктор Алексеевич.",,,
10227,Лесбия: Рассказы и стихотворения в прозе.,"МЕНДЭС, Катюлл (МЕНДЕС, Катюль).",,,
10228,Лесная быль: [Повесть].,"ИНДУРСКИЙ, Семен Давидович.",,,
10229,Лесная быль: Повесть.,"КОНИЧЕВ, Константин Иванович.",,,
10230,Лесная быль: Рассказы.,"КАСАТКИН, Иван Михайлович.",,,
10231,Лесная быль: Рассказы и повести.,"РАДЗИЕВСКАЯ, Софья Борисовна.",,,
10232,Лесная быль: Роман.,"ЛАВРИНАЙ-ТИС, Виктор Брониславович.",,,
10233,Лесная волшебница:     Повесть.,"СМИТ, Элизабет Томазина.",,,
10234,Лесная глушь: Картины народного быта из воспоминаний и путевых заметок в 2-х т.,"МАКСИМОВ, Сергей Васильевич.",,,
10235,Лесная глушь: Рассказ.,"КУПРИН, Александр Иванович.",,,
10236,Лесная грамота: Рассказы.,"ЛЕВ, Феликс Григорьевич.",,,
10237,Лесная девушка: Пьеса.,"АБДУЛЛИН, Ибрагим Ахметович. ",,Цвела черемуха...,
10238,Лесная девушка: Рассказы.,"БУГОРКОВ, Степан Степанович.",,,
10239,Лесная дорога: Повести и рассказы.,"МОЖАЕВ, Борис Андреевич.",,,
10240,Лесная дуэль: Рассказы.,"КОКО-НИН, Лев Васильевич.",,,
10241,Лесная жизнь: Рассказы.,"СЕРАФИМОВИЧ, Александр.",,,
10242,Лесная история: Повести и рассказы.,"ВЕЛЕМБОВСКАЯ, Ирина.",,,
10243,Лесная капель.,"ПРИШВИН, Михаил Михайлович.",,,
10244,Лесная келья: Лирика. Кн. 1.,"ГИТ-ТЕРМАН, Михаил Исаевич.",,,
10245,Лесная книга: Рассказы.,"САВИН, Виктор Афанасьевич.",,,
10246,Лесная красавица: Повесть.,"ЗБА-НАЦКИЙ, Юрий.",,,
10247,Лесная лилия: Стихи.,"БЕЛКИНА, Любовь Михайловна.",,,
10248,Лесная мышь: Рассказ.,"РАГОЗА, Н.",,,
10249,Лесная наука: Рассказы и повесть.,"МАКСАЕВ, Александр Иванович.",,,
10250,Лесная невеста: Стихи.,"ЧЕРНЫШОВ, Михаил Александрович.",,,
10251,Лесная песня: Документальная повесть.,"БАБЛЮК, Борис Тимофеевич.",,,
10252,Лесная песня: Драма-феерия в 3-х д. с прологом.,"УКРАИНКА, Леся.",,,
10253,Лесная песня: Очерки и рассказы.,"ГОЛОВИНСКИЙ, Виктор Сергеевич.",,,
10254,Лесная повесть: Рассказы.,"БАЖЕНОВ, Василий Николаевич.",,,
10255,Лесная повесть: Рассказы.,"ФОМИН, Леонид Аристархович.",,,
10256,Лесная полоса.,"КОРНЕЕВ, Николай Юрьевич.",,,
10257,"Лесная поросль: Комедия в 4-х д.,‘ служащая продолжением комедии А. Н. Островского «Лес».","МАКСИМОВ, Александр Максимович.",,,
10258,Лесная почта: Рассказы.,"ПОЛУЯНОВ, Иван Дмитриевич.",,,
10259,Лесная поэма: Повесть.,"ПЕРМИ-ТИН, Ефим Николаевич.",,,
10260,Лесная поэма: Стихотворения.,"УСАЧЕВ, Петр Алексеевич.",,,
10261,Лесная принцесса.,"АНДЕРСЕН, Ганс-Христиан.",,,
10262,Лесная река: Стихи.,"ХОЛОДОВА, Клавдия Федоровна.",,,
10263,Лесная родина: Стихи.,"КУШТУМ, Николай.",,,
10264,Лесная сестра: Стихи.,"ДУБРОВИНА, Элида Михайловна.",,,
10265,Лесная симфония: [Рассказы].,"ЛЮКОВ, Валентин Иванович, ПАНОВ, Юрий Алексеевич.",,,
10266,Лесная симфония: [Рассказы].,"ТКАЧЕВ, Александр Владимирович.",,,
10267,Лесная сказка: [Рассказ].,"МАМИН-СИБИРЯК, Дмитрий Наркисович.",,,
10268,Лесная сказка: [Рассказы].,"БАРАНОВ, Евгений Захарович.",,,
10269,Лесная сказка: [Рассказы].,"ГАУС-ТОВ, Иван Константинович.",,,
10270,Лесная сторожка: Повесть.,"АЛАНОВ, Виктор.",,,
10271,Лесная тайна: Рассказы.,"ЯКОВЛЕВ, Александр.",,,
10272,Лесная тишина: История одного поселка. Повесть.,"ЛУРЬЕ, Ноях Гешелевич.",,,
10273,Лесная тревога: Рассказы.,"УТКИН, Александр Дмитриевич.",,,
10274,Лесная тропа: Повести и рассказы.,"ШТИФТЕР, Адальберт.",,,
10275,Лесная тропа к роднику: Повесть.,"ЛАУРИ, Малькольм. ",,У подножия вулкана...,
10276,Лесная школа.,"БЫТОВОЙ, Семен.",,,
10277,Лесная яблонька: Стихи.,"ФЕЙЕРА-БЕНД, Евгений Витальевич.",,,
10278,Лесник: Рассказ.,"ПОЗНЯКОВ, Николай Иванович.",,,
10279,Лесник: Роман.,"ЭМАР, Гюстав. ",,Медвежонок-железная голова...,
10280,Лесник Жук: Рассказ.,"ЛУКАШЕВИЧ, Клавдия.",,,
10281,Лесник Зозуля.,"АЙЗМАН, Давид Яковлевич.",,,
10282,Лесник Николай: Из жизни медведей.,"ЧЕГЛОК, Александр.",,,
10283,Лесники: Повести и рассказы.,"ЛАВ-РИНАЙТИС, Виктор Брониславович.",,,
10284,Лесникова криница: Повесть. Рассказы.,"КАБАЛОВ, Леонид Федосеевич.",,,
10285,Лесничий: Роман. Ч. 1-2.,"БЕРТЭ, Эли.",,,
10286,Лесничий: Стихотворение.,"ЖИВОТОВ, Николай.",,,
10287,Лесничий Фредерик: Воспоминания одного француза .о бедствиях и страданиях в трагические дни присоединения Эльзаса к Пруссии.,ЭРКМАН-ШАТРИАН.,,,
10288,Лесничиха: Повесть.,"БИТЮКОВ, Владимир Николаевич.",,,
10289,Лесничиха: Повесть.,"ДОНЧЕНКО, Олесь Васильевич.",,,
10290,Лесное дитя: Легенда.,"АЛТАЕВ, Ал.",,,
10291,Лесное комсомолье.,"ДОРОНИН, Иван Иванович.",,,
10292,Лесное море: Роман.,"НЕВЕРЛИ, Игорь.",,,
10293,Лесное озеро: Рассказ.,"ПЛАВИЛЬЩИКОВ, Николай Николаевич.",,,
10294,Лесное сердце.,"ПЕРЕГУДОВ, Александр Владимирович.",,,
10295,Лесное счастье: Научно-художественная книга.,"СИГУНОВ, Петр Николаевич.",,,
10296,Лесное чудовище: Фантастическая сказка.,"КУКЕЛЬ (ЛУНИН, В. А.).",,,
10297,Лесное эхо: Повести и рассказы.,"САЧЕНКО, Борис Иванович.",,,
10298,Лесное яблоко.,"МАЦКЕВИЧ, Эдуард Олегович.",,,
10299,Лесной барашек: Записки охотника-натуралиста.,"АКУЛОВ, Николай Селивер-стович.",,,
10300,Лесной бродяга: Повесть из быта сибирских поселенцев и Сказка о короле «Лире» и королевне «Ласкевне».,Имя авт. не установлено.,,,
10301,Лесной бродяга: [Роман]. В 14-ти ч.,"ФЕРРИ, Габриель. ",Обитатель лесов; Черная птица и Орел снеговых вершин.,,
10302,Лесной бродяга: Сцены из Мехи-канской жизни в 4-х д. с прологом.,"БУРЖУА, Анисе, ДЮГЭ (ДЮГЕ, Фердинанд).",,,
10303—10304,Лесной бродяга или Шайка мошенников: Роман в 3-х ч. Ч. 1-3.,"ЕВСТИГНЕЕВ, Михаил Е.",,,
10305,Лесной гость.,"КОМАРОВ, Петр Степанович.",,,
10306,Лесной демон: Роман.,"БИРД, Роберт.",,,
10307,Лесной дозор: Повесть.,"ДАНИЛОВ, Владимир Михайлович.",,,
10308,Лесной житель.,"ШИШКОВ, Вячеслав Яковлевич.",,,
10309,Лесной Зверь.,"БУЗЬКО, Дмитрий Иванович.",,,
10310,Лесной источник: Рассказы об охоте и охотниках.,"ТЕРНИК, Евгений Михайлович.",,,
10311,Лесной конвейер.,"ДРУЖИНИН, Владимир Николаевич.",,,
10312,Лесной кулик: Из жизни русского леса.,"ПЛАВИЛЬЩИКОВ, Николай Николаевич.",,,
10313,Лесной кулик и моя шапка: Рассказы и маленькая повесть.,"БУДРИС, Риман-тас Изидоряус.",,,
10314,Лесной маршрут: (Записки юного туриста).,"ТИТОВ, Константин Маркович.",,,
10315,Лесной обжора.,"РОБЕРТС, Чарльз.",,,
10316,Лесной отшельник: Повесть.,"СЕВАСТЬЯНОВ, Анатолий Александрович. ",,Охотничье детство...,
10317,Лесной пожар: [Рассказ].,"КОПЫЛОВА, Екатерина Дмитриевна.",,,
10318,Лесной пожар: Рассказ.,"ОДЮ-БОН, Як (ОДЮБОН, Жан Жак).",,,
10319,Лесной пожар: Рассказы.,"ТУДЭВ, Лодонгийн.",,,
10320,Лесной поток: Поэма.,"ШМИДТ, Борис.",,,
10321,Лесной родник: Стихи.,"КОНЮ-ШЕВ, Капитон Владимирович.",,,
10322,Лесной родник: Стихи.,"ЩЕРБАКОВ, Василий Иванович.",,,
10323,Лесной ручей: Стихи.,"МАРКИН, Евгений Федорович.",,,
10324,Лесной сход: Басни. Фельетоны. Памфлеты. Юморески. Миниатюры.,"КАЛГАН, Александр.",,,
10325,Лесной теремок.,"ПОЛУЯНОВ, Иван Дмитриевич.",,,
10326,Лесной хозяин: Повесть.,"КОРНИЛОВ, Владимир Григорьевич.",,,
10327,Лесной хозяин: Рассказы.,"ПРИШВИН, Михаил Михайлович.",,,
10328,Лесной царь; Кубок; Перчатка: Граф Габсбургский: Баллады.,"ЖУКОВСКИЙ, Василий Андреевич.",,,
10329,Лесной царь; Сельская учительница; Разрушенные идеалы: Романы.,"РАН-КОВИЧ, Светолик.",,,
10330,Лесной шиповник.,"БАЕВА, Антонина Антоновна.",,,
10331,Лесной шум: Очерки и рассказы.,ЛЕСНИК.,,,
10332,Лесной шум: Стихи.,"КУДРЕЙКО-ЗЕЛЕНЯК, Ан. (КУДРЕЙКО, Анатолий).",,,
10333,Лесные акробаты.,"АСЕЕВА, Любовь Прокопьевна.",,,
10334,Лесные братья: Повесть.,"СТРАУ-ЯН, Ян Яковлевич.",,,
10335,Лесные братья: Рассказы.,"БУДИ-ЩЕВ, Алексей Николаевич.",,,
10336,Лесные были: Заметки натуралиста.,"ДЕРИМ-ОГЛУ, Елена Николаевна.",,,
10337,Лесные были: Рассказы.,"КУДРЯВЦЕВ, Виктор Константинович.",,,
10338,Лесные были: [Рассказы].,ЛЕСНИК-,,,
10339,Лесные были: [Рассказы].,"ЛУКЬ-ЯНСКАЯ, Вера Ипполитовна.",,,
10340,Лесные были: Рассказы.,"ШАПОВАЛОВ, Петр Федотович.",,,
10341,Лесные были: [Стихотворения].,"КЛЮЕВ, Николай Алексеевич.",,,
10342,Лесные ветры: Рассказы.,"ШЕСТАКОВА, Юлия Алексеевна.",,,
10343,Лесные воздухоплаватели.,"РОБЕРТС, Чарльз.",,,
10344,Лесные всадники.,"РОМАШОВ, Андрей Павлович.",,,
10345,Лесные встречи: (Очерки и рассказы).,"ПЕЧОРИН, Георгий Александрович.",,,
10346,Лесные встречи: Рассказы.,"БОРЧЕВ, Александр Анисимович.",,,
10347,Лесные встречи: [Рассказы].,"ЗВЕРЕВ, Максим Дмитриевич.",,,
10348,Лесные гости.,"ФЕДОРОВ, Леонид Александрович.",,,
10349,Лесные дива.,"ЯКОВЛЕВ, Константин Федорович.",,,
10350,Лесные дни.,"НИКОНОВ, Николай Григорьевич.",,,
10351,Лесные доктора: Стихи и сказки.,"ФРОЛОВ, Иван Ефимович.",,,
10352,Лесные Долы: Роман.,"ТРОПАЧИН-СКАЯ-ОГАРКОВА, Вероника.",,,
10353,Лесные женихи: Рассказ.,"КЕЙ-РАН, Ян.",,,
10354,"Лесные запахи: Лирические рассказы, зарисовки, миниатюры.","ЩЕРБАКОВ, Юрий Михайлович.",,,
10355,Лесные звезды.,"ШИШКАН, Константин Борисович.",,,
10356,Лесные колодцы.,"РОМАНЕНКО, Лариса Николаевна.",,,
10357,Лесные музы.,"КРЕПТЮКОВ, Даниил Александрович.",,,
10358,Лесные напевы: Рассказы.,"РОСЛЯКОВ, М.",,,
10359,Лесные огни: Стихи.,"ОСТРЕЙКО, Анатоль (АСТРЕЙКО, Анатоль).",,,
10360,«Лесные отголоски» и другие рассказы.,"ЖЕРОМСКИЙ, Стефан (ЗЫХ).",,,
10361,Лесные песни: Избранная лирика.,"КУШТУМ, Николай.",,,
10362,Лесные песни: [Стихи].,"ТЕРНОВ-СКИЙ, Василий Семенович.",,,
10363,Лесные Поляны: Повести и рассказы.,"ФАРУТИН, Константин Никандро-вич.",,,
10364,Лесные приметы.,"ЗВЕРЕВ, Максим Дмитриевич.",,,
10365,Лесные разговоры.,"ШИМ, Эдуард.",,,
10366,Лесные рассказы.,"ГАРНОВСКИЙ, Виталий Всеволодович.",,,
10367,Лесные рассказы.,"ПЕРЕГУДОВ, Александр Владимирович.",,,
10368,Лесные рассказы.,"РОЗЕГГЕР, Петер.",,,
10369,Лесные рассказы: Из записок охот-ника-натуралиста.,"АЛЕКСЕЕВ, Петр Иванович.",,,
10370,Лесные родники: Поэмы и стихи.,"ФЕДОРОВ, Василий Дмитриевич.",,,
10371,Лесные родники: Стихи.,"ТАТА-РЕНКО, Леонид Сергеевич.",,,
10372,Лесные ручейки: [Стихи и поэма].,"ТОРОПКИН, Павел Кузьмич.",,,
10373,Лесные сказки.,"АЛЕШИН, Вл. (ПОПОВ, Владимир Алексеевич).",,,
10374,Лесные сторожа: Повесть.,"СЕРГУ-НЕНКОВ, Борис Николаевич.",,,
10375,Лесные тайны: Комедия в 5-ти д.,"ЧИРИКОВ, Евгений Николаевич.",,,
10376,Лесные тайны: Повесть и рассказы.,"МХОВ, Николай Михайлович.",,,
10377,Лесные тайны: [Рассказы].,"ДАНИЛОВ, Владимир Михайлович.",,,
10378,Лесные тайны: Рассказы.,"ПИЛЬ-МАН, Эрих Эдуардович, СЕРОВА, Ольга Васильевна.",,,
10379,Лесные тропы: Рассказы.,ЛЕСНИК.,,,
10380,Лесные тропы: Рассказы.,"ПОД ГОРНОВ, Василий Михайлович.",,,
10381,"Лесные узоры: Словом, резцом, кистью...","КЛИПЕЛЬ, Владимир Иванович.",,,
10382,Лесные шорохи: Повесть о природе.,"ГРАЧЕВ, Александр Матвеевич.",,,
10383,Лесные шорохи: [Рассказы].,"ЗВЕРЕВ, Максим Дмитриевич.",,,
10384,Лесные шорохи: Стихи.,"УРЛИН, Иван Николаевич.",,,
10385,Лесные яблоки: Повесть и рассказы.,"ДАНИЛОВ, Иван Петрович.",,,
10386,Лесов таинственная сень: Повесть.,"КОРАБЛИНОВ, Владимир Александрович.",,,
10387,Лесовик: [Рассказ].,"МОРОЗОВ, П.",,,
10388,Лесовик: Рассказы о животных.,"САУЛИН, Петр Осипович.",,,
10389,Лесовик: Шутка-водевиль в 1-м д.,"СОКОЛОВ-ЖАМСОН, Павел Ананьевич (СОКОЛОВ, Павел Ананьевич).",,,
10390,Лесовичка: Повесть.,"ЧАРСКАЯ, Лидия.",,,
10391,Лесовичка: [Рассказы и повести].,"МЕТЕЛЬСКИЙ, Георгий Васильевич.",,,
10392,Лесовое: Рассказы.,"СОКОЛОВ-МИ-КИТОВ, Иван Сергеевич.",,,
10393,Лесо-день: (Живая газета).,"УХОВ-СКИЙ, Яков.",,,
10394,Лесозавод: Роман.,"КАРАВАЕВА, Анна Александровна.",,,
10395,Лесозаготовки: Рассказ.,"АЛФЕРОВ, Алексей Степанович.",,,
10396,Лесоруб Кумоха: Веселые и занятные приключения знаменитого Кумохи и его друзей. Повесть-сказка.,"ПРИВАЛОВ, Борис Авксентьевич.",,,
10397,Лесорубы: Повести и рассказы.,"ЖУСУПОВ, Кенеш.",,,
10398,Лесорубы: Рассказы.,"ВОЕВОДИН, Всеволод Петрович.",,,
10399,Леста или Днепровская русалка: Романтическая новость. Ч. 1-4.,Имя авт. не установлено.,,,
10400,Лествица: Поэма в VII-ми главах.,"МИРОПОЛЬСКИЙ, А. (ЛАНГ, Александр Александрович).",,,
10401,Лествица жизни песоцкой единицы: Назидательное и нравственное стихотворение в пяти ступенях.,КВ...Ъ,,,
10402,Лестница: Новые стихи.,"ПРЕЛОВ-СКИЙ, Анатолий Васильевич.",,,
10403,Лестница: Поэма.,"ЦВЕТАЕВА, Марина Ивановна.",,,
10404,Лестница: Пьеса в 2-х д.,"АЛЕШИН, Самуил.",,,
10405,Лестница: Рассказы.,"ЧИКОВАНИ, Григол.",,,
10406,Лестница борьбы: Стихотворения 1918—1922 гг.,"СМЕЛОВ, Василий Яковлевич.",,,
10407,Лестница в небо: Записки спелеолога.,"ЧВАНОВ, Михаил Андреевич.",,,
10408,Лестница в небо: Роман.,"СЛУЦ-КИС, Миколас Гецелевич.",,,
10409,Лестница любви: Повести и рассказы.,"ГРИГОРЬЕВ, Сергей.",,,
10410,Лестница славы: Комедия в 5-ти д.,"СКРИБ, Е. (СКРИБ, Эжен).",,,
10411,Лестницы: Стихи.,"ЧАК, Александр.",,,
10412,Леся: Драматическая повесть в 3-х д.,"АНДРИЕВИЧ, Маргарита.",,,
10413,Леся: Повесть.,"ГАЛАДЗЕ, Мира.",,,
10414,Леся: Повесть.,"ОЛЕЙНИК, Микола (ОЛЕЙНИК, Николай Яковлевич).",,,
10415,Лет лебединый: Стихи.,"ВЕГИН, Петр Викторович.",,,
10416,Летали девчата в гвардейском...,"ЧЕЧНЕВА, Марина Павловна.",,,
10417,Летаргический сон.,"ИВАНОВ, Владимир Федорович.",,,
10418,Летать начинают с земли: Драма в 4-х д.,"ТЕРЕНТЬЕВ, Николай Терентьевич.",,,
10419,Летать рожденный: Документальная повесть.,"ВОДОПЬЯНОВ, Михаил Васильевич, ГРИГОРЬЕВ, Григорий Карлович.",,,
10420,Летающая гиена: Рассказы.,"СОБОЛЕВ, Ларгий Степанович.",,,
10421,Летающие острова: Повести и рассказы.,"АБДАШЕВ, Юрий Николаевич.",,,
10422,Летающий велосипедист.,"СУРОВА, Елена Ивановна.",,,
10423,Летающий мальчик: Пьеса-сказка.,"КАВЕРИН, Вениамин.",,,
10424,"Летающий медведь: Невероятное происшествие, героями которого являются еще более невероятные газетчики.","ПЛЕСКОВ-СКИЙ, М.",,,
10425,Летающий мертвец.,"ГОШ, Жюль.",,,
10426,Летающий пономарь: Ковер-само- лет. Исторический роман из времен царствования императрицы Анны Иоановны.,"ЗАРИН, Федор Ефимович. ",Тайна поповского сына.,,
10427,Летающий пролетарий.,"МАЯКОВСКИЙ, Владимир Владимирович.",,,
10428,Летающий фламмандрион.,"БАР-ШЕВ, Николай Валерианович.",,,
10429,Летейский берег (1910—1913).,"АРЕЛЬСКИЙ, Грааль.",,,
10430,Летел в ночи самолет.,"СТУРИКОВ, Николай Андреевич.",,,
10431,Летела гагара: Стихи.,"ТРЯПКИН, Николай Иванович.",,,
10432,Летели семь гусей: Комедия-сказка в 2-х д.,"ЛЕВИНСКИЙ, Александр Петрович, ЭЙРАНОВ, Виктор Сергеевич.",,,
10433,"Лети же, птица!","СЕРОВА, Ольга Васильевна.",,,
10434,"Лети, моя мечта: Стихи.","НУРУЛ-ЛАЕВА, Гульчехра.",,,
10435,"Лети, моя птица: Повесть.","УЛИН, Леонид Николаевич.",,,
10436,Летит наше время...: Роман.,"КОНСТАНТИНОВ, Юрий.",,,
10437,"Летите, листья: Стихи.","КАЛАН-ДАДЗЕ, Анна Павловна.",,,
10438,Летная песенная.,"ТУРГАНОВ, Борис Александрович.",,,
10439,Летная погода.,"ЛЕВАШОВ, Мстислав Александрович.",,,
10440,Летней короткой ночью: Повесть и рассказы.,"ВЛАСОВ, Анатолий Александрович.",,,
10441,Летние бесы: Оригинальная комедия в 4-х д.,"РОСЛАВЛЕВ, Борис.",,,
10442,Летние гости: Повесть.,"СИТНИКОВ, Владимир Арсентьевич.",,,
10443,Летние грезы: Комедия в 3-х д.,"КРЫЛОВ, Виктор Александрович.",,,
10444,Летние грозы: Новеллы.,"ИЗЮМ-СКИЙ, Борис Васильевич.",,,
10445,Летние гулянья в Одессе: Очерки в стихах.,"ИВАНОВ, Николай Николаевич.",,,
10446,Летние дни: Поэмы.,"КОТОВ, Владимир Петрович.",,,
10447,Летние дни: Рассказы.,"ПАУСТОВСКИЙ, Константин Георгиевич.",,,
10448,Летние дни: (Рассказы о школьных каникулах).,"МАЛЕВА, Вера Львовна.",,,
10449,Летние дожди: Пьеса в 3-х д.,"ОВЕЧКИН, Валентин Владимирович.",,,
10450,Летние ливни: Повесть и рассказы.,"ЖИХАРЕВ, Олег Викторович.",,,
10451,Летние мотивы.,Имя авт. не установлено.,,,
10452,Летние ночи: Стихотворения.,"КАРЕЛИН, Илья.",,,
10453,Летние прогулки: Пьеса в 2-х д.,"САЛЫНСКИЙ, Афанасий Дмитриевич.",,,
10454—10455,Летний вечер: Стихи.,"БОЛ-ДУМА, Ион Георгиевич.",,,
10456,Летний вечер: Стихи.,"ЖУКОВСКИЙ, Василий Андреевич.",,,
10457,Летний вечер или Таинственная пещера в дремучем лесу: Старинная повесть.,"ЛЕВИС (ЛЬЮИС, Мэтью Грегори).",,,
10458,Летний день: Избранные рассказы.,ЕЛИН-ПЕЛИН.,,,
10459,Летний день в сентябре: Стихи.,"ОЛЬЧЕНКО, Дмитрий Дмитриевич.",,,
10460,Летний зной: Стихи.,"ДАВТЯН, Ваагн Арменакович.",,,
10461,Летний лес: [Стихи].,"ИСКАНДЕР, Фазиль Абдуллович.",,,
10462,Летний отдых.,"ТЭФФИ, Н. А.",,,
10463,Летний роман; Братья Таити: Повести.,ЗЭН.,,,
10464,Летний снег: Стихи.,"ЖИТНИЦ-КИЙ, Анатолий Зиновьевич.",,,
10465,Летним вечером: Рассказы.,"СУРИН, Леонид Николаевич.",,,
10466,Летное такое ремесло.,"ГУМЕНЮК, Виктор Федорович.",,,
10467,Летные: Рассказ о жизни сибирских беглых.,"МАМИН-СИБИРЯК, Дмитрий Наркисович.",,,
10468,Летный характер: (Рассказы о летчиках Севастопольского полка).,"ГОФМАН, Генрих Борисович.",,,
10469,Летняя берлога медведя: Рассказ.,"ЛОНГ, Вильям.",,,
10470,Летняя берлога Михаила Ивановича Топтыгина; Как животные лечатся: Два рассказа.,"ЛОНГ, Вильям. ",Летняя берлога медведя.,,
10471,Летняя заря: Избранные стихи и поэмы.,"ХАКИМ, Сибгат.",,,
10472,Летняя идиллия.,"Д'АННУНЦИО, Габриэле. ",,Цыганка...,
10473,Летняя картинка: В 1-м д.,"ВЕРШИНИН, Алексей Платонович.",,,
10474,Летняя картинка: В 1-м д.,"ЩЕП-КИНА-КУПЕРНИК, Татьяна Львовна.",,,
10475,"Летняя ночь: Лирическая комедия в 2-х д. с интермедиями, песнями, танцами.","АРБАН, Николай Михайлович.",,,
10476,Летняя пора: [Из «Записок из мертвого дома»].,"ДОСТОЕВСКИЙ, Федор Михайлович.",,,
10477,Летняя прогулка: Воспоминания детства.,"БЕЙЛИН-НОВОГРУДСКИЙ, С.",,,
10478,Летняя прогулка в Новгород и Старую Русу.,"Н-В, А. (НИКОЛАЕВ, Александр Николаевич).",,,
10479,"Летняя сказка: Пьеса в 1-м д., в стихах.","СЕНОВ, Кронид П.",,,
10480,Лето; Деревенские ямбы: Стихи 1918 года.,"РОЖДЕСТВЕНСКИЙ, Всеволод Александрович.",,,
10481,Лето; Из галереи современников: [Рассказы].,"СТАРЫЙ ДЖОН (ГНЕДИЧ, Петр Петрович).",,,
10482,Лето: Картинки юношеских лет.,"ЛУТС, Оскар Хендрикович.",,,
10483,"Лето: Новые повести и рассказы, преимущественно из русского быта.","ЧИСТЯКОВА, Софья Афанасьевна.",,,
10484,Лето: Петербургская повесть.,"ЗАРИН, Андрей Ефимович.",,,
10485,Лето: Повесть.,"ГОРЬКИЙ, Максим.",,,
10486,Лето: Повесть.,"ТОЛИС, Пулат.",,,
10487,Лето: Повесть.,"ЧУКОВСКИЙ, Николай Корнеевич.",,,
10488,Лето: Повесть.,"ШУТОВ, Леонид (ШУТОВ, Иван Никитич).",,,
10489,Лето: Пьеса в 4-х д.,КУПОЛ.,,,
10490,Лето: Рассказы.,"ПОЛТОРАЦКИЙ, Виктор.",,,
10491,Лето: Стихи.,"КОВАЛЕВ, Владимир Дмитриевич.",,,
10492,Лето: Стихи.,"НАГНИБЕДА, Микола.",,,
10493,Лето: Стихи и поэмы.,"ФИЛИППОВ, Николай Николаевич.",,,
10494,Лето без каникул: Роман.,"ЖЕСТЕВ, Михаил.",,,
10495,Лето в горах: Рассказы.,"ПОЛЕТАЕВ, С. Е.",,,
10496,Лето в деревне: Рассказ.,"ЛИДА-НОВА, Лидия.",,,
10497,Лето в деревне: [Рассказ].,"МУСИН-ПУШКИНА, Ольга Ивановна. ",,Не послушался...,
10498,Лето в Дубках.,"ХАНАЕВ, Иван Алексеевич.",,,
10499,Лето в Жемчужине:       Повесть.,"МИНУТКО, Игорь Александрович.",,,
10500,Лето в Кал и нов ке: Повесть.,"ГА-МОЛКА, Николай Иванович (ГОМОЛКА, Николай Иванович).",,,
10501,Лето в Кемине: Повесть.,"САЛЬНИКОВ, Анатолий Алексеевич.",,,
10502,Лето в майорате.,"КАЧУ РИНА, С. А.",,,
10503,Лето в Монголии.,"ЛАПИН, Борис Матвеевич, СЛАВИН, Лев Исаевич",,,
10504,Лето в Озерках: Повести для детей.,"КРАВЧЕНКО, Василий Васильевич.",,,
10505,Лето в разгаре: Повесть и рассказы.,"УВАРОВА, Людмила Захаровна.",,,
10506,Лето в Раздольном.,"ПЕВНЕВ, Федор Павлович.",,,
10507,Лето в Сосняках: Роман.,"РЫБАКОВ, Анатолий.",,,
10508,Лето в степи.,"НЕФЕДОВА, Нина Васильевна.",,,
10509,Лето и часть сентября: Повесть.,"ГОРОДЕЦКИЙ, Евгений Александрович.",,,
10510,Лето игривое: Повести.,"МОЛДА-ГАЛИЕВ, Жайсанбек Молдагалиевич.",,,
10511,Лето красное: Повесть.,"ЧЕМЕКОВ, Игорь Семенович.",,,
10512,Лето красное: [Рассказы].,"ШВЕ-ДЕР, Евгений Иосифович.",,,
10513,Лето летающих: Повесть.,"МОСКВИН, Николай.",,,
10514,Лето младшего брата: Лирическая драма в 3-х д.,"ПРИЕДЕ, Гунар Рейнгольдович (ПРИЕДЕ, Гунар Рейнхольдович).",,,
10515,Лето-мята: Стихи.,"БОКОВ, Виктор Федорович.",,,
10516,Лето на водах: Повесть о Лермонтове.,"ТИТОВ, Александр Александрович.",,,
10517,Лето на земле Орловской.,"БЕРНО-ТЕНАС, Вацловас Вацлово.",,,
10518,Лето на Каменке: Избранная проза.,"КАМЕНСКИЙ, Василий Васильевич.",,,
10519,Лето на Красном хуторе: Повесть для детей.,Имя авт. не установлено.,,,
10520,Лето на Медвежьем: Повесть.,"МЕ-ЛИБЕЕВ, Петр Петрович.",,,
10521,Лето на Севере.,"КУРАНОВ, Юрий Николаевич.",,,
10522,Лето на Сиверской: Поэма.,"ПАРВЕ, Ральф Людвигович.",,,
10523,Лето на Тезе; Последний батрак; Юность.,"ШОШИН, Михаил Дмитриевич.",,,
10524,Лето одного мальчика.,"ГРОСС, Виллем Иоханович.",,,
10525,Лето первых дорог: Повесть.,"ЧИ-КИН, Леонид Андреевич.",,,
10526,Лето прошлого года: Рассказ.,"ШАХ-БАЗОВ, Николай Григорьевич.",,,
10527,Лето семнадцатой куклы: Пьеса в 3-х д.,"ЛОУЛЕР, Рей.",,,
10528,Лето текущего года: Повесть.,"КРАКОВСКИЙ, Владимир Лазаревич.",,,
10529,Лето тихого города.,"ВАЛЕЕВ, Рустам Шавлиевич.",,,
10530,Лето только начинается: Повесть.,"ГЕРШКОВИЧ, Юрий Львович.",,,
10531,Лето 1925 года.,"ОРЕНБУРГ, Илья Григорьевич.",,,
10532,Летовница: Сельская легенда (из народных поверий).,"ТИМОФЕЕВ, Никита Павлович.",,,
10533,Летом: [Рассказ].,"ЛОТАР, Рудольф. ",,Герой или безумец?...,
10534,Летом: [Рассказ].,"ПОДЪЯЧЕВ, Семен Павлович.",,,
10535,Летом в деревне «Желанная».,ЭЛЛИТ.,,,
10536,Летом на земле: Новые стихи.,"ДМИТРИЕВ, Олег Михайлович.",,,
10537,Летом небо высокое: Драма в 4-х д.,"ВИРТА, Николай Евгеньевич.",,,
10538,«Летописцы» и другие рассказы.,"БЯДУЛЯ, Змитрок.",,,
10539,Летопись: Современные наблюдения. Военные повести.,"ВАСИЛЕВСКИЙ, Виталий Сергеевич.",,,
10540,Летопись: [Стихи].,"БОГДАНОВ, Олег Куприянович.",,,
10541,Летопись: [Стихи].,"ТАУФЕР, Иржи.",,,
10542,Летопись мертвого города.,"ФЕЙ-ГЕНБЕРГ, Рахиль.",,,
10543,Летопись Микулина-Городища.,"ИРИНИН, Михаил.",,,
10544,Летопись мужества: Публицистические статьи военных лет.,"ОРЕНБУРГ, Илья Григорьевич.",,,
10545,"Летопись памятных дней: Рассказы, воспоминания.","ДУБИНСКИЙ, Илья Владимирович.",,,
10546,Летопись родного села: Роман.,"ЧЕРНЕВ, Илья.",,,
10547,"Летопись, 1941 — 1944: Стихи.","УШАКОВ, Николай Николаевич.",,,
10548,Летопись 1904—1905 года.,"ЯГОДИН, А.",,,
10549,Летопись тысячи зимовок: Документальная повесть.,"КУЗЬМИН, Николай Павлович.",,,
10550,Летошний снег: Сборник рассказов.,"ФОРШ, Ольга Дмитриевна.",,,
10551,Летропикация: Рассказы.,"ВОЛКОВ, Михаил Иванович.",,,
10552,NOPARSE,,,,
10553,Летун: История одного почтового голубя. Рассказ.,"СЕТОН-ТОМПСОН, Э. (СЕТОН, Эрнест Томпсон). ",Арно; Иск>-рия голубя.,,
10554,Летун: Рассказ.,"БИЧЕР-СТОУ, Гар-риет.",,,
10555,Летуны.,"МИНАЕВ, Константин.",,,
10556,Летучая арка.,"ХЕЛЕМСКИЙ, Яков Александрович.",,,
10557,Летучая гряда: Стихи и поэма.,"АДАЛЛО, А.",,,
10558,Летучая жаба: (Рабагас). Комедия в 5-ти д.,"САРДУ, Викторьен. ",Рабагас.,,
10559,Летучая мышь: Рассказы.,"НАСЫ-РОВ, Шакир Гиниятович.",,,
10560,Летучая скрипка.,"ЧЕРНЫШЕВСКИЙ, Александр Николаевич. ",,Зоя Дельфор...,
10561,Летучие мышата.,"ВЕЛИЧКЕВИЧ, А.",,,
10562,Летучие мыши.,"МЕЙРИНК, Густав.",,,
10563,Летучий голландец: Вторая книга стихов.,"КРЕЧЕТОВ, Сергей.",,,
10564,Летучий голландец или Невероятные приключения четырех третьеклассников: Повесть.,"ВОИЩЕВ, Юрий Тихонович.",,,
10565,Летучий корабль: Сказка в стихах.,"СТАРОСТИН, Василий Адрианович.",,,
10566,Летучий нинвит.,"СТЕБНИЦКИЙ, Сергей Николаевич.",,,
10567,Летучий Осип: Рассказы.,"КАСАТКИН, Иван Михайлович.",,,
10568,Летучка.,"НЕМОЕВСКИЙ, Андрей (НЕМОЕВСКИЙ, Анджей).",,,
10569,Летчик.,"КОСТЕРИН, Алексей Евграфович.",,,
10570,Летчик для особых поручений.,"КРАПИВИН, Владислав Петрович.",,,
10571,Летчик Жаров: Рассказы.,"ФУРМАНОВ, Дмитрий Андреевич.",,,
10572,Летчик-испытатель: [Заметки].,"КОЛЛИНЗ, Джимми.",,,
10573,Летчик Мишка Волдырь.,"ГЕРШЕН-ЗОН, Михаил Абрамович.",,,
10574,Летчик Серов: Биографическая повесть.,"ЧАЛАЯ, Зинаида.",,,
10575,Летчики: Повесть и рассказы.,"КУ-ДИС, Дмитрий Карлович.",,,
10576,Летчики: Повесть и рассказы.,"СОТНИКОВ, Борис Иванович.",,,
10577,Летчики: Пьеса в 4-х д.,"АГРАНОВИЧ, Леонид Данилович, ЛИСТОВ, Семен Давыдович.",,,
10578,Летчики: [Рассказ].,"АКУЛЬШИН, Родион Михайлович.",,,
10579,Летчики: Рассказ.,"БЕЛЛА, Джемс Уорнер.",,,
10580,Летчики:  [Рассказы].,"МУРАТОВИЧ, Валентин Валерианович.",,,
10581,Летчики: Роман.,"РАХИЛЛО, Иван Спиридонович.",,,
10582,Летчики: Роман.,"САДАЙ, Владимир Леонтьев и",,,
10583,Летчики:  Роман.,"СЕМЕНИХИН, Геннадий Александрович.",,,
10584,Летчики: Стихи.,"КРИВАНЧИКОВ, Николай Григорьевич.",,,
10585,Летчица: Повесть.,"КОЛЕСНИКОВ, Лев Петрович.",,,
10586,Летчица: Повесть.,"ПОТАПОВ, Николай Иванович.",,,
10587,Летят голубаны: Повести.,"ЖУРАВ-ЛЕВ-ПЕЧОРСКИЙ, Василий Степанович.",,,
10588,Летят гуси...: Комедия в 3-х д.,"СОФ-РОНОВ, Анатолий Владимирович.",,,
10589,Летят женихи...: Комедия в 3-х д.,"СОФРОНОВ, Анатолий Владимирович.",,,
10590,Летят журавли: Киносценарий.,"РОЗОВ, Виктор Сергеевич.",,,
10591,Летят журавли...: [Стихи].,"САФИН, Рафаэль Ахметсафич.",,,
10592,Летят лебеди.,"СОКОЛОВ-МИКИ-ТОВ, Иван Сергеевич.",,,
10593,Летят наши годы: Роман.,"ПОЧИВА-ЛИН, Николай Михайлович.",,,
10594,Летят перелетные птицы: Стихи.,"ИСАКОВСКИЙ, Михаил Васильевич.",,,
10595,Летящая надо льдом: Повесть о М. Исаковой.,"ПОРФИРЬЕВ, Борис Александрович.",,,
10596,Летящее дерево: Стихи.,"МОВЧАН, Павло.",,,
10597,Летящие годы: Стихи и поэмы.,"БЕ-РУЛАВА, Хута Михайлович.",,,
10598,Летящие к братьям.,"НЕМЧЕНКО, Лариса Давыдовна, НЕМЧЕНКО, Михаил Петрович.",,,
10599,Летящие по ветру.,АЙ МИН-ЧЖИ.,,,
10600,Летящие по волнам: Документальная повесть о дважды Герое Советского Союза А. О. Шабалине.,"ЕЛКИН, Анатолий Сергеевич.",,,
10601,Летящие тени: Рассказы.,"РУНОВА, Ольга Павловна.",,,
10602,Летящий лес.,"ЛЕБКОВ, Евгений Дмитриевич.",,,
10603,Летящий орел: Пьеса в 3-х д.,"БРУКС, Джордж.",,,
10604,Леха-адмирал.,"КУРБАТОВ, Константин Иванович.",,,
10605,Лечебница для влюбленных: Комедия-шутка в 4-х д. (Оригинальная).,"ПЛАТОН, Иван Степанович, ХУДОЛЕЕВ, Иван Николаевич.",,,
10606,Лечебница Рикарди: Роман.,"ОСТРО-ВЕР, Леон Исаакович.",,,
10607,"Лечу за мечтой: Повествование, навеянное хроникой опытного аэродрома.","ШЕЛЕСТ, Игорь Иванович.",,,
10608,Лешак: Повесть.,"ПЕТУХОВ, Анатолий Васильевич.",,,
10609,Лешаман: (В 1-м д.).,"КВАСНИЦ-КИЙ, Виталий Иванович.",,,
10610,"Лешев хутор: Очень страшное, но сомнительное происшествие.","ПОГОССКИЙ, Александр Фомич.",,,
10611,Лешегоны: Роман.,"ЧАЦКИЙ, Павел Васильевич.",,,
10612,"Лешенька, Лешенька...","БАРТО, Агния Львовна.",,,
10613,Леший: [Рассказ].,"РАДИЧ, Василий Андреевич. ",,Перекати-Поле...,
10614,Леший: Баллада..,"ФЕДОРОВ, Михаил Федорович.",,,
10615,Леший: Комедия в 4-х д.,"ЧЕХОВ, Антон Павлович.",,,
10616,Леший: Рассказ.,"ОДАР, Иван.",,,
10617,Леший: [Рассказ].,"ТВЕРЯК, Алексей.",,,
10618,Леший: (Рассказ исправника).,"ПИСЕМСКИЙ, Алексей Феофилактович.",,,
10619,Леший: Святочный рассказ.,"ФАУ-СЕК, Вячеслав Андреевич.",,,
10620,Леший: Фантастическая сказка-поэма.,"РЕССЕР, Сергей.",,,
10621,Леший-барин: Роман в 2-х ч.,"РОЗОВОЕ ДОМИНО (ЖИВОТОВ, Николай Николаевич).",,,
10622,Леший и ведьма или Волшебный замок Кагура: Фантастическая сказка.,Имя авт. не установлено.,,,
10623,Леший обошел: Рассказ.,"НЕФЕДОВ, Филипп Диомидович.",,,
10624,Леший Хребет: Повесть.,"МЕЛЕН- ТЬЕВ, Виталий Григорьевич.",,,
10625,Лешка: Повесть.,"ИЗЮМСКИЙ, Борис Васильевич.",,,
10626,Лешка выслужился: (Выслужился). Инсценированный рассказ. В 1-м д.,"ТЕФФИ, Н. А. (ТЭФФИ, Н. А.).",,,
10627,Лешка Жилов.,"СКАЗБУШ, Николай Иосифович.",,,
10628,Лешкина весна: Рассказ.,"ПАВЛОВСКИЙ, Олег Порфирьевич.",,,
10629,Лешкина любовь: Повести.,"БАНЫ-КИН, Виктор Иванович.",,,
10630,Лешкина пасека: Повесть.,"ШКРОБ, Александр Павлович.",,,
10631,Лешкина тайна: Стихи.,"МУСИКОВ, Владимир Петрович.",,,
10632,Лещинский или Нашествие шведов в Польшу: Исторический роман XVIII столетия.,Имя авт. не установлено.,,,
10633,Леэна: 16 диалогов с обрамлением.,"ВАГИН, Петр.",,,
10634,Лжедимитрий: Исторический роман из Смутного времени.,"МОРДОВЦЕВ, Даниил Лукич.",,,
10635,Лжедимитрий Первый: Драма в 5-ти д.,"МАЛИЦКИЙ, Аркадий Иванович.",,,
10636,Лжедимитрий I-й: Трагедия в 10-ти былинах.,"Р-ЕВ, Г.",,,
10637,Лжедимитрий-сват: Драматическая хроника.,"КУПЧИНСКИЙ, Иван Александрович.",,,
10638,Лжемишени.,"АРАКИШВИЛИ, Ираклий.",,,
10639,Лже-Нерон: Роман.,"ФЕЙХТВАНГЕР, Лион.                       ",,,
10640,Лже-Петр: Исторический роман.,"СОКОЛОВ, Александр Алексеевич.",,,
10641,Лже-принц: Роман.,"ДОМЕЛА, Гарри.",,,
10642,Лжеучители-человекоубийцы: Быль.,"КОЛЬЧУГИНА, София.",,,
10643,Лжец: [Басня].,"КРЫЛОВ, Иван Андреевич.",,,
10644,Лжец: Комедия в 3-х д.,"ГОЛЬДОНИ, Карло.",,,
10645,Лжецаревич: Роман.,"АЛЕКСЕЕВ, Николай Николаевич.",,,
10646,Лживое обольщение: Из дедовских мемуаров. Повесть.,"СЛЕЗКИН, Юрий Львович.",,,
10647,Ли Сао: Поэма в стихотворном переводе.,ЦЮЙ ЮАНЬ.,,,
10648,Ли-Тян уходит.,"ГОЛЬДБЕРГ, Исаак Григорьевич.",,,
10649,Ли-Цун-Бин: Рассказы из путешествий по Уссурийскому краю.,"АРСЕНЬЕВ, Владимир Клавдиевич.",,,
10650,Ли-Ян упрям: [Поэма].,"ТРЕТЬЯКОВ, Сергей Михайлович.",,,
10651,Лиана Г-жб***.,"ЖОЛИ, Мари.",,,
10652,Лиана: (Из записок больного).,Имя авт. не установлено.,,,
10653,Либеналль: Новелла.,"НАГОРЬИН, Владимир.",,,
10654,Либерал: Комедия в 5-ти д.,"МИНАЕВ, Дмитрий Дмитриевич.",,,
10655,Либерал: [Сказка].,"САЛТЫКОВ-ЩЕДРИН, Михаил Евграфович. ",,На перепутье...,
10656,Либералы: Повесть. Рассказы и очерки.,"ДОСУЖНИН, П. А. (СЛЕПЦОВ, Петр Аркадьевич).",,,
10657,Лив; Королева; Девушка в черном; Джиакомо.,"ОБСТФЕЛЬДЕР, Сигбьёрн.",,,
10658,Ливанские новеллы.,"НУАЙМЕ, Михаил.",,,
10659,Ливенка.,"БЕЛЯЕВ, Михаил Александрович.",,,
10660,Ливень: Книга стихов.,"ОЗЕРОВ, Лев Адольфович.",,,
10661,Ливень: Комедия в стихах в 3-х д.,"ФЕДОРОВ, Владимир Иванович.",,,
10662,Ливень: Лирика.,"МАРЬЕВ, Борис Михайлович.",,,
10663,Ливень: Первая книга стихов.,"ДУДИН, Михаил Александрович.",,,
10664,Ливень: Повесть.,"РОМАНОВА, Наталья Игоревна.",,,
10665,Ливень: Пьеса в 4-х д.,"ЭЛЬЯШЕ-ВА, Наталья Александровна.",,,
10666,Ливень: [Роман].,"САМУНИН, Михаил Николаевич.",,,
10667,Ливень: [Роман-хроника (в 2-х кн.)].,"БОРОВИКОВ, Григорий Федорович.",,,
10668,Ливень: Стихи.,"ВЛАДИМИРОВА, Ада.",,,
10669,Ливень: Стихи.,"ЕФИМОВ, Георгий Андреевич.",,,
10670,Ливень: Стихи.,"ЕФИМЦОВ, Тимофей Ильич.",,,
10671,Ливень: Стихи.,"КИЛЬЧИЧАКОВ, Михаил Еремеевич.",,,
10672,Ливень: Стихи.,"РАШКОВСКИЙ, Леонид.",,,
10673,Ливень: Стихи.,"СУББОТИН, Анатолий Александрович.",,,
10674,Ливень: Стихи.,"ФИКСИН, Сергей Андреевич.",,,
10675,Ливень: [Стихи и пейзажи].,"РАДИМОВ, Павел Александрович.",,,
10676,Ливень в степи: Рассказы.,"ЦЫДЕН-ДАМБАЕВ, Чимит-Доржи Цыдендамбае-вич.",,,
10677,Ливерант.,"КИПЕН, Александр Абрамович.",,,
10678,Ливни: Первая книга стихов.,"ШАМШУРИН, Валерий Анатольевич.",,,
10679,Ливни: [Стихи].,"БОЛЕСЛАВ-СКИЙ, Лев Ионович.",,,
10680,Ливни и радуги: Стихи.,"КОЗЫРЬ, Леонид Иванович.",,,
10681,Ливни света: Стихи.,"КУТУЙ, Рустем.",,,
10682,Ливни сквозь радугу.,"ГАРНАКЕРЬ-ЯН, Ашот Георгиевич.",,,
10683,Ливни умывают землю.,"МАЛЫГИНА, Надежда Петровна.",,,
10684,Ливнями омытая весна.,"ШЕСТИН-СКИЙ, Олег Николаевич.",,,
10685,Ливонская война: (Трагедия).,"СЕЛЬВИНСКИЙ, Илья Львович.",,,
10686,Ливсальские мальчишки: Повесть.,"ВАЦЗЕМНИЕК, Лаймонис Мартынович.",,,
10687,Лига желтого солнца.,"ЯРОВОЙ, Павел.",,,
10688,Лига самоубийц: Комедия в 2-х д.,А. П. Р.,,,
10689,Лига самоубийц: Комедия в 3-х д.,"ФИЛАТОВИЧ, Борис (БАРАТОВ, Борис Иванович).",,,
10690,Лига свободной любви: Пьеса в 4-х актах.,"АБЕЛЯН, Александр Артемьевич.",,,
10691,Лига целомудрия: Сатира в 1-м д.,"ЧУЖ-ЧУЖЕНИН (ФАЛЕЕВ, Николай Иванович) .",,,
10692,Лида.,"ЧАКОВСКИЙ, Александр Борисович.",,,
10693,Лидер: Пьеса в 2-х д.,"ТОБОЛКИН, Зот Корнилович.",,,
10694,Лидин или Жертвы предрассудка: Повесть.,Н. С.,,,
10695,Лидия: Повесть.,"ЛАВЕДАН, Генрих (ЛАВЕДАН, Анри Леон).",,,
10696,"Лидия, собирающая колосья: Драма в 1-м д.",Имя авт. не установлено.,,,
10697,Лидка-чапаенок: Повесть.,"ВЯТСКИЙ, Андрей.",,,
10698,Лидочка: Повесть.,"ЯЗЕВ, Василий Васильевич.",,,
10699,Лиза: Быль.,АНТРОПОС.,,,
10700,Лиза: Драма в 1-м д.,"ВИРТА, Николай Евгеньевич.",,,
10701,Лиза: Рассказ.,"БЕГИЧЕВА, Н.",,,
10702,Лиза: Рассказ.,"ШИРВАНЗАДЭ (ШИРВАНЗАДЕ, Александр).",,,
10703,Лиза: Рассказы.,"КУМОВ, Роман Петрович.",,,
10704,Лиза Ахмакова: Драма в 5-ти д.,"МАЛАШКИНА, Елизавета Николаевна.",,,
10705,"Лиза, бедная певица или Немощное божие — сильнее человека.",Имя авт. не установлено.,,,
10706,Лиза Беломорка: Рассказ.,"ДУДО-РОВ, П. (ОРЛОВЕЦ, П.).",,,
10707,Лиза-Беломорка: [Рассказ].,"Л-НА, М.",,,
10708,Лиза Виноградова: Рассказ.,"СЕРГЕ-ЕВ-ЦЕНСКИЙ, Сергей Николаевич.",,,
10709,Лиза или Истинный брат: Комедия в 2-х д.,"МАКАРОВ, Михаил Николаевич.",,,
10710,Лиза или Торжество благодарности: Драма в 3-х д.,"ИЛЬИН, Николай Иванович.",,,
10711,Лиза Огонькова: (Псиша). Пьеса в 4-х д. из жизни крепостных актеров.,"БЕЛЯЕВ, Юрий Дмитриевич.",,,
10712,Лиза Ракитина: Драма в 5-ти д.,"ШАБЕЛЬСКАЯ, Елизавета Александровна.",,,
10713,Лиза Сорокина.,"АФИНОГЕНОВ, Александр Николаевич.",,,
10714,"Лиза, тебя ждут друзья: Повесть.","НИКУЛИН, Михаил Андреевич.",,,
10715,Лиза Флерон: Роман.,"ОНЭ, Жорж (ОНЕ, Жорж).",,,
10716,Лиза Чайкина: [Повесть].,"МИХАЙЛОВ, Николай Александрович.",,,
10717,Лиза Чайкина: Поэма.,"КОМИССАРОВА, Мария Ивановна.",,,
10718,Лизавета на курорте.,"НОВИКОВА, Е. (НОВИКОВА-ВАШЕНЦЕВА, Елена Михайловна).",,,
10719,Лизанька (Актриса Сандунова) или При случае и нет бывает лучше да: Оригинальная комедия в 1-м д. (из истории русского театра) с интермедиями.,"АРАПОВ, Пимен Николаевич.",,,
10720,Лизанька Сандунова: Историческая комедия с пением и танцами. В 4-х д.,"ВСЕ-ВОЛОДСКИЙ-ГЕРНГРОСС, Всеволод Николаевич.",,,
10721,Лизар; К спеху.,"ВЕРЕСАЕВ, В.",,,
10722,Лизелотта фон-Реклинг: Роман.,"РЕЙТЕР, Габриэль.",,,
10723,Лизина игрушка: Фарс в 3-х д.,"БЕРНЕД, Артур, ДЮБАРРИ, Альберт.",,,
10724,Лизина ширинка: Исторический рассказ.,"БУЛГАКОВА, Елена Ивановна.",,,
10725,Лизистрата из Вертеевки.,"РЫКЛИН, Григорий Ефимович.",,,
10726,Лизок.,"КОК, Поль де.",,,
10727,Лизок с вершок: (Дюймовочка). Сказка.,"АНДЕРСЕН, Ганс-Христиан.",,,
10727а,Лизок хохочет: Невинная случайность в 1-м акте.,"ВОЛЬМАР, Владимир.",,,
10728,Лизочкино счастье: Повесть для детей.,"ЧАРСКАЯ, Лидия.",,,
10729,Лиина арфа.,Имя авт. не установлено.,,,
10730,Лик войны.,"ЭРЕНБУРГ, Илья Григорьевич.",,,
10731,Лик земли: Очерк.,"ЗАКРУТКИН, Виталий Александрович.",,,
10732,Лик земли: Стихи.,"ВАКСМАН, Семен Иегудович.",,,
10733,Лик рассвета: История индийского мальчика.,"АНАНД, Мулк Радж.",,,
10734,Лик Христа: [Повесть].,"ФРАНЦОЗ, Карл Эмиль. ",,Мошко из Пармы...,
10735,Лика: Повести и рассказы.,"ЧЕРКАСОВ, Алексей Тимофеевич.",,,
10736,Лика: [Повесть].,"БУНИН, Иван Алексеевич.",,,
10737,Лика: Пьеса в 2-х д.,"ЗУРАБОВ, Армен Арамович.",,,
10738,Ликвидация: Комедия в 4-х д.,"СОЛОВЬЕВ, Николай Яковлевич.",,,
10739,Ликвидация: [Повесть].,"ЧЕРНЯВСКИЙ, Евгений Николаевич.",,,
10740,Лики дьявола.,БАРБЭ Д,,,
10741,Лики любви: Повести и рассказы.,"СНЕГИНА, О. П.",,,
10742,Лики назаре: Исторические повести.,"ПАНОВА, Вера Федоровна.",,,
10743,Ликующая даль: Пьеса в 3-х д.,"БРЫНСКИЙ, Всеволод.",,,
10744,Лилея.,"ШАМОНИН, Александр.",,,
10745,Лили: (Власть женщины). Роман.,"ПОПОВ, Николай Елизарович.",,,
10746,"Лили Гордон, молодая хозяйка.","БЕЛЛ, Катрина Дуглас.",,,
10747,Лилиана: Новелла. (Из английской жизни).,"ФИЛОН, Августин (ФИЛОН, Огюстен) .",,,
10748,Лилиана и Пауль: Новелла.,"МАНН, Генрих.",,,
10749,Лилии: Роман.,"АБЕЛЬДЯЕВ, Дмитрий Алексеевич.",,,
10750,Лилиом: (Жизнь и смерть одного хулигана). Легенда городской окраины в 7-ми карт.,"МОЛЬНАР, Ференц.",,,
10751,Лилипут: Повесть.,"ДЖЕНКИНС, Эдуард.",,,
10752,Лилипут сосватал: Фарс-водевиль в 1-м д.,"МОРОЗОВ, Александр Петрович.",,,
10753,Лилит: Фантастическая повесть.,"ОБУХОВА, Лидия Алексеевна.",,,
10754,Лилия: Комедия в 1-м д.,"ДОДЭ, Альфонс (ДОДЕ, Альфонс). ",Белая лилия.,,
10755,Лилия: Пьеса в 4-х д.,"ВОЛЬФ, Пьер, ЛЕРУ, Гастон. ",,,
10756,Лилия в долине.,"БАЛЬЗАК, Оноре де.",,,
10757,Лилия в крови: Революционный цикл.,"ВЕРШИНИН, Леонид.",,,
10758,Лилия Карастоянова: Стихи и поэма.,"ШЕРЕМЕТ, Микола.",,,
10759,Лилия снегов: Роман из быта лопарей.,Имя авт. не установлено.,,,
10760,Лилли: Нравы аристократии Берлина. Роман.,"МАРЕС, Иоланта.",,,
10761,Лилльские ткачи.,"АМП, Пьер.",,,
10762,Лилля Венеда.,"СЛОВАЦКИЙ, Юлий (СЛОВАЦКИЙ, Юлиуш). ",,Балладина...,
10763,Лиловая смерть: Рассказы.,"МЕЙ-РИНК, Густав.",,,
10764,Лиловые перышки: Рассказы.,"БАБАКОВ, Григорий Алексеевич.",,,
10765,Лиловый рак: Драма в 5-ти д.,"ЗЕ-ЛЕНЕЦКИЙ, Иван Иванович.",,,
10766,Лилья: Рассказы.,"ЛАКСНЕСС, Хал-лдор Кильян.",,,
10767,Лилэ: Стихи разных лет.,"МАРГИА-НИ, Реваз Акакиевич.",,,
10768,Лилюли: Сатирическая драма в 1-м д.,"РОЛ ЛАН, Ромен.",,,
10769,Лиля Комлева.,"ЮТАНОВ, Владимир Павлович.",,,
10770,Лиманские истории: Роман.,"КО-ВАЛЬДЖИ, Кирилл Владимирович.",,,
10771,Лимеривна: Драма в 5-ти д.,"МИРНЫЙ, Панас.",,,
10772,Лимитрофия.,"ЛАЙЦЕНС, Линард (ЛАЙЦЕН, Линард Петрович).",,,
10773,Лимон: [Историческая повесть].,"КАРНОВИЧ, Евгений Петрович. ",,Переполох в Петербурге...,
10774,Лимон; Шутка; Пенсионеры: [Рассказы].,"ГЕОРГИЕВ, Г.",,,
10775,Лимон Миллиардович: Комедия-фельетон в 3-х актах.,"ДЕД (ДЕЛЕРТ, Дан).",,,
10776,Лимонада: Рассказы.,"ЗОЗУЛЯ, Ефим Давидович.",,,
10777,"Лимонарь, сиречь: Луг духовный. (Загл. обл.).","РЕМИЗОВ, Алексей Михайлович. ",Луг духовный.,,
10778,Лимонное зерно: Рассказы.,"ОВАЛОВ, Лев.",,,
10779,Лина: Повесть из жизни служанки.,"ЦУР-МЮЛЕН, Герминия (ЦУР-МЮЛЛЕН, Герминия).",,,
10780,Лина Маркова; Иван Парамонович: Два очерка.,"КОЦЕВОЛЬСКАЯ, Л. А.",,,
10781,Лингаан: Поэма.,"НЕЗЛОБИИ, Николай Иванович.",,,
10782,Линда: Роман.,"ГЕРШСГЕЙМЕР, Джозеф.",,,
10783,Линев: Повесть.,"ТАРАСОВ-РОДИОНОВ, Александр Игнатьевич. ",Трава и кровь.,,
10784,Линии огня.,"ВОЗОВИКОВ, Владимир Степанович.",,,
10785,Линия: [Новые стихи].,"РОЖДЕСТВЕНСКИЙ, Роберт Иванович.",,,
10786,Линия: [Поэма].,"СИТКОВСКИЙ, Аркадий Ильич.",,,
10787,Линия: Рассказ.,"РВАЧЕВ, П.",,,
10788,Линия горизонта.,"ЛЕВМАН, Семен Семенович.",,,
10789,Линия дружбы: Рассказы о Турции.,"ГЛЕБОВ, Анатолий.",,,
10790,Линия жизни: Избранные рассказы и очерки.,"КОЛОСОВ, Алексей Иванович.",,,
10791,Линия жизни: [Книга стихов].,"БА-ЛИН, Александр.",,,
10792,Линия жизни: [Очерки].,"ПОЛЕСЬ-ЕВ, Семен Борисович.",,,
10793,Линия жизни: Очерки.,"ЯКУШКИН, Тимофей Федорович.",,,
10794,Линия жизни: Повесть.,"ПЕТРОВ, Виктор Иванович.",,,
10795,Линия жизни: Поэма.,"ЧЕПУРОВ, Анатолий Николаевич.",,,
10796,Линия жизни: Пьеса в 1-м д.,"ТРОФИМОВА, Стелла Александровна.",,,
10797,Линия жизни: [Рассказы].,"БОГДАНОВ, Аркадий Яковлевич.",,,
10798,Линия жизни: Рассказы.,"НИЛИН, Павел Филиппович.",,,
10799,Линия и счет: Повести и рассказы.,"ЕВСТАФЬЕВ, Павел Петрович.",,,
10800,Линия крыла: Стихи.,"САВЕЛЬЕВ, Владимир Семенович.",,,
10801,Линия напряжения.,"ПОЛУХИН, Юрий Дмитриевич.",,,
10802,Линия огня: Пьеса в 4-х д.,"НИКИТИН, Николай Николаевич.",,,
10803,Линия перемены дат: (Приключенческая повесть).,"МАЛИНСКИЙ, Арсений Михайлович.",,,
10804,Линия поведения.,"КОЛЕСНИКОВ, Лев Петрович.",,,
10805,Линия прицела.,"БЕРШАДСКИЙ, Рудольф Юльевич.",,,
10806,Линия связи: Рассказы.,"КАССИЛЬ, Лев Абрамович.",,,
10807,Линия фронта: [Очерки].,"ВИЛЕНСКИЙ, Эзра Самойлович.",,,
10808,Линия фронта: Рассказы.,"МУГУЕВ, Хаджи-Мурат Магометович.",,,
10809,Линия фронта — на востоке: Роман.,"ГРОМОВА, Ариадна Григорьевна.",,,
10810,Линтварекова Гита: Легенда-быль.,"ЭКВИТИНОВ, Иос.",,,
10811,Линус Флек или Утраченное достоинство:  Роман.,"РИХТЕР, Ганс Вер- ",,,
10812,Линь Большой и Линь Маленький: Повесть-сказка.,ЧЖАН ТЯНЬ-И.,,,
10813,Линюхина Степанида.,"СЕЙФУЛ-ЛИНА, Лидия Николаевна.",,,
10814,Лионская красавица: Драма в 5-ти д. В стихах и прозе.,"ЛИТТОН, Бульвер (БУЛ-ВЕР-ЛИТТОН, Эдуард Джордж).",,,
10815,Лионский курьер: (Ограбленная почта). Драма в 5-ти д.,"ДЕЛАКУР, Альфред Шарлемань, МОРО (ЛЕМУАН-МОРО, Эжен)",,,
10816,Лио-Сан.,"ИВАШИНЦОВА, Мар.",,,
10817,Липа и пальма: Рассказ.,"ШМЕЛЕВ, Иван Сергеевич.",,,
10818,Липа отцветает: Комедия в 3-х д.,"ПЕТРЕНКО, Павел Семенович.",,,
10819,"Липа, приземляйся!: (Зона тишины). Комедия в 3-х актах.","ЛЕНЧ, Леонид.",,,
10820,Липовая машина.,"ШЕЛАЕВ, Феофан ",,,
10821,Липовица: Стихи.,"КОРОТАЕВ, Виктор Вениаминович.",,,
10822,Липовые аллеи: Литературные пародии.,"ЛАЗАРЕВ, Лазарь, РАССАДИН, Станислав Борисович",,,
10823,Липовый герой: Комедия в 3-х д.,"ВИВИАНИ, Раффаэле.",,,
10824,Липовый дух: Рассказы.,"РЯХОВ-СКИЙ, Василий Дмитриевич.",,,
10825,Липовый мед: Комедия-водевиль в 4-х д.,"ЛЕВИТИН, Михаил Ефремович.",,,
10826,Липочка; Пустой дом: Рассказы доктора.,"ЛЕЙКИН, Николай Александрович.",,,
10827,Липочка: Пьеса в 2-х сценах.,"ПОГОДИН, Николай.",,,
10828,Липочка-поповна: Рассказ.,"ДМИТРИЕВА, Валентина Иововна. ",Молодая жизнь.,,
10829,Липяги: Из записок сельского учителя.,"КРУТИЛИН, Сергей Андреевич.",,,
10830,Лира: [Стихи].,"БОРОЗДНА, Иван Петрович.",,,
10831,Лира: [Стихи].,"ЛЕБЕДЕВ, Виктор.",,,
10832,Лира: [Стихотворения].,"ВЕЛЬЯ-ШЕВ-ВОЛЫНЦОВ, Дмитрий Иванович.",,,
10833,Лира: Стихотворения.,"ДИАКОВ, Никита Кондратьевич.",,,
10834,Лира: (Стихотворения).,"РАЗУМОВ, Владимир.",,,
10835,Лира Державина или Избранные его стихотворения.,"ДЕРЖАВИН, Гавриил Романович.",,,
10836,Лира жизни. (Загл. обл.).,"ЧЕЧУ-ЕВ, Модест Иванович. ",Стихотворения.,,
10837,Лира и меч: (Ревела буря). Музыкальное героико-романтическое представление в 5-ти карт.,"МАСС, Владимир Захарович.",,,
10838,Лира лир: 3-я книга стихов.,"БОБРОВ, Сергей Павлович.",,,
10839,"Лира, посвященная отечеству.","ГЛЕБОВ, Дмитрий Петрович.",,,
10840,Лирика борьбы: Стихи.,"ПУЛАТ, Хасан.",,,
10841,Лирика борьбы: Стихи и поэма.,"КАССИН, Николай Семенович.",,,
10842,Лирика воина.,"ХИЛТУХИН, Дан-ри Данилович.",,,
10843,Лирика и на злобы дня: Стихотворения.,"LITTLE MAN (ИЛЬИН, Сергей Андреевич) .",,,
10844,Лирика любви: Лирические стихотворения. Ч. 1-2.,"ГЕРРА, Константин (МАЗУРИН, Константин Митрофанович).",,,
10845,Лирика любви и жизни: (Садовник); Читра.,"ТАГОР, Рабиндранат.",,,
10846,«Лирика моего города.,"ШУТОВ, Виктор Васильевич.",,,
10847,Лирика моей весны.,"СЫНГАЕВ-СКИЙ, Петр Федорович.",,,
10848,Лирика моих лет.,"ЛЮГАРИН, Михаил.",,,
10849,Лирика моря: 2-я книга стихов.,"ЛЕБЕДЕВ, Алексей Алексеевич.",,,
10850,Лирика о слове и поэтах: Притчи и рассказы из Месневи.,"ДЖАМИ, Абдуррах-ман.",,,
10851,Лирика поздних лет: Стихи.,"РЫЛЬ-СКИЙ, Максим Фаддеевич.",,,
10852,Лирика прежде всего...,"ОКУНЕВ, Юрий.",,,
10853,Лирика пустынь: 1-й сборник стихов.,"ПЛОТНИКОВ, А. Д.",,,
10854,Лирика странствий.,"РЯДЧЕНКО, Иван Иванович.",,,
10855,Лирикон.,НЕВЕДОМЫЙ.,,,
10856,Лирическая книга.,"ПРИСТАВКИН, Анатолий Игнатьевич.",,,
10857,Лирическая магистраль.,"СИДОРЕНКО, Николай Николаевич.",,,
10858,Лирическая погода: Новые стихи.,"ШЕХТЕР, Марк Ананьевич.",,,
10859,Лирическая подмосковная: Пьеса в 4-х д.,"ВАСИЛЬЕВ, Василий Васильевич, РОМАНОВИЧ, Ипполит Александрович.",,,
10860,Лирическая тетрадь.,"КОБЯКОВ, Григорий Григорьевич.",,,
10861,Лирические аккорды: Элегии в прозе.,"КРУГЛОВ, Александр Васильевич.",,,
10862,Лирические истории.,"ДОРОГОВ, Рафаил Михайлович.",,,
10863,Лирические картины.,"ЛЕРМОНТОВ, Михаил Юрьевич.",,,
10864,Лирические раздумья.,"ПОВАЛЯЕВ, Юрий Семенович.",,,
10865,Лирические страницы: Стихи.,"АСАДОВ, Эдуард Аркадьевич.",,,
10866,Лирические странички.,"ШАХОВ-СКИЙ, Борис Михайлович.",,,
10867,Лирические строки: Стихи.,МИР-МУХСИН.,,,
10868,Лирические строки: Стихи.,"ОРЛОВ, Борис Георгиевич.",,,
10869,Лирические строки: Стихи.,"РОГАЧЕВ, Александр Александрович.",,,
10870,Лирические строки: Стихи.,"САВЕЛЬЕВ, Юрий Михайлович.",,,
10871,Лирические строки: [Стихи].,"ТАТЬ-ЯНИЧЕВА, Людмила Константиновна.",,,
10872,Лирические строки: [Стихи].,"ФЕДОРОВ, Иван Филиппович.",,,
10873,Лирические эпиграммы.,"МАРШАК, Самуил Яковлевич.",,,
10874,Лирические этюды.,"МЕЖЕЛАЙ-ТИС, Эдуардас Беньяминович.",,,
10875,Лирический вечер.,"ГЕРАСИМОВ, Михаил Прокопьевич, КИРИЛЛОВ, Владимир Тимофеевич.",,,
10876,Лирический горизонт: Новые стихи.,"ХАУСТОВ, Леонид Иванович.",,,
10877,Лирический дневник: Стихи.,"ГРИГОРЬЕВА, Надежда Адольфовна.",,,
10878,Лирический дневник: Стихи.,"НЕФЕДОВ, Петр Петрович.",,,
10879,Лирический дневник: [Стихи].,"СИМОНОВ, Константин Михайлович.",,,
10880,Лирический дневник: Стихи.,"СОКОЛОВСКАЯ, Стихия Михайловна.",,,
10881,Лирический марш: Стихи и поэма.,"ВИЛЬЧИНСКИЙ, Владимир Никифорович.",,,
10882,Лирический округ.,"СИДОРЕНКО, Николай Николаевич.",,,
10883,Лирический поток: Лирионетты и баркароллы.,"БАЯН, Вадим.",,,
10884,"Лирический репортаж: Стихи, 1926— 1928.","СОЛОВЬЕВ, Борис Иванович.",,,
10885,Лирическое наступление: Стихи.,"ГАРНАКЕРЬЯН, Ашот Георгиевич.",,,
10886,Лирическое наступление: Стихи.,"КЛИПИНИЦЕР, Михаил Соломонович.",,,
10887,Лирическое наступление: Стихи и поэмы.,"ПАНЧЕНКО, Николай Васильевич.",,,
10888,Лирическое отступление: Драматическая новелла в 2-х д.,"БУРЫЛИЧЕВ, Владимир Павлович.",,,
10889,Лирическое отступление: Стихи.,"ЗАХАРЧЕНКО, Василий Дмитриевич.",,,
10890,Лирник: Рассказ.,БАБЕНКО.,,,
10891,Лирохвост.,"ЧЕГЛОК, Александр.",,,
10892,Лиры; Чилийские письма.,"ГОН-ЗАГА, Томас Антонио.",,,
10893,Лис Домино из окрестностей Голь-дура: История серебристого лиса.,"СЕТОН-ТОМПСОН, Эрнест. ",История одной серебристой лисицы.,,
10894,Лис Патрикеич: Поэма в 12-ти песнях.,"ГЕТЕ, Иоганн Вольфганг.",,,
10895,Лис-хитродум: Поэма в 12-ти песнях. Подражание Гете. Reinecke Fuchs.,И. Р.,,,
10896,Лиса: Басня.,"КРЫЛОВ, Иван Андреевич.",,,
10897,"Лиса, Бобер и др.: Басни, фельетоны, шутки.","МИХАЛКОВ, Сергей Владимирович.",,,
10898,Лиса и перепелка: Сказки.,"АХМАТОВ, Ахия Кайсынович.",,,
10899,Лиса-комбинатор: Басни.,"КОВАЛЕНКО, А.",,,
10900,Лиса на ферме: Басни и сатирические стихи.,"КАЛГАН, Александр.",,,
10901,Лиса-Плутовка.,"ТЕСНОГЛИДЕК, Рудольф.",,,
10902,Лиса-строитель.,"КРЫЛОВ, Иван Андреевич.",,,
10903,Лисий хвост: Рассказы и очерки.,"ИРОШНИКОВА, Ирина Ивановна.",,,
10904,Лисистрата: Комедия.,АРИСТОФАН.,,,
10905,Лисица.,"ЧЕГЛОК, Александр.",,,
10906,Лисица и виноград.,"КРЫЛОВ, Иван Андреевич.",,,
10907,Лисица и мельник: Сказка.,"АФАНАСЬЕВ, Кузьма Васильевич.",,,
10908,Лисица Коснодей: Басня.,"ФОНВИЗИН, Денис Иванович.",,,
10909,Лисицы: (Милая семья).,"ТОМПСОН-СЕТОН, Э. (СЕТОН-ТОМПСОН, Эрнест).",,,
10910,Лисичка-сестричка:  Водевиль в 1-м д. с пением и танцами.,Имя авт. не установлено.,,,
10911,Лисички: [Киносценарий].,"ХЕЛ-МАН, Лилиан (ХЕЛЛМАН, Лилиан). ",,,
10912,Лисички: Пьеса в 3-х д.,"ХЕЛЬМАН, Лилиан (ХЕЛЛМАН, Лилиан).",,,
10913,Лиспет: Рассказы.,"КИПЛИНГ, Редьярд.",,,
10914,Лисси.,"ВАЙСКОПФ, Франц Карл.",,,
10915,Лист зеленый: Стихи о Молдавии.,"ФРЕНКЕЛЬ, Илья Львович.",,,
10916,Лист зеленый винограда: Стихи.,"КРУЧЕНЮК, Петря (КРУЧЕНЮК, Петр Аксентьевич).",,,
10917,Лист на камне: Стихи.,"ПЛАВНИК, Абрам Львович.",,,
10918,Листва: Книга лирики.,"КАЦ, Зель-ман Менделеевич.",,,
10919,Листва: Книга лирики.,"ХЕЛЕМ-СКИЙ, Яков Александрович.",,,
10920,Лиственница: Рассказы и повесть.,"ДАНИЛОВ, Софрон Петрович.",,,
10921,Лиственница за моим окном: Стихи.,"СТЮАРТ, Елизавета Константиновна.",,,
10922,"Листерова перевязка ран, в нелистеризованных рифмах.",ДОКТОР***,,,
10923,Листки Барона Брамбеуса: Ч. 1-2.,"СЕНКОВСКИЙ, Осип Иванович.",,,
10924,Листки блокнота: Стихи.,"ГАММА, Александр.",,,
10925,Листки из альбома: Наброски.,"НАР-ДУЧЧИ, Виргилий.",,,
10926,Листки из детских воспоминаний: 10 автобиографических рассказов.,"АВЕНАРИУС, Василий Петрович.",,,
10927,Листки из дневника: Рассказ.,"ФРЕНКЕЛЬ, М.",,,
10928,Листки из дневника: Стихи.,"МА-ДАТОВА, Серафима.",,,
10929,Листки из записной книжки.,"СУХА-ЧЕВ, Василий.",,,
10930,Листки из Книги Земли.,"ГОРДИН, Руфин Руфинович.",,,
10931,Листки из фронтовых блокнотов.,"ЛОСЕВ, Павел Федорович.",,,
10932,Листки календаря: (Дневниковые записи).,"ТАНК, Максим.",,,
10933,Листобой: Стихи и поэмы.,"ГРИГОРЬЕВ, Игорь Николаевич.",,,
10934,Листовка: Драматический этюд из жизни коммунистической молодежи в 2-х эпизодах.,"КУБЕЛЬСКАЯ, Софья.",,,
10935,Листок бумаги и Старые книги: Два рассказа.,"ОСТРОГОРСКИЙ, Алексей Николаевич. ",,В своем кругу...,
10936,Листок ветровой: Стихи.,"ГЛАДКАЯ, Лидия Дмитриевна.",,,
10937,Листок на асфальте.,"КОЗЫРЬ, Леонид Иванович.",,,
10938,Листопад: Исторический роман второй половины XVIII столетия. В 2-х ч.,"РЖЕВУССКИЙ, А. (ЖЕВУСКИЙ, Генрик).",,,
10939,Листопад: Комедия в 4-х д.,"ТУНО-ШЕНСКИЙ, Владимир Владимирович.",,,
10940,Листопад: Лирика.,"ФЕИЕРАБЕНД, Евгений Витальевич.",,,
10941,Листопад: Повесть.,"ПЕТРОВ, Борис Николаевич.",,,
10942,Листопад: Повесть.,"ТРЕТЬЯКОВ, Иван Поликарпович.",,,
10943,Листопад: Повесть и рассказы.,"ШАМЯКИН, Иван Петрович.",,,
10944,Листопад: Пьеса в 3-х д.,"ИСТОМИН, И. К.",,,
10945,Листопад: [Рассказы и повести].,"БОРОВИКОВ, Григорий Федорович.",,,
10946,Листопад: Рассказы о незабываемом.,"УРМАНОВ, Кондратий Никифорович.",,,
10947,Листопад: [Роман].,"ГЮНТЕКИН, Решад Нури. ",,Клеймо...,
10948,Листопад: Роман.,"ЛОХМАТОВ, Николай Павлович.",,,
10949,Листопад: Стихи.,"КОНДРАТКОВ-СКАЯ, Нина Григорьевна.",,,
10950,Листопад: Стихи.,"КРОХИНА, Евгения Васильевна.",,,
10951,Листопад: Стихи.,"РОГОЖИН, Николай Петрович.",,,
10952,Листопад: [Стихи и поэмы].,"ВИШНЕВСКИЙ, Семен Алексеевич.",,,
10953,Листопад: Стихотворения в прозе.,"НЕМОЕВСКИЙ, Анджей.",,,
10954,Листочки из тетради: Рассказы.,"БАБАЕВСКИЙ, Семен Петрович.",,,
10955,Листригоны.,"КУПРИН, Александр Иванович.",,,
10956,Листы каменной книги.,"ЛИНЕВ-СКИЙ, Александр Михайлович.",,,
10957,Листы пожелтелые.,"ВЕСЕЛКОВА-КИЛЬШТЕТ, Мария Григорьевна.",,,
10958,Листья: Лирика.,"ДОЛИН, Владимир.",,,
10959,Листья: [Рассказы].,"АРАКЧЕЕВ, Юрий Сергеевич.",,,
10960,Листья: Рассказы и сказки.,"НИКОНОВ, Николай Григорьевич.",,,
10961,Листья: Роман и повести.,"БАЙРАМОВ, Байрам Салман-оглы.",,,
10962,Листья: Стихи.,"ЖДАНОВА, Лидия.",,,
10963,Листья: Стихи.,"КОНСТАНТИНОВА, Варвара.",,,
10964,Листья: Стихи.,"НИКАНОРКИН, Анатолий Игнатьевич.",,,
10965,Листья: Пятая книжка стихов.,"МЕЙСНЕР, Александр Федорович.",,,
10966,Листья белой осени.,"ЧИРВА, Федор Ермолаевич.",,,
10967,Листья в багрянце: Стихи и поэма.,"РЫБОЧКИН, Анатолий Иванович.",,,
10968,Листья на костре: Арабески.,"ВИ-ЛИП, Павил.",,,
10969,Листья горят: Стихи.,"МАУЛЕНОВ, Сырбай Мауленович.",,,
10970,Листья грусти: Повесть и рассказы.,"ДРУЦЭ, Ион Пантелеевич.",,,
10971,Листья дуба: Повесть о родной стороне.,"МЕТЕЛЬСКИЙ, Георгий Васильевич.",,,
10972,Листья живут корнями: Стихи.,"НИКИФОРОВ, Александр Михеевич.",,,
10973,Листья коки: Роман.,"СУЙКОВ-СКИЙ, Богуслав.",,,
10974,"Листья лет: Стихи, поэмы, переводы.","ШАРАПОВ, Александр Яковлевич.",,,
10975,Листья летят: Стихи.,"ЛЕВИТАН-СКИЙ, Юрий Давыдович.",,,
10976,Листья лофиры: Африканские повести.,"ЗАБЕЛИН, Игорь Михайлович.",,,
10977,Листья на скалах: Роман.,"БАРЫШЕВ, Михаил Иванович.",,,
10978,Листья на снегу: Рассказы.,"УСОВ, Михаил Васильевич.",,,
10979,Листья начинаются с корней: Лирика.,"ДЕМИДОВ, Владимир Изотович.",,,
10980,Листья одного дерева: Повести и рассказы.,"ФЕСЕНКО, Андрей Яковлевич.",,,
10981,Листья опадают на время: Роман.,"ЛЮБИН, Николай Антонович.",,,
10982,Листья осенние: Пьеса в 4-х д.,"СМОЛДОВСКИЙ, Андрей Михайлович.",,,
10983,Листья памяти: Стихи.,"СААРИНЕН, Илмари Иванович.",,,
10984,Листья парижского каштана.,"ГРИГОРЬЕВ, Алексей.",,,
10985,Листья с дерева: Воспоминания.,"HOMO NOVUS (КУГЕЛЬ, Александр Рафаилович) .",,,
10986,Листья травы: [Стихи]; Проза.,"УИТМЭН, Уот (УИТМЕН, Уолт).",,,
10987,Листья шелестят: Драма в 5-ти д.,"СУМБАТОВ, Александр Иванович.",,,
10988,Лисы в винограднике.,"ФЕЙХТВАНГЕР, Лион.",,,
10989,Лисьи горы: Байки.,"ВОЛКОВ, Михаил Иванович.",,,
10990,Лисьи норы: Повесть.,"СУХОТИН, Павел Сергеевич.",,,
10991,Лисьи норы: Рассказ археолога.,"П. Б. (БОРДАКОВ, Петр Петрович). ",,Эскиз...,
10992,Лисьи увертки; Из-за яблочков: Два рассказа.,"БУШ, Вильгельм.",,,
10993,Лисьи увертки: Рассказы.,"РАЗИ-КАШВИЛИ, Тедо Павлович.",,,
10994,Лисьи чары; Странные истории.,ПУ СУН-ЛИН (ЛЯО ЧЖАЙ).,,,
10995,Лисья семья: Рассказ.,"СЕТОН-ТОМПСОН, Эрнест. ",Лисицы (Милая семья); Спрингфильдская лисица.,,
10996,Лисья шуба.,"ВИАНОРСКИЙ, Ю. ",,Не боги горшки обжигают...,
10997,Лисья шуба и любовь: Поэма.,"КАЗНИ, Василий Васильевич.",,,
10998,Литавры: Рассказы. Юморески. Зарисовки.,"ГУЛИА, Георгий Дмитриевич.",,,
10999,Литва: Венок из семи стеблей.,"БАЛЬМОНТ, Константин Дмитриевич.",,,
11000,Литва:   Исторические повести.,"МИНЦЛОВ, Сергей Рудольфович.",,,
11001,Литвинка: Поэма.,"ЛЕРМОНТОВ, Михаил Юрьевич.",,,
11002,"Литейный, 36.","БАСИНА, Марианна Яковлевна.",,,
11003,Литейщик из Нюрнберга: Исторический рассказ.,"МЮНХГЕЗАНГ, Роберт.",,,
11004,Литейщики: Роман.,"ДРОЗДОВ, Иван Лукьянович.",,,
11005,Литер «А»: Повесть.,"ТРОФИМОВА, Стелла Александровна, ФЕЛИЦЫН, Борис.",,,
11006,Литератор: (Повесть).,"ВЕРЕЩАГИН, Василий Васильевич.",,,
11007,Литератрон: Плутовской роман.,"ЭСКАРПИ, Робер Шарль.",,,
11008,Литература.,"ШНИЦЛЕР, Артур. ",,Живые мгновения...,
11009,Литература и музыка: (К доктору Коху в Берлин). Водевиль в 1-м д.,"ТРЕФИЛОВ, Сергей Александрович (АФАНАСЬЕВ, С. А.).",,,
11010,Литература и окрестности: Книга сатирических стихов.,"АРГО, А. М.",,,
11011,"Литературная Москва: (Воспоминания, 1880—1928). Писатели из народа. Писатели-народники.","БЕЛОУСОВ, Иван Алексеевич.",,,
11012,Литературная сатира.,"ШВЕЦОВ, Сергей Александрович.",,,
11013,"Литературная среда: Воспоминания, 1880—1928.","БЕЛОУСОВ, Иван Алексеевич.",,,
11014,"Литературная тля: Рассказ о том, каким образом размножаются на Руси сочинители.","ПАНАЕВ, Иван Иванович.",,,
11015,Литературные воспоминания (1882— 1896 гг.).,"HOMO NOVUS (КУГЕЛЬ, Александр Рафаилович).",,,
11016,Литературные воспоминания старика.,"ПОЛЕВОЙ, Андрей Львович.",,,
11017,Литературные встречи и знакомства.,"МИЛЮКОВ, Александр Петрович.",,,
11018,Литературные досуги.,"ГРУМ-ГРЖИМАЙЛО, Кондратий Иванович.",,,
11019,Литературные занятия.,"ЩУКИН, К.",,,
11020,Литературные конкурсы; Жертва подоходного налога; Сердце женщины; Дебютант; Алиби.,"ФИШЕР, Алекс, ФИШЕР, Макс.",,,
11021,Литературные плоды бессонницы.,"БОДЕ, Александр Карлович.",,,
11022,Литературные портреты.,"ГОРЬКИЙ, Максим.                               ",,,
11023,Литературные портреты: [Очерки].,"КОЛЬЦОВ, Михаил.",,,
11023а,Литературный вечер: Рассказ.,"РАЧКОВ, А. ",,Поленов...,
11024,Литературный калейдоскоп или Собрание мелких сочинений: Ч. 1-2.,"МАШКОВ, Петр Алексеевич.",,,
11025,Литературный комплекс: Пародии. Эпиграммы. Фельетоны.,"САШИН, Ян.",,,
11026,Литературный мир; Поддонки: (Сатирические очерки).,"МИХНЕВИЧ, Владимир Осипович.",,,
11027,Литовская весна: Стихи.,"РЕЙМЕ-РИС, Вацис Казимирович.",,,
11027а,Литовские клавиры.,"БОБРОВСКИЙ, Иоганнес. ",,Белендорф...,
11028,Литовский волк. (Загл. обл.).,"ГОЛОХВОСТОВ, К. К. На ",,,
11029,Литовский мед.,"СЛЕЗКИН, Юрий Львович.",,,
11030,Литургия красоты: Стихийные гимны.,"БАЛЬМОНТ, Константин Дмитриевич.",,,
11031,Литургия мне: Мистерия.,"СОЛОГУБ, Федор.",,,
11032,Литургия целому: (Четвертая книга стихов).,"БРИХНИЧЕВ, Иона Пантелеймонович.",,,
11033,Литье: Рассказы.,"ДАРМАНЯН, Петр Эммануилович.",,,
11034,Лиу-Пайо или Рассказы из китайской жизни.,"ЦИТЕН, Иоганнес.",,,
11035,Лихачи.,"ИВАНОВ, Владимир Михайлович.",,,
11036,Лихая атака: Рассказ.,"ТХОРЖЕВ-СКИЙ, Корнелий Владиславович.",,,
11037,Лихая година: Историческая драма в 4-х д.,"КОНДРЯ, Константин.",,,
11038,Лихая година: Повесть.,"ГЛАДКОВ, Федор Васильевич.",,,
11039,Лихая немочь: Рассказ.,"БРИЛЛИАНТОВ, Алексей Георгиевич.",,,
11040,Лихая пора: Исторический роман из эпохи 1606—12 гг. В 3-х ч.,"ПАВЛОВ, А. П.",,,
11041,Лихая цыганка: Рассказ.,"КУКЕЛЬ (ЛУНИН, В. А.).",,,
11042,Лихие подарки: Рассказ.,"РУНОВА, Ольга Павловна.",,,
11043,Лихо: Историческая повесть.,"АВЕРКИЕВ, Дмитрий Васильевич.",,,
11044,Лихо:  Сказка-быль.,"АЛЕКСЕ- ЕВ, X. А.",,,
11045,"Лихо многоглазое: Сказка старая, да на новый лад.","ВАЖДАЕВ, Виктор.",,,
11046,Лихобор: Роман.,"СОБКО, Вадим Николаевич.",,,
11047,Лихова пустынь: Роман; Встреча с совестью: Киноповесть; Рыдай: Повесть.,"ШАХМАГОНОВ, Федор Федорович.",,,
11048,Лихово.,"ЛЕВИН, Дойвбер.",,,
11049,Лиходеи: Рассказы.,"МИРНЫЙ, Па-нас.",,,
11050,Лиходейка-мачеха:  Новгородское предание. Драма в 4-х д.,"ДМИТРИЕВ, Дмитрий Савватеевич.",,,
11051,Лиходейка-мачеха: Рассказ из новгородского предания.,Имя авт. не установлено.,,,
11052,Лихоимство:  Рассказ.,"ХАТУН- СКИЙ, Сергей (КУРНИН, Сергей Васильевич).",,,
11053,Лихой враг: (Быль).,"ВУЛЬФ-СОН, Э. С.",,,
11054,Лихой год: Рассказ.,Имя авт. не установлено.,,,
11055,Лихой скакун: История одного кролика. Рассказ.,"СЕТОН-ТОМПСОН, Эрнест. ",Боевой конек; История одного кролика; Маленький боевой конь; Маленький ратный конь.,,
11056,Лихой татарский наездник Япанча-князь. (Загл. обл.).,"ГОЛОХВАСТОВ, К. К. На ",,,
11057,Лихолесье: (В бой за колхозы).,"ЛОПАТИНА, Софья Алексеевна.",,,
11058,Лихолетье: Драматическая хроника в 5-ти д.,"ВРОЦКИЙ, Н. А. (НАВРОЦКИЙ, Александр Александрович).",,,
11059,Лихолетье: Драматическая хроника в 5-ти д. с прологом и 9-ти сценах времен первого самозванца.,"СЕДЕЛЬНИКОВ, Николай Михайлович.",,,
11060,Лихолетье: Рассказы.,"ЛОРДКИПА-НИДЗЕ, Николай Мередович.",,,
11061,Лихолетье: Роман.,"КИРИЛЛОВ, Олег Евгеньевич.",,,
11062,Лихолетье: Роман.,"РЫБАКОВ, Макар Андреевич.",,,
11063,Лихолетье: (Смутное время). Исторический роман.,"МАРКОВ, Владислав Львович.",,,
11064,Лихолетье: Стихи.,"СТРАДНЫЙ, Сергей.",,,
11065,Лихому — лихое: Драма в 5-ти д.,"ГОЛОХВАСТОВА, Ольга Андреевна.",,,
11066—11067,Лихорадка: Пьеса в 2-х ч.,"ЛОВИНЕСКУ, Хория.",,,
11068,Лихорадка: Роман.,"ОТЕРО СИЛЬВА, Мигель.",,,
11069,Лихтенштейн: Исторический роман.,"ГАУФФ, Вильгельм (ГАУФ, Вильгельм).",,,
11070,Лица: Стихи.,"МЕРЕЖНИКОВ, Николай Яковлевич.",,,
11071,Лица в окне: Роман.,"СУРГУТСКАЯ, Екатерина Филипповна.",,,
11072,Лица встречных: Повесть и рассказы.,"ГОРЫШИН, Глеб Александрович.",,,
11073,Лица встречных: Стихи.,"АГЕЕВ, Леонид Мартемьянович.",,,
11074,Лицедеи: Роман.,"ЛЬДОВ, К. Н.",,,
11075,Лицедей или Сын народа: Комедия в 5-ти д.,"ЕВДОКИМОВ, Василий Феоктистович.",,,
11076,Лицедейство о господине Иванове: Моралитэ XX века.,"БЕНЕДИКТ (ЮРЬ-ИН, Н. Н.).",,,
11077,Лицеисты: Роман.,"МОСКОВКИН, Виктор Флегонтович.",,,
11078,Лицейские стихотворения и от- рывки.,"ПУШКИН, Александр Сергеевич.",,,
11079,Лицейский сторож.,"СУРИО, Морис.",,,
11080,Лицемеры: Драма в 4-х д.,Имя авт. не установлено.,,,
11081,Лицемеры: Историческая камедь в 5-ти разновидностях.,"ШИЛО, Иван.",,,
11082,Лицемеры: Роман.,"ЯСИНСКИЙ, Иероним Иеронимович.",,,
11083,Лицо: Книга стихов.,"ПАВЛИНОВ, Владимир Константинович.",,,
11084—11085,Лицо в полоску: Рассказы.,"ГОРБУК, Виссарион Степанович.",,,
11086,Лицо войны: Записки офицера.,"БЕЛОВ, Вадим Михайлович.",,,
11087,Лицо врага: Памфлеты и зарисовки.,"КРАЙНИЙ, Лев.",,,
11088,Лицо врага: Стихи.,"СЛОБОДСКОЙ, Морис Романович.",,,
11089,Лицо жизни: 9 рассказов.,"БА-РАНЦЕВИЧ, Казимир Станиславович.",,,
11090,Лицо жизни: Драма в 3-х д.,"БАЛАГИН, Александр.",,,
11091,Лицо жизни: Рассказы.,"НЕВЕРОВ, Александр.",,,
11092,Лицо земли: Из китайских дневников.,"БАБАЕВСКИЙ, Семен Петрович.",,,
11093,Лицо Земли: Стихи.,"АНТЕОС, Петрос.",,,
11094,Лицо земли: Стихи.,"ГОЛОВЕНКО, Руслан Васильевич.",,,
11095,Лицо земли: Стихи.,"ТХАГАЗИТОВ, Зубер Мухамедович.",,,
11096,Лицо и изнанка: Роман.,"ЗОЛЯ, Эмиль. ",Кипящий горшок; Накипь; Побуль; Трясина; У пылающего очага.,,
11097,Лицо и маска: Комедия в 1-м д.,ХЭ ЦЮ.,,,
11098,Лицо и маска: Трагикомедия в 3-х д.,"КИАРЕЛЛИ, Луиджи.",,,
11099,Лицо одно — да души разные: Комедия в 2-х д.,"ГЕРАСИМОВ, Павел Николаевич.",,,
11100,Лицо одушевленное: Повести и рассказы.,"КУНИН, Владимир Владимирович.",,,
11101,"Лицо, открытое солнцу: Повесть.","СТРЕЛЬЦОВА, Александра Львовна.",,,
11102,Лицо профессии: Стихи 1927— 1930 гг.,"МИНИХ, Александр Васильевич.",,,
11103,Лицо родное: Стихи.,"АНДРЕЕВ, Леонид Георгиевич.",,,
11104,Лицо со шрамом: Роман.,"КОНОВАЛОВ, Михаил Алексеевич.",,,
11105,Лицо фараона: Фантастика. Рассказы.,"ГРЕШНОВ, Михаил Николаевич.",,,
11106,Лицо человеческое: Стихи.,"ВИНОКУРОВ, Евгений Михайлович.",,,
11107,Лицо эры: Стихи.,"ГОРСКИЙ, Александр Константинович.",,,
11108—11109,Лицом в будущее.,СИБУ-РАПА.,,,
11110,Лицом к ветру: Повесть.,"ПЕЧИ-ЩЕВ, Петр Васильевич.",,,
11111,Лицом к восходу.,"КУЗНЕЦОВ, Тимофей Васильевич.",,,
11112,Лицом к деревне: Комедия в 3-х д.,"ГОРЕЛОВ, В. К.",,,
11113,Лицом к лицу: [Очерки].,"ГРИНЕВСКИЙ, И. (ШКАПА, Илья Самсонович) .",,,
11114,Лицом к лицу: (Повести и рас- сказы).,"ГАГЛОЕВ, Николай Давидович.",,,
11115,Лицом к лицу: Поэма.,"ТИХОНОВ, Николай Семенович. ",,Красные на Араксе...,
11116,Лицом к лицу: [Рассказ].,"ДМИТРИЕВСКИЙ, Владимир Иванович, КОБЕ, К.",,,
11117,Лицом к лицу: Рассказы.,"БАР-БЮС, Анри.",,,
11118,Лицом к лицу: Рассказы.,"РЖЕ-ЗАЧ, Вацлав.",,,
11119,Лицом к лицу: Революционная хроника в 4-х карт.,"ЛОЖКИН, Яков Яковлевич.",,,
11120,Лицом в лицу: Роман.,"БАЖИН, Николай Федотович.",,,
11121,Лицом к лицу: Роман.,"КУТА-ТЕЛИ, Александр.",,,
11122,Лицом к лицу: Роман.,"ЛЕБЕДЕНКО, Александр Гервасьевич.",,,
11123,Лицом к лицу: Сборник рассказов.,"АЙТМАТОВ, Чингиз Торекулович.",,,
11124,Лицом к лицу: Стихи.,"ГАЛИМОВ, Рауф Зарифович.",,,
11125,Лицом к лицу: [Стихи].,"ДОРД-ЖИЕВ, Басанг Бюрюнович.",,,
11126,Лицом к лицу: [Стихи].,"ЛУПАН, Андрей Павлович.",,,
11127,Лицом к огню: Литературные портреты.,"ИСБАХ, Александр.",,,
11128,Лицом к огню: Повесть.,"ХАРЧИ-КОВ, Александр Тихонович.",,,
11129,Лицом к огню: Повесть о буднях Егора Шагалова.,"КОРЯКОВ, Олег Фокич.",,,
11130,Лицом к огню: Рассказы.,"ВОРОБЬЕВ, Евгений Захарович.",,,
11131,Лицом к огню: Стихи.,"КАРПЕНКО, Владимир Кириллович.",,,
11132,Лицом к огню: Стихи.,"КРЮЧКОВ, Алексей Самуилович.",,,
11133,Лицом к огню: [Стихи].,"МАШКОВЦЕВ, Владилен Иванович.",,,
11134,Лицом к огню: Стихи и поэма.,"ГЛОТОВ, Василий Иванович.",,,
11135,Лицом к океану: Стихи.,"СКОРОХОДОВ, Михаил Евгеньевич.",,,
11136,Лицом к опасности: Документальная повесть.,"НОВИКОВ, Иван Григорьевич.",,,
11137,Лицом к рассвету: Стихи.,"ШАЛЬ-НЕВ, Борис Михайлович.",,,
11138,Лицом к свету: Стихи.,"БУРОВА, Наталья Павловна.",,,
11139,Лицом к свету: Стихи.,"ЕГОРОВ, Василий Федорович.",,,
11140,Лицом к свету: Стихи.,"ЧЕРНУ-ХИН, Игорь Андреевич.",,,
11141,Лицом к солнцу: 2 рассказа.,ТРУСОВ И. ,,,
11142,Лицом к солнцу: Новые стихи.,"КОБЗЕВ, Игорь Иванович.",,,
11143,Лицом к солнцу: Стихи.,"КИКИНОВ, Георгий Васильевич.",,,
11144,Лицом к солнцу: Стихи.,"ПОЛЯКОВ, Николай Варфоломеевич.",,,
11145,Лицом к солнцу: Стихи.,"ШКАВРО, Леонид Григорьевич.",,,
11146,Личико.,"РЕНЬЕ, Анри де.",,,
11147,Личины Эрвина Рейнера: Роман.,"ВАССЕРМАЯ, Яков (ВАССЕРМАН, Якоб). ",Маски Эрвина Райнера.,,
11148,Личная жизнь: (Повесть).,"КАНО- ВИЧ, Григорий.",,,
11149,Личная жизнь: Пьеса в 2-х ч.,"НИКИТИН, Сергей Константинович.",,,
11150,Личная жизнь: Повесть в 4-х актах.,"СОЛОВЬЕВ, Владимир Александрович.",,,
11151,Личная жизнь: [Рассказы].,"ЗОЩЕНКО, Михаил Михайлович.",,,
11152,Личная жизнь: Рассказы.,"СУХАНОВА, Светлана Николаевна.",,,
11153,Личная жизнь: Роман.,"САФОНОВ, Эрнст Иванович.",,,
11154,Личная жизнь Степана Силина: Роман.,"МИХЕЕВА, Софья Исаковна.",,,
11155,Личная история и испытания Давида Копперфильда младшего: Роман в 3-х т.,"ДИККЕНС, Чарлз. ",,,
11156,Личная подпись.,"АСКАР, Хило-лиен, ШУКУХИ, Аминджон.",,,
11157,Личная репка: Сатирические стихи.,"ЧЕРЕПАНОВА, Надежда Михайловна.",,,
11158,Лично известен: Кинопоэма.,"МАКСИМОВ, Марк.",,,
11159,Лично известен: Повесть о товарище Камо.,"МАКСИМОВ, Марк.",,,
11160,Лично ответствен: Повесть.,"МИЩЕНКО, Дмитрий Алексеевич. ",,Почему не сходятся пути...,
11161,Личное дело: Комедия в 2-х д.,"НИ-КОЛИНА, Вера Васильевна.",,,
11162,Личное дело: Лирика.,"МАРКИН, Евгений Федорович.",,,
11163,Личное дело: Повесть.,"АЛЕШИН, Владимир Сергеевич.",,,
11164,Личное дело: Стихи.,"ЩИПАХИНА, Людмила Васильевна.",,,
11165,Личное клеймо: Пьеса в 1-м д.,"КОР-КИЯ, Виктор Платонович.",,,
11166,Личное местоимение: Юмористические рассказы.,"ВАСИЛЬЕВ, Аркадий Николаевич.",,,
11167,Личное мнение: Комедия в 1-м д.,"ИРОШНИКОВ, Алексей Михайлович.",,,
11168,Личное отношение: Рассказы.,"ГАВРИЛОВ, Петр Павлович.",,,
11169,Личное счастье: Повесть.,"ВОРОНКОВА, Любовь Федоровна.",,,
11170,Личное счастье: Стихи.,"КОТОВ, Владимир Петрович.",,,
11171,Личность: Рассказы.,"ИЛЬЕНКОВ, Василий Павлович.",,,
11172,Личные воспоминания о Жанне д'Арк ее пажа и секретаря Луи де-Конта.,"ТВЕН, Марк.",,,
11173,Личные мнения вузовца Б.: Рассказы.,"ГУГУЕВ, Павел Александрович.",,,
11174,Личный вопрос.,"РАХВАЛОВ, Н.",,,
11175,Личный досмотр: Повесть.,"АДАМОВ, Аркадий Григорьевич.",,,
11176,Личный пакет: Рассказы о В. И. Ленине.,"МАКРУШЕНКО, Павло (МАКРУ-ШЕНКО, Павел Ильич).",,,
11177,Личный секретарь: Комедия в 2-х д.,"САБУРОВ, Симон Федорович.",,,
11178,Личный секретарь: Повесть.,"ОСТАПЕНКО, Г. Г. ",,Своя дорога...,
11179,Лишенные детства.,"ГОМЕС, Перейра (ПЕРЕЙРА ГОМИШ, Соэйру Жоа-кин).",,,
11180,Лишенный неба: Роман.,"СЭЛКУ-ДЯНУ, Петре.",,,
11181,Лишенный прав: Пьеса в 4-х д.,"ПОТАПЕНКО, Игнатий Николаевич.",,,
11182,Лишние люди: [Очерки и рассказы].,"ЧЕХОВ, Антон Павлович.",,,
11183—11184,Лишние люди: Роман.,"ЦЕХА-НОВИЧ, Александр Николаевич.",,,
11185,Лишние чувства: Повесть в 2-х ч.; Поневоле:  Рассказ.,"МИНАЕВ, Дмитрий Дмитриевич.",,,
11186,Лишний: Повесть.,"СОЛОВЬЕВ-НЕСМЕЛОВ, Николай Александрович.",,,
11187,Лишний: Рассказ.,"АЛЕКСЕЕВ, Иван. ",,Из-за хлеба насущного...,
11188,Лишний: Рассказ.,"НОВИКОВ-ПРИБОЙ, Алексей Силыч.",,,
11189,Лишний рот: История одного детства.,"МИНЦ, Моисей Наумович.",,,
11190,Лишняя: (Рассказ без вымысла). В 2-х ч.,Е. Ш.,,,
11191,Лишняя дама: Фельетоны.,"АРДАШЕВ, Михаил Александрович.",,,
11192,Лишняя комната: Оригинальный водевиль в 1-м д.,"КУРАКИН, Н. И.",,,
11193,Лиюшка.,"ПРОКОПЬЕВА, Зоя Егоровна.",,,
11194,Лобах — счастливый отец: Разговорная повесть в 4-х отд.,"ШЛЕЙСНЕР, Павел Христианович.",,,
11195,Лобачевский: Исторический роман.,"ЗАБОТИН, Иван Петрович.",,,
11196,Лобжанка — речка: Стихи.,"БУР-СОВ, Иван Терентьевич.",,,
11197,Лобное место: (Голгофа). Пьеса в 5-ти актах.,"ЧИЖЕВСКИЙ, Дмитрий Федотович.",,,
11198,"Лобо, король Корромпо: История одного волка.","СЕТОН-ТОМПСОН, Эрнест.",,,
11199,Ловелас: Драма в 3-х д.,Имя авт. не установлено.,,,
11200,Ловелас: Шутка в 1-м д.,"НОВИКОВ, Павел Евстихиевич.",,,
11201,Ловец бобров: Рассказ.,"РИД, Томас Майн.",,,
11202,Ловец водяных блох.,"ИНГОБОР, Эрик.",,,
11203,Ловец комет.,"ИНБЕР, Вера Михайловна.",,,
11204,Ловец орлов.,"ШУЛЬЦ, Джемс Виллард.",,,
11205,Ловкачи: (Нарывы жизни). Драматическая иллюстрация в 4-х д.,"ГАРЛИЦ-КИЙ, Владимир Александрович, КРА-СОВ, Н. Д.",,,
11206,Ловкачи: Роман.,"АПРАКСИН, Александр Дмитриевич.",,,
11207,Ловкий Артем.,"КОЗИН, Владимир Романович.",,,
11208,Ловкий ездок; Тоже «Наполеон»; История с мышью.,"БУШ, Вильгельм.",,,
11209,«Ловкий малый» и другие сказки.,"АНДЕРСЕН, Ганс-Христиан. ","Гриша и Гришутка; Иван и Иванушка; Малый Клаус, большой Клаус; Николай и Николка; Ни-колка большой и Николка маленький; Петр и Петруша.",,
11210,"Ловкобрешенко-денщик: (Никак нет, Ваше благородие!). Водевиль-фарс в 1-м д.","ЛЕОНИДОВ, В. (КВЕЦИНСКИЙ, Виктор Францевич).",,,
11211,Ловкость рук; Прибой; Цирк; Ост- ров.,"ГОЙТИСОЛО, Хуан.",,,
11212,Ловля раков.,"СМИРНОВ, Илья Дмитриевич.",,,
11213,Ловушка: Картинка с натуры в 1 -м д.,"РУДИН, В. Ф.",,,
11214,Ловушка: Очерк.,"ОРЛОВ, Дмитрий.",,,
11215,Ловушка: Роман.,"МАТУТЕ, Ана Мария.",,,
11216,Ловушка: Фарс в 1-м д.,"ЖУРДА, Даниэль, КЕСЛЕР, Огюст.",,,
11217,Ловцы: Комедия в 2-х д.,"СОБОЛЕВ, Василий Николаевич.",,,
11218,Ловцы: Рассказ.,"ТОПОРКОВ, В. И.",,,
11219,Ловцы жемчуга.,"ПАШЕК, Мирко.",,,
11220,Ловцы и добыча: Повести.,"РОБЕРТС, Чарльз.",,,
11221,Ловцы сомнений: Роман.,"ОВАЛОВ, Лев.",,,
11222,Ловцы трепанга.,"САЛЬГАРИ, Эмилио.",,,
11223,Ловцы трепангов: Роман.,"ЩЕРБА-НОВСКИЙ, Олег Сергеевич.",,,
11224,Лога: Рассказ. (Загл. обл.).,"ИВАНОВ, Всеволод Вячеславович. ",Дите.,,
11225,Лога: Роман.,"БОНДИН, Алексей Петрович.",,,
11226,Логово рыжих дьяволов.,"МАРТ-МАТВЕЕВ, Венедикт Николаевич.",,,
11227,Лодарй: Рассказ.,"СЕВАСТЬЯНОВ, Александр Николаевич. ",,Кнут...,
11228,Лодейный кормщик: Историческая повесть.,"БОГДАНОВ, Евгений Федорович.",,,
11229,Лодка: Рассказ.,"БОГДАНОВ, Николай Владимирович.",,,
11230,Лодка: Стихи.,"ШКЛЯРЕВСКИЙ, Игорь Иванович.",,,
11231,Лодка без весел: Роман.,"СУНДЕ-ТОВ, Магзом.",,,
11232,Лодка в лесу: Триптих одноактных пьес.,"ХАЙТОВ, Николай Александров.",,,
11233,Лодка и течение: Стихи.,"ГРУБИЯН, Матвей Михайлович.",,,
11234,"Лодка качается: (99%); Шуми, Ма-рица; Любовь на рассвете: Пьесы.","ГАЛАН, Ярослав Александрович.",,,
11235,Лодка над Атлантидой.,"КЕРНБАХ, Виктор.",,,
11236,Лодочник; Смерть генерала Домбровского: Две новеллы.,"СУДРАБКАЛН, Ян.",,,
11237,Лодочник с реки Падмы: Роман.,"БАНДОПАДХАЯ, Маник (БОНДОПАД-ДХАЙ, Маник).",,,
11238,Лодочница: Пьеса в 4-х д.,"ПОГОДИН, Николай.",,,
11239,Лодочные гонки:      Рассказы.,"МЭККИН, Уолтер.",,,
11240,Лодыри.,"ЛАРИНА, Лариса Михайловна.",,,
11241,"Лодыри на советской службе: Простая деревенская повесть, правдивая как совесть.","ГОРШКОВ, Дмитрий Александрович.",,,
11242,Лодырь: (Агит-пьеса).,МУРАН.,,,
11243,Лодырь Бадулин.,"ЦЫПКИН, Иван В.",,,
11244,Ложа 1-го яруса на последний дебют Тальони: Анекдот-водевиль в 2-х карт.,"КАРАТЫГИН, Петр Андреевич.",,,
11245,Ложе султана: Фарс в 3-х д. с прологом.,Имя авт. не установлено.,,,
11246,Ложись!: Роман.,"ФЕРНАНДЕС ДЕ ЛА РЕГЕРА, Рикардо.",,,
11247,Ложки: Очерк.,"ПРИТЧИН, Георгий Иванович.",,,
11248,Ложкой по лбу: Басни и сатирические стихи.,"КАТКОВ, Николай Иванович.",,,
11249,Ложкой по лбу: Юмористические рассказы.,"ЛОМАКИН, Игнатий Семенович.",,,
11250,Ложная клятва: Драма в 2-х д.,"ЯВОРСКИЙ, И. С.",,,
11251,Ложная правда: Роман.,ЯШПАЛ.,,,
11252,Ложная тревога: Шутка в 1-м д.,"ТУРБИН, Сергей Иванович.",,,
11253,Ложное показание: [Шутка в 2-х д.].,"КОЛЬБ, М. [!] (КОЛЬБ, Жан Анри). ",,Закон 9-го апреля...,
11254,Ложное показание: Роман.,Имя авт. не установлено.,,,
11255,Ложное счастье.,"СЛОВЧЕК, Веди. ",,Без заглавия...,
11256,Ложные друзья.,Имя авт. не установлено.,,,
11257,Ложные итоги: Комедия в 4-х д.,"МИХЕЕВ, Василий Михайлович.",,,
11258,Ложный гон: Роман и повесть.,"САНГИ, Владимир Михайлович.",,,
11259,Ложный Дон-Кихот.,"РИНЕР, Хан (РИНЕР, Ган). ",Хитроумный идальго Мигуэль де Сервантес Сааведра.,,
11260,Ложный мизантроп или Нашла коса на камень: Комедия в 1-м д.,"ПАВЛОВ, Андрей Михайлович.",,,
11261,"Ложный Петр III или Жизнь, характер и злодеяния бунтовщика Емельки Пугачева: Ч. 1-2.",Имя авт. не установлено.,,,
11262,Ложный похититель царской власти: Азиатская повесть. Ч. 1-2.,"ШОССЬЕ, Гектор.",,,
11263,Ложный путь: Драма в 4-х д.,"ЛОМАКИН, Николай.",,,
11264,Ложный след: Роман.,"ЗАРИН, Андрей Ефимович.",,,
11265,Ложный Станислав: Комедия в 3-х д.,"ДЮВАЛЬ, Александр Винсент.",,,
11266,Ложный стыд: Комедия в 4-х д.,"ЗАДОНСКИЙ, Николай Алексеевич.",,,
11267,Ложный стыд: Комедия в 4-х д.,"КОЦЕБУ, Август Фридрих.",,,
11268,Ложный стыд: [Рассказ].,"МЕЛЬНИЦКИЙ, Николай Николаевич.",,,
11269,Ложный шаг: Драма в 3-х д.,"САВЕЛЬЕВ, Л.",,,
11270,Ложусь на боевой курс: Повесть.,"ВОРКОВ, Сергей Степанович.",,,
11271,Ложь: [Антирелигиозная пьеса].,"ГРАДОВ, Григорий. ",,Трудное местечко...,
11272,Ложь: Драма в 3-х д.,"ЗАВИ-СЕЦКИЙ, Юрий Геннадиевич.",,,
11273,Ложь: Драма в 4-х д.,"ЛОБАЧЕВ, Леонид Тимофеевич.",,,
11274,Ложь: Драматический этюд в 2-х д.,"ПОЛЯКОВА, Екатерина Алексеевна.",,,
11275,Ложь: Комедия в 4-х д.,"ЗЕЛАНД-ДУБЕЛЬТ, Елена Александровна.",,,
11276,Ложь; Кто он?: Рассказы.,"БОРЗАКОВСКИЙ, Д. А.",,,
11277,Ложь: Пьеса.,"СТРОВИНСКИЙ, Антон Людвигович (КОВЗАН). ",,Глушь...,
11278,Ложь: [Рассказ].,"АНДРЕЕВ, Леонид Николаевич. ",,Большой шлем...,
11279,Ложь: Рассказ.,"БРИЛЛИАНТОВ, Алексей Георгиевич.",,,
11280,Ложь: Рассказ.,"НАЖИВИН, Иван Федорович.",,,
11281,Ложь: Роман.,"БУРЖЕ, Поль.",,,
11281а,Ложь: Роман.,"ДИЛЬВИН, Е. А.",,,
11282,Ложь!: Семь рассказов.,"ФАЛЬКОВ-СКИЙ, Федор Николаевич.",,,
11283,Ложь: (Семья Ивановых). Пьеса в 4-х актах.,"АФИНОГЕНОВ, Александр Николаевич.",,,
11284,Ложь: (Современная быль).,"ЖЕ-ЛИХОВСКАЯ, Вера Петровна.",,,
11285,Ложь в капкане: Комедия в 1-м д.,"ПАПАЯН, Арамашот.",,,
11286,Ложь для узкого круга: Комедия в 2-х ч.,"САЛЫНСКИЙ, Афанасий Дмитриевич.",,,
11287,Ложь и правда; Невеста из столицы: [Пьесы].,"АМАЛИЯ, ПРИНЦЕССА САКСОНСКАЯ.",,,
11288,Ложь и правда: Рассказ.,"СИБИРЯК (МЕЛЬНИКОВ,       Николай Константи- нович) .",,,
11289,Ложь на длинных ногах.,"ДЕ ФИЛИППО, Эдуардо.",,,
11290,Ложь счастья не прочит: Драма в 3-х д.,"РАЕВСКИЙ, Н. Ф. Изд. ",,,
11291,"Лоза: Книга  стихов, 1962—1969.","МОРИЦ, Юнна Петровна.",,,
11292,Лоза: Стихи   1922 года.,"ПАР- НОК, София Яковлевна.",,,
11293,Лозинское поле: Роман.,"МЕДВЕДЕВ, Григорий Сергеевич.",,,
11294,Лозняковские будни: [Очерки].,"ТРЯ-ПИЧКИН, Сергей Федорович.",,,
11295,Лозняковцы: Рассказ.,"СМИРНОВ, Геннадий Васильевич.",,,
11296,Лозунги-рифмы.,"МАЯКОВСКИЙ, Владимир Владимирович.",,,
11297,Локи: (Роман одного бога).,"ЯКО-БОВСКИЙ, Людвиг.",,,
11298,Локоть друга: [Очерки].,"РОСТОВЦЕВ, Леонид Абрамович.",,,
11299,Локоть друга: Повесть.,"ПЕРУАНСКАЯ, Валерия Викторовна.",,,
11300,Локоть друга: [Стихи и поэма].,"ТИТОВ, Константин Маркович.",,,
11301,Локсандра: Из «Дивана».,"РОЙЕ, Альфонс.",,,
11302,Лола: (Предание на персидской границе).,"ПИСАРЕВ, Н.",,,
11303,Лоллота или Жертва любви и коварства.,"ЛАФОНТЕН, Август Генрих Юлий.",,,
11304,Лоло и Л ал а: (Картинки добрых нравов).,"БАРЯТИНСКИЙ, Владимир Владимирович.",,,
11305,Лолотта: Комедия в 1-м акте.,"ГАЛЕВИ, Людовик, МЕЛЬЯК, Анри.",,,
11306,"Лолотта и Фанфан или Приключения двух младенцев, оставленных на необитаемом острове.","ДЮКРЕ-ДЮМИНИЛЬ, Франсуа Гийом.",,,
11307,Ломается лед: Сборник стихов.,"РЕУТСКИЙ, Петр Иванович.",,,
11308,Ломайло: Рассказ.,"ВЕРЕСАЕВ, В.",,,
11309,Ломикамень: Повесть о Лесе Ук- раинке.,"ДЕЙЧ, Александр Иосифович.",,,
11310,"Ломоносов: Историко-бытовые сцены XVIII века, в 4-х д.","ПОЛОВЦОВ, Анатолий Викторович.",,,
11311,Ломоносов: Историческая пьеса в 5-ти д.,"ВЕГИН, С.",,,
11312,Ломоносов: Пьеса.,"ЧИРКОВ, Александр Григорьевич.",,,
11313,Ломоносов: Сцены для народного театра или ученических спектаклей. В 5-ти карт.,"ЧЕРНЫШЕВА, Евдокия Тимофеевна.",,,
11314,Ломоносов колодезь.,"ИЛЬИНСКИЙ, Федор Владимирович.",,,
11315,Ломоносов Михаил: Пьеса в 3-х д.,"СИЗОВА, Магдалина Ивановна.",,,
11316,Ломоносова смекалка: Пьеса в 3-х д.,"ИЛЬИНСКИЙ, Федор Владимирович.",,,
11317,Ломтик солнца: Очерки.,"РОМАНОВСКИЙ, Станислав Тимофеевич.",,,
11318,Лонва: Повесть.,"ПТАШНИКОВ, Иван Николаевич.",,,
11319,Лондон.,"МОСИНА, Н.",,,
11320,Лондонская улица: Записки парижского коммунара.,"ВАЛЛЕС, Жюль.",,,
11321,Лондонские драмы: Роман.,"РЕЙНОЛЬД, В. (РЕЙНОЛЬДС-МАК, Артур Георг Вилльям).",,,
11322,Лондонские нравы или Англичане большого света: Комедия в 2-х д. Подражание Шекспиру.,"П. В. (ВЫРУБОВ, Павел Петрович).",,,
11323,Лондонские очерки.,"БОЗ (ДИККЕНС, Чарлз). ",,,
11324,Лондонские очерки и картинки.,"БОЗ (ДИККЕНС, Чарлз).",,,
11325,Лондонские рассказы.,"БЕННЕТ, Арнольд.",,,
11326,Лондонские тайны: Роман. Т. 1-5.,"ФЕВАЛЬ, Поль Анри.",,,
11327,Лондонские трущобы: (Люди бездны).,"ЛОНДОН, Джек.",,,
11328,Лондонский звонарь: Драма в 4-х д. с прологом.,"БУШАРД, Ж. (БУШАРДИ, Жозеф).",,,
11329,Лондонский портной: Пьеса в 3-х д.,"ТРАХТЕНБЕРГ, Валентин Артурович, ХЕ-СИНА, Гр.",,,
11330,Лондонский пустынник или Описание нравов и обычаев англичан в начале XIX столетия.,"ЖУИ, Виктор Жозеф.",,,
11331,Лондонцы: Роман в 2-х ч. Ч. I.,"МУРРЕЙ, Дэвид Кристи.",,,
11332,Лондон.,"КАПЮС, Альфред. ",,Благотворительный бал...,
11333,Лоно.,"ВЫШЕСЛАВСКИЙ, Леонид Николаевич.",,,
11334,Лопанские раки.,"КО, Антоша.",,,
11335,Лопари и самоеды столичных наших тундр: Эскизы и очерки.,"ЭЗОП-КАК-ТУС (МАРТЬЯНОВ, Петр Кузьмич).",,,
11336,Лопата: Рассказ для юношества.,"ОЛЬКОТ, Л. (ОЛКОТТ, Луиза Мей).",,,
11337,Лопух.,"ЗАМОЙСКИЙ, Петр.",,,
11338,Лопухинское дело: Историческая повесть.,"ПОЛЕЖАЕВ, Петр Васильевич.",,,
11339,Лорд-апостол в большом петербургском свете: Повесть. Т. 1-4. К.,"В. М. (МЕЩЕРСКИЙ, Владимир Петрович).",,,
11340,Лорд Бракенбюри: Роман.,"ЭДВАРДС, Амелия Бландфорд.",,,
11341—11342,Лорд Корнваллис.,"ЖАЛУ, Эдмон. ",,Одинокие...,
11343,Лорд Рэйнго: Роман.,"БЕННЕТ, Арнольд.",,,
11344,Лорензаччио: Драма в 5-ти д.,"МЮССЕ, Альфред де.",,,
11345,Лорензо Старк: Семейственная картина. В 3-х ч.,"ЭНГЕЛЬ, Иоганн Якоб.",,,
11346,Лоретта или Красная печать.,"ВИНЬИ, Альфред де. ",,Неволя и величие солдата...,
11347,"Лори Лэн, металлист.","ДОЛЛАР, Джим (ШАГИНЯН, Мариэтта Сергеевна).",,,
11348,"Лоримон или Человек, каков он есть.","АРНОД'ДЕ (АРНО, Франсуа Тома Мари де Бакюлар).",,,
11349,Лорин: Роман. Ч. I-II.,"ВАЛУЕВ, Петр Александрович.",,,
11350,Лорнет: [Роман].,"ЖИРАРДЕН, Дельфина.",,,
11351,Лорнет или Правда глаза колет: Фантастический водевиль.,"СКРИБ, Эжен.",,,
11352,Лоре рисует афишу: Юмористическая повесть.,"МАЛЬСАГОВ, Ахмет Пше-махович.",,,
11353,Лос Капричос: (Капризы). Пьеса в 3-х д.,"ПРОМЕТ, Лилли Александровна.",,,
11354,Лоси на скалах: Рассказы.,"ОНЕГОВ, Анатолий Сергеевич.",,,
11355,Лоскутки.,"КОЧЕТКОВ, Дмитрий Иванович.",,,
11356,Лоскутница с толкучего: Шутка-водевиль в 1-м д.,"ОНИКС (ОЛЬХОВСКИЙ, Николай Иванович).",,,
11357,Лоскутья: Юмористические наброски.,"ВЕТЛУГИН, Евг. (МАНСФЕЛЬД, Евгений Августович).",,,
11358,Лосось — прыгун.,"ЛОНГ, Вильям.",,,
11359,Лось с белой отметиной: Рассказ.,"РОБЕРТС, Чарльз.",,,
11360,Лось с серебряной цепью.,"ВЕЛИЧКО, Василий Арсеньевич.",,,
11361,Лотерейный бал: (Повесть).,"ГРИГОРОВИЧ, Дмитрий Васильевич.",,,
11362,Лотерейный билет: Комедия в 1-м д.,Имя авт. не установлено.,,,
11363,Лотерея: Рассказ.,"КРУГЛОВ, Александр Васильевич.",,,
11364,Лотерея: Роман.,"ВУДВОРД, Вильям Е.",,,
11365,Лото: Сказка в стихах.,"ХОЛОДНОГОРСКИЙ ДЕМОН (ДАВЫДОВ-ГУНАРО-ПУЛО, Юрий Афанасьевич).",,,
11366,Лото в клубе или На который-то номер сесть?...: Фарс-водевиль в 2-х отделениях.,"СЛ-Н, А. П. (ПРОТОПОПОВ, Александр Павлович).",,,
11367,Лотос: Пьеса в 1-*м д.,"ВЕЙС, Всеволод Карлович.",,,
11368,Лотос: Роман.,"БЕМБЕЕВ, Тимофей Отельданович.",,,
11369,Лотта в Веймаре: Роман.,"МАНН, Томас.",,,
11370,Лохматая: Роман.,"ОРАВЕЦ, Паула.",,,
11371,Лохматая борода: Фельетоны.,"АБ-РАМСКИЙ, Исаак Павлович.",,,
11372,Лохматый подарок: Рассказы.,"КРАСОВСКИЙ, Леонид Станиславович.",,,
11373,Лохмач: Шутливые рассказы и маленькая повесть.,"ДУДОЧКИН, Петр Петрович.",,,
11374,Лохмотья: Роман.,"ДРОЗДОВ, Александр Михайлович.",,,
11375,Лоцман: Исторический роман.,"КУПЕР, Джеймс Фенимор.",,,
11376,Лоцман кембрийского моря.,"ПУ-ДАЛОВ, Федор Моисеевич.",,,
11377,Лошади и люди.,"АНДЕРСЕН, Шервуд (АНДЕРСОН, Шервуд).",,,
11378,Лошадиная поляна: Стихи.,"БАХ-РЕВСКИЙ, Владислав Анатольевич.",,,
11379,Лошадиная фамилия: Рассказы.,"ЧЕХОВ, Антон Павлович. ",,,
11380,Лошадь: Рассказ.,"ТРУСОВ, Иван Федорович.",,,
11381,Лошадь: Рассказ для детей.,"БАРТЕНЕВ, В. В.",,,
11382,Лошадь без головы.,"БЕРНА, Поль.",,,
11383,Лошадь Василия Дмитриевича.,"АБ- РАМОВА-КАЛИЦКАЯ, Вера Павловна.",,,
11384,Лошадь и человек: Стихотворная повесть в 6-ти поэмах.,"ЗАВОДЧИКОВ, Владимир Павлович.",,,
11385,Лошадь как лошадь: 3-я книга. Лирика.,"ШЕРШЕНЕВИЧ, Вадим Габриэле-вич.",,,
11386,Лошадь Пржевальского: Студенческая комедия в 3-х актах.,"ШАТРОВ, Михаил.",,,
11387,Лошадь украли; Мельница; Училище и семья; Товарищи; Трактирщик: Рассказы ученикам начальных народных училищ.,"ПОЛИВАНОВ, Н. П.",,,
11388,Лошевод: Роман. Кн. I.,"ГРОМОВ, Моисей Георгиевич.",,,
11389,Лоэнгрин.,"КАРИНЦЕВ, Николай.",,,
11390,Луг духовный.,"РЕМИЗОВ, Алексей Михайлович. ","Лимонарь, Сиречь: Луг духовный.",,
11391,Луг расцветающий: Стихотворения.,"ЛУГАНСКИЙ, Алексей.",,,
11392,Луга: Рассказ.,"ДМИТРИЕВА, Валентина Иововна.",,,
11393,Луганцы.,"ГАВРИЛОВ, Петр Павлович.",,,
11394,Луганчане: Книга стихов и прозы.,"МАТУСОВСКИЙ, Михаил Львович, СИМОНОВ, Константин Михайлович.",,,
11395,"Луговая, дом 24: Лирическая комедия в 2-х д.","МЕДВЕДЕНКО, Давид Германович.",,,
11396,Луговая суббота или Вероятные и невероятные приключения Васи Морковкина: Современная сказка.,"КАРПУНИН, Геннадий Федорович.",,,
11397,Луговые мастера: Рассказ.,"ПЛАТОНОВ, Андрей.",,,
11398,Луговые разбойники: Роман из американской жизни. В 2-х т.,"ГЕРШТЕКЕР, Фридрих.",,,
11399,Лудовик или Сын человека с гением: Ч. 1-2.,"ХОФЛЭНД, Барбара.",,,
11400,Лужа.,"ЖУКОВ, Николай Васильевич.",,,
11401,"Лужники в Кошкаденах: Фельетоны, юмористические рассказы.","ЧАЩИН, Федор Дмитриевич.",,,
11402,Лузиады: Поэма в десяти песнях.,"КАМОЕНС, Лудовик (КАМОЭНС, Луис).",,,
11403,Луиза: Сельское стихотворение в 3-х идиллиях.,"ФОСС, Иван Генрих (ФОСС, Иоанн Генрих).",,,
11404,Луиза де Кнотэ: Роман. Ч. I.,"ГРОМОВ, Дисан.",,,
11405,Луиза де-Кнотэ или Страшная месть женщины: Сенсационный роман из действительной жизни. Вып. I.,"ОСТАШ, И.",,,
11406,"Луиза, дочь короля Леопольда, или Из королевских палат в дом умалишенных: Вып. 1 —17, 19—40.",Имя авт. не установлено.,,,
11407,Луиза и Дюваль или Несчастная любовь: Ч. 1-2.,"ЛАФОНТЕНЬ (ЛАФОНТЕН, Август Генрих Юлий).",,,
11408,Луиза или Подземелье Лионского замка.,Имя авт. не установлено. ,,,
11409,Луиза или Подложный брак: Повесть. Вольный перевод. Ч. 1-2.,Имя авт. не установлено.,,,
11410,Луиза или Тайна германского шпионажа: Роман из современной действительной жизни.,"АРОНЗОН, Александр Ле-. ",,,
11411,Луиза Миллер: Трагическая мелодрама в 3-х д.,"КАММАРАНО, Сальваторе.",,,
11412,Луиза Плеттенгауз: Дневник бедной девушки.,"НАТУЗИУС, Мария.",,,
11413,Лук и лира: Стихи о Грузии. Переводы грузинских поэтов.,"ЕВТУШЕНКО, Евгений Александрович.",,,
11414,Лука: Рассказ.,"ШТАРК, Владимир (ШТАРК, Вольдемар Густав).",,,
11415,Лука да Марья: Народная повесть.,"ГЛИНКА, Федор Николаевич. ",Сказка про Луку да Марью.,,
11416,"Лука Иванович Шаберов, беспокойный старичок с молоденьким сердцем: Фантастическая шутка в 3-х д.","ГАЛЬ, Я.",,,
11417,Лукавое светило.,"КОСТЮКОВ, Иван Васильевич.",,,
11418,Лукавый в штофе водки: Сказка.,"КУКЕЛЬ (ЛУНИН, В. А.). ",Черт в штофе водки.,,
11419,Лукавый викарий: Повесть.,"БИРМИНГЕМ, Джордж А.",,,
11420,Лукавый Генрих.,"БУШ, Вильгельм. ",,Субботняя ванна...,
11421,Лукавый попутал: Военная быль.,"ВАСИЛЬКОВСКИЙ, Александр Константинович.",,,
11422,Лукавый попутал: (Замоскворецкие нравы). Рассказ.,"БАБИКОВ, Константин Иванович.",,,
11423,Лукавый попутал: Рассказ.,ГАНКЕ.,,,
11424,Лукавый попутал: Рассказ.,"ТЕП-ЛОВ, Константин Александрович.",,,
11425,Лукавый попутал: Сцены в 1-м д.,"ТРОФИМОВ, Александр.",,,
11426,Лукавый странник: Стихи.,"ЛЕВ-БЕРГ, Мария Евгеньевна.",,,
11427,Лукашева изба: Рассказ.,"ВЕЛИКОВ, Ник.",,,
11428,Лукашка: Повесть.,"НИКУЛИН, Михаил Андреевич.",,,
11429,Лукашка-маляр: Повесть.,"ЗАРИН, Андрей Ефимович.",,,
11430,Лукерьюшка: Рассказ.,"РАЗИНА, Елизавета Алексеевна. ",Любовь великая.,,
11431,Лукерья: Рассказы.,"СЕМЕНОВ- СКИЙ, Дмитрий Николаевич.",,,
11432,Луки-Ларас: Роман из эпохи греческого восстания. 1821 г.,"ВИКЕЛА, Д. [!] (БИКЕЛАС, Дмитрий).",,,
11433,Лукич; За белой дверью.,"ГУСЕВ-ОРЕНБУРГСКИЙ, Сергей Иванович.",,,
11434,Лукишки: Роман.,"МАШАРА, Ми-хась (МАШАРА, Михаил Антонович). ",,Солнце за решеткой...,
11435,Лукия: Антирелигиозная повесть.,"ДОНЧЕНКО, Олесь Васильевич.",,,
11436,Лукоморье: Историческая повесть.,"МАРТЫНОВ, Анатолий Николаевич.",,,
11437,Лукоморье: Стихи.,"МАРТЫНОВ, Леонид Николаевич.",,,
11438,Лукреция Борджиа: Драма в 3-х д.,"ГЮГО, Виктор.",,,
11439,Лукреция Флориани: Роман.,"САНД, Жорж.",,,
11440,Лукьян Степанович Стрешнев: Старинное русское предание.,"ЛЬВОВ, Павел Юрьевич.",,,
11441,Лулу: (Варшавские трущобы). Роман-хроника.,"КИШМИШЕВ, Иосиф, ЛИСОВСКИЙ, Юрий (ЛИСОВСКИЙ, Георгий Ипполитович).",,,
11442,Лулу: Драматическое произведение в 2-х ч.,"ВЕДЕКИНД, Франк.",,,
11443,Лулу: Из жизни одной обезьянки.,"АЛТАЕВ, Ал.",,,
11444,Луна Бенамор: Роман.,"БЛАСКО ИБАНЬЕС, Висенте.",,,
11445,Луна в тумане: Фантастические новеллы.,"УЭДА, Акинари.",,,
11446,Луна в ущельях: Роман.,"АГИШЕВ, Рустам Константинович.",,,
11447,Луна днем.,"КОНЕЦКИЙ, Виктор Викторович.",,,
11448,Луна за облаком: Роман.,"СЕРГЕЕВ, Виктор Александрович.",,,
11449,Луна зашла.,"СТЕЙНБЕК, Джон.",,,
11450,Луна звенит: Рассказы.,"СЕМЕНОВ, Георгий Витальевич.",,,
11451,Луна и винтовка: Роман.,"ГАВИ-РИА, Рафаэль Умберто.",,,
11452,Луна и грош: Роман.,"МОГАМ, Сомерсет (МОЭМ, Вильям Сомерсет). ",Луна и шестипенсовик.,,
11453,Луна и костры: Повесть.,"ПАВЕЗЕ, Чезаре. ",,Прекрасное лето...,
11454,Луна и кузнечики: Повесть.,"ЛАН-КАУСКАС, Ромуальдас Юозович.",,,
11455,Луна и шестипенсовик: Роман.,"МОГЭМ, В. С. (МОЭМ, Вильям Сомерсет) .",,,
11456,"Луна на двоих: Повесть, рассказы, очерки.","ШЕЛЯПИН, Анатолий Георгиевич.",,,
11457,Луна над Шестым кварталом: Роман и рассказы.,"РИВ, Ричард.",,,
11458,Луна плывет над Араратом: Исторические этюды.,"ЗАДОНСКИЙ, Николай Алексеевич.",,,
11459,"Луна светит, сова кричит: Рассказы.","ГУЩИН, Евгений Геннадьевич.",,,
11460,Луна — свидетель: Рассказы.,"МЕ-ЛЕШИН, Станислав.",,,
11461,Луна-свидетельница: Рассказы.,"АХ-ВЕРДОВ, Абдурагим Асадович.",,,
11462,Луна слева: Комедия в 4-х д.,"БИЛЛЬ-БЕЛОЦЕРКОВСКИЙ, В. Н.",,,
11463,Луна холодного лица: Повесть.,"КОСТЕНЕЦКАЯ, Марина Григорьевна.",,,
11464—11465,Лунатик: Случай. Ч. 1-2.,"ВЕЛЬТМАН, Александр Фомич.",,,
11466,Луначарский.,"ЕЛКИН, Анатолий Сергеевич.",,,
11467,Лунная болезнь: Новеллы.,"ПИРАНДЕЛЛО, Луиджи.",,,
11468,Лунная девушка: Драматическая сказка в 3-х д.,"ЯН, Тамара Германовна.",,,
11469,Лунная долина: Роман.,"ЛОНДОН, Джек. ",Земля обетованная.,,
11470,Лунная дорога: Научно-фантастическая повесть.,"КАЗАНЦЕВ, Александр Петрович.",,,
11471,Лунная дорога: Рассказы.,"РЕН-НИКОВ, А. (СЕЛИТРЕННИКОВ, Андрей Митрофанович).",,,
11472,Лунная дорога: Стихи.,"КАРИМ, Муста ",,,
11473,Лунная дорожка: Повесть и рассказы.,"ГРЯЗЕВ, Василий Никанорович.",,,
11474,Лунная ночь: Пьеса в 1-м д.,"СТА-БАВОЙ, Юрий Михайлович.",,,
11475,Лунная ночь: Рассказы. Повести. Портреты.,"СКРИГАН, Янка.",,,
11476,Лунная подкова.,"ДОМРИН, Владимир Викторович.",,,
11477,Лунная пыль: Рассказы.,"КЛАРК, Артур Чарлз.",,,
11478,Лунная радуга: Повести.,"АВДЕЕНКО, Юрий Николаевич.",,,
11479,Лунная радуга: Повесть в 2-х актах.,"АВДЕЕНКО, Юрий Николаевич.",,,
11480,Лунная река.,"СКВОРЦОВ, Константин Васильевич.",,,
11481,Лунная россыпь: Повесть.,"МАКСЮ-ТОВ, Руслан Акрамович.",,,
11482,Лунная сказка: [В стихах].,Б. В.,,,
11483,Лунная сказка: Стихотворения; Простая случайность; Последнее испытание.,"ФИДЛЕР, Леонид.",,,
11484,Лунная скала: Стихи.,"ПОТИЕВ-СКИЙ, Виктор Александрович.",,,
11485,Лунная соната; Записки старого художника: Рассказы.,"КОРЧЕМНЫЙ, Вениамин.",,,
11486,Лунная соната: Комедия в 3-х д.,"ТУР, Ариадна. ",Я ищу отца. (Лунная соната).,,
11487,Лунная соната: Повести и рассказы.,"КОЧАР, Рачия.",,,
11488,Лунная соната: Пьеса в 4-х д.,"БОЛЬШАКОВ, Антон Михайлович.",,,
11489,Лунная соната: Рассказы.,"ШУТОВ, Иван Никитич.",,,
11490,Лунная соната: Стихи.,"ГУЖЕЛЬ, Анатолий Моисеевич.",,,
11491,Лунная струна: Стихи.,"СМИРЕН-СКИЙ, Борис Викторович.",,,
11492,Лунная сырость: Повести двадцать первого года.,"ТОЛСТОЙ, Алексей Николаевич.",,,
11493,Лунная тишина: Стихи и поэма.,"ЛОМИА, Константин.",,,
11494,Лунная тропа: Рассказы.,"ЗАВА-ДОВСКИЙ, Леонид Николаевич.",,,
11495,Лунной тропою.,"АХМАТОВА, Раиса Солтмурадовна.",,,
11496,Лунные горы: Африканские повести.,"ЗАБЕЛИН, Игорь Михайлович.",,,
11497,Лунные муравьи: Шестая книга рассказов.,"ГИППИУС, Зинаида Николаевна.",,,
11498,Лунные напевы.,"КУДИШ, Бронислав.",,,
11499,Лунные ночи: [Очерк].,"КАЛИНИН, Анатолий Вениаминович.",,,
11500,Лунные ночи: Роман.,"ПАЗУХИН, Алексей Михайлович.",,,
11501,Лунные ночи: Стихи.,"МИНСКЕР, Яков.",,,
11502,Лунные стада: Повесть.,"ЛЕ САЖ, Роже.",,,
11503,Лунные тени: Стихотворения. Ч. 1-2.,"СЕВЕРЯНИН, Игорь.",,,
11504,Луннге флейты: Стихи.,"БАЛАГИН, Александр.",,,
11505,Лунные цветы. (Загл. обл.).,"ДАНИЛОВ, Влас. ",Лунный свет.,,
11506,Лунный: Документальная повесть.,"ПОДЛЯЩУК, Павел Исаакович. ",,Партийная кличка...,
11507,Лунный берег: [Рассказы].,"ЛИХАНОВ, Альберт Анатольевич.",,,
11508,Лунный берег: Стихи.,"МАТУЗЯ-ВИЧЮС, Эугениюс Вилюсович.",,,
11509,Лунный вариант: Роман.,"СЕМЕ-НИХИН, Геннадий Александрович.",,,
11510,Лунный всадник: Повести.,"КОЛЕСНИКОВ, Евгений Григорьевич.",,,
11511,Лунный глобус: Детский сон. В 2-х ч. Пьеса-ревю с музыкой и песнями.,"КОРОСТЫ-ЛЕВ, Вадим Николаевич.",,,
11512,Лунный камень: Роман.,"КОЛЛИНЗ, Вильки (КОЛЛИНЗ, Уилки).",,,
11513,Лунный лик: Рассказы.,"ЛОНДОН, Джек.",,,
11514,Лунный лось: Лирика.,"ДАНИЛОВ, Семен Петрович.",,,
11515,Лунный месяц Рамазан: Повесть.,"БУДАНЦЕВ, Сергей Федорович.",,,
11516,Лунный перелет.,"ГАЙЛЬ, Отто Вилли.",,,
11517,Лунный поезд.,"КРУГЛЯКОВ, Геннадий Владимирович.",,,
11518,Лунный полдень: Стихи.,"ЕЛИН, Илья Михайлович.",,,
11519,Лунный свет: (Из галицких нравов).,"ЗАХЕР-МАЗОХ, Леопольд фон.",,,
11520,Лунный свет: Новеллы.,"МОПАССАН, Гюи де (МОПАССАН, Ги де).",,,
11521,Лунный свет: Очерки и рассказы.,"ФЛАММАРИОН, Камилл.",,,
11522,Лунный свет: Рассказы.,"БУДИ-ЩЕВ, Алексей Николаевич.",,,
11523,Лунный свет: Рассказы.,"РУНОВА, Ольга Павловна.",,,
11524,Лунный свет: [Стихи].,"ДАНИЛОВ, Влас. ",Лунные цветы.,,
11525,«Лунный свет» и другие рассказы.,"ГОНГОПАДХАЙЯ, Нарайон.",,,
11526,Лунный серп.,"ТАГОР, Рабиндранат.",,,
11527,Лунный снег.,"СЫНГАЕВСКИЙ, Петр Федорович.",,,
11528,Лунный яд: Роман.,"БЭРО, Анри (БЕРО, Анри).",,,
11529,Лунсюйгоу: Пьеса в 3-х д.,Л АО ШЭ.,,,
11530,Луны электрические: Стихи.,"БОЙМ, Эммануил.",,,
11531,Лунь-озеро.,"ПАНКРАТОВ, Юрий Иванович.",,,
11532,Лурд: Роман.,"ЗОЛЯ, Эмиль.",,,
11533,Лутре: (Карьера писателя). Рассказ.,"ТАРЛО, Лиза.",,,
11534,Лутугин: Документальная повесть.,"АЛЕКСАНДРОВ, Виктор Евгеньевич.",,,
11535,Луч:   Сборник стихотворений.,"ДЬЯКОВ, Тимофей Андреевич.",,,
11536,Луч: Стихи.,"ФЕЙЕРАБЕНД, Евгений Васильевич.",,,
11537,Луч божьего света в пустыне глухой: Повесть из жизни на Персидской окраине.,"ТЮТЧЕВ, Федор Федорович.",,,
11538,Луч во тьме: Повесть о делах и людях партии.,"ЧЕРНЯК, София Яковлевна.",,,
11539,Луч времени: Стихи и поэмы.,"БЕР-ДИБАЕВ, Абдрашит.",,,
11540,Луч на ладони: Стихи.,"РЕЙМЕ-РИС, Вацис Казимирович.",,,
11541,Луч правды: Трагедия.,"LECHMAN-SKY, Szczepan (ЛЕХМАНСКИЙ, Степан).",,,
11542,Луч света: Собрание стихотворений.,"НЕКРАСОВ, Алексей Александрович.",,,
11543,Луч утешения: (Рождественский рассказ).,"НИКИТСКИЙ, Николай.",,,
11544,Лучафэр.,"ЭМИНЕСКУ, Михаил.",,,
11545,Лучезарный ангел: (Восточное предание).,"ЛЕВНЕР, И. Б. (ЛЕВНЕР, Израиль Моисеевич).",,,
11546,Лучи: Рассказ.,"СЛУЧЕВСКИЙ, Константин Константинович.",,,
11547,Лучи в борозде: Стихи.,"МАШТАКОВ, Павел Иванович.",,,
11548,Лучи жизни: Роман.,"РОЗВАЛ, Сергей Яковлевич.",,,
11549,Лучи жизни: Стихотворения.,"ПО-ДОВОДСКИЙ, Константин Дмитриевич.",,,
11550,Лучи земли: Стихи.,"КОСТЕНКО, Лина Васильевна.",,,
11551,"Лучи и грезы: Стихи, поэмы и миниатюры.","ШУЛЬГОВСКИЙ, Николай Николаевич.",,,
11552,Лучи и тени: Новые стихотворения.,"БОРОЗДНА, Иван Петрович.",,,
11553,Лучи и тени: Очерки и параллели. (Житейское и чернильное море; Из загадочной действительности; Силуэты). Второй сборник рассказов.,"УМАНОВ-КАПЛУНОВ-СКИЙ, Владимир Васильевич.",,,
11554,Лучи и тени: Сорок пять сонетов.,"ЛИЗАНДЕР, Дмитрий Карлович.",,,
11555,Лучи и тени: Стихотворения.,ЗИНАИДА Ц. ,,,
11556,"Лучи и тени: Стихотворения, 1893— 1912.","ЧЕРКАССКИЙ, Николай Николаевич.",,,
11557,Лучи и тучи: Комедия в 4-х д.,"ТИХОНОВ, Владимир Алексеевич.",,,
11558,"Лучи и тучи: Стихотворения, 1883— 1889.","ЛЮТОВ, Сергей Васильевич.",,,
11559,Лучи Психеи.,"ГЕЙНРИХСЕН, Николай Г.",,,
11560,Лучи смерти: Роман 1955 года.,"ДОМИНИК, Ганс.",,,
11561,Лучи смерти: Фантастический роман.,"КАРПОВ, Николай Алексеевич.",,,
11562,Лучи солнца: Миниатюра в 1-м д.,"ЧИКАРЬКОВ, Александр Васильевич.",,,
11563,Лучинушка: Рассказ.,"БОГАТЫРЕВ, Павел Иванович.",,,
11564,Лучия ди Ламмермур: (Ламмер-мурская невеста). Трагическая драма в 3-х д.,"КАММАРАНО, Сальваторе.",,,
11565,Лучшая весна моей жизни: Исторический роман.,"ВЕЙС, Михаил.",,,
11566,Лучшая месть: Рассказ.,"КАТЕН-КАМП, Александра Пантелеймоновна (СЕТ-КОВА, Александра Пантелеймоновна).",,,
11567,Лучшая роль.,"КУЗЬМИНСКАЯ, Ольга Константиновна.",,,
11568,Лучшая школа; Рождество: Рассказы.,"ГОФМАН, Франц.",,,
11569,Лучшая школа — царская служба: Народное представление в 4-х д. с прологом и эпилогом.,"ГРИГОРЬЕВ, П. ",,,
11570,Лучше бы умерла.,"РИВЛИН, Берта.",,,
11571,"Лучше жить со львом в пустыне, чем со злой женою в мире.",ГЕЙНЕ ИЗ ТИФЛИСА (ДОН БАЧАРА).,,,
11572,Лучше маленькая рыбка.,"РЕСНИЦ-КИЙ, Николай.",,,
11573,"Лучше маленькая рыбка, чем большой таракан: Комедия в 5-ти д.","СВЕТЛАНОВ, А. (МОЗЕР, Александр Христиа-нович).",,,
11574,Лучше не жить!: Трагедия женской души.,ТОКУТОМИ КЭНДЖИРО (ТОКУ-ТОМИ Рока).,,,
11575,"Лучше никогда, чем поздно: Водевиль в 1-м д.","СОЛОВЬЕВ, Сергей Петрович.",,,
11576,"Лучше поздно, чем никогда: Рассказ.",Имя авт. не установлено.,,,
11577,"Лучше поздно, чем никогда: Рассказ.","СЕРЕБРОВСКИЙ, Е. ",,В бору...,
11578,"Лучше поздно, чем никогда: [Рассказ].","ТИЛИЧЕЕВА, Мария Васильевна.",,,
11579,"Лучше ты, чем другие: Фарс в 1-м д. (Оригинальный).","ЧИНАРОВ, Рубенс.",,,
11580,Лучшее в ее жизни: Роман.,"ГРО, Габриэль Жозеф.",,,
11581,Лучшее имя: Стихи и поэма.,"ГО-ДЕНКО, Михаил Матвеевич.",,,
11582,Лучшему другу: [Стихи и песни].,"КОНДЫРЕВ, Лев Николаевич.",,,
11583,Лучшие годы: Рассказы и очерки.,"БЕЛЯНИНОВ, Алексей Семенович.",,,
11584,Лучшие годы мои: Избранная лирика.,"ЛИСЯНСКИЙ, Марк Самойлович.",,,
11585,Лучшие из лучших.,"ШАБРИХИН, И.",,,
11586,Лучшие не умирают.,"МАРАСАНОВ, Сергей Федорович, РЕЗНИК, София Моисеевна.",,,
11587,"Лучшие строки: Избранные стихи, 1923—1932.","БЕЗЫМЕНСКИЙ, Александр Ильич.",,,
11588,Лучший Алькад-Король: Драма в 3-х д.,"ЛОПЕ ДЕ ВЕГА, Феликс.",,,
11589,Лучший дар: Волшебная картина в 1-м д.,"ЧАРСКАЯ, Лидия.",,,
11590,Лучший день в году: Рассказ для детей.,"ЛАНСКАЯ, М. О.",,,
11591,Лучший день февраля.,"ГОЛЬДМАН, Юний Семенович.",,,
11592,Лучший друг: [Рассказ].,"МАМИН-СИБИРЯК, Дмитрий Наркисович.",,,
11593,Лучший друг: Роман.,"БУАЙЛЕВ, Рене.",,,
11594,Лучший друг: Роман.,"БУДИЩЕВ, Алексей Николаевич.",,,
11595,Лучший из миров: Роман.,"МАЙЕРО-ВА, Мария.",,,
11596,Лучший исход: Повесть.,"НЕВЕ-ЖИН, Петр Михайлович.",,,
11597,Лучший месяц: Рассказы.,"ОСИН, Дмитрий Дмитриевич.",,,
11598,Лучший мир: (Парижский роман).,"КАДОЛЬ, Эдуард.",,,
11599,Лучший номер: Рассказы.,"ЛУБ-НИН, Лев Михайлович.",,,
11600,Луша; В каждом возрасте можно делать добро.,"БАРИНОВА-СВЕТОВА, В. Н.",,,
11601,Лушина воля: Рассказы.,"ГУМИЛЕВСКИЙ, Лев Иванович.",,,
11602,Лыжня: Стихи.,"БУЗУЛУК, Олег Дмитриевич.",,,
11603,Лыжня среди сосен.,"МАКАРОВА, Нина Владимировна.",,,
11604,Лыжня через белое поле: Рассказы и повесть.,"ЕЗЕРСКАЯ, Галина Павловна.",,,
11605,Лыко в строку: Фельетоны.,"ВОРОБЬЕВ, Николай Яковлевич, ЖУРАВСКИЙ, Василий Александрович.",,,
11606,Лыко — в строку!: Юмор. Сатира.,"СМИРНОВ, Вячеслав Васильевич.",,,
11607,Лысая голова или Страшная ночь в лесу: Волшебный рассказ.,Имя авт. не установлено.,,,
11608,Лысина и Солнце.,"ИВАНОВ, Валентин Васильевич.",,,
11609,Лысогорская колдунья: Юмористическая поэма.,"ГУНАРОПУЛО, Юрий Афанасьевич (ДАВЫДОВ-ГУНАРОПУЛО, Юрий Афанасьевич).",,,
11610,Лысьвенский сказ.,МОРОКОВ-АРУМ А.,,,
11611,Лычкина.,"МИХАЙЛОВ, А. (ШЕЛЛЕР-МИХАЙЛОВ, Александр Константинович) .",,,
11612,Львиная доля: Рассказы.,"БЕННЕТ, Арнольд.",,,
11613,Львиная доля: Сатирическая комедия в 3-х д.,"ТЕОДОРУ, Костин.",,,
11614,Львиная пасть: Вторая книга лирики.,"ПЯСТ, Владимир.",,,
11615,Львиное сердце: Народная волшебная сказка.,Имя авт. не установлено.,,,
11616,Львиный хлеб.,"КЛЮЕВ, Николай Алексеевич.",,,
11617,Львица: Роман.,"СЕГОН, Альбе-рик (СЕКОН, Альберик).",,,
11618,Львовский рассвет: Стихи.,"БРА-ТУНЬ, Ростислав Андреевич.",,,
11619,Льгов: Рассказ.,"ТУРГЕНЕВ, Иван Сергеевич.",,,
11620,Льдинка на солнце.,"ЛЯШКО, Николай.",,,
11621,Льды возвращаются: Фантастический роман.,"КАЗАНЦЕВ, Александр Петрович.",,,
11622,Льды уходят в океан: Роман.,"ЛЕБЕДЕНКО, Петр Васильевич.",,,
11623,Льняная луна: Лирика.,"ВАСИЛЬЕВА, Лариса Николаевна.",,,
11624,Льняной океан.,"ВИТЯЗЕВ, Дмитрий Иванович.",,,
11625,Лэди Файр: Роман.,"ЛОКК, Уильям Джон.",,,
11626,Лэди Фредерик: Комедия в 3-х д.,"МОГЕМ, Сомерсет (МОЭМ, Вильям Со- мерсет) .",,,
11627,Лю Ху-лань: Повесть.,ЛЯН СИН.,,,
11628,Люба Ганина: Пьеса в 4-х д.,"КУЛЫГИН, Михаил Николаевич.",,,
11629,Люба Кострова.,"ТИТОВ, Алексей Иванович.",,,
11630,Люба Крупицына: Комедия в 4-х д.,"СИКЕВИЧ, Владимир Мелентьевич.",,,
11631,Люба Лукьянская.,"ЧОРНЫЙ, Кузьма. ",,Левон Бушмар... ■,
11632,Любава: Повести и рассказы.,"МЕ-ЛЕШИН, Станислав.",,,
11633,Любава: Поэма.,"РУЧЬЕВ, Борис.",,,
11634,Любава: [Рассказы].,"ГРЕБЕНЩИКОВ, Георгий Дмитриевич.",,,
11635,Любавины: Роман.,"ШУКШИН, Василий Макарович.",,,
11636,Любань: Роман.,"ЧЕТВЕРИКОВ, Дм. (ЧЕТВЕРИКОВ, Борис Дмитриевич).",,,
11637,Любаша: Драма в 3-х д.,"МАТУШКИН, Василий Семенович.",,,
11638,Любаша: Повесть.,"КОЗЛОВСКИЙ, Михаил Исидорович.",,,
11639,Любаша: [Повесть].,"МАТУШКИН, Василий Семенович.",,,
11640,Любаша: Рассказ.,"МИЛИЦЫНА, Елизавета Митрофановна.",,,
11641,Любви все возрасты покорны: Шутка в 1-м д.,"БОГЕМСКИЙ, Дмитрий Анисимович.",,,
11642,Любви граница: Драма в 5-ти д.,"ГАЛЬМ, Фридрих.",,,
11643,Любви и гнева не тая: Стихи.,"СЕЛЕЗНЕВ, Михаил Сергеевич.",,,
11644,Любви моей планета: Книга стихов и поэм.,"ГРАШИ, Ашот.",,,
11645,Любви приметы: Новые стихи.,"ГАТОВ, Александр Борисович.",,,
11646,Любви сильнее не бывает...: Романтическая хроника в 3-х д.,"СЕРГЕЕВ, Владимир Андреевич.",,,
11647,Любезная горбунья или Жюльетта Бельфур.,Имя авт. не установлено. ,,,
11648,Любезный молодой человек: Роман. Ч. 1-4.,"КОК, Поль де. ",Прекрасный молодой человек.,,
11649,Любим: Драма в 3-х д.,"ГАНИН, Егор Федорович.",,,
11650,Любим и Шарлота или Пагубные следствия минутного заблуждения.,"РДЛН, Д. (РАДИЛИН, Д.).",,,
11651,Любимая: Повесть.,"УМАРБЕКОВ, Ульмас Рахимбекович.",,,
11652—11653,Любимая: Рассказы.,"ПЕТУХОВ, Юрий Константинович.",,,
11654,Любимая: Сборник стихов.,"КАТКОВ, Николай Иванович.",,,
11655,Любимая Арктика.,"КАНАКИ, Василий Гаврилович.",,,
11656,Любимая и потерянная.,"КАЛЛАГАН, Морли (КЭЛЛЕХЕН, Морли Эдуард).",,,
11657,Любимая книга: Рассказ.,"СВЕШНИКОВА, Елизавета Петровна.",,,
11658,Любимая лошадь Кайзера: (Ли-бусса).,"ШТЕРНГЕЙМ, Карл.",,,
11659,Любимая наша земля: Повесть.,"ГОНЧАРОВ, Юрий Данилович.",,,
11660,Любимая Нормунда: Пьеса-дневник в 3-х д.,"ПРИЕДЕ, Гунар Рейнгольдович.",,,
11661,Любимая песня.,"ГРЕШИЩЕВ, Николай Михайлович.",,,
11662,Любимая собачка барыни: Комедийный фарс в 3-х д.,"КОНСТАНТИНОВ, М. ",,,
11663,Любимая улица: Повесть.,"ВИГДО-РОВА, Фрида Абрамовна.",,,
11664,Любимец века: Гагарин. Повесть-воспоминание.,"ОБУХОВА, Лидия Алексеевна.",,,
11665,"Любимец духов, истинное происшествие во время португальской революции, заимствованное из записок Железной Маски: Ч. 1-6.",Имя авт. не установлено.,,,
11666,Любимец и Лиота: Повести.,"БЛЮ-МЕНГАГЕН, Вильгельм.",,,
11667,Любимец Кесаря: Исторический роман эпохи первых времен христианства.,"ШАХОВСКАЯ, Людмила Дмитриевна.",,,
11668,Любимец молодежи: Сценка в 1-м д.,"САКСАГАНСКАЯ, Анна Абрамовна.",,,
11669,Любимец населения: Смешные рассказы.,"МИЛЛЬ-ПОЛЯРНЫЙ, Казимир Ромуальдович.",,,
11670,Любимец публики.,"ВЕДЕКИНД, Франк. ",Артист; Знаменитость; Придворный солист.,,
11671,Любимица: Пьеса в 3-х д.,"ДЕ-КАВ, Люсьен.",,,
11672,Любимица публики: Пьеса. В 4-х д.,"ПЛЕЩЕЕВ, Александр Алексеевич.",,,
11673,Любимое: [Рассказы].,"ЛАЗАРЕВСКИЙ, Борис Александрович.",,,
11674,Любимое: Стихи.,"ФАТНЕВ, Юрий Сергеевич.",,,
11675,Любимцы: Хроника одного исторического семейства.,"МИХНЕВИЧ, Владимир Осипович.",,,
11676,Любимцы каторги:  [Рассказы].,"МЕЛЬШИН, Л. (ЯКУБОВИЧ, Петр Филиппович) .",,,
11677,Любимцы Мидаса: Рассказ; Тень и блеск; Ущелье сплошного золота.,"ЛОНДОН, Джек.",,,
11678,Любимцы народа: Рассказы.,"ВАГНЕР, П. П.",,,
11679,Любимчик: История одного попугая. Рассказ.,"ДОГАНОВИЧ, Анна Никитична.",,,
11680,Любимчик дам: Фарс в 3-х д.,Имя авт. не установлено.,,,
11681,Любимые ветры: Стихи.,"ДЖАВА-ХАДЗЕ, Вахтанг Романозович.",,,
11682,Любимые люди: [Стихи].,"ЛУКОНИН, Михаил Кузьмич.",,,
11683,Любимые люди: Стихи.,"ХРАМОВ, Евгений Львович.",,,
11684,Любимые перелески.,"УРАСТЫРОВ, Кюннюк.",,,
11685,Любимые песни. Г... Г...,П...,,,
11686,Любимые сказки.,"ЛАБУЛЭ, Эдуард Рене Лефевр де.",,,
11687,Любимые товарищи: Рассказы.,"КОЖЕВНИКОВ, Вадим Михайлович.",,,
11688,Любимый бродяга: Роман.,"ЛОКК, Уильям Джон. ",Милый бродяга.,,
11689,Любимый город: Повесть.,"КРАВЧЕНКО, Федор Тихонович.",,,
11690,Любимый город: Стихи и песни.,"ДОЛМАТОВСКИЙ, Евгений Аронович.",,,
11691,Любимый край: Рассказы.,"ПРИШВИН, Михаил Михайлович.",,,
11692,Любимый край: Стихи.,"АСТАФЬЕВ, Ефим Васильевич.",,,
11693,Любимый образ: Комедия в 3-х актах.,"МАТВЕЕВ, Герман Иванович.",,,
11694,Любимый образ: Пьеса в 4-х д.,"ЧИРКОВ, Александр Григорьевич.",,,
11695,Любимый Север.,"ИСТОМИН, Иван ",,,
11696,Любимый цвет: Избранная лирика.,"ХАЛИЛ, Зейнал.",,,
11697,Любимый цвет: Стихи.,"СКРЕБОВ, Николай Михайлович.",,,
11698,Любимый цвет — красный: Повесть о Викторе Ногине.,"ЧЕРНОВ, Юрий Михайлович.",,,
11699,Любинька: Роман в 4-х ч. Ч. 1-4.,"ТОЛБИН, Василий Васильевич.",,,
11700,"Любит ли она тебя?: Очерки, путевые дневники, публицистические заметки.","ЧИВИЛИХИН, Владимир Алексеевич.",,,
11701,"Любит, не любит: [Новые стихи].","РЫМАШЕВСКИЙ, Вячеслав Вацлавович.",,,
11702,Любит — не любит...: Повести.,"ГУ-МЕРОВ, Машкар Бахридинович.",,,
11703,Любит — не любит: Стихи.,"СЕ-РЕБРОВСКАЯ, Елена Павловна. ",,В пути...                     .,
11704,Любит — не любит: Стихи.,"ТОПОРОВ, Владимир Валентинович.",,,
11705,"Любите ближнего, как самого себя: Рассказ.","НИРИЦ (НИРИТЦ, Густав).",,,
11706,Любите животных: Рассказы.,"ТУРКИН, Евгений Васильевич.",,,
11707,Любите жизнь: Пьеса в 4-х д.,"ФЕДОРОВ, Александр Митрофанович.",,,
11708,Любите звезды: Стихи и поэма.,"ВАСИЛЬЧЕНКО, Григорий.",,,
11709,Любите так...: Комедия в 3-х д.,"А. Ш. (ШАМОНИН, А. П.), В. К. (КАНДАУРОВ, Василий Алексеевич).",,,
11710,Любители: Два друга или Комета помогла. Комедия в 3-х д.,"ГАЙ-САГАЙ-ДАЧНАЯ, Екатерина, КОНАШЕВИЧ, А.",,,
11711,Любитель дисциплины.,"ДЖЕКОБС, Вильям Вимарк. ",,Обезьянья лапа...,
11712,Любитель музыки: Пьеса в 1-м д.,"КРОНЬЕ, Гастон.",,,
11713,Любитель музыки: Шутка в 1-м д.,"АРС, Н. А.",,,
11714,Любитель наслажденья; Свидание с Ольгой; Сознательный больной; Брожу; Труд или судьба.,"ЭНТУС, Д. Л.",,,
11715,Любитель цветов: Рассказ. (Из жизни в Америке).,"ВИЛЬКИНС, Мэри (УИЛКИНС, Мэри).",,,
11716,Любительский спектакль: Из дневника странствующего беллетриста.,"ЯКОБИ, Петр Николаевич.",,,
11717,Любить и верить: Роман.,"ВАРЛАМОВА, Инна.",,,
11718,Любить и не любить: Повесть для кино и для чтения.,"БЕРЕЗКО, Георгий Сергеевич.",,,
11719,Любить человека: Киносценарий.,"ГЕРАСИМОВ, Сергей Аполлинарьевич.",,,
11720,Любишь кататься — люби и саночки возить! или К чему служит опытность!: Комедия-водевиль в 2-х д. с куплетами.,"ДЮ-МАНУАР, Филипп Франсуа Пинель, ЛА- ФАРГ, Эдуард.",,,
11721,Любишь — прощаешь: Комедия в 3-х д.,"ИВАНОВ, Лев Львович.",,,
11722,Любка.,"ЩЕЛКАНОВА, Мария Федоровна.",,,
11723,Любка Козак: Рассказы.,"БАБЕЛЬ, Исаак Эммануилович.",,,
11724,Любка — Любовь: Когда не заходит солнце. Пьеса в 3-х д. с прологом.,"ДАНОВСКАЯ, Зоря Николаевна.",,,
11725,Люблю: Избранная лирика.,"МАЯКОВСКИЙ, Владимир Владимирович.",,,
11726,Люблю: Стихи.,"ЛАЗАРЕВ, Владимир Яковлевич.",,,
11727,Люблю: Стихи.,"МИХАНОВСКИЙ, Владимир Наумович.",,,
11728,Люблю: Стихи.,"РОМАНЕНКО, Лариса Николаевна.",,,
11729,«Люблю грозу в начале мая...»: Пародии.,"РАСКИН, Александр Борисович.",,,
11730,Люблю и верю.,"РЫВЛИН, Аркадий Исаакович.",,,
11731,Люблю и ненавижу.,"ГАРНАКЕРЬ-ЯН, Ашот Георгиевич.",,,
11732,"Люблю, когда нелегко...: Стихи.","СУ-ХОРУЧЕНКО, Геннадий Анатольевич.",,,
11733,"Люблю, люблю...: Водевиль в 3-х д.","МАСС, Владимир Захарович, ЧЕРВИНСКИЙ, Михаил Абрамович.",,,
11734,Люблю! Ненавижу!: Рассказы.,"БЕРШАДСКИЙ, Рудольф Юльевич.",,,
11735,Люблю писать в дороге...,"ДО-РИЗО, Николай Константинович.",,,
11736,Люблю тебя.,"САМСОНОВ, Семен Александрович.",,,
11737,"Люблю тебя, Анна: Стихи.","БАУКОВ, Иван Петрович.",,,
11738,"Люблю тебя, жизнь?: Стихи.","ТО-РОСЯН, Шмавон Аракелович.",,,
11739,"Люблю тебя, Карелия: Сборник стихотворений.","ИВАНОВ, Александр Александрович.",,,
11740,"Люблю тебя, Родина!: Документальная повесть.","ИВАНОВА, Маргарита Андреевна.",,,
11741,Люблю тебя светло.,"ЛИХОНОСОВ, Виктор Иванович.",,,
11742,"Люблю тебя, степь.","НЕБОТОВ, Иван Васильевич.",,,
11743,Люблю я жизнь: Стихи.,"БАЙРА-МУКОВА, Халимат Башчиевна.",,,
11744,Люблю я свою Родину.,"ОРЛОВ, Федот Никитич.",,,
11745,Любовная записка.,"АЛЕКСИН, Анатолий.",,,
11746,Любовная какофония: Рассказы и фельетоны.,"КАРБОВСКАЯ, Варвара Андреевна.",,,
11747,Любовная катастрофа или Наши дачники-неудачники: Сцены из дачной жизни в 1-м д.,"ОБОЛЕНСКИЙ, П. К. (ЖЕ-ДИЛЕВ, П. К.)",,,
11748,Любовная месть или Нашла коса на камень: Очерк.,"С**ТОВ, С.",,,
11749,Любовная ссора: Комедия в 2-х д. в 2-х стихах. Подражание Мольеру.,"БУХАРСКИЙ, Андрей Иванович.",,,
11750,Любовная хитрость: Музыкальная сценка в 1-м д.,Имя авт. не установлено.,,,
11751,Любовная шутка: Оригинальная комедия в 1-м д.,"КУГУШЕВ, Николай Ми- ",,,
11752,Любовная эпидемия: Миниатюра в 1-м д.,"КОРСАК-ТУТОРСКАЯ, Варвара Алексеевна.",,,
11753,Любовник в сундуке: (Юмористический рассказ).,"АНДРЕЕВ, А.",,,
11754,Любовник по телефону: Маскарадный костюм. Комедия-шутка в 4-х д.,"БЕР, Жорж, ГАВО, Поль.",,,
11755,"Любовники, сосланные в Сибирь в заточение или Приключения девицы Г... и графа Н... в царствование государя императора Петра Великого: Исторический роман. Ч. 1-2.",Имя авт. не установлено.,,,
11756,Любовники-убийцы.,"БЭЛО, Адольф (БЕЛО, Адольф).",,,
11757,Любовница дьявола.,"БРЕГАТ, Альфред (БРЕА, Альфред де).",,,
11758,Любовница короля: Роман.,"КА-ПАНДЮ, Эрнест.",,,
11759,Любовница короля Наваррского: Исторический роман.,"ПОНСОН ДЮ ТЕР-РАЙЛЬ, Пьер Алексис де.",,,
11760,Любовное любопытство: Веселые рассказы.,"О'МОНРУА, Ришар.",,,
11761,Любовное письмо: Рассказ.,"ФРИЦ-ХЕН (БЛАГОВ, Федор Федорович). ",,Муки творчества...,
11762,Любовное письмо; Свидетельства; Маленькая железная фея; Из дневника кандидата в депутаты; Булавка: [Рассказы].,"БЕРНАР, Тристан.",,,
11763,Любовное приключение.,"ДЮМА, Александр (отец).",,,
11764,Любовное свидание сына с матерью в Сокольниках: (Рассказ).,Имя авт. не установлено.,,,
11765,Любовное трио: Вечная история в 1-м д.,"ЖДАРСКИЙ, И. (ДАНСКИЙ, Иван Иванович).",,,
11766,Любовное трио: Эпизод в 1-м д.,"ИВАНЬШИН, Николай Евгеньевич.",,,
11767,Любовные вопросы решаются при лунном свете или Муфта Франсини: Рассказ.,"МЮРЖЕ, Г. (МЮРЖЕ, Анри).",,,
11768,"Любовные дела Понсо: Рассказы, 1914—1917.","ДЮАМЕЛЬ, Жорж.",,,
11769,"Любовные делишки цветочницы и студента: Повесть. В кн.: Любовные похождения Олимпии, Сильвии и Леонтины, падших, но милых созданий...",Имя авт. не установлено.,,,
11770,Любовные записки мужа: Водевиль в 1-м д.,"ГРИГОРЬЕВ, Петр Иванович.",,,
11771,Любовные звенья: Шесть диалогов.,"ГОЙА, Ганс.",,,
11772,Любовные метаморфозы: Рассказ из давно минувшего.,"АНДРЕЕВ, В. К. ",,Свадьба с ядом...,
11773,Любовные победы Нарцисса Мистраля: Роман. Сцены из парижской жизни в 2-х ч.,"МОНТЕПЕН, Ксавье де.",,,
11774,Любовные похождения испанского дворянина Дон-Жуана.,"МЕРИМЕ, Проспер. ",Похождения испанского дворянина Дон-Жуана.,,
11775,Любовные похождения кавалера Фоблаза.,"ЛУВЕ ДЕ КУВРЕ, Жан Батист.",,,
11776,Любовные похождения М-me Вер- бицкой.,"ГРАФ АМОРИ (РАПГОФ, Ипполит Павлович).",,,
11777,Любовные похождения невесты и охотника: Роман.,"КОК, Поль де. ",Женитьба Кадэ Фульопо.,,
11778,"Любовные похождения Олимпии, Сильвии и Леонтины, падших, но милых созданий: Рассказ; Любовные делишки цветочницы и студента: Повесть. Сцены из жизни парижанок.",Имя авт. не установлено.,,,
11779,Любовные проказы или Ночь после бала: Комедия-водевиль в 1-м д.,"ГРИГОРЬЕВ, Петр Иванович.",,,
11780,Любовные романы.,"СУАД, Дервиш.",,,
11781,Любовные свидания Берицкого.,"ТЯЖЕЛОИСПЫТАННЫЙ, Андрей (ПРОХОРОВИЧ, Андрей Васильевич).",,,
11782,Любовные хитрости.,Имя авт. не установлено.,,,
11783,Любовный бред: Стихи.,"БУКИН, Константин.",,,
11784,Любовный кавардак: Покорные рабы любви. Комедия в 3-х д.,"ГАВО, Поль.",,,
11785,Любовный корешок: Фарс в 4-х д.,Имя авт. не установлено.,,,
11786,Любовный маскарад: Шутка в 3-х д.,"НИКОЛЬСКИЙ, Николай Миронович.",,,
11787,Любовный напиток: Водевиль в 1-м д. с куплетами.,"БАЖЕНОВ, Александр Николаевич.",,,
11788,Любовный напиток:     Рассказ.,"БАРТШ, Рудольф Ганс.",,,
11789,Любовный напиток:   [Рассказ].,"ДЖЕРОМ, Джером Клапка. ",О приготовлении и употреблении любовного зелья.,,
11790,Любовный трюк: Шутка в 1-м д.,"ПЕЧОРИН, Л. (ЦАНДЕР, Лев Львович).",,,
11791,Любовь: Веселая трагикомедия в 3-х д.,"АППЕЛЬ, Пауль (АПЕЛЬ, Пауль).",,,
11792,Любовь: Веселые рассказы.,"МОПАССАН, Гюи де (МОПАССАН, Ги де).",,,
11793,Любовь: Драма в 4-х д.,"ЛОГИНОВ, Дмитрий Григорьевич.",,,
11794,Любовь: Лирическое сочинение.,"НЕВЗОРОВ, Максим Иванович.",,,
11795,Любовь: (Обыкновенная скучная история).,"ЛИСЕНКОВ, Гр.",,,
11796,Любовь: [Очерк].,"ТАН (БОГОРАЗ, Владимир Германович).",,,
11797,"Любовь: Повести, рассказы, очерки.","ЧИКОВАНИ, Григол.",,,
11798,Любовь: Повесть.,"КАХХАР, Абдулла. ",,Сказки о былом...,
11799,Любовь: Поэма.,"КЕКИЛОВ, Аман.",,,
11800,Любовь: Психологический этюд в письмах.,АДОЛЬФИН.,,,
11801,Любовь: Пьеса в 1-м д.,"ВЕРА-СИП, С. В. (ПИСАРЕВ, Семен Васильевич).",,,
11802,Любовь: Пьеса в 5-ти д.,"ЗОРИЧ, Бела Борисовна.",,,
11803,Любовь: Пьеса в 4-х д.,ПОТАПЕНКО* ,,,
11804,Любовь: Рассказ.,"КОНДО, П.",,,
11805,Любовь: Рассказ.,"ОЛИГЕР, Николай Фридрихович.",,,
11806,Любовь: Рассказы.,"КИРЕЕВ, Михаил Михайлович.",,,
11807,Любовь: Рассказы.,"ОЛЕША, Юрий Карлович.",,,
11808,Любовь: Рассказы.,"РАУНАУ, Роза.",,,
11809,Любовь: Рассказы.,"ШТИТЕЛЬМАН, Михаил Ефимович.",,,
11810,Любовь: Роман.,"ДУБРОВИНА, Екатерина Оскаровна.",,,
11811,Любовь: Роман.,"ПЕРМИТИН, Ефим Николаевич.",,,
11812,Любовь: Роман.,"ПОТАПЕНКО, Игнатий Николаевич.",,,
11813,Любовь: Роман.,"ШАПИР, Ольга Андреевна.",,,
11814,Любовь: Роман; Без любви: Повесть; Ракитинская история.,"НАЗАРЬЕВА, Капитолина Валериановна.",,,
11815,Любовь: Роман. (Трилогия); Рассказы.,БА ЦЗИНЬ.,,,
11816,Любовь: Роман в 3-х ч. с эпи- логом.,"СЕВЕРИН (МЕРДЕР, Надежда Ивановна).                           ",,,
11817,Любовь: Стихи.,"РОЖДЕСТВЕНСКИЙ, Игнатий Дмитриевич.",,,
11818,Любовь: Стихи.,"СЕИДЗАДЕ, Мех-ти Гасан оглы.",,,
11819,Любовь: Стихи.,"ШЕВЧЕНКО, Михаил Петрович.",,,
11820,Любовь: Стихотворение.,"АРИЩЕН- КО, Григорий.                     ",,,
11821,Любовь: Фантазия.,"МАЛЬЦОВ, В.",,,
11822,Любовь: Шутка-фарс.,"МИРБО, Октав.",,,
11823,Любовь абиссинки: (Терунешь). Повести и рассказы.,"КРАСНОВ, Петр Николаевич. ",,,
11824,Любовь Ани Березко: Драма в 4-х д.,"ПИСТОЛЕНКО, Владимир Иванович.",,,
11825,Любовь артистки: Рассказ.,"КАСАТКИН, А. К.",,,
11826,Любовь атамана Прокла Медвежьей лапы или Волжские разбойники: Исторический роман.,Имя авт. не установлено.,,,
11827,Любовь Бабиста: Роман из персидской жизни.,"СЕН-КЕНТЕН, А. де.",,,
11828,Любовь бедняка: (Истинное происшествие).,"ЕВСТИГНЕЕВ, Михаил Е.",,,
11829,Любовь без взаимности: Фельетоны.,"БОРИН, Юрий Борисович.",,,
11830,Любовь без любви: Роман.,"ИВНЕВ, Рюрик.",,,
11831,Любовь без оглядки.,"СЕДОВ, Игорь Павлович.",,,
11832,Любовь без прощения: Героическая комедия в 3-х д.,"СОЛОДАРЬ, Цезарь Са-мойлович.",,,
11833,Любовь Берты: Страничка из дневника.,Ц. Ю. А.,,,
11834,Любовь брата к сестре.,"КОНДРАТЬЕВ, Иван Кузьмич.",,,
11835,Любовь бывает разная: Стихи.,"СМИРНОВ, Иван Алексеевич.",,,
11836,Любовь в богадельне: Рассказ.,"ШАНФЛЕРИ, Жюль Франсуа.",,,
11837,Любовь в Париже: Воспоминания начальника сыскной полиции.,"ГОРОН, Мари Франсуа.",,,
11838,Любовь в письмах.,"ПРЕВО, Марсель.",,,
11839,Любовь в пустыне: [Рассказы].,"БАЛЬЗАК, Оноре де.",,,
11840,Любовь в пустыне: Роман.,"БЕРТЭ, Эли.",,,
11841,Любовь в равелине.,"ЩЕГЛОВ, Павел Елисеевич.",,,
11842,Любовь в разных этажах: Моментальные снимки в 7-ми карт.,"БЕРНОВ, Михаил Александрович.",,,
11843,Любовь в середине лета: Повесть в монологах.,"ШУГАЕВ, Вячеслав Максимович.",,,
11844,Любовь в тумане будущего: (История одного романа в 4560 г.).,"МАРСОВ, Андрей.",,,
11845,Любовь в тюрьме: [Поэма].,Имя авт. не установлено.,,,
11846,Любовь в тюрьме или Маленькая Доррит: Роман.,"ДИККЕНС, Чарлз.",,,
11847,Любовь в упряжке: Комедия в 4-х д.,"СТАЛЬСКИЙ, Илларион.",,,
11848,Любовь в швейцарской: (Чаевые люди). Картинка с натуры в 1-м д.,"КОНСТАНТИНОВ, М. ",,,
11849,Любовь ва-банк: Комедия в 4-х д.,"АРТЮС, Людвиг.",,,
11850,Любовь великая: (Лукерьюшка). Рассказ.,"РАЗИНА, Елизавета Алексеевна.",,,
11851,Любовь великая: Повести и рассказы.,"СОБОЛЕВСКИЙ, Александр Александрович.",,,
11852,Любовь великая: Сборник рассказов и сказок.,"АЛТАЕВ, Ал., ФЕЛИЧЕ, Арт. (ЯМЩИКОВА, Людмила Андреевна).",,,
11853,Любовь великая; Счастье: [Рассказы] .,КОТ-МУРЛЫКА. ,,,
11854,Любовь — величина земная: Лирика.,"РЯДЧЕНКО, Иван Иванович.",,,
11855,Любовь весенняя: (Джой). Легкая комедия.,"ГОЛСВОРСИ, Джон (ГОЛСУОР-СИ, Джон).",,,
11856,Любовь во время регентства: Ч. 1-2.,"ГУССЕ, Арсен (ГУССЭ, Арсен).",,,
11857,Любовь возвращается: Роман в 2-х ч.,"РУСОВ, Николай Николаевич.",,,
11858,Любовь возвышает: Стихи и поэма.,"ГИЛЯЖЕВ, Хаким Габдрахманович.",,,
11859,Любовь возвышающая.,"БЕЛИАШ-ВИЛИ, Акакий Ионович.",,,
11860,Любовь —все.,"КУЗНЕЦОВ, А. В.",,,
11861,Любовь все видит: Роман в 3-х ч.,"ФАРИНА, Сальваторе.",,,
11862,"Любовь все прощает: Драма в 3-х д.; Красный нос, шутка в одном д.; Доктор, шутка в одном д. Д.","Ф-ОВ (ФЕДОРОВ, Дмитрий А.).",,,
11863,Любовь втроем: (Его заместитель). Комедия в 3-х д.,"ГИТРИ, Саша (ГИТРИ, Александр).",,,
11864,Любовь герцога Фрэнзака: Исторический роман.,"СЕН-ФЕЛИКС, Жюль де.",,,
11865,Любовь глупца: Роман.,ТАНИД-ЗАКИ ДЗЮНИТИРО.,,,
11866,Любовь дедушки Бакара: Рассказы.,"КАВЖАРАДЗЕ, Иродион Евстафевич.",,,
11867,Любовь декоратора; Газетный лист.,СКИТАЛЕЦ.,,,
11868,"Любовь, директор и квартира: Комедия в 3-х д., с прологом.","СОЛОДАРЬ, Цезарь Самойлович.",,,
11869,Любовь для всех.,"ПРЕВО, Марсель.",,,
11870,Любовь до востребования: Воде- виль в 1-м д.,"АРДОВ, Виктор.",,,
11871,Любовь до конца: Историческая повесть из жизни первых христиан.,"ПЛАТОНОВА, Александра Федоровна.",,,
11872,Любовь до эшафота: Исторический роман времен Ракоци.,"ЙОКАЙ, Мор.",,,
11873,Любовь доктора: Комедия с балетами в 3-х д.,"МОЛИЕР (МОЛЬЕР, Жан Батист). ",Замужество — лучший доктор; Любовь — целительница.,,
11874,Любовь доктора Стокса: Повесть.,"АРХИПОВ, Николай.",,,
11875,"Любовь, долг и преступление: Драма в 4-х д.",Имя авт. не установлено.,,,
11876,Любовь донны Бальбины: Кастильский рассказ.,"КОРТИС, Андре.",,,
11877,Любовь дочери: Комедия в 3-х актах.,"ЛОПЕЦ, Сабатино.",,,
11878,Любовь дочери: [Рассказ].,"ПОПОВА, А. Г. (ПОПОВА-ВОЛХОВСКАЯ, Анна Густавовна).",,,
11879,Любовь еврейки или Мшение еврея: Рассказ.,"ЕВСТИГНЕЕВ, Миша (ЕВСТИГНЕЕВ, Михаил Е.).",,,
11880,Любовь еврейки Лии: Исторический роман из времен народного польского джонда в 1863 году.,"САМАРОВ, Грегор.",,,
11881,Любовь Жанны Ней.,"ЭРЕНБУРГ, Илья Григорьевич.",,,
11882,Любовь женщины.,"СЕРАО, Матильда.",,,
11883,Любовь за любовь:      Драма.,"ШПИЛЬГАГЕН, Фридрих.",,,
11884,Любовь за любовь: Комедия в 5-ти д.,"КОНГРИВ, Уильям.",,,
11885,Любовь за любовь: Рассказ из военного быта.,"П. С. (СМИРНОВ, Петр И.).",,,
11886,Любовь за могилой: Драма в 4-х д. И.,"И. П. (ПОГУЛЯЕВ, И. И.).",,,
11887,Любовь за семью горами: Кавказская повесть.,"ЭФЕНДИЕВ, Ильяс Магомед оглы.",,,
11888,Любовь заветная: Стихи.,"ЛЮГА-РИН, Михаил.",,,
11889,Любовь земная и небесная: Комедия в 4-х д. с прологом.,"БАЛАШ, Бела Семенович.",,,
11890,Любовь зовет: Роман.,"СУББОТИН, Федор Евстафьевич.",,,
11891,Любовь зовет: Стихи.,"ГОРЕЦКИЙ, Петр Игнатьевич.",,,
11892,Любовь и благодарность.,"ЛА ФОН-ТЕНЬ, Август (ЛАФОНТЕН, Август Генрих Юлий).",,,
11893,Любовь и борьба: Стихи.,"ХМЕЛЬНОЙ, Андрей.                          ",,,
11894,Любовь и будни: Пьеса в 3-х актах из современной жизни.,"КОВАЛЕВ, Константин Алексеевич.",,,
11895,Любовь и вера или Победа над страстями: Ч. 1-2.,"ЛИТВИНОВ, Василий.",,,
11896,Любовь и вера рыбачки: (Для народа). Из жизни рыбаков.,"ЛАС, Надежда (ВАКУЛОВСКАЯ, Надежда Николаевна).",,,
11897,Любовь и верность или Русские герои при взятии черкесского замка: Роман. В 2-х ч.,Имя авт. не установлено.,,,
11898,Любовь и верность или Страшная минута: Роман.,"ВАСИЛЬЕВ, В.",,,
11899,Любовь и верность турчанки: Роман в 3-х ч.,Имя авт. не установлено.,,,
11900,Любовь и война: (Русский доброволец сербской армии). Роман.,"ЯКОБСОН, Николай.",,,
11901,Любовь и война или Грудью за родину: Историческая повесть из времен XV столетия.,"ПАЗУХИН, Николай Михайлович.",,,
11902,Любовь и время: Стихи.,"ЖУРАВЛЕВ, Василий Андреевич.",,,
11903,Любовь и гвозди: Рассказы.,"АФ-РЕМОВИЧ, Михаил Семенович.",,,
11904,Любовь к географии: (Укрощение ученого). Комедия в 3-х д.,"БЬЕРНСТЬЕРНЕ-БЬЕРНСОН (БЬЕРНСОН, Бьернстерне).",,,
11905,Любовь и гнев: Повесть о Тарасе Шевченко.,"КРАВЧЕНКО, Федор Тихонович.",,,
11906—11907,Любовь и гнев: [Стихи].,"КУ-ЛИБАЙ, Салях.",,,
11908,Любовь и голод: Рассказы.,"ОРКАН, Владислав.",,,
11909,Любовь и горчица: Литературные пародии.,"ИВАНОВ, Александр Александрович.",,,
11910,Любовь и добродетель: Оригинальная драма в 3-х д.,"ФЕДОРОВ, Василий Михайлович.",,,
11911,Любовь и долг: [Книга стихов].,"КРАСНОВ, Анатолий Михайлович.",,,
11912,Любовь и долг: Поэмы.,МИРША-КАР,,,
11913,Любовь и долг: Рассказ.,"КУКЕЛЬ (ЛУНИН, В. А.).",,,
11914,Любовь и долг: Роман.,"ДАМАН-ХУРИ, Хамид.",,,
11915,Любовь и доллары.,"БАРАТАШВИЛИ, Вахтанг Виссарионович.",,,
11916,«Любовь» и другие рассказы.,"ГЕЙ-ЕРСТАМ, Густав ",,,
11917,«Любовь» и другие рассказы.,"КА- ПУАНА, Луиджи.",,,
11918,«Любовь» и другие рассказы.,"СЕРАФИМОВИЧ, Александр.",,,
11919,"Любовь и дружба: Комедия в 1-м д., в стихах.","СОБОЛЕВ, Александр.",,,
11920,Любовь и дружба: Новелла.,"ПЕРЕ-ЛЫГИН, Николай Иванович.",,,
11921,Любовь и жизнь: [Рассказы].,"ДЖЕРОМ, Джером Клапка.",,,
11922,Любовь и жизнь: Собрание стихотворений и песен.,"БЕЗСОНОВ, В. Н. (БЕССОНОВ, В. Н.).",,,
11923,Любовь и забава: Бытовые картины в 4-х актах.,"ГОРДИН, Яков Михайлович.",,,
11924,Любовь и истина: (Духовные мотивы). Выбрано из стихотворений.,"КРУГЛОВ, Александр Васильевич.",,,
11925,Любовь и картошка: Водевиль в 1-м д.,"ЗЮКОВ, Борис Борисович, ТРОФИМОВА, Стелла Александровна.",,,
11926,Любовь и каторга: Роман. В 3-х ч.,"БЕЛО, Адольф.",,,
11927,Любовь и кибернетика: Повесть.,"ГЕОРГИЕВСКАЯ, Сусанна Михайловна.",,,
11928,Любовь и кибернетика: Сатира. Юмор.,"ШАДУР, Павел Яковлевич.",,,
11929,Любовь и киоск в придачу: Романтическая комедия в 3-х д.,"НЕЗВАЛ, Витезслав.",,,
11930,Любовь и коварство.,"ПОДОЛЬСКИЙ, Виктор Аврамович.",,,
11931,Любовь и коммуна: Повести и рассказы.,"ЮРИН, Сергей Васильевич.",,,
11932,Любовь и корона: Историческая драма в 5-ти д.,"ЛАУБЭ, Гейнрих (ЛАУБЕ, Генрих).",,,
11933,Любовь и корона: Исторический роман из времен императрицы Анны Ивановны и регентства принцессы Анны Леопольдовны.,"КАРНОВИЧ, Евгений Петрович.",,,
11934,Любовь и кошка: Оригинальная шутка-водевиль в 1-м д.,"ОНИКС, Н. И. (ОЛЬХОВСКИЙ, Николай Иванович).",,,
11935,Любовь и ложь: Драма в 4-х д.,"ПРОШИНСКАЯ, Надежда Федоровна.",,,
11936,Любовь и любовь: 3-я книга стихов.,"НАРВУТ, Владимир Иванович.",,,
11937,Любовь и мечты.,"ЯННАКОПУЛУ, Фотула.",,,
11938,Любовь и мистер Льюишэм.,"УЭЛЛС, Герберт Джордж.",,,
11939,Любовь и молодость.,"НАНСЕН, Петер.",,,
11940,Любовь и море: Рассказ.,"ПЕУНОВ, Вадим Константинович.",,,
11941,Любовь и море: [Стихи].,"КОЧЕТОВ, Валентин Семенович.",,,
11942,Любовь и мщение: Повесть.,В. К.,,,
11943,Любовь и наслаждение: Любовная история.,"РЕНЬЕ, Анри де.",,,
11944,Любовь и небо: Рассказы.,"РА-ХИЛЛО, Иван Спиридонович.",,,
11945,Любовь и ненависть: Драма в 3-х д.,"ГРИНИН, Ефим Иосифович.",,,
11946,Любовь и ненависть: Испанские народные песни.,"БАЛЬМОНТ, Константин Дмитриевич.",,,
11947,Любовь и ненависть: Рассказы.,"ДОВИДАЙТИС, Ионас Пранович.",,,
11948,Любовь и ненависть: Роман.,"ГРИВА, Жан.",,,
11949,Любовь и ненависть: Роман.,"ЛЕ-СЮЭР, Даниель (ЛЕСЮЕР, Даниэль).",,,
11950,Любовь и ненависть: Роман.,"ПЕУНОВ, Вадим Константинович.",,,
11951,Любовь и ненависть: Роман.,"ШЕВЦОВ, Иван Михайлович.",,,
11952,Любовь и ненависть: Стихи.,"КУ-ДАШ, Сайфи.",,,
11953,Любовь и ненависть: Стихи.,"МАРЬИНСКИЙ, Валентин.",,,
11954,Любовь и ненависть античного мира: Роман.,"АББЕ, Поль д'.",,,
11955,Любовь и ненависть или Женское самоотречение: Исторический роман ремен нашествия Наполеона на Россию в 1812 г. В 2-х ч.,Имя авт. не установлено.,,,
11956,Любовь и отчизна: (Царский шпион). Пьеса в 6-ти д. из эпохи царствования Петра Великого.,"ЧАРГОНИН, А. А. (ГОНЧАРЕНКО, Александр Александрович).",,,
11957,Любовь и песня: Стихи.,"РЕГИСТАН, Гарольд.",,,
11958,Любовь и подвиг: Стихи и поэмы.,"ШВЕЦ, Илья Андреевич.",,,
11959,Любовь и подвиг беззавистно...: Историческая повесть.,"ЮРАСОВА, Мария Клементьевна.",,,
11960,"Любовь и политика: Исторический роман из жизни супруги императора Павла, императрицы Марии Федоровны.","МУНДТ, Теодор.",,,
11961,Любовь и предрассудок: Комедия в 3-х д.,"МЕЛЕВИЛЬ (ДЮВЕРЬЕ, Анн Оноре).",,,
11962,Любовь и предрассудок: Роман.,"ГАЙМБУРГ, Вильгельмина.",,,
11963,Любовь и простокваша.,"СКОТТ, Габриэль.",,,
11964,Любовь и протокол: Сборник сатирических стихов и фельетонов.,"КОНСТАНТИНОВ, Владимир Константинович, РА-ЦЕР, Борис Михайлович.",,,
11965,Любовь и ревность до каторги довели: Новый рассказ.,Имя авт. не установлено.,,,
11966,Любовь и робот: Рассказы. Юморески. Миниатюры. Рассуждения. Афоризмы.,"НАУМОВ, Евгений Иванович.",,,
11967,Любовь и свобода.,"ПЕТЕФИ, Шандор.",,,
11968,Любовь и себялюбие: Рассказ из народного быта.,"МАНУХИН, Георгий Михайлович.",,,
11969,Любовь и сила воли: Биографический очерк.,"ЩЕРБАЧЕВ, Григорий Дмитриевич.",,,
11970,Любовь и скупость матери: Комедия в 4-х д.,"ЗУБКОВСКИЙ, А.",,,
11971,Любовь и сладострастие: Повесть.,"ПРЕВО, Марсель.",,,
11972,Любовь и смелость: Комедия в 3-х д.,"КОЦЕБУ, Август Фридрих.",,,
11973,Любовь и смелость: Комедия в 3-х д.,"ШПИС, Христиан Генрих.",,,
11974,Любовь и смерть: Драматическая эпопея в 12-ти сценах.,"РОЛЛАН, Ромен.",,,
11975,"Любовь и смерть, составляющие вторую часть книги «Роета egregium sive de Fausto tabula» и Минуты блаженства: Заключительный гимн.","БАРЫШНИКОВ, Александр Александрович.",,,
11976,Любовь и смерть: (Незнакомец). Драма в 4-х д. с прологом.,"ГОРДИН, Яков Михайлович. ",Неведомый.,,
11977,Любовь и смерть: Рассказы.,"РО-ДЕНБАХ, Жорж.",,,
11978,Любовь и смерть: [Стихи].,"СТЕН-БОК, Наталья Михайловна (КАШТАЛИН-СКАЯ).",,,
11979,Любовь и смерть: Стихи.,"СТРИ-БОЖИЧ, Сергей.",,,
11980,«Любовь и смерть Арсены Гильо» и другие рассказы.,"МЕРИМЕ, Проспер.",,,
11981,"Любовь и смех: Веселый сборник. Повестушки, рассказы, сценки, очерки, пародии, анекдоты, шутки и пр. и пр. и пр.","ГРЭК, И. (БИЛИБИН, Виктор Викторович) .",,,
11982,Любовь и совесть: Лирическая драма в 2-х ч.,"СОБОЛЕВ, Игорь Владимирович.",,,
11983,Любовь и трактор: Сатира и юмор.,"ЛЕВИЧЕВ, Александр Петрович.",,,
11984,"Любовь, и тревога, и бой: Стихи.","ГРИБАЧЕВ, Николай Матвеевич.",,,
11985,Любовь и три апельсина: Комедия-сказка в 2-х д. с прологом.,"МАСС, Владимир Захарович, ЧЕРВИНСКИЙ, Михаил Абрамович.",,,
11986,Любовь и труд: Стихи.,"ШТУР- МАН, Марк.",,,
11987,«Любовь и труд» и другие рассказы.,"ЗОЛЯ, Эмиль.",,,
11988,Любовь и тщеславие или Опасности кокетства.,"ЛАФОНТЕН, Август Генрих Юлий.",,,
11989,Любовь и тыква: Комедия в 2-х д.,"СТАДНЮК, Иван Фотиевич.",,,
11990,Любовь и тюрьма: Роман.,"ЭГУЦИ, Кан.                                  ",,,
11991,Любовь и увлечение: Повесть.,VEA.,,,
11992,Любовь и финиш: Стихи и поэмы.,"АКАЕВ, Кубаныч.",,,
11993,Любовь и хлеб: Повести и рассказы.,"МЕЛЕШИН, Станислав.",,,
11994,«Любовь и хлеб» и другие рассказы: Из сборника «Около брака».,"СТРИНД-БЕРГ, Август.",,,
11995,Любовь и честь: Драма в 5-ти д.,"ИВЕЛЬЕВ (ВЕЛИКОПОЛЬСКИЙ, Иван Ермолаевич).",,,
11996,Любовь и экзамены: Рассказы.,"РА-ЗУМНЕВИЧ, Владимир Лукьянович.",,,
11997,Любовь извечная.,"АРДЕНИН, Иероним.",,,
11998,Любовь Изольды.,ВИЛЛИ.,,,
11999,"Любовь или коварство?: Лирика, юмор, сатира.","МИНЬКОВ, Константин Иванович.",,,
12000,Любовь инженера Изотова: Роман.,"ДАВЫДОВА, Наталья.",,,
12001,Любовь к ближнему: Шуточное представление в 1-ой карт.,"АНДРЕЕВ, Леонид Николаевич.",,,
12002,Любовь к ветру.,"ВИРГАНСКИЙ, Борис. ",,Поэма о слове...,
12003,Любовь к государю: Стихотворения.,"ПОТАПОВ, Михаил Софронович.",,,
12004,"Любовь к далекой: Рассказы и миниатюры, 1909—1911 гг.","ГОФМАН, Виктор Викторович.",,,
12005,"Любовь к добродетельной даме или Черты душевной красоты: Стихотворения, писанные в 1822.",Имя авт. не установлено.,,,
12006,Любовь к животным; Наконец-то я увенчан!,"ЗОЛА, Эмиль (ЗОЛЯ, Эмиль).",,,
12007,Любовь к жизни: Рассказы.,"КОЖЕВНИКОВ, Вадим Михайлович.",,,
12008,Любовь к жизни: Рассказы.,"ЛОНДОН, Джек.",,,
12009,Любовь к жизни: [Рассказы и пьесы].,"БУДАНЦЕВ, Сергей Федорович.",,,
12010,Любовь к земле: Рассказ.,"ЕЛЬМЕ-НЕВ, Т.",,,
12011,Любовь к отечеству и коварство друга: Драматическая фантазия в 2-х отд.,"ШКОРБАТОВ, Павел.",,,
12012,Любовь к Родине: Драма в 4-х д.,"САМБО-РЖЕЦКИЙ, А. (САМБО-РЖЕЦ-КИЙ, Александр Александрович).",,,
12013,Любовь к Родине: [Очерк].,"ДУД-НИЧЕНКО, Иван Иванович.",,,
12014—12016,Любовь казака или Погибель Емельки Пугачева: Повесть (из Оренбургских преданий).,Имя авт. не установлено.,,,
12017—12018,"Любовь, как море: Стихи и поэма.","БАКУМЕНКО, Данило.",,,
12019,"Любовь, как она есть.","ДЖЕРОМ, Джером Клапка.",,,
12020,Любовь Калидасы: Драма в 3-х д.,"РАКЕШ, Мохан.",,,
12021,"Любовь китайского мандарина, поэта и ученого Ли-Та-Чу: Роман.","ПЕТИ, Шарль (ПЕТТИ, Шарль).",,,
12022,Любовь — книга золотая.,"ТОЛСТОЙ, Алексей Николаевич.",,,
12023,"Любовь — кольцо, а у кольца...: Современный семейный водевиль в 2-х таймах.","ФЕДОТОВ, Э. Е.",,,
12024,Любовь контрабандиста: Роман.,ДАШ.,,,
12025,"Любовь, космос и роботы: Фантастические рассказы.","НИКОЛЬСКИЙ, Валентин Сергеевич.",,,
12026,Любовь Ксении Дмитриевны: Рассказы.,"НИКАНДРОВ, Николай.",,,
12027,Любовь купца-волокиты: Рассказ из купеческой жизни.,Имя авт. не установлено.,,,
12028,"Любовь, левират и жбан счастья: Рассказы.","ХОДЖЕР, Григорий Гибивич.",,,
12029,Любовь-ли?: Силуэты.,"РОМИАС, Сергей (КАРПОВА-МОНГИРД, Вера Александровна) .",,,
12030,Любовь...любовь?: Роман и рассказы.,"БАРСТОУ, Стэн.",,,
12031,Любовь маленького пажа: Сказка Фимы.,Имя авт. не установлено.,,,
12032,Любовь матери: Роман в 2-х ч.,"УОРНЕР, Сьюзен.",,,
12033,Любовь мексиканки.,Имя авт. не установлено.,,,
12034,Любовь-мечта: Повести и рассказы.,"ЛЕНСКИЙ, Владимир.",,,
12035,Любовь Мильтона.,Имя авт. не установлено.,,,
12036,Любовь Митьки Колотухина.,"АРТИ-ЩЕВ, Валерий Васильевич.",,,
12037,Любовь Мишелины: Роман.,"БЕНУА, Пьер, БУРЖЕ, Поль",,,
12038,Любовь моего соседа: Роман. Ч. 1-2.,"ЛУТКОВСКИЙ, Николай Петрович.",,,
12039,Любовь моей подруги: Повесть.,"АБСАЛЯМОВ, Абдурахман Сафиевич.",,,
12040,Любовь молодой девушки: Роман.,"КАРО, Полина.",,,
12041,Любовь морского короля: Пародия-буффонада на оперу.,"ДРИЗО, Лев Яковлевич.",,,
12042,Любовь моряка: Комедия в 3-х д.,"НЕСТЛЕР, Йохен, ФРАЙТАГ, Манфред.",,,
12043,Любовь моряка: Роман.,"МИТИС, Михаил.",,,
12044,Любовь моя: Книга стихов.,"ФЕДОРОВ, Владимир Иванович.",,,
12045,Любовь моя: Стихи.,"МАСИК, Владимир Ильич.",,,
12046,Любовь моя — беда моя: (Моряки). Драма в 3-х д.,"МИТРОФАНОВ, Лев Иванович.",,,
12047,Любовь моя давняя.,"ЧЕРНОВ, Геннадий Иванович.",,,
12048,Любовь моя земная.,"НИКОЛАЕВА, Тамара Константиновна.",,,
12049,"Любовь моя, Каменка: Повесть.","МЕРЕТИН, Анатолий Михайлович, ШКУР-ЛАТОВ, Сергей Иванович.",,,
12050,"Любовь моя, поле...","СКОБЕЛКИН, Петр Иванович.",,,
12051,Любовь моя—тайга: Стихи.,"КИСЕЛЕВ, Виктор Владимирович.",,,
12052,"Любовь моя, тоска моя: Стихи и поэмы.","АТНАБАЕВ, Ангам Касимович.",,,
12053,Любовь моя шальная: Рассказы.,"ГРИБАЧЕВ, Николай Матвеевич.",,,
12054,Любовь музыканта: Роман. Ч. 1—3.,"ЯРОСЛАВЦОВ, Андрей Константинович.",,,
12055,Любовь на войне: Рассказы.,"ГЕ-НЕЛЬ, Ганс Отто.",,,
12056,Любовь на выдумки хитра: Фарс в 2-х д.,"ВЕРУНИН, Ив. (БОЛДЫЖЕВ, Иван Иванович).",,,
12057,Любовь на два фронта.,Имя авт. не установлено.,,,
12058,Любовь на земле: Пьеса в 4-х д.,"НОВИКОВ, Иван Алексеевич.",,,
12059,Любовь на колесе: Шутка в 1-м д. (Оригинальная).,"ЧИНАРОВ, Рубенс.",,,
12060,Любовь на пособие: Драма в 3-х д.,"ГОУ, Рональд, ГРИНВУД, В. (ГРИНВУД, Уолтер).",,,
12061,Любовь на приступе: Комедия в 2-х д.,"ВЕРНЕР, Элизабет.",,,
12062,Любовь на просторе или Ванька и Маша.,"Р...А, А.",,,
12063,Любовь на рассвете: Современная быль в 4-х д.,"ГАЛАН, Ярослав Александрович.",,,
12064,Любовь на рассвете: Стихи.,"ЛА-СУРИА, Алексей Едгеевич.",,,
12065,Любовь на страже: Комедия в 4-х д.,"КАЙЛАВЕ ДЕ (КАЙЯВЭ, Гастон Арман), ФЛЕР, Робер де. ",Любовь — сила; Сила любви.,,
12066,Любовь на 60° северной широты: Роман.,"БЭДЭЛЬ, М. (БЕДЕЛЬ, Морис).",,,
12067,Любовь навеки: Стихи.,"СОКОЛОВ, Борис Сергеевич.",,,
12068,Любовь над безднами: Драма в 4-х д.,"СОЛОГУБ, Федор.",,,
12069,Любовь найдет дорогу к сердцу: Повесть.,"НАСЕДКИН, Филипп Иванович.",,,
12070,Любовь наших великих писателей: Драматические сцены и Монологи.,"МИХНЕ-ВИЧ, Александр Петрович.",,,
12071,Любовь не продается: Водевиль.,"КОЗИН, Алексей Семенович.",,,
12072,Любовь незнакомца: Драма в 3-х д.,"ЛАВРЕНТЬЕВ, Виктор Владимирович.",,,
12073,Любовь незримая: Рассказы.,"МАРШАК, Виктор Зельманович.",,,
12074,Любовь немолодых людей: Стихи.,"ДОЛМАТОВСКИЙ, Евгений Аронович.",,,
12075,"Любовь, ненависть и мщение или История двух знатных английских фамилий: Ч. 1-2.",Имя авт. не установлено.,,,
12076,Любовь необъяснимая...: Пьеса в 2-х д.,"ЙОРДАНОВ, Недялко Асенов.",,,
12077,Любовь неугасимая: Солдатские юмористические рассказы.,"БОРАНЕНКОВ, Николай Егорович.",,,
12078,Любовь неугасимая: Стихи и поэмы.,"ЧАСОВНИКОВ, Александр Михайлович.",,,
12079,Любовь Никиты Плакунова.,"ЛУЧИ-НЕЦКИЙ, Евгений Павлович.",,,
12080,Любовь Николая Волкова: Рассказы о наших современниках.,"СОКОЛОВА, Наталья Викторовна.",,,
12081,Любовь нищего: Рассказ.,"СОКО- ЛОВСКИЙ, А. ",,,
12082,Любовь одной женщины: Роман.,"ЖИЛЬ, Пернет.",,,
12083,Любовь осенняя моя.,"ЕФРЕМОВ, Юрий Аркадьевич.",,,
12084,Любовь остается: Стихи разных лет.,"ГОЛЬДБЕРГ, Александр Яковлевич.",,,
12085,Любовь остается жить: Роман.,"УДАЛОВ, Александр Андреевич.",,,
12086,Любовь остается с нами: Роман.,"НИКОНОВ, Василий Григорьевич.",,,
12087,Любовь от бездеятельности: (Записки неврастеника).,"КАРА, Петр.",,,
12088,Любовь победила: Роман в 2-х ч.,"РАКОВИЧ, И.",,,
12089,Любовь побеждает: (Ложные слухи). Комедия в 3-х д.,"МАРИВО, Пьер Карлэ де Шамблэн.",,,
12090,Любовь-погибель: Повести и рассказы.,"ФЕДЬКОВИЧ, Осип Юрий (ФЕДЬКО-ВИЧ, Юрий Адальбертович).",,,
12091,Любовь погубила: Роман.,"ЛИН-ДАУ, Пауль. ",На Запад; Течение на запад.,,
12092,Любовь под вязами: Пьеса в 3-х д.,"О'НЕЙЛЛЬ, Евгений (О'НИЛ, Юджин Гладстон) .",,,
12093,Любовь под дождем: Роман.,"МАХ-ФУЗ, Нагиб. ",,Пансионат «Мирамар»...,
12094,Любовь под звездами: Повесть.,"ХУСНИ, Фатых.",,,
12095,Любовь под маской: (Трагикомедия брака).,"ГИДОНИ, Александр Иосифович.",,,
12096,Любовь под маской или Безрассудство и счастье: Роман.,"БАЛЬЗАК, Оноре де.",,,
12097,Любовь последняя...: Повести.,"ФЕДОТОВ, Гавриил Николаевич.",,,
12098,Любовь поэта: Драматическая фантазия в 3-х актах.,"ОВОДОВ, А. И.",,,
12099,Любовь поэта: (Платон в Венеции). Комедия в 2-х д.,"КОРНЕЛИУС, А.",,,
12100,Любовь поэта: Повесть.,П. Л.,,,
12101,Любовь правдой крепка: Повесть.,"ЖЕЛИХОВСКАЯ, Вера Петровна.",,,
12102,Любовь-преступление.,"БУДИЩЕВ, Алексей Николаевич.",,,
12103,Любовь приходит завтра: Пьеса в 2-х ч.,"КАРИМОВ, Максим Саиджа-нович.",,,
12104,Любовь пришла: Стихи.,"АБДЫКА-ДЫРОВА, Субайылда.",,,
12105,Любовь Психеи и Купидона.,"ЛАФОНТЕН, Жан.",,,
12106,Любовь пчел трудовых: Из серии рассказов «Революция чувств и революция нравов».,"КОЛЛОНТАЙ, Александра Михайловна.",,,
12107,Любовь с первого взгляда: Сатира и юмор.,"РЫБАК, Зиновий Фотиевич.",,,
12108,Любовь с подозрением: Водевиль в 1-м акте.,"МЕЧИК, Донат Исаакович.",,,
12109,Любовь с последствиями: Юмористические рассказы и стихи.,"ЮДИН, Борис.",,,
12110,Любовь с препятствиями: (Веселенькая ночь. Любовный реванш). Фарс в 1-м д.; Рука руку моет: (Теплая компания). Юмореска в 1-м д.; Право любить: Шарж в 1-м д.; Юлий Цезарь в Египте: Оперетта в 1-м д. 2-й сборник миниатюр.,"САХАРОВ, Константин Николаевич.",,,
12111,Любовь с четвертого взгляда.,"НИКОЛЬСКИЙ, Юрий Дмитриевич.",,,
12112,Любовь Сары Дезанж: Роман.,"УЭД-СЛИ, Оливия.",,,
12113,Любовь сатирика: Сатирические и юмористические стихи.,"КИРЕЕВ, Руслан Тимофеевич.",,,
12114,Любовь Свана.,"ПРУСТ, Марсель.",,,
12115,Любовь сестры милосердия или Мать под пулями и бомбами: Рассказ.,"ШУХ-МИН, Христофор Алексеевич.",,,
12116,Любовь — сила: Комедия в 4-х д.,"КАЛЬЯВЭ (КАЙЯВЭ, Гастон Арман), ФЛОР (ФЛЕР, Робер де).",,,
12117,Любовь сильнее вражды: (Рассказ сестры милосердия из последней войны).,"УЛЬЯНОВ, Алексей Николаевич.",,,
12118,Любовь сильнее смерти; Наука любви: Две итальянские новеллы XV века; Ми-кель-Анжело: Хроника XVI века; Святой сатир: Флорентийская легенда.,"МЕРЕЖКОВСКИЙ, Дмитрий Сергеевич.",,,
12119,Любовь сильнее страха смерти.,"М-Е-Ч, Адольф.",,,
12120,Любовь скифа: Рассказы.,"ФЕДОРОВИЧ, Виталий.",,,
12121,«Любовь скончалась — да здравствует любовь» и другие рассказы.,"НАБОК-ВА-СИЛЬКОВА, Наталия.",,,
12122,Любовь слепа: Роман.,"ГЛИН, Эли-нора.",,,
12123,Любовь слесаря Тюпкина: Рассказы.,"СОРОКИН, Сергей.",,,
12124,Любовь смены: Пьеса в 4-х актах.,"ЩЕГЛОВ, Дмитрий Алексеевич.",,,
12125,Любовь со дня рождения: Фантастическая повесть в стихах.,"СЕМИРОД, Иван Петрович.",,,
12126,Любовь солдата: Повесть о сыне гор и дочери моря.,"БЕЙШЕНАЛИЕВ, Шукур-бек.",,,
12127,Любовь солдата: Стихи и песни (1941-1942).,"ЗАМЯТИН, Владимир Дмитриевич.",,,
12128,Любовь солдата Фреда: Повесть.,"ЗЕНКБЕЙЛЬ, Гейнц.",,,
12129,Любовь студента: Этюд в 1-м д.,"ФЕОДОРОВИЧ, С. (САБУРОВ, Симон Федорович) .",,,
12130,Любовь твоя: Стихи.,"БЕРУЛАВА, Хута Михайлович.",,,
12131,Любовь тенора: Рассказ в стихах.,"МИХАЙЛОВ-СТОЯН, Константин Иванович.",,,
12132,Любовь торжествует: Из недавнего прошлого.,"УХТОМЦЕВ, Н. Г. (ПОЗДНЯКОВ, Николай Григорьевич).",,,
12133,Любовь тревожная: Стихи и поэмы.,"МАШКОВЦЕВ, Владилен Иванович.",,,
12134,Любовь трех властелинов: (Фиора). Трагическая поэма в 3-х д.,"БЕНЕЛЛИ, Сем.",,,
12135,Любовь трех королей: Трагическая поэма в 3-х д.,"БЕНЕЛЛИ, Сем. Изд. ",,,
12136,Любовь у мельницы Назарет: Роман.,"ПРЕВО, Марсель.",,,
12137,Любовь убийцы: Рассказ.,"СЕРАО, Матт",,,
12138,Любовь Ульриха Небенталя; Душа Николаса Снейдерса или Скупец из Зандама; Шутка философа.,"ДЖЕРОМ, Джером Клап-ка.",,,
12139,Любовь фрейлины: (Одна из интриг испанского двора). Исторический роман. В 2-х ч.,Имя авт. не установлено.,,,
12140,Любовь художника: Драма в 1-м д.,Имя авт. не установлено.,,,
12141,Любовь художника: Роман.,"ГЕЛ-СУОРСИ, Джон (ГОЛСУОРСИ, Джон).",,,
12142,"Любовь царя или Повесть о том, как царь Петр был в чужих краях, что он там видел и делал и что из этого стало.",Имя авт. не установлено.,,,
12143,Любовь человека.,"ЛАЗАРИ, Николай Константинович.",,,
12144,Любовь человеческая: Повести и рассказы.,"ПРОСКУРИН, Петр Лукич.",,,
12145,Любовь человеческая: Рассказ.,"ДУНИН-БОРКОВСКИЙ, К. И.",,,
12146,Любовь человеческая:    [Стихи].,"СИТКОВСКИЙ, Аркадий Ильич.",,,
12147,Любовь шаманки: Роман.,"КУЗАКОВ, Николай Дмитриевич.",,,
12148,Любовь шута: Драма в 5-ти д.,"ГЮГО, Виктор.",,,
12149,Любовь шута: (Трагедия шута). Драма в 1-м д.,"ЧАРГОНИН, А. А. (ГОНЧАРЕНКО, Александр Александрович).",,,
12150,Любовь Юрия Коротеева: Рассказы.,"ВАРГИН, Виктор Константинович.",,,
12151,Любовь Яровая: Пьеса в 5-ти д.,"ТРЕНЕВ, Константин Андреевич.",,,
12152,Любовью за любовь: [Книга стихов].,"КАНЫГИН, Владимир Андреевич.",,,
12153,Любовью за любовь: Очерки.,"СТА-СЕНКО, Николай Гаврилович.",,,
12154,Любовью не шутят: Комедия в 3-х д.,"МЮССЕ, Альфред де.",,,
12155,Любони: Роман X века. В 2-х ч.,"КРАШЕВСКИЙ, И. (КРАШЕВСКИЙ, Юзеф Игнацы).",,,
12156,Любопытная старина: Исторические литературные этюды.,"ЗАДОНСКИЙ, Николай Алексеевич. ",Интересные современники; Любопытная старина.,,
12157,"Любопытное приключение знаменитого потомка Кондратия Ивановича, славного рыцаря Померанского третьего на десять века.",Имя авт. не установлено.,,,
12158,Любопытное путешествие Гераклита и Демокрита.,Имя авт. не установлено.,,,
12159,Любопытные встречи в ленинградских лесах: Рассказы.,"ШЕВЧЕНКО, Адриан Сергеевич.",,,
12160,"Любопытные приключения одного достойного семейства, случавшиеся в 1792 году и описанные Другом природы.",Имя авт. не установлено.,,,
12161,Любопытные рассказы деда моего: (Пятидесятые годы).,"СЛЕЗКИН, Юрий Львович.",,,
12162,Любопытство: [Стихи].,"АЗАРОВА, Людмила.",,,
12163,Любопытство: Стихи.,"ФАЛЕЙ, Владимир.",,,
12164,Люборацкие: Семейная хроника.,"СВИДНИЦКИЙ, Анатолий Патрикеевич.",,,
12165,Любочка: (Рассказ).,"БОНДИН, Алексей Петрович.",,,
12166,Любочка Спельская: (Повесть).,"ХИЖНЯКОВ, Е. В.",,,
12167,Любуша: Трагедия в 5-ти д.,"ГРИЛЬ-ПАРЦЕР, Франц.",,,
12168,Любя и веря...: Стихи.,"РОГАЧЕВ, Александр Александрович.",,,
12169,Любящая тебя: Пьеса в 2-х д.,"АНТОКОЛЬСКИЙ, Александр Альбертович.",,,
12170,Любящее сердце: (Римская кровь). Рассказ.,"ДЕ АМИЧИС, Эдмондо.",,,
12171,Любящие: Роман.,"ЕСЕНБЕРЛИН, Ильяс.",,,
12172,Любящие родители.,"ВЕБЕР, Пьер. ",,Брак по любви...,
12173,Любящие сердца: Комедия в 1-м д.,КЭ ЯНЬ.,,,
12174,Люда Влассовская: Повесть.,"ЧАР- СКАЯ, Лидия.",,,
12175,Люда с частной квартиры.,"НАРИНЬ-ЯНИ, Семен Давыдович.",,,
12176,Людвиг фон Ейзах или Три рода воспитания: Ч. 1-4.,"ЛАФОНТЕН, Август Генрих Юлий.",,,
12177,Люди: Драма в 4-х д.,"ПЛАТОН, Иван Степанович.",,,
12178,Люди: Избранные рассказы.,"АМП, Пьер.",,,
12179,Люди: Повести и рассказы.,"МЕТ-ТЕР, Израиль Моисеевич.",,,
12180,Люди: Повесть.,"ХУБИЕВ, Осман Ахияевич.",,,
12181,Люди: Пьеса в 5-ти д.,"КАМЕНСКИЙ, Анатолий Павлович.",,,
12182,Люди: Пьеса в 7-ми карт.,БО-ЛАЕВ А.,,,
12183,Люди: [Рассказ].,"ТЕНЕТА, Борис.",,,
12184,Люди: Рассказы.,"ГРИЦЮС, Аугу-стинас Людович.",,,
12185,Люди: [Рассказы].,"ГУСЕВ-ОРЕН-БУРГСКИЙ, Сергей Иванович.",,,
12186,Люди: Роман.,"КАМЕНСКИЙ, Анатолий Павлович.",,,
12187,Люди: Стихи.,"БЕЗЫМЕНСКИЙ, Александр Ильич.",,,
12188,Люди: Сцены в 3-х д.,"ФЕДОТОВ, Александр Филиппович.",,,
12189,Люди без детства: Повесть.,"ЦА-РУКЯН, Андраник.",,,
12190,Люди «без мозуха».,"ДАНИЛОВ, М.",,,
12191,Люди без почвы: Комедия в 5-ти д.,"БЫКОВ, Александр Семенович.",,,
12192,Люди без славы: Роман.,"ФУЛЬГА, Лаурентиу (ФУЛЬГА, Лауренциу).",,,
12193,"Люди, близкие к населению: Рассказы.","АВЕРЧЕНКО, Аркадий Тимофеевич.",,,
12194,Люди-боги: Роман.,"УЭЛЛС, Герберт Джордж. ",Люди как боги.,,
12195,Люди большого полета.,"КАНУБРИ-КОВ, Андрей Васильевич.",,,
12196,Люди большого сердца.,"АРГУТИН-СКАЯ, Люси Александровна.",,,
12197,Люди большой веры: Повесть. Рассказы.,"БАШ, Яков.",,,
12198,Люди большой отваги.,"БЕЛОМЕ-СТНОВ, Евгений Тимофеевич.",,,
12199,"Люди, боровшиеся за нас: Роман.","КЛАРК, Аллен.",,,
12200,Люди борющейся деревни.,ЧЕН СЕ БОН.,,,
12201,Люди боя: [Стихи].,"ШУБИН, Павел Николаевич.",,,
12202,Люди-братья: [Новеллы и очерки].,"ТРУНОВ, Дмитрий Иванович.",,,
12203,Люди-братья: Очерки и рассказы из жизни заключенных в тюрьмах.,"ВОРОНОВА, Елена Андреевна.",,,
12204,Люди-братья: (Рассказ).,"БУДАР-НЫЙ, В. М.",,,
12205,Люди-братья: [Рассказ].,"ВОЛЬНЫЙ, Петр (ОЛЕНИН, Петр Алексеевич). ",,Врачи-евреи...,
12206,Люди бывают разные: Короткие рассказы и фельетоны.,"ПОЛТЕВ, Константин Владимирович.",,,
12207,Люди бывают разные: Фельетоны и юморески.,"ВИКТОРОВ, В. ",,,
12208,Люди в белых халатах: Повесть.,"РУБЦОВ, А.",,,
12209,Люди в белых халатах: Пьеса в 4-х д.,"КИНГСЛЕЙ, Сидней.",,,
12210,Люди в бурках: Драма в 3-х д.,"АБУ-БАКАР, Ахмедхан.",,,
12211,Люди в горах: Повесть и рассказы.,"МОНАСТЫРЕВ, Владимир Алексеевич.",,,
12212,Люди в зеленых фуражках.,"ТАРА-ДАНКИН, Александр Константинович.",,,
12213,Люди в кожаных шлемах: Авиационные рассказы.,"НИКУЛИН, Юрий Вениаминович.",,,
12214,Люди в лесу: Роман.,"ИЛЛЕШ, Бела.",,,
12215—12216,Люди в лодках: Повести и рассказы.,"ОРЛОВ-СОКОЛЬСКИЙ, Иван Федорович.",,,
12217,Люди в погонах: Роман.,"РЫБИН, Анатолий Гаврилович.",,,
12218,Люди в пути: Рассказы.,"ВАСЕНЕВ, Николай Федорович.",,,
12219,Люди в пути: [Роман].,"ВОСКРЕСЕНСКИЙ, Сергей Васильевич.",,,
12220,Люди в серых шинелях: Рассказы.,"КИРЮХИН, Александр Васильевич, МЯСНИКОВ, Валентин Николаевич.",,,
12221,Люди в синих шинелях.,"КУЗНЕЦОВА, Клавдия Павловна.",,,
12222,Люди в тумане: Книга рассказов.,"ЧУЛКОВ, Георгий Иванович.",,,
12223,Люди в шинелях: Драма в 3-х д.,"РАЧАДА, Иван.",,,
12224,Люди в шинелях: [Очерки].,"МА-КОВЕЕВ, Михаил Степанович.",,,
12225,"Люди великой цели: Н. М. Пржевальский, Н. Н. Миклухо-Маклай.","МАРКОВ, Сергей Николаевич.",,,
12226,Люди войны.,"СИМОНОВ, Константин Михайлович.",,,
12227,Люди вокруг тебя: Рассказы.,"ШЕ-СТИНСКИЙ, Олег Николаевич.",,,
12228,"Люди, встречи, любовь.","ДАНИЛОВ, Сергей.",,,
12229,Люди всякие бывают: Рассказы и фельетоны.,"РЫКЛИН, Григорий Ефимович.",,,
12230,Люди второй империи: Политикосоциальный роман.,"МАЛО, Гектор.",,,
12231,Люди высокого долга.,"НОВАКОВ-СКИЙ, Мордух Менделевич.",,,
12232,Люди высшего и низшего круга или Картины нравов во время Наполеона: Ч. 1-2.,"ПИКАР, Луи Бенуа.",,,
12233,"Люди, годы, жизнь.","ОРЕНБУРГ, Илья Григорьевич.",,,
12234,Люди горных кряжей.,"ЛОХВИЦ- КИЙ, Михаил Юрьевич.",,,
12235,Люди города.,"ЭКВЕНСИ, Сиприан.",,,
12236,"Люди, горы, небо: Повести.","ПА-СЕНЮК, Леонид Михайлович.",,,
12237,Люди грозных лет: Роман.,"МАРКИН, Илья Иванович.",,,
12238,Люди дальних постов: Рассказ.,"ЧИРКОВ, Александр Григорьевич.",,,
12239,Люди доброй воли: Пьеса в 4-х д. Новая редакция.,"МДИВАНИ, Георгий Давидович.",,,
12240,Люди доброй воли: Роман. 1-4.,"РОМЭН, Жюль.",,,
12241,Люди жаждут правды: Роман.,"АНТОНОВИЧ, Александр Антонович.",,,
12242,Люди ждут.,"ЛЕБКОВ, Евгений Дмитриевич.",,,
12243,Люди живут для людей: Документальные повести.,"ПОЛУХИН, Юрий Дмитриевич, СБИТНЕВ, Юрий Николаевич.",,,
12244,Люди ‘заката: Роман.,"ПОТЕХИН, Юрий Николаевич.",,,
12245,Люди-звери: (Рассказ о варварстве немцев).,"ВО-В, А.",,,
12246,Люди земли: [Рассказы].,"ЛЕ-МОНЬЕ, Камилл.",,,
12247,Люди земли: Рассказы.,"МАТОВ, Владимир Николаевич.",,,
12248,Люди земли и воды: Рассказы.,"ЛИДИН, Владимир Германович.",,,
12249,Люди золота: Американский роман.,"ДЕБО, Эмиль.",,,
12250,Люди и боги: Избранные произведения.,"АШ, Шолом.",,,
12251,Люди и вещи: Повести и рассказы.,"СТОНОВ, Дмитрий Миронович.",,,
12252,Люди и встречи: [Литературные портреты и очерки].,"ЛИДИН, Владимир Германович.",,,
12253,Люди и встречи: [Очерки].,"ШИРЯЕВ, Александр Иванович.",,,
12254,Люди и встречи: Рассказы.,"БАБУШКИН, Виктор Федорович.",,,
12255,Люди и встречи: Рассказы и очерки.,"НИЯЗИ, Фатех.",,,
12256,Люди и деньги или Деньги и люди.,С. Н.,,,
12257,Люди и деревья: Повести.,"АЙЛИС-ЛИ, Акрам.",,,
12258,Люди и дни: Повести и рассказы разных лет.,"ГОЛЬДБЕРГ, Исаак Григорьевич.",,,
12259,Люди и дьяволы: Драма в 3-х актах.,"КРАПИВА, Кондрат.",,,
12260,Люди и жизнь: Повести и рассказы.,"АВСЕЕНКО, Василий Григорьевич.",,,
12261,Люди и жизнь: Рассказы.,"ОЛЬГИН, Степан Павлович.",,,
12262,Люди и звезды: Лирические повести.,"АЛЕКСАНДРОВ, Вильям Александрович.",,,
12263,"Люди и звери: Документальная повесть о подпольной организации, созданной д-ром Н. Ф. Зораком.","КОСАРЕВ, Георгий Иванович.",,,
12264,Люди и звери: Рассказы.,"ШАПИР, Николай Лазаревич.",,,
12265,Люди и камень.,"СЕВЕРОВ, Петр Федорович.",,,
12266,Люди и корабли.,"МИХАЙЛОВ, Владимир Дмитриевич.",,,
12267,Люди и людишки: [Очерки].,"ВЕНДЕРОВА, Вера Николаевна.",,,
12268,Люди и людишки: Сборник рассказов.,"АЛТАЕВ, Ал.",,,
12269,Люди и море: Избранное.,"НОВИ-КОВ-ПРИБОЙ, Алексей Силыч.",,,
12270,Люди и море: Стихи.,"ЛЮБЧЕНКО, Лев.",,,
12271,Люди и мост.,"ЧЕЛГРЕН, Иосеф.",,,
12272,Люди и небо Еревана.,"БАГРА-ЗЯН, Грант Самсонович.",,,
12273,Люди и нелюди: Рассказы.,"БЕЛИНСКИЙ, Максим (ЯСИНСКИЙ, Иероним Иеронимович).",,,
12274,Люди и нелюди: Роман.,"ВИТТО-РИНИ, Элио.",,,
12275,"Люди и нравы: Сборник юмористических рассказов, шуток, острот и т. п.","КРАСНОРАМЕНСКИЙ, М. (ЯРЫГИН, Федор Александрович).",,,
12276,Люди и нравы современной деревни: (Из деревенского дневника).,"ИВАНОВ, Г. (УСПЕНСКИЙ, Глеб Иванович).",,,
12277,Люди и океан.,"ЕРЕМЕНКО, Павел Иванович.",,,
12278,Люди и подвиги.,"КОЛОСОВ, Марк Борисович.",,,
12279,Люди и птицы: Стихи.,"ЛУТКОВ, Геннадий Яковлевич.",,,
12280,Люди и события.,"ДИМЬЯТИ, Мухаммад.",,,
12281,Люди и солнце: Книга стихов.,"ОСМИЕВ, Хамзат Сосиевич.",,,
12282,Люди и степени: Роман.,"ЛЕБЕДЕВ, Константин Васильевич.",,,
12283,Люди и странствия: Воспоминания и встречи.,"НИКУЛИН, Лев Вениаминович.",,,
12284,Люди и страсти: Трагедия.,"ЛЕРМОНТОВ, Михаил Юрьевич.",,,
12285,Люди и судьбы: Повесть.,"ША-ЛАРЬ, Ариадна Николаевна.",,,
12286,Люди и флаги: Стихи.,"ЛЕДНЕВ, Юрий Макарович.",,,
12287,Люди и формулы: Новеллы об ученых.,"РЕПИН, Леонид Борисович.",,,
12288,Люди идут по льду.,"КУЧЕРЯВЕНКО, Василий Трофимович.",,,
12289,Люди из Бакдаба.,"МАГОМЕДОВ, Муса Абдуллаевич.",,,
12290,Люди из Батыр-Яла: (Золотая гора).,"ТАЛ ВИР, Алексей.",,,
12291,Люди из Будапешта: Драма в 2-х ч.,"МЕШТЕРХАЗИ, Лайош.",,,
12292,Люди из города: Рассказы.,"ГЕРАСИМОВ, Иосиф.",,,
12293,Люди из Дигоры.,"ТЕТЦОЕВ, Таймураз Гацирович.",,,
12294,Люди из захолустья.,"МАЛЫШ КИН, Александр Георгиевич.",,,
12295,Люди из кубрика.,"УСТИНОВИЧ, Александр Григорьевич.",,,
12296—12297,Люди из легенды.,"СТЕПАНЕНКО, Владимир Иванович.",,,
12298,Люди из Пиквы: Повесть.,"РОЗАНОВ, Владимир.",,,
12299,Люди из страха: Роман.,"АНДРИЯ-ШИК, Роман Васильевич.",,,
12300,Люди или животные?: Роман.,ВЕР-КОР.,,,
12301,Люди интересных судеб: [Очерки].,"СОЖИН, Григорий Борисович.",,,
12302,Люди как боги: Роман.,"СНЕГОВ, Сергей.",,,
12303,Люди как боги: Роман.,"УЭЛЛС, Герберт Джордж.",,,
12304,Люди как люди: Комедия-обозрение в 2-х д.,"ЛЕНЧ, Леонид.",,,
12305,Люди как люди: Фантастические рассказы.,"БУЛЫЧЕВ, Кир.",,,
12306,"Люди, как реки...: Документальная повесть.","ЛЕБЕДЕНКО, Петр Васильевич.",,,
12307,Люди конные: Рассказы.,"КРУТИКОВ, Дмитрий Иванович.",,,
12308,"Люди, которые летают.","ТОЛСТОЙ, Владимир Михайлович.",,,
12309,"Люди, которых мы любим.","ГОНЧАРОВА, Татьяна Александровна.",,,
12310,"Люди, которых я видел: Героическая драма в 3-х д. с прологом.","СМИРНОВ, Сергей Сергеевич.",,,
12311,"Люди, которых я люблю.","ПОПОВ, Владимир Федорович.",,,
12312,"Люди, которых я слышал.","МАР, Наум Иосифович.",,,
12313,Люди красного фронта: Повесть из жизни польских колхозов в Белоруссии в 1930 г.,"БОБИНСКАЯ, Елена Федоровна.",,,
12314,Люди Красного Яра: Рассказы.,"БОГДАНОВИЧ, Кирилл Всеволодович.",,,
12315,Люди Краснознаменной.,"РЫБИН, Г.",,,
12316,"Люди любят: Повести, рассказы, очерки.","СЕМЕНОВ, Владимир Иосифович.",,,
12317,Люди малого дела.,"НЕМИРОВИЧ-ДАНЧЕНКО, Василий Иванович.",,,
12318,Люди моего завода.,"ЧАЧКО, Марк Ильич.",,,
12319,Люди моей земли.,"МАРКУША, Анатолий.",,,
12320,Люди моей мечты.,"ДЕМЧЕНКО, Александр Михайлович.",,,
12321,"Люди мои, люди...: Стихи.","КОРИН, Григорий Александрович.",,,
12322,Люди мои хорошие.,"МАЙОРОВ, Ким Моисеевич.",,,
12323,"Люди мои, человеки: Рассказы, пьесы.","НАЗАРЕНКО, Марина Александровна.",,,
12324,Люди молодые.,"ШУМАРОВ, Георгий Михайлович.",,,
12325,Люди моря: Рассказы и повесть.,"ЛЬЮНЕ, Оддмюнд.",,,
12326,Люди моря: Роман.,"ЭЛЬДЕР, Марк.",,,
12327,Люди на болоте: Из полесской хроники. Роман.,"МЕЛЕЖ, Иван Павлович.",,,
12328,Люди на войне: Правдивые рассказы об империалистической войне.,"ЛАЦКО, Андреас.",,,
12329,Люди на льдах: Из экспедиционного дневника.,"ЮНГА, Евгений.",,,
12330,Люди на перепутье.,"ПУЙМАНО-ВА, Мария.",,,
12331,Люди нашего берега: Рассказы.,"РЫТХЭУ, Юрий Сергеевич.",,,
12332,Люди нашего корабля.,"АМУРСКИЙ, Илья.",,,
12333,Люди нашего полка: Роман.,"ХАН-ЗАДЯН, Серо Николаевич.",,,
12334,Люди нашей дивизии.,"БАНКВИ-ЦЕР, Ахилл Львович.",,,
12335,Люди нашей страны: Драматическая поэма в 4-х д.,"СОЛОВЬЕВ, Борис Иванович.",,,
12336,Люди наших дней: Рассказы и очерки.,"ВИНЕЦКИЙ, Ян Борисович.",,,
12337,Люди наших дней: Роман.,"СЫДЫК-БЕКОВ, Тугельбай. ",Утренняя заря (сокращенный перевод).,,
12338,Люди не ангелы: Народная драма в 3-х д.,"СТАДНЮК, Иван Фотиевич.",,,
12339,Люди не ангелы: Роман.,"СТАДНЮК, Иван Фотиевич.",,,
12340,Люди не прячутся в тень: Стихи.,"ПАРМУЗИН, Борис Сергеевич.",,,
12341,Люди незапамятных времен.,"МАРШАЛЛ, Алан.",,,
12342,Люди необычной судьбы.,"СОКОЛОВ, Василий Максимович.",,,
12343,Люди низин.,"БРЫКИН, Николай Александрович.",,,
12344,Люди нового века.,"КАССИЛЬ, Лев Абрамович.",,,
12345,Люди нового Китая!: Очерки.,"КОЖЕВНИКОВ, Вадим Михайлович.",,,
12346,Люди новой Германии: (Заметки советского писателя).,"ЛЕВЧЕНКО, Ирина Николаевна.",,,
12347,Люди огня и железа: (Драма из жизни рабочих в 3-х д.).,"ЗОТОВ, Михаил.",,,
12348,Люди одного района:     Очерки.,"ВОЛЬФСОН, Михаил.",,,
12349,Люди одного экипажа: Рассказы.,"ПЕРВЕНЦЕВ, Аркадий Алексеевич.",,,
12350,Люди одной долины.,"КАИНЧИН, Диваш (КАИНЧИН, Дибаш).",,,
12351,Люди одной дороги: Очерки.,"МАРИНА, Валентина Ивановна.",,,
12352,Люди одной семьи.,"ПАВЛЕНКО, Петр Андреевич.",,,
12353,Люди окраин.,"ВИГИЛЯНСКИЙ, Николай Дмитриевич.",,,
12354,Люди оленьего края.,"МОУЭТ, Фарли Мак-Гилл.",,,
12355,Люди остаются людьми: Роман.,"ПИЛЯР, Юрий Евгеньевич.",,,
12356,Люди остаются людьми: Роман.,"ПОЛЯНКЕР, Григорий Исаакович.",,,
12357,Люди оттуда.,"ДОМБРОВСКАЯ, Мария.",,,
12358,Люди переднего края: Повесть.,"САВИЦКИЙ, Владимир Илларионович.",,,
12359,Люди переднего края: Рассказы.,"ИС-БАХ, Александр.",,,
12360,Люди песков.,"ХУДАЙНАЗАРОВ, Бердыназар.",,,
12361,Люди плененного города: Роман.,"ТАХИР, Кемаль.",,,
12362—12363,Люди под палубой.,"БЛИНОВ, Николай Николаевич. ",,Судьбы...,
12364,Люди помнят: Повесть.,"ПРАВИЛО-ВА, Галина Георгиевна.",,,
12365,Люди предместья Круа-Русс.,"СЕРЕБРЯКОВА, Галина Иосифовна.",,,
12366,Люди привычки: Юмористические рассказы.,"ДЖЕРОМ, Джером Клапка.",,,
12367,Люди Приземелья: Фантастическая повесть.,"МИХАЙЛОВ, Владимир Дмитриевич.",,,
12368,Люди простого сердца: Рассказы.,"ЛАВРЕНЕВ, Борис Андреевич.",,,
12369,Люди прохожие: Вторая книга рассказов (1916—1918   гг.).,"СОБОЛЬ, Анд- ",,,
12370,Люди прошлого: Повесть.,"СОЛОПОВ, Василий Иванович.",,,
12371,Люди прошлого столетия.,"ЛОВЦОВ, Василий Васильевич.",,,
12372,Люди-птицы.,"БОБРОВ, Николай Сергеевич.",,,
12373,Люди ратного подвига.,"ЛИЧАК, Николай Кириллович.",,,
12374,Люди революции: Повесть.,"КУЛИК, М.",,,
12375,Люди революции: Рассказ.,"НЕ- МОЕВСКИЙ, Андрей (НЕМОЕВСКИЙ, Анджей).                        ",,,
12376,Люди родного края.,"ШАГЖИН, Цырен Галзутович.",,,
12377,Люди русского искусства.,"НИКУЛИН, Лев.",,,
12378,Люди с гор: Роман.,"ШАМСОН, Андре.",,,
12379,Люди с красной звездой.,"КА-ЛИНЧЕНКО, Андрей Иванович.",,,
12380,Люди с оружием: Повести и рассказы.,"СТАДНЮК, Иван Фотиевич.",,,
12381,Люди с оружием: Рассказы.,"НИКИТИН, Сергей Исакович.",,,
12382,Люди с разных улиц.,"ЗЕЙТУНЦЯН, Перч Арменакович.",,,
12383,Люди с удивленными глазами.,"КОНОПЛИН, Николай Тихонович.",,,
12384,Люди с характером: Заметки писателя.,"СИМОНОВ, Константин Михайлович.",,,
12385,Люди с чистой совестью: Повесть.,"ВЕРШИГОРА, Петр Петрович.",,,
12385а,Люди с чистой совестью: Пьеса в 4-х д.,"ВЕРШИГОРА, Петр Петрович.",,,
12386,Люди себе не вороги: Повести и рассказы.,"ИВАНОВ, Александр Михайлович.",,,
12387,Люди северного сияния.,"РЫТХЭУ, Юрий Сергеевич.",,,
12388,"Люди, сердцу дорогие: Маленькие повести и очерки.","ЗЛАТОГОРОВ, Михаил.",,,
12389,Люди смотрят на море: Стихи.,"ВААРАНДИ, Дебора Юлиановна.",,,
12390,Люди советских будней.,"ПОЛОНСКАЯ, Елизавета Григорьевна.",,,
12391,Люди сорок восьмого года.,"ЛИНДСЕЙ, Джек.",,,
12392,Люди сороковых годов: Роман.,"ПИСЕМСКИЙ, Алексей Феофилактович.",,,
12393,Люди среди людей: Повести.,"ПОПОВСКИЙ, Марк Александрович.",,,
12394,Люди стали близкими: Роман.,"АБРАМОВ, Кузьма Григорьевич.",,,
12395,Люди становятся иными.,"КОРНЕВ, Александр Семенович.",,,
12396,Люди Суземья: Повесть.,"ПЕТУХОВ, Анатолий Васильевич.",,,
12397,Люди такие разные: Стихи.,"ХОХЛОВ, Сергей.",,,
12398,Люди твердой воли: Рассказы.,"ЖДАНОВ, Николай Гаврилович.",,,
12399,"Люди твои, Россия.","НЕДЕЛЬ, Юрий Григорьевич, ПОЛИЕВКТОВ, Борис Гаврилович.",,,
12400,Люди — те же.,"АРДОВ, Виктор.",,,
12401,Люди театра: Повесть актерской жизни.,"ГИЛЯРОВСКИЙ, Владимир Алексеевич.",,,
12402,"Люди темные: Быль, рассказанная крестьянином.","ТИЩЕНКО, Федор Федорович.",,,
12403,Люди темные: Очерки и картинки из народного быта.,"ЯКУНИН, Иван (ЗАХАРЬИН, Иван Николаевич).",,,
12404,Люди трех океанов: Повесть. Рас- сказы. Новеллы.,"КОТЫШ, Николай Тимофеевич.",,,
12405,Люди тумана: Роман.,"ХАГГАРД, Райдер (ХАГГАРД, Генри Райдер).",,,
12406,"Люди умирают, но дела их живут: Три рассказа для детей.","АНДРЕЕВСКАЯ, Мелетина Николаевна.",,,
12407,Люди Урала.,"ПАНФЕРОВ, Федор Иванович.",,,
12408,Люди ущелий: Роман из жизни хевсур.,"ЧЖИМБЭ, А.",,,
12409,Люди Флинта: Повесть.,"АЛЕКСЕЕВ, Валерий Алексеевич.",,,
12410,Люди хлебного края.,"КОКИН, Лев Михайлович.",,,
12411,Люди-человеки: Маленькие повести.,"КИРЕЕВ, Руслан Тимофеевич.",,,
12412,Люди-человеки: Первый сборник.,"ГРАБАРЬ, Леонид.",,,
12413,Люди шестого сорта: Очерки.,"КИШ, Григорий Исаакович.",,,
12414,Люди-штурм-победа: Героическая быль.,"ЛЕВЧЕНКО, Ирина Николаевна.",,,
12415,Люди штурмуют небо.,"СЕМЕНОВ, Юлиан Семенович.",,,
12416,Люди эти встретятся: Рассказы.,"МОЖАЕВ, Александр Алексеевич.",,,
12417,Люди этого возраста: Рассказы.,"КАССИЛЬ, Лев Абрамович.",,,
12418,Люди этого часа: Пьеса в 1-м д.,"ГАНСОВСКИЙ, Север Феликсович.",,,
12419,"Люди, я любил вас...: Документальный роман.","БУРЯКОВСКИЙ, Юрий Александрович.",,,
12420,Людишки: Повесть.,"ОРЕШИН, Петр Васильевич.",,,
12421,Людишки и делишки.,"ЛЕБЕДЕВ-КУМАЧ, Василий Иванович.",,,
12422,Людмил и Эльвира или Роман в 10-ти карт.,"СОЛОВЬЕВ, Федор. ",,,
12423,Людмила Верховская: Роман; Фантастические рассказы.,"A-В, Ал. (АМФИТЕАТРОВ, Александр Валентинович).",,,
12424,Людмила Донская.,"ГОРДЕЕВА, Валерия Ильинична.",,,
12425,Людмила Павличенко.,"ЛАВРЕНЕВ, Борис Андреевич. ",Неукротимое сердце.,,
12426,Людмила Соболева: Современная мелодрама в 9-ти карт.,"ТЕНЕРОМО, И.",,,
12427,Людный дом.,"ЗОЛОТКОВ, Дмитрий Никифорович.",,,
12428,Людный лес: Стихи.,"СЕРГИН, Виктор Владимирович.",,,
12429,Людовик и Елизавета: Исторический роман.,"МАУРИН, Евгений Иванович.",,,
12430,Людовик XI: Трагедия в 5-ти д.,"ДЕЛЯВИНЬ, Казимир (ДЕЛАВИНЬ, Казимир) .",,,
12431,Людовик XV: Т. 1-2.,"ДЮМА, Александр (отец).",,,
12431а,"Людовик XIII и маршал д'Анкр: Драма в 5-ти д., с прологом.",Имя авт. не установлено.,,,
12432,Людовик XIV и его век: Т. 1-2.,"ДЮМА, Александр (отец).",,,
12433,Людовик XIV или Комедия жизни: Исторический роман. В 4-х ч.,"БРАХФО-ГЕЛЬ, Альберт Эмиль.",,,
12434,Людоед: Из дневника одного фран- цузского офицера.,Имя авт. не установлено.,,,
12435,Людоед: Рассказ.,"ДЕМЕНТЬЕВ, Г.",,,
12436,Людоед Американских Штатов Нат Пинкертон: Дело Западной Федерации Объединенных Рудокопов.,"ТАГАМЛИЦКИЙ, Николай Андреевич.",,,
12437,Людоед в Мальгуди: Роман.,"НА-РАЙАН, Разипурам Кришнасвами.",,,
12438,Людоедка: Исторический роман XVIII века. В 3-х ч.,"ГЕЙНЦЕ, Николай Эдуардович.",,,
12439,Людоедство в поезде.,"ТВЭН, Марк (ТВЕН, Марк).",,,
12440,Людоеды и дикари Огненной земли: Рассказ.,"КАРЮКОВ, А. П.",,,
12441,"Людоеды или Люди шестидесятых годов: Роман; Стихотворения, очерки и сказки.","МИНАЕВ, Дмитрий Дмитриевич.",,,
12442,Людоловы: [Исторический роман]. В 2-х томах.,"ТУЛУБ, Зинаида Павловна.",,,
12443,Людская пыль: Повесть.,"ЧЕРТВАН, Марк (ОССЕНДОВСКИЙ, Антон Мартынович) . ",В людской пыли. (Новая ред.).,,
12444,Людские волны; Беженцы.,"СТЕПА-НЕЦ, Богдан (КУДРИНСКИЙ, Федот Андреевич) . ",Людские волны; Генерал от педагогии.,,
12445,Людские имена.,"МАРТЫНОВ, Леонид Николаевич.",,,
12446,Людские печали: Три рассказа.,"КОНОНОВ, А. Ф.",,,
12447,Людские судьбы.,"СОТНИКОВ, Алексей Ефимович.",,,
12448,Людское поле.,"СМИТ, Герберт.",,,
12449,Людское счастье; Цветет акация: Поэмы.,"ГОДЕНКО, Михаил Матвеевич.",,,
12450,Людское тепло.,"ФЕСЕНКО, Андрей Яковлевич.",,,
12451,Людской рынок: Роман.,"ГЕРГЕЛЬ, Шандор (ГЕРГЕЙ, Шандор).",,,
12452,Людьми зваться...: Рассказы.,"СКРИ-ГАН, Янка.",,,
12453,Люи-Дзинь: Рассказ.,"ЛЯТКОВ-СКАЯ, Ольга Антоновна.",,,
12454,Люизит или Единственно справедливая война: Роман.,"БЕХЕР, Иоганнес Роберт.",,,
12454а,Люизит (CHCI-CH)As: Роман.,"БЕХЕР, Иоганнес Робер. ",Люизит или Единственно справедливая война.,,
12455,Люкс № 405: Одноактная пьеса.,"АРНОЛЬД, А.",,,
12456,Люлечка: Маленький очерк.,"БАР-ДАКОВА, Марина.",,,
12457,Люли:   Повесть.,"АППАКОВА, Дардьжи Сейфуловна (АППАКОВА, Дард-жия Сейфулловна).",,,
12458,Люлли музыкант: Пьеса в 4-х д.,"ЧУМАЧЕНКО, Ада Артемьевна.",,,
12459,Люнггор и К°: Комедия в 4-х д.,"БЕРГСТРЕМ, Яльмар.",,,
12460,Люсенька и ее сосед: Рассказы.,"АСАНОВ, Николай Александрович.",,,
12461,Люсина жизнь: Повесть в 3-х ч.,"ЧАРСКАЯ, Лидия.",,,
12462,Люсси: Из жизни гимназистки наших времен. Драма в 5-ти д.,"РАЙКИН, Л.",,,
12463,Люсьен: Роман.,"БИНЭ-ВАЛЬМЕР, Густав.",,,
12464,Люсьен: [Роман].,"РОМЭН, Жюль.",,,
12465,Люсьен Левен: (Красное и белое). Роман.,СТЕНДАЛЬ.,,,
12466,Люська: [Повесть].,"ТУРИЧИН, Илья Афроимович.",,,
12467,Люська: [Рассказ].,"МАКАРСКАЯ, Тамара.",,,
12468,Лютая година: Историческая повесть в 2-х ч. с прологом и эпилогом.,"КОНДРАТЬЕВ, Иван Кузьмич.",,,
12469,Лютик: Книга символистских опытов I.,"БЕСПЯТОВ, Евгений Михайлович.",,,
12470,Лютик: Рассказ.,"ЗАСОДИМСКИЙ, Павел Владимирович.",,,
12471,Лютик-цветок простенький: Драма в 4-х д.,"ФЕЛИЧЕВ, Ефим.",,,
12472,Лютики.,"БУТЯГИНА, Варвара Александровна.",,,
12473,"Лютики-цветочки: Фельетоны, рассказы.","ЗОЛОТОВ, Давид.",,,
12474,Лютое время: Историко-бытовые сцены в 4-х д.,"УРУСОВ, Леонид Герасимович.",,,
12475,Лютое время и раскаявшаяся грешница: Рассказ.,"ОРЛОВ, Иоанн.",,,
12476,Люттрелли из Аррана: Роман.,"ЛИВЕР, Чарльз Джеймс.",,,
12477,Лютый:   (Коксерек). Рассказы.,"АУЭЗОВ, Мухтар Омарханович.",,,
12478,Лютый охотник.,"СКОТТ, Вальтер.",,,
12479,Люфа: Рассказы и фельетоны.,"ВАСИЛЬЕВ, Аркадий Николаевич.",,,
12480,Люцерн.,"ТОЛСТОЙ, Лев Николаевич. ",Из записок князя Д. Нехлюдова: Люцерн.,,
12481,Люцинда: Роман.,"ШВЕЙЦЕР, Жан Батист.",,,
12482,Люцифер: Роман из времен Наполеона I.,"ФРЕНЦЕЛЬ, Карл Вильгельм.",,,
12483,Люцифер: Сатирическая поэма и стихи.,"ДАТТ, Сальм.",,,
12484,Люцифер и Антихрист: Фантастический диалог.,"ЕЛАЧИЧ, Гавриил Александрович, РУДНИКОВА, Нина.",,,
12485,Люциферов праздник: Романтическая карикатура. Стихотворение.,"ДМИТРИЕВ, Михаил Александрович.",,,
12486,Лягавый: Повесть.,"ВЕПРИЦКАЯ, Людмила Васильевна.",,,
12487,Лягавый: Повесть.,"ГОПП, Филипп Ильич.",,,
12488,Лягушечка: Пьеса в 3-х д.,"ЗА-ПОЛЬСКАЯ, Габриэля.",,,
12489,Лягушка и вол.,"КРЫЛОВ, Иван Андреевич.",,,
12490,Лягушка и две утки.,"БУШ, Вильгельм. ",,Крестьянин и мельник...,
12491,Лягушка не знает океана: Повесть.,"ЧЕРНЕВ, Илья.",,,
12492,Лягушки: Комедия.,АРИСТОФАН.,,,
12493,Ляд: Трагедия в 1-м д.,"ТРЕНЕВ, Константин Андреевич.",,,
12494,Лякуртинская трагедия.,"ГОРОДИ-СКИЙ, Николай Алексеевич.",,,
12495,Лялька: (Из «сказок действительности»).,"НЕМИРОВИЧ-ДАНЧЕНКО, Василий Иванович.",,,
12496,Лялька пятьдесят.,"ЗОЩЕНКО, Михаил Михайлович.",,,
12497,Ляля: (Шутка в 1-м д.).,"СТОЙКИЙ, Андрей Иоасафович.",,,
12498,Лям и Петрик.,"КВИТКО, Лев Моисеевич.",,,
12499,Лях.,"ГЕДРОЙЦ, Сергей (ГЕД-РОЙЦ, Вера Игнатьевна).",,,
