num,title,author,alt_title,in,tail
1,Да.,"СПАССКИЙ, Сергей Дмитриевич.",,,
2,Да будет воля твоя!: Роман.,БУНИНА,,,
3,Да будет день: Рассказы.,"ХАРЛАМОВ, Юрий Ильич.",,,
4,Да будет день!: Стихи (1920—1923).,"СМИРНЕНСКИИ, Христо.",,,
5,Да будет мир!: Стихи.,"МАРГИАНИ, Реваз Акакиевич.",,,
6,Да будет свет!: Кинопоэма.,"ИЗГУР, Илья Юхимович.",,,
7,Да будет солнце: Повесть.,"ЛИХАНОВ, Альберт.       ",,,
8,"Да, был...: Повесть.","ПРАГА, Сергей Сергеевич.",,,
9,"Да, виновен!: Рассказы.","СЕМЕНОВ, Сергей Александрович.",,,
10,"Да, да, Марья Гавриловна всегда права: Комедия в 1-м д.","КАРНЕЕВ, М. В.",,,
11,Да здравствует жизнь!: Драма в 5-ти д.,"ЗУДЕРМАН, Герман.",,,
12,Да здравствует жизнь!: [Стихи].,"БИКБАЙ, Баязит.",,,
13,Да здравствует Лефланшек!: Повесть.,"ГЕРШЕНЗОН, Михаил Абрамович.",,,
14,Да здравствует ложь!,"ГАЙ, Антон.",,,
15,Да здравствует романтика: Стихи.,"КОБЗЕВ, Игорь Иванович.",,,
16,Да здравствует свобода: Оригинальный фарс в 1-м д.,"МЯСНИЦКИЙ, Иван.",,,
17,Да здравствует солнце!: Массовая театрализованная игра в 14-ти эпизодах.,"БАРДОВСКИЙ, Александр Александрович.",,,
18,Да здравствует солнце!: Поэма.,"ТРУХАНОВ, Владимир Иванович.",,,
19,Да здравствует труд!: (Суд над дезертирами). Революционная пьеса в 4-х д.,"ВИШНЕВСКИЙ, Феликс Феликсович.",,,
20,Да здравствует холостая свобода.,"ВИЛЬБРАНДТ, Адольф.",,,
21,Да здравствуют Архимеды!: Заметки о молодых ученых Сибири.,"ИЛАТОВСКАЯ, Тамара Александровна.",,,
22,Да здравствуют Советы!,ХАМЗА ХАКИМ-ЗАДЕ Н,,,
23,Да и нет: Избранное.,"АЛИГЕР, Маргарита Иосифовна.",,,
24,Да и нет: Стихи.,"ТЕМИН, Л.",,,
25,Да и нет: Стихотворение.,"ОЛЬДЕНБУРГСКИЙ, Петр Георгиевич.",,,
26,Да или нет?: Рассказы.,"ЮФИТ, Матильда Иосифовна.",,,
27,"Да, карты...: Драматический этюд в 2- х д.",Л. Б.,,,
28,"Да, мир перевернулся!: Комедия в 3- х д.","ПАПАЯН, Арамашот.",,,
29,Да... он умер: Рассказ.,Имя авт. не установлено.,,,
30,Да поможет мне бог.,"ДЖЕКСОН, Феликс.",,,
31,Да поможет человек.,"ЖЕЛЕЗНИ-КОВ, Владимир Карпович.",,,
32,Да пробудится лесоруб!: Стихи и поэмы.,"НЕРУДА, Пабло.",,,
33,Да святится имя твое!: Повести.,"МИ-ХАЛЬСКИИ, Вацлав Вацлавович.",,,
34,Да сгинет день...: Роман.,"ГОРДОН, Джеральд.",,,
35,Да скроется тьма!: [Воспоминания].,"БАБИНЕЦ, Александр Иванович.",,,
36,Да скроется тьма!: Драматическая поэма в 3-х д.,"ЛЕДАКОВ, Александр.",,,
37,"Да, тетя. Нет, тетя: Комедия в 2-х д.","ВОЛЬФ, Сергей Евгеньевич.",,,
38,"Да, я — азиат: Стихи и поэма.","БА-БАДЖАН, Рамз.",,,
39,Дабб: (О шигюхвоете).,"ЧЕГЛОК, Александр.",,,
40,Давай встретимся в Глазго: Повесть.,"ДМИТРЕВСКИЙ, Владимир Иванович.",,,
41,"Давай, давай!: Юмористические рассказы и фельетоны.","СЕМЕНОВ, Мануил Григорьевич.",,,
42,Давай закурим: Стихи.,"ФРЕНКЕЛЬ, Илья Львович.",,,
43,Давай улетим...: Пьеса из жизни каторжан на «колесухе».,"СОБОЛЬ, Андрей.",,,
44,Давайте закругляться!: Сатира и юмор.,"ПРАГ, Эммануил Исаакович, РОН-КИН, Михаил Михайлович.",,,
45,"Давайте не будем!: Басни, фельетоны, сатирические миниатюры.","СВЕТЛОВ, Игорь Алексеевич.",,,
46,Давайте не будем!: Комедия в 2-х д.,"МИНКО, Василий Петрович.",,,
47,"Давайте не будем!: Сатирические стихи, дружеские шаржи, пародии.","СТОЧИК, Михаил Яковлевич.",,,
48,Давайте помечтаем о бессмертье.,"СЕЛЬВИНСКИЙ, Илья Львович.",,,
49,Давайте посмеемся: Юмористические рассказы.,"ТВЭН, Марк (ТВЕН, Марк).",,,
50,Давайте радовать друг друга: Лирические стихи.,"СМИРНОВ, Сергей Васильевич.",,,
51,Давид Альрой: Исторический роман.,"Д'ИЗРАЭЛИ (БИКОНСФИЛЬД, Бенджамин Дизраэли).",,,
52,"Давид Грив: Рассказ о том, как человек нашел дорогу в жизни.","УОРД, Гемфри (УОРД, Мэри).",,,
53,Давид и Голиаф.,"ЕСЬКОВ, Александр. ",,Песня о голоде...        о,
54,"Давид Игоревич, князь Владимирский или 1097 год: Исторический роман XI в. Ч. 1—4.",РУДНЕВСКИИ.,,,
55,Давид из Сагурамо: Повесть.,"КВЛИ-ВИДЗЕ, Михаил Георгиевич.",,,
56,Давид Копперфильд: Ч. 1—4.,"ДИККЕНС, Чарльз.",,,
57,"Давид Копперфильд младший: Его жизнь, приключения, испытания и наблюдения.","ДИККЕНС, Чарльз.",,,
58,"Давид Копперфильд (младший) из дома Грачи, что в Блондерстоне: Его личная история, приключения, опыты и наблюдения, которых он никогда, ни под каким видом, не намерен был издавать в свет. Роман. Ч. 1—3.","ДИККЕНС, Чарльз.",,,
59,Давид Левин.,"ЮШКЕВИЧ, Семен Соломонович.",,,
60,Давид Сасунский: Драма в 4-х д. в стихах.,"ВАГАРШЯН, Вагарш.",,,
61,Давид Сасунский: Повесть по мотивам армянского эпоса.,"ЗАРЬЯН, Наири.",,,
62,Давид Сасунский: [Поэма].,"ТУМАНЯН, Ованес Тадевосович.",,,
63,Давид Строитель.,"ГАМСАХУРДИА, Константинэ (ГАМСАХУРДИА, Константин Семенович).",,,
64,"Давид, царь Иудейский: Историческая хроника в 5-ти д.","КРЕМЛЕВ, Анатолий Николаевич.",,,
65,Давитиани: Стихотворения и поэмы.,"ГУРАМИШВИЛИ, Давид Георгиевич.",,,
66,Давние испытания: Выражения мыслей стихами.,"СТРАХОВ, Сергей Иванович.",,,
67,"Давнишнее, недавнее и теперешнее: Рассказ.","ЛЕСЛИ, Алиса.",,,
68,Давно и недавно: Рассказы.,"ФЕДИН, Константин Александрович.",,,
69,"Давно, когда была юность: Повесть.","МИНУТКО, Игорь Александрович.",,,
70,Давно минувшее: [Повесть].,"КОТЕЛЬНИКОВ, Никифор Захарович.",,,
71,Давно минувшее: Студенческие воспоминания.,"ПОЛЕЖАЕВ, Петр Васильевич.",,,
72,Давным-давно: (Питомцы славы). Героическая комедия в стихах. В 4-х актах.,"ГЛАДКОВ, Александр Константинович.",,,
73,Давным-давно: [Юмористические рассказы].,"КРЕМЛЕВ, Илья.",,,
74,Давняя история; Страх высоты.,"ШЕСТАКОВ, Павел Александрович.",,,
75,Даврон Газиев — гвардии капитан: Повести.,"ЯКУБОВ, Адыл.",,,
76,Давыдкин надел: Рассказы и очерки.,"ГОРЮНОВ, Иван Григорьевич.",,,
77,Дагестанские встречи.,"ТРУНОВ, Дмитрий Иванович.",,,
78,Дагестанские захолустья.,"НЕМИРОВИЧ-ДАНЧЕНКО, Василий Иванович.",,,
79,Дагестанский пленник или Неумолимый мститель: Закавказский роман.,З...,,,
80,Дагестанцы в боях за Родину.,"ТРУНОВ, Дмитрий Иванович.",,,
81,Дагмара дочь Грузии: Современная драма в 5-ти д.,"СТАМАТИ, Константин Константинович (СТАМАТИ-ЧУРЯ, Константин Константинович).",,,
82,Дадай.,"КОЖЕВНИКОВ, Алексей Венедиктович.",,,
83,Даешь!: Как будто стихи.,"БОГОРОДСКИЙ, Федор Семенович.",,,
84,"Даешь знание в деревню: Инсценировка в 3-х карт, для изб-читален.","ПОЛЕЖАЕВА, Лидия Владимировна.",,,
85,Даешь кооперацию.,"АРСКИЙ, Павел.",,,
86,Даешь небо!: Четыре буквы или Общество Друзей Воздушного Флота. Рассказы для крестьян про красный аэроплан.,"НИКИТА (РАППОПОРТ, Василий Александрович).",,,
87,Даешь овощи: Живой лубок в 2-х карт.,"АЛЕКСАНДРОВ, Василий.",,,
88,Даешь остров Врангеля!,С—Н.,,,
89,Даешь Парнас!: Литературные пародии.,"ГЛАЗКОВ, Михаил Иванович.",,,
90,Даешь подписку на «Горнорабочий»: Инсценировка-фельетон для живой газеты.,"КРАСНЫЙ, Саша. ","Эй, горнорабочий! Даешь подписку на «Горнорабочий».",,
91,Даешь шпану!,"ЧЕРНИЙ, В. (БРЕ-НЕВ, Николай Николаевич).",,,
92,Дайра или Ужасные заблуждения ума и сердца: Трогательная повесть.,"ЛА ПОПЛИНЬЕР, Александр Жан Жозеф Ле ",,,
93,"Дай лапу, Друг!: Киносценарий.","ГЕРМАН, Юрий Павлович.",,,
94,"Дай мне новые крылья, Родина: Стихи.","ФЕДОТОВСКИХ, Македоний Васильевич.",,,
95,Дай пять!: Пьеса в 3-х кругах.,"РО-СТИСЛАВЛЕВ, Н.",,,
96,"Дай руку, друг: Стихи и поэма.","ИДРИСОВ, Кабдыкарим.",,,
97,"Дай руку, товарищ!: Документальная повесть о В. А. Карпинском.","ПОНИЗОВ-СКИЙ, Владимир Миронович.",,,
98,"Дай руку, товарищ!: Очерки.","ЧЕР-ЧЕСОВ, Георгий Ефимович.",,,
99,Дай руку утренней заре: Роман.,"ЗИГМОНТЕ, Дагния Андреевна.",,,
100,Дай-хон-тайджи и Бальджин: Рассказ старого убаши.,"ОРДЫНСКИЙ, Аполлон Ксаверьевич.",,,
101,Дайте курс: Повесть.,"МАРКУША, Анатолий.",,,
102,Дайте мне лебедя.,"СУКОНЦЕВ, Александр Алексеевич.",,,
103,Дайте мне старуху: Фарс-водевиль.,"САВИНОВ, В. И.",,,
104,"Дайте срок...: Лирика, юмор.","АНЦИФЕРОВ, Николай Степанович.",,,
105,Дайте точку опоры: Роман.,"ГОРБАЧЕВ, Николай Андреевич.",,,
105а,Даколар и Любен: Уголовный роман.,"БЕЛО, Адольф, ДОТЭН, Жюль (ДО-ТЕН, Жюль).",,,
106,Дал-взял: Сатирические стихи.,ЖА-МИДИН.,,,
107,Далекая Вега: Роман.,"ГЕРАСИМОВ, Иосиф.",,,
108,Далекая звезда: Рассказы.,"ЧЕРНЕНКО, Владимир Александрович.",,,
109,Далекая звезда моя: Стихи и поэмы.,АЙБЕК.,,,
110,Далекая от Солнца: Фантастика.,"МИХЕЕВ, Михаил Петрович.",,,
111,Далекая принцесса: Пьеса в 1-м д.,"ЗУДЕРМАН, Герман.",,,
112,Далекая радуга: Фантастические повести.,"СТРУГАЦКИЙ, Аркадий Натанович, СТРУГАЦКИЙ, Борис Натанович.",,,
113,Далекая слышимость: Книга стихов.,"ОЗЕРОВ, Лев Адольфович.",,,
114,Далекая юность: Повесть.,"КУРАКИН, Петр Григорьевич.",,,
115,Далекие берега: Стихи.,"КОВАЛЕВ, Дмитрий Михайлович.",,,
116,Далекие — близкие: Повесть.,"КА-ЛИШКИН, Александр Андреевич.",,,
117,Далекие весны: Рассказы и повесть.,"КОЛЬЧУГИН, Михаил Прокофьевич.",,,
118,Далекие ветры: Повести.,"КОНЬЯКОВ, Василий Михайлович.",,,
119,Далекие годы: Автобиографическая повесть.,"ОРЛИЦКИЙ, С. С. (ОКРЕЙЦ, Станислав Станиславович).",,,
120,Далекие годы: Повесть о детстве и юности.,"ПАУСТОВСКИЙ, Константин Георгиевич.",,,
121,Далекие годы: Рассказы.,ЛЕСНИК.,,,
122,Далекие горнисты.,"КРАПИВИН, Владислав Петрович.",,,
123,Далекие города: Повесть.,"ЕМЕЛЬЯНОВ, Геннадий Арсентьевич.",,,
124,Далекие дни: Рассказы.,"ЧАРОВ, Н. (ФЕДОРЧЕНКО, Леонид Семенович).",,,
125,Далекие дни: Сборник рассказов.,"ЛАДЫЖЕНСКИЙ, Владимир Николаевич.",,,
126,Далекие друзья: Рассказы.,"КОЛЯ-СТРУК, Николай Дмитриевич.",,,
127,Далекие друзья: Рассказы.,"ПОЛЕВОЙ, Борис.",,,
128,Далекие зарницы: Повесть о любви и верности.,"МАЛЬКЕВИЧ, Елена Макаровна.",,,
129,Далекие зарницы: Пьеса в 3-х д.,"МОТОРИН, Илья Васильевич.",,,
130,Далекие зарницы: Рассказы.,"КЛДИ-АШВИЛИ, Серго Давидович.",,,
131,Далекие и близкие: Рассказы.,"ЛЮБ-ЧЕНКО, Аркадий Афанасьевич.",,,
132,Далекие Колодцы: Рассказы.,"КАЛИНОВСКИЙ, Геннадий.",,,
133,Далекие небосклоны: Стихи.,"РЫЛЬ-СКИИ, Максим Фаддеевич.",,,
134,Далекие огни: Роман.,"ШОЛОХОВ-СИНЯВСКИЙ, Георгий Филиппович.",,,
135,Далекие огни: Стихи.,"КОРОБОВ, Иван Константинович.",,,
136,Далекие плесы: Стихи.,"ТРЯПША, Валерий Владимирович.",,,
137,Далекие призраки.,БАНОВАНИ.,,,
138,Далекие причалы.,"САВЕЛЬЕВ, Владимир Семенович.",,,
139,Далекие рейсы: Роман.,"ЧАУСОВ, Николай Константинович.",,,
140,Далекие сестры: Рассказ.,"ЧАЧИКОВ, Александр Михайлович.",,,
141,"Далекие сны: Из детской жизни. коцевольская,",Л. А.,,,
142,"Далекие стаи: Стихи, поэмы.","КРАВЧЕНКО, Игорь Георгиевич.",,,
143,Далекий Восток; Жертва злому духу; Полсуток на дереве: Рассказы для детей.,"МАКСИМОВ, Александр Яковлевич.",,,
144,Далекий голос: Рассказы.,"ЛАВРИ-НАЙТИС, Виктор Брониславович.",,,
145,Далекий голос кукушки: Рассказы и повесть.,"КОЛИСНИЧЕНКО, Анатолий Илларионович.",,,
146,"Далекий, далекий путь на Берлин.","СВИСТУНОВ, Иван Иулианович.",,,
147,Далекий дом: Повесть.,"ВАЛЕЕВ, Рустам Шавлиевич.",,,
148,Далекий друг: Повесть и рассказы.,"ЛИДИН, Владимир Германович.",,,
149,Далекий край: Роман.,"ЗАДОРНОВ, Николай Павлович.",,,
150,Далекий край: Североморские стихи.,"ОЙСЛЕНДЕР, Александр Ефимович.",,,
151,Далекий маршрут: Стихи.,"ОСТРОВСКАЯ, Нина Аркадьевна.",,,
152,Далекий путь к свету: Стихи и поэма.,"МАВДЖУДА (ХАКИМОВА, Мавджуда Аминджановна).",,,
153,Далекий сад: Избранные стихи.,"ВАЛА, Катри.",,,
154,Далекий фронт: Повесть.,"СОБКО, Вадим Николаевич.",,,
155,Далеко в Баренцевом море: Рассказы.,"ЧЕКУОЛИС, Альгимантас Юргисович.",,,
156,Далеко в стране Иркутской: Роман.,"ЗВЕРЕВ, Алексей Васильевич.",,,
157,Далеко в стране Иркутской: Сибирское повествование.,"ТАУРИН, Франц Николаевич.",,,
158,Далеко в стране Сибирской: Стихи и сказы.,"ОЛЬХОН, Анатолий.",,,
159,Далеко во все стороны: Рассказы.,"ОСИН, Дмитрий Дмитриевич.",,,
160,Далеко-далеко: Повести и рассказы.,"АВДЕЕВ, Виктор Федорович.",,,
161,Далеко-далеко от фронта: Рассказы.,"ЕРОХОВЕЦ, Александр Степанович.",,,
162,Далеко до апреля: Повести и рассказы.,"ДРАБКИНА, Алла Вениаминовна.",,,
163,Далеко до океана: Поэма.,"КУЛЕШОВ, Аркадий Александрович.",,,
164,Далеко и близко: Повесть.,"ОТРЕШ-КО, Михаил Андреевич.",,,
165,"Далеко и близко, высоко и низко: Рассказы и повесть.","КАССИЛЬ, Лев Абрамович.",,,
166,Далеко ли до Сайгатки?: Повесть.,"ПЕРФИЛЬЕВА, Анастасия Витальевна.",,,
167,Далеко на Восток.,"РАИТ Л ЕР, Юдифь Наумовна.",,,
168,Далеко на Востоке: Халхингольские записки.,"СИМОНОВ, Константин Михайлович.",,,
169,Далеко на Севере: [Повесть].,"БЕ-ГАНСКАЯ, Ядвига Иосифовна.",,,
170,Далеко на Севере: Повесть.,"МИРОНОВ, Александр Евгеньевич.",,,
171,Далеко на Севере: Пьеса в 4-х д.,"ГЕРМАН, Юрий Павлович, РЕСТ, Б. (ША-РО, Юлий Исаакович).",,,
172,Далеко на севере: Стихи.,"КОВА-ЛЕНКОВ, Александр Александрович.",,,
173,Далеко на Севере; Студеное море; Аттестат: Повести.,"ГЕРМАН, Юрий Павлович.",,,
174,Далеко на юг от Берингова пролива: Рассказы.,"МОРА, Виктор.",,,
175,Далеко от войны: Повесть.,"НАГИБИН, Юрий Маркович.",,,
176,Далеко от Москвы: Роман.,"АЖА-ЕВ, Василий Николаевич.",,,
177,Далеко от Сталинграда: Пьеса в 4-х д.,"СУРОВ, Анатолий Алексеевич.",,,
178,Далеко по ту сторону фронта: Повести и рассказы.,"ГОРЧАКОВ, Овидий Александрович.",,,
179,Далекое: Драма в 3-х актах.,"АФИНОГЕНОВ, Александр Николаевич. ",,,
180,Далекое: [Рассказы].,"ОПОЧИНИН, Евгений Николаевич.",,,
181,Далекое — ближе: Стихи.,"МАМПО-РИЯ, Отар Антонович.",,,
182,Далекое — близкое.,"РЕПИН, Илья Ефимович.",,,
183,Далекое и близкое: Драма в 2-х д.,"ПАВЛОВ, Илья Ермолаевич.",,,
184,Далекое и близкое: Повесть и рассказы.,"НАГИБИН, Юрий Маркович.",,,
185,Далекое не забытое...,"КОРОЛЬКОВ, Юрий Михайлович.",,,
186,Далекое Рождество: (Из детских воспоминаний).,"КРУГЛОВ, Александр Васильевич.",,,
187,Далекое созвездие: Романтическая повесть. Рассказы.,"ДОМОГАЦКИХ, Михаил Георгиевич.",,,
188,Далече северной столицы.,"ПУШКИН, Александр Сергеевич.",,,
189,Дали: Стихи.,"КУТОВ, Николай Николаевич.",,,
190,Дали: Стихи.,"МАРГАРЯН, Арша-луйс Акоповна.",,,
191,Дали: Стихи 1922 г.,"БРЮСОВ, Валерий Яковлевич.",,,
192,Дали блаженные!: Мелкие стихотворения.,"АНТОНОВ, К. Е.",,,
193,Дали вечерние.,"ВЛАДИМИРОВА, Ада.",,,
194,Дали лазурные: Роман.,"БАЙРАМОВ, Байрам Салман-оглы.",,,
195,Дали неоглядные.,"ВИРТА, Николай Евгеньевич. ",,,
196,Дали прошедшего: Автобиографическая повесть.,"ГОЛИКОВ, Иван Кузьмич.",,,
197,Дали родные: Стихи.,"КОВАЛЕВ, Василий Иванович.",,,
198,Дали туманные: Рассказы.,"БУДИ-ЩЕВ, Алексей Николаевич.",,,
199,Далила: Драма в 3-х д.,"ФЕЛЬЕ, Октав (ФЕИЕ, Октав).",,,
200,Далила: Из библейских преданий.,"КИЧЕЕВ, Петр Иванович.",,,
201,Далскабаты: Грешная деревня или Забытый черт. Комедия в 8-ми карт.,"ДРДА, Ян.",,,
202,Даль: Повесть.,"ТРУСОВ, Юрий Сергеевич.",,,
203,Даль: Рассказ.,"БРЕД (ГОРГУЛОВ, Павел).",,,
204,Даль вблизи: Стихи и переводы.,"ЛЬВОВ, Михаил Давыдович.",,,
205,Даль голубая: Стихи.,"КРЫЛОВ, Револьд Александрович.",,,
206,Даль зовет: Из воспоминаний скитальца.,"ГОЛЕНИЩЕВ-КУТУЗОВ, Арсений Аркадьевич.",,,
207,Даль открыта: Стихи.,"МАЛОХАТ-КИН, Иван Иванович.",,,
208,Даль полевая: Роман.,"ХАДКЕВИЧ, Тарас Константинович.",,,
209,Даль свободного романа.,"ИВАНОВ, Борис Евгеньевич.",,,
210,Даль степная: Повесть.,"МАЛЫГИН, Виктор Макарович.",,,
211,Даль степная: Стихи.,"ЖАЛСАРА-ЕВ, Дамба Зодбич.",,,
212,Даль степная: Стихи.,"КОСТЯКОВ, Иван Мартынович.",,,
213,Дальневосточная поэма.,"ДАЛЬНИЙ, Борис.",,,
214,Дальневосточная прописка: Стихи.,"АРБУЗОВ, Игорь Семенович.",,,
215,Дальневосточные встречи.,"ШУСТИКОВ, Владимир Степанович.",,,
216,Дальневосточные повести.,"ЛИДИН, Владимир Германович.",,,
217,Дальневосточные повести.,"МОЖА-ЕВ, Борис Андреевич.",,,
218,Дальневосточные рассказы.,"ДИКОВ-СКИЙ, Сергей Владимирович.",,,
219,Дальневосточные рассказы.,"КАЦ, С., ТРАВИН, Григорий Степанович.",,,
220,Дальневосточные рассказы.,"ЛАПИН, Борис Матвеевич, ХАЦРЕВИН, Захарий Львович.",,,
221,Дальневосточные стихи.,"ДОЛМАТОВСКИЙ, Евгений Аронович.",,,
222,Дальнее — близкое.,"БАЖОВ, Павел Петрович.",,,
223,Дальнее дерево: Стихи.,"ПЕТРОВЫХ, Мария Сергеевна.",,,
224,Дальнее плавание: Повесть.,"ФРАЕР-МАН, Рувим Исаевич.",,,
225,Дальнее плаванье: Рассказ.,"СОЛОВЬЕВ, Леонид Васильевич.",,,
226,Дальнее эхо: Драма в 3-х д.,"ГО-ЛОВАНИВСКИЙ, Савва Евсеевич.",,,
227,Дальние берега: Повести и рассказы.,"СОКОЛОВ-МИКИТОВ, Иван Сергеевич.",,,
228,Дальние берега: Стихи.,"АВРАМЕНКО, Илья Корнильевич.",,,
229,Дальние березы: Рассказы и были.,"ЖУМАКАНОВ, Жекен.",,,
230,Дальние горизонты: Открытия и приключения русских путешественников.,"СЕВЕРИН, Николай, ЧАЧКО, Марк Ильич.",,,
231,Дальние дороги: (Из приморской тетради).,"ОСИПОВ, Иосиф Зиновьевич.",,,
232,Дальние дороги: Избранные стихи.,"ПАРВЕ, Ральф Людвигович.",,,
233,Дальние дороги: Книга стихов.,"КЕ-ЖУН, Бронислав Адольфович.",,,
234,Дальние дороги. Повести и рассказы.,"ПАСЬКО, Семен Данилович.",,,
235,Дальние дороги: Повесть.,"ЦЫБЕН-КО, Михаил.",,,
236,Дальние дороги: Рассказы.,"МОЖА-ЕВ, Борис Андреевич.",,,
237,Дальние дороги: Рассказы.,"УПИТ, Андрей Мартынович.",,,
238,Дальние дороги: Роман.,"БАЛТРУ-НАС, Алексас Казевич.",,,
239,Дальние дороги: Стихи.,"ГОЛЬСКИИ, Евгений Иннокентьевич.",,,
240,Дальние дороги: Стихи.,"ШЕМШЕ-ЛЕВИЧ, Леонид Вениаминович.",,,
241,Дальние зарницы: Повесть из детских лет.,"ЛЕВИЦКИЙ, Петр А.",,,
242,Дальние края: Повесть.,ВАН ЛИНЬ.,,,
243,Дальние маршруты: Стихи.,"СОЛОВЬЕВ, Борис Иванович.",,,
244,Дальние молнии: Рассказы.,"ГОРОДЕЦКИЙ, Сергей Митрофанович.",,,
245,Дальние отзвуки синего вечера.,"РАЙНИС, Ян.",,,
246,Дальние поезда: Рассказы.,"АНТОНОВ, Сергей Петрович.",,,
247,Дальние поезда: Стихи.,"КРАВЦОВ, Александр Федорович.",,,
248,"Дальние поляны: Повести, рассказы.","ПАУШКИН, Геннадий Александрович.",,,
249,Дальние просторы: Повесть.,"СЛА-НОВ, Габдул.",,,
250,Дальние разведчики.,"СИМОНОВ, Константин Михайлович.",,,
251,Дальние сигналы: Стихи и поэмы.,"КУГУЛЬТИНОВ, Давид Никитич.",,,
252,Дальний ветер: Рассказы.,"БОРОВИКОВ, Григорий Федорович.",,,
253,Дальний Восток: Воспоминания и рассказы.,"СТРЕЛОК (КОЗЬМИН, Г.).",,,
254,Дальний Восток: Стихи.,БЫТОВОЙ. ,,,
255,«Дальний Восток» и другие стихотворения.,"Р—Ъ, Я. (РЕБРОВ, Яков Яковлевич).",,,
256,Дальний гарнизон: Поэма.,"ГУДЗЕНКО, Семен Петрович.",,,
257,Дальний Запад: Американский рассказ.,"ЭМАР, Густав (ЭМАР, Гюстав).",,,
258,Дальний край: Роман.,"ЗАЙЦЕВ, Борис Константинович.",,,
259,Дальний поезд: Стихи.,"ФАРБЕР, Александр Михайлович.",,,
260,Дальний поиск: Рассказ о разведчиках.,"ФИШ, Геннадий Семенович.",,,
261,Дальний полет: Стихи и поэма.,"ХУ-ЗАНГАЙ, Педер (ХУЗАНГАЙ, Петр Петрович).",,,
262,Дальний полустанок: Стихи.,"САВО-СТИН, Николай Сергеевич.",,,
263,Дальний поход: Повесть.,"САКСОНОВ, Владимир Исаакович.",,,
264,Дальний поход: Рассказы о юных натуралистах.,"ШУБИН, Алексей Иванович.",,,
265,Дальний прицел: Повесть.,"ЧЕРЕ-МИСИН, Борис Петрович.",,,
266,Дальний путешественник: Рассказы.,"АНТОНОВ, Сергей Федорович.",,,
267,Дальний путь: Стихи и поэмы.,"НАРОВЧАТОВ, Сергей Сергеевич.",,,
268,Дальний рейс: Лирический дневник.,"НЕВЕРОВ, Игорь Михайлович.",,,
269,Дальний рейс: Повести и рассказы.,"ПОПОВ, Виктор Николаевич.",,,
270,Дальний рейс: Рассказы.,"БЕРКУТ, Анатолий Николаевич.",,,
271,Дальний родственник: Комедия в 5-ти д.,"ЛОБАНОВ, Дмитрий Иванович.",,,
272,Дальний родственник: Комедия в 3-х д.,"ХАЗИН, Александр Абрамович.",,,
273,Дальний родственник: Фельетоны.,"МИТНИЦКИИ, Лазарь Давидович.",,,
274,Дальний рубеж: Стихи.,"ЕВСТАФЬЕВ, Николай Филиппович.",,,
275,Дальний свет: Стихи.,"ПРЕЛОВ-СКИЙ, Анатолий Васильевич.",,,
276,Дальними тропами.,"ЯЛЬМАРОВ, Александр Иванович.",,,
277,Дальних лет поезда: Стихи.,ЛЯ* ,,,
278,Дальнозоркость: (Стихи).,"МАРТЫНОВ, Николай Иванович.",,,
279,Дальнозоркость: Стихи. Баллады. Трагедия.,"ГАЛКИН, Самуил Залманович.",,,
280,Дальняя бухта.,"КРАТТ, Иван Федорович.",,,
281,Дальняя дорога: Избранные стихи.,"ПРАСКУНИН, Михаил Васильевич.",,,
282,Дальняя дорога: Комедия в 3-х актах.,"АРБУЗОВ, Алексей Николаевич.",,,
283,Дальняя дорога: Пьеса в 4-х д.,"ЛАВРЕНЕВ, Борис Андреевич. ","За тех, кто в море",,
284,Дальняя дорога: Рассказы.,"БОРИСОВ, Климентий Федорович.",,,
285,Дальняя дорога: Рассказы.,ТЭСС. ,,,
286,Дальняя дорога: Роман.,"КАТЕРЛИ, Елена.",,,
287,Дальняя земля: Стихи.,"КОРЖИКОВ, Виталий Титович.",,,
288,Дальняя поездка: Рассказы.,"ГАНИНА, Майя Анатольевна.",,,
289,Дальняя разведка: Очерки.,"ОСИПОВ, Иосиф Зиновьевич.",,,
290,Дальняя родственница: [Повесть].,"ГЕРАСИМОВА, Валерия Анатольевна.",,,
291,Дальняя родственница: Скетч в 1-м д.,"ГОРЕВ, Илья Александрович.",,,
292,Дальняя сопка: Стихи.,"ТАБАЧНИКОВ, Семен Михайлович.",,,
293,Дальше в лес — больше дров: Случай на маневрах.,"ВАСИЛЬКОВСКИЙ, Александр Константинович.",,,
294,Дальше от Зевса!: Бытовые картины эпохи римских царей.,ШАХОВСКАЯ Л,,,
295,Дама бубен: Драма в 5-ти д.,"СТЕФЕНСОН, В., ШАМБЕРС, Чарльз Гаддон (ЧЕМБЕРС, Чарлз Гаддон). ",Червонная дама.,,
296,Дама в зеленой маске: (Зеленая маска). Маскарадная история в 1-м д.,"ИВАНЬШИН, Николай Евгеньевич.",,,
297,Дама в черном: Необычайные при- ключения репортера Иосифа Рультабиля.,"ЛЕРУ, Гастон.                 ",,,
298,Дама из 23-го номера: Фарс в 3-х д.,"ГАВО, Поль.",,,
299,Дама из кафе-шантана: Фарс в 3-х д.,"ЛЕОНАРД, Николай Семенович, ПРОТОПОПОВ, Виктор Викторович.",,,
300,Дама из Петербургского полусвета; Камелии; Шпиц-бал за городом.,"ПАНАЕВ, Иван Иванович.",,,
301,Дама из Тиволи; Эн-Тру.,"ГАМСУН, Кнут.",,,
302,Дама из Торжка: Комедия в 4-х д.,"БЕЛЯЕВ, Юрий Дмитриевич.",,,
303,Дама из «Фарса»: Фарс в 3-х д.,"НЕЗНАМОВ, В. (ПРОТОПОПОВ, Виктор Викторович), НАРД, Н. (ЛЕОНАРД, Николай Семенович). ",Дама из кафе-шантана.,,
304,Дама-невидимка: Комедия в 3-х д.,"КАЛЬДЕРОН, Педро (КАЛЬДЕРОН ДЕ ЛЯ БАРКА, Педро).",,,
305,Дама от комиссара: Фарс в 3-х д.,"ВЕБЕР, Пьер, КОТТЕН, Виктор.",,,
306,Дама от Максима: Фарс в 3-х д.,"ФЕЙДО, Жорж.",,,
307,Дама под вуалью: Юмористический рассказ.,"ЕЛИЗАВЕТИН (ШТЕЙН, О. С.).",,,
308,Дама под кроватью: Трагикомический эскиз.,"МИН, X. А. (ШУХМИН, Христофор Алексеевич).",,,
309,Дама с камелиями: Драма в 5-ти д.,"ДЮМА, Александр (сын).",,,
310,Дама с камелиями: Роман.,"ДЮМА, Александр (сын).",,,
311,"Дама с музыкой: Рассказы, фельетоны,, миниатюры.","СЕИФЕДДИН, Даглы (ДАГЛЫ, Сейфеддин).",,,
312,Дама с Нарциссом: Фельетоны.,"НА-РИНЬЯНИ, Семен Давыдович.",,,
313,Дама с собачкой.,"ЧЕХОВ, Антон Павлович.",,,
314,Дама с темпераментом.,"БРЕШКО-БРЕШКОВСКИИ, Николай Николаевич.",,,
315,Дамба Шевчука: Рассказы-были.,"ГЛУХОВСКИИ, Семен (ГЛУХОВСКИИ, Самуил Давидович).                     ",,,
316,"Дамиан Игнатьевич Многогрешный, гетман Малороссии: Историческая драма в 5-ти актах.","БАЗИЛЕВИЧ, Петр.",,,
317,Дамка.,СКИТАЛЕЦ. ,,Встреча...,
318,Дамоклов меч.,НАЗЫМ ХИКМЕТ.,,,
319,Дамоклов меч и гордиев узел: Исторический роман.,"ГАРИБАЛЬДИ, Джузеппе.",,,
320,Дамочка с причудами: Смешная история в 3-х д.,"ГАРИН, А. П.",,,
321,Дамочка с пружинкой: Миниатюра в 1-м д.,"БЕЛАЯ, Софья (БОГДАНОВСКАЯ, Софья Николаевна).",,,
322,Дамочки пошутили: Шутка в 1-м д.,"ГРАНИТОВ (ТУРКИН, Никандр Васильевич).",,,
323,Дамская война: Комедия в 3-х д.,"ЛЕГУВЕ, Эрнест, СКРИБ, Евгений (СКРИБ, Эжен).",,,
324,Дамская дуэль: Комедия в 1-м д.,"БРАККО, Роберто.",,,
325,Дамская протекция: Комедия-шутка в 3-х д.,Имя авт. не установлено.,,,
326,"Дамский кружок равноправия: Ни го, ни се... в 1-м д.","СЕРПОЛЕТТИ, А. ",,,
327,Дамский магазин: Роман.,"ЗОЛЯ, Эмиль.",,,
328,Дамский рассказчик или Парижские вечера.,"ШАРРЕН, Пьер Жозеф.",,,
329,Дамский угодник: Комедия в 4-х д.,"МОЗЕР, Густав.",,,
330,Дамское счастье.,"ЗОЛА, Эмиль (ЗОЛЯ, Эмиль).",,,
331,Дамы.,"ЧЕХОВ, Антон Павлович.",,,
332,Дамы в XX веке и Новая ойра: Куплеты.,АЙНБИНДЕР,,,
333,Дамы и гусары: Комедия в 3-х д.,"ФРЕДРО, Александр.",,,
334,Дан приказ ему...,"УРАЛЬСКИЙ, Леонид Валентинович.",,,
335,Дана Ивану голова...: Повесть.,"ИЛЬИН, Виктор Андреевич.",,,
336,Дангара: Поэма.,"ЛУГОВСКОИ, Владимир Александрович.",,,
337,Данда: Повесть.,"НВАНКВО, Нкем.",,,
338,Даневцы — наши знакомые.,"ПАЛЬ-ЧЕВСКИЙ, Алесь (ПАЛЬЧЕВСКИИ, Александр Осипович). ",,Тайна одного звена...,
339,Даниелла: Роман.,"САНД, Жорж.",,,
340,Даниель Влади: История музыканта.,"СЕЛЬДЕН, Камилл (КРИНИТЦ, Элиза).",,,
341,Даниель Йурт: Трагедия в 5-ти д.,"ВЕКСЕЛЛЬ, Иосиф Юлиус.",,,
342,Даниель Роша: Комедия в 5-ти д.,"САРДУ, Викторьен. ",,,
343,Даниил Баш: Рассказ.,"ШТОРМ, Теодор.",,,
344,Даниил Галицкий: Роман.,"ХИЖ-НЯК, Антон Федорович.",,,
345,Даниил Галицкий: Роман.,"ЮГОВ, Алексей Кузьмич.",,,
346,Даниил гранильщик или Повесть мастерового: 4.1—5.,"РЕМОН, Михайло (МАССОН, Мишель).",,,
347,Даниил Кайгородов: Роман.,"ГЛЕБОВ, Николай Александрович.",,,
348,"Даниил Рэво: Драматическая сказка в 7-ми карт, с прологом и эпилогом.","БЕРТЕЛЬС, Павел.",,,
349,"Данила Иванов, отставной солдат: Рассказ.",Имя авт. не установлено.,,,
350,Данилкин клад: Повесть.,"КАЗАКОВА, Мария Никитична.",,,
351,Данило Бессчастный: Сказка.,"КРЮКОВА, Ольга Петровна.",,,
352,Данило Гурч; Максим Гримач: Рассказы.,"ВОВЧОК, Марко.",,,
353,Данило Иванов: Отставной солдат.,"СОЛОВЬЕВ, Н. Ив.",,,
354,Данило с Полтавщины.,"ДНЕПРОВСКИЙ, Г. М. (ТКАЛИЧ-ДНЕПРОВСКИИ, Г. М.).",,,
355,Данило Сагайдак: Дума старого казака.,"ГОРБАНЬ, Евгений Иванович.",,,
356,Данило Шитов: Роман; Черемша: Повесть; Ставка на голову: Главы из повести; Красный вымпел: Рассказ.,"БОР-РАМЕНСКИЙ, Дмитрий Петрович.",,,
357,Данилушка.,"ГУСЕВ-ОРЕНБУРГ-СКИИ, Сергей Иванович. ",,Капитан Кук...,
358,Данинка: Рассказы.,"ПАУШКИН, Геннадий Александрович.",,,
359,Даниэль Деронда: Повесть.,"ЭЛЛИОТ, Джордж (ЭЛИОТ, Джордж).",,,
360,Даниэль Рок: Роман.,"ШАТРИАН [!] (ЭРКМАН, Эмиль, ШАТРИАН, Александр).",,,
361,Данте (1303—1314): Драма в 4-хд. с прологом.,"МОРО, Эмиль, САРДУ, Вик-горьен.",,,
362,Дантон.,"РОЛЛАН, Ромен.",,,
363,Дантон и Робеспьер: Трагедия в 5-ти д.,"ГАМЕРЛИНГ, Роберт.",,,
364,Дантэ в аду [или] Красота дьявола: Фантастическая пьеса в 4-х д.,"ГРАН-ЖЕ, Евгений (ГРАНЖЕ, Эжен), ТИБУЕТ, Ламберт (ЛАМБЕР-ТИБУ, Пьер Антуан).",,,
365,Данута: Повесть.,"КАРПЮК, Алексей Никифорович.",,,
365а,Дань: Стихи.,"СУХАРЕВ, Дмитрий.",,,
366,Дань благодарности.,"МАКАРОВ, Михаил Николаевич.",,,
367,Дань величию России: Лирические песни на победы минувшей войны и на возвращение наших войск в отечество.,"СВЕЧИН, Павел Иванович.",,,
368,Дань восторга.,"ЕЛИАШЕВИЧ-ЖАНДР, Ольга Константиновна.",,,
369,Дань городов: (Похождения миллионера).,"БЕННЕТ, Арнольд.",,,
370,Дань солнцу: 2-й сборник стихов.,"ТХОРЖЕВСКИИ, Иван Иванович.",,,
371,Данька-музыкант: Рассказ.,ЛЕОНИ.,,,
372,Дар бесценный: Романтическая быль.,"КОНЧАЛОВСКАЯ, Наталья Петровна.",,,
373,Дар божий: Рассказ.,"СЕРГИЕВСКИЙ, Николай Николаевич.",,,
374,Дар бытия.,"МИКОЛАЙТИС-ПУТИ-НАС, Винцас Юозович.",,,
375,Дар доброму вестнику: Рассказы и повесть.,"АШИНОВ, Хазрет Ахметович.",,,
376,Дар долины: Новые стихотворения.,ЗУЛЬФИЯ.,,,
377,Дар Зевса первой женщине: Трагедия в 3-х д.,"ВЕДЕКИНД, Франк. ",Ящик Пандоры.,,
378,Дар земли: Роман.,"КОПТЯЕВА, Антонина Дмитриевна.",,,
379,Дар Каиссы: Научно-фантастическая повесть и рассказы.,"КАЗАНЦЕВ, Александр Петрович.",,,
380,Дар мудрых пчел: Трагедия в 5-ти д.,"СОЛОГУБ, Федор.",,,
381,Дар музам.,"ВОЛКОВ, Александр Абрамович.",,,
382,Дар музы: Стихотворения.,"ПЕКАРЬ, Сергей Петрович.",,,
383,Дар Пугачева: Многократные пьесы.,"МАКСИМОВ-КОШКИНСКИИ, Иоаким Степанович.",,,
384,Дар сатаны: Сборник повестей и рассказов.,"ЗАРИН, Андрей Ефимович.",,,
385,Дар слова.,"ЯКИМОВ, Василий Алексеевич.",,,
386,Дар Хазару: Стихи.,"ЗЕЙНАЛЛЫ, Атиф.",,,
386а,Дара: (Повесть).,"СИЛИН, Я.",,,
387,Дарвазская сказка.,"АНДРЕЕВ, Михаил Степанович.",,,
388,Даргинские девушки; Чегери; Снежные люди; Браслет с камнями: Повести.,"АБУ-БАКАР, Ахмедхан.",,,
389,Дареный конь.,"ИРОТКА, Зденек.",,,
390,Дарицу: Повесть.,"ХИЛТУХИН, Дан- ",,,
391,Дармоедка; В осеннюю ночь: Рассказы.,"СЕВАСТЬЯНОВ, Александр Николаевич.",,,
392,Дармоедка: Комедия в 5-ти д.,"САДОВ, Илья Александрович.",,,
393,Дармоеды.,"АЛЕКСЕЕВ, Юрий Александрович, СОМОВ, Георгий Александрович.",,,
394,Даровитая девушка: Ранние рассказы.,"ПЕТРОВ, Евгений.",,,
395,Даровой билет.,"ЭТТЛИНГЕР, Карл. ",,Моя лучшая идея...,
396,Даровой обед: Быль из времен графа Разумовского.,"СМИРНОВ, Петр И.",,,
397,Даровой пассажир: Комедия в 3-х д.,"БЛЮМЕНТАЛЬ, Оскар, КАДЕЛЬБУРГ, Густав.",,,
398,Даровые билеты.,"ФИШЕР, Алекс, ФИШЕР, Макс.",,,
399,Даруя жизнь: Роман.,"МОЛОСТНОВ, Геннадий Модестович.",,,
400,Дарчо из Сирачхани.,"ГИО, Артем.",,,
401,Дары Артабана: Рассказ.,"ПЕТРОВ, Григорий Спиридонович.",,,
402,Дары волхвов. О.,ГЕНРИ.,,,
403,Дары горя.,"СУХОТИН, Михаил Н.",,,
404,Дары жизни: Пьеса в 2-х д.,"ГОФМАНСТАЛЬ, Гуго фон.",,,
405,Дары Измаила.,"ГРУСЛАНОВ, Владимир Николаевич, ЛОБОДИН, Михаил Павлович.",,,
406,Дары Мельпомены: Повесть о вели ком актере.,"ГАЕЦКИЙ, Юрий.",,,
407,Дары мира: Стихи.,"ЕРЕМИН, Дмитрий Иванович.",,,
408,Дары Тин-тин-ко: Роман.,"ЛЕБЕДЕВ, Вячеслав Алексеевич.",,,
409,Дары юности: Рассказы.,"ДЕМКОВ, Михаил Иванович.",,,
410,Дарьин день: Рассказы.,"КОНОНОВ, Валентин Иванович.",,,
411,Дарьины жильцы: Рассказы из студенческой жизни конца 90-х г.,"КАРМАЗИНА, Е.",,,
412,Дарья: Пьеса в 4-х д.,"КОЗАКОВ, Михаил Эммануилович.",,,
413,Дарья Ефимова: Рассказ.,"ФИШЕР, М. К.",,,
414,Дарья Мальцева: Повесть.,"ЦВЕТ-НОВ, Александр Иванович.",,,
415,Дарья Осокина купецкая дочь: Драматическая быль в 5-ти д.,"ВРОЦКИЙ, Н. А. (НАВРОЦКИЙ, Александр Александрович).",,,
416,Дарья Селезнева.,"ДОРОХОВ, Павел Николаевич.",,,
417,Дарья-ткачиха и Лена-большевичка: (Права работницы и крестьянки). Рассказ.,"СТРАХОВ, В. Н.",,,
418,Дарьял: Стихи.,"МУРТАЗОВ, Борис Алхастович.",,,
419,Дарьяльская баллада: Стихи.,"ГО-МИАШВИЛИ, Александр Константинович.",,,
420,Дарю вам сад: Повесть.,"ЗОРИН, Эдуард Павлович.",,,
421,Дарю тебе жизнь: (Продолжение). Драматическая хроника в 3-х ч.,"ВАЛЕЕВ, Диас Назихович.",,,
422,Дарю тебе огонь: Драма в 3-х актах.,"ХАЗРИ, Наби.",,,
423,Датчанин Ферн.,"ПАНДУРО, Лейф.",,,
424,Дать по лапе!,"ЛАВРОВ, Александр Сергеевич, ЛАВРОВА, Ольга Александровна.",,,
425,Дать по шапке.,"РЫКЛИН, Григорий Ефимович.",,,
426,Дауд.,"ЛЕВИН, Борис Михайлович.",,,
427,Дауда: Рассказ из индийской жизни.,"ЧАЧИКОВ, Александр Михайлович.",,,
428,Даука; Племянник.,СУДРАБУ ЭДЖУС.,,,
429,Даунский отшельник: Драматическая повесть о Чарлзе Дарвине.,"РАХМАНОВ, Леонид Николаевич.",,,
430,Даурия: Роман.,"СЕДЫХ, Константин Федорович.",,,
431,Даурская жемчужина.,"БЫТОВОЙ, Семен.",,,
432,Дафнис и Хлоя: Древнегреческий роман.,ЛОНГУС (ЛОНГ).,,,
433,Даханаго: Драматическая поэма в 4-х актах. По мотивам кабардинского эпоса.,"АКСИРОВ, Залимхан Алиевич.",,,
434,Дача.,"МУЙЖЕЛЬ, Виктор Васильевич.",,,
435—436,Дача в Малаховке: Повести.,"ДАВЫДОВ, Исай.",,,
437,«Дача» и другие рассказы.,"ФРУГ, Семен Григорьевич.",,,
438,Дача на Волге: Повесть.,"ВОЛЖАНИН, Осип.",,,
439,Дача на Волге: (Рассказы из прошлого и настоящего).,"ЯНИШЕВСКИЙ, Эраст Петрович.",,,
440,Дача на Рейне: Роман в 5-ти ч. Т. 1—3.,"АУЭРБАХ, Бертольд.",,,
441,Дача на стремнине.,"ЛЬЮИС, Синклер. ",Ментрап.,,
442,Дачная местность: Повести.,"БИТОВ, Андрей Георгиевич.",,,
443,"Дачная эпидемия: Комедия в 1-м д.; С благотворительной целью: Сцена в 1-м д.; Двадцатое число: Сцена из чиновного быта в 1-м д.; Археолог: Комедия в 1-м д. с куплетами. (Переделана из комедии Лябиша «La grammaire»). Драматические сочинения. Пьесы, сцены, монологи.","ОБОДОВСКИИ, Алексей Платонович.",,,
444,Дачник; Галерная гавань: [Очерки из петербургской жизни].,"НОВЫЙ ПОЭТ (ПАНАЕВ, Иван Иванович).",,,
445,Дачник: [Рассказ].,"ОФИН, Эмиль Михайлович. ",,Женька...,
446,Дачники:    [Рассказы].,ШОЛОМ-АЛЕЙХЕМ.,,,
447,Дачники:    Сцены в 4-х актах.,"ГОРЬКИЙ, Максим.",,,
448,Дачники: Шутка в 1-м д.,"ВЕРШИНИН, Алексей Платонович.",,,
449,"Дачное приключение близ сада Аркадия, близ Кинь-грусть, близ Сокольников на Удельной и других театров, где пьеса будет поставлена: Шутка в 1-м д.","ТРЕФИЛОВ, Сергей Александрович (АФАНАСЬЕВ, С. А.).",,,
450,Дачные дон-жуаны: Веселые рассказы.,"ЧЕРСКИЙ, Леонид Федорович.",,,
451,Дачные дон-жуаны: Юмористический сборник-альбом.,"ГУЛЛИВЕР (МИХАИЛОВ, Константин Арсеньевич).",,,
452,Дачные прелести: Юмористические рассказы.,"МЯСНИЦКИИ, Иван.",,,
453,Дачные страдальцы: Пять юмористических рассказов.,"ЛЕЙКИН, Николай Александрович.",,,
454,Дачный аппетит: Оригинальная картинка в 1-м д.,"ГРОТОВ, Алексей (ОДРО-ВОНЖ, Алексий).",,,
455,Дачный жених: Картинка в 1-м д.,"РАЗСОХИН, Сергей Федорович (РАССОХИН, Сергей Федорович).",,,
456,Дачный муж: Монолог в 1-м д.,"ЩЕГЛОВ, Иван.",,,
457,"Дачный муж, его похождения, наблюдения и разочарования; В горах Кавказа: Картинки минеральных нравов.","ЩЕГЛОВ, Иван.",,,
458,Дачный мученик: Картинки с натуры в 1-м д.; Вольные напевы: Стихотворения.,"ФЕДОРОВ, Дмитрий А.",,,
459,Дачный разъезд.,"ТЭФФИ, Н. А. ",,Предпраздничное...,
460,Дачный тупик: Пьеса в 3-х д.,"ТАРАСОВ, О., ТУМАНОВСКАЯ, Ирина Павловна.",,,
461,Даша.,"ЛАПТЕВ, Юрий Григорьевич.",,,
462,Даша Воронова.,"ПОЛЯНСКИЙ, Владимир.",,,
463,Даша-молочница.,"БАРШЕВА, Мария Сергеевна.",,,
464,Даша Нечаева: Повесть.,КОМПУС. ,,,
465,Даша Светлова.,"БРАЖНИН, Илья.",,,
466,Даша Севастопольская: Исторический этюд в 2-х д.,"ПРОТОПОПОВ, Виктор Викторович.",,,
467,Даша Севастопольская: (Первая сестра милосердия). Быль.,"ЛУКАШЕВИЧ, Клавдия.",,,
468,Дашка — вольная пташка: Юмористический рассказ.,"ЕВСТИГНЕЕВ, Миша (ЕВСТИГНЕЕВ, Михаил Е.).",,,
469,Дающие и получающие пощечины: Сатира в 1-м д.,"КЛЕЙНЕР, Исидор Михайлович.",,,
470,Два абрека: Поэма.,"ЧИКАТУЕВ, Микаэль Хаджиевич.",,,
471,Два автомата: Рассказы.,"АНТОНОВ, Сергей Петрович.",,,
472,Два адмирала: Роман в 2-х ч.,"КУПЕР, Джеймс Фенимор.",,,
473,Два актера: Шутка в 1-м д.,"ЗАХАРОВ, Глеб.",,,
474,Два ангела: Поэма.,"НОРЦОВ, Алексей Николаевич.",,,
475,Два апаша: Рассказы.,"ФИЛИПП, Шарль Луи.",,,
476,Два апрельских рассвета: Лирические стихи.,"ЛАЗАРЕВ, Владимир Яковлевич.",,,
477,Два апреля.,"КИРНОСОВ, Алексей Алексеевич.",,,
478,Два арестанта: Комедия в 1-м д.,ПАВЛОВ,,,
479,Два Атоса за одной партой: Повесть.,ТИХОНОВ,,,
480,Два берега: Повесть.,"МАЙОРОВ, Иван Алексеевич.",,,
481,Два берега: Рассказы.,"ГАЙДАЕНКО, Иван Петрович.",,,
482,"Два берега: Стихи, 1<949 г.",РУСТАМ. ,,,
483,Два бизона.,БАЙНС.,,,
484,Два билета на дневной сеанс: Киносценарий.,"ХУДИК, Евгений Иванович, ЧИРСКОВ, Борис Федорович.",,,
485,Два билета на электричку: Рассказы.,"АЛЕШКОВСКИЙ, Юз.",,,
486,Два бога: [Отрывки из повестей «Детство» и «В людях»].,ГОРЬКИЙ М,,,
487,Два богатыря: Роман-хроника. В 3-х ч.,"КРАСНИЦКИЙ, Александр Иванович.",,,
488,Два бойца: Повесть.,"СЛАВИН, Лев Исаевич.",,,
489,Два болтуна: Интермедия.,"СЕРВАНТЕС СААВЕДРА, Мигель де.",,,
490,Два брака: Рассказ.,"МЮЛОК, Дина Мария (КРЭЙК, Дина Мери).",,,
491,Два брака: Роман.,"КАРЛЕН, Эмилия.",,,
492,Два брака: Современная поэма в стихах. 4 ч.,"КОНДРАТОВА, Людмила.",,,
493,Два браслета: Комедия в 1-м акте.,"ГОЛУБИН, Петр.",,,
494,Два брата: Быль.,"ВАСИЛЬКОВСКИЙ, Александр Константинович.",,,
495,Два брата: Драма в 5-ти д.,"ЛЕРМОНТОВ, Михаил Юрьевич.",,,
496,Два брата: Дума из малорусских преданий. (О чем говорила бандура?).,"ГАМОВ, Измаил Иванович.",,,
497,Два брата: Из волчьей жизни; Сила любви: Рассказы.,"ПОСПЕЛОВ, Сильвестр Александрович.",,,
498,Два брата: Историческая повесть.,"ВОЛКОВ, Александр Мелентьевич.",,,
499,Два брата: Повесть.,"ВАСИЛЕНКО, Иван Дмитриевич.",,,
500,Два брата: Повесть.,"ТЕПЛОВ, Константин Александрович.",,,
501,Два брата: [Рассказ].,Имя авт. не установлено.,,,
502,Два брата: (Рассказ). (Загл. обл.).,"ЛЕМОНЬЕ, Камилл. ",Братья.,,
503,Два брата: (Рассказ).,"МИХАЙЛОВ-ДОРОНОВИЧ, Михаил Федорович.",,,
504,Два брата: Рассказ.,ЭРКМАН-ШАТ-РИАН.,,,
505,Два брата: Рассказ крестьянина.,"СЕМЕНОВ, Сергей Терентьевич.",,,
506,Два брата: [Рассказы].,"АНДЕРСЕН-НЕКСЕ, Мартин.",,,
507,Два брата: Роман.,"КЕЛЛЕРМАН, Бернгард.",,,
508,Два брата: Роман.,"СОЛЯР, Энрике де",,,
509,Два брата: Роман в 2-х ч.,"СТАНЮКОВИЧ, Константин Михайлович.",,,
510,Два брата: Сказка.,"ЛЕВИЦКИЙ, Иван Семенович (НЕЧУЙ-ЛЕВИЦКИЙ, Иван).",,,
511,Два брата: (Сквозь угольное ушко). Комедия в 3-х д.,"ТЮРНЕР, Жорж.",,,
512,Два брата: Стихи и поэмы.,"СЯН-БЕЛГИН, Хасыр Бикинович.",,,
513,Два брата и золото.,"ТОЛСТОЙ, Лев Николаевич.",,,
514,Два брата или Москва в 1812 году: Роман в 3-х ч.,"ЗОТОВ, Рафаил Михайлович.",,,
515,Два брата или Сказание о Констанцком соборе: Роман.,"ЭЛЬКОК, Дебора",,,
516,"Два брата, постоянный и ветреный или Пример безрассудной горячности и холодности матерней при воспитании детей своих: Нравоучительная повесть.",Л. Ф.,,,
517,Два брата Фонцати: Повесть.,"КУР-ДЮМОВ, Всеволод Валерианович.",,,
518,Два бронепоезда: Повести и рассказы.,"МАЛАШКИН, Сергей Иванович.",,,
519,Два букета ландышей: Рассказы.,"БАЙБУРИН, Габдулла Гиндуллович.",,,
520,Два бунта.,"ЛУГОВОЙ, Алексей (ТИХОНОВ, Алексей Алексеевич).",,,
521,Два века в полвека.,"ГОЛУБКОВА, Маремьяна Романовна, ЛЕОНТЬЕВ, Николай Павлович.",,,
522,Два веронца.,"ШЕКСПИР, Вильям.",,,
523,Два вечера: Рассказы.,"ВИНОГРАДСКАЯ, Софья Семеновна.",,,
524,Два вечера в мае: Лирические сцены в 2-х ч.,"ПОЛОНСКИЙ, Георгий Исидорович.",,,
525,Два вечера на бивуаке.,"БЕСТУЖЕВ-МАРЛИНСКИЙ, Александр Александрович. ",,Страшное гаданье...,
526,Два влюбленных.,"КЕРИМОВ, Али Паша оглы (КЕРИМ, Али).",,,
527,2 Вова 2: Эксцентрическая шутка в 1-м д. с куплетами и поучениями.,"ТОНКОВ, Вадим Сергеевич.",,,
528,Два вора: граф и парикмахер: В 1-м д.,"ПОМПА-ЛИРСКИИ, Александр Николаевич (ПОПАНДОПУЛО, Александр Николаевич).",,,
529,Два воскресника.,"СЕРАФИМОВИЧ, Александр",,,
530,Два Востока.,"ДАНИЛОВ, Сергей.",,,
531,Два вояжера или Несчастье особенного рода: Миниатюра в Г-м д.,"ГРАБИНА, Алексей Трофимович.",,,
532,Два врага; Мексиканец; Местный колорит.,"ЛОНДОН, Джек. ",Соперники.,,
533,Два встречных огня: Повесть.,"ЦЫ-РЕНДОРЖИЕВ, Сергей Сультимович.",,,
534,Два выстрела: Рассказ.,"ЗАСОДИМ-СКИИ, Павел Владимирович.",,,
535,Два Гавроша: Повесть.,"ШМУШКЕ-ВИЧ, Михаил Юрьевич.",,,
536,Два генерала: Роман из современной жизни.,"ГРИГОРОВИЧ, Дмитрий Васильевич.",,,
537,Два героя: (Очерки).,"СОРОКИН, Григорий Эммануилович.",,,
538,Два героя: (Рассказ). СТАРЫЙ КАПРАЛ Н.,"А. И. (ИМБА, Николай Александрович). ",,Счастливая семья...,
539,Два героя: (Рассказы).,"МИКУЛЬ-ШИН, Серафим Антонович.",,,
540,"Два героя: Стихи, фельетоны, басни.","ШЕРЫШЕВ, Павел Павлович.",,,
541,Два года: Драма в 2-х д.,"ОСКАРОВ, В. (ТЕНЕНБАУМ, Виктор Оскарович).",,,
542,Два года: Рассказы.,"ГИРС, Федор Григорьевич.",,,
543,Два года в Испании: 1937—1939. Очерки и рассказы.,"САВИЧ, Овадий Гер-цович.",,,
544,Два года в К-ском заводе: Сибирские очерки.,"ТОЛЛЬ, Феликс Густавович.",,,
545,Два года в плену у горцев: Воспоминания о жизни и похождениях в кавказских горах штабс-капитана Новоселова.,"САВИНОВ, В. Н.",,,
546,Два года с Л. Н. Толстым: Записки бывшего секретаря Л. Н. Толстого.,"ГУСЕВ, Николай Николаевич.",,,
547,Два голубя: [Басня].,"КРЫЛОВ, Иван Андреевич.",,,
548,Два голубя: Повесть.,"БУЛЬИ, Жан Никола.",,,
549,Два гонца: Стихи.,"ШАХАНОВ, Ту- ",,,
550,Два горбуна; Миша; Злюка Вася: Два рассказа.,"ЛУКАШЕВИЧ, Клавдия.",,,
551,Два города.,"ДИККЕНС, Чарльз.",,,
552,Два Готика.,"СОЛОГУБ, Федор. ",,Отрок Лин...,
553,Два гренадера или с 1809 года: Комедия в 1-м д.,Имя авт. не установлено.,,,
554,Два гусара: Повесть.,"ТОЛСТОЙ, Лев Николаевич.",,,
555,Два дерева: Стихи.,"ЭЗИЗОВ, Кур-банназар.",,,
556,Два дерева или История одной скрипки: Повесть. 3.,Н.,,,
557,Два детдома.,"ИЛЬИНА, Елена.",,,
558,Два детства.,"ТИТОВ, Степан Павлович.",,,
559,Два деятеля: Рассказ.,"БЬЕРН-СТЬЕРНЕ-БЬЕРНСОН          (БЬЕРНСОН, Бьернстерне).",,,
560,Два дневника: Повесть.,Н.,,,
561,Два дневника: Роман в 3-х ч.,"НЕМИРОВИЧ-ДАНЧЕНКО, Василий Иванович.",,,
562,Два дни.,"ИСТОМИН, Семен Иванович.",,,
563,Два дня: Рассказ про старого колхозного гвардейца Леонтия Петровича Погребного.,"ЛУНЯКИН, А.",,,
564,Два дня: [Рассказы о Ленине].,"РАДИЩЕВ, Леонид Николаевич.",,,
565,Два дня в Куряжском монастыре.,"МАКАРОВА-МИРСКАЯ, Александра Ивановна.",,,
566,Два дня «Вериты».,"ПЕЧЕНКИН, Владимир Константинович.",,,
567,Два дня и две ночи: Рассказы.,"БЕЛЬТЮКОВ, Борис Иванович.",,,
568,Два дня и три ночи: Повести.,"ДВОРЦОВ, Николай Григорьевич.",,,
569,Два доктора: Рассказ.,"УЛЬБАХ, Луи.",,,
570,Два долгих дня: Повести и рассказы.,"МОСКВИН, Николай.",,,
571,Два долгих дня: Повесть и рассказы.,"АНДРЕЕВ, Владимир Михайлович.",,,
572,Два друга: Из жизни в лесах Африки.,"КАРИНЦЕВ, Николай.",,,
573,Два друга: Из неопубликованных рассказов.,"НОВИКОВ-ПРИБОИ, Алексей Силыч.",,,
574,Два друга: По мотивам китайского фольклора.,"ЛЕБЕДЕВ, Владимир Александрович.",,,
575,Два друга: [Повесть].,"ДЖАТИЕВ, Тотырбек Исмаилович.",,,
576,Два друга: Повесть.,"ПАСЬКО, Семен Данилович.",,,
577,Два друга: Повесть.,"РОЧЕВ, Яков Митрофанович.",,,
578,Два друга: (Повесть).,"СЕВЕРЯК, Федор.",,,
579,Два друга: Повесть.,"ХАССАЛ, И. (ХАССАЛ, Джон).",,,
580,Два друга: Повесть.,"ШАТИЛОВ, Борис Александрович.",,,
581,Два друга: Пьеса в 3-х ч.,"НОСОВ, Николай Николаевич.",,,
582,Два друга: Рассказ.,УЙДА.,,,
583,Два друга: [Рассказ]. Для юношества.,"ШАБЫ ДЖАН, Нота.",,,
584,Два друга: Рассказы.,"ДНЕПРОВСКИЙ, Г. М. (ТКАЛИЧ-ДНЕПРОВСКИЙ, Г. М.).",,,
585,Два друга: Рассказы.,"КУЛИКОВ, Константин Михайлович.",,,
586,Два друга: Рассказы.,"СЕЙФУЛЛИ-НА, Лидия Николаевна.",,,
587,Два друга — две дороги: Повесть.,"ПОЛЕВОЙ, Петр Николаевич.",,,
588,Два друга или Любовь и дружба: Драма в 2-х д.,"СКУЙЕ, Александр Иванович.",,,
589,Два друга или Поездка Петра в Японию: Рассказ для юношества.,"ШУПП, Оттокар.",,,
590,"Два друга, метель да вьюга: Водевиль в 1-м д.","ГЛУХАРЕВ, Николай Поли-карпович.",,,
591,Два Ефима: Шутка в 1-м д.,"ДОБР-ЖИНСКИЙ, Гавриил Валерьянович, ПЕРСОНОВ, Иван Иванович.",,,
592,Два желания: Рассказы.,"ГАГАРИН, Петр Иванович.",,,
593,Два жениха и одна невеста: Водевиль в 1-м д.,"ЕФРЕМОВ, К. П.",,,
594,Два завещания: Роман.,"ВОЛИН, Юрий Самойлович.",,,
595,Два задания: Повесть.,"АБОЖИН, Юрий Николаевич.",,,
596,Два земляка: Эпизод из последней русско-турецкой войны.,"КАРАУЛОВ, Михаил Федорович.",,,
597,Два знамени.,"ПЕВЗНЕР, Михаил Наумович.",,,
598,Два и две семерки.,"ДРУЖИНИН, Владимир Николаевич.                ",,,
599,"Два Ивана: Эстрадная повесть о людях, работавших у горы Магнитной. В 5-ти гл.","ФЛИТ, Александр Матвеевич.",,,
600,"Два Ивана, два Степаныча, два Ко-стылькова: Роман.","КУКОЛЬНИК, Нестор Васильевич.",,,
601,Два Ивана или Страсть к тяжбам: Повесть в 2-х ч.,"НАРЕЖНЫИ, Василий Трофимович.",,,
602,Два Иваныча.,"САДОВСКИЙ, Александр Львович.",,,
603,Два императора: Историческая повесть из эпохи сражений имп. Александра 1-го с Наполеоном I-м. В 4-х ч.,"ДМИТРИЕВ, Дмитрий Савватеевич.",,,
604,Два казака; Край света.,ШОЛОМ-АЛЕЙХЕМ.,,,
605,Два капитана: Пьес^ в 3-х д. с прологом и эпилогом.,"КАВЕРИН, Вениамин.",,,
606,Два капитана: Рассказ.,"ГОЗЛАН, Леон.",,,
607,Два капитана: Роман.,"КАВЕРИН, Вениамин.",,,
608,Два квартиранта: Шутка-водевиль в 1-м д.,"ОВСЯННИКОВ, Николай Петрович.",,,
609,Два кинжала или Черное домино: Рассказ.,"ХОРВАТ, Ф. А.",,,
610,Два ключа: Комедия в 1-м д.,"ТРОФИМОВ, Николай Васильевич.",,,
611,Два ключа: Стихи и поэма.,"КАИТУ-КОВ, Георгий Харитонович.",,,
612,Два колеса: (Рассказ об одиночном заключении).,"РУБАКИН, Николай Александрович.",,,
613,Два колоса: (Рассказ).,"ТЕХОВ, Борис Читеевич.",,,
614,Два кольца.,"ПОГОССКИИ, Александр Фомич. ",,Отставное счастье...,
615,Два командира: Сценарий.,"РУБИНШТЕЙН, Лев Владимирович. ",,,
616,Два конца:   [Повесть].,"ВЕРЕСАЕВ, В. В.",,,
617,Два конца: Рассказы.,"КИСЕЛЕВ, Федор Герасимович.",,,
618,Два концерта.,"ПАСЬКО, Семен Данилович.          ",,,
619,"Два короля, (1245—63 гг.).","РАЗИН, Алексей Егорович.",,,
620,«Два красных галстука» и другие рассказы.,"ПУКК, Холгер Янович.",,,
621,Два кровника.,"ПАСЫНКОВ, Лев Павлович.",,,
622,Два крыла: Книга лирики.,"ЖАВОРОНКОВ, Борис Иванович.",,,
623,Два крыла: Стихи.,"ЧИКОВАНИ, Симон Иванович.",,,
624,Два кубка; Вратарь республики; Ход белой королевы.,"КАССИЛЬ, Лев Абрамович.",,,
625,Два кулака: Рассказ.,"СЫТИН, Александр Павлович.",,,
626,Два купца и два отца.,"ЛЕНСКИЙ, Дмитрий.",,,
627,Два куска сахару: Повести и рассказы.,"РОСОХОВАТСКИИ, Игорь Маркович.",,,
628,Два лагеря: Драматическая повесть в 3-х д.,"ЯКОБСОН, Аугуст Михкелевич.",,,
629,Два лагеря: Рассказ.,"АБУШ, Александр.",,,
630,2 Леонарди 2.,"БОРИСОВ, Леонид Ильич.",,,
631,Два лесника.,"ТУРКИН, Ф.",,,
632,Два летних посещения градского кладбища.,"ДЕЛИЦЫН, Гавриил.",,,
633,Два листа и бутон.,"АНАНД, Мулк Радж. ",Два листка и почка.,,
634,Два листка и почка.,"АНАНД, Мулк Радж.",,,
635,Два луга.,"СЕНКЕВИЧ, Генрик.",,,
636,"Два маленьких дикаря: Приключения двух мальчиков, живших жизнью индейцев, и чему они научились.","ТОМПСОН-СЕТОН, Эрнест (СЕТОН-ТОМПСОН, Эрнест).",,,
637,Два мальчика: Рассказ.,Имя авт. не установлено.,,,
638,Два мальчика: [Рассказ].,"КОРОЛЕНКО, Владимир Галактионович.",,,
639,Два мальчишеских лета: Повести.,"ТЕРЕХОВ, Николай Федорович.",,,
640,"Два маскарада, предание: (Рассказ).",В. С.,,,
641,Два мастера.,"ШАГИНЯН, Мариэтта Сергеевна.",,,
642,Два мгновения: Стихи.,"УГАИ, Де-гук.",,,
643,Два мертвеца.,ШОЛОМ-АЛЕИХЕМ.,,,
644,Два месяца в лесах.,"НОУЛЬС, Джозеф.        ",,,
645,Два месяца вне города: Очерки.,"ГВОЗДЕВ, Н. В.",,,
646,Два месяца во французской деревне.,"МЯСОЕДОВ, Александр Дмитриевич.",,,
647,Два механика.,"ШАХОВСКАЯ, Наталия Дмитриевна.",,,
648,Два миллиона в год: (Нищий миллионер). Сказочные были текущих дней. Фантастический роман.,"ЖДАНОВ, Лев.",,,
649,Два милых сердцу края: Стихи разных лет.,"ФИКСИН, Сергей Андреевич.",,,
650,Два мира: Исторические рассказы для детей.,"БУЛГАКОВ, П.",,,
651,Два мира: Лирическая драма.,"МАЙКОВ, Аполлон Николаевич.",,,
652,Два мира: Мысли и впечатления от поездки в СССР.,"АНДЕРСЕН-НЕКСЕ, Мартин.",,,
653,Два мира: Повесть из первых времен христианства; Победа побежденных: По- весть из первых времен христианства.,"КА-ЛЕСТИНОВ, Н.",,,
654,Два мира: Политическое обозрение.,"ЗАБЕЖИНСКИИ, И., РОМАНОВ, Пантелеймон Сергеевич.",,,
655,Два мира: Рассказ. (Из воспоминаний неисправимого оптимиста).,"МАЧТЕТ, Григорий Александрович.",,,
656,Два мира: Рассказы. Для детей.,"АП-РЕЛЕВА, Е. И. (АРДОВ, Е. И.)",,,
657,Два мира: Роман.,"ГЭЛСУОРСИ, Джон (ГОЛСУОРСИ, Джон).",,,
658,Два мира: Роман.,"ЗАЗУБРИН, Владимир.",,,
659,Два мира: Роман в 4-х ч.,"АЛЕЕВА, Н. (УТИНА, Наталья Иеронимовна).",,,
660,Два мира: Стихи.,"ЛЕШНИЦЕР, Франц.",,,
661,Два мира: (Стихи).,"ФЕФЕР, Ицих.",,,
662,Два мирянина: (Рассказ из деревенской жизни).,"ДМИТРИЕВ, Виктор Григорьевич.",,,
663,Два миссионера; «За драгоценным корнем» и другие рассказы.,"МАКСИМОВ, Александр Яковлевич.",,,
664,Два моря.,"СУКОВСКИЙ, Владимир Сергеевич.",,,
665,Два моста: Рассказы.,"ГУДКОВ, Николай Александрович.",,,
666,Два мужа: Рассказ.,Имя авт. не установлено.,,,
667,Два музыканта.,"ЛАГЕРЛЕФ, Сельма.",,,
668,Два несчастных охотника: С присовокуплением разных стихотворений.,"ГРУЗДЕВ, Ефим Иванович.",,,
669,Два нищих студента.,"МИКСАТ, Кальман.",,,
670,Два новобранца: Комедия в 3-х д.,"ВЕЙТКО, В.",,,
671,Два огня.,"БЕРЕСТОВ, Валентин Дмитриевич.",,,
672,Два одинаковых велосипеда.,"ДЛУ-ГОЛЕНСКИЙ, Яков Ноевич.",,,
673,Два океана: Путешествие.,"АРАГО, Жак.",,,
674,Два окна: Пьеса-сказка в 1-м д.,"ПЕТРУШЕВСКАЯ, Людмила Стефановна.",,,
675,Два ордена.,"ЛАХУТИ, Абульгасем (ЛАХУТИ, Абольгасем Ахмед-заде).",,,
676,Два осенних месяца: Повесть.,"ПАНКОВ, Евгений Петрович.",,,
677,Два ответа: (Народный рассказ).,"АЛФЕРЬЕВ, Василий Сергеевич.",,,
678,Два отца: Рассказ.,"ДОДЭ, Альфонс (ДОДЕ, Альфонс).",,,
679,Два отшельника.,"ПЕРЕЛЫГИН, Николай Иванович.",,,
680,Два паспорта.,"ЖАРОВ, Александр Алексеевич.",,,
681,Два периода: Пьеса в 4-х актах.,"ЛЕВИТАС, Гершон Давидович.",,,
682,Два Петра Ивановича: Рассказы.,"ПУШКАРЕВ, Глеб Михайлович.",,,
683,Два Петра Петровича: (Часы виноваты). Водевиль в 1-м д.,"ЛИСЕНКО-КО-НЫЧ, Иван Кононович.",,,
684,Два Пикколомини; Смерть Васскенш-тейна; Покрытый идол в Сансе.,"ШИЛЛЕР, Фридрих.",,,
685,"Два пирога или За добрыми советами далеко ходят: Как будто сказка, а между прочим, бывальщина настоящая.",Имя авт. не установлено.,,,
686,Два письма: Рассказ.,"БАРСУКОВ, Михаил Николаевич.",,,
687,Два письма: [Стихи].,"БАНУ, Цецилия Бенционовна.",,,
688,Два письма Поспишилу:      Роман.,"ГРЮН, Макс фон де",,,
689,"Два — пишем, один в уме...: Сати рические миниатюры, эпиграммы, шутки.","НОВИЧИХИН, Евгений Григорьевич.",,,
690,Два платочка: Рассказ.,"МАРКОВИЧ, Дмитрий Васильевич.",,,
691,"Два подвига Федора Гладкова: Очерки, путевые записки, повесть.","ИМШЕ-НЕЦКИИ, Николай Иванович.",,,
692,Два подростка: Пьеса в 5-ти д.,"КУРСЕЛЬ, Пьер де (ДЕКУРСЕЛЬ, Пьер).",,,
693,Два поезда спас: (Из воспоминаний сапера).,"ГЕРАСИМОВ, Павел Николаевич.",,,
694,Два поколения: Комедия в 4-х д.,"СОКОЛОВ, Александр Алексеевич.",,,
695,Два поколения: Роман в 2-х ч.,"ШПИЛЬГАГЕН, Фридрих. ",Фон-Гогенштейны.,,
696,Два поколения: Студенты 30-х и 80-х годов.,"ЩЕТИНИН, Борис Александрович.",,,
697,Два полюса: Драма в 4-х актах.,"НАЗАРЬЕВА, Капитолина Валериановна.",,,
698,Два полюса: Роман.,"КРАСОВ, М. И. (ОБОЛЕНСКИЙ, Леонид Егорович).",,,
699,Два полюса: [Роман].,"ОЖЕШКО, Элиза.",,,
700,Два поля за Лосиной балкой: Повесть.,"ИГОШЕВ, Александр Александрович.",,,
701,Два портрета.,"ЗОЗУЛЯ, Ефим Давидович.",,,
702,Два портрета и два гибельные проигрыша: Роман.,А. Б.,,,
703,Два послания.,"ПУШКИН, Василий Львович.",,,
704,Два послания Выпивалина к водке и к бутылке: С прибавлением послания к г. Выпивалину. В стихах.,"УЛЕГОВ, Феоктист.",,,
705,Два потока; На втором Всемирном конгрессе мира.,"ТИХОНОВ, Николай Семенович.",,,
706,Два поцелуя: [Рассказ].,"БУРЖЕ, Поль.",,,
707,Два поцелуя: Шутка в 1-м д.,Имя авт. не установлено.,,,
708,Два почерка: Рассказы и повесть.,"АЛЕКСИН, Анатолий Георгиевич.",,,
709—710,Два преступления или Могила братьев: (Быль).,Имя авт. не установлено.,,,
711,Два прибоя: Стихи.,"БЕРИЛОВ, Николай Титович.",,,
712,Два призрака: Роман.,"ФАН-ДИМ, Федор (КОЛОГРИВОВА, Елизавета Васильевна) .",,,
713,Два приятеля: Повесть.,"ТУРГЕНЕВ, Иван Сергеевич.",,,
714,Два приятеля: [Рассказ]; Немец в плену у французов.,"МОПАССАН, Ги де. ",,,
715,Два приятеля: Рассказы.,"ХЕРОДИ-НОВ, А.",,,
716,Два проказника: Шуточный рассказ в стихах.,"БУШ, Вильгельм. ",Макс и Мориц.,,
717,Два профессора.,"МЮЛЛЕР, Ганс.",,,
718,Два пугача: Рассказ для детей.,"ВУЧЕТИЧ, Николай Гаврилович.",,,
719,Два путешествия капитана Беринга.,"МУРАТОВ, Михаил Васильевич.",,,
720,Два пути: Драма в 4-х д.,"ПАЗУ-ХИН, Алексей Михайлович.",,,
721,Два пути: Пьеса в 3-х д.,"НЕКЛЮДОВ, Георгий.",,,
722,Два пути: Рассказ.,ФЮЛЛЕР.,,,
723,Два пути: [Роман].,"БЕЗАНТ, Вальтер.",,,
724,Два пути: Роман в 2-х ч.,"КРАШЕВ-СКИЙ, Иосиф Игнатий (КРАШЕВСКИЙ, Юзеф Игнацы).",,,
725,Два разбойника: О фрегатах.,"ЧЕГЛОК, Александр.",,,
726,Два разрыва.,"НЕМИРОВИЧ-ДАНЧЕНКО, Василий Иванович.",,,
727,Два ребенка: Из жизни сельского врача. Рассказ.,"ГОРНОСТАЕВ, Ф. ",,,
728,Два регентства: Историческая повесть для юношества.,"АВЕНАРИУС, Василий Петрович.",,,
729,Два рейда: Записки партизанского командира.,"БЕРЕЖНОЙ, Иван Иванович.",,,
730,Два Ромео и одна Джульета: Купальный анекдот в 1-м д.,"ЛЕАНДР (ГРОССМАН, Лев Павлович).",,,
731,Два рубля — капитал!,"СЕВЕР НЫИ, С. (ДУРЫЛИН, Сергей Николаевич).",,,
732,Два самозванца: Роменский и Кру-шинский: Психологические параллели. Из записок следователя.,"КОЛТОВСКОИ, Егор Егорович.",,,
733,Два света: Роман в 4-х ч.,"КРАШЕВ-СКИИ, Юзеф Игнацы.",,,
734,Два Семена Ивановича: Рассказ.,"ВЬЮГИН, Владимир.",,,
735,Два семестра: Роман.,"КОМПУС, Лидия Силуановна.",,,
736,Два сера риса: Роман.,"ПИЛЛЭ, Та-каши Шивасанкара. ",Две меры риса. В кн.: Креветки...,,
737,Два сердца: Повесть.,"СИМОНОВ, Петр Фирсович.",,,
738,Два сердца: Стихи.,"АРХИПОВ, Александр Николаевич.",,,
739,Два сержанта: Драма в 3-х актах.,"МАИЯР, Огюст, ОБИНЬИ, Теодор д'.",,,
740,Два скакуна: Рассказ.,"КУШХОВ, Султан Хапагович.",,,
741,Два случая.,"ОСТРОВЕР, Леон Исаакович.",,,
742,Два солдата: Рассказ.,"ТХОРЖЕВ-СКИИ, Корнелий Владиславович.",,,
743,Два солдата: Сборник.,"ТВАРДОВСКИЙ, Александр Трифонович.",,,
744,Два солдата:    (Страшная быль). Рассказ.,"АЛЕКСАНДРОВ, Владимир Александрович.",,,
745,Два солнца: Книга лирики.,"ФИРСОВ, Владимир Иванович.",,,
746,Два солнца: Поэма.,"ИБРАГИМОВ, Ибрагим Исмаил оглы (КЭБИРЛИ, Ибрагим).",,,
747,Два солнца: Рассказы и повести.,"ПОЛУМОРДВИНОВ, Элизбар (ЗЕДГИ-НИДЗЕ, Элизбар Константинович).",,,
748,Два солнца: Стихи.,"ЧИРКОВ, Кирилл Федорович.",,,
749,Два солнца над миром: Повесть.,"КОЛЧАНОВ, Александр Петрович.",,,
750,«Два соперника» и другие деревенские рассказы.,"ШАРРЕР, Адам.",,,
751,Два — сорока бывалыцинок для крестьян. Ч. 1—2.,"ДАЛЬ, Владимир Иванович.",,,
752,Два соседа: Деревенская побывальщина в стихах.,"САВИХИН, В. И. (ИВАНОВ, Василий Иванович).",,,
753,Два соседа: Рассказ.,Имя авт. не установлено.,,,
754,Два соседа: (Рассказ).,"НАУМОВИЧ, Иоанн Григорьевич.",,,
755,Два соседа: Рассказ.,С. П. Д.,,,
756,Два соседа: Рассказ.,"СОЛОВЬЕВА, Л. И.",,,
757,Два спасителя: Из рассказов бабушки. Обработка для юношества.,"ФРАН-ЦОЗ, Карл Эмиль.",,,
758,Два спутника.,"ТОЛСТОЙ, Лев Николаевич.",,,
759,Два старика: Повесть. (Из кавказской жизни).,"ПАХОМОВ, Дмитрий Александрович.",,,
760,Два старика: Рассказ.,"ТОЛСТОЙ, Лев Николаевич.",,,
761,Два старика: Рассказ из жизни русских Галичан.,"ХИЛЯК, Владимир Игнатьевич.",,,
762,Два странника: Рассказ.,"ТУГАН, Лидия (ТУГАН-БАРАНОВСКАЯ, Лидия Карловна).",,,
763,"Два странника, Иван Богомолов, Фома Нововер: (Рассказ).","ОРЛОВ, Иоанн.",,,
764,Два студента.,"СКУРАТОВ, Павел.",,,
765,Два сфинкса: Роман.,"КРЫЖАНОВ-СКАЯ, Вера Ивановна.",,,
766,Два счастья: Роман.,"МАЕВСКАЯ, Ирина Витольдовна.",,,
767,Два счастья: Роман в 3-х ч.,"ПОТАПЕНКО, Игнатий Николаевич.",,,
768,Два сына.,"ЗАБАРА, Натан Ильич.",,,
769,Два сыщика или Черная мантия: Сенсационный роман.,МАКС П,,,
770,Два таланта: Повесть.,"ДУДО-РОВ, П. (ОРЛОВЕЦ, И.).",,,
771—772,Два течения: Повесть.,"СОКОЛОВ, Павел Захарович.",,,
773,Два товарища: Повесть.,"ЭГАРТ, Марк Моисеевич.",,,
774,Два товарища: [Рассказы].,"ПЕСКОВ, Борис Глебович.",,,
775,Два товарища: Рассказы и басни.,"ТОЛСТОЙ, Лев Николаевич.",,,
776,"Два тополя: Повести, рассказы, стихи.","ТАНГРЫКУЛИЕВ, Каюм.",,,
777,Два треугольника: Комедия в 3-х д.,"ШИШИГИН, Ф.",,,
778,Два туза и пиковая дама или Герои стуколки: (Эскиз из жизни игроков). Рассказ.,"ЕВСТИГНЕЕВ, Михаил Е.",,,
779,Два-у-два.,"СОБОЛЕВ, Леонид Сергеевич.",,,
780,Два узла: Современное стихотворение.,"А. П. (ПОПОВ, Александр).",,,
781,Два упрямца.,НАЗЫМ ХИКМЕТ.,,,
782,Два христианина: Рассказ.,СЕРАФ-ЛЯНГУ.,,,
783,Два царя: Сказка.,"ТОПОРСКИЙ, М. (ПРИОРОВ, Михаил Капитонович).",,,
784,Два часа над бездной.,"АЗОВ, Дмитрий Сергеевич.",,,
785,Два часа по полудни в разных концах Петербурга.,"КАРАТЫГИН, Петр Петрович.",,,
786,Два человека: Повесть.,"ДОСТЯН, Ричи Михайловна.",,,
787,Два человека: Повесть.,"ЧИСТЯКОВ, Михаил Борисович.",,,
787а,Два человека в одном: Повесть из американской жизни.,"ВЕСТКОТТ, Эдвард Ной.",,,
788,"Два чуда: Чудесное представление в 3-х карт, с интермедиями.","САЖИН, Зиновий Абрамович.",,,
789,Два чудака: Юмористическая повесть по мотивам молдавских народных сказок и анекдотов.,"ПРИВАЛОВ, Борис Авксентьевич.",,,
790,Два шага.,"ИВАНОВ, Евгений.",,,
791,Два шага маятника: Фантастический роман.,"ПАЛЬМ, Вячеслав Иванович.",,,
792,Два шрама: Одноактные комедии.,"ФРЕДРО, Александр.",,,
793,Два шута: Рассказы.,"КОППЕ, Франсуа.",,,
794,Два эпизода с Ли-ханум: Рассказы.,"КОТКО, Кость.",,,
795,Два юных героя.,"СБОЙЧАКОВ, Максим Иванович.",,,
796,Два яблока: Детский рассказ.,"ТЕП-ЛОВ, В. В.",,,
797,Два Якова: Комедия в 5-ти д. с эпилогом.,Z. ,,,
798,Два Яна: Рассказ.,"МСТИСЛАВСКИЙ, Сергей.",,,
799,Двадцатая весна: Стихи.,"СОЛОВЬЕВ, Владимир Александрович.",,,
800,Двадцатилетие: Пьеса в 3-х актах.,"РОГОЗИНСКАЯ, Елена Владимировна.",,,
801,Двадцатилетний опекун: Комедия-водевиль в 2-х д.,"ГИНО, Эжен, МЕЛЬ-ВИЛЬ (ДЮВЕРЬЕ, Анн Оноре).",,,
802,Двадцатипятирублевая бумажка: (Побывальщина).,Имя авт. не установлено.,,,
803—804,Двадцатое столетие: Электрическая жизнь.,"РОБИДА, Альбер.",,,
805,Двадцатое число: Сцена из чиновного быта в 1-м д.,"ОБОДОВСКИЙ, Алексей Платонович. ",,Дачная эпидемия...,
806,Двадцатый век: Роман. Кн. 1.,"УКСУСОВ, Иван Ильич.",,,
807,Двадцатый век: Стихотворение.,"ОДИНОКИЙ, Василий (ЛЕХНО, Василий Б.).",,,
808,XX век: Стихотворения.,"ЧЕРНАЙ-БИТОМСКИЙ, Николай Васильевич.",,,
809,20-день медового месяца: Шутка в 1-м д.,"НОВИКОВ, Павел Евтихиевич.",,,
810,Двадцать: Рассказы.,"БРЫЛЬ, Янка.",,,
811,Двадцать восемь: Стихи.,"СВЕТЛОВ, Михаил.",,,
812,Двадцать восемь из Рочдэля: Роман.,"КЛАРК, Аллен.",,,
813,28-й сюрприз: Рассказы.,"РЫБАК, Зиновий Фотиевич.",,,
814,22-ое (9) января 1905 года: (Стихи- инсценировка ).,"ДМИТРИЕВ-ПОЛОЧ А- НИН, В. А. (ДМИТРИЕВ, Василий Акимович) . ",,Последняя баррикада...,
815,22 на 36: Письма об МТС.,"ФРАЕР-МАН, Рувим Исаевич.",,,
816,22 несчастья: Водевиль в 1-м д.,"АНТИМОНОВ, Сергей Иванович.",,,
817,Двадцать два несчастья: [Рассказ].,"ГВАЙТА, Виргиния Густавовна.",,,
818,Двадцать дней без войны: (Из записок Лопатина).,"СИМОНОВ, Константин Михайлович.",,,
819,Двадцать дней в Индии.,"ЛАПИН, Борис Матвеевич.",,,
820,Двадцать дней в контрразведке.,"ТАРАСЕНКО, Борис Дмитриевич.",,,
821,20 дней в плену у японцев.,"К-ТА, А. М.",,,
822,Двадцать дней в тюрьме: Комедия-шутка в 3-х д.,"ГЕННЕКЕН, Морис (ЭН-НЕКЕН, Морис), ВЕБЕР, Пьер.",,,
823,20 лет и три дня.,"МАЛЫХ, Эсфирь Яковлевна.       ",,,
824,20 лет кошмара: (Воспоминания замужней женщины).,"ЛИЛИ, Г.",,,
825,20 лет на цепи: Фотография с натуры.,"МИХАЙЛОВ-СТОЯН, Константин Иванович.",,,
826,Двадцать лет назад: (Воспоминания институтской жизни); Женские силуэты.,"ЛУХМАНОВА, Надежда Александровна. ",Девочки. Воспоминания из институтской жизни.,,
827,Двадцать лет назад: (Человек с поднятым воротником). Повесть.,"МИХАИЛОВ, М.",,,
828,Двадцать лет не давала покоя тень жены из-за могилы.,"АЛЕКСАНДРОВСКИЙ, Ал. П.",,,
829,Двадцать лет спустя: Драматическая поэма в 4-х д.,"СВЕТЛОВ, Михаил.",,,
830,Двадцать лет спустя: Роман. Ч. 1—12.,"ДЮМА, Александр (отец).",,,
831,Двадцать минут: Драматический этюд в 1-м д.,"ОДНОГЛАЗКОВА, Александра Анемподистовна.",,,
832,Двадцать минут: [Пьеса].,"ЧИКАРЬ-КОВ, Александр Васильевич. ",,Преступление без наказания...,
833,Двадцать один: Рассказы.,ЧЖАН ТЯНЬ-И.,,,
834,Двадцать один год или Узник Шарф-стейнского замка: Ч. Г—4.,"МОНТОЛЬЕ, Изабелла.",,,
835,Двадцать один день неврастеника.,"МИРБО, Октав. ",Дневник неврастеника.,,
836,"Двадцать осьмое января 1725 года: Драматическая картинка в 2-х явлениях, в стихах.","Н. К. (КУКОЛЬНИК, Нестор Васильевич) ",,,
837,Двадцать песен.,"РЫВИНА, Елена Израилевна.",,,
838,Двадцать пузырьков пенициллина.,"ГУКОВ, Олег Яковлевич.",,,
839,Двадцать пять лет.,"ГУСЕЙНОВ, Ибрагим Абдулкеримович.",,,
840,25 лет в боях и походах: Повесть.,"У ЖУЙ, У ЮАНЬ ",,,
841,"XXV лет из истории России: 1855— 1880: Лирическая поэма в лицах, живых и музыкальных картинках, в 4-х отд.",ТАТИ-Ш,,,
842,Двадцать пять рублей: Неизданные рассказы.,"НЕКРАСОВ, Николай Алексеевич.",,,
843,25 рублей: Рассказ.,"ТХОРЖЕВ-СКИИ, Корнелий Владиславович.",,,
844,Двадцать пять страниц одной любви: Повесть.,"МОРОЗ, Анатолий Трофимович.",,,
845,Двадцать свадеб в один год: Комедия в З-х д. (Новая ред.).,"ПЕТУХОВ, Юрий Константинович.",,,
846,Двадцать семь градусов: Шутка в 1-м д.,"ЧИНАРОВ, Рубенс.",,,
847,27.000.000: Пьеса в З-х д.,"НАВРОЗОВ, Андрей.",,,
848,27 приключений Хорта Джойс: Роман.,"КАМЕНСКИЙ, Василий Васильевич.",,,
849,Двадцать солнечных верст: Повесть и рассказы.,"БОГДАНОВ, Евгений Николаевич.",,,
850,Двадцать третья дама: Комедия-диалог в 1-м д.,"КОЛ НАС, К. (БЕР, Жорж).",,,
851,20.000 лет подо льдом: Роман.,"ИОКАЙ, Мавр (ЙОКАИ, Мор).",,,
852,Двадцать тысяч лье под водой: Рассказ.,"ВЕРН, Жюль.",,,
853,Двадцать тысяч приданого: Оригинальная комедия в З-х д.,Имя авт. не установлено.,,,
854,Двадцать франков Альфреда.,"МАРИИ, Жанна. ",,После благотворительного вечера...,
855,Двадцать часов: Хроника.,"ШАНТА, Ференц.",,,
856,Двадцать четвертое февраля: Трагедия в 1-м д.,"ВЕРНЕР, Захария.",,,
857,Двадцать четыре горчичника: Сатирические стихи.,"АЗИН, Алексей.",,,
858,24-25 не возвращается: Повесть.,"ИМЕРМАНИС, Анатоль Адольфович, ЦИ-РУЛИС, Гунар. ",,Табаго меняет курс...,
859,24 дня в раю: Повести и рассказы.,"РОЩИН, Михаил.",,,
860,Двадцать четыре и один: Повесть.,"ЗЮЙД-ВЕСТ (БЫВАЛОВ, Евгений Сергеевич).",,,
861,Двадцать четыре часа: Стихи.,"ТРОИЦКИЙ, Михаил Васильевич.",,,
862,24 часа в сутки: Комедия в 11-ти эпизодах.,"СТУКАЛОВ, Олег Николаевич.",,,
863,Двадцать четыре часа из жизни женщины.,"ЦВЕЙГ, Стефан.",,,
864,Двадцать четыре часа из жизни разведчика: Рассказы.,"КАРПОВ, Владимир Васильевич.",,,
865,24 часа на щите: (Юмористическая повесть).,"НАВОЛОЧКИН, Николай Дмитриевич.",,,
866,Двадцать четыре часа чувствительной женщины или Важный урок.,С... К,,,
867,Двадцать шагов навстречу: Новеллы.,"ШИШКАН, Константин Борисович.",,,
868,Двадцать шесть дней: Страницы жизни Ф. М. Достоевского. Пьеса в 2-х д.,"БРЕГМАН, Сарра Яковлевна, ЗАВАДСКИЙ, Евгений Юрьевич",,,
869,26 дней на обитаемом полуострове: Записки начальника пионерского лагеря.,"СТАРИКОВ, Александр Степанович.",,,
870,Двадцать шесть и одна: Поэма.,"ГОРЬКИЙ, Максим.",,,
871,Дважды два...: (Юмористические рассказы).,"КАЛАШНИКОВ, Владимир Николаевич.",,,
872,"Дважды два — дождь...: Рассказы, миниатюры.","ШУЛЬКИНА, Ида Захаровна.",,,
873,2Х2=мечта.,"СНОПКЕВИЧ, Халина.",,,
874,Дважды два — пять: [Рассказы].,"БАРТА, Александр (БАРТА, Шандор).",,,
875,Дважды два —- пять: Роман.,"ДЕ-ЛАРМ, Жорж (СЛЕЗКИН, Юрий Львович.)",,,
876,2X2 = 5: Комедия-сатира в 4-х д.,"ВИД, Густав Иоханнес.",,,
877,2X2 = 5: Листы имажиниста.,"ШЕР-ШЕНЕВИЧ, Вадим Габриэлевич.",,,
878,"Дважды два — четыре: Повесть о том, что было вчера и что может быть завтра. В 2-х ч.","СТЭД, Вильям Томас.",,,
879,Дважды два — четыре: Романтическая повесть.,"ГЕОРГИЕВСКАЯ, Сусанна Михайловна.",,,
880,Дважды живет поэт...: Избранная лирика.,"БАБАДЖАН, Рамз.",,,
881,Дважды жить не дано: Повести. Рассказы. Драма.,"ДВОРЦОВ, Николай Григорьевич.",,,
882,Дважды жить не дано: Роман.,"ЛЕБЕДЕНКО, Петр Васильевич.",,,
883,Дважды любимая: Роман.,"РЕНЬЕ, Анри де.",,,
884,Дважды на полюсе.,"ВОДОПЬЯНОВ, Михаил Васильевич.",,,
885,Дважды не умирают: Повесть.,"АЛЕКСАНДРОВ, Николай Иванович.",,,
886,Дважды обручена: Роман.,"РАЙ-МУНД, Голо.",,,
887,"Дважды разоблаченные: Повествование не только сатирическое, но и документальное.","ШАТРОВ, Евгений Васильевич.",,,
888,Дважды разыскиваемые: Роман.,"ГРЕБЕНЮК, Михаил Кириллович.",,,
889,Дважды рожденные.,"БРЕНДЮЧ-КОВ, Константин Григорьевич.",,,
890,Дважды рожденный: Научно-фантастический роман.,"БОГДАНОВ, Федор Михайлович.",,,
891,Дважды рожденный: [Оч^рк].,"НАГИБИН, Юрий Маркович.",,,
892,Дважды рожденный: [Очерки].,"КУЛИКОВСКАЯ, Галина Владимировна.",,,
893,Дважды рожденный: Повесть.,"БИРЮКОВА, Антонина Николаевна.",,,
894,Дважды Татьяна: Повесть.,"ПОЛЯ-НОВСКИИ, Макс Леонидович.",,,
895,Дважды умерший: Роман.,"ПИРАНДЕЛЛО, Луиджи.",,,
896,Две: Рождественский рассказ.,"МА-КАРОВА-МИРСКАЯ, Александра Ивановна.",,,
897,Две бабушки.,"РИВЛИН, Берта.",,,
898,Две бабушки и странница Акинфия: Рассказ.,"СЛУЧЕВСКИИ, Константин Константинович.",,,
899,Две баллады — две были.,"КОСТОМАРОВА, Александра Коронатовна.",,,
900,Две бочки рома: Киноповесть.,"УРБАН, Эрне.",,,
901,Две буквы: (Повесть-быль).,ГРИ.,,,
902,Две были и еще одна.,"ЖУКОВСКИЙ, Василий Андреевич.",,,
903,Две были про добрых людей.,"БЕКЕТОВА, Мария Андреевна.",,,
904,Две веры: Рассказ социалиста.,"ВИХРОВ, А.",,,
905,Две весны: Повести.,"ДЕМЫКИНА, Галина Николаевна.",,,
906,Две весны: Повесть.,"ПАЗУХИН, Алексей Михайлович.",,,
907,Две войны и два мира: Роман. Кн. 1.,"МАЛАШКИН, Сергей Иванович.",,,
908,Две войны 1876—1878 гг.: Воспоминания и рассказы...,"МАКСИМОВ, Николай Васильевич.",,,
909,Две встречи: [Рассказ].,Ф.,,,
910,Две встречи: Рассказы.,"ИОЛТУХОВ-СКИЙ, Григорий Арсеньевич.",,,
911,Две встречи: Стихи.,"ШАРАПОВ, Александр Яковлевич.",,,
912,«Две встречи» и другие рассказы.,"АНДРЕЕВ, Александр (АНДРЕЕВ, Василий Дмитриевич).",,,
913,Две высоты.,"КОСТАНОВ, Дмитрий Григорьевич.",,,
914,Две главы.,"ШАГИНЯН, Мариэтта Сергеевна.",,,
915,Две глубины.,"ЭЮБОВ, Талет Омарович.",,,
916,Две горошины: Сказка.,"АНИСИМОВА, Александра Петровна.",,,
917,Две гробовые жертвы: Рассказ.,РУССКИЙ КАСЬЯН.,,,
918,Две девицы.,"АНДЕРСЕН, Ганс-Христиан. ",Две бабы; Две трамбовки.,,
919,Две девочки и один мальчик: Картины из жизни детей в Америке.,"ФЛЕТЧЕР, Роберт Гоу.",,,
920,Две девственницы: Новеллы.,"Д'АННУНЦИО, Габриэле (Д'АННУНЦИО, Габриэле).",,,
921,Две Дианы: Роман в 9-ти ч.,"ДЮМА, Александр (отец).",,,
922,Две Дианы: Сцены из закулисной жизни в 4-х д.,"ШАМАРДИН, Г. Я.",,,
923,Две доли: Рассказ.,"БУЛГАКОВ, П.",,,
924,Две доли: Рассказ.,"ТХОРЖЕВ-СКИЙ, Корнелий Владиславович.",,,
925,Две доли: Рассказ в стихах.,"ДОБР-ЖИНСКИЙ-ДИЭЗ, Г. Д. [!] (ДОБРЖИН-СКИЙ, Гавриил Валерьянович).",,,
926,Две дороги: Повесть.,"ВЛАДИМИРОВ, Владимир Николаевич.",,,
927,Две дороги: Повесть.,"ВОСКРЕСЕНСКИЙ, А.",,,
928,Две дороги: [Рассказ].,ДАЛЬНИЙ. ,,,
929,Две дороги: Роман в 2-х кн.,"АРДАМАТСКИЙ, Василий Иванович.",,,
930,Две дороги и тропинка.,"КРУЧЕ-НЮК, Петря (КРУЧЕНЮК, Петр Аксентье-вич).",,,
931,Две дороги к бессмертию.,"БОГА-ЧУК, Антонин (БОГАЧУК, Анатолий Иннокентьевич) .",,,
932,Две души: Рассказ.,"НОВИКОВ-ПРИБОИ, Алексей Силыч.",,,
933,Две елки: Рассказ.,"ВУЧЕТИЧ, Николай Гаврилович.",,,
934,Две елки: [Рассказ].,"ПИСТОЛЕН-КО, Владимир Иванович.",,,
935,Две елки: [Рассказ].,"СТАНЮКОВИЧ, Константин Михайлович. ",Рождественская ночь.,,
936,Две елки: Рождественский рассказ.,ОЛЬГИНА.,,,
937,Две жемчужные нити: Роман.,"КУЧЕР, Василь (КУЧЕР,Василий Степанович).",,,
938,Две женщины: Повесть.,"КОППЕ, Франсуа.",,,
939,Две женщины и зависть: Музыкальная фантасмагория в 2-х ч. Пьеса в стихах и прозе.,"ДОРИЗО, Николай Константинович.",,,
940,Две жены: (Рассказ).,"ШОШИН, Михаил Дмитриевич.",,,
941,Две жены: (Семейный очаг). Роман.,"БАРАНЦЕВИЧ, Казимир Станиславович.",,,
942,Две жердочки через реку: Повести и рассказы.,"БЛИНОВ, Андрей Дмитриевич.",,,
943,Две жертвы: Картины из жизни. Поэма.,"НЕЙМАН, В.",,,
944,Две жизни: Драма в 1-м д. Из прошлой жизни пролетарского таланта.,"ГОТФРИД, Алексей Павлович.",,,
945,Две жизни: Драма в 3-х д.,"РОЛЕ-ДЕР, Александр.",,,
946,Две жизни: Исторический роман.,"ВОЛКОНСКИЙ, Михаил Николаевич.",,,
947,Две жизни: Кинороман в 2-х ч.,"КАПЛЕР, Алексей Яковлевич.",,,
948,Две жизни: (Молодость Муханова). Роман.,"ФОНВИЗИН, Сергей Иванович.",,,
949,Две жизни: Патетическая баллада в прозе.,"КУРПНЕК, Гунар Иванович.",,,
950,Две жизни: Повесть.,"НАГАЕВ, Матвей Назарович.",,,
951,Две жизни: Повесть-сказка.,"КРАШЕНИННИКОВ, Николай Александрович.",,,
952,Две жизни: (Поэма).,"КУТАСОВ, Иван Григорьевич.",,,
953,Две жизни: Поэма.,"ХОЛЗОДА, Саид.",,,
954,Две жизни: Рассказы.,"КОЖЕВНИКОВ, Вадим Михайлович.",,,
955,Две жизни: Роман.,"ВОРОНИН, Сергей Алексеевич.",,,
956,Две жизни: Роман.,"ЛИДИН, Владимир Германович.",,,
957,Две жизни: Роман.,"МА МА ЛЕИ, Джанечо.",,,
958,Две жизни: [Роман].,"НИЗОВОЙ, Павел.",,,
959,Две жизни Госсека; Робин Гуд.,"ГЕР-ШЕНЗОН, Михаил Абрамович.",,,
960,Две жизни и третья: Лирическая драма в 3-х д.,"ВИДРАШКУ, Феодосий.",,,
961,Две жизни или Казаться и быть: Повесть.,"МЕКИНТОШ, Мария Джен.",,,
962,Две Звезды: Документальная повесть.,"ГРИГОРЬЕВ, Григорий Карлович.",,,
963,Две зимы и три лета: Роман.,"АБРАМОВ, Федор Александрович.",,,
964,Две и один: Комедия в 1-м д.,"БРАККО, Роберто.",,,
965,Две императорские короны: Роман.,"САМАРОВ, Грегор.",,,
966,Две истории: Повести.,"ВИННИКОВ, Николай Георгиевич.",,,
967,Две капельки воды: (Метаморфозы воды). Рассказ.,"КОРОВИН, Василий Дмитриевич. ",Путешествие двух капелек. (Круговорот воды).,,
968,Две карты.,"РАЕВСКИЙ, Борис Маркович.",,,
969,Две книги: Стихи.,"ПАСТЕРНАК, Борис Леонидович.",,,
970,Две книги о войне.,"ХОЛОПОВ, Георгий Константинович.",,,
971,Две колонны.,"ЗОТОВ, Владимир Рафаилович.",,,
972,Две команды.,"СОЛОВЬЕВ, Георгий Иванович.",,,
973,Две королевы: (Мария Стюарт и Елизавета Английская). Историческая повесть для юношества.,"АЛТАЕВ, Ал.",,,
974,Две королевы: [Повесть].,"КИСЕЛЕВА, М.",,,
975,Две кошелки: Комедия в 1-м д.,"АРДОВ, Виктор.",,,
976,Две крепости: Стихи.,"КАФАРОВ, Владимир Абдул Азимович.",,,
977,Две летние недели; В маленьком городе: Повести.,"СЕДОВ, Геннадий.",,,
978,Две лилии; Очарованный лес; Мертвые герои; Наводнение 12 ноября 1903 года.,"КОСТОМАРОВА, Александра Корона-товна.",,,
979,Две лотошницы.,"ЯРЦЕВ, Н. П.",,,
980,Две лошади старой Англии.,"МИТ-ЧЕЛЬ, Люси Спрег.",,,
981,Две луны: Пьеса в 3-х д.,"НОСИК, Борис Михайлович.",,,
982,Две любви; Ее дневник: Два рассказа.,"СТЕПОВА, Н.",,,
983,Две любви: (Повесть).,"ЗАРИН, Андрей Ефимович.",,,
984,Две любви: Повесть и рассказы.,"ВАРЛАМОВА, Инна.",,,
985,Две любви: Роман из истории второго крестового похода.,"КРОВФОРД, Марион (КРАУФОРД, Франсис Марион).",,,
986,Две любви: (Стихи).,"ТРЯПША, Валерий Владимирович.",,,
987,Две любви: Стихи.,"ФАИЗ, Ахмад Фаиз.",,,
988,«Две любви» и другие повести.,"ПРЕВО, Марсель.",,,
989,Две маленькие соседки: Повести.,"МАНСО, Аделаида Виктуар.",,,
990,Две маски: Маленькая пьеса в 3-х карт.,"АРДОВ, Виктор.",,,
991,Две матери: Драма в 5-ти д. (В стихах).,"БЕЛОЗЕРСКИЙ, Евгений Михайлович.",,,
992,Две матери: Екатерина Гёте и Катарина Байрон: Рассказ.,"ВАЛУЕВА-МУНТ, Анна Петровна.",,,
993,Две матери: Повесть.,"ГАРТ, Брет (БРЕТ-ГАРТ, Фрэнсис).",,,
994,Две матери: Повесть для детей.,"ШУЛЬГИНА, Александра Васильевна.",,,
995,Две матери: [Рассказ].,"ЕРШОВА, Мария Григорьевна.",,,
996,Две матери: Рассказ.,"ОДЫНЕЦ, Камилла Ивановна.",,,
997,Две матери: (Рассказ).,"УНАМУНО, Мигель де.",,,
998,Две матери: Роман.,"РИШБУРГ, Эмиль.",,,
999,Две матери: Стихотворение.,"РОШЕ, Константин Константинович.",,,
1000,Две медали: Повесть.,"КУЛЕШОВ, Александр.",,,
1001,Две меры: Пьеса в 1-м д.,"КАХАС, Л.",,,
1002,Две меры риса.,"ПИЛЛЭ, Такажи Шивасанкара (ПИЛЛЭ, Такаши Шивасан-кара). ",,Креветки...,
1003,Две милостыни: Драматический этюд в 1-м д. в стихах.,"ВЕЛИЧКО, Василий Львович.",,,
1004,Две милостыни: Из воспоминаний.,"ПОЗНЯКОВ, Николай Иванович.",,,
1005,Две минуты: (Несколько глав из дневника военного врача).,"ШИРКОВ, Валерьян Васильевич.",,,
1006,Две минуты: Рассказы.,"ШИЛИН, Алексей Емельянович.",,,
1007,Две минуты: [Стихи].,"КОСТЮРИН, Диомид Леонидович.",,,
1008,Две минуты до антракта: Сборник эстрадных миниатюр.,"СПАССКИЙ, Святослав Сергеевич.",,,
1009,Две минуты молчания: Новеллы.,"БРАННЕР, Ханс Кристиан.",,,
1010,Две могилы: Рассказ.,"ДИН-СКИИ, А.",,,
1011,Две молодости: Стихи и поэмы.,ШУКРУЛЛО.,,,
1012,Две молодые женщины или Год супружества: Роман.,"КАРЛЕН, Эмилия.",,,
1013,Две Наталочки.,"ЛАЗАРЕВСКИЙ, Борис Александрович.",,,
1014,Две невесты: Историческая драма в 5-ти д.,"ГОЛОХВАСТОВА, Ольга Андреевна.",,,
1015,Две невесты: Роман.,"МАЛО, Гектор.",,,
1016,"Две невесты или Любовь, верность и терпение: Ч. 1—8.","ЛАФОНТЕН, Август Генрих Юлий.",,,
1017,Две ночи: [Повести].,"БОКОВ, Ахмет Хамиевич.",,,
1018,Две ночи: Повести.,"ШТЕНГЕЛОВ, Евгений Степанович.",,,
1019,Две ночи: Пьеса в 4-х. д.,"ПРУТ, Иосиф Леонидович.",,,
1020,Две ночи: [Рассказ].,"НЕМИРОВИЧ-ДАНЧЕНКО, Василий Иванович.",,,
1021,Две ночи наедине: Повести.,"ЕГОРОВ, Федор Иванович.",,,
1022,«Две ночи перед казнью» и другие рассказы.,"НЕМИРОВИЧ-ДАНЧЕНКО, Василий Иванович.",,,
1023,Две пары: Повесть.,"ЭРТЕЛЬ, Александр Иванович.",,,
1024,Две пасхи: (Странички войны).,"ПОЛИТУР, Николай Романович.",,,
1025,Две песни: Стихи.,"ПОГРОМСКИЙ, Николай Александрович.",,,
1026,Две племянницы вместо одной: Комедия в 2-х д.,"КОЦЕБУ, Август Фридрих.",,,
1027,Две повести из прошлого Лифлян-дии.,"ТУГАН, Лидия (ТУГАН-БАРАНОВ-СКАЯ, Лидия Карловна).",,,
1028,Две подруги: Рассказ.,"КАЙЗЕР-МАН, Григорий Яковлевич.",,,
1029,Две правды: Драма в 4-х д.,"ЛУНИН, Степан Михайлович.",,,
1030,Две правды: Повесть.,"ВАЛЬФОРС, Сергей.",,,
1031,Две правды: (Повесть).,"НАЗАРЬЕВА, Капитолина Валериановна.",,,
1032,Две правды: Пьеса в 3-х д.,ШМИДТ В,,,
1033,Две правды: Рассказы из дореволюционного прошлого.,"ЗАМОИСКИЙ, Петр.",,,
1034,Две преступницы: Рассказы судебного следователя. Сестра; В сильном подозрении.,"ШКЛЯРЕВСКИЙ, Александр Андреевич.",,,
1035,Две пригоршни моря: Повести.,"СЕЛЕНСКИИ, Юрий.",,,
1036,Две пули; На выручку: Рассказы.,"ГЕРАСИМОВ, Павел Николаевич.",,,
1037,Две путины: Повести.,"НИКОЛАЕВ, Владислав Николаевич.",,,
1038,Две радуги: Стихи и поэма «Двадцать пять лет».,"ГУСЕЙНОВ, Ибрагим Аб-дулкеримович.",,,
1039,Две реки: Повесть.,"САЯНОВ, Виссарион.",,,
1040,Две родины: Повесть.,"АМЕЛИ-ЧЕВ, А. Ф.",,,
1041,Две родины: Стихи.,"МАТЕУ, Хулио Мартинес.",,,
1042,Две розы.,"РОКА, Ансельмо.",,,
1043,Две русские песни.,"ФЕДОРОВ, Григорий.",,,
1044,Две свадьбы: Стихотворения. Для воспоминания родным и знакомым.,"ЦУК-КЕРМАН, М. Е.",,,
1045,Две свадьбы в один час или В небылом небылое: Комедия-водевиль в 4-х д. с прологом. И...,"Ш... (ШЕСТАКОВА, И.).",,,
1046,Две свечи: Сказание о 1812 г.,"ГОМЗЯКОВ, Павел Иванович.",,,
1047,Две секунды: Рассказы.,"ПОЗД-НЕЕВ, Александр Александрович.",,,
1048,Две секунды света.,"КОРШУНОВ, Михаил Павлович.",,,
1049,Две семейки XX века: Пьеска для театра миниатюр.,"СМЕРЕЧИНСКИИ, Евгений Стефанович. ",,Ревнивец...,
1050,Две семьи: Комедия в 5-ти д.,"ОЖЬЕ, Эмиль. ",Старший брат.,,
1051,Две семьи: Повесть.,"ПРОХОРОВ, Павел Нефедович.",,,
1052,Две семьи: (Святочный рассказ).,"НЕМИРОВИЧ-ДАНЧЕНКО, Василий Иванович.",,,
1053,Две сестрички или Новое фарисейство: Нравоописательная бывальщина. Т.,"I ТРЕХЗВЕЗДОЧКИН, Гермоген (МАКАРОВ, Николай Петрович). ",Мои семидесятилетние воспоминания и с тем вместе моя полная предсмертная исповедь.,,
1054,Две сестры: Картины для чтения и представления.,"ВАСИЛЬЧЕНКО, Семен Филиппович.",,,
1055,Две сестры: Повесть.,"ЛУКАШЕВИЧ, Клавдия.",,,
1056,Две сестры: Рассказ.,"НЕЧАЕВ, Ф. И.",,,
1057,Две сестры: [Рассказ].,"ПЕРЕЛЫ-ГИН, Николай Иванович.",,,
1058,Две сестры: (Рассказ).,"РОДА-РОДА, Мари.",,,
1059,Две сестры: Роман.,"ТЕРЬЕ, Андре.",,,
1060,Две сестры: Роман.,"ФИРСОВ, Виктор.",,,
1061,Две сестры: Роман.,"ХАГГАРД, Генри Райдер.",,,
1062,Две сестры: Роман. Ч. 1—2.,"НАР-СКАЯ, Е. (ШАЛИКОВА, Наталия Петровна).",,,
1063,Две сестры: Роман. Ч. 1—4.,"ФУЛЛЕРТОН, Джорджина.",,,
1064,Две сестры: Стихотворение.,"ЧЕР-НОЯРОВ, Иван.",,,
1065,Две сестры или Смоленск в 1812 году: Исторический роман в 2-х частях.,"ЗОТОВ, Рафаил Михайлович.",,,
1066,Две силы: Драма в 5-ти д.,"ЗЕ-ЛАНД-ДУБЕЛЬТ, Елена Александровна.",,,
1067,Две силы: (Из американской жизни). Оригинальная комедия в 5-ти д.,"ГИЛ-ЛИН, Арнольд Вильямович.",,,
1068,Две силы: (Картина Синьорелли). Драма в 4-х д.,"ЯФФЕ, Рихард.",,,
1069,Две силы: Повесть.,"АВЕРЬЯНОВА, Е. А.",,,
1070,Две силы: Посвящается сельским учительницам. Списано с натуры.,"БЛУДО-РОВ, Николай Павлович.",,,
1071,Две силы: (Рассказ помещика).,"МЕЙЕР, М.",,,
1072,Две силы: [Рассказы].,"НАГИБИН, Юрий Маркович.",,,
1073,Две силы: Роман.,"АПРАКСИН, Александр Дмитриевич.",,,
1074,Две силы: Роман.,"ПОПОВ, Виктор Алексеевич.",,,
1075,Две силы: Сцены из сибирской кооперативной жизни в 4-х д.,"ФЛОРИНСКИЙ, А.",,,
1076,Две сиротки: Драма в 5-ти актах.,"ДЕННЕРИ, Адольф Филипп, КОРМОН, Эжен.",,,
1077,Две сиротки или Дела давно минувших дней: Повесть.,"КУКЕЛЬ (ЛУНИН, В. А.).",,,
1078,Две скалы: Поэма.,ШУКРУЛЛО.,,,
1079,Две скорби: Драматические сцены.,"КОППЕ, Франсуа.",,,
1080,Две славы: Новая нравоучительная повесть.,"ЖАНЛИС, Стефани Фелисите.",,,
1081,Две смерти: Рассказ.,"ОСТРОГ-СКИЙ, В. Л. (БЕРНСОН, Венедикт Люд-викович). ",Покаяние интеллигентной женщины.,,
1082,Две смерти: (Рассказ).,"ТИМОФЕЕВ, Н. А.",,,
1083,"Две смерти: [Рассказы, отрывки из эпопеи «Железный поток»].","СЕРАФИМОВИЧ, Александр.",,,
1084,Две смерти доктора Флинна: Пьеса в 1-м д.,"ВИРТ, Михаил Захарьевич, КАЧАНОВ, И.",,,
1085,«Две смерти» и другие рассказы.,"СОКОЛИНСКИИ, Александр Владимирович.",,,
1086,Две собаки.,"КРЫЛОВ, Иван Андреевич.",,,
1087,Две собачки: Рассказ в стихах.,"БУШ, Вильгельм.",,,
1088,Две совести: [Рассказы].,"КОРНИЕНКО, Григорий Федорович.",,,
1089,Две совести: Роман.,"ГЕРАСИМОВ, Павел Николаевич.",,,
1090,Две современницы: Роман в 5-тид. (материалы для драмы).,ШИРОДУБИН.,,,
1091,Две соперницы: Рассказ.,"КУКЕЛЬ (ЛУНИН, В. А.).",,,
1092,Две сосны.,"ЛЕВИН, Василий Николаевич.",,,
1093,Две столицы: Исторический роман.,"РАВИЧ, Николай Александрович.",,,
1094,Две странички любви: Комедия в 1- м д.,"ЛЕГУВЕ, Эрнест.",,,
1095,Две страсти: Драма в 4-х д.,"ПРОТОПОПОВ, Виктор Викторович.",,,
1096,Две строки в песню.,"ПАДЕРИН, Геннадий Никитич.",,,
1097,Две судьбы: Быль.,"МАЙКОВ, Аполлон Николаевич.",,,
1098,Две судьбы: Героическая драма в 2- х д.,"ЛИПОВСКИЙ, Александр Ильич.",,,
1099,Две судьбы: Драма в 4-х д.,"ПОЗДНИЙ, Роман.",,,
1100,Две судьбы: Очерки.,"БРАГИН, Алексей Иванович.",,,
1101,Две судьбы: Пьеса в 3-х д.,"ЗЕЛЕ-РАНСКИИ, Ниссон Яковлевич, ХИГЕРО-ВИЧ, Рафаил Исаевич.",,,
1102,Две судьбы: Роман в 3-х ч.,ТВЕРЯК. ,,,
1103,Две тени от луны: Рассказы.,"ШУХОВ, Юрий Иннокентьевич.",,,
1104,Две тещи: Комедия в 1-м д.,Имя авт. не установлено.,,,
1105,Две тещи или... Все как в водевиле: Пьеса в 3-х д.,"КОРОСТЫЛЕВ, Вадим Николаевич.",,,
1106,2000 колумбов: Юмористические рассказы.,"САМОХИН, Николай Яковлевич.",,,
1107,Две тысячи лет назад или Приключения молодого римлянина: Роман.,"ЧЕРЧ, Альфред Джон.",,,
1108,Две тысячи метров над уровнем моря: Повесть.,"ПИСЬМЕННЫЙ, Александр Григорьевич.",,,
1109,Две тысячи миль под водой.,"ЗОНИН, Александр Ильич.",,,
1110,Две тысячи «Стиффов».,"ЛОНДОН, Джек.",,,
1111,Две улыбки: Сатирические и юмористические стихи.,"КОТОВ, Владимир Петрович.",,,
1112,Две утки: (Любовь и политика). Комедия-сатира в 3-х д.,"БЕРНАР, Тристан.",,,
1113,Две утки и лягушка.,"БУШ, Вильгельм. ",,Месть слона...,
1114,Две шали.,"ГАМЗАТОВ, Расул Гам-затович.",,,
1115,Двенадцатая ночь: Комедия в 5-ти д.,"ШЕКСПИР, Вильям. ",Двенадцатая ночь или Что угодно; Двенадцатая ночь или Как вам угодно; Крещенский вечер или Все что хотите.,,
1116,Двенадцатая ночь или Как вам угодно: Комедия.,"ШЕКСПИР, Вильям.",,,
1117,Двенадцатая ночь или Что угодно: Комедия в 5-ти д.,"ШЕКСПИР, Вильям.",,,
1118,Двенадцатая рота.,"КЛЫЧКОВ, Сергей.",,,
1119,Двенадцатилетний Робинзон: Повествование для юношества.,"БОЛЬЕ, Софья.",,,
1120,Двенадцатый: Пьеса в 14-ти эпизодах. Новая редакция.,"БАРКОВ, Борис Прокопьевич.",,,
1121,Двенадцатый год: Военно-историческая поэма.,"ГОЕРЦ, Владимир фон.",,,
1122,Двенадцатый год: Драматическая хроника в 3-х ч. (в 3-х представлениях).,"БАХМЕТЬЕВ, Алексей Иванович.",,,
1123,Двенадцатый год: Из рассказов бабушки.,"ПОГОЖЕВА, Елизавета Дмитриевна.",,,
1124,Двенадцатый год: Исторический роман в 3-х ч.,"МОРДОВЦЕВ, Даниил Лукич.",,,
1125,Двенадцатый год: (Сцены из отечественной войны).,"МАЗОВ, Н.",,,
1126,12-й год: Феерия в 14-ти карт.,"ГЕНКЕ, Евгений А.",,,
1127,Двенадцатый С-261: Пьеса в 4-х д.,"БАРКОВ, Борис Прокопьевич. ",Двенадцатый.,,
1128,Двенадцатый час: Драма в 3-х актах.,"МАКСИМОВ, Николай Иванович.",,,
1129,Двенадцатый час: Пьеса в 3-х актах.,"ИТКИН, Лев Савельевич (САВЕЛЬЕВ, Л.)",,,
1130,Двенадцатый час: Трагикомедия в 3- х актах.,"АРБУЗОВ, Алексей Николаевич.",,,
1131,Двенадцать.,"БЛОК, Александр Александрович.",,,
1132,Двенадцать братьев: Поэма в стихах.,"АНДРЕЕВ, Арсений.",,,
1133,Двенадцать вечерних костров: Рассказы.,"ЛУЖАНИН, Максим.",,,
1134,Двенадцать ворот Бухары: Роман.,"ИКРАМИ, Джалол Икрамович.",,,
1135,Двенадцать дорог на Эгль.,"ДАНГУ-ЛОВ, Савва Артемьевич.",,,
1136,Двенадцать замечаний в тетрадке.,"НАДЬ, Каталин.",,,
1137,Двенадцать зорь: Рассказы.,"ЛИПАТОВ, Анатолий Леонидович .",,,
1138,Двенадцать Ларис.,"МАКСИМОВ, Павел Петрович.",,,
1139,Двенадцать медвежьих голов.,"ПАС-САР, Андрей Александрович.",,,
1140,Двенадцать месяцев: Из жизни Кости Семенова и его друзей.,"ДМИТРИЕВ, Юрий.",,,
1141,12 месяцев: Повесть.,"КАСПАРОВ, Борис Минаевич.",,,
1142,Двенадцать месяцев: 1905 г. [Стихи] .,"ВЕРХАРН, Эмиль.",,,
1143,Двенадцать отважных: Рассказ о пионерах села Покровского.,"ВИГДОРОВА, Фрида Абрамовна, ПЕЧЕРНИКОВА, Татьяна Алексеевна.",,,
1144,Двенадцать сестер:     Сказка.,"ЭВАЛЬД, Карл.",,,
1145,Двенадцать спутников: Драма в 4- х д.,"ШУНДИК, Николай Елисеевич.",,,
1146,Двенадцать спящих бутошников: Поучительная баллада.,"ФИТЮЛЬКИН, Елистрат (ПРОТАШИНСКИЙ, Василий Андреевич).",,,
1147,Двенадцать спящих дев: Баллада.,Имя авт. не установлено.,,,
1148,Двенадцать спящих дев: [Повесть].,"ШПИС, Христиан Генрих.",,,
1149,Двенадцать спящих дев: Старинная повесть.,"ЖУКОВСКИЙ, Василий Андреевич.",,,
1150,Двенадцать спящих дев: Фантастическая повесть в 3-х кн. и 6-ти ч.,Имя авт. не установлено.,,,
1151,Двенадцать спящих дев или Приключения прекрасного Иосифа: Легендарная повесть из средневековой жизни.,Имя авт. не установлено.,,,
1152,Двенадцать столетий: Французские новости. Ч. 1—4.,"БОН, Елизавета де.",,,
1153,Двенадцать стульев: Роман.,ИЛЬФ.,,,
1154,Двенадцать тысяч лет назад: Коней одного мира. Повесть.,"АНЭ, Клод.",,,
1155,Двенадцать часов: Повесть.,ЯШ-ПАЛ.,,,
1156,Двенадцать часов: [Рассказы].,"НЕВЕРОВ, Александр.",,,
1157,Двенадцать часов: (Рассказы и очерки).,"ШМЕЛЕВ, Олег Михайлович.",,,
1158,Двенадцать языков: Исторический роман.,"ОКРЕИЦ, Станислав Станиславович.",,,
1159,Двери в день.,"ШКУРУ ПИЙ, Гео Данилович.",,,
1160,Двери в рассвет.,"ХАЛ У ПОВИЧ, Вадим Абрамович.",,,
1161,Двери открыты настежь: Повесть.,"АРГУНОВА, Нора Борисовна.",,,
1162,Двери открыты настежь: Роман.,"ЕВТЫХ, Аскер Кадербечевич.",,,
1163,Двери хлопают!: Комедия в 3-х д.,"ФЕРМО, Мишель.",,,
1164,Дверь в церковь.,"РОЗАНОВ, Николай.",,,
1165,Дверь Мехера: Ванская легенда; Отзвуки Вана.,"КУЛЕБЯКИН, Александр Парфентьевич.",,,
1166,Дверь остается открытой: Повесть и рассказы.,"ИВАНОВ, Борис Иванович.",,,
1167,Дверь открыта настежь.,"ГАРБУЗОВ, Соломон Еремеевич.",,,
1168,Дверь с той стороны: Фантастический роман.,"МИХАИЛОВ, Владимир Дмитриевич.",,,
1169,Дверь ста печалей.,"КИПЛИНГ, Ре- ",,,
1170,220 дней на звездолете: Научнофантастическая повесть.,"МАРТЫНОВ, Георгий Сергеевич.",,,
1171,200 километров до суда: Четыре повести.,"ВАКУЛОВСКАЯ, Лидия Александровна.",,,
1172,Двести метров: Рассказы.,"ШЕЙНИН, Александр Михайлович.",,,
1173,205-й километр: Драма в 2-х д. с прологом.,"ЛЕМБЕРИК, Исай Михайлович.",,,
1174,Двести радуг: Стихи.,"ЛИВШИЦ, Семен Ефимович.",,,
1175,Двести суток в осаде: Документальная повесть.,"МЕЛЬНИКОВ, Николай Алексеевич.",,,
1176,200 тысяч: Водевиль в 1-м д.,"ОСТРОВСКИЙ, Яков Львович.",,,
1177,200 000: Комедия в 4-х д.,"КОРОП-ЦОВ, П. П.",,,
1178,Двести тысяч: Комедия-жанр в 3-х д.,"ПРИВОЛЬСКИЙ, А. (ВАСИЛЬЕВ, Лавр Фролович).",,,
1179,200000 вольт: Героическое представление в 3-х актах с прологом и апофеозом.,"ЦИНОВСКИИ, Леонид Яковлевич.",,,
1180,200000 на мелкие расходы: Комедия в 3-х актах.,"ДЫХОВИЧНЫИ, Владимир Абрамович, СЛОБОДСКОЙ, Морис Романович.",,,
1181,200-000 рублей: Роман.,"БЕЛОГУР-СКИЙ, А. А.",,,
1182,Движение: Стихи.,"ШЕМШЕЛЕ-ВИЧ, Леонид Вениаминович.",,,
1183,Движение: Стихи.,"ШИЛЯЕВ, Анатолий Степанович.",,,
1184,Движение: Стихи.,"ЯВОРСКАЯ, Элеонора Робертовна (ЯВОРСКАЯ, Нора).",,,
1185,Движение вперед: Рассказы.,"СКОРОХОДОВ, Михаил Аркадьевич.",,,
1186,Движения.,"СЕРГЕЕВ-ЦЕНСКИЙ, Сергей Николаевич.",,,
1187,Движения человеческой души: Рассказы.,"НОРДАУ, Макс. ",Анализы души; Душевные анализы.,,
1188,Движется лава: Пьеса в 11-ти карт.,"ГОАРИК, Г. М., ГУРОВ, П. С.",,,
1189,Движущая сила: Повесть.,ЦАО МИН.,,,
1190,Движущиеся столы: Пустячок в 1-м д.,"СУШКОВ, Николай Васильевич.",,,
1191,Движущийся стол: Сцены из современной жизни.,"РОДИСЛАВСКИЙ, Владимир Иванович.",,,
1192,Двое: (Голодающие). Рассказы.,"МАНН, Томас.",,,
1193,Двое: Историческая повесть.,"СОЛЕ-НИК, Антон Францевич.",,,
1194,Двое: Красноармейские рассказы.,"БУСЫГИН, Александр Иванович.",,,
1195,Двое: Повесть.,"ЛАПИН, Борис Федорович.",,,
1196,Двое: (Пьеса).,"УЛЬЯНИНСКИЙ, Александр Вячеславович.",,,
1197,Двое: Пьеса в 1-м д.,"ЛЬВОВА, Александра Абрамовна.",,,
1198,Двое: (Рассказ).,"КОСТЕРИН, Алексей Евграфович.",,,
1199,Двое: Рассказы.,"ЧУКОВСКИЙ, Николай Корнеевич.",,,
1200,Двое: [Роман].,"БОНДАРЕВ, Юрий Васильевич. ",,Тишина...,
1201,Двое: (Роман).,"ДЮАМЕЛЬ, Жорж.",,,
1202,Двое в городке: Рассказы.,"ПОЦЮС, Альгирдас Зенонович.",,,
1203,Двое в декабре: Рассказы.,"КАЗАКОВ, Юрий Павлович.",,,
1204,Двое в каюте: Рассказы.,"ЛОГИНОВ, Николай Васильевич.",,,
1205,Двое в новом городе: Роман.,"КАЛ-ЧЕВ, Камен.",,,
1206,Двое в одной проруби.,"АРДОВ, Виктор.",,,
1207,Двое в одной шкуре: Роман. Из жизни сельских обывателей Сибири.,"МУРОВ, Г. Т.",,,
1208,Двое в океане.,"ГРИВА, Жан.",,,
1209,Двое в палате.,"ДВОРЦОВ, Николай Григорьевич.",,,
1210,Двое в песках.,"КАРПОВ, Владимир Васильевич.",,,
1211,Двое в плавнях: Рассказы.,"ВОЛЬФ, Сергей Евгеньевич.",,,
1212,Двое в пути: Повесть.,"ВАЙСБЕРГ, Леонид Маркович.",,,
1213,Двое в пути: Рассказы.,"БЕЛЯЕВ, Владимир Сергеевич.",,,
1214,Двое в пути: Рассказы.,"ЖУРАХО-ВИЧ, Семен Михайлович.",,,
1215,Двое в тайге: Приключенческая повесть.,"ВАХОВ, Анатолий Алексеевич.",,,
1216,Двое в тундре: Рассказы.,"ДАНИЛОВ, Софрон Петрович.",,,
1217,"Двое за четверых или Ревность и шутка: Комедия в 1-м д., в стихах.","ДЬЕ-ЛАФУА, Мишель.",,,
1218,Двое знаменитых: Повесть.,"КАМАНИН, Федор.",,,
1219,Двое и война: Повесть.,"МАЛЫГИНА, Надежда Петровна.",,,
1220,Двое и лисий хвост: Пьеса в 2-х д.,"ГЛЕБОВ, Анатолий.",,,
1221,Двое и птицы: Рассказы и повесть для кинематографа.,"РОЖКОВ, Николай Васильевич.",,,
1222,Двое и третий: Пьеса в 4-х д.,"ТУР, Аделаида Ивановна.",,,
1223,"Двое, идущие рядом: Книга стихов.","БЕЛИНСКИЙ, Яков Львович.",,,
1224,Двое из многих: Роман.,"ПОГОНИ, Антал.",,,
1225,Двое из нашего дома: Рассказы.,"СОЛОУХИН, Валентин Алексеевич.",,,
1226,Двое из 120.,"НАЗАР Л И, Гаджи Баба.",,,
1227,Двое на границе.,"ВОЛЬФ, Фридрих.",,,
1228,Двое на качелях.,"ГИБСОН, Уильям.",,,
1229,Двое на набережной.,"БАУЖА, Александрас Антонович.",,,
1230,Двое на одного.,"ХОДАНОВ, Алексей Иосифович.",,,
1231,Двое на одной тропе: Повесть.,"ГАСТЕВ, Сергей Николаевич.",,,
1232,Двое на перроне: Рассказы.,"КОР-ПАЧЕВ, Эдуард Маркович.",,,
1233,Двое на профиле: Рассказы и повесть.,"ПУТИЛОВ, Борис Анатольевич.",,,
1234,Двое на рассвете: Рассказы.,"ГОЛОЩАПОВ, Николай Петрович.",,,
1235,Двое над океаном.,"ГОФМАН, Генрих Борисович. ",,Черный генерал...,
1236,Двое среди людей: Криминальная хроника в 2-х ч.,"ВАЙНЕР, Аркадий Александрович, ВАЙНЕР, Георгий Александрович.",,,
1237,Двое суток молчания: Повесть.,"ГУРИНЕНКО, Петро (ГУРИНЕНКО, Петр Владимирович).",,,
1238,Двое у реки Грань: Повесть.,"КРАСНОВ, Николай Степанович.",,,
1239,Двое у ручья.,"МОНАСТЫРЕВ, Владимир Алексеевич.",,,
1240,Двоеженец: Драма в 4-х д.,"СУХОДОЛЬСКИЙ, Алексей Львович.",,,
1241,Двоеженец: Рассказ для взрослых.,Имя авт. не установлено.,,,
1242,Двоеженец: Роман.,"МОНТЕПЕН, Ксавье де.",,,
1243,Двойная жизнь: Очерк.,"ПАВЛОВА, Каролина Карловна.",,,
1244,Двойная жизнь: Повести.,"НОВИКОВ, Иван Алексеевич.",,,
1245,Двойная западня: Документальная повесть.,"ЗАВАЛИШИНА, Виктория Михайловна, СМЕШНОВ, Николай Александрович.",,,
1246,Двойная игра: (Фельетоны).,"НА-РИНЬЯНИ, Семен Давыдович.",,,
1246а,Двойная маска: Рассказ.,Имя авт. не установлено.,,,
1247,Двойная маска или Невинная интрига: Комедия в 3-х д.,"КАЧКА, Я. М.",,,
1248,Двойная ошибка; Идиллия в масках: [Рассказы].,"ФАРРЕР, Клод.",,,
1249,Двойная ошибка: Повесть.,"МЕРИ-МЕ, Проспер.",,,
1250,Двойная память.,"СВЕРЧКОВ, Дмитрий Федорович.",,,
1251,Двойная радуга: (Рассказы-воспоминания).,"ТИХОНОВ, Николай Семенович.",,,
1252,Двойная радуга: Стихи.,"ЖЕМЛИ-ХАНОВ, Энвер Мухамедович.",,,
1253,Двойная радуга: Стихотворения.,"ТАТЬЯНИЧЕВА, Людмила Константиновна.",,,
1254,Двойная смерть.,"ИОКАЙ, Мавр (ЙОКАИ, Мор).",,,
1255,Двойная уха: Юмористические рассказы и фельетоны.,"МАКИВЧУК, Федор Юрьевич.",,,
1256,Двойник: Миниатюра.,"МАМОНТОВ, Иван Сергеевич.",,,
1257,Двойник: Петербургская поэма.,"ДОСТОЕВСКИЙ, Федор Михайлович.",,,
1258,Двойник: Повесть.,"АХШАРУМОВ, Николай Дмитриевич.",,,
1259,Двойник: Пьеса в 3-х д.,"ГЕНКЕН [!] (ЭННЕКЕН, Морис) ",,,
1260,Двойник: [Рассказ].,"БАЛАЧ, А. ",,Невымышленная история...,
1261,Двойник: Рассказ.,"КОНРАД, Джозеф.",,,
1262,Двойник: (Рассказ).,"СИЛЬВЕСТР, Арман. ",,Кадриль...,
1263,Двойник: Рассказы.,"ДЖЕКОБС, Вильям Вимарк.",,,
1264,Двойник: Роман.,"БРИДЖЕС, Виктор (БРИДЖС, Виктор).",,,
1265,Двойник: (Святочный рассказ).,"ТОЛСТОЙ, Алексей Константинович. ",,Змей-Тугарин...,
1266,Двойник: Стихи 1920—26 гг.,"ЛАВРОВА, Клавдия Николаевна.",,,
1267,Двойник: Фантастическая сценка в 3-х д.,Имя авт. не установлено.,,,
1268,Двойник или Мои вечера в Малороссии.,"ПОГОРЕЛЬСКИЙ, Антоний (ПЕРОВСКИЙ, Алексей Алексеевич).",,,
1269,Двойник Клода Меркера: Роман.,"БУТЭ, Фредерик (БУТЕ, Фредерик).",,,
1270,Двойник Наполеона: (Наполеон в Вероне).,"ИВАНОВ, Петр.",,,
1271,Двойник священника: Из приключений знаменитой прусской сыщицы баронессы Ирмы фон-Мозель.,Имя авт. не установлено.,,,
1272,Двойник члена парламента: Роман.,"ТЕРСТОН, Катарина Сесиль.",,,
1273,Двойники.,"ГОФМАН, Эрнст Теодор Амадей.",,,
1274,Двойники в пустыне: Повесть.,"ЯНОВСКИЙ, Анатолий Николаевич.",,,
1275,Двойное бытие.,"ТАЛОВ, Марк Владимирович.",,,
1276,Двойное дно: [Документальная повесть].,"КАШНИКОВ, Марат Федорович.",,,
1277,Двойное дно: Документальная повесть.,"РЕКЕМЧУК, Александр Евсеевич.",,,
1278,"Двойное отражение: Восьмистишия, поэмы, йорелы.","БАЙДЫЕВ, Санжара Лид-жиевич.",,,
1279,Двойное ярмо: Рассказ работницы негритянки.,"ГЛЭСКО, Маргарита (ГЛЕС-КО, Маргарита).",,,
1280,Двойной венок: Стихи.,"ДЕМУАР, Николай Александрович.",,,
1281,«Двойной выстрел» и другие рассказы.,"БЛАСКО ИБАНЬЕС, Висенте.",,,
1282,Двойной заслон: Очерк шахтера.,"ЛЯХОВ, Дмитрий.",,,
1283,Двойной портрет: Роман.,"КАВЕРИН, Вениамин.",,,
1284,Двойной удар: Роман.,"ЕЛИСЕЕВ, Леонид Петрович.",,,
1285,Двойственная личность.,"ЛОНДОН, Джек.",,,
1286,Двор: Повесть.,"КАРАВАЕВА, Анна Александровна.",,,
1287,Двор: Стихи.,"САВЕЛЬЕВ, Владимир Семенович.",,,
1288,Двор Карла IV: Исторический роман.,"ПЕРЕС ГАЛЬДОС, Бенито.",,,
1289,"Двор у Китайгородской стены: Повесть, рассказы.","СОКОЛОВА, Марина Николаевна.",,,
1290,Двор чудес: Стихи (Г920—1921 гг.).,"ОДОЕВЦЕВА, Ирина Владимировна.",,,
1291,Дворец Дима.,"ГАРИН, Н. (ГАРИН-МИХАЙЛОВСКИЙ, Николай Георгиевич).",,,
1292,Дворец жизни: Повесть о феях.,"ЛАБУЛЭ, Эдуард Рене Лефевр де.",,,
1293,Дворец и монастырь: Исторический роман-хроника времен великого князя Василия Ивановича и царя Иоанна Грозного.,"ШЕЛЛЕР-МИХАЙЛОВ, Александр Константинович.",,,
1294,Дворец из скелетов или Архитектура Вильгельма: Рассказ.,"ШУХМИН, Христофор Алексеевич.",,,
1295,Дворики: Роман.,"РЯХОВСКИЙ, Василий Дмитриевич.",,,
1296,Дворник; Наследство: Два рассказа.,"СЕМЕНОВ, Сергей Терентьевич.",,,
1297,Дворняжка: Рассказ.,"ПРИОРОВ, Михаил Капитонович.",,,
1298,Дворовый Пашка: (Рассказ крепостного). Повесть.,"ВЕРЕЙСКАЯ, Елена Николаевна.",,,
1299,Дворцы Вассаров: Роман.,"ЛЕБЕ-РЕХТ, Ганс Фридрихович.",,,
1300,Дворцы на Кульдуре.,"ЧЕРНЕВ, Илья.",,,
1301,Дворянин Готье.,"КАРИНЦЕВ, Николай.",,,
1302,Дворянка.,"ЛЕВИТОВ, Александр Иванович.",,,
1303,Дворянская берлога: Роман.,"ТИМ КОВСКИЙ, Николай Иванович. ",В дворянской берлоге.,,
1304,Дворянская повесть; Святочный рассказ; Итальянская легенда; Рыцарь пера: Комедия в 4-х д.,"ЛЕМАН, Анатолий Иванович.",,,
1305,Дворянская честь: Повесть из времен Екатерины II; Прометей (рассказ из древнегреческой жизни): Исторические повести.,"ФИЛИППОВ, Михаил Михайлович.",,,
1306,Дворянские выборы: Комедия в 3-х д.,"КВИТКА-ОСНОВЬЯНЕНКО, Григорий Федорович.",,,
1307,Дворянские выборы: Часть вторая или Выборы исправника. Комедия в 4-х д. в прозе.,"КВИТКА-ОСНОВЬЯНЕНКО, Григорий Федорович.",,,
1308,Дворянские выборы: Характеристическая картина. В 4-х гл. А...,"Ч... (ЧУРОВ-СКИИ, Александр Иванович).",,,
1309,Дворянские отпрыски.,"ГОРБАЧЕВ, Василий Егорович. ",,Комета...,
1310,Дворянский сын Григорий Рогожин: Действие рассказа происходит в царствование Петра I. Повесть.,"ОСТРОВСКАЯ, Надежда Николаевна.",,,
1311,Дворянское гнездо: Роман.,"ТУРГЕНЕВ, Иван Сергеевич.",,,
1312,Двоюродная сестрица: Комедия в 3-х д.,"Б-Ъ, Владимир (БАХРУШИН, Владимир Александрович).",,,
1313,Двоюродные братья.,"РАБИН, Иосиф Израилевич.",,,
1314,Двоюродный брат: Роман.,"ТРОЛЛОП, Энтони.",,,
1315,Двугорбый кормилец.,"ТУРКИН, Ф.",,,
1316,Двугривенный.,"СОЛОВОВО, Анастасия Васильевна.",,,
1317,Двуликий бог: Роман.,"КОВАЛЬСКАЯ, Ольга Нестеровна, КОВАЛЬСКИЙ, Казимир Адольфович.",,,
1318,Двуликий Янус: Повесть.,"НАУМОВ, Яков Наумович, ЯКОВЛЕВ, Андрей Яковлевич.",,,
1319,Двуликий Янус: Сцена в 1-м д.,"ПОТЕХИН, Дмитрий Иванович.",,,
1320,Двум.,"КУЗМИИ, Михаил Алексеевич.",,,
1321,Двум смертям не бывать: Повести. Рассказы.,"КОЖУХОВА, Ольга Константиновна.",,,
1322,"Двум смертям не бывать, а одной не миновать: Рассказ.","ТХОРЖЕВСКИЙ, Корнелий Владиславович.",,,
1323,Двумужница: Историческая повесть.,"АРСЕНЬЕВ, Александр Васильевич.",,,
1324,Двумужница: Роман.,"ЛЯ-ГАРД, Эдмонд.",,,
1325,Двумужница: Роман.,"ФЕВАЛЬ, Поль Анри.",,,
1326,"Двумужница или За чем пойдешь, то и найдешь; Романтическая драма в 2- х ч., в 5-ти сутках с принадлежащими к ней протяжными плясовыми, хороводными, подблюдными и разбойничьими песнями, плясками, хороводными играми.","ШАХОВСКОЙ, Александр Александрович.",,,
1327,Двумужница или Плохой мир— лучше доброй ссоры!: Оригинальный воде- виль в 1-м д.,"КОЗЬМИН-ПЕРВАГО, Петр Константинович.",,,
1328,Двумя дорогами.,"АКУЛОВ, Иван Иванович.",,,
1328а,Двумя крохами человека не накормишь.,"ИВАН КУЗЬМИЧ (КОНДРАТЬЕВ, Иван Кузьмич). ",,И у ежа своя жена гожа...,
1329,Двуногие: Ироническая    трагедия.,"МАРИЕНГОФ, Анатолий Борисович.",,,
1330,Двуногие      без перьев: Сатира и юмор.,"КНЯЗЕВ, Василий Васильевич.",,,
1331,Двуногий: Сказка.,"ЭВАЛЬД, Карл. ",История двуногого.,,
1332,Двуногий волк: Роман в 2-х ч.,"КАРАЗИН, Николай Николаевич.",,,
1333,Двуносый:      О долгоногах.,"ЧЕГ- ЛОК, Александр.",,,
1334,Двуполые: Роман.,"ЛЯ ВОДЕР, Жан де (Ла ВОДЕР, Жан де).",,,
1335,Двусмысленный зонтик.,"САФИР, Мориц Готлиб.",,,
1336,Двух разделить пополам: Водевиль.,"ТРИГЕР, Макс Яковлевич.",,,
1337,Двух рек течение.,"ВИКУЛОВ, Сергей Васильевич.",,,
1338,Двухмужняя: Рассказ.,"ШОЛОХОВ, Михаил Александрович.",,,
1339,Двухстолетие труса: Комедия в 3-х актах с прологом.,"КЬЮН, Эрик, ШЕРВУД, Роберт Эммет.",,,
1340,Двухсотлетняя тайна: (Железная маска). Исторический рассказ.,Имя авт. не установлено.,,,
1341,Двухсторонка: Стихи и баллады.,"АБРАМОВ, Иван Иванович.",,,
1342,2000-й год.,"СИНКЛЕР, Эптон. ",Жизнь на развалинах; И воцарились на тысячу лет; Светопреставление.,,
1343,Дебора: Драма в 4-х д.,"МОЗЕН-ТАЛЬ, Соломон Герман фон.",,,
1344,Дебора: Поэма.,"ЛЕВИТ, И. М.",,,
1345,Дебора или Торжество веры: Трагедия в 5-ти д.,"ШАХОВСКОЙ, Александр Александрович.",,,
1346,Дебри: (Приключения искателей жень-шеня).,"КЛИПЕЛЬ, Владимир Иванович.",,,
1347,Дебри: Роман.,"СИНКЛЕР, Айтон (СИНКЛЕР, Эптон).",,,
1348,Дебют.,"ШЕЙНИН, Лев Романович.",,,
1349,Дебют Венеры: Комедия в 4-х д.,"ГОЙЕР, Эдгард.",,,
1350,Дебют на эфирной сцене.,"БАГЕН-СКИЙ, Александр Иосифович.",,,
1351,Дебютант.,"ФИШЕР, Алекс, ФИШЕР, Макс.",,,
1352,Дебютант или Страсть к театру: Комедия в 1-м д. Подражание французскому.,"БУЛГАКОВ, Александр Иванович.",,,
1352а,Дебюты Цезаря Борджиа.,"РИШ-ПЕН, Жан. Изд. ",,,
1353,"Дева безмолвия, повесть странного содержания.","ШУЛЬЦЕ, Фридрих Август.",,,
1354,"Дева войны: Поэма, посвященная текущей войне 1915 г.","КАЗАКОВ, Григорий.",,,
1355,Дева горных вершин.,"СЫСОЛЯ-ТИН, Геннадий Филимонович.",,,
1356,Дева дев.,"БЕРЦЕВА, Алла.",,,
1357,Дева Закубанская или Любовь до могилы: Роман.,ЖИТЕЛЬ КАВКАЗА.,,,
1358,Дева Карельских лесов: Повесть в стихах.,"ГЛИНКА, Федор Николаевич.",,,
1359,Дева льдов.,"АНДЕРСЕН, Ганс-Христиан. ",Ледяная дева; Ледяница.,,
1360,Дева Мария: Пьеса в 4-х д.,"ГАРД, Эрнест.",,,
1361,Дева мира: Рассказ.,"ЛАГЕРЛЕФ, Сельма.",,,
1362,Дева неразумная: (Две страсти). Пьеса в 4-х д.,"БАТАИЛЬ, Анри Феликс. ",Девы неразумные; Неразумная дева.,,
1363,Дева озера: Исторический роман.,"СКОТТ, Вальтер.",,,
1364,Дева Орлеанская: Жанна д'Арк.,"ОКС, Виктор Борисович.",,,
1365,Дева семи ангелов и Тайна.,"РОЗЕН, Георгий Федорович.",,,
1366,Дева солнца: Драма в 5-ти д.,"КОЦЕБУ, Август Фридрих.",,,
1367,Девальвация бонифациев: Фельетоны.,"МАЕВСКИЙ, Виктор Васильевич.",,,
1368,Девица волшебница или Невеста в лесу: Народная сказка.,"С-ТОВ, С. А.",,,
1369,Девица Всеволожская или Картины русского быта в XVII веке.,"МИРО-ШЕВСКИИ, Василий.",,,
1370,Девица де Белиль: Драма.,"ДЮМА, Александр (отец). ",Мадемуазель де Бель-Иль.         ',,
1371,Девица де Л а Файет или Век Лу-довика XIII: Ч. 1—4.,"ЖАНЛИС, Стефани Фелисите.",,,
1372,Девица де Марсан или Последняя глава моего романа.,"НОДЬЕ, Карл (НО-ДЬЕ, Шарль).",,,
1373,"Девица Жиро, моя супруга: Роман.","БЕЛЛО, Адольф (БЕЛО, Адольф).",,,
1374,Девица-кавалерист: (Дурова). Пьеса в 5-ти д.,"ЗЕЛАНД-ДУБЕЛЬТ, Елена Александровна.",,,
1375,Девица-кавалерист: Повесть.,"КАЛЬМА, Н.",,,
1376,Девица-красавица.,"РАЗУМНЕВИЧ, Владимир Лукьянович.",,,
1377,Девица Модеста: Призвание женщины. Повесть.,"ОЛЬФЕРС, Мария.",,,
1378,Девица от Максима: Пародия-фол-ли в 3-х д.,ГАРДЕЛЬ-ЭРВЭ.,,,
1379,Девица Сидячка и жена Лежачка: Сказка нравственно-сатирическая.,"КУЗМИ-ЧЕВ, Федот Семенович.",,,
1380,Девица Скудери: Повесть века Людовика XIV.,"ГОФМАН, К. Г. [!] (ГОФМАН, Эрнст Теодор Амадей).",,,
1381,Девич-трава.,"ЛОГВИНЕНКО, Виталий Андреевич.",,,
1382,Девичий век: Картины из быта русской крестьянской девушки.,"ПОЛЕВОЙ, Петр Николаевич.",,,
1383,Девичий мирок: История одной школы.,"МИД, Лили Томас.",,,
1384,Девичий переполох: Комедия в 4-х д. из времен XVII столетия.,"КРЫЛОВ, Вик- ",,,
1385,Девичий роман: Октавы.,"БЕНЕ ДИКТ (ЮРЬИН, Н. Н.).",,,
1386,Девичий сон на новый год: Быль из времен давно прошедших.,"ТИТОВ, Владимир Яковлевич.",,,
1387,Девичий характер.,"ПОЛОТАИ, Николай Исидорович.",,,
1388,Девичник: Стихи.,"АГАШИНА, Маргарина Константиновна.",,,
1389,Девичь-камень.,"РЯХОВСКИИ, Василий Дмитриевич.",,,
1390,Девичье: Рассказы.,"ГУРЕВИЧ, Фании (БАРЕР-ГУРЕВИЧ, Фанни Яковлевна).",,,
1391,Девичье озеро: Народная драма в 4-х д.,"ЩЕГЛОВ, Дмитрий Алексеевич.",,,
1392,Девичье поле: Повесть.,"ЛУГОВОЙ, Алексей (ТИХОНОВ, Алексей Алексеевич).",,,
1393,Девичье поле: Роман.,"КРШИЖ, Иван (КРЖИЖ, Иван).",,,
1394,Девичье сердце: Роман.,"ГУРМОН, Реми де. ",Радости любви. (Девичье сердце).,,
1395,Девичьи глаза: Рассказы.,"АНТОНОВ, Иван Захарович.",,,
1396,Девичьи годы: Повесть.,"ЛАНГЕ-ВАИНЕРТ, Марианна.",,,
1397,Девичьи зори: Роман.,"ТЛЮСТЕН, Юсуф Ибрагимович.",,,
1398,Девичьи интриги: Роман из частной жизни. Ч. 1—2.,"М-СКИИ, А.",,,
1399,Девичьи клятвы или Вся беда от романов!: Комедия с куплетами в 1-м д.,"КУАЙЯК, Луи, МИШЕЛЬ, Марк.",,,
1400,Девичьи обеты или Магнетизм сердца: Комедия в 5-ти актах в стихах.,"ФРЕДРО, Александр.",,,
1401,Девичьи письма: Повести.,"ГИЛЯЗОВ, Аяз Мирсаидович.",,,
1402,Девичьи сны: Повесть.,"АНТАРОВ, И. В. (СЕМЕНТКОВСКИИ, Ростислав Иванович).",,,
1403,Девичьи сны: Роман.,"ГРОМОВ, Алексей Матвеевич.",,,
1404,Девичьи стихотворения.,ГОР- ,,,
1405,Девичья башня: Поэма.,"ДЖАБАР-ЛЫ, Джафар Кафар.",,,
1406,Девичья башня: Поэма. (Восточная легенда).,"ЛАРССКИИ, Михаил.",,,
1407,Девичья башня: Стихи.,"ВАГАБЗА-ДЕ, Бахтияр Махмуд оглы.",,,
1408,Девичья гора: Исторические повести.,"ИЗЮМСКИИ, Борис Васильевич.",,,
1409,Девичья и передняя1: Из «Былого и дум».,"ГЕРЦЕН, Александр Иванович.",,,
1410,Девичья команда.,"ЗАВОДЧИКОВ, Петр Алексеевич, САМОЙЛОВ, Ф.",,,
1411,Девичья погибель: Рассказ.,"ГОФМАН, М.",,,
1412,«Девичья погибель» и другие рассказы и очерки.,"СЕМЕНОВ, Сергей Терентьевич.",,,
1413,Девичья роща: Стихи.,"ЕФИМОВ, Георгий Андреевич.",,,
1414,Девичья Слобода: Повести и рассказы.,"СМИРНОВ, Олег Павлович.",,,
1415,Девичья фамилия: Стихи.,"РУМЯНЦЕВА, Майя Александровна.",,,
1416,Девичья хитрость: Пьеса в 1-м д.,"КРУЧЕНЫХ, Алексей Елисеевич.",,,
1417,Девка-синеглазка: Предания и легенды.,"ГОЛОВАЧЕВ, Владимир Григорьевич.",,,
1418,Девки: Роман.,"КОЧИН, Николай Иванович.",,,
1419,Девкин грех: Рассказ.,"ГРИНЕВА, Мария.",,,
1420,Девон: Роман.,"НАГАЕВ, Герман Данилович.",,,
1421,Девочка: Повесть и рассказы.,"НЕКЛЮДОВА, Ольга Сергеевна.",,,
1422,Девочка: [Рассказ].,"ГОРЬКИЙ, Максим. ",,"Букоёмов, Карп Иванович...",
1423,Девочка Акулечка: [Отрывок из романа Емельян Пугачев].,"ШИШКОВ, Вячеслав Яковлевич.",,,
1424,Девочка в бурном море: Повесть.,"ВОСКРЕСЕНСКАЯ, Зоя Ивановна.",,,
1425,Девочка в венке.,"ЯНОВСКИЙ, Юрий Иванович.",,,
1426,Девочка едет домой: Рассказы.,"БЕЛЫЙ, Леонид.",,,
1427,Девочка-жизнь: Повесть и рассказы.,"ЧУКОВСКИЙ, Николай Корнеевич.",,,
1428,Девочка и апрель: (Варюха). Пьеса в 2-х ч.,"ЯН, Тамара Германовна.",,,
1429,Девочка и море.,"ДУДИН, Михаил Александрович.",,,
1430,Девочка и олень: Роман.,"ПАШНЕВ, Эдуард Иванович.",,,
1431,Девочка и птицелет: Роман.,"КИСЕЛЕВ, Владимир Леонтьевич.",,,
1432,Девочка и рябина: Повесть.,"ЛАВРОВ, Илья Михайлович.",,,
1433,Девочка из аула: Повести и рассказы.,"СКОСЫРЕВ, Петр Георгиевич. ",,,
1434,Девочка из детства; Хао Мэй-мэй: Две повести.,"ДЕМИДЕНКО, Михаил Иванович.",,,
1435,Девочка из легенды: Повести и рассказы.,"ШИРЯЕВА, Галина Даниловна.",,,
1436,Девочка из Ленинграда: Повесть.,"КАНУКОВ, Саадул.",,,
1437,Девочка из нашего класса: Рассказы.,"МИНУТКО, Игорь Александрович.",,,
1438,Девочка из Полесья.,"КОЛОСОВ, Алексей Иванович.",,,
1439,Девочка из Франции.,"ТУРИ, Жужа.",,,
1440,"Девочка, как тебя зовут?: Повесть.","КАМЕНСКАЯ, Анна.",,,
1441,Девочка Кира.,"ЕРОШКИНА, Зоя Алексеевна.",,,
1442,"Девочка, которая долго считалась за мальчика: Роман.","КОК, Поль де. ","Девушка, которую принимали за мальчика.",,
1443,"Девочка, которая не видела моря.","КИПИАНИ, Эдишер Лаврентьевич.",,,
1444,"Девочка, которая никогда не видела снега: Пьеса в 2-х д.","ШАБАЛИНА, Мария Павловна.",,,
1445,Девочка Лана.,"КИПНИС, Исаак Нухимович.",,,
1446,Девочка Лида.,"КОРОЛИВНА, Л. (НЕЛИДОВА, Лидия).",,,
1447,Девочка. Надя: Пьеса.,"РОДИОНОВА, Анна Сергеевна.",,,
1448,"Девочка, наступившая на хлеб.","АНДЕРСЕН, Ганс-Христиан. ",Девочка Инге.,,
1449,Девочка-Робинзон: (Леля на необитаемом острове).,"МЮЛЛЕР, Евгений (МЮЛЛЕР, Эжен).",,,
1450,Девочка с Земли: Фантастические повести и рассказы.,"БУЛЫЧЕВ, Кирилл.",,,
1451,Девочка с косичками: (Документальная повесть о Герое Советского Союза пионерке Зине Портновой).,"СОЛОДОВ, Анатолий Семенович.",,,
1452,Девочка с косичками: [Стихи].,"КЕ-ШОКОВ, Алим Пшемахович.",,,
1453,"Девочка, с которой детям не разрешали водиться: Повесть.","КОЙН, Ирмгард (КЕЙН, Ирмгард).",,,
1454,Девочка с красками: Повесть.,"КАРЕЛИН, Лазарь Викторович. ",,,
1455,Девочка с ленточкой: Народная драма в 2-х д.,"ПЕРЬЯЛИС, Нотис.",,,
1456,Девочка с маяка; Для других; Легкомыслие и отвага: (Три рассказа).,"ЧЕРСКИЙ, Леонид Федорович.",,,
1456а,Девочка-с-мизинчик.,"АНДЕРСЕН, Ганс-Христиан.",,,
1457,Девочка-с-пальчик: Роман.,"МИ-ХАЭЛИС, Карин (МИКАЭЛИС, Карин).",,,
1458,Девочка-с-пальчик: [Сказка].,"АНДЕРСЕН, Ганс-Христиан. ",Девочка-Дюймовочка; Девочка-с-мизинчик; Девочка с ноготок; Дюймовочка; Крошка; Крошка-Майя; Лизок с вершок; Лизок с ноготок; Лизочка с пальчик; Томмелиза.,,
1459,«Девочка с серными спичками» и другие сказки.,"АНДЕРСЕН, Ганс-Христиан.",,,
1460,Девочка с цветными стеклами.,"МИ-ХАЭЛИС, Карин (МИКАЭЛИС, Карин).",,,
1461,Девочка Савонэ.,"ПУНУХ, Пэля.",,,
1462,Девочка Серафимочка: Рассказ бабушки.,"ПОГОЖЕВА, Елизавета Дмитриевна.",,,
1463,Девочка-сирота: (Леди Джен).,"ДЖЕМИСОН, С. (ДЖЕМИСОН, Цецилия Вейт).",,,
1464,Девочка со спичками.,"АНДЕРСЕН, Ганс-Христиан. ",Девочка с серными спичками; Маленькая девочка со спичками.,,
1465,"Девочка, спасшая поезд; Кораблекрушение: [Рассказы].","ДЕ-АМИЧИС, Эдмонд (Де АМИЧИС, Эдмондо).",,,
1466,"Девочка, спасшая поезд: Рассказ.","КОРДЕЛИЯ (ТРЕВЕС, Виргиния).",,,
1467,"Девочка, ты где живешь?: (Радуга зимой). Фантазия в 2-х ч.","РОЩИН, Михаил.",,,
1468,Девочка Царцаха: Роман.,"КОРЖЕ-НЕВСКАЯ, Ирина Всеволодовна.",,,
1469,Девочкам о девочках: Четыре рассказа из школьной жизни.,"АНДРЕЕВСКАЯ, Варвара Павловна.",,,
1470,Девочки: Воспоминания из институтской жизни.,"ЛУХМАНОВА, Надежда Александровна.",,,
1471,Девочки: Сцены из жизни моих знакомых.,"ПАНОВА, Вера Федоровна.",,,
1472,Девочки и мальчики.,"ШИРЯЕВ, Владимир Архипович.",,,
1473,"Девочки, кто с нами?","МОЛЧАНОВА, Людмила Георгиевна.",,,
1474,Девочки-мальчики: Комедия в 3-х д.,"МАЛЮГИН, Леонид Антонович.",,,
1475,Девочки с Новалинок; Райская яблоня.,"ГОЯВИЧИНСКАЯ, Пола.",,,
1476,Девственная жизнь: Роман.,"БЕК-КАРИ, Джильберто.",,,
1477,Девственная земля; Нора; Дельфин; Лазарь: Новеллы.,"Д'АННУНЦИО, Габриэле (Д'АННУНЦИО, Габриэле).",,,
1478,Девственная супруга: (Рубикон). Пьеса-фарс в 3-х д.,"БУРДЕ, Эдуард.",,,
1479,Девственник: Роман.,"БИНЭ-ВАЛЬ-МЕР, Густав.",,,
1480,Девственница: (Мадмуазель де-ла-Фертэ). Роман.,"БЕНУА, Пьер.",,,
1481,Девственница: Роман.,"ДРОЗДОВ, Александр Михайлович.",,,
1482,Девственницы. (Загл. обл.).,"Д'АННУНЦИО, Габриэле (Д'АННУНЦИО, Габриэле). ",Две девственницы.,,
1483,Девственность: Записки странного человека. Роман в 3-х ч.,"КРАШЕНИННИКОВ, Николай Александрович.",,,
1484,Девушка без имени: Повести. Рассказы. Легенды.,"СИРАС, Амаяк Саакович.",,,
1485,Девушка в белом: Книга стихов.,"ДОЛМАТОВСКИЙ, Евгений Аронович.",,,
1486,Девушка в белом: [Поэма].,"СА-СИН, М.",,,
1487,Девушка в белом: Рассказы.,"ИОСЕЛИАНИ, Отиа Шалвович.",,,
1488,Девушка в берете: Сатира и юмор.,"САРЦЕВИЧ, Ричард Вячеславович.",,,
1489,Девушка в зеленом: Рассказы и повести.,"АЛЯДИН, Шамиль.",,,
1490,Девушка в красном пальто: Рассказы.,"ЕКИМОВ, Борис Петрович.",,,
1491,Девушка в розовом.,"КОРНЕЕВ, Борис И.",,,
1492,Девушка в семнадцать лет.,"КОК, Поль де.",,,
1493,Девушка в серой шинели: Очерк о жизни и подвиге Героя Советского Союза Елены Стемпковской.,"САВЕЛЬЕВ, Лев.",,,
1494,"Девушка в серой шинели; Три танкиста, три хороших друга: [Очерки].","ИЮНЬСКИЙ, Ростислав Владимирович.",,,
1495,Девушка в черном: Повесть.,"ПРО-МЕТ, Лилли Александровна.",,,
1496,Девушка в черном: [Рассказ].,ОБСТФЕЛЬДЕР. ,,,
1497,Девушка в шинели: Повесть.,"ЧЕРТОВА, Надежда Васильевна.",,,
1498,Девушка в шинели: [Роман].,"ПТИЦЫН, С.",,,
1499,"Девушка, влюбленная в утро: (Маленькая повесть-быль).","ФАЙЗИ, Рахмат.",,,
1500,"Девушка, даряшая звезды: Повесть.","ЧЕРЕВКОВ, Виктор Дмитриевич.",,,
1501,Девушка XX века: Комедия в 3-х д.,"МАЗУРКЕВИЧ, Владимир Александрович.",,,
1502,Девушка за стеной: Сцены обыденной жизни 4-х д.,"СЕРАФИМОВИЧ, Александр.",,,
1503,Девушка и смерть: Сказка.,"ГОРЬКИЙ, Максим.",,,
1504,Девушка и солдат: Драма в 2-х ч. в стихах.,"ТАЖИБАЕВ, Абдильда.",,,
1505,Девушка и солнце: Лирика.,"ВА-РАВВА, Иван Федорович.",,,
1506,Девушка из аула: Повесть.,"ЕВТЫХ, Аскер Кадербечевич.",,,
1507,Девушка из библиотеки.,"ЗОРИ АН, Стефан (ЗОРЬЯН, Стефан).",,,
1508,Девушка из богатого дома.,"КАЗЕ-МИ, Мирза Мошфег (КАЗЕМИ, Мортеза Мошфег).",,,
1509,"Девушка из Голубой Криницы или Один день из жизни Настеньки Снежковой, а также рассказы со смешинкой и перчиком о других героях этой книги.","ЕВТУШЕНКО, Владимир Яковлевич.                  ",,,
1510,Девушка из Гулистана: Повесть.,"ПАНОВ, Александр Сергеевич.",,,
1511,Девушка из древней Бухары: Стихи и поэмы.,"ПАРМУЗИН, Борис Сергеевич.",,,
1512,Девушка из Заречья: Рассказы.,"ЛЮФАНОВ, Евгений Дмитриевич.",,,
1513,Девушка из Зоннеберга: Документальная повесть.,"БЫЛИНОВ, Александр.",,,
1514,Девушка из Калинки: Рассказ.,"ВИННИК, Александр Яковлевич.",,,
1515—1516,Девушка из Кентукки: (Крес-си Мак-Кинстри). Роман.,"БРЕТ-ГАРТ, Фрэнсис.",,,
1517,Девушка из Лопшеньги: Очерк.,"БЕ-ЛИНОВИЧ, Надежда Сергеевна.",,,
1518,Девушка из министерства: Повесть.,"АДАМЯН, Нора.",,,
1519,Девушка из нашего аула: Стихи и поэма.,"ЕРГАЛИЕВ, Хамид Ергалиевич.",,,
1520,Девушка из нашего села: Повесть.,"КИШНЯКОВ, Илья Прокофьевич.",,,
1521,Девушка из нейлона: Юморески. Фельетоны. Сказки для взрослых.,ЦОНЕВ В,,,
1522,Девушка из Пантикапея: Фантастическая повесть.,"ДАВЫДОВ, Исай.",,,
1523,Девушка из племени таи: Рассказы.,"ИБРАГИМОВ, Аждар Муталимович.",,,
1524,Девушка из предместья: Роман.,"ПЕТЛЬОВАННЫЙ, Виталий Иванович.",,,
1525,Девушка из пригорода: Роман.,"ПЕТЛЕВАНЫЙ, В. (ПЕТЛЬОВАННЫЙ, Виталий Иванович). ",Девушка из предместья.,,
1526,Девушка из провинции: (Ровесница). Комедия в 4-х актах.,"БАХЧИ, Эм. (БАХЧИСАРАИЦЕВ, Эммануил Христофорович), БАХЧИ, Хр. (БАХЧИСАРАИЦЕВ, Христофор Эммануилович).",,,
1527,Девушка из Ржева.,"ГЛАДКОВ, Теодор Кириллович, ЛУКИН, Александр Александрович.",,,
1528,Девушка из Романьи: Пьеса.,"СКУ-АРЦИНА, Луиджи. ",Романьола.,,
1529,Девушка из Сантьяго: (Вива Куба!): Пьеса в З'-х д.,"ШЕРВАШИДЗЕ, Амиран Джемалович.",,,
1530,"Девушка из семнадцатого: (Девять звеньев комсомольского спектакля, с песнями и танцами).","ПАВЛОВ, Евгений Николаевич.",,,
1531,Девушка из Топольков.,"ДАЛЕКИЙ, Николай.",,,
1532,Девушка из универмага: Роман.,"ВИЛЬЯМСОН, Алиса Муриель, ВИЛЬЯМСОН, К. (ВИЛЬЯМСОН, Чарлз Норрис).",,,
1533,Девушка из Хиросимы: Повесть.,"КИМ, Роман Николаевич.",,,
1534,Девушка из-за Дуная: Стихи. Поэмы.,"ФЕДОРОВ, Владимир Иванович.",,,
1535,"Девушка, которую я ищу..-: Две повести.","АКОБИРОВ, Юсуфджан (АКОБИ-РОВ, Юсуф).",,,
1536—1537,Девушка-мать: Роман.,"ГЕОРГИ, Эрнст.",,,
1538,Девушка моего друга: Рассказы и очерки.,"ДАВЫДОВ, Исай.",,,
1539,Девушка-моряк или Сваха в новом роде: Шутка-водевиль в 1-м д.,Т. ,,,
1540,Девушка на скале: Роман.,"КЭР-ВУД, Джеймс Оливер (КЕРВУД, Джеймс Оливер).",,,
1541,Девушка о трех юбках: Роман. Ч. 1—2.,"КОК, Поль де. ",Барышня о трех юбках.,,
1542,"Девушка, освещенная солнцем: Рассказы.","ПОПОВ, Николай Иванович.",,,
1543,Девушка-павлин: Китайские сказки.,"КОЖЕВНИКОВ, Савва Елизарович, ЛИНЕЦКАЯ, Раиса Ивановна.",,,
1544,Девушка Парижа.,"МАРГЕРИТ, Виктор.",,,
1545,Девушка по имени Весна.,"ЖАРОВ, Валентин Иванович.",,,
1546,Девушка под яблоней: Роман.,"ГОРДИЕНКО, Константин Алексеевич.",,,
1547,Девушка-птица.,"ГУДЗОН, В. (ХАДСОН, Уильям Генри).",,,
1548,Девушка путешествовала: Роман.,"ФАРРЕР, Клод. ",Маленькая женщина с большим характером.,,
1549,Девушка с Алтая: Пьеса в 9-ти эпизодах.,"ГРАДОВ, Григорий.",,,
1550,Девушка с Байкала: Повесть в стихах.,"ДОНДОКОВА, Цырен-Дулма Дондо-ковна.",,,
1551,Девушка с большим ртом: Жили-рифмовали. Комедия.,"РИД, Александр.",,,
1552,Девушка с веснушками: Комедия в 3- х д.,"УСПЕНСКИЙ, Андрей Васильевич.",,,
1553,Девушка с винтовкой: Повесть.,"ЛАПИН, Константин Кириллович.",,,
1554,Девушка с Востока: Роман.,"ЛОКК, Уильям Джон.",,,
1555,Девушка с гор: Роман.,"СЛЕЗКИН, Юрий Львович.",,,
1556,Девушка с корабля.,"ВУДГАУЗ, П. (ВУДХАУС, Пелем Гренвилл).",,,
1557,Девушка с косой: Рассказы о горняках.,"ШИПКО, Леонид Максимович.",,,
1558,Девушка с кувшином: Пьеса в 3-х д.,"ЛОПЕ ДЕ ВЕГА, Феликс.",,,
1559,Девушка с Ладоги: Роман.,"КРИ-НИЦКИИ, Марк.",,,
1560,Девушка с львиной головой: Роман.,"ШПЕЙЕР, Вильгельм.",,,
1561,Девушка с мышкой: Комедия в 4- х д.,"КОЧЕРГИН, Иван Антонович (КОЧЕРГА, Иван Антонович).        ",,,
1562,Девушка с мышкой: (Натурщицы. Живые модели). Фарс-пародия в 1-м д.,"АЛЕКСИН, С. А.",,,
1563,Девушка с полустанка: Рассказы.,"КОРНЮШИН, Леонид Георгиевич.",,,
1564,Девушка с приданым: Миниатюра в 1-м д.,"ГРОМОВ, Валентин Владимирович, МЕЙЕР, Александр Эдуардович.",,,
1565,Девушка с проспекта Дружбы: Драма в 2-х ч.,"ХАИРУЛЛАЕВ, Мухамед Хайруллаевич.",,,
1566,Девушка с прошлым.,"ДЮ СОС-СЕЙ, Викториен.",,,
1567,Девушка с Сакмара: Поэма.,"НИГ-МАТИ, Рашит.",,,
1568,Девушка с Тамани.,"ПЕРВЕНЦЕВ, Аркадий Алексеевич.",,,
1569,Девушка с фермы.,"МОПАССАН, Гюи де. ",,Пышка...,
1570,Девушка с фотоаппаратом.,"ГУСЕВ, Андрей Яковлевич.",,,
1571,Девушка с характером: Пьеса в 1-м д.,"АРДОВ, Виктор.",,,
1572,Девушка с хутора: Роман.,"ЯКОВЛЕВ, Полнен Николаевич.",,,
1573,Девушка с юга: Повесть и рассказы.,"БОБУЛОВ, Камбаралы.",,,
1574,Девушка с ярлыгой: Документальная повесть.,"РЕЧИН, Борис.",,,
1575,Девушка Севера.,"КЭРВУД, Джеймс Оливер (КЕРВУД, Джеймс Оливер).",,,
1576,Девушка со шрамом.,"КОТОВ, Дмитрий Николаевич, ЧЕСТНОВ, Сергей Йгна-гьевич.",,,
1577,Девушка счастье искала: Роман.,"ЕФИМОВ, Владимир Ефимович, КАШИН, Владимир Леонидович.",,,
1578,Девушка у колодца: Рассказы.,"БУГОРКОВ, Степан Степанович.",,,
1579,Девушка у моря: Повесть.,"ЕГОРОВ, Михаил Николаевич.",,,
1580,Девушка у обрыва.,"ШЕФНЕР, Вадим Сергеевич.",,,
1581,Девушка Хонар: Рассказы.,"БА-КУНЦ, Аксель.",,,
1582,Девушка шла по войне: Повесть-хроника.,"ГАМОЛКА, Николай Иванович (ГОМОЛКА, Николай Иванович).",,,
1583,Девушки: Повесть.,"ИСЛАМОВ, Денис Фатхиевич.",,,
1584,Девушки: Повесть.,"УДАЛОВ, Александр Андреевич.",,,
1585,Девушки: Повесть.,"ЩЕРБАКОВА, Вера Алексеевна.",,,
1586,Девушки: Поэма.,АЙБЕК.,,,
1587,Девушки: Рассказ.,ЛУКАШЕВИЧ. ,,,
1588,Девушки. Роман.,МАЛАШКИН. ,,,
1589,Девушки: Сборник рассказов.,"ЛАЗАРЕВСКИЙ, Борис Александрович.",,,
1590,Девушки босиком: Стихи.,"КАМЕНСКИЙ, Василий Васильевич.",,,
1591,Девушки в пилотках.,"БАБ ЛЮК, Борис Тимофеевич.",,,
1592,Девушки в тюрьме.,"КЭМРАД, Семен Самуилович.",,,
1593,Девушки выходят замуж.,"ШОШИН, Михаил Дмитриевич.",,,
1594,Девушки-героини: [Очерки].,"КОНОНЕНКО, Елена Викторовна.",,,
1595,Девушки-героини: Рассказы.,"ЧЕРСКИЙ, Леонид Федорович.",,,
1596,Девушки-женщины: Роман.,"ПРЕВО, Марсель. ",Полудевы.,,
1597,Девушки на войне: Рассказы.,"АЧЕ-БЕ, Чинуа.",,,
1598,Девушки нашего полка.,"БАЯНДИН, Анатолий Денисович.",,,
1599,Девушки нашей страны: Пьеса в 4-х д.,"МИКИТЕНКО, Иван Кондратьевич.",,,
1600,Девчата; Жаркое солнце: Повесть и рассказы.,"БЕДНЫЙ, Борис Васильевич.",,,
1601,Девчата: Стихи.,"АСТАФЬЕВА, Наталья Георгиевна.",,,
1602,Девчонка; Бабий переверот: Рассказы.,"МАРТЫНОВ, Иван Андреевич.",,,
1603,Девчонка: Пьеса в 1-м д.,"ФИНН, Константин.",,,
1604,Девчонка идет на войну: Повесть.,"РОДИОНОВА, Маргарита Геннадиевна.",,,
1605,Девчонка из Марьиной рощи: Документальная повесть.,"БРИНСКИИ, Антон Петрович.",,,
1606,"Девчонка, которая дарит цветы: Стихи.","БОЯРШИНОВА, Эмилия Ивановна.",,,
1607,Девчонка с горы Далекой: Повесть.,"АРЕНШТЕЙН, Александра Иосифовна.",,,
1608,Девчонка с нашей улицы: Водевиль в 1-м акте.,"ПОТЕМКИНА, Валентина Алек",,,
1609,Девчонке было двадцать лет...: (Нет меня счастливей). Музыкальная комедия в стихах в 3-х актах.,"КОНСТАНТИНОВ, Владимир Константинович, РАЦЕР, Борис Михайлович.",,,
1610,Девчонки: Повесть.,"ДОЛИНОВА, Евгения Алексеевна.",,,
1611,Девчонки: Стихи.,"ВТОРУШИН, Станислав Васильевич.",,,
1612,Девчонки и мальчишки: [Рассказы].,"ДИК, Иосиф Иванович.",,,
1613,Девчонки и мальчишки: [Рассказы].,"ПАНОВ, Александр Сергеевич.",,,
1614,"Девчонки, , мальчишки... Повесть.","КОЧУБЕИ, Нина Константиновна.",,,
1615,Девчонки умнее стариков: Драма в 3-х д.,"ЛЬВОВ, Тихон Николаевич.",,,
1616,Девчонки умнее стариков: (Рассказ).,"ТОЛСТОЙ, Лев Николаевич.",,,
1617,Девчурка: Рассказ.,"ЛОГИНОВ, Виктор Николаевич.",,,
1618,Девы неразумные: Пьеса в 4-х д.,"БАТАИЛЬ, Анри Феликс.",,,
1619,Девы скал: Роман.,"Д'АННУНЦИО, Габриэле.",,,
1620,Девы-убийцы: Роман в 2-х ч.,"ДЮП-ЛЕССИ ДЕ-ПУЗИЛЬЯК, Поль.",,,
1621,99 мушкетеров.,"БРЕТ-ГАРТ, Фрэнсис. ",,Мук-А-Мук...,
1622,Девяносто семь: Пьеса в 4-х д.,"КУЛИШ, Микола.",,,
1623,Девяносто третий год: Роман.,"ГЮГО, Виктор.",,,
1624,Девяностые годы.,"ПРИЧАРД, Катарина Сусанна.",,,
1625,Девятая: Повесть.,"ТУРЕНСКАЯ, Валентина Ионовна.",,,
1626,Девятая благодарность.,"ЖАРОВ, Валентин Иванович.",,,
1627,Девятая весна: Стихи.,"ТОБОЛЬСКИЙ, Исай Григорьевич.",,,
1628,Девятая грань.,"АФАНАСЬЕВ, Павел.",,,
1629,9-ая жена Чулина: Пьеса в 4-х д.,"ТРАХТЕНБЕРГ, Валентин Артурович.",,,
1630,Девятая звезда: Рассказы.,"АЛЕКСАНДРОВ, Вильям Александрович.",,,
1631,Девятая симфония: Пьеса в 2-х ч.,"ПРИНЦЕВ, Юзеф.",,,
1632,Девятидесятники: Роман. Т. 1—2.,"АМФИТЕАТРОВ, Александр Валентинович.",,,
1633,Девятнадцатая година: Неопубликованный отрывок из «Тихого Дона».,"ШОЛОХОВ, Михаил Александрович.",,,
1634,Девятнадцатая осень: Повесть.,"ОЛЬХИН, Борис Егорович.",,,
1635,19 марта и 2 мая; Байлен; Наполеон в Чамартине.,"ПЕРЕС ГАЛЬДОС, Бенито.",,,
1636,19 февраля: В память освобождения крестьян. Драма в 4-х д.,"БОГОРОДСКАЯ, А. Г.",,,
1637,19-е февраля: Историческая пьеса-хроника в 5-ти актах.,"ПОЛИЛОВ, Георгий Тихонович, ШАБЕЛЬСКИЙ, Александр Васильевич.",,,
1638,19 февраля 1878 года: Военная сцена в 1-м д.,Н. Г.,,,
1639,Девятнадцатый пассажир: Юмористические рассказы.,"КОВАЛЕВ, Павел Никифорович.",,,
1640,19 городов.,"КОЛЬЦОВ, Михаил.",,,
1641,Девятое авеню: Роман.,"БОДЭН-ХЕЙМ, Максвелл.",,,
1642,Девятое июня: Повесть.,Имя авт. не установлено.,,,
1643,Девятое ноября: Роман.,"КЕЛЛЕРМАН, Бернгард.",,,
1644,9-ое термидора: Одноактная драма.,"СУКЕННИКОВ, Михал Александрович.",,,
1645,Девятое Термидора: [Роман].,"АЛ-ДАНОВ, Марк.",,,
1646,9-ое января: Очерк.,"ГОРЬКИЙ, Максим.",,,
1647,9 января: Повесть.,"ЗАМЫСЛОВ-СКАЯ, Екатерина Константиновна.",,,
1648,9 января 1905 г.: Кровавый урок. (Загл. обл.).,"ТЕРЯЕВА, Мария Прокофьевна. ",Кровавый урок: 9 января 1905 г.,,
1649,9-е января 1905 г.: Трагедия-оратория.,"ЛИСЕНКО, Лев ",,,
1650,Девятый «А»: Повесть.,"МЕД ЫН-СКИП, Григорий.",,,
1651,Девятый «А»: [Рассказы].,"ЧЕРКА-ШИНА, Майя Александровна.",,,
1652,Девятый «Б»: Повесть.,"БОРИЧЕВ-СКАЯ, Евника Евгеньевна.",,,
1653,Девятый «Б»: Рассказы.,РОДИ-ЧЕВ. ,,,
1654,Девятый вал: Драма в 4-х д.,"СМИРНОВА, Софья Ивановна.",,,
1655,Девятый вал: (К 10-летию Октября). Пьеса в 3-х д.,"АВЕРЬЯНОВ, Вячеслав Андреевич.",,,
1656,Девятый вал: Повесть.,"ТАРПАН, Георгий Антонович.",,,
1657,Девятый вал: Рассказы.,"БУЛАВИН, Михаил Яковлевич.",,,
1658,Девятый вал: [Рассказы].,"ДОРОНИН, Иван Георгиевич.",,,
1659,Девятый вал: Роман.,"КУЗЬМИНОВ, Николай Васильевич.",,,
1660,Девятый вал: Роман.,"ОРЕНБУРГ, Илья Григорьевич.",,,
1661,Девятый вал: Роман в 3-х ч.,"ДАНИЛЕВСКИЙ, Григорий Петрович.",,,
1662,Девятый вал: Стихотворения.,"МО-ШИН, Леонид.",,,
1663,9-й горизонт: Стихи.,"КУНЯЕВ, Борис Ильич.",,,
1664,"Девятый круг: Стихи, баллады, поэмы.","ПОПЕРЕЧНЫЙ, Анатолий Григорьевич.",,,
1665,Девятый пассажир: Рассказы и очерки.,"ВАСЕНЕВ, Николай Федорович.",,,
1666,Девять баллов: [Очерки и рассказы].,"МИХАЙЛОВСКИЙ, Николай Григорьевич.",,,
1667,Девять баллов: Повести.,"ПАРХО-МОВ, Михаил.",,,
1668,Девять бесстрашных.,"В АХОВ, Анатолий Алексеевич.",,,
1669,Девять братьев: Повесть.,"ЧУКОВСКИЙ, Николай Корнеевич.",,,
1670,Девять возвращений: Повесть.,"КОРШУНОВ, Михаил Павлович.",,,
1671,Девять десятых судьбы: Роман.,"КАВЕРИН, Вениамин.",,,
1672,Девять дней: (Южнее главного удара). Повесть.,"БАКЛАНОВ, Григорий. ",Южнее главного удара.,,
1673,Девять дней из жизни героя: Повесть.,"ЗЯЗИКОВ, Багаудин Хусейнович.",,,
1674,Девять дней одного года.,"РОММ, Михаил Ильич, ХРАБРОВИЦКИЙ, Даниил Яковлевич.",,,
1675,Девять легенд о Нараде: В 3-х д.,"КУШНЕРОВИЧ, Радий Аронович.",,,
1676,Девять лет: Роман.,"ИЗЮМСКИЙ, Борис Васильевич.",,,
1677,9 лет в поисках необыкновенного.,"ГАУЗНЕР, Григорий Осипович.",,,
1678,Девять листьев на одной ветке.,"ЖУКОВ, Владимир Семенович.",,,
1679,Девять погибло...: (Эпизод из подпольной работы комсомола на Украине).,"ГУГУЕВ, Павел Александрович.",,,
1680,Девять с неба: Повесть.,"МАЕВСКИЙ, Станислав.",,,
1681,Девять точек: Роман.,"КОЗАКОВ, Михаил Эммануилович.",,,
1682,Девять улыбок: Сатирические рассказы.,"КНЯЗЕВ, Владислав Владимирович, ШИКУНОВ, Владимир Петрович.",,,
1683,999 рогоносцев: Фарс в 3-х д.,"ГОРС, Анри Жозеф Огюст де, ФОРЕСТ, Луи.",,,
1684,900 дней в тылу врага.,"ТЕРЕЩА-ТОВ, Виктор Ильич.",,,
1685,Девятьсот дней разведчика: Повесть.,"ФЕДОРОВ, Владимир Дмитриевич.",,,
1686,Девятьсот пятый год.,"ПАСТЕРНАК, Борис Леонидович.",,,
1687,Девятьсот семнадцатый: Роман (из цикла «В бурях»).,"АЛЕКСЕЕВ, Михаил.",,,
1688,Девятьсот тридцатый: Роман.,"БУТ-КОВСКИЙ, Георгий Александрович.",,,
1689,900.000 злотых: Народный водевиль в 2-х карт.,"ГРИГОРЬЕВ, Петр Григорьевич.",,,
1690,"900 000 злотых или Тот же, да не тот: Интермедия-водевиль в 2-х карт.","ГРИГОРЬЕВ, Петр Григорьевич. ",900 000 злотых.,,
1691,«Дегенераты»: (Паразиты). Драма в 4-х д.,ЧАЛОВ-ЧАЛЬСКИЙ И,,,
1692,Дегтярев: Повесть.,"НАГАЕВ, Герман Данилович.",,,
1693,Дегтярный дух: Рассказ.,"КОЛОКОЛОВ, Николай Иванович.",,,
1694,Дед: [Поэма].,"ЗИЛОВ, Лев Николаевич.",,,
1695,Дед: Рассказы из народного бы-га).,ЛОПУХ.,,,
1696,Дед: Рассказы.,"ХУТОРЯНИН (ХМАРИН, Л.) (ХИТРОВО, Лев Аркадьевич) .",,,
1697,Дед Аверьян: Рассказ.,"ПЕТРОВ, П. В.",,,
1698,Дед Аверьян: Рассказ.,"СЕМЕНОВ, Сергей Терентьевич.",,,
1699,Дед Аким и царь Соломон.,"ГУРОВ, Иван Федорович.",,,
1700,Дед Архип и Ленька.,"ГОРЬКИЙ, Максим.",,,
1701,Дед Гарнизон: Рассказы.,"ШУБИН, Алексей Иванович.",,,
1702,Дед Доржи: Стихи и поэмы.,"САМ-БУЕВ, Мэлс Жамьянович.",,,
1703,Дед и внук.,"ЛЬВОВ-МАРСИАНИН, Петр Андреевич.",,,
1704,Дед и трое: Повесть.,"КАМАНИН, Федор.",,,
1705,Дед Игнат: Рассказ.,"ДОГАНОВИЧ, Анна Никитична.",,,
1706,Дед Йоцо смотрит...: Рассказы.,"ВА-ЗОВ, Иван Минчов.",,,
1707,Дед Кельбук: Поэма.,"УХСАЙ, Яков Гаврилович.",,,
1708,Дед Матвей и Вовка: Рассказы.,"ГА-СЕНКО, Григорий Степанович.",,,
1709,Дед Миннур: Рассказ.,"ШАМОВ, Афзал Шигабутдинович.",,,
1710,Дед Мироныч.,"СЫСОЕВ, Валерий Мануилович. ",Дедушка Мироныч.,,
1711,Дед-пасечник.,"ДЕД (СМИРНОВ, Петр Яковлевич).",,,
1712,Дед-пыльная голова.,СУШИН ,,,
1713,"Дед Самоя, кам Шатый и закон тайги.","ИЗМАЙЛОВ, Владимир Алексеевич.",,,
1714,Дед Софрон или Суд людской — не божий: Рассказ.,"САВИХИН, В. И. (ИВАНОВ, Василий Иванович).",,,
1715,Дед Спиридон: Рассказ (с натуры).,"УЛЯСОВ, Павел.",,,
1716,Дед Таймаз.,"КУРБАННЕПЕСОВ, Керим.",,,
1717,Дед Талаш: Повесть.,"КОЛАС, Якуб.",,,
1718,Дед Щукарь: Из 1-й книги романа «Поднятая целина».,"ШОЛОХОВ, Михаил Александрович.",,,
1719,Дедеркой.,"БОРОВИКОВ, Григорий Федорович.",,,
1720,Дедова кубышка: Пьеса в 1-м д.,"ПОПОВ, В. А.",,,
1721,Дедова удача.,"КОЗЛОВ, Валентин.",,,
1722,Дедовские кресла: Русская быль.,"ЛЬВОВ, Павел Юрьевич.",,,
1723,Дедуктивный метод: Юмористические рассказы.,"ПАШИН, Виталий Васильевич.",,,
1724,Дедушка: Очерк из очень недавнего прошлого. В стихах.,"ВЕСЕЛОВСКИЙ, Владимир Павлович.",,,
1725,Дедушка: [Повесть].,ЖИРАРДЕН Ж,,,
1726,Дедушка: [Поэма].,"НЕКРАСОВ, Николай Алексеевич. ",,Тройка...,
1727,Дедушка: Рассказ.,"МАМИН-СИ-БИРЯК, Дмитрий Наркисович.",,,
1728,Дедушка: Рассказы.,"ЖУКОВА, Ариадна Степановна.",,,
1729,"Дедушка время: Новогодняя сказка, рассказанная Книжным Червяком.","РУ-БАКИН, Николай Александрович.",,,
1730,"Дедушка Гостомысл, 862 г.","РАЗИН, Алексей Егорович.",,,
1731,Дедушка домовой: Представление в 4- х д.,"ПОГОССКИИ, Александр Фомич.",,,
1732,Дедушка Егор: (Рассказ).,"ЦЕБРИ- КОВА, Мария Константиновна.",,,
1733,Дедушка-жених: Комедия-водевиль в 1-м д.,"ДЮВЕРЬЕ, Анн Оноре, СКРИБ, Эжен.",,,
1734,Дедушка и внучка: [Повесть].,"МИД, Лили Томас.",,,
1735,Дедушка и внучка: Роман в 6-тич.,ДИККЕНС,,,
1736,Дедушка и внучка: (Скромный ге-. рой). Рассказ.,"ДУДОРОВ, П. (ОРЛОВЕЦ, П.).",,,
1737,Дедушка Изот: Рассказ.,"СОЛОВЬЕВ, Н. Ив.",,,
1738,«Дедушка Илья» и другие рассказы.,"СЕМЕНОВ, Сергей Терентьевич.",,,
1739,Дедушка Исаич: Рассказ.,Имя авт. не установлено.,,,
1740,Дедушка Корнилий: Рассказ.,"ПОРОШИН, Иван Александрович.",,,
1741,Дедушка Крылов: Биографический рассказ.,"БОГДАНОВ, Петр И.",,,
1742,Дедушка Ларион: Роман.,"СОКОЛОВ, Александр Алексеевич.",,,
1743,Дедушка-Лесолюб: Повесть.,"ОР-НАТСКИЙ, И. В.",,,
1744,Дедушка Лунь.,"СТАНЮКОВИЧ, Константин Михайлович.",,,
1745,«Дедушка Милон» и другие рассказы.,"МОПАССАН, Ги де.",,,
1746,Дедушка Мироныч: Рассказ.,"СЫСОЕВ, Валерий Мануилович.",,,
1747,Дедушка Назарыч: Рассказ.,"ПОГОССКИИ, Александр Фомич.",,,
1748,Дедушка Павел Михайлович: (Из воспоминаний детства).,"ЗАСОДИМСКИИ, Павел Владимирович.",,,
1749,Дедушка Пахом и его рассказы: (В стихах).,"ПОКРОВСКИЙ, Иоанн.",,,
1750,Дедушка-пионер. Пьеса в 3-х д.,"ИРКУТОВ, Андрей.",,,
1751,Дедушка Поликарп.,"МЕЛЬНИКОВ, Павел Иванович (ПЕЧЕРСКИЙ, Андрей).",,,
1752,Дедушка-посол: Рассказ.,"ПОСПЕЛОВ, М.",,,
1753,Дедушка русского флота: Русская быль.,"ПОЛЕВОЙ, Николай Алексеевич.",,,
1754,Дедушка с рекламациями: Сборник сатирических и юмористических рассказов.,"КОМОВ, Владимир Ефимович.",,,
1755,"Дедушка Сусанин,* спаситель царя и царства: Драматическое представление в 5- ти отд.","СОКОЛОВ, Александр Алексеевич.",,,
1756,Дедушка Тарас: Новая политическая сказка.,"ГАГЛОВЦЕВ, Вл.",,,
1757,Дедушка Трофим: Рассказ скромной.,Г. К.,,,
1758,Дедушка Январь: Рассказ.,"КРУГЛОВ, Александр Васильевич.",,,
1759,Дедушкин валенок.,"ПРИШВИН, Михаил Михайлович.",,,
1760,Дедушкин грех: Рассказ.,"МЕНДЕС, Катюль.",,,
1761,Дедушкин колпак: Народная сказка в стихах с картинами.,"X... Ъ, Ф. А. Предполагаемое и",,,
1762,Дедушкин колпак или Сказка про Еремея-богатыря и прекрасную королевну.,"МАИСТРАХ, Владимир Францевич.",,,
1763,Дедушкин музей.,"КАСУМОВА, Рухангиз Наги ",,,
1764,Дедушкин питомец: Повесть.,"ЮНОША, Клеменс.",,,
1765,Дедушкин характер.,"ПЕРМЯК, Евгений.",,,
1766,Дедушкина внучка.,"КОЛОМБ, Жозефина. ",Найденная дочь дедушки Карилеса; Найденыш.,,
1767,Дедушкино видение: Рассказ в стихах.,"КУКОЛЬНИК, Павел Васильевич.",,,
1768,Дедушкино горе: (Очерк из жизни одной захудалой деревни).,"РЕМОРОВ, Н.",,,
1769,Дедушкино золото: Рассказ.,"МА-МИН-СИБИРЯК, Дмитрий Наркисович.",,,
1770,Дедушкины вечера: Русские сказки в стихах.,"МИНАЕВ, Дмитрий Дмитриевич.",,,
1771,Дедушкины глаза.,"ПЕРМЯК, Евгений.",,,
1772,Дедушкины песни: Стихотворения.,"ПЛЕЩЕЕВ, Алексей Николаевич.",,,
1773,Дедушкины рассказы: Два рассказа.,"ЮРЬЕВА, М. Е.",,,
1774,Дедушкины рассказы и сказки.,"ЗАСОДИМСКИИ, Павел Владимирович.",,,
1775,Дедушкины рассказы про птиц.,"ДОРОШЕНКО, И. М.",,,
1776,Дедушкины рассказы про птиц.,"ДУДОРОВ, П. (ОРЛОВЕЦ, П.).",,,
1777,Дедушкины сказки.,"НОРДАУ, Макс.",,,
1778,Дедушкины сказки.,"СИВЦЕВ-ОМОЛЛОН, Д. (СИВЦЕВ, Дмитрий Коно-нович).",,,
1779,Деды: Историческая повесть из времен императора Павла I.,"КРЕСТОВСКИЙ, Всеволод Владимирович.",,,
1780,Деды: (Поминки).,"МИЦКЕВИЧ, Адам.",,,
1781,Деды: Роман.,"СЕДЫХ, Иван (КНЯЗЕВ, Василий Васильевич).",,,
1782,"Деды, отцы, внуки: Документальные повести и рассказы.","ВЕЛИЕВ, Сулейман Вели оглы.",,,
1783,Дежурное звено: Стихи и песни.,"ШАМОВ, Иван Васильевич.",,,
1784,Дежурный администратор: Сценка.,"ЛЕНЧ, Леонид.",,,
1785,Дежурный по звездам: Стихи.,"КОВАЛЬ-ВОЛКОВ, Александр Иванович.",,,
1786,Дежурство: [Пьеса].,"КАПЛИН-СКАЯ, Елена Сергеевна.",,,
1787,Дежурство: Стихи.,"ТАРАН, Лев Николаевич.",,,
1788,Дезертир: Драма в 3-х д. с эпилогом.,"БУХАНЦОВ, Андрей Антонович.",,,
1789,Дезертир: Картинка в 1-м д.,"ЛЕСНОЙ (АГАФОНОВ, Илья Акимович).",,,
1790,Дезертир: Повести.,"ГОНЧАРОВ, Юрий Данилович.",,,
1791,Дезертир: Пьеса в 3-х д.,"СМУР-СКИИ, А. (СОСНОВСКИИ).",,,
1792,Дезертир: Рассказ.,"БЕЛКИНА, О. А.",,,
1793,Дезертир: Рассказ.,"БОРГЕНС, Виктор Адольфович.",,,
1794,Дезертир: Рассказ.,"ДЯДЯ ФЕДЯ (ФЕДОРОВ, Ф.).",,,
1795,Дезертир: Роман.,"ХЯМЯЛЯИНЕН, Хельви.",,,
1796,Дезертир: Романтическая страничка из дневника старого кавалериста; Современный крез.,"ПОПОВ, Николай Ардалионо-вич.",,,
1797,Дезертир: [Стихотворение]. Л.,ИВ.,,,
1798,Дезертир: Фарс в 1-м д.,"ЛЮНЦЕР, Фриц (ЛУНЦЕР, Фриц).",,,
1799,Дезертиры: Диалоги о непридуманном в 2-х ч.,"ПОЛТОРАК, Аркадий Иосифович, СОСИН, Олег Генрихович.",,,
1800,Дезинфекция: Шутка в 1-мд.,"ШЕВ-ЛЯКОВ, Михаил Викторович.",,,
1801,"Действие 2-е, явление 6-е: Водевиль в 1-м д.","ПЕЧОРИН-ЦАНДЕР, Лев Львович (ЦАНДЕР, Лев Львович).",,,
1802,Действие словом: Избранные стихи.,"БРАУН, Николай Леопольдович.",,,
1803,Действительность: Роман.,"ПУТРА-МЕНТ, Юрий (ПУТРАМЕНТ, Ежи).",,,
1804,Действуйте по своему усмотрению: Повесть.,"ТЕНЯКШЕВ, Константин Афанасьевич.",,,
1805,Действующая армия: Очерки военного корреспондента.,"ГАЛИН-РОГАЛИН, Борис (ГАЛИН, Борис).",,,
1806,Действующая армия: Роман.,"ШУХОВ, Иван Петрович.",,,
1807,Действующие лица: Роман-фельетон в десяти главах и четырех лирических отступлениях.,"ЭДЕЛЬ, Михаил Владимирович, ЮДИН, Борис.",,,
1808,"Действующие лица: Стихи, 1929— 1931.","АНТОКОЛЬСКИЙ, Павел Григорьевич.",,,
1809,Действующие лица: 3-я книга стихов.,"ЯНВАРЕВ, Эмиль Израилевич.",,,
1810,Действующие лица: [Фельетоны].,"КОЛЬЦОВ, Михаил.",,,
1811,Действующие лица и исполнители: Повести.,"АЛЕКСИН, Анатолий Георгиевич.",,,
1812,Действующий вулкан.,"ДЖИБЛАД-ЗЕ, Михаил Леонидович.",,,
1813,"Действующий флот: Рассказы, очерки. Дневники.","РУДНЫЙ, Владимир Александрович.",,,
1814,Декабрем.,"МУРАВЛИН, Дмитрий (ГОЛИЦЫН, Дмитрий Петрович). ",,Князья и жених...,
1815,Декабрист: Исторический роман из эпохи первой половины николаевских времен.,"СТРОЕВ-ПОЛЛИН, И. А.",,,
1816,Декабрист: 5 картин из семейной хроники князей Плавутиных-Плавунцовых.,"ГНЕДИЧ, Петр Петрович.",,,
1817,Декабристки: (Русские женщины). Стихи.,"НЕКРАСОВ, Николай Алексеевич. ",Русские женщины. (Декабристки).,,
1818,Декабристы: Большой исторический роман.,"БЕБУТОВА, Ольга Георгиевна.",,,
1819,Декабристы: Драма в 5-ти д.,"ЯХОНТОВА, Марианна Сергеевна.",,,
1820,Декабристы: Историческая драма в 5-ти актах.,"АИНО, Александр.",,,
1821,Декабристы: Историческая повесть.,"АЛЕКСЕЕВ, Сергей Петрович.",,,
1822,Декабристы: Историческая повесть.,"АШУКИН, Николай Сергеевич.",,,
1823,Декабристы: (Николай I). Историческая пьеса в 5-ти д.,"ЛЕРНЕР, Николай Никитич.",,,
1824,Декабристы: Трагедия в 2-х ч.,"ЗОРИН, Леонид.",,,
1825,«Декабристы» и другие рассказы.,"ТОЛСТОЙ, Лев Николаевич.",,,
1826,Декабристы и Пушкин: Пьеса в 4-х д.,"ЛЕРНЕР, Николай Никитич.",,,
1827,Декабрь: Книга новых стихотворений.,"СМЕЛЯКОВ, Ярослав Васильевич.",,,
1828,Декабрь под Москвой: Фронтовые стихи. Июнь-декабрь 1941 года.,СУРКОВ А,,,
1829,Декабрьские дни: Сборник стихотворений.,"БЕЛКИНА, Любовь Михайловна.",,,
1830,Декабрята: Из истории восстания декабристов.,"АЛТАЕВ, Ал.",,,
1831,Декада: Сборник рассказов.,"БА-ЛИН, Сергей Тимофеевич.",,,
1832,Декаденты: Комедия в 3-х д.,"ФУЛЬДА, Людвиг.",,,
1833,Декаденты: (Новые люди). Комедия в 3-х д.,"ПИСАРЕВСКИИ, Б. Е. (ШРЕЙБЕР) (ШРАЙБЕР, Борис Ефимович). ",,,
1834,Декаденты в Ялте: Рассказ.,"БЛАГОВСКИЙ, Н.",,,
1835,Декамерон.,"БОККАЧЧИО, Джио-ванни (БОККАЧЧО, Джованни).",,,
1836,Де-Камор: Роман.,"ФЕЛЬЕ, Октав (ФЕИЕ, Октав).",,,
1837,Декларация прав.,"СЕЛЬВИН-СКИИ, Илья Львович.",,,
1838,Дела господина Юлия Цезаря: Фрагмент романа.,"БРЕХТ, Бертольт.",,,
1839,Дела давно минувших дней: Исторический роман.,"КАРАТЫГИН, Петр Петрович.",,,
1840,"Дела житейские: Очерки, рассказы, повести.","САЛОВ, Илья Александрович.",,,
1841,Дела житейские: Рассказы.,"КАЗАКОВА, Мария Никитична.",,,
1842,Дела житейские: (Сатира и юмор).,"СЕДОВ, Игорь Павлович.",,,
1843,Дела земные: Повести. Рассказы. Сказки. Миниатюры.,"ПРОМЕТ, Лилли Александровна.",,,
1844,Дела и заботы: Рассказы и очерки.,"ШУРЫГИН, Василий Федорович.",,,
1845,Дела и знакомства.,"УСПЕНСКИЙ, Глеб Иванович.",,,
1846,Дела и люди — как на блюде: Сатиры на современность.,"ФИТА-ЭС (СЕЛЕЗНЕВ, Федор Яковлевич).",,,
1847,Дела и приключения мистера Ак-риджа.,"ВУДХАУЗ, П. (ВУДХАУС, Пелем Гренвилл).",,,
1848,Дела и слово: По Бельгии и Нидерландам. Размышления. Статьи.,"ДЖАПАРИДЗЕ, Реваз Андреевич.",,,
1849,Дела и чувства: Комедия-водевиль в 3-х д.,"ЯЛУНЕР, Яков Ионович.",,,
1850,Дела лейтенанта Кряжева: (Рассказы об отечественной войне).,"ЛЕВИН, Кирилл Яковлевич.",,,
1851,Дела минувших дней: Сборник рассказов.,"МАКАРОВА, Софья Марковна.",,,
1852,Дела семейные: [Повесть].,"ЛИБЕ- ДИНСКИИ, Юрий Николаевич.              ",,,
1853,Дела семейные: Повесть и рассказы.,"МИН, Евгений.",,,
1854,Дела семейные: Четыре акта.,"АЙ-ЗМАН, Давид Яковлевич.",,,
1855,Дела сердечные.,"ПУЛИН, Виктор Иванович.",,,
1856,Дела солдатские: Рассказы.,"ПРО-НЯКИН, Юрий Федорович.",,,
1857,Дела текущие: Повесть.,"ОТРЕШ-КО, Михаил Андреевич.",,,
1858,Делай хорошо и будет хорошо: Повесть.,"КВИТКА, Г. (ОСНОВЬЯНЕНКО, Грицко) (КВИТКА-ОСНОВЬЯНЕНКО, Григорий Федорович).",,,
1859,Делатели золота: Народная повесть.,"ЦШОККЕ, Генрих.",,,
1860,Делгир: Повесть.,"КУКАЕВ, Анатолий Манджиевич.",,,
1861,Делегат: Повесть.,"МУСАТОВ, Алексей Иванович, РИХТЕР, Григорий Абрамович.",,,
1862,Делегат грядущего: Роман и рассказы.,"ЛУКНИЦКИИ, Павел Николаевич.",,,
1863,Делегат Западной зоны: Пьеса в 1-м д.,"ЗЮКОВ, Борис Борисович.",,,
1864,Делегатка Анна.,"НОВИКОВА, Елена (НОВИКОВА-ВАШЕНЦЕВА, Елена Михайловна).",,,
1865,Дележ: Комедия в 1-м д. из деревенской жизни.,"ФАБРИЦИУС (КИСЕЛЕВА, Валентина Владимировна).",,,
1866,Делец: Портрет-миниатюра.,"НИЛОВ, Ю.",,,
1867,Делец: [Рассказ].,"ДОБРОЛЮБОВ, Николай Александрович.",,,
1868,Делец: [Роман].,"РОЗИТ, Павил.",,,
1869,Деликатная операция: Комедия в 3-х д.,"МАТВЕЕВ, Герман Иванович.",,,
1870,Деликатная просьба: Рассказы.,"ЛЕНЧ, Леонид.",,,
1871,Деликатнее нельзя!,"ВИХРЕВ, Александр Ефимович.                     ",,,
1872,Деликатный: Комедия в 1-м д.,"ПИКАР, Андре.",,,
1873,Деликатный вопрос.,"БЕЛЯЕВ, Дмитрий Герасимович.",,,
1874,Деликатный господин: (Шутка в 1-м д.). Сценка в вагоне.,"СТОЙКИЙ, Андрей Иоасафович.",,,
1875,Дели-Мурад: Роман.,"ЛОРИЯ, Пар-мен Анисимович.",,,
1876,Делия по прозвищу Синяя птица: Правдивая история или быль.,ВИТМОР.,,,
1877,Дело: (Отжитое время). Драма в 5-ти д.,"СУХОВО-КОБЫЛИН, Александр Васильевич.",,,
1878,Дело:  Повесть.,"ХАЗАНОВИЧ, Юрий Яковлевич.",,,
1879,Дело: Роман.,"СНОУ, Чарльз Перси.",,,
1880,Дело Артабанова.,"КРУШЕВАН, Павел Александрович",,,
1881,Дело Артамоновых.,"ГОРЬКИЙ, Максим.",,,
1882,Дело Бивена Йорка: Роман.,"МАК-СУЭЛЛ, Вильям Бабингтон.",,,
1883,Дело Боброва: Человек на своем месте. Пьеса в 2-х ч.,"ЧЕРЙЫХ, В. Н.",,,
1884,Дело было в Пенькове: Повесть.,"АЙТОНОВ, Сергей Петрович.",,,
1885,Дело было в Ревеле: Стихи.,"ФРЕНКЕЛЬ, Илья Львович.",,,
1886,Дело в кишлаке Касан: Последний удар. Йсторический рассказ.,"БУИСКИЙ, Анатолий Александрович.",,,
1887,Дело в шляпе: Водевиль в 1-м д.,"ГУЛЛИВЕР (МИХАЙЛОВ, Константин Арсеньевич).",,,
1888,Дело в шляпе: Рассказ.,"ЕВСТИГНЕЕВ, Михаил Е.",,,
1889,Дело в шляпе: [Рассказ].,"АНСТЕИ, Ф. (ЭНСТИ, Ф.).",,,
1890,Дело в шляпе: [Стихи].,"МАРТЬЯНОВ, Игорь Вячеславович.",,,
1891,Дело Вальяно: Рассказы о чеховском Таганроге.,"ЗВАНЦЕВ, Сергей.",,,
1892,Дело вдовы Леруж: Уголовный оо-ман. (Загл. обл.).,"ГАБОРИО, Эмиль. ",Дело Леруж. Изд. также под заглавиями: Дело госпожи Леруж; Убийство г-жи Леруж.,,
1893,Дело взято из архива: Повесть.,"ИВИН, Евгений Андреянович, ОГНЕВ, Евгений Йиколаевич.",,,
1894,Дело воображения: Рассказы.,"КО-ВАЛЕНКОВ, Александр Александрович.",,,
1895,Дело всегда отзовется: Рассказы.,"САРТАКОВ, Сергей Венедиктович.",,,
1896,Дело Глеба Рогозина: Драматический этюд в 1-м д.,"ЭВАЛЬД, Ида.",,,
1897,Дело г-жи Леруж: Роман.,"ГАБОРИО, Эмиль.",,,
1898,Дело госпожи Л юно: Новеллы.,"МОПАССАН, Ги де.",,,
1899,Дело д'Артеза: Роман.,"НОССАК, Ганс Эрих.",,,
1900,Дело для рук найдется.,"БЕЛЯЕВ, Иван Андреевич.",,,
1901,Дело доктора Деруги: Роман.,"ГУХ, Рикарда (ХУХ, Рикарда).",,,
1902,Дело ее жизни: Драма в 3-х д.,"ГУТКОВИЧ, Александр Залманович, КО-ЗОВСКАЯ, Фаина Марковна.",,,
1903,Дело еще не закончено: Рассказы о людях советской юстиции.,"АЛЕКСАНДРОВ, Роман, ЧИКУЛ, Всеволод Михайлович.",,,
1904,Дело Жанны Валуа.,ГОРИН,,,
1905,Дело жизни: Очерки и рассказы.,"ЖДАНОВ, Николай Гаврилович.",,,
1906,Дело жизни: Сцены. В 5-ти д.,"ТИМКОВСКИЙ, Николай Иванович.",,,
1907,Дело Жуковского: Рассказы.,"НИКУЛИН, Лев Вениаминович.",,,
1908,Дело за мной.,"ФИШ, Геннадий Семенович.",,,
1909,Дело зеленщика.,"ФРАНС, Анатоль.",,,
1910,Дело и слово.,"ДЗАБОЛОВ, Хазби (ДЗАБОЛАТЫ, Хазби Дударикоевич).",,,
1911,Дело к весне: Рассказы.,"ВЕНУС, Георгий Давидович.",,,
1912,Дело к весне: Рассказы и повесть.,"САПРОЙОВ, Леонид Лаврентьевич.",,,
1913,Дело Касимова: Пьеса в 5-ти д.,"ЛЕРНЕР, Николай Никитич.",,,
1914,Дело Кирилла Муромцева.,"ИЮЛЬСКИЙ, Ростислав Владимирович.",,,
1915,Дело корнета Елагина.,"БУНИН, Иван Алексеевич.",,,
1916,"Дело, которому служишь: Повесть.","ДЫРИН, Евгений Фотиевич.",,,
1917,"Дело, которому ты служишь: Роман.","ГЕРМАН, Юрий Павлович.",,,
1918,"Дело, которым живешь.","СЛАВО-ЛЮБОВА, Людмила Дмитриевна.",,,
1919,Дело Кренкебиля.,"ФРАНС, Анатоль.",,,
1920,Дела Леруж: Роман.,"ГАБОРИО, Эмиль. ",Дело вдовы Леруж: Уголовный роман.,,
1921,Дело Маджида Рахима: Повесть.,"АИЮБ, Зу-н-",,,
1922,Дело Марины Мнишек: Повесть-детектив.,"РОГОВОЙ, Михаил Исаакович.",,,
1923,Дело мастера боится: Народная сказка. Переложена в стихи.,"ИВИЦКИИ, В.",,,
1924,Дело Матапана: Роман.,"ДЮ-БУАГОБЕЙ, Фортюне (ДЮБУАГОБЕИ, Фортюнэ).",,,
1925,Дело Маурициуса: Роман.,"ВАССЕРМАН, Якоб. ",Роман мужчины сорока лет.,,
1926,Дело миллионера Корейко: [Отрывки из романа «Золотой теленок»].,"ИЛЬФ, Илья, ПЕТРОВ, Евгений.",,,
1927,Дело не в возрасте: Стихи.,"ВОХ-МЕНЦЕВ, Яков Терентьевич.",,,
1928,Дело № 12—Б.,МАК-КОЛЬТ.,,,
1929,Дело № 79: Пьеса в 1-м д.,"ЛУ-КОВСКИИ, Игорь Владимирович.",,,
1930,Дело № 113: Роман.,"ГАБОРИО, Эмиль. ",Дело под № 113.,,
1931,Дело № 3576: Рассказ.,"СВЕРЧКОВ, Дмитрий Федорович.",,,
1932,Дело № 306: Повести.,"РОЙЗМАН, Матвей Давидович.",,,
1933,Дело о богине: Рассказы и фельетоны.,"ПОЗДНЕВА, Ольга Владимировна.",,,
1934,Дело о душах: Трагикомедия в 4-х д.,"ГОЛИЧНИКОВ, Вячеслав Андреевич, ПАПАРИГОПУЛО, Борис Владимирович.",,,
1935,Дело о женитьбе.,"ИГБУНА, Оби Б.",,,
1936,Дело о казанской чудотворной: Повесть.,"БРЕГОВА, Дора Давыдовна.",,,
1937,Дело о краже.,"ВОЛОСКОВ, Владимир Васильевич.",,,
1938,Дело о маске: Повесть; Рекорд: Рассказ.,"ТИХОНОВ, Владимир Алексеевич.",,,
1939,Дело о покраже детской коляски: Миниатюра.,"ГРИНЕВСКАЯ, Изабелла Аркадьевна.",,,
1940,Дело о попугае.,"ЧАПЕК, Карел.",,,
1941,Дело о радиоактивном кобальте: Научно-приключенческая повесть.,"МАСПЭН, Андрэ.",,,
1942,Дело о разводе: Юмор и сатира.,"ШЕЙНИН, Александр Михайлович.",,,
1943,Дело о соловьях: Лирика.,"МАРЬ-ЕВ, Борис Михайлович.",,,
1944,Дело об игумене Парфении: Романхроника в 3-х ч.,"ДЕРМАН, Абрам Борисович.",,,
1945,Дело об убийстве: Драма в 4-х актах.,"ТЙЛЛЕР, Эрнест.",,,
1946,Дело от безделья или Некоторые литературные попытки.,"ЕЖДАНОВ, Аркадий Андрианович.",,,
1947,"Дело, пахнущее керосином: Фельетоны.","ГЛАГОЛЕВ, Иван.",,,
1948,Дело передается в суд.,"БОРИСОВ, Н.",,,
1949,Дело «пестрых»: Повесть.,"АДАМОВ, Аркадий Григорьевич.",,,
1950,Дело Плеянова: Драма в 4-х д.,"АЛЕКСАНДРОВ, Виктор (КРЫЛОВ, Виктор Александрович).",,,
1951,Дело подполковника Энгельгардта: Повесть.,"АРИСТОВ, Владимир Павлович.",,,
1952,Дело поручается вам...: Повесть.,"НОВОСЕЛОВА, Нина Александровна.",,,
1953,Дело прекратить нельзя.,"КЛЕЩЕН-КО, Анатолий Дмитриевич.",,,
1954,Дело при закрытых дверях: Комедия в 1-м д.,"БУХОНОВ, Е. М.",,,
1955,Дело прокурора Малахова: Повесть.,"СОБКО, Вадим Николаевич.",,,
1956,Дело рук человеческих: Записки журналиста.,"ДРОЗДОВ, Сергей Степанович.",,,
1957,Дело Рыкова и К0: (Новонайденное произведение).,"ЧЕХОВ, Антон Павлович. ",,,
1958,Дело рядового Шибунина: Пьеса в 4-х д.,"НИКУЛИН, Лев Вениаминович.",,,
1959,Дело с абрикосами: (Рассказ).,"КУРДЮМОВ, Всеволод Валерианович.",,,
1960,Дело с застежками.,"ГОРЬКИЙ, Максим.",,,
1961,Дело Сакко и Ванцетти: Драма в 4-х д.,"МИН, Евгений, МИНЧКОВСКИЙ, Аркадий Миронович.",,,
1962,Дело Скопинского банка: Новонайденное произведение.,ЧЕХОВ. ,,,
1963,Дело славы: Стихи.,"ПАГИРЕВ, Глеб Валентинович.",,,
1964,Дело случая: Комедия-шутка в 1-м д.,"ЕРМИЛОВ, Н.",,,
1965,Дело султана Джема.,"МУТАФЧИЕ-ВА, Вера.",,,
1966,Дело—табак: Юмористические повесть и рассказы.,"СУХАНОВА, Светлана Николаевна.",,,
1967,Дело Тарновской или Всемирный процесс 1910 года: Драма в 5-ти д.,"КНЯЗЬ МЫШКИН (ДАНСКИЙ, Иван Иванович).",,,
1968,Дело уличного торговца.,"ФРАНС, Анатоль.",,,
1969,Дело человеком славится: Сказы.,"КОЧНЕВ, Михаил Харлампиевич.",,,
1970,Дело чести: Очерки.,"ФОМЕНКО, Владимир Дмитриевич.",,,
1971,Дело чести: Повесть.,"АПРАКСИН, Александр Дмитриевич.",,,
1972,Дело чести: Повесть.,"КУЗНЕЦОВ, Николай Михайлович.",,,
1973,Дело чести: Рассказы.,"СЕРГЕЕНКО, Михаил Михайлович.",,,
1974,Дело чести: Рассказы.,"ФЕДОРОВ, Павел Ильич.",,,
1975,Дело чести: Роман.,"ГОРСКИЙ, Александр Николаевич.",,,
1976,Дело чести: Роман.,"ОЛДРИДЖ, Джеймс.",,,
1977,Дело чести: [Романы].,"ПОПОВА, Нина Аркадьевна.",,,
1978,Деловая женщина: Роман.,РОНИ-,,,
1979,Деловая лирика.,"ПЕТУНИИ, Павел Иванович.",,,
1980,Деловой человек; «Парижанка XIX века» и другие рассказы.,"БУРЖЕ, Поль.",,,
1981,Деловой человек или Стряпчий от Иверских ворот.,ТЕМНЫЙ ПРОМЫШЛЕННИК.,,,
1982,Деловые люди: Роман.,"ЧЕТВЕРИКОВ, Борис Дмитриевич.",,,
1983,"Дельный боярин: Древняя сказка, которая на быль похожа.","СУМАРОКОВ, Дмитрий.",,,
1984,Дельные безделки: Стихотворения в 2-х отделениях.,"ДЕМИДОВ, Михаил Васильевич.",,,
1985,Дельные ребята: Штрихи.,"КИСЕЛЕВ, Федор Герасимович.",,,
1986,Дельта.,"ВАГАНОВ, Николай Васильевич.",,,
1987,Дельфин: [Новелла].,"Д'АННУНЦИО, Габриэле. ",,Девственная земля...,
1988,Дельфин: Рассказы и повесть.,"МЕ-НЮК, Джордже (МЕНЮК, Жеорже).",,,
1989,Дельфина.,"СТАЛЬ-ГОЛШТЕЙН (СТАЛЬ, Анна Луиза Жермена де).",,,
1990,Дельфина или Приключение графа М***: Испанская повесть осьмагонадеся'1ь столетия. Ч. 1—2.,"ЖАНЛИС, Стефани Фе-лисите.",,,
1991,Дельфиниада: Драматическая поэма.,"КИРСАНОВ, Семен Исаакович.",,,
1992,Дельфиний мыс: Повесть.,"МОШ-КОВСКИИ, Анатолий Иванович.",,,
1993,Дельцы: Драма в 4-х д.,"ЩЕРБАКОВ, Афанасий Семенович.",,,
1994,«Дельцы»: Кулак у власти. Комедия в 1-м д.,"ФЕОФАНОВ, С.",,,
1995,Дельцы: Пьеса в 4-х д.,"БЕК, Анри Франсуа.",,,
1996,Дельцы: Роман в 2-х т.,"БОБОРЫКИН, Петр Дмитриевич.",,,
1997,"Дельцы, «что надо»: Пьеса в 8-ми карт.","ГАЗЕНКЛЕВЕР, Вальтер.",,,
1998,Дема Баюнов: Повесть в 5-ти ч.,"КОРОБОВ, Яков Евдокимович.",,,
1999,Демагог и лэди Файр: Роман.,"ЛОКК, Уильям Джон. ",Политика и любовь; Лэди Файр.,,
2000,Демид Шапкин: Повесть из школьной жизни.,"КОЖЕВНИКОВ, Алексей Венедиктович.",,,
2001,Демидовы: Драма в 3-х д.,"СОФ-РОНОВ, Анатолий Владимирович.",,,
2002,Демидовы: Исторический роман.,"ФЕДОРОВ, Евгений Александрович.",,,
2003,Демир-кая.,"КУПРИН, Александр Иванович. ",,Ученик...,
2004,Демка: Рассказ.,"ИВАНОВА, Александра Нефедовна.",,,
2005,Демка Лобан: Повесть.,"РЯЗАНЦЕВ, Всеволод.",,,
2006,Демобилизованный: Агитка в 1-м д.,СЛАВЯНСКИЙ А,,,
2007,Демобилизованный:      [Рассказ].,"ВИЛЬДРАК, Шарль.",,,
2008,Демократия: Роман.,"ДЕСМОНД, Шоу.",,,
2009,Демократы: Роман.,"ЕСЕНСКИЙ, Янко.",,,
2010,Демон: Восточная повесть. Подражание М. Ю. Лермонтову.,"МЕРКУРЬЕВ, Иван Дмитриевич.",,,
2011,Демон: Поэма.,"ЛЕРМОНТОВ, Михаил Юрьевич.",,,
2012,Демон: Роман.,"ГАУПТМАН, Гер-гарт.",,,
2013,"Демон: Сатирическая поэма; Сказки: Где лучше; Кто в лес, кто по дрова; Белый орел; Кому на свете жить плохо; Урок метафизикам.","МИНАЕВ, Дмитрий Дмитриевич.",,,
2014,"Демон: Шутка в 1-м д. с пением. Л.П.Б. (БАУШЕВ, Леонид Павлович), Б.","В. Р. (РАДОВ, Б. В.).",,,
2015,Демон долины: Южно-африканский рассказ.,"ДОЙЛЬ, Артур Конан.",,,
2016,Демон злата: Пьеса в 3-х актах.,"ЛАУНИЦ-ПРАВДИЧ, Людмила Степановна фон де",,,
2017,Демон и Мельмот-Скиталец: Психологический этюд.,"ЕМЕЛЬЯНОВ-КОХАН СКИЙ, Александр.",,,
2018,Демон наготы: Роман.,ЛЕНСКИЙ. ,,,
2019,"Демон-соблазнитель или Новейшая волшебная сказка о скатерти-самобранке, шапке-невидимке да о посошке-чародее: В 3-х ч., в стихах. С 5-ю песнями.","ПОТАПОВ, Василий Федорович.",,,
2020,Демон-соблазнитель или Человек без сердца: Повесть.,Имя авт. не установлено.,,,
2021,"Демон стихотворства: Комедия в 5-ти д., в стихах.",НЕ...И. ,,,
2022,Демонические женщины.,"ЗАХЕР-МАЗОХ, Леопольд фон. ",Жестокие женщины.,,
2023,Демонстративная знаменитость: (Эпизод из русской междоусобной войны) и другие очерки и рассказы.,"ТИХАН, М.",,,
2024,"Демон Черной горы; В день новолуния или Три просителя; Автор, красавица и рогатый муж: Прозаическая, романтико-карикатурная химера.","ЧУРОВСКИЙ, Александр Иванович.",,,
2025,Демочка: Рассказы.,"САПРОНОВ, Леонид Лаврентьевич.",,,
2026,Демьян с изъяном: Сатирические стихи.,"ПЕРОВ, Григорий.",,,
2027,Демьянова уха: Басня.,"КРЫЛОВ, Иван Андреевич.",,,
2028,Денег нет перед деньгами: Комедия-шутка в 4-х д.,Имя авт. не установлено.,,,
2029,"Денежка рубль бережет, а рубль голову стережет: [Рассказ].",Имя авт. не установлено.,,,
2030,Денежки: Шутка в 2-х д.,"НИКОЛАЕВ, Н. Н. (КУЛИКОВ, Николай).",,,
2031,Денежная оргия.,"ЖИТЕЛЬ (ДЬЯКОВ, Александр Александрович). ",,,
2032,Денежные сделки.,"ИВАНОВ, Андрей И.",,,
2033,Денежный брак: Роман.,Имя авт. не установлено. ,,,
2034,Денежный вопрос: Комедия в 5-ти д.,"ДЮМА, Александр (сын).",,,
2035,Денежный пакет.,"КУРТЕЛИН, Жорж.",,,
2036,Дениза: Пьеса в 4-х д.,"ДЮМА, Александр (сын).",,,
2037,Денис Давыдов: Героическая комедия в 3-х д.,"СОЛОВЬЕВ, Владимир Александрович.",,,
2038,Денис Давыдов: Историческая хроника.,"ЗАДОНСКИЙ, Николай Алексеевич.",,,
2039,Денис Кочубей.,"ПЕТРОВСКИЙ, Дмитрий Васильевич.",,,
2040,Денница.,"БЛАГОВ, Николай Николаевич.",,,
2041,Денница спасения (945—969  г.).,"РАЗИН, Алексей Егорович.",,,
2042,Денщик: Историческая драма в 5-ти актах в стихах.,"КУКОЛЬНИК, Нестор Васильевич.",,,
2043,Денщик; Литовский мед; Роза; Вера человеческая.,"СЛЕЗКИН, Юрий Львович.",,,
2044,NOPARSE,,,,
2045,Денщик армейского офицера: Комедия в 1-м д.,"ГРИГОРЬЕВ, Петр Иванович.",,,
2046,"Денщик Варлушка: История одного солдата. ВАСИЛЬКОВСКИЙ, А.",К-,,,
2047,Денщик за повара: Рассказ.,ПАНЬ-КО РУДЫЙ.,,,
2048,Денщик и офицер.,"ГАРШИН, Всеволод Михайлович.",,,
2049,Денщик Исаев: Эпизод из польского мятежа 1863 г.,"ВАСИЛЬКОВСКИЙ, А. К.",,,
2050,Денщик Кан: Рассказ.,"ГРЭНД, Сара (ГРАНД, Сара).",,,
2051,Денщик подвел: Водевиль в 1-м д.,"ТУРБИН, И. С. [!] (ТУРБИН, Сергей Иванович)",,,
2052,Денщики.,"РЫШКОВ, Виктор Александрович.",,,
2053,День: Книга стихов.,"ДОЛМАТОВСКИЙ, Евгений Аронович.",,,
2054,День: Книга стихов.,"МУХТАР, Аскад.",,,
2055,День: (Рассказы).,"МЕТЕЛИЦА, Семен Борисович.",,,
2056,День: [Стихи].,"ПЛОТНИКОВ, Павел Артемьевич.           ",,,
2057,День: [Стихи].,"СИПАКОВ, Янка.",,,
2058,День: Стихи и поэмы.,"ГОВОРОВ, Александр Александрович.",,,
2059,День Аниты: Пьеса; Сказка в 2-х д.,"ЛЕВИНСКИЙ, Александр Петрович, ЭЙ-РАНОВ, Виктор Сергеевич.",,,
2060,День без заката: [Документальная повесть о В. Тонияне].,"АКОПЯН, Микаел Навасардович.",,,
2061,День без ночи: Роман. Повести.,"ГРАЧЕВСКИИ, Юрий Маркович.",,,
2062,День битвы: Комедия.,"ТОЛСТОЙ, Алексей Николаевич.",,,
2063,День   благодарения: Драма в 3-х д. с эпилогом.,"КАНОНИДИ-МОРИНА, Зинаида Михайловна.",,,
2064,День   Бородина.,"МИХАЙЛОВСКИЙ, М.",,,
2065,День будет солнечным: Главы из неоконченного романа; Очерки.,"ОСТАПЕНКО, Галина Геннадиевна.",,,
2066,День будет ясным: Роман.,"ВОЛКОВ, Николай Валерианович.",,,
2067,День был солнечный: Пьеса в 2-х д.,"БАРХОЛЕНКО, Алла Федоровна.",,,
2068,День в Батавии: Фантастическая повесть.,ДЕЛАГРАНЖ.,,,
2069,День в бою: Курсанты под Мигу-линской. Исторический рассказ.,"БУИСКИЙ, Анатолий Александрович.",,,
2070,День в гимназии: Рассказ.,"ГАРИН, Н. (ГАРИН-МИХАЙЛОВСКИЙ, Николай Георгиевич).",,,
2071,День в деревне.,Е.,,,
2072,День в Новороссийских степях: Рассказ.,"ИВАНЕНКО, М.",,,
2073,День в окружном суде: Рассказ.,"МАЛАХОВ, М. Н.",,,
2074,День в отпуску: Стихи разных лет.,"ЛЕВИН, Григорий Михайлович.",,,
2075,День в помещичьей усадьбе: Рассказ. [Отрывок из «Пошехонской старины»].,"САЛТЫКОВ-ЩЕДРИН, Михаил Евграфович.",,,
2076,"День в ресторане: (Завтрак, обед и ужин с интермедиями). Комедия-водевиль в 3-х д.","СОЛОДАРЬ, Цезарь Са-мойлович.",,,
2077,День в римском цирке. Христианские мученики на арене римского цирка. Извлечение из романа «Камо грядеши?».,"СЕНКЕВИЧ, Генрик.",,,
2078,День в сентябре: Стихи.,"АДАМОВ, Альберт",,,
2079,День весны.,"ВАСИЛЕВСКАЯ, Ванда Львовна.",,,
2080,День возмездия.,"ГРИН, Анна Катарина.",,,
2081,День вознесения.,"ПШИБЫШЕВ-СКИИ, Станислав.",,,
2082,День восьмой: Драматическое представление в 2-х д. с прологом.,"ФЛОРИН, Р.",,,
2083,День встреч.,"КРУПАТКИН, Борис Львович.",,,
2084,День второй: Роман.,"ОРЕНБУРГ, Илья Григорьевич.",,,
2085,День гнева: Стихи.,"ЕРЕМИН, Дмитрий Иванович.",,,
2086,День гнева: Фантастическая мистерия.,"РЫДЕЛЬ, Люциан.",,,
2087,День голубой: Стихи.,"НОВИКОВ, Николай Георгиевич.",,,
2088,День да ночь: Эпизоды из жизни одной человеческой группы.,"АЛЬБОВ, Михаил Нилович.",,,
2089,День делового человека: Рассказы.,"АВЕРЧЕНКО, Аркадий Тимофеевич.",,,
2090,День делового человека; Тяжба — лакейская: Отрывок.,"ГОГОЛЬ, Николай Васильевич. ",,,
2091,День денщика Душкина: Комедия в 2-х д.,"РЫШКОВ, Виктор Александрович.",,,
2092,День-деньской: [Повести].,"ГОРЫ-ШИН, Глеб Александрович.",,,
2093,День-деньской: Пьеса в 2-х д.,"ВЕЙ-ЦЛЕР, Андрей Леонидович, МИШАРИН, Александр Николаевич.",,,
2094,День длиною в жизнь: Повесть.,"ЕЛЕНИН, Марк.",,,
2095,День для грядущего: Роман.,"ЗА-ГРЕБЕЛЬНЫЙ, Павло (ЗАГРЕБЕЛЬНЫИ, Павел Архипович).",,,
2096,День доброго мира: Пасхальный рассказ. Из сельской жизни.,"МИРОНОВ, Степан Павлович.",,,
2097,День египетского мальчика: Историческая повесть.,"МАТЬЕ, Милица Эдви-новна.",,,
2098,День жаворонка: Повесть.,"ДЕМЫ-КИНА, Галина Николаевна.",,,
2099,День жатвы: Роман.,"ОСТРОУМОВ, Лев Евгеньевич.",,,
2100,День жизни: Рассказы.,"КЕРИМОВА, Наиля.",,,
2101,День жизни: Трагическое действие.,"ПЕРЕСВЕТОВ, А. Н.",,,
2102,День за городом.,"ЧЕХОВ, Антон Павлович.",,,
2103,День за днем: [Документальная повесть].,"ВАЛЕЕВ, Диас Назихович.",,,
2104,День за днем: Избранные произведения. В 2-х т.,"ЗАСЛАВСКИЙ, Давид Иосифович (ЗАСЛАВСКИЙ, Давид Осипович) .",,,
2105,День за днем: Очерк жизни одного поколения.,"БИЛЯВИЧЮС, Элияс Маушо-вич, ПОЛЕВ, Юрий.",,,
2106,День за днем...: (Perpetuum mobile).,"ЗАРИН, А.",,,
2107,День за днем: Рассказы.,ДЕМИН. ,,,
2108,День за днем: Стихи.,"БАИРАМУ-КОВА, Халимат Башчиевна.",,,
2109,День за днем: Страницы деревенского юмора.,"БЕЛОВ, Василий Иванович.",,,
2110,День забот: Лирика.,"КАЦ, Зельман Менделевич.",,,
2111,День забот: Повести.,"ИВАНОВ, Алексей Георгиевич.",,,
2112,День завершающий: Повесть и рассказы.,"АЛФИМОВ, Евгений Петрович.",,,
2113,День и вечер: Документальная повесть.,"МИХАЙЛОВ, В.",,,
2114,День и ночь: Повесть. Переделка для юношества. Ч. 1—2.,"БУЛЬВЕР-ЛИТ-ТОН, Эдуард Джордж (БУЛВЕР-ЛИТ-ТОН, Эдуард Джордж).",,,
2115,День и ночь; Смешная история; Волшебный сад; Кошмар.,"НАГРОДСКАЯ, Евдокия Аполлоновна.",,,
2116,День и ночь: Стихи.,"БОЦУ, Павел Петрович.",,,
2117,День и ночь: [Стихи].,"ПРАСОЛОВ, Алексей Тимофеевич.",,,
2118,День из жизни Перпетуи: Рассказы.,"ЦАН, Эрнст.",,,
2119,День из жизни писателя: Сборник рассказов.,"СТЕПАНОВ, Георгий Георгиевич.",,,
2120,День из жизни покойника: Фарс в 3-х д.,"ШЕВЛЯКОВ, Михаил Викторович.",,,
2121,"День из жизни Суворова: Пьеса из народного быта в ,1-м д. с пением.","ЛАРИН, Константин Павлович.",,,
2122,День «Икс»: Повесть.,"РУДИН, Виль Григорьевич.",,,
2123,День испытания.,"МИЩЕНКО-АТЭ (МИЩЕНКО, А. Т.)",,,
2124,День как день: Рассказы.,"ПОЗДЫ-ШЕВ, Валентин Александрович.",,,
2125,День как день: Стихи.,"ВАИСМАН, Евгений Адольфович.",,,
2126,День Константина Петровича: Повесть.,"ГОЛУБОВ, Сергей Николаевич.",,,
2127,"День, которого не будет у врага: Записки офицера.","ГЕЛЬМАН, Илья Соломонович.",,,
2128,"День, который начинается: Мозаика.","ЧЕРНОВ, Вадим.",,,
2129,День леса: (Живая газета).,"УХОВ-СКИЙ, Яков. ",Лесодень.,,
2130,День летящий: Повести и рассказы.,"КОЖЕВНИКОВ, Вадим Михайлович.",,,
2131,День лисицы: Роман.,"ЛЬЮИС, Норман.",,,
2132,День Марии: Роман.,"КУПЕР, Семен Анатольевич.",,,
2133,День медового вождя: Стихи и поэмы.,"ГАЛИ, Муса.",,,
2134,День Мертвых.,"НИЗАН, Поль.",,,
2135,"День мой, век мой: Роман, повесть.","КОЖУХОВА, Ольга Константиновна.",,,
2136,День мотылька: Повесть и рассказы.,"ХАШИМОВ, Уткур.",,,
2137,День на кончике ножа: Репортаж для театра в 3-х ч.,"ЛУКОВСКИЙ, Игорь Владимирович.",,,
2138,День на Смоленском кладбище: Из записок петербургского старожила.,"КАРАТЫГИН, Петр Андреевич.",,,
2139,День настанет неизбежный: Повести.,"ПРУДКОВСКИИ, Петр Николаевич.",,,
2140,День наступает рано: Роман.,"ЗОРИН, Михаил, ШУЛЬКИНА, Ида Захаровна. ",,,
2141,День начался: Стихи.,"КАРДАШОВА, Анна.",,,
2142,День начинается: [Повесть].,"ЯРОВАЯ, Маргарита Федоровна.",,,
2143,День начинается: [Роман]; Синь-тайга; Ласточка.,"ЧЕРКАСОВ, Алексей Тимофеевич.",,,
2144,День начинается: Стихи.,"ТЮРИ- ЧЕВ, Тихон Васильевич.            ",,,
2145,День начинается на Востоке: Роман.,"ЧЕРКАСОВ, Алексей Тимофеевич. ",День начинается.,,
2146,День начинается Ночью: Одноакт ные пьесы.,"СИНЕЛЬНИКОВ, Лев Ильич.",,,
2147,День начинается рано: Роман.,"СА-МОЙЛЕНКО, Олесь Павлович.",,,
2148,День начинается с утра: Драма в 3-х д.,"КОРНИЕНКО, Олекса.",,,
2149,День нашей жизни.,"БЕЗЫМЕНСКИЙ, Александр Ильич.",,,
2150,День необыкновенных встреч: Книжка о кино.,"СОЛОВЬЕВ, Альберт Иванович.",,,
2151,День нынешний и день минувший: Литературные впечатления и встречи.,"ДЕЙЧ, Александр Иосифович.",,,
2152,День остановить нельзя.,"СПЕШ-НЕВ, Алексей Владимирович.",,,
2153,День отдыха: Водевиль в 3-х д.,"КАТАЕВ, Валентин Петрович. ",,,
2154,День открытых дверей: Повесть.,"ЛЕВАШОВ, Виктор Владимирович.",,,
2155,День открытых дверей: Пьеса в 2-х ч.,"РУДНЕВА, Нина, ОЛЬШАНСКИЙ, Иосиф Григорьевич.",,,
2156,День открытых дверей: Рассказы.,"СЕРГЕЕНКО, Михаил Михайлович.",,,
2157,День открытых дверей: Стихи.,"ТО-РОПЫГИН, Владимир Васильевич.",,,
2158,"День открытых сердец: Юмористические и сатирические рассказы, фельетоны.","ПОЛЯКОВ, Владимир Соломонович.",,,
2159,"День, отмеченный камешком: Повесть.","ЛОЙКО, Наталья Всеволодовна.",,,
2160,День отплытия: Стихи.,"ГИТОВИЧ, Александр Ильич.",,,
2161,День отпущения: Драма в 5-ти д. из еврейской жизни.,"ЧЕРКЕЗ, Яков Мои- ",,,
2162,День отца Сойки: Роман.,"ТУДОР, Степан Иосифович.",,,
2163,День ошибок: Водевиль в Г-м д.,"КОЛЕСНИКОВ, Николай Алексеевич.",,,
2164,День Павла Егоровича: Очерк.,"ВОСТРОМ, Александра Леонтьевна (ТОЛСТАЯ, Александра Леонтьевна). ",,Изо дня в день...,
2165,"День падения водевилиста-афериста или Зачем пойдешь, то и найдешь: Комедия-водевиль в 2-х карт.",БЕРЕНКО ,,,
2166,День первый: [Очерки и репортажи о В. И. Ленине и людях Великой Октябрьской социалистической революции].,"ЧЕРЕВКОВ, Константин Петрович.",,,
2167,День первый: [Рассказы о Ленине].,"РАДИЩЕВ, Леонид Николаевич.",,,
2168,День Петра; Для чего идет снег.,"ТОЛСТОЙ, Алексей Николаевич.",,,
2169,День погожий: Новые стихи.,"ТАТЬ-ЯНИЧЕВА, Людмила Константиновна.",,,
2170,"День, подаренный небом: Рассказы.","ТРИХМАНЕНКО, Виктор Федорович.",,,
2171,День полета.,"ПОКРОВСКИЙ, Сергей Викторович.",,,
2172,День последний: Исторический роман из жизни XIV столетия.,"ЗАГОРЧИ-НОВ, Стоян.",,,
2173,День правды: Комедия в 5-ти д.,"КРЕМЛЕВ, Анатолий Николаевич.",,,
2174,День прибывает: [Повесть].,"АНТОНОВ, Николай Георгиевич.",,,
2175,День прибывает: [Повесть].,"ФЕДОРОВ, Николай Петрович.",,,
2176,День прибывает: [Стихи].,"МАРТЬЯНОВ, Игорь Вячеславович.",,,
2177,День приема по личным вопросам: Пьеса в 2-х д.,"ПОПОГРЕБСКИЙ, Петр Алексеевич.",,,
2178,День причастия: (1900—1925).,"БИБИК, Алексей Павлович.",,,
2179,"День, прожитый дважды.","КЕТЛИНСКАЯ, Вера Казимировна.",,,
2180,День проклятий и день надежд: Роман.,"САФАРОВ, Назир Сафарович.",,,
2181,День промелькнул: Рассказы.,"ГОХ-ФЕЛЬД, Владимир Борисович.",,,
2182,"День проходит, ночь заходит: Песни каторжников сахалинских островов.","ТЯЖЕЛОИСПЫТАННЫЙ, Андрей (ПРОХОРОВИЧ, Андрей Васильевич).",,,
2183,День разгорается: Роман.,"ГОЛЬДБЕРГ, Исаак Григорьевич.",,,
2184,День рождается.,"МАНОВ, Эмил.",,,
2185,День рождения: Драма в 2-х ч.,"СОЛОДАРЬ, Цезарь Самойлович.",,,
2186,День рождения: Драма в 3-х д.,"АЛЕКСАНДРОВСКИЙ, Виктор Николаевич.",,,
2187,День рождения:   Книга стихов.,"ГАЛСАНОВ, Цэдэн Галсанович (ГАЛСАНОВ, Цыденжанб Галсанович).",,,
2188,День рождения: Комедия в 1-м д.,"НАВРОЗОВ, Андрей.",,,
2189,День рождения: Комедия в 1-м д.,"ТАЛВЕСТ, Май.",,,
2190,День рождения: Комедия в 4-х д.,"ЗАДОНСКИЙ, Николай Алексеевич.",,,
2191,День рождения: Комедия в 4-х д.,ТУР,,,
2192,День рождения: Партизанская повесть.,"ФИШ, Геннадий Семенович.",,,
2193,День рождения: Повести и рассказы.,"ЕВДОКИМОВ, Николай Семенович.",,,
2194,День рождения: Повесть.,"НЕКРАСОВА, Лидия Владимировна.",,,
2195,День рождения: Повесть.,"САБО, Магда.",,,
2196,День рождения: Повесть о детстве.,"ДАНИНИ, Майя Николаевна.",,,
2197,День рождения: [Пьеса].,"МИТРОФАНОВ, Лев Иванович.",,,
2198,День рождения: Пьеса в 1-м д.,"САМСОНИЯ, Алексей Аполлонович.",,,
2199,День рождения: Пьеса в 3-х д.,"АСЕНОВ, Драгомир.",,,
2200,День рождения: Пьеса в 3-х д.,"КОЛКОВ, Степан Афанасьевич.",,,
2201,День рождения: Рассказы.,"ЕВ-ГЕНЬЕВ, Борис Сергеевич.",,,
2202,День рождения: Рассказы.,"КИШ-НЯКОВ, Илья Прокофьевич.",,,
2203,День рождения: Рассказы.,"ЛАВРЕНЕВ, Борис Андреевич.",,,
2204,День рождения: [Рассказы].,"ОСИН, Александр Васильевич.",,,
2205,День рождения: Рассказы.,"ПЮР-БЮ, Сергей Бакизович.",,,
2206,День рождения: Рассказы.,"РЯЗАНОВА, Екатерина Михайловна.",,,
2207,День рождения: Рассказы.,"САУН-PFKCA, Чандракирана.",,,
2208,День рождения: Рассказы.,"ТРОФИМОВ, Анатолий Иванович.",,,
2209,День рождения: Роман.,"ВЕНЦЛО-ВА, Антанас Томасович.",,,
2210,День рождения: Стихи.,"АНТОНОВ, Валерий Александрович.",,,
2211,День рождения: [Стихи].,"БАЕВА, Антонина Антоновна.",,,
2212,День рождения: Стихи.,"БЫТОВОЙ, Семен.",,,
2213,День рождения: Стихи.,"ГОЛОСОВ, Павел Павлович.",,,
2214,День рождения: [Стихи].,"ЖУРАВЛЕВ, Василий Андреевич.",,,
2215,День рождения: Стихи.,"МИЛЯВ-СКАЯ, Галина Борисовна.",,,
2216,День рождения: Стихи.,"ПЕРВОМАЙСКИЙ, Леонид Соломонович.",,,
2217,День рождения: Стихи.,"ТАТЬЯНИ-ЧЕВА, Людмила Константиновна.",,,
2218,День рождения: Стихи. Песни. Поэмы.,"ХАРИТОНОВ, Владимир Гаврилович.",,,
2219,День рождения: [Юмористические рассказы].,"ТРУШКИН, Борис Васильевич.",,,
2220,День рождения Березина: Повесть.,"КИНЗБУРСКАЯ, Инна Борисовна.",,,
2221,День рождения Жана Пьера Беранже 19-го августа 1780 года: Анекдот в стихах в 1-м д.,"БАЖЕНОВ, Александр Николаевич.",,,
2222,День рождения императрицы Марии и воспоминания о Павловске: Поэма.,"ФЕДОРОВ, Борис Михайлович.",,,
2223,День рождения инфанты.,"УАЙЛЬД, Оскар. ",День рождения испанской принцессы; День рождения принцессы.,,
2224,День рождения листьев: Стихи.,"ПИВНЕВ, Леонид.",,,
2225,День рождения принцессы; Скульптор; Соловей и роза; Великан эгоист.,"УАЙЛЬД, Оскар.",,,
2226,День рождения Терезы.,"МДИВАНИ, Георгий Давидович.",,,
2227,День России: Новые стихи.,"СМЕ-ЛЯКОВ, Ярослав Васильевич.",,,
2228,День с радостью.,"БОЧАРНИКОВ, Василий Алексеевич.",,,
2229,День сардины.,"ЧАПЛИН, Сид.",,,
2230,День свадьбы: Сцена в 1-м д.,"НОРДМАН-СЕВЕРОВА, Наталья Борисовна.",,,
2231,День свидания: Стихи.,"КРАСНОВ, Николай Степанович.",,,
2232,День сегодня солнцеликий: Стихи.,"ЛАПУЗИН, Борис Васильевич.",,,
2233,День седьмой: Героическая драма в 2-х ч.,"КАСПАРОВ, Борис Минаевич.",,,
2234,День сияет: Стихи.,"КАРАСЕВ, Федор Васильевич.",,,
2235,День смерти Марата: Драматическая сцена.,"ГЛОБА, Андрей Павлович.",,,
2236,День смятения: Избранное.,"ПРОСКУРИН, Петр Лукич.",,,
2237,День сталинградской весны: Поэма.,"ЛУКОНИН, Михаил Кузьмич.",,,
2238,День страшного суда: Рассказ-сатира.,"ФИТРАТ, Абдуррауф.",,,
2239,День суда.,"ПШИБЫШЕВСКИЙ, Станислав. ",День судный.,,
2240,День судный: (Роман в 4-х ч.).,"ПШИБЫШЕВСКИЙ, Станислав.",,,
2241,"День счастливый, здравствуй!: (Тетрадь стихов об электрификации).","ГАДЖИЕВ, Загид Гаджиевич.",,,
2242,День творенья.,"ЯШИН, Александр.",,,
2243,День тишины: Лирический рассказ в 2-х ч.,"ШАТРОВ, Михаил.",,,
2244,День травы: Стихотворения и поэмы.,"ЧАКЛАИС, Марис Альбертович.",,,
2245,День триффидов: Рассказы.,"УИН-ДЭМ, Джон.",,,
2246,День тысяча четыреста десятый: Рассказы.,"СУББОТИН, Василий Ефимович.",,,
2247,"День, у которого все впереди: Избранные стихи.","СЫНГАЕВСКИЙ, Петр Федорович.",,,
2248,День удачи: Стихотворения.,"СЕМЫ-НИН, Петр Андреевич.",,,
2249,День Файзуллы: Рассказ.,"ШАТИЛОВ, Борис Александрович.",,,
2250,День царевича: Рассказ.,"ЧЕРСКИЙ, Леонид Федорович.",,,
2251,День чудес: Рассказы с улыбкой.,"ДЖАЛАГОНИЯ, Валерий Павлович.",,,
2252,День чудесный: Стихи.,"КОНДАКОВА, Надежда Васильевна.",,,
2253,День шестой.,"ЛИПСКЕРОВ, Константин Абрамович.",,,
2254,Деньги: Драма в 4-х д.,"СОФРО-НОВ, Анатолий Владимирович.",,,
2255,Деньги: Драма в 4-х д.,"ТРЕФИЛОВ, Сергей Александрович (АФАНАСЬЕВ, С. А.), ТРЕФИЛОВА, Надежда Пименовна.",,,
2256,Деньги: Комическая поэма.,"ДЬЯЧКОВ, Семен Дмитриевич.",,,
2257—2258,Деньги: Народная драма в 3-х д.,"ЗАДОНСКИЙ, Николай Алексеевич.",,,
2259,Деньги: Повесть.,"ДЕСТУНИС, София А., ДЕСТУНИС, Георгий. ",,В чужих людях...,
2260,Деньги: (Прошлое). Картины петербургской жизни в 3-х д.,N. В.,,,
2261,Деньги: Рассказ.,"МУРАВЛИН, Дм. (ГОЛИЦЫН, Дмитрий Петрович).",,,
2262,Деньги: Роман.,"АЛЬГРЕН, Эрнст (БЕНЕДИКТСОН, Виктория).",,,
2263,Деньги: Роман.,"ЗОЛЯ, Эмиль.",,,
2264,Деньги: Роман.,"СИНКЛЕР, Уптон (СИНКЛЕР, Эптон).",,,
2265,Деньги: [Роман].,"СТРУГ, Андрей (СТРУГ, Анджей).",,,
2266,Деньги: Роман из московской жизни.,"СОКОЛОВ, Александр Алексеевич.",,,
2267,Деньги: Сатира.,"НЕВЕДОМСКИЙ, Николай Васильевич.",,,
2268,Деньги: Сказка.,Г. Д.,,,
2269,Деньги: Современная трагедия в 5-ти д.,"СУХОНИН, Петр Петрович.",,,
2270,Деньги господина Арне: Рассказ.,"ЛАГЕРЛЕФ, Сельма. ",Сокровище господина Арне.,,
2271,"Деньги, деньги— в них вся суть: Комедия в 4-х д.","ЛЕВИТ, И. М.",,,
2272,Деньги для Марии: Повесть и рассказы.,"РАСПУТИН, Валентин Григорьевич.",,,
2273,Деньги дьявола: Роман.,"КИРК, Ганс.",,,
2274,Деньги и слезы: Рассказ.,"СОЛОВЬЕВ, Н. Ив.",,,
2275,Деньги Калиновича или Похождения Виктора Осиповича Микеши в городе Энске: Рассказ.,"ЧЕРНЫШ, С.",,,
2276,Деньги счет любят: Очерки.,"ЯКУШ-КИН, Тимофей Федорович.",,,
2277,Депо бакалейных товаров: (Картины еврейского быта).,"ЛЕВАНДА, Лев Осипович.",,,
2278,Депутат: Комедия в 3-х д.,"ЛИП-ШИТЦ, Артур (ЛИПШИЦ, Артур), ЯКОБИ, Вильгельм.",,,
2279,Депутат: Рассказ.,"ВОЛЖСКИЙ, Алексей.",,,
2280,Депутат: [Рассказ].,"САРТАКОВ, Сергей Венедиктович.",,,
2281—2282,Депутат: Рассказы.,"ЦВИР-КА, Пятрас (ЦВИРКА, Пятрас Казимирович) .",,,
2283,Депутат города Парижа: Повесть из времен Второй Империи. В 3-х ч.,"МЕРРЕЙ, Юстейс Клер Гренвил.",,,
2284,Депутат города Сенгилея: Эпизод в 3-х д.,С. П. Ш.,,,
2285,Депутат и вор: Пьеса в 1-м д.,"ГОЙЕ, И.",,,
2286,Депутат и угольный барон: (Евгений Воддан). Роман.,"ГЛАДИК, Вацлав.",,,
2287,Депутат от Бомбиньяка: Комедия в 3-х д.,"БИССОН, Александр.",,,
2288,Депутат Первой Государственной думы: [Рассказ].,Имя авт. не установлено.,,,
2289,Депутаты: Комедия в старом стиле.,"БУРЕНИН, Виктор Петрович.",,,
2290,Депутаты: Комедия в 3-х актах.,"ГОРЕВ, Илья Александрович.",,,
2291,Дерар: Восточная повесть в стихах.,"ХОДЗЬКО, Александр (ХОДЗЬКО-БОРЕЙ-КО, Александр Леонардович).",,,
2292,Дервиш и смерть: Роман.,"СЕЛИ-МОВИЧ, Меша.",,,
2293,Деревенская аристократия: Очерки сельской жизни.,"ЛЕЙКИН, Николай Александрович.",,,
2294,Деревенская беда.,"КОЛЬЦОВ, Алексей Васильевич.",,,
2295,Деревенская быль: Рассказы.,"ЗА-МОЙСКИЙ, Петр.",,,
2296,Деревенская ведунья: Рассказ для народа.,"ТРУБНИКОВ, Ф.",,,
2297,Деревенская девушка.,"РОШ, Режи-на Мария.",,,
2298,Деревенская драма: Роман.,"ВУДС, Маргерет Луиза.",,,
2299,Деревенская женитьба и сельские сценки.,"КОЗЛОВ, Владимир И.",,,
2300,Деревенская жизнь.,"МЕТ... В, А. Н. (МЕТЕЛЬКОВ, А. Н.).",,,
2301,Деревенская история: Нынешняя быль.,"ВАСИЛЬКОВСКИЙ, Александр Константинович.",,,
2302,Деревенская история: [Повести и рассказы].,"САФОНОВ, Эрнст Иванович.",,,
2303,Деревенская конспирация.,"БЕЛОКОНСКИЙ, Иван Петрович.",,,
2304,Деревенская лира или Часы уединения.,"БОЛОТНИКОВА, Мария.",,,
2305,Деревенская любовь: Представление в частушках.,"БОЛОТОВА, Н. (СЕМЕНОВА, Наталия Георгиевна).",,,
2306,Деревенская любовь: [Стихи].,"ДО-РОГОЙЧЕНКО, Алексей Яковлевич.",,,
2307,Деревенская молодежь.,"УСПЕНСКИЙ, Глеб Иванович. ",,Бог греха не терпит...,
2308,Деревенская невеста.,"ЮРИН, Сергей Васильевич.",,,
2309,Деревенская неурядица: [Рассказы]. Т. 1—3.,"УСПЕНСКИЙ, Глеб Иванович.",,,
2310,Деревенская новь: Комсомольцы в деревне. Пьеса в 3-х д.,"МАСС, Владимир Захарович, СУББОТИН, Леонид Арсеньевич. ",Комсомольцы в деревне: Деревенская новь. Пьеса в 3-х д.,,
2311,Деревенская повесть.,"КОНИЧЕВ, Константин Иванович.",,,
2312,Деревенская свадьба:   Рассказ.,"ОСЕТРОВ, Захар Борисович.",,,
2313,Деревенская тьма: Рассказ.,"ПОСПЕЛОВА, Е.",,,
2314,Деревенская улица: Песни.,"АРТАМОНОВ, Михаил Дмитриевич.",,,
2315,Деревенская школа:     Рассказ.,"СМИРНОВ, Илья Дмитриевич.",,,
2316,Деревенская ячейка.,"ОРЕШИН, Петр Васильевич.",,,
2317,Деревенские вечера: [Очерки].,"КО-НОРЕВ, Лев Федорович.",,,
2318,Деревенские вечера: [Стихи. Песни. Припевки].,"СМИРНОВА, Матрена Платоновна.",,,
2319,Деревенские впечатления: (Из записок земского статистика). Т. 1—4.,"БЕЛОКОНСКИЙ, Иван Петрович.",,,
2320,Деревенские герои: Драматические сцены в 3-х д.,"СЕМЕНОВ, Сергей Терентьевич.",,,
2321,Деревенские досуги: Сборник стихотворений.,"АРБЕКОВА, М. А.",,,
2322,Деревенские  записки: Рассказы.,ЦИНЬ ЧЖАО-ЯН.,,,
2323,Деревенские  картины.,"ГУСЕВ, Александр Константинович.",,,
2324,Деревенские малолетки: Рассказ из деревенского быта.,"ВАРОПАЕВА, А. Ф.",,,
2325,Деревенские маски: Пьеса в 4-х д.,"ЛУНИН, Степан Михайлович.",,,
2326,Деревенские  модницы:  Рассказ.,"КРУГЛОВ, Александр Васильевич.",,,
2327,Деревенские напевы: Стихотворения рабочего (ямбургского поэта).,"СЕРГЕЕВ, Алексей.",,,
2328,Деревенские новеллы.,"РАКИТНЫЙ, Микола.",,,
2329,Деревенские новости: Рассказы.,"ГОЛУБКОВ, Михаил Дмитриевич.",,,
2330,Деревенские огоньки: Пьеса в 1-м д.,"СТОРОЖЕВА, Мария Федоровна.",,,
2331,Деревенские охна.,"СУШИНОВ, Александр Иванович.",,,
2332,Деревенсхие очерки.,"ЖЕСТЕВ, Михаил.",,,
2333,Деревенские панорамы.,ГАРИН,,,
2334,Деревенские переполохи: Комедия в 5-ти д.,"КЛЮЧНИКОВ, Вениамин Михайлович.",,,
2335,Деревенские песни.,"ФЕДОРОВ, Иннокентий Васильевич (ОМУЛЕВСКИЙ, Иннокентий).",,,
2336,Деревенские повести.,"САНД, Жорж.",,,
2337,Деревенские предания: Рассказы.,"ЛУПСЯКОВ, Николай Родионович.",,,
2338,Деревенские разговоры.,"ПОДЪЯ-ЧЕВ, Семен Павлович.",,,
2339,Деревенские рассказы.,"АЙТАГАН, Федор.",,,
2340,Деревенские рассказы.,"АУЭРБАХ, Бертольд. ",Шварцвальдские деревенские рассказы.,,
2341,Деревенские рассказы.,"МОПАССАН, Ги де.",,,
2342,Деревенские рассказы.,"СОХИН, И. (ЭНГЕЛЬГАРДТ, Вера Александровна)",,,
2343,Деревенские рассказы; Дурные пастыри: Драма в 5-ти д.,"МИРБО, Октав.",,,
2344,Деревенские рассказы: Очерки из быта Финляндии.,"ПЭИВЕРИНТА, Пиэтари (ПЯИВЯРИНТА, Пиетари).",,,
2345,Деревенские ребята.,"КУКЛИН, Георгий Осипович.",,,
2346,Деревенские сказы.,"МОРОКОВ-АРУМ, А.",,,
2347,Деревенские ходоки на пороге Государственной думы: Рассказ.,"ЗОТОВ, Михаил.",,,
2348,Деревенские частушки.,"АРХИП (АРХАНГЕЛЬСКИЙ,     Александр Григорье- вич).",,,
2349,Деревенский  Авраам.,"ЗЛАТО- ВРАТСКИИ, Николай Николаевич. ",Авраам.,,
2350,Деревенский адвокат:   Рассказ.,"ОРЖЕШКО, Элиза (ОЖЕШКО, Элиза).",,,
2351,Деревенский грамотей: Чтение для сельского юношества.,"ТРУБНИКОВ, Ив.",,,
2352,Деревенский детектив: Книга повестей и рассказов об участковом уполномоченном Ф. Анискине.,"ЛИПАТОВ, Виль Владимирович.",,,
2353,Деревенский детектив: Пьеса в 13-ти эпизодах.,"ЛИПАТОВ, Виль Владимирович.",,,
2354,Деревенский дневник:   [Очерки].,"ДОРОШ, Ефим.",,,
2355,Деревенский доктор: Повести.,"АР-БУВИЛЬ, Софи Луаре.",,,
2356,Деревенский знахарь:   Рассказ.,"АВЕРБУРГ, Вениамин Васильевич.",,,
2357,Деревенский кооператив.,"КАРТАШОВ, С.",,,
2358,Деревенский король и Горе старого кабана: Два рассказа.,"ЗЛАТОВРАТ-СКИИ, Николай Николаевич.",,,
2359,Деревенский пожар: [Из «Сказок»].,"САЛТЫКОВ-ЩЕДРИН, Михаил Евграфович.                     ",,,
2360,"Деревенский праздник или Радостный ответ на царское слово: Современная народная картина, с песнями.","ВЛАДИМИРОВ, М. С.",,,
2361,Деревенский роман: Рассказ.,"КУ-КУЧИН, Максим [!] (КУКУЧИН, Мартин).",,,
2362,Деревенский священник: Роман.,"ПОЛЕНЦ, Вильгельм.",,,
2363,Деревенский случай: Повесть в стихах.,"КРЕСТОВСКИЙ, В. (ХВОЩИН-СКАЯ, Надежда Дмитриевна).",,,
2364,Деревенский случай: Рассказ.,"ХА-ТУНСКИЙ, Сергей (КУРНИН, Сергей Васильевич).",,,
2365,Деревенский староста Мирон Иванов: Народная быль для русских простолюдинов.,"ВОЛЖИН, Борис (БУРНАШЕВ, Владимир Петрович).",,,
2366,Деревенский театр: Пять пьес.,"МАСС, Владимир Захарович, СУББОТИН, Леонид Арсеньевич.",,,
2367,Деревенский фарс из жизни аристократов.,"ПАНОВА-ПОТЕМКИНА, Анна Дмитриевна.",,,
2368,Деревенский философ: Комедия-водевиль в 1-м д.,"ЗАГОСКИН, Михаил Николаевич.",,,
2369,Деревенский шут Иван: Рассказ.,"ПАЗУХИН, Николай Михайлович.",,,
2370,Деревенское.,"МАЛОВ, Федор Иванович.",,,
2371,Деревенщина: Водевиль в 1-м д. Подражание французскому.,"ПОПОВ, А., ЯКОВЛЕВСКИИ, Николай Яковлевич.",,,
2372,Деревенщина: Комедия в 3-х д.,"ИБРАГИМОВ, Мирза Аждар оглы.",,,
2373,Деревенька моя лесная.,"БЕЛОВ, Василий Иванович.",,,
2374,Деревня: Комедия в 1-м д.,"ФЕЛЬЕ, Октав (ФЕИЕ, Октав).",,,
2375,Деревня: [Новеллы].,"КРАТОХВИЛ, Ярослав.",,,
2376,Деревня: [1-я ч. книги «Бухара»].,"АИНИ, Садриддин Саид Мурадович.",,,
2377,Деревня: (Песни и думы).,"САВЕЛЬЕВ, Иван Герасимович.",,,
2378,Деревня: Повесть.,"БУТКОВСКИИ, Е. Н.",,,
2379,Деревня: [Повесть].,"БУНИН, Иван Алексеевич.",,,
2380,Деревня: Повесть.,"ГРИГОРОВИЧ, Дмитрий Васильевич.",,,
2381,Деревня: [Рассказ].,"МИЛЛЬ-ПО-ЛЯРНЫИ, Казимир Ромуальдович.",,,
2382,Деревня: Рассказы.,"ГАБРИЛОВИЧ, Евгений Иосифович.",,,
2383,Деревня: Рассказы.,"МАКАРОВА, Софья Марковна.",,,
2384,Деревня: [Рассказы].,"ПОДЪЯЧЕВ, Семен Павлович.",,,
2385,Деревня:   [Рассказы].,"ЭКОУТ, Жорж.",,,
2386,Деревня: Рассказы для юношества о сельской природе и сельском быте.,"ДЕС-ТУНИС, Надежда Александровна. ",,,
2387,Деревня: (Рассказы из крестьянской жизни).,"КАРПОВ, Василий.",,,
2388,Деревня: [Стихи].,"РАДИМОВ, Павел Александрович.",,,
2389,Деревня в городе: Сборник рассказов.,"ОБЛЕУХОВА, Софья Львовна.",,,
2390,Деревня в гостях у города: Пьеса в 2-х д.,"ГОНЧАРОВА, Наталия Петровна (ГОНЧАРОВА-ВИКТОРОВА, Наталия Петровна) .",,,
2391,Деревня в Октябре: Бытовая картина в 1-м д. [Отрывок из пьесы «За что боролись»].,"БАРКОВ-БУРЛАК, Б. П. (БАРКОВ, Борис Прокопьевич).",,,
2392,"Деревня Добролет: Очерки, размышления.","ШУГАЕВ, Вячеслав Максимович.",,,
2393,Деревня и песни.,"САВЕЛЬЕВ, Иван Герасимович.",,,
2394,Деревня лилий: Роман.,"БУМАХДИ, Али.",,,
2395,Деревня моя деревянная: Стихи.,"ГУНДАРЕВ, Владимир Романович.",,,
2396,Деревня на воздухе: Робур-Побе-дитель.,"ВЕРН, Жюль.",,,
2397,Деревня на перепутье: Роман.,"АВИЖЮС, Ионас Казевич.",,,
2398,Деревня нашего времени: Очерки.,"РОМИАС, Сергей (КАРПОВА-МОНГИРД, Вера Александровна).",,,
2399,Деревня Печальная.,"БЕЛОКОН-СКИИ, Иван Петрович.",,,
2400,Деревня под землей.,"МАРЕК, Ир-жи.",,,
2401,Деревня «Свинушки».,"КОШКАРОВ, Сергей Николаевич.",,,
2402,Деревня Щетиново. (Загл. обл.).,"РАЗНОГЛАЗЫЙ, Иван. ",,,
2403,Дерево: Сборник стихотворений.,"СЕ-МЕРНИН, Вадим Николаевич.",,,
2404,Дерево: [Стихи].,"КАРПУХИН, Эдуард.",,,
2405,Дерево: Стихи 1938—1945 гг.,"ЭРЕНБУРГ, Илья Григорьевич.",,,
2406,Дерево в бору: Стихи.,"ТЕЛИЧКО, Николай Григорьевич.",,,
2407,Дерево в огне.,"БАЛТРУШАЙТИС, Юргис Казимирович.",,,
2408,Дерево дает плоды.,"ГОЛУЙ, Тадеуш.",,,
2409,Дерево детства: Рассказы и повесть.,"ИСКАНДЕР, Фазиль Абдуллович.",,,
2410,Дерево дружбы: Повесть.,"БОГУШЕВИЧ, Юрий Константинович.",,,
2411,Дерево жизни.,"БУКОВ, Емилиан Несторович.",,,
2412,Дерево и когти орла: Роман.,"КО-СИЕР, Берислав.",,,
2413,Дерево любви.,"ГОДИНА, Николай Иванович.",,,
2414,Дерево моих надежд: Стихи.,"ЗА-БАШТА, Любовь Васильевна.",,,
2415,Дерево на вершине: Стихи и поэмы.,"ГАЗИ, Амир.",,,
2416,"Дерево, посаженное мною...: Стихи и поэма.","БИККУЛОВ, Шариф Сагадатул-лович (БИККОЛ, Шариф).",,,
2417,Дерево свободы: Стихи.,"КАЦНЕЛЬ-СОН, Абрам Исаакович.",,,
2418,Деревушка: Роман.,"ФОЛКНЕР, Уильям.",,,
2419,Деревушка у фиорда: Рассказы.,"ИЛЛЕШ, Бела.",,,
2420,Деревца: Стихи.,"БЕРЕСНЕВА, Роза Яковлевна.",,,
2421,Деревья в городе: Стихи.,"СТУРУА, Лия (СТУРУА, Лиана Шалвовна).",,,
2422,Деревья меняют листву: Лирика. 1934—1964.,"ГРАШИ, Ашот.",,,
2423,Деревья-музыканты: Роман.,"АЛЕКСИС, Жак Стефен.",,,
2424,Деревья на ветру: Короткие повести и рассказы.,"АШИНОВ, Хазрет Ахметович.",,,
2425,Деревья остаются большими: Рассказы о себе и друзьях.,"ЗИБОРОВ, Евгений Александрович.",,,
2426,Деревья остаются зелеными: Повесть.,"ФОМЧЕНКО, Олег Семенович.",,,
2427,Деревья стали большими: Рассказы.,"ОВЧИННИКОВ, Николай Михайлович.",,,
2428,Деревья умирают стоя: Комедия в 3-х д.,"КАСОНА, Алехандро.",,,
2429,Деревьям снятся листья: Поэмы и стихи.,"ВИКУЛОВ, Сергей Васильевич.",,,
2430,Деревянная деревня: Роман.,"ГЕЧ-КО, Франтишек.",,,
2431,Деревянная звезда: Рассказ.,"ШВОБ, Марсель.",,,
2432,Деревянная книга.,"ШИМ, Эдуард.",,,
2433,Деревянная королева; Бубновый валет; Валина кукла.,"ЛЕОНОВ, Леонид Максимович.",,,
2434,«Деревянная нога» и другие юмористические рассказы.,"МОРОЗОВ, Дмитрий Николаевич.",,,
2435,Деревянная трагикомедия: Универсальная пьеса в 1-м д.,"БЕНЕДИКТ (ЮРЬ-ИН, Н. Н.).",,,
2436,Деревянные актеры:     Повесть.,"ДАНЬКО, Елена Яковлевна.",,,
2437,Деревянные башмаки: [Рассказы].,"МОПАССАН, Ги де. ",Сабо.,,
2438,Деревянные башмаки: Рассказы.,"САЯ, Казне Казисович.",,,
2439,Деревянные башмачки: Лирическая повесть.,"ЕЗЕРСКАЯ, Галина Павловна.",,,
2440,Деревянные башмачки: Повесть.,УЙДА.,,,
2441,Деревянные города: Стихи.,"ВОРОНЕЦКИЙ, Михаил Гаврилович.",,,
2442,Деревянные кони: Повести и рассказы.,"АБРАМОВ, Федор Александрович.",,,
2443,"Деревянные кони: Пьеса в 2-х д. по повестям «Деревянные кони», «Пелагея», «Алька».","АБРАМОВ, Федор Александрович.",,,
2444,Деревянные кресты.,"ДОРЖЕЛЕС, Ролан.",,,
2445,Деревянные мосты: Стихи.,"МАР-ЦИНКЯВИЧЮС, Юстинас Мотеевич.",,,
2446,"Деревянные сабли, соломенные ружья: Роман в 2-х ч.","ГЮЭ, Морис.",,,
2447,Деревянные четки.,"РОЛЛЕЧЕК, Наталия.",,,
2448,Деревянный домик: Ч. 2.,"КРОЛЬ, Николай Иванович.",,,
2449,Деревянный конек.,"СУВОРИНА, Екатерина Иосифовна.",,,
2450,Деревянный кораблик: Рассказы.,"ТЕЛЬПУГОВ, Виктор Петрович.",,,
2451,Деревянный край: Рассказы.,"ВОРОБЬЕВ, Леонид Иванович.",,,
2452,Деревянный крест: Вторая книга стихов.,"ПРУССАК, Владимир Владимирович.",,,
2453,Деревянный маузер: Повесть.,"КА-ЛЕНОВА, Тамара Александровна.",,,
2454,Деревянный тюлень.,"МАСС, Анна Владимировна.",,,
2455,Деревянный шомпол: Драма в 3-х актах.,"БАТОЖАБАИ, Даширабдан Одбое-вич.",,,
2456,Деревяшки.,"ВОЛКОВ, Михаил Иванович.",,,
2457,Держава ранних жаворонков: По- весть по мотивам бурятского эпоса.,"ЛИП-КИН, Семен.                      ",,,
2458,Державин.,"ДОМБРОВСКИЙ, Юрий Осипович.",,,
2459,Державная сваха: Историческая быль времен Екатерины Великой.,"МОРДОВЦЕВ, Даниил Лукич.",,,
2460,Державный плотник: Исторический роман в 2-х ч.,"МОРДОВЦЕВ, Даниил Лукич.",,,
2461,Держать или продать: Инсценировка в 2-х карт.,"РАБИН, Овсей Петрович.",,,
2462,Держи его!: Комедия в 3-х д.,"СОТНИК, Юрий Вячеславович.",,,
2463,Держи на волну: Повести.,СНЕГОВ С,,,
2464,Держи язык за зубами: Быль.,"ВАСИЛЬКОВСКИЙ, А. К.",,,
2465,Держидерево: Сатирические стихи.,"МАЛИН, Алексей Карпович.",,,
2466,"Держись, Гватемала!: Повесть.","МИХАИЛОВ, Рафаэль.",,,
2467,"Держись малого, да верного, не гонись за большим неверным.","БАРАКШИН, Александр А.",,,
2468,"Держись, мушкетер!: Повесть.","СОЛОВЬЕВ, Вадим Сергеевич.",,,
2469,"Держись, старшина.","СОБОЛЕВ, Леонид Сергеевич.",,,
2470,Держу в руках огонь: Повесть.,"ОФИН, Эмиль Михайлович.",,,
2471,Дерзай!...: Комедия в 4-х д.,"ПОЛИ-ЛОВ, Георгий Тихонович.",,,
2472,Дерзание: Комедия в 4-х д.,"ОВЧИННИКОВ, Михаил Федорович.",,,
2473,Дерзание: [Роман].,"КОПТЯЕВА, Антонина Дмитриевна.",,,
2474,Дерзание: [Роман в стихах].,"ГРИГОРЯН, Самвел Аванесович.",,,
2475,Дерзкая девушка.,"СЛАВИН, Лев Исаевич.",,,
2476,Дерзкая юность: Исторический рассказ.,"MOPFHFU, П.",,,
2477,Дерзкие: Очерки о былых днях.,"ФРОЛОВ, Александр Сергеевич.",,,
2478,Дерзкие земляне: (Космонавты). Драматическая повесть в 2-х ч.,"МАЛАШЕВ, Юрий Владимирович, СЕМЕНИХИН, Геннадий Александрович. ",,,
2479,Дерзкий бунт.,"СИМОВ, Борис.",,,
2480,Дерзкий рейд: Документальная повесть.,"КЕККЕЛЕВ, Леонид Николаевич.",,,
2481,Дерзкий рейд: (По заданию Ленина). Роман.,"СВИРИДОВ, Георгий Иванович.",,,
2482,Дерзновение: Две драматические картины.,"РОЗЕНБАУМ-АРКОВ, Юрий Аркадьевич.",,,
2483,Дерзость: Люди в белых халатах. Драма в 2-х ч.,"АЛЕКСЕЕВ, Иван Гаврилович.",,,
2484,Деритесь как черти!,"ГУГУЕВ, Павел Александрович",,,
2485,Дерсу Узала: Из воспоминаний о путешествии по Уссурийскому краю в 1907 г.,"APCEHBFB, Владимир Клавдиевич.",,,
2486,Дерсу Узала: (Рождественский рассказ).,П Б. ,,,
2487,Дерябин: Повесть из жизни подрядчиков в период постройки железных дорог концессионным способом.,Имя авт. не установлено.,,,
2488,Десант в Крым: (Из записок военного корреспондента).,"БОРЗЕНКО, Сергей Александрович.",,,
2489,Десант из прошлого: Фантастический роман.,"КОНДРАТОВ, Эдуард Михайлович, СОКОЛЬНИКОВ, Владимир Александрович.",,,
2490,Десант на Муста-Тунтури: Документальная повесть.,"КОЖУХОВСКИЙ, Василий Андреевич.",,,
2491,Десант на Ореховый берег: Роман.,"ЩЕРБАКОВ, Антон Николаевич.",,,
2492,Десантники: Быль.,"СТАРОСТИН, Николай.",,,
2493,Десантники: Документальная повесть.,"ЛИТОВ, Леонид Александрович, САЛЬНИКОВ, Юрий Васильевич.",,,
2494,Десантники: [Сборник].,"ВАНШЕН-КИН, Константин Яковлевич.",,,
2495,Десна-красавица.,"ГРИБАЧЕВ, Николай Матвеевич, КРИВИЦКИИ, Александр Львович",,,
2496,Десница великого мастера: Рыцарский роман.,"ГАМСАХУРДИА, Константина (ГАМСАХУРДИА, Константин Семенович).",,,
2497,Десну перешли батальоны; Тургайский сокол: Роман и повесть.,"ДЕСНЯК, Олекса (ДЕСНЯК, Алексей).",,,
2498,Десятая деревня: Роман.,"БАИ-КУРТ, Факир.",,,
2499,Десятая доля пули: Повесть.,"МЕ-ЖИРИЦКИИ, Петр Яковлевич.",,,
2500,Десятая заповедь.,"ПУШКИН, Александр Сергеевич.",,,
2501,Десятая мелодия: Стихи.,"АУЗИНЬ, Имант Отгович.",,,
2502,Десятая муза.,"КРУС, Хуана Инес де ",,,
2503,Десятая планета.,"БЕЛЯЕВ, Сергей Михайлович.",,,
2504,Десятиклассники: Комедия в 2-х д.,"АЛЕКСИН, Анатолий Георгиевич.",,,
2505,Десятиклассники: Роман.,"КОПЫЛЕНКО, Александр Иванович.",,,
2506,Десятилетье: Роман-хроника в 4-х т.,"СЛЕЗКИН, Юрий Львович.",,,
2507,Десятое море инженера Бочкина.,"ПОЛЕВОЙ, Борис.",,,
2508,Десятому классу лично: Повесть.,"БРОДИЦКАЯ, Юдифь Викторовна.",,,
2509,Десятый: Повесть.,"БЕЛОУСОВ, Валентин Алексеевич.",,,
2510,Десятый: Рассказ.,"СВИРСКИИ, Алексей Иванович.",,,
2511,Десятый вал.,"БИЛЬЗЕ, Фриц Освальд.",,,
2512,Десятый круг: Повести.,"ЛИВНЕВ, Николай.",,,
2513,Десятый неполный: Рассказы.,"КИН, Давид Яковлевич.",,,
2514,10-й Юндень: Комспьеса в 2-х д.,"БУРНАС, Захарий.",,,
2515,Десять вагонов: Повесть.,"ЛЕВИН, Дойвбер.",,,
2516,Десять веков: Исторический быт России.,"МАКСИМОВ, Михаил Иванович.",,,
2517,Десять верст: Рассказы.,"КОЛОСОВ, Марк Борисович.",,,
2518,"10 дней, которые потрясли мир.","РИД, Джон.",,,
2519,Десять дней одни втроем: (Рассказ одной девочки).,"МИНЧКОВСКИЙ, Аркадий Миронович.",,,
2520,Десять дней отпуска: Повести и рассказы.,"СЕРГИЕВИЧ, Дмитрий Григорьевич.",,,
2521,Десять дней по следам Васьки Жабрея.,"ЛУБНИН, Лев Михайлович. ",По следам Васьки Жабрея.,,
2522,Десять дней счастья; Четвертая рота; Матвеевский залив: Повести.,"СОБКО, Вадим Николаевич.",,,
2523,Десять заповедей: Рассказы.,"МИЛЛЕР, Георгий.",,,
2523а,Десять книжек под одной крышей.,"ЕМЕЛЬЯНОВ, Борис Александрович.",,,
2524,Десять лет: Поэмы.,НАИЗА.,,,
2525,Десять лет: Стихи и поэмы.,"АНТОКОЛЬСКИЙ, Павел Григорьевич.",,,
2526,10 лет в степи.,"ЛЕСКОВ, Николай Семенович.",,,
2527,Десять лет из жизни редактора журнала: Рассказ в диалогах в 4-х эпохах и 5-ти ч.,"МЕЩЕРСКИЙ, Владимир Петрович.",,,
2528,Десять лет спустя: Виконт де Бра-желон. В 3-х т.,"ДЮМА, Александр (отец).",,,
2529,Десять лет спустя: Стихи.,"МАКСИМОВ, Марк.",,,
2530,"Десять лет ЧК-ГПУ, 1917—1927: Стихи.","ПАНЧЕНКО, М. Н.",,,
2531,10 лошадиных сил.,"ЭРЕНБУРГ, Илья Григорьевич.",,,
2532,Десять месяцев.,"ФРИДЛАНД, Лев Семенович.",,,
2533,Десять минут: Рассказ.,"ШВЕДОВ, Яков Захарович.",,,
2534,Десять процентов надежды: Повести.,"ПОЛЯНСКИЙ, Анатолий Филиппович.",,,
2535,Десять суток за любовь: (Адвокат). Комедия в 2-х д.,"КОНСТАНТИНОВ, Владимир Константинович, РАЦЕР, Борис Михайлович.",,,
2536,10 000 километров на велосипедах.,"ДАР, Давид, ЕЛЬЯНОВ, Алексей.",,,
2537,Десять тысяч лет.,"БЫТОВОЙ, Семен.",,,
2538,Десять тысяч лет в ледяной глыбе.,"БУССЕНАР, Луи Анри.",,,
2539,Десять тысяч лет среди льдов: Роман.,"БУССЕНАР, Луи Анри. ",Десять тысяч лет в ледяной глыбе.,,
2540,Десять тысяч рассветов: Стихи и поэма.,"БРАГИН, Алексей Иванович.",,,
2541,Десять улыбок: Сатирические рассказы.,"ШИКУНОВ, Владимир Петрович, КНЯЗЕВ, Владислав Владимирович.",,,
2542,Десять часов мужества.,"ЗЕЛЕНЦОВ, Андрей Андреевич.",,,
2543—2544,Десять шагов до рубикона: Очерк о юности М. В. Фрунзе.,"ЖИРКОВ, Александр Васильевич.",,,
2545,Детвора: [Рассказы].,"ПУШКАРЕВ, Глеб Михайлович.",,,
2546,Детвора: Рассказы.,"ЧЕХОВ, Антон Павлович.",,,
2547,Детвора:   Рассказы для детей.,"ШВЕДЕР, Евгений Иосифович.",,,
2548,"Детвора:   Сказки, посвященные принцу Неаполитанскому.",УЙДА.,,,
2549,Детективная история: Комедия \в 2-х д.,"СОТНИК, Юрий Вячеславович.",,,
2550,Дети: Детские рассказы.,"СКОВРО-ДА, Е. (СКОВОРОДА-АЛЕКСАНДРОВА, Екатерина Александровна).",,,
2551,Дети: Драматические сцены в 4-х карт.,"КРАШЕНИННИКОВ, Николай Александрович.",,,
2552,Дети: Комедия в 1-м д.,"ГОРЬКИЙ, Максим.",,,
2553,Дети: Комедия в 3-х д.,"БАР, Герман.",,,
2554,Дети: Комедия в 4-х д. из жизни германских гимназистов.,"МИШ, Роберт.",,,
2555,Дети: Одноактная драма.,"СУКЕН-НИКОВ, Михаил Александрович.",,,
2556,Дети: [Повесть].,"ПОПОВ, В. О.",,,
2557,Дети: Повесть и рассказы.,"АНГАРСКАЯ, Нина Васильевна.",,,
2558,Дети: Рассказ.,"ИВИНА, Софья Александровна.",,,
2559,Дети: [Рассказ].,ШОЛОМ-АЛЕЙ-ХЕМ.,,,
2560,Дети: Рассказы.,"ГОРЬКИЙ, Максим.",,,
2561,Дети: Рассказы.,"МАН, Франциска (МАНН, Франциска).",,,
2562,Дети: Рассказы.,МИХАИЛ ,,,
2563,Дети: Рассказы для взрослых.,"СКВОРЦОВ, Николай Васильевич.",,,
2564,Дети: Рассказы не для детей.,"ГУТЦЛЕР, Сара.",,,
2565,Дети; Редактор; Состязание; Одинокий; Философия: [Рассказы].,"АВЕРЧЕНКО, Аркадий Тимофеевич.",,,
2566,Дети: Роман.,"МУРАВЛИН, Дмитрий (ГОЛИЦЫН, Дмитрий Петрович).",,,
2567,Дети: Роман.,"ПРУС, Болеслав.",,,
2568,Дети: Роман в 2-х ч.,"КРАШЕНИННИКОВ, Николай Александрович.",,,
2569,Дети: [Сборник рассказов].,"ГЕН-КЕЛЬ, Герман Германович.",,,
2570,Дети: Сборник рассказов.,"КОЦЕ-ВОЛЬСКАЯ, Л. А.",,,
2571,Дети: Стихи.,"НЕКРАСОВ, Николай Алексеевич.",,,
2572,Дети аббатства: Аглинский роман. Ч. 1—6.,"РОШ, Режина Мария. ",Дети Донретско-го аббатства.,,
2573,Дети ада: Исторический роман.,"МОНТЕПЕН, Ксавье де.",,,
2574,Дети берега: Пьеса в 4-х д.,"ЗУ-ДЕРМАН, Герман. ",Дети моря.,,
2575,Дети большого дома: Роман.,"КО-ЧАР, Рачия.",,,
2576,Дети будущего.,"АНДЕРСЕН-НЕК-СЕ, Мартин.",,,
2577,Дети бульвара:     Роман.,"КОК, Поль де.",,,
2578,Дети бурь.,"ЛАЙЛИЕВ, Осман Таш-матович.",,,
2579,Дети Ванюшина: Драма в 4-х д.,"НАЙДЕНОВ, Сергей.",,,
2580,Дети века: (Петербургская поэма).,"Р-Н, М. С.",,,
2581,Дети века: Роман.,"ГАМСУН, Кнут. ",Дети времени.,,
2582,Дети века: Роман.,"ГЕЙНЦЕ, Николай Эдуардович.",,,
2583,Дети века: Роман. Т 1—2.,"ГЕЙЗЕ, Пауль. ",Дети света.,,
2584,Дети века: Роман.,"КРАШЕВСКИЙ, Юзеф Игнацы.",,,
2585,Дети века: Роман.,"ЛАМАНДЭ, Андрэ.",,,
2586,Дети века: (Эфемериды). Драма в 5-ти д.,"ВЕРБИЦКАЯ, Анастасия Алексеевна.",,,
2587,Дети великого океана.,"ФИЧ-ПЕР-КИНС, Л. (ПЕРКИНС, Люси Фич).",,,
2588,Дети вихря.,"ДИКОВ, Евгений Сергеевич.",,,
2589,Дети войны: Из записок военных лет.,"СЕРГЕЕВА, Анастасия Дмитриевна.",,,
2590,Дети времени: Роман.,"ГАМСУН, Кнут.",,,
2591,«Дети времени» и другие рассказы из жизни рабочих.,"МАНЕНКОВ, Сергей М.",,,
2592,Дети-герои: Инсценировка в 7-ми карт.,"ЛЕБЕДЕВА, Любовь Сергеевна.",,,
2593,Дети-герои: [Рассказы].,"Д'АМИ-ЧИС, Эдмондо (ДЕ АМИЧИС, Эдмондо).",,,
2594,Дети-герои: Рассказы.,"ПЕДЕРЦА-НИ-ВЕБЕР, Юлиус.",,,
2595,Дети-герои: Рассказ-быль.,В. П.,,,
2596,Дети гетто: Роман в 2-х кн.,"ЗАНГ-ВИЛЛЬ, И. (ЗАНГВИЛЬ, Израэль).",,,
2597,Дети Гиппократа: Роман.,"Д'АГАТА, Джузеппе.",,,
2598,Дети-глухари: Из жизни детей Одесского порта.,"КАРМЕН, Л. О.",,,
2599,Дети гнева.,"ОКЬЕР, Иеппе.",,,
2600,Дети гор: Повесть.,"МЕДЖИДОВ, Кияс Меджидович.",,,
2601,Дети гор: Повесть.,"СЫДЫКБЕ-КОВ, Тугельбай.",,,
2602,Дети гор: Роман.,"ПАСЫНКОВ, Лев Павлович.",,,
2603,Дети города: Стихотворения.,"КНЯЗЕВ, Василий Васильевич.",,,
2604,Дети Горчичного Рая: Инсценировка в 3-х д. [романа Н. Кальма].,"КАЛЬ-МА, Н., САЖИН, Зиновий Абрамович.",,,
2605,Дети Горчичного Рая: Роман.,"КАЛЬМА, Н.",,,
2606,Дети горя: Роман.,"ПШИБЫШЕВ-СКИИ, Станислав.",,,
2607,Дети господина советника: Повесть.,"ЮНОША, Клеменс.",,,
2608,"Дети греха: (Вечная трагедия), Драма в 4-х д.","ЕВДОКИМОВ, Василий Феоктистович.",,,
2609,Дети-гугеноты: Историческая повесть из времен Варфоломеевской ночи.,"ХОЛЬТ, Эмилия Сара.",,,
2610,Дети далеких стран.,"ЭНТВИСТЛЬ, Мери.",,,
2611,Дети XX века: (Огарочники). Пьеса в 4-х д.,"СМУРСКИЙ, Николай Александрович.",,,
2612,Дети декабристов: Рассказ.,"ЗАРЕЧНАЯ, Софья.",,,
2613,Дети диких зверей: Рассказы.,"РОБЕРТС, Чарльз.",,,
2614,Дети до шестнадцати: Повесть.,"НИКОЛЬСКИЙ, Борис Николаевич.",,,
2615,Дети доброй надежды: Исторические повести и рассказы.,"ШТОРМ, Георгий Петрович.",,,
2616,Дети Донретского аббатства: Аг- линский роман. Ч. 1 — 12.,"РОШ, Режина Мария.",,,
2617,Дети дьявола.,"КОЛЕСНИКОВ, Николай Владимирович. ",,Забыли...,
2618,Дети дяди Тома.,"РАЙТ, Ричард.",,,
2619,Дети еврейской коммуны.,"НЕЙМАН, Лина Самойловна.",,,
2620,Дети Елены: Рассказ.,"ГАББЕР-ТОН, Джон. ",Еленины дети.,,
2621,Дети жизни: (Из прошлого. Действия захватывают 1902—1905 гг.).,"ТРИ-ЛИССЕР, Давид Абрамович.",,,
2622,Дети зари: Повесть.,"КАТАЯМА, Седзо.",,,
2623,Дети земли: Драма в 4-х актах.,"СОЛНЦЕВ, Марк (ПАНФЕРОВ, Федор Иванович).                          ",,,
2624,Дети Земли: Научно-фантастическая повесть.,"БОВИН, Георгий Михайлович.",,,
2625,Дети земли: (Пьеса в 3-х д. из деревенского быта).,"ПЕТРАШКЕВИЧ, Николай Александрович.",,,
2626,Дети золотого прииска: Повесть.,"САХАРОВ, Петр Иванович.",,,
2627,Дети золотого ущелья: Книга об Осетии.,"ЦАГАРЕВ, Максим Николаевич.",,,
2628,Дети золотой глуши:    Рассказ.,"ПОЗНЯКОВ, Николай Иванович.",,,
2629,Дети и взрослые: Маленькие повести и очерки.,"ШАРОВ, Александр.",,,
2630,Дети и деревья тянутся к солнцу; Морские ворота.,"ЗИГМОНТЕ, Дагния Андреевна.",,,
2631,Дети и кинжал.,"ЛАНГЕР, Франтишек.",,,
2632,Дети и родители: Семейные картины.,ВИТТ. ,,,
2633,Дети и яблоки: Горькая комедия в 3-х д.,"КОНДРЯ, Константин.",,,
2634,Дети Ивана Соколова: Повесть.,"ШМЕРЛИНГ, Владимир Григорьевич.",,,
2635,Дети из предместья: Рассказы.,"КА-ЦУМОТО, Саотомэ.",,,
2636,Дети из Сен-Доминго.,"ГУРО, Юлия.",,,
2637,Дети Каина.,"РУБО, Луи.",,,
2638,Дети как дети: Пьеса в 3-х д.,"ДОЛИНИНА, Наталья Григорьевна.",,,
2639,Дети каменного века.,"КОРОПЧЕВ-СКИИ, Дмитрий Андреевич.",,,
2640,Дети капитана Гранта: Кругосветное путешествие. В 3-х ч.,"ВЕРН, Жюль.",,,
2641,Дети капитана Гранта: Пьеса в 12-ти карт.,"ВЕРН, Жюль, ДЕННЕРИ, Адольф Филипп.",,,
2642,Дети колхоза «Ватан».,"ГУБАЙ, Гариф.",,,
2643,Дети конунга: Повесть.,"НЕМИРОВИЧ-ДАНЧЕНКО, Василий Иванович.",,,
2644,Дети короля Лудовика XVI.,"ТУР, Евгения. ",Дети короля Лю довика XVI *.,,
2645,Дети короля Эдуарда: Драма в 3-х д.,"ДЕЛАВИНЬ, Казимир.",,,
2646,Дети-крестоносцы:    Историческая повесть.,"АКСАКОВ, Николай Петрович.",,,
2647,Дети-Крестоносцы:    Историческая повесть для юношества.,"ГАРШИН, Евгений Михайлович.",,,
2648,Дети лейтенанта: Повесть.,"МИТРОПОЛЬСКИЙ, Иван Иванович.",,,
2649,Дети леса: Сказка в З'-х д.,"РИЧАРДСОН, Лесли.",,,
2650,Дети лесника.,"ЗОНЛЕИТНЕР, А.",,,
2651,Дети лесов: Повесть.,"КРУГЛОВ, Александр Васильевич.",,,
2652,Дети лесов: [Роман].,"МАЙН-РИД (РИД, Томас Майн).",,,
2653,Дети Максима Худаса.,"ЛАНДИ-НЕС, Луис.",,,
2654,Дети Марокко.,"ПАВЛОВА, К. (КОЛПАКОВА, Наталья Павловна).",,,
2655,Дети Марты.,"СУТТНЕР, Берта фон (ЗУТНЕР, Берта фон).",,,
2656,Дети мира.,"МУХТАР, Аскад.",,,
2657,"Дети мои, дети.... Драма в 3-х д.","СОФРОНОВ, Анатолий Владимирович.",,,
2658,Дети Моники Лербье: Роман.,"МАРГЕРИТ, Виктор.",,,
2659,Дети мороза.,"ЛОНДОН, Джек.",,,
2660,Дети моря: Драма в 4-х д.,"ЗУДЕР-МАН, Герман.",,,
2661,Дети моря: Драма-легенда в 2-х д.,"ХУХАШВИЛИ, Георгий Михайлович.",,,
2662,Дети моря: [Повести].,"КОКОВИН, Евгений Степанович.",,,
2663,Дети мрака: Роман.,"МАК-ГИЛ ЛЬ, Патрик (МАК-ГИЛЛ, Патрик).",,,
2664,Дети на войне: Очерки.,"ЧЕРСКИЙ, Леонид Федорович.",,,
2665,Дети набережной: (Из жизни одесского порта).,"КАРМЕН, Л. О.",,,
2666,Дети напрокат: Рассказ.,"БРЭД-ДОН, Мэри Элизабет.",,,
2667,Дети народа: Повесть.,"ПОРТНЯ-ГИН, Николай Константинович.",,,
2668,Дети нашего времени.,"ГУБАЙ, Тариф.",,,
2669,Дети-невольники: (Из записок акробата). Повесть.,"ЗАРИН, Андрей Ефимович.",,,
2670,Дети нищеты.,"ГАМАРРА, Пьер.",,,
2671,Дети нужды.,"ШВЕДЕР, Евгений Иосифович.",,,
2672,Дети Октября: Сборник пьес.,"ИР-КУТОВ, Андрей.",,,
2673,Дети осужденного: Драма в 4-х д.,"СТАМАТИ, Константин Константинович (СТАМАТИ-ЧУРЯ, Константин Константинович) .",,,
2674,Дети отказали!,"ШАПИР, Ольга Андреевна.",,,
2675,Дети отцов своих: Комедия в 4-х д.,"ФЕДОТОВ, Александр Филиппович.",,,
2676,Дети палубы: Рассказы.,"ВЫВАЛОВ, Евгений Сергеевич (ЗЮЙД-ВЕСТ).",,,
2677,"Дети Парижской коммуны: Сцены для постановок в пионерских клубах, клубах рабочей молодежи и прочих.","КРЕМ-НЕВ, Сергей.",,,
2678,Дети-партизаны: (На бой с Няпо-леоном). Пьеса для детей в 2-х д. с пением и танцами.,"ДИНГЕЛЬШТЕДТ, Николай Федорович.",,,
2679,Дети-пастухи: Рассказ.,"КУДРЯВ ЦЕВ, Иван Александрович.",,,
2680,Дети Персии.,АЭЛ (ЛАКТИОНОВ. Александр Александрович).,,,
2681,Дети пламенной земли: Очерк в стихах.,"ДЕМИДОВ, Владимир Изотович.",,,
2682,Дети подземелья: Рассказ.,"КОРОЛЕНКО, Владимир Галактионович. ",В дурном обществе.,,
2683,Дети-поэты и литераторы: Рассказы из первых лет детства великих людей.,"ФОА, Евгения (ФОА, Эжени).",,,
2684,Дети природы.,Р. В.,,,
2685,Дети пробуждаются рано.,"БАКИНСКИЙ, Виктор Семенович.",,,
2686,Дети провинции: Очерки и рассказы. Т. 1—2.,"ГОРДИК-ВГОРОЙ, И. ",,,
2687,Дети-прялки и веретена.,"ХИТРОВО, Т. Л.",,,
2688,Дети пустыни: Рассказы.,"АКУЛЬ-ШИН, Родион Михайлович.",,,
2689,Дети-работники: Рассказы.,"ЖЕДЕ-НОВ, Николай Николаевич.",,,
2690,Дети рабочих: Рассказ.,"МИРБО, Октав.",,,
2691,Дети разных народов: Стихи и песни.,"ОШАНИН, Лев Иванович.",,,
2692,Дети Ревекки: Рассказ ссыльного.,Имя авт. не установлено.,,,
2693,Дети революции: Историческая повесть.,Имя авт. не установлено.,,,
2694,Дети-революционеры.,"ПРАВДИНА, Анна.",,,
2695,Дети реки Хуайхэ: Повесть.,ЧЭНЬ ДЭН-КЭ.,,,
2696,Дети рока: Повести и рассказы.,"ЛИНОВСКИЙ, Николай Осипович.",,,
2697,Дети Руфи.,"СЕТТОН, Мэрвин.",,,
2698,"Дети с их характерами: Повести, могущие возбудить в юных читателях желание добродетелей и открыть в сердцах их скрытые недостатки.","ЭДЖЕВОРТ, Мария (ЭДЖВОРТ, Мария).",,,
2699,Дети с маяка: Рассказ.,"СМИТ, Нора Арчибальд.",,,
2700,Дети Самура: Повести.,"ХАДЖИ, Расим.",,,
2701,Дети сатаны: Роман в 4-х ч.,"ПШИ-БЫШЕВСКИЙ, Станислав.",,,
2702,Дети света: Роман в 6-ти ч.,"ГЕЙ-ЗЕ, Пауль.",,,
2703,Дети своих отцов: Пьеса в 4-х карт.,"ИРКУТОВ, Андрей.",,,
2704,Дети своих отцов: Роман.,"МАРТЫНОВ, Александр Константинович.",,,
2705,Дети-севастопольцы.,Имя авт. не установлено.,,,
2706,Дети Севастополя.,"БОРИСОВ, Борис Алексеевич.",,,
2707,Дети семьи трудовой.,"ИГНАТОВ, Петр Карпович.",,,
2708,Дети-сироты: Рассказ из жизни остяков.,"ИНФАНТЬЕВ, Порфирий Павлович.",,,
2709,Дети скорби: Повесть.,"АЛТАЕВ, Ал.",,,
2710,Дети смеются.,"КОЛЬЦОВ, Михаил.",,,
2711,Дети снегов.,"ЛОНДОН, Джек. ",Дети мороза.,,
2712,Дети солнечной страны: Стихи и поэмы.,"МИРШАКАР, Мирсаид.",,,
2713,Дети солнца: Драма в 4-х д.,ГОРЬКИЙ,,,
2714,Дети Солнцевых: Повесть.,"КОНДРАШОВА, Елизавета Николаевна.",,,
2715,Дети Сталинвароша: Повесть.,"ПА-ЛОТАИ, Ьориш.",,,
2716,Дети становятся взрослыми: Роман.,"КУЗЬМИЧЕВ, Анатолий Павлович.",,,
2717,Дети становятся взрослыми: [Роман] .,"МАКСИМОВИЧ, Десанка.",,,
2718,Дети сцены: Комедия в 5-ти д.,"ГОЙЕР, Эдгард.",,,
2719,Дети счастья: Драма в 3-х д.,"ПШИБЫШЕВСКИЙ, Станислав.",,,
2720,Дети тайги: Повесть.,"КРАВКОВ, Максимилиан Алексеевич.",,,
2721,Дети тайги: Повесть.,"МАМИН, Михаил Васильевич.",,,
2722,Дети тропиков.,"ЛОНДОН, Джек.",,,
2723,Дети труженика: Повесть для юношества.,"ГОФМАН, Франц.",,,
2724,Дети тумана: Роман.,"ГЕИСТ, Кармел X.",,,
2725,Дети улицы: Очерки московской жизни.,"АРТАМОНОВ, Михаил Дмитриевич.",,,
2726,Дети улицы: [Рассказы].,"СВИР-СКИИ, Алексей Иванович.",,,
2727,Дети улицы: Сборник стихов.,"АЛТАЙСКИЙ, Константин.",,,
2728,Дети-фермеры.,"ГУРО, Юлия.",,,
2729,Дети французских докеров: [Главы из романа «Первый удар»].,"СТИЛЬ, Андре.",,,
2730,Дети Царя русского — защитники веры и славной родины: Рассказ старого русского инвалида добрым своим землякам.,"ЗУБОВ, Платон.",,,
2731,Дети Черного Дракона: Роман приключений из жизни современного Китая. Вып. 1—5.,"ТУМАННЫЙ, Д. (ПАНОВ, Николай Николаевич).",,,
2732,Дети черноморья.,"ИСКАНДЕР, Фазиль Абдуллович.",,,
2733,Дети черты: (В еврейском доме). Драма в 4-х д.,"БЕЛАЯ, Софья (БОГДАНОВСКАЯ, Софья Николаевна).",,,
2734,Дети чуда: Роман.,"ХАРТУНГ, Хуго.",,,
2735,Дети шахтеров: Рассказы.,"БАИДЕ-БУРА, Павло (БАЙДЕБУРА, Павел Андреевич) .",,,
2736,Дети шкипера Горячкина.,"НАЗАРОВ, Иван Михайлович.",,,
2737,"Дети, школа и учитель: Рассказ.","С-НА, Л. Л. (СОКОВНИНА, Л. Л.).",,,
2738,Детишки.,КОЛЬБ,,,
2739,Детище железа: Роман.,"ДАРЖАА, Алдын-оол Дулушевич.",,,
2740,Детка: Комедия в 4-х д.,"ВОЛХОВСКОЙ, Павел Николаевич.",,,
2741,Деткам на потеху: Шутливые стишки и басенки.,"СПАССКИЙ, С. В.",,,
2742,"Детоубийца или Адам Бид, деревенский столяр: Роман.","ЭЛЛИОТ, Джордж (ЭЛИОТ, Джордж).",,,
2743,Детоубийцы: Роман.,"БЛАСКО ИБАНЬЕС, Висенте.",,,
2744,Детская болтовня.,"АНДЕРСЕН, Ганс-Христиан. ",,Она никуда не годилась...,
2745,Детская душа: Рассказ.,"МАРГЕРИТ, Поль.",,,
2746,Детская каторга: Пьеса в 4-х д.,"ЛОРД, Андре де, ШЕН, Пьер.",,,
2747,Детская любовь: Повесть.,"БЕЖЕЦКИЙ, А. Н. (МАСЛОВ, Алексей Николаевич) .",,,
2748,Детская молитва: Рассказ.,"БОТКИНА, Александра Павловна.",,,
2749,Детская мудрость.,"ТОЛСТОЙ, Лев Николаевич.",,,
2750,Детская радость: Рассказы из детской жизни.,"АНДРЕЕВСКАЯ, Варвара Павловна.",,,
2751,Детская сказка: Рассказы.,"СТРИНД-БЕРГ, Август.",,,
2752,Детские глаза.,"ШЕБУЕВ, Николай Георгиевич.",,,
2753,Детские годы: [Главы из книги «Былое и думы»].,"ГЕРЦЕН, Александр Иванович.",,,
2754,Детские годы: (Из воспоминаний Меркула Праотцева).,"ЛЕСКОВ, Николай Семенович.",,,
2755,Детские годы: [Повесть].,"СМИРНОВ, Илья Дмитриевич.",,,
2756,Детские годы: Стихотворения.,"СУРИКОВ, Иван Захарович.",,,
2757,"Детские годы Багрова-внука, служащие продолжением «Семейной хроники».","АКСАКОВ, Сергей Тимофеевич.",,,
2758,Детские годы Давида Копперфильда: Из романа.,"ДИККЕНС, Чарльз.",,,
2759,Детские годы И. С. Тургенева.,"АЛТАЕВ, Ал.",,,
2760,Детские головки: Рассказы для ззрослых.,"СТЕПОВА, Н.",,,
2761,Детские забавы: В былые годы. Драма.,Имя авт. не установлено.,,,
2762,Детские забавы: Сборник рассказов.,"РОСТОВСКАЯ, Мария Федоровна.",,,
2763,Детские подвиги: Рассказы.,"ДЕ АМИЧИС, Эдмондо.",,,
2764,Детские портреты.,"ВОРОНОВА, Августа.",,,
2765,Детские силуэты: Рассказы.,ВАН-ДЕН-СТЭН.,,,
2766,Детские слезы дошли до бога; Совесть пробудилась: Из воспоминаний.,"ВОСТОКОВ, Владимир Игнатьевич.",,,
2767,Детские тени: Рассказы.,"МАМИН-СИБИРЯК, Дмитрий Наркисович.",,,
2768,"Детские шалости или Материнское снисхождение:  Нравоучительные историй- ки, басни и повести для детей обоего пола.","РЕНВИЛЬ, Софи де.",,,
2769,Детский бунт: Инсценировка.,"ПОЛЕЖАЕВА, Лидия Владимировна.",,,
2770,Детский доктор: Драма в 5-ти д.,"БУРЖУА, Анисе, ДЕННЕРИ, Адольф Филипп.",,,
2771,Детский кружок: Рассказы.,"МАКАРОВА, Софья Марковна.",,,
2772,Детский остров.,"ЧЕРНЫЙ, Саша.",,,
2773,Детский пленник: Рассказ из войны 1812 г.; Моряк Жан Барт.,"АРСЕНЬЕВ, Александр Васильевич.",,,
2774,Детский праздник: Комедия в 2-х д.,Л. В.,,,
2775,Детский праздник: Рассказы и стихотворения.,"ПОЗНЯКОВ, Николай Иванович. ",На память деткам.,,
2776,Детский рай: Роман.,"ТЕРЬЕ, Андре.",,,
2777,"Детский рассказчик или Собрание повестей, сказок, рассказов и театральных пьесок: Ч. 1—2.","БУРЬЯНОВ, Виктор (БУР-НАШЕВ, Владимир Петрович).",,,
2778,Детский театр или Собрание детских комедий.,"ЗОНТАГ, Анна Петровна.",,,
2779,"Детский труд и их стремление: Из крестьянского быта. Быль, рассказы и стихотворения.","МАЛКОВ, Михаил Григорьевич.",,,
2780,Детский цветник стихов.,"СТИВЕНСОН, Роберт Льюис.",,,
2781,Детское сердце: Рассказ.,"ЧЕРСКИЙ, Леонид Федорович.",,,
2782,Детство: Воспоминание юности и детства.,"ВАЙЯН-КУТЮРЬЕ, Поль.",,,
2783,Детство: [Из прошлого. Повесть].,АЙБЕК.,,,
2784,Детство; Отрочество; Юность: [Повести].,"МААРИ, Гурген.",,,
2785,Детство: Повесть.,"СОКОЛОВ-МИ-КИТОВ, Иван Сергеевич.",,,
2786,Детство: Повесть.,"ТОЛСТОЙ, Лев Николаевич.",,,
2787,Детство: Повесть.,"АНДРЕЕВ, Вадим Леонидович.",,,
2788,Детство:  [Повесть].,"ГОРЬКИЙ, Максим.",,,
2789—2790,Детство: [Повесть].,"КОЗЛОВ, Иван Андреевич.",,,
2791,Детство:  [Повесть].,"СМОЛИЧ, Юрий Корнеевич.",,,
2792,Детство:  [Повесть].,СТОЯНОВ. ,,,
2793,Детство: Повесть.,"ТРУБИНА, Марфа Дмитриевна.",,,
2794,Детство: Повесть.,ЦЕРЕТЕЛИ. ,,,
2795,Детство: [Рассказы].,"ЭФРОН, Сергеи Яковлевич.",,,
2796,Детство: [Роман].,"ВАЛЛЕС, Жюль.",,,
2797,Детство: Стихотворения. ДРУЖИНИН.,ГЬ,,,
2798,Детство Адриена Зографи: (Кодин).,"ИСТРАТИ, Панаит.",,,
2799,Детство актера: Две повести.,"ВАСИЛЕНКО, Иван Дмитриевич.",,,
2800,Детство Александра Пушкина.,"МУНТ-ВАЛУЕВА, А. П. (ВАЛУЕВА-МУНТ, Анна Петровна).",,,
2801,Детство Алеши Боброва: Повесть.,"МАРЬЕНКОВ, Ефрем Михайлович.",,,
2802,Детство Аристархова: Глава из романа «Семья Аристарховых».,"КРЫМОВ, Владимир Пименович.",,,
2803,Детство Баджи: Повесть.,"ВАЙ-СЕНБЕРГ, Лев Маркович.",,,
2804,Детство в горах.,"АНАНЯН, Вахтанг Степанович.",,,
2805,Детство в Соломбале: Повесть.,"КОКОВИН, Евгений Степанович.",,,
2806,Детство Ваньки: Повесть.,"ДЕМИДОВ, Алексей Алексеевич.",,,
2807,Детство Ванюши.,ВОЛЬНОВ. ,,,
2808,Детство великих полководцев: Исторические рассказы.,"ФОА, Евгения (ФОА Эжени).",,,
2809,Детство Гаргантюа: (Из романа «Гаргантюа и Пантагрюэль»).,"РАБЛЕ, Франсуа.",,,
2810,Детство Гоголя.,"ПОЛТОРАЦКИЙ, Алексей Иванович.",,,
2811,Детство Ден Ши-хуа.,"ТРЕТЬЯКОВ, Сергей Михайлович.",,,
2812,Детство Дэнсаку.,"НАКАНИСИ, Иноскэ.",,,
2813,Детство знаменитых людей.,"АЛТАЕВ, Ал.",,,
2814,«Детство» и «Отрочество».,"ТОЛСТОЙ, Лев Николаевич. ",,,
2815,Детство и отрочество Кости Вострецова: Повесть.,"ШЕСТОВ, Константин Васильевич.",,,
2816,Детство и юность Владимира Маяковского: Из воспоминай матери.,"МАЯКОВСКАЯ, Александра Алексеевна.",,,
2817,Детство и юность Катрин Шаррон: Роман.,"КЛАНСЬЕ, Жорж-Эммануэль.",,,
2818,Детство Кузьки.,"БЕЗСАЛЬКО, Павел (БЕССАЛЬКО, Павел Карпович). ",,Кузьма Даров...,
2819,Детство Лены: Повесть.,"МОЛЧАНОВА, Людмила Георгиевна.",,,
2820,Детство Лермонтова:     Повесть.,"ТОЛСТАЯ, Татьяна Владимировна.",,,
2821,Детство Маврика: Повесть.,"ПЕРМЯК, Евгений.",,,
2822,Детство маленького Андулиса: Воспоминания.,"ПЛУДОН, Вилис (ПЛУДО-НИС, Вилис Янович).",,,
2823,Детство Марселя.,"ПАНЬОЛЬ, Марсель.",,,
2824,Детство маршала: Пьеса в 3-х д.,"ВСЕВОЛОЖСКИЙ, Игорь Евгеньевич.",,,
2825,Детство моего друга: Повесть.,ГАЙРАТИ.,,,
2826,Детство моряка: Автобиографическая повесть.,"ВИННИКОВ, Василий Алексеевич.",,,
2827,Детство музыканта.,"ФЕДИН, Константин Александрович.",,,
2828,Детство на Волге: Повесть.,"РУТЬ-КО, Арсений Иванович.",,,
2829,Детство на Нижнеприютской улице: Повесть.,"ЕРШОВА, Мария Григорьевна.",,,
2830,Детство на окраине: Повесть.,"ВОРОНКОВА, Любовь Федоровна.",,,
2831,Детство Никиты.,"ТОЛСТОЙ, Алексей Николаевич.",,,
2832,"Детство, отрочество и юность.","ТОЛСТОЙ, Лев Николаевич.",,,
2833,Детство Павла Васильева: Повесть.,"ВАСИЛЬЕВ, Виктор Николаевич.",,,
2834,Детство поэта: Поэма.,"ХАКИМ, Сибгат.",,,
2835,Детство Протасова: Повесть.,"НЕФЕДОВ, Филипп Диомидович.",,,
2836,Детство Пушкина: Повесть.,"СЛОНИМСКИЙ, Александр Леонидович.",,,
2837,Детство Ромашки: Повесть.,"ПЕТРОВ, Виктор Иванович.",,,
2838,Детство Семигорова: Роман.,"ФЕ-ДОРЧЕНКО, Софья Захаровна.",,,
2839,Детство современника.,"ЖДАНОВ, Николай Гаврилович.",,,
2840,Детство Тараса: Короткие рассказы о детстве Т. Г. Шевченко.,"КРАСИЦ-КИИ, Дмитро (КРАСИЦКИИ, Дмитрий Филимонович).",,,
2841,Детство Тараса Шевченко: (Пьеса в 3-х д.).,"ЖУКОВСКАЯ-ЛИСЕНКО, Наталия Юльевна (ЖУКОВСКАЯ, Наталия Юльевна).",,,
2842,Детство Темы.,"ГАРИН, Н. (ГАРИН-МИХАЙЛОВСКИЙ, Николай Георгиевич) .",,,
2843,Детство у Стабурага: Картины из жизни на лоне природы.,"ВАЛДИС (ЛУКС, Валдис).",,,
2844,Детство Чапая: Повесть.,"ЛИХАЧЕВА, Зинаида Алексеевна, МАТВЕЕВА, Евгения Васильевна.",,,
2845,Детство Чичикова: [Отрывок из поэмы «Мертвые души»].,"ГОГОЛЬ, Николай Васильевич.",,,
2846,Детство шахтеренка Степки Марченкова: Повесть.,ГОНИМОВ,,,
2847,Детство Шурки.,"СМИРНОВ, Василий Александрович.",,,
2848,Детям до шестнадцати лет: Пьеса в 3-х д.,"ЛЮБИМОВА, Валентина Александровна.",,,
2849,Детям не разрешается.,"БОЛЬШАК, Василь.",,,
2850,Детям нужны отцы: Повесть.,"ДЕМИДОВ, Владимир Изотович.             ",,,
2851,Деур Сеид: Рассказ.,"КОЖЕВНИКОВ, Алексей Венедиктович.",,,
2852,Дешевая жизнь.,"АВЕРЧЕНКО, Аркадий Тимофеевич.",,,
2853,Дешево отделался: Шутка в 1-м д. (Оригинальная).,"ЧИНАРОВ, Рубенс.",,,
2854,Дешевое имение: (Быль). Святочный рассказ.,"Б-Ш-ТО, Н.",,,
2855,Дешевые люди: Очерки и рассказы.,"НАЖИВИН, Иван Федорович.",,,
2856,Дешевый стряпчий или Обнаруженное плутовство. М... Ъ Т... Ъ (Т...,Ъ М.,,,
2857,Деятели: Рассказ.,"КУЛИДА, Д. В.",,,
2858,Деятель; Бильбокеев; Голландский сыр; Собеседник; Рассказ наивного человека.,"ГУРЕВИЧ, Исидор Яковлевич.",,,
2859,Деятельная натура.,"КОЗЫРЕВ, Михаил Яковлевич.",,,
2860,Деятельность: Комедия в 2-х д.,МИТКЕВИЧ.,,,
2861,Джаваншир: Драма в 5'-ти д.,"ГУСЕЙН, Мехти.",,,
2862,Джаваховское гнездо: Повесть.,"ЧАРСКАЯ, Лидия.",,,
2863,Джаз: Приключения бродяг в Америке.,"ЭРИКСОН, Густав.",,,
2864,Джаз: [Роман].,"ЯНОВИТЦ, Г. (ЯНОВИЦ, Ганс).",,,
2865,Джаир: (Повесть об одном индусском крестьянине).,"ГУБЕР, Борис Андреевич.",,,
2866,Джак и Качаморт: (Северная сказка); На Щугоре: (Из жизни печорских староверов). Рассказ.,"ЖАКОВ, Каллистрат Фалалеевич.",,,
2867,Джакобо Санназар: Драматическая фантазия в 4!-х актах в стихах.,"КУКОЛЬНИК, Нестор Васильевич.",,,
2868,Джалаледдин.,РАФФИ.,,,
2869,Джалиль-Непокупай.,"ШАТИЛОВ, Борис Александрович.",,,
2870,Джамал; Эддин; Жена-мститель: Легенды кавказских горцев.,"ДРОЗДОВИЧ, Емельян Михайлович.",,,
2871,Джамбул: Киносценарий.,"ПОГОДИН, Николай Григорьевич, ТАЖИБАЕВ, Абдильда.",,,
2872,Джамбул — внук Истыбая: Роман.,"КУЗНЕЦОВ, Павел Николаевич.",,,
2873,"Джамбул, сын Джабая: Поэма.","АЛТАЙСКИЙ, Константин.",,,
2874,Джамиля: Повесть.,"АЙТМАТОВ, Чингиз Торекулович.",,,
2875,Джамиля: Повесть и рассказы.,МИРМУХСИН.,,,
2876,Джан — глаза героя: Повесть.,"ПЕРОВСКАЯ, Ольга Васильевна.",,,
2877,Джанги-Джер: (Новая земля).,"КОЛОС, Лука Яковлевич.",,,
2878,Джангыр-бай: Повесть.,"БОРИСОГЛЕБСКИЙ, Михаил Васильевич.",,,
2879,"Джанки Гуриаши: Восстание в Гурии. Исторический роман из гурийской жизни, 1841 г.","НИНОШВИЛИ, Эгнате. ",Восстание в Гурии.,,
2880,Джаныл: Повесть.,"ГУМЕР, Тариф.",,,
2881,Джарылгач.,"ЖИТКОВ, Борис Степанович.",,,
2882,Джафар и Джан: Повесть-сказка.,"РАЕВСКИЙ, Николай Алексеевич.",,,
2883,Джейраний родник.,"БАХОРИ, Аб-думалик.",,,
2884,Джейхун: Роман.,"ДЖУМАЕВ, Нариман.",,,
2885,Джек: Шутка в 1-м д.,"ГИНЦБУРГ, Осип Григорьевич.",,,
2886,Джек Браун: Очерки и рассказы.,"ВИЛЬДЕ, Эдуард Юрьевич.",,,
2887,Джек Восьмеркин-американец: Повесть в1 3-х ч.,"СМИРНОВ, Николай Григорьевич.",,,
2888,Джек-головорез или У страха глаза велики: Шутка в 1-м д.,"ЛАРИН, Константин Павлович.",,,
2889,Джек и Джилль: Сельская история.,"ОЛЬКОТ, Луиза Мэй (ОЛКОТТ, Луиза Мей).                     ",,,
2890,Джек из Ньюбери; Томас из Ри-цинга.,"ДЕЛОНЭ, Томас.",,,
2891,Джек из Питерлоо: Роман.,"УИЛЬ-СОН-УИЛЬСОН, Теодора (УИЛСОН, Теодора Уилсон).",,,
2892,Джек-кооператор.,"КОРЧАК, Ян (КОРЧАК, Януш).",,,
2893,Джек—пожарная собака: Повесть.,"ВЕСЕЛЬГОФТ, Л. (ВЕСЕЛЬГОФТ, Элизабет) .",,,
2894,Джек-потрошитель: Оригинальный фарс в 3-х д.,"ПОЛОНСКИЙ, А. С. (КУЗЬМЕНКО, Александр Семенович).",,,
2895,Джек Рэймонд.,"ВОЙНИЧ, Е. Л. (ВОЙНИЧ, Этель Лилиан).",,,
2896,Джек-Соломинка: Историческая повесть.,"ШИШОВА, Зинаида Константиновна.",,,
2897,Джекобус.,"КОНРАД, Джозеф. ",Комиссионер Джекобус.,,
2898,Джельсомино в стране лжецов: Сказка.,"РОДАРИ, Джанни.",,,
2899,Джемпер с синими елками: Повесть.,"САЛЬНИКОВ, Юрий Васильевич.",,,
2900,"Джемс Кук, великий мореплаватель:  Библиографический рассказ.","ГОРН, В. О. фон (ЭРТЕЛЬ, Вильгельм).",,,
2901,"Джемс Уатт, изобретатель паровой машины: (Механик из Гринока).","ВАЙСЕН-БЕРГ, Лев",,,
2902,Джен Эйр: Роман.,"БРОНТЕ, Шарлотта.",,,
2903,Джени всему дому голова: Рассказ.,"ГРЭНД, Сара (ГРАНД, Сара).",,,
2904,Джени Эйр: История моей жизни. Ч. 1<—2.,"БРОНТЕ, Шарлотту",,,
2905,Дженни; Ближе к дому.,"КОЛДУЭЛЛ, Эрскин.",,,
2906,Дженни Герхардт: Роман.,"ДРАЙЗЕР, Теодор.",,,
2907,Дженни Эйр или Записки гувернантки.,"КУРРЕР-БЕЛЛЬ (БРОНТЕ, Шарлотта) . ",Джени Эйр; Джен Эйр.,,
2908,Джентельмен: Комедия в 5-ти д.,"СУМБАТОВ, Александр Иванович.",,,
2909,Джентельмен-Громила.,"ЛЕБЛАН, Морис.",,,
2910,Джентельмен из «Красного фонаря»: (Два персика). Новейшие приключения Шерлока Холмса по его протоколам.,Имя авт. не установлено.,,,
2911,Джентельмен-обезьяна: Юмористические рассказы.,"АНСТЕИ, Ф. (ЭНСТИ, Ф.).",,,
2912,Джентельмены предпочитают блондинок: Дневник киноактрисы.,"ЛООС, Анита.",,,
2913,Джентельмены удачи: Фельетоны и памфлеты.,"НИКОЛАЕВ, Владимир Дмитриевич.",,,
2914,Джерен: [Повесть в стихах].,"МЕРТЕН, Атакопек (МЕРГЕНОВ, Атакопек).",,,
2915,Джерен: Поэма.,"СЕИТЛИЕВ, Кара.",,,
2916,Джери: Из жизни студентов за границей.,"ЭЛЕНТУХ, М.",,,
2917,Джерри: Роман.,"ЛОНДОН, Джек.",,,
2918,Джерри-островитянин:    Роман.,"ЛОНДОН, Джек.",,,
2919,Джерри с Соломоновых островов: Повесть.,"ЛОНДОН, Джек.",,,
2920,Джесс: Под небом Африки. Роман из жизни англичан в Трансваале.,"ХАГГАРД, Генри Райдер. ",Мисс Джесс.,,
2921,Джесси: Рассказы.,"ФРАНС, Ана-голь.",,,
2922,Джесси и Моргиана: Роман.,"ГРИН, Александр.",,,
2923,Джетаки: Повесть.,"ЭЛЬМИН, Генрих.",,,
2924,Джетэ:   История африканской обезьяны.,"ЭКЛИ, Д.",,,
2925,Джеффри: Роман.,"ЛОКК, Уильям Джон. ",Рыжий варвар.,,
2926,Джиакомо.,"ОБСТФЕЛЬДЕР, Сиг-бьерн. ",,Лив...,
2927,Джигит из глухого аила: Роман.,"БОРБУГУЛОВ, Мухтар.",,,
2928,Джигит морских глубин: Повесть о герое-подводнике Магомеде Таджиеве.,"ЗИНГЕР, Макс Эммануилович.",,,
2929,Джигиты Дагестана.,"ТРУНОВ, Дмитрий Иванович.",,,
2930,Джигиты уходят на фронт.,"АЛИМ-ДЖАН, Хамид.",,,
2931,Джим Барклай:       Кинопоэма.,"СТАЛЬСКИЙ, Л.",,,
2932,Джимми: Роман.,"КУРТАД, Пьер.",,,
2933,Джимми Логан: Роман.,"КОЛМЕН, Луи.",,,
2934,Джимми Ферфакс.,"ШТЕРНГЕЙМ, Карл. ",Фэрфакс.,,
2935,Джимми Хиггинс: Роман.,"СИНКЛЕР, Уптон (СИНКЛЕР, Эптон). ",Приключения маленького социалиста.,,
2936—2937,Джимми Хиггинс в России.,"СИНКЛЕР, Эптон.",,,
2938,Джиованино или смерть: Повесть.,"СЕРАО, Матильда. ","Или Джиованино, или смерть.",,
2939,Джиоконда: Комедия в 3-х д.,"ПОГОДИН, Николай.",,,
2940,Джиоконда: Повести и рассказы.,"ЖДАНОВ, Николай Гаврилович.",,,
2941,Джиоконда: [Пьеса].,"ЖИЖМОР, Макс Яковлевич. ",,Маркс...,
2942,Джйоконда: Трагедия.,"Д'АННУНЦИО, Габриэле.",,,
2943,Джиу-джитцу.,"МИЛЛЬ-ПОЛЯР-НЫИ, Казимир Ромуальдович. ",,Спор...,
2944,Джо у пиратов.,"ЛОНДОН, Джек.",,,
2945,Джоакино: Сцены из детства Россини.,"ХАРКЕВИЧ, М. X.",,,
2946,Джоанна Аларика: Повесть.,"СЛЕПУХИН, Юрий Григорьевич.",,,
2947,Джованни: Поэма.,"ШАХОВСКИЙ, Борис Михайлович.",,,
2948,Джованни Коста: (Под гнетом фашизма). Рассказ.,"ЛЯТКОВСКАЯ, Ольга Антоновна.",,,
2949,Джованни Эпископо: Повесть.,"Д'АННУНЦИО, Габриэле.",,,
2950,Джованнино и Пульчероза: Повесть-сказка.,"ПИРЕЛЛИ, Джованни.",,,
2951,Джозеф Каппер: Роман.,"ХАРПЕР, Фредерик.",,,
2952,Джой из джунглей — гордость цирка.,"ХОКС, Кларенс.",,,
2953,Джон Браун: Рассказы.,"ЭРЛИХ, Леонард.",,,
2954,Джон Броун.,"ГОЛД, Майкл.",,,
2955,Джон Буль конца века: Политическая трагикомедия. В 5-ти карт.,"ЗЛАТ-КОВСКИИ, Михаил Леонтьевич.",,,
2956,Джон Воркман.,"ДОМИНИК, Ганс.",,,
2957,Джон Габриель Боркман: Драма з 4-х д.,"ИБСЕН, Генрик. ",Тени прошлого.,,
2958,Джон-Дир и украинка: Повесть о станице Старо-Щербиновская.,"КУШНЕР, Борис Анисимович.",,,
2959,"Джон-До, предводитель мятежников: Историческое происшествие. Ч. 1—4.",Имя авт. не установлено.,,,
2960,Джон Дэль: Роман.,"МИККЕЛЬ-СОН, Эйнар.",,,
2961,Джон и Жан-Шлюк и Яу: Коллективный агитгротеск в 4-х карт.,"МАХАЛОВ, Лев.",,,
2962,Джон Ингерфильд: Рассказ из жизни старого Лондона.,"ДЖЕРОМ, Джером Клапка. ",Памяти Джона Ингерфильда; Памяти Джона Ин-герфильда и его супруги Анны.,,
2963,Джон Ло.,"ЭНСВОРТ, Уильям (ЭНСВОРТ, Вильям Гаррисон).",,,
2964,Джон Мильтон и его время: Революция в Англии. Роман.,"РИНГ, Макс.",,,
2965,Джон Мортон: Нищенствующий апостол. Роман.,"МАКСУЭЛЛЬ, У. Б. (МАКСУЭЛЛ, Вильям Бабингтон).",,,
2966,Джон Том Малый Медведь. О.,ГЕНРИ.,,,
2967,Джон Халифакс: Повесть.,"КРЭК, Дина Мери (КРЭИК, Дина Мери).",,,
2968,Джон Ячменное зерно или Алкогольные воспоминания: Роман.,"ЛОНДОН, Джек. ",Зеленый змий.,,
2969,Джонни: Приключение хромого медвежонка.,"СЕТТОН-ТОМПСОН, Эрнест (СЕТОН-ТОМПСОН, Эрнест).",,,
2970,Джонни: [Рассказ].,"ЭЛЬДЕН, Альфред.",,,
2971,Джонни забастовал: Рассказ.,"ЛОНДОН, Джек.",,,
2972,Джонни-медвежонок:    Рассказ.,"ТОМПСОН СЭТОН, Эрнест (СЕТОН-ТОМПСОН, Эрнест).",,,
2973,Джонни-смельчак: Рассказ.,"ЛАРИНА, Лариса Михайловна.",,,
2974,Джонни становится пионером.,"САНДЕРС, Э.",,,
2975,Джонни Тремейн:        Повесть.,"ФОРБС, Эстер.",,,
2976,Джонс или Добродетельный Иван: Драма в 3-х д.,"ГАНИН, Егор Федорович.",,,
2977,Джоргенсен: Роман.,"ТЭППЕР, Тристрем.",,,
2978,Джордано Бруно: Романтическая драма в 4-х д.,"ГРАДОВ, Григорий, ШИШАКОВ, Виталий Алексеевич.",,,
2979,Джордано Бруно: Трагедия в 4-х д.,"ОКУЛЕВИЧ, Олег Георгиевич.",,,
2980,Джордж Вашингтон:      Рассказ.,"МУНТ, А. П. (ВАЛУЕВА-МУНТ, Анна Петровна).",,,
2981,Джордж Гейс: Роман.,"ТРАФФОРД (РИДДЕЛЛ, Шарлотта Элиза Лаусон).",,,
2982,Джорджи Сендон: Роман.,"ОУЕН, Эшворд (ОУЭН, Эшфорд).",,,
2983,Джотто-флорентинец:    Повесть.,"МЕЛЕНТЬЕВА, Екатерина Александровна.",,,
2984,Джугара: Рассказы.,"ПРОШИН, Святослав Михайлович.",,,
2985,Джуд Незаметный.,"ГАРДИ, Томас.",,,
2986—2987,Джулио: Поэма.,"ЛЕРМОНТОВ, Михаил Юрьевич.",,,
2988,Джулио Мости: Драматическая фантазия в -4-х ч. с интермедией в стихах.,"Н. К. (КУКОЛЬНИК, Нестор Васильевич).",,,
2989,Джульетта нашего времени: Драма в 3-х д.,"ДЕВАЛЬ, Жак. Изд. ",,,
2990,Джульфикар: Неизбежная поэма.,"КУСИКОВ, Александр.",,,
2991,Джума: Негритянский роман.,"МАРАН, Ренэ.",,,
2992,Джун: Лирика.,"ОРЛОВСКИЙ, Эдуард Эдуардович.",,,
2993,Джунаидхан: Исторический роман.,"ЧЕПРУНОВ, Борис Васильевич.",,,
2994,Джунгли: [Повесть].,"МУХАРД-ЖИ (МУКЕРДЖИ, Дхан Гопал).",,,
2995,Джунгли: [Рассказы].,КИПЛИНГ. ,,,
2996,Джунгли: Роман.,"СИНКЛЕР, Эптон.",,,
2997,Джура.,"ТУШКАН, Георгий Павлович.",,,
2998,Джэк: Жак. Драма в 5-ти д.,"ДО-ДЭ, Альфонс (ДОДЕ, Альфонс).",,,
2999,Джэк в дебрях Австралии: Роман.,"ЛОУРЕНС, Давид Герберт.",,,
3000,Джэк-живодер: Шутка в 1-м д.,"НОВИКОВ, Павел Евтихиевич.",,,
3001,«Джэк» и другие рассказы.,"ДОДЭ, Альфонс (ДОДЕ, Альфонс).",,,
3002,Джэк или Таинственный убийца женщин: Сенсационный роман.,"ФЕЛЬС, Гвидо фон.",,,
3003,Джэк — король медведей: Рассказ.,"СЕТОН-ТОМПСОН, Эрнест. ","Властелин; Большой таллакский медведь; Джэк — король Таллакский; Монарх, большой таллакский медведь.",,
3004,"Джэк, король Таллакский: Рассказы.","СЕТОН-ТОМПСОН, Эрнест.",,,
3005,Джэксон остается в России: Повесть.,"СВИРИДОВ, Георгий Иванович.",,,
3006,Джянтаки: Рассказ.,"БЕРЕЗНИЦ-КИИ, Евгений Николаевич.",,,
3007,Джяур: Отрывки турецкой повести. В стихах.,"БЕИРОН (БАЙРОН, Джордж Гордон). ",Гяур.,,
3008,Дзаглика Химикаури: Поэма.,ВАЖА ПШАВЕЛА.,,,
3009,"Дзег, сын Дзега: Сказка-повесть.","БРИТАЕВ, Созрыко Аузбиевич.",,,
3010,Дзерасса: Повесть.,"АЛБЕК, Лизет-хан.",,,
3011,Дзержинцы: Повести.,"КУЗЬМИН, Николай Петрович.",,,
3012,Дзержинцы: Стихи.,"ШАПОВАЛОВ, Иван Евдокимович.",,,
3013,Дзори Миро: Повесть.,"ГАЛШОЯН, Мушег.",,,
3014,Дзюрдзи.,"ОЖЕШКО, Элиза. ",Ведьма; Колдунья; Тяжкий грех.,,
3015,Диагонали любви: Стихи.,"ЛЮБОВИКОВ, Овидий Михайлович.",,,
3016,Диагор: Трагедия в 4-х д. в стихах.,"АЛФЕРЬЕВ, Василий Петрович.",,,
3017,Диакон Назарий: (Полубыль).,"ТАРАНЧУК, Платон Иванович.",,,
3018,Диалог: Поэма.,"БАБАДЖАН, Рамз.",,,
3019,Диалог: Стихи.,"ОЛЬШАНСКАЯ, Евдокия Мироновна.",,,
3020,Диалог: Стихи и поэмы.,"ГОРДОН, Измаил Борисович.",,,
3021,Диалог с прошлым: Воспоминания. Этюды.,"ШВЕЙЦЕР, Владимир Захарович.",,,
3022,Диалоги.,"ГАВРИЛОВ, Лев Николаевич.",,,
3023,Диалоги гетер.,ЛУКИАН.,,,
3024,Диалоги на Рейне.,"ОВЧАРЕНКО, Александр Иванович.",,,
3025,Диана: Драматическая фантазия; Лирические стихотворения.,"ХРАПОВИЦКИЙ, В. А.",,,
3026,Диана: (Первый роман из трилогии «Богини или Три романа герцогини Асси»).,"МАНН, Генрих.",,,
3027,Диана де-Лиз: Роман. Ч. 1—2.,"ДЮМА, Александр (сын).",,,
3028,"Диана, леди Лайль: История женского сердца. Роман.","ДИКСОН, Вильям Гепворт.",,,
3029,Диана со шрамом.,"БОЖАТКИН, Михаил Иванович.",,,
3030,Диана Форнари: Драма в 4-х д.,"БУРЕНИН, Виктор Петрович.",,,
3031,Див и Пери: Повесть в стихах.,"ПОДОЛИНСКИИ, Андрей Иванович.",,,
3032,Див-корень.,"ЕЛЕГЕЧЕВ, Иван Захарович.",,,
3033,Дива нашего века: Роман.,БОЯРИН.,,,
3034,Диван и кушетка: Шутка в нескольких явлениях.,"СОКОЛОВ, Александр Александрович.",,,
3035,Дивана: Повесть.,"ЛУКНИЦКИИ, Павел Николаевич.",,,
3036,Дивизион славы: (Балтийцы). Сценарий звукового фильма.,"ЗЕНОВЬЕВ, А. (ЗИНОВЬЕВ, Алексей Тихонович), ШТЕЙН, Александр Петрович.",,,
3037,Дивизионка: Новеллы.,"АЛЕКСЕЕВ, Михаил Николаевич.",,,
3038—3039,Дивинец: Стихи и поэмы.,"ЭСКОВИЧ, Нина Леонтьевна.",,,
3040,Дивная помощь Богоматери: (Во-лынское предание).,"БАБАНИН, Иван Николаевич.",,,
3041,Дивногория:   Стихи.,"БЕЛКИН, Владлен Николаевич.",,,
3042,Дивные приключения Тартарена из Гараскона.,"ДОДЭ, Альфонс (ДОДЕ, Альфонс) .",,,
3043,Дивный город: Книга новых стихотворений.,"ЛИСЯНСКИИ, Марк Самойло-зич.",,,
3044,Дивный сад.,"ЮХИМОВИЧ, Василий Лукич.",,,
3045,Дивный сон: (Тихая драма). Этюд з il-м д.,"ВЕРМИШЕВ, Иван Аввакумович.",,,
3046,Дивный сон или Видение Стамбул-Султана: Предвещение о падении Турции.,"ИСМАИЛ, Назир Эддин.",,,
3047,Диво: Роман.,"ЗАГРЕБЕЛЬНЫИ, Павло (ЗАГРЕБЕЛЬНЫИ, Павел Архипович).",,,
3048,Диво: Стихи.,"ЛЫСЦОВ, Иван Васильевич.",,,
3049,«Диво дивное» и другие сказки.,"БЕДНЫЙ, Демьян.",,,
3050,Дивья: Исторический роман.,ЯШ-ПАЛ.,,,
3051,Дид Гузий: Очерки.,"ФОМЕНКО, Владимир Дмитриевич.",,,
3052,Диди Моурави: Исторический роман в 6-ти кн.,"АНТОНОВСКАЯ, Анна Арнольдовна. ",Великий Моурави; Георгий Саакадзе.,,
3053,Дидмоуравиани: Поэма о Георгии Саакадзе.,"ТБИЛЕЛИ, Иосиф. ",Великий Моурави.,,
3054,Дидона:      Поэма-импровизация.,"ГОРД, Болеслав.",,,
3055,Дидочка.,"Д'ОР, О. Л. ",,Мадам Давидсон...,
3056,"Диего Пинзон и страшное путешествие, которое он совершил в неведомый океан в 1492 г.","КОРИЕЛЬ, Джон Россель.",,,
3057,Дизи-Люн — каменная кефаль: Рассказ.,"МАЛИНОВСКАЯ-БОНАР, Варвара Сергеевна.",,,
3058,Дик-Дик: О карликовой антилопе.,"ЧЕГЛОК, Александр.",,,
3059,Дик с 12-й Нижней: Повесть.,"НО-ВОГРУДСКИИ, Герцель Самойлович.",,,
3060,Дика: Повесть-быль.,"ДЖАТИЕВ, Тотырбек Исмаилович.",,,
3061,Дикало замана: Записки Никиты Лукьянова.,"ГАТУЕВ, Дзахо.",,,
3062,Дикари: Драма в 3-х д.,"ПОПОВ, А. П.",,,
3063,«Дикари»: (Из жизни «дикарей» Одесского порта).,"КАРМЕН, Л. О.",,,
3064,«Дикари»: [Пьеса].,"МИХАЛКОВ, Сергей Владимирович.",,,
3065,Дикари: Рассказы о животных.,"БЕНСЮЗАН, Самюэль Леви. ",Выдра Джок.,,
3066,Дикари в экспрессе.,"ШАТУНОВ-СКИИ, Илья Миронович.",,,
3067,Дикарка: Комедия в 4-х д.,"ОСТРОВСКИЙ, Александр Николаевич, СОЛОВЬЕВ, Николай Яковлевич.",,,
3068,Дикарка: Повесть.,"ОРЖЕШКО, Элиза (ОЖЕШКО, Элиза). ",Два полюса.,,
3069,Дикарка: Пьеса в З-х д.,"АНУИ, Жан.",,,
3070,Дикарка: Рассказ моряка.,"КУКЕЛЬ (ЛУНИН, В. А.).",,,
3071,Дикарка: Роман.,"ТЕРЬЕ, Андре.",,,
3072,"Дикарка; Синее небо, белые облака: Повести.","МАГОМЕД-РАСУЛ (РАСУЛОВ, Магомед-Расул).",,,
3073,Дикарь: Жизненные картины в 5-ти д.,"ГОРДИН, Яков Михайлович. ",Идиот.,,
3074,Дикарь: [Повесть]; Принц крови.,"БРЕШКО-БРЕШКОВСКИИ, Николай Николаевич.",,,
3075,Дикарь: Рассказы.,"ВОЗНЕСЕНСКИЙ, Ал.",,,
3076,Дикарь: Роман.,"ДЮ БУАГОБЭ, Ф. (ДЮБУАГОБЕЙ, Фортюнэ).",,,
3077,Дикарь с транзистором.,МАРЬЯ-НОВСКИЙ,,,
3078,Дикарь Уаптонк. (Загл. обл.).,"ЛОНГ, Вильям. ",Дикий гусь.,,
3079,Дикая: Роман.,"БАРНЕТ, Ф. Г. (ВЕРНЕТ, Френсис Ходжсон).",,,
3080,«Дикая Бара» и другие рассказы.,"НЕМЦОВА, Вожена.",,,
3081,Дикая воля: Стихи и сказки.,"ГОРОДЕЦКИЙ, Сергей Митрофанович.",,,
3082,Дикая груша.,"МАРЦИНКЯВИ-ЧЮС, Юстинас Мотеевич.",,,
3083,Дикая груша на перевале: Стихи и поэмы.,"АНТЕОС, Петрос.",,,
3084,Дикая дивизия.,"СКОРИНКО, Иван Владимирович.",,,
3085,"Дикая европеанка или Исправленное преступление одного, добродетелию другого.",БАШАРУЛОВ М,,,
3086,Дикая жизнь в лесу.,"ТРЕТЬЯКОВ, Юрий Федорович.",,,
3087,Дикая земля: Роман.,"КЭР, Софи (КЕР, Софи).",,,
3088,Дикая кошка: Комедия-фарс в 3-х д.,"САБУРОВ, Симон Федорович.",,,
3089,"Дикая кровь: Фантастические и юмористические военные рассказы, стихи и карикатуры.","ТРАВИН, Петр Александрович.",,,
3090,Дикая мята.,"ХРИЛЕВ, Вадим Са-зонтович.",,,
3091,Дикая овца.,"ХИЧЕНС, Роберт.",,,
3092,Дикая порфира (1909—11      гг.).,"ЗЕНКЕВИЧ, Михаил Александрович.",,,
3093,Дикая роза: Роман.,"МЭРДОК, Айрис.",,,
3094,Дикая роза: Сатирические и лирические стихи.,"КЭРАРЕ, Петру Профирович.",,,
3095,Дикая сила.,"ЛОНДОН, Джек. ",Бук; Бук— почтовая собака; Голос крови; Зов предков; Зов пустыни; Собака-привидение.,,
3096,Дикая собака Динго или Повесть о первой любви.,"ФРАЕРМАН, Рувим Исаевич.",,,
3097,Дикая степь: Рассказы.,"ОСТРОУМОВ, Лев Евгеньевич.",,,
3098,Дикая утка: Драма в 5-ти д.,"ИБСЕН, Генрик.",,,
3099,Дикая утка: Повести.,"ДАЛЬНИЙ, Борис.",,,
3100,"Дикая яблоня: Стихи, поэма.","МА-ХАЛОВ, Валентин Васильевич.",,,
3101,Дикие: Повесть.,"АРЦЫБАШЕВ, Михаил Петрович.",,,
3102,Дикие: Рассказ.,"МИНАЕВ, Константин.",,,
3103,Дикие: Рассказ.,"РУДИН, Илья.",,,
3104,Дикие голуби.,"ПРЕВО, Марсель. ",Горленки.,,
3105,Дикие гуси: Роман.,"ОСТЕНСО, Марта.",,,
3106,Дикие животные у тебя дома: Вып. 1.,"СЕТОН-ТОМПСОН, Эрнест.",,,
3107,Дикие камни.,"ЯНКОВСКИЙ, Константин Дмитриевич.",,,
3108,Дикие лебеди; Иванушка-дурачок.,"АНДЕРСЕН, Ганс-Христиан. ",,,
3109,Дикие люди: Драматическая быль в 4-х д.,"А. Б. (БУРАКОВСКИЙ, Александр Захарович).",,,
3110,Дикие люди: Рассказы.,"ИВАНОВ, Всеволод Вячеславович.",,,
3111,Дикие маки: Рассказы.,"СОКОЛОВ, Василий Дмитриевич.",,,
3112,Дикие побеги: Роман.,"КОЛЫХА-ЛОВ, Владимир Анисимович.",,,
3113,Дикие рассказы.,"ХАЙТОВ, Николай Александрович.",,,
3114,Дикий всадник.,"БУДИЩЕВ, Алексей Николаевич.",,,
3115,Дикий голубь: Стихи.,"БЕРЕСТОВ, Валентин Дмитриевич.",,,
3116,Дикий гусь: [Рассказ].,"ЛОНГ, Вильям. ",Дикарь Уаптонк.,,
3117,Дикий гусь: Юмористические рассказы.,"ВИШНЯ, Остап.",,,
3118,Дикий дом: Роман.,"ГУМИЛЕВСКИЙ, Лев Иванович.",,,
3119,Дикий зверь кошка: Рассказы.,"РОЖКОВ, Евгений Фролович.",,,
3120,Дикий колхоз.,"ТОФАН, С.",,,
3121,Дикий лук.,"АСТАФЬЕВ, Виктор Петрович.",,,
3122,Дикий мед: Современная баллада.,"ПЕРВОМАЙСКИЙ, Леонид Соломонович.",,,
3123,Дикий мед: Стихи и поэмы.,"ФЕДОРОВ, Василий Дмитриевич.",,,
3124,Дикий помещик.,"САЛТЫКОВ-ЩЕДРИН, Михаил Евграфович.",,,
3125,Дикий рейс: Рассказы.,"БИЛЛЬ-БЕЛОЦЕРКОВСКИЙ, В. Н.",,,
3126,Дикий сад: Стихи.,ПРИШЕЛЕЦ. ,,,
3127,Дикий староста: Очерк.,"ФРАНЦОЗ, Карл Эмиль.",,,
3128,Дикий Урман: Повесть.,"СЕВАСТЬЯНОВ, Анатолий Александрович.",,,
3129,Дикий хмель.,"АВДЕЕНКО, Юрий Николаевич.",,,
3130,Дикий человек: Рассказ.,"ТХОР-ЖЕВСКИИ, Корнелий Владиславович.",,,
3131,Дикий человек: [Рассказы].,ЛЕСНИК.,,,
3132,Диккенс: Рассказ.,"ПЕЧКОВСКИЙ, Александр Петрович.",,,
3133,Дикобраз: (Дети). Комедия в 4-х д.,"ЛИВИ, В.",,,
3134,Дикобраз: (Провинциальные сцены).,"ИВАНОВ, Андрей И.",,,
3135,Дикобраз или Царство детей: Комедия в 3-х д.,"ЛИВИ, В. Изд. ",,,
3136,Диковинка.,"СКРЕБИЦКИЙ, Георгий Алексеевич.",,,
3137,"Диковинная трубка: Сказ о том, как Матвей ради детей бросил носогрей.","ДОБРЖИНСКИЙ-ДИЭЗ, Г. (ДОБРЖИН-СКИЙ, Гавриил Валерьянович).",,,
3138,Дикое мясо: Рассказы.,"ФИБИХ, Даниил Владимирович.",,,
3139,Дикое поле: Исторический роман. (Булавинское восстание). Кн. 1—2.,"БИРЮК, Д. (ПЕТРОВ, Дмитрий Ильич).",,,
3140,Дикое поле: Рассказы.,"ТОЛСТОЙ, Алексей Николаевич.",,,
3141,Дикое поле: Рассказы.,"УСПЕНСКИЙ, Герасим Александрович.",,,
3142,Дикое поле: Роман.,"АНДРЕЕВ, Вадим Леонидович.",,,
3143,Дикое поле: Роман.,"ВОЛОДИН, Григорий Григорьевич.",,,
3144,Дикое поле: Роман.,"ЛОГИНОВ ЛЕСНЯК, Павел Семенович.",,,
3145,Дикое сердце: [Рассказ].,"ВЕСЕЛЫЙ, Артем.",,,
3146,Дикое сердце: Рассказы.,СКУАЙР. ,,,
3147,Дикое счастье: Роман.,"МАМИН-СИБИРЯК, Дмитрий Наркисович.",,,
3148,Дикий: Рассказ.,"ЯКОВЛЕВ, Алек ",,,
3149,Дикорастущая пуговица: Рассказы.,"ЛИПКО, Владимир.",,,
3150,Дикотравье: Стихи.,"ЗАМЯТИН, Евгений Николаевич.",,,
3151,Дикотравье: Стихи.,"ТРЯПША, Валерий Владимирович.",,,
3152,Диктант с ошибкой: Рассказы.,"ДВОРКИН, Анатолий Григорьевич.",,,
3153,Диктатор: Политическая фантазия.,"СЕМЕНОВ, Лев (ШАРАПОВ, Сергей Федорович) .",,,
3154,Диктатор: [Рассказы].,"ОЛИГЕР, Николай Фридрихович.",,,
3155,Диктатор: (Смерть Ф. Лассаля). Мелодрама в 4-х д.,"ШАПОВАЛЕНКО, Николай Николаевич.",,,
3156,Диктатор: (Шпионка императора). (Загл. обл.).,"ФЛЕИШМАН, Гектор. ",Шпионка императора.,,
3157,"Диктатура; Светите, звезды; Девушки нашей страны; Бастилия божьей матери; Соло на флейте: Пьесы.","МИКИ-ТЕНКО, Иван Кондратьевич.",,,
3158,Дилемма: Драма в 5-ти д.,"ЗЕЛЕ-НЕЦКИЙ, Иван Иванович.",,,
3159,Дилемма: (Этюд).,"БАЯН, Вадим.",,,
3160,Дилемма жизни: Драма в 3-х д.,"ПЕР, О.",,,
3161,Дилетанты жизни: Роман.,"ФИБИХ, Клара.",,,
3162,Дилетанты нового времени: Комедия в 3-х д.,"ДОРОШЕНКО, И.",,,
3163,Дилетанты порока: Роман.,"Б Л ЮТ-ГЕН, Виктор",,,
3164,Дилижанс или Наблюдатель отечественных нравов.,"НАВИКОВ [!], Дмитрий (НОВИКОВ, Дмитрий).",,,
3165,Дилижанс или Чудная свадьба: Быль.,"ЦШОККЕ, Генрих.",,,
3166,Диляра: Роман.,ГИЛЯЗОВ. ,,,
3167,Дилярам: Драматическая поэма.,"ЯШЕН, Камиль.",,,
3168,Дима и Вава: Комедия в 3-х актах.,"БАРТО, Агния Львовна, ЗЕЛЕНАЯ, Рина.",,,
3169,Дима и Дема; Свой человек Демьян Савельевич.,"МОЧУЛЬСКАЯ, М. А.",,,
3170,Димитрий Донской: Исторический роман. Ч. 1—3. М...,Д...,,,
3171,Димитрий Донской:     Повесть.,"ЕЗЕРСКИЙ, Милий Викентьевич.",,,
3172,Димитрий Донской: Трагедия в 5-ти д.,"ОЗЕРОВ, Владислав Александрович.",,,
3173,"Димитрий Донской, славный и храбрый великий князь московский, герой Куликовской битвы и победитель Мамая: Историческая повесть.","ИЗВОЛЬСКИЙ, Сергей Петрович.",,,
3174,Димитрий Иоаннович Донской или Ужасное Мамаевское побоище: Повесть XIV столетия.,"И. Г. (ГУРЬЯНОВ, Иван).",,,
3175,Димитрий Самозванец: Драма.,"ПОЛОЗОВ, Николай.",,,
3176,Димитрий Самозванец: Исторический роман. Ч. 1—4.,"БУЛГАРИН, Фаддей Венедиктович.",,,
3177,Димитрий Самозванец: Трагедия в 5-ти д.,"НАРЕЖНЫЙ, Василий Трофимович.",,,
3178,Димитрий Самозванец второй или Тушинский: Исторический роман из летописей польских XVI и XVII веков.,"ПОТОЦКИЙ, Артур.",,,
3179,Димка: Рассказ.,"ДМИТРИЕВА, Валентина Иововна.",,,
3180,Димка и Журавлев.,"КОНЬЯКОВ, Василий Михайлович.",,,
3181,Димка и Карандаш.,"САВИН, Валентин Федорович.",,,
3182,Димка из 10-го: Повесть.,"АРТИ-ШЕВ, Михаил Давыдович.",,,
3183,Димка-невидимка: Водевиль в 3-х д.,"КОРОСТЫЛЕВ, Вадим Николаевич, ЛЬВОВСКИЙ, Михаил Григорьевич.",,,
3184,Димкин перевоз: Рассказы.,"ГОЛУБЕВ, Федор Михайлович.",,,
3185,Димкина звезда.,"ЧАПЛИНА, Валентина Семеновна.",,,
3186,Димкина судьба: Повесть.,"ВОРОНЦОВА, Тамара Федоровна.",,,
3187,Димони.,"БЛАСКО ИБАНЬЕС, Висенте.",,,
3188,Дина: [Повесть].,"БАКБЕРГЕНОВ, Саурбек.",,,
3189,Дина: Роман.,"КОСТОГЛОДОВА, Мария Наумовна.",,,
3190,Дина и динозавры.,"ПИТТИ, Луиза Редфильд.",,,
3191,Динамис мобилис: Рассказы и повести.,"ВНУКОВ, Николай Андреевич.",,,
3192,Динамит: [Повесть].,"ДАНИЛЫЧ-КОЧИН, Александр.",,,
3193,Динамит: (Рассказы).,"ВЕТЛУГИН, Сергей.",,,
3193а,Динамитчики.,"ПЭН, Джон.",,,
3194,Динамо-стихи.,"САДОФЬЕВ, Илья Иванович.",,,
3195,Динары с дырками.,"ШЕЙНИН, Лев Романович.",,,
3196,Династический вопрос: Рассказы.,"ЯНОВСКИЙ, Юрий Иванович.",,,
3197,Династия: Пьеса в 3-х д.,"СТАБА-ВОИ, Юрий Михайлович.",,,
3198,Династия: Пьеса в 4-х д.,"ОЛЬ-НЕМ, О. Н. (ЦЕХОВСКАЯ, Варвара Николаевна) .",,,
3199,Династия Соловьевых: Рассказы.,"ЛОСЕВ, Павел Федорович.",,,
3200,Динго: Роман.,"МИРБО, Октав.",,,
3201,Динка.,"ОСЕЕВА, Валентина Александровна.",,,
3202,Динка прощается с детством: Повесть.,"ОСЕЕВА, Валентина Александровна.",,,
3203,Динь-Даг: Повесть-сказка.,"КОКОВИН, Евгений Степанович.",,,
3204,Диоген: Буффонада-мозаика в 1-м д.,"САРМАТОВ, С. Ф. (ОПЕНХОВ-СКИИ, Станислав Францевич).",,,
3205,Диоген и Аспазия: Комедия (картины. греческой жизни) в 5-ти д. с прологом.,"ПИА, Феликс.",,,
3206,Диоген и злые мальчики; Соска: Юмористические рассказы.,"БУШ, Вильгельм.",,,
3207,Дионисий: Повесть.,"ДЕМЕНТЬЕВ, Валерий Васильевич.",,,
3208,Диоскуры и книга: Библиофильский дифирамб (1920—1930).,"ГОЛЛЕРБАХ, Эрих Федорович.",,,
3209,Дипкурьер.,"СВЭН, Илья (КРЕМ-ЛЕВ, Илья).",,,
3210,Диплом: [Повесть].,"ЛЮБИМОВ, Борис Исаакович.                      ",,,
3211,Диплом: [Рассказ].,"КАМЕНСКИИ, Анатолий Павлович.",,,
3212,Диплом Цезаря Попова: Повесть.,"КРЕЙН, Леонид Александрович, МЕЕРО-ВИЧ, Аркадий Александрович.",,,
3213,Дипломанты.,"ЦЫБИЗОВ, Владимир Дмитриевич.",,,
3214,Дипломат: Драма в 3-х д.,"АЛЕШИН, Самуил.",,,
3215,Дипломат: Комедия в 1-м д.,"ИРОШНИКОВ, Алексей Михайлович.",,,
3216,Дипломат: Пьеса в 1-м д.,"КЛИ-ФОРД, В. (КЛИФФОРД, Люси).",,,
3217,Дипломат: Роман.,"ОЛДРИДЖ, Джеймс.",,,
3218,Дипломат его величества: (Александр Грибоедов). Драма в '5-ти д.,"АРХИПОВ, Николай. ",Александр Грибоедов.,,
3219,Дипломат и наборщик или С больной головы на здоровую: Комедия в 1-м д.,"ФУРМАН, Петр Романович.",,,
3220,Дипломат поневоле: Воспоминания и наблюдения.,"КАРАОСМАНОГЛУ, Якуб Кадри.",,,
3221,Дипломатическая тайна.,"НИКУЛИН, Лев Вениаминович.",,,
3222,Дипломатический агент: Повесть.,"СЕМЕНОВ, Юлиан Семенович.",,,
3223,Дипломаты: Комедия в 3-х актах.,"МАТВЕЕВ, Герман Иванович.",,,
3224,Дипломаты: Роман.,"ДАНГУЛОВ, Савва Артемьевич.",,,
3225,Дипломированная невеста: Рассказы.,АСАНОВ,,,
3226,Директивный бантик.,"ПЕТРОВ, Евгений, ИЛЬФ, Илья.",,,
3227,Директор: Водевиль в il-м д.,"ГЕР-ШЕНЗОН, Михаил Абрамович.",,,
3228,Директор: Инсценировка в 3-х актах.,"ШЕЙН, Федор Самуилович.",,,
3229,Директор: Литературный сценарий.,"НАГИБИН, Юрий Маркович.",,,
3230,Директор: Пьеса в 4-х д.,"АЛЕШИН, Самуил.",,,
3231,Директор Казрагс.,"ЗАМАИЧ, Луция.",,,
3232,Директор любви: Сцена-пастораль в 1-м д.,"БАЗАРОВ, В. (МИХАЙЛОВСКИЙ, Владимир Алексеевич).",,,
3233,Директор школы.,"ТЕРЕШЕНКОВ, Ефим Яковлевич.",,,
3234,Директора подтянули.,"АЛЕКСЕЕВА, Н.",,,
3235,Директорская ложа: Рассказы.,"ВАСИЛЕНКО, Владимир Мартынович.",,,
3236,Дирендаль: Роман.,"БОЙЕР, Иоганн (БОЙЕР, Юхан).",,,
3237,Диск:   Стихи.,"КОВАЛЕНКОВ, Александр Александрович.",,,
3238,Диск: Элегия.,"МЕНЮК, Джордже (МЕНЮК, Жеорже).",,,
3239,Диско.,"КАССИЛЬ, Лев Абрамович.",,,
3240,Дисконтер: Роман.,"ПАЗУХИН, Алексей Михайлович.",,,
3241,Дискуссионный рассказ.,"ТИХОНОВ, Николай Семенович.",,,
3242,Диснейленд: Роман.,ДЫГАТ,,,
3243,Диспут: Драматическая новелла в 3-х д.,"КАИДАНОВА, Анна Михайловна.",,,
3244,Диспут: Пьеса в 2-х д.,"АРБАН, Николай Михайлович.",,,
3245,«Диспут» и другие стихотворения.,"ГЕЙНЕ, Генрих. ",Спор попов с раввинами.,,
3246,Диспут о любви: Лирическая комедия в 2-х д.,"КАРПЕНКО, Галина Владимировна.",,,
3247,Диссонансы: [Стихи].,"АСТОРИ, Е.",,,
3248,Диссонансы: Стихотворения.,"АДАМАНТОВ, Б. (АЛМАЗОВ, Борис Николаевич) .",,,
3249,Диссонансы жизни: Комедия в 5-ти д.,"ШТЕЛЛЕР, Павел Павлович.",,,
3250,Диссонансы жизни: Стихи.,"УН-КОВСКАЯ-ВЕСЕЛОВСКАЯ, Екатерина.",,,
3251,Дисциплина двух фасонов: (Солдатская быль). Основание солдатского войска в России.,"БИРЮЗА, Г. П.",,,
3252,Дитё: Рассказ; Лога: Рассказ.,"ИВАНОВ, Всеволод Вячеславович. ",Лога.,,
3253,Дитте — дитя человеческое: Роман.,"АНДЕРСЕН-НЕКСЕ, Мартин.",,,
3254,Дитя: Драма в 5-ти д.,Имя авт. не установлено.,,,
3255,"Дитя: Новые рассказы, повести и сказки.","ЧИСТЯКОВ, Михаил Борисович.",,,
3256,Дитя: Повесть из русского оконченного дела.,"САЛМАНОВ, Петр Алексеевич.",,,
3257,Дитя Аллаха: Арабская сказка в 2-х карт.,"ГУМИЛЕВ, Николай Степанович.",,,
3258,Дитя бури: Роман.,"ХАГГАРД, Генри Райдер.",,,
3259,Дитя века: Драматический эскиз в 1-м д.,"ГВОЗДАВО-ГОЛЕНКО, И. Н.",,,
3260,Дитя гор: Новеллы.,ПРАБХАКАР В,,,
3261,Дитя гор: Повесть.,"СПИРИ, Иоганна.",,,
3262,Дитя горя.,СЕТЭЛЭ. ,,,
3263,Дитя-звездочка: Сказка.,"УАЙЛЬД, Оскар. ",Мальчик-звезда.,,
3264,Дитя Израиля или Иначе быть не может: Повесть.,"ФИРЕР, Авраам.",,,
3265,Дитя леса: (Фавн). Комедия в 3-х актах.,"НОБЛОЧ, А.",,,
3266,"Дитя лесов: Приключение мальчика, три года бывшего в плену у орангутангов.","БЕРТЭ, Эли.",,,
3267,Дитя любви: Пьеса в 4-х д.,"БА-ГАЙЛЬ, Анри Феликс.",,,
3268,Дитя малороссийской природы: Иван Иванович Кулебякин. Роман.,"ХЛЮД-ЗИНСКИЙ, Виктор.",,,
3269,Дитя моря: Роман.,"КАНИВЕ, Шарль.",,,
3270,Дитя народа: Роман.,"ГАЛЕВИ, Людовик.",,,
3271,Дитя насилия: Фарс из войны 1914—11915 гг.; Чертово зелье: (Бутылка водки). Комедия-шутка в 1-м д. Злободневные миниатюры.,"ШАБЕЛЬСКИЙ, Александр Васильевич.",,,
3272,Дитя нужды; Сапоги: Рассказы.,"ПОСТУПАЕВ, Федор Емельянович.",,,
3273,Дитя общины: Избранное.,"НУШИЧ, Бранислав.",,,
3274,Дитя Парижа: Роман.,"ПЭР, Камилла. ",Маленькая Кади.,,
3275,Дитя Парижа: Современная драма в 4-х д.,"ВОЗНЕСЕНСКИЙ, Ал.",,,
3276,Дитя преступления: Роман в 4-х ч.,"БЕЛЛО, Адольф (БЕЛО, Адольф).",,,
3277,Дитя природы и человек образованный: Роман. Ч. 1—5.,"КОК, Поль де.",,,
3278,Дитя Севастополя: Драма в 2-х д.,"ДМИТРИЕВ, Владимир (КОССИНСКИЙ, Владимир Дмитриевич).",,,
3279,Дитя стрелочника: Быль.,"МОПАССАН, Ги де.",,,
3280,Дитя улицы: Рассказ.,"ЧЕРСКИЙ, Леонид Федорович.           ",,,
3281,Дитя урагана.,"ПРИЧАРД, Катарина Сусанна.",,,
3282,Дитя человеческое: Повесть и рассказы.,"СОПИЕВ, Язмурад.",,,
3283,Дитя человеческое: [Роман].,"АН-ДЕРСЕН-НЕКСЕ, Мартин. ",Дитте—дитя человеческое.,,
3284,Дитятко: Комедия в 1-м д.,"ГЛАЗУНОВ, Николай Лукич.",,,
3285,Дифирамб на бессмертие души.,"ДЕЛИЛЬ, Жак. Изд. ",,,
3286,Дифтерийный карандаш: (Из жизни одного дома).,"ЧЕРНИЙ, В. (БРЕНЕВ, Николай Николаевич).",,,
3287,Дицци: Повесть '1950 года.,"ГИДО-НИ, Александр Иосифович. ",Осел в богатстве.,,
3288,Дичиха.,"КАБУШКИН, Николай Семенович.",,,
3289,Дичок: Комедия в 4-х д.,"ШАБЕЛЬ-СКАЯ, Елизавета Александровна.",,,
3290,Дичок: Рассказ.,"СЕМЕНОВ, Сергей Терентьевич.",,,
3291,Длань души: Стихи.,"ШМЕРЕЛЬ-СОН, Григорий Бенедиктович.",,,
3292,Длинная Берта.,"МОСКВИН, Николай.",,,
3293,Длинное-длинное лето: Рассказы.,"ЗЕРНОВА, Руфь.",,,
3294,Длинное ухо: Рассказы.,"ПРИШВИН, Михаил Михайлович.",,,
3295,Длинноногий дядюшка: Повесть.,"УЭБСТЕР, Джиан (УЭБСТЕР, Джин).",,,
3296,Длинноногий папочка: Роман.,"УЭБСТЕР, Джэн (УЭБСТЕР, Джин). ",Длинноногий дядюшка.,,
3297,Длинные дороги: Путешествия.,"UIAJCOB, Александр Алексеевич.",,,
3298,Длинные письма: Сто историй в дороге.,"ВИТКОВИЧ, Виктор Станиславович.",,,
3299,Длинный день в короткой жизни: Роман.,"МАЛЬЦ, Альберт.",,,
3300,Длинный нож: Из приключений короля германских сыщиков Франка Гардинга.,Имя авт. не установлено.,,,
3301,Длинный рубль: Драма в 3-х д.,"СИДОРОВ, Геннадий Александрович.",,,
3302,Для близких и друзей: Стихотворения.,"СОКОЛОВСКАЯ, В.",,,
3303,Для больших и для маленьких: Стихи.,"МИХАЛКОВ, Сергей Владимирович.",,,
3304,Для вас: Стихи.,"ОРХАН, Вели Ка- ",,,
3305,Для всех!: Рассказ.,"САНЧОВ, Валерий Леонтьевич.",,,
3306,Для всех влюбленных: Лирика.,"ПОЛЯНСКИЙ, Егор Иванович.",,,
3307,Для всех и для себя: Стихи.,"ТУРКИН, Владимир Павлович.",,,
3308,Для всех и для тебя!: Повести.,"МАГАЛИФ, Юрии Михайлович.",,,
3309,Для голоса.,"МАЯКОВСКИЙ, Владимир Владимирович.",,,
3310,Для дальнейшего прохождения службы: Повесть.,"ИНФАНТЬЕВ, Вадим Николаевич.",,,
3311,Для деревни: * Пьесы и материал для вечера о ДВФ.,"РЯЖСКИЙ, Николай Михайлович.",,,
3312,Для детей про птиц и зверей.,"ПАСЬКО, Семен Данилович.",,,
3313,Для добрых людей: Стихи и поэмы.,"АДЫШЕВД, Тенти Джунушбаевна.",,,
3314,Для других.,"ЧЕРСКИЙ, Леонид Федорович. ",,Девочка с маяка...,
3315,Для души: [Очерки].,"КОТЛЯР-СКИЙ, Май Яковлевич.",,,
3316,Для души: Рассказ.,"КРАНДИЕВ-СКАЯ, Анастасия Романовна.",,,
3317,Для избранных: Стихотворения.,"АННЕНКОВА, Варвара Николаевна.",,,
3318,"Для кого цветут подсолнухи: Комедия в 13-ти карт, с пантомимой и песенками. ВЕЙТ, И. (ВЕЙТ, Ярослав), ГО-.","ДЕК, А.",,,
3319,Для кого цветут цветы?..: Рассказы.,"ХАЖКАСИМОВ, Хасан Исуфович.",,,
3320,Для компрессов: (Из записной книжки).,"ЗОНЭ, И.",,,
3321,Для крестьян: Частушки.,"КУЛИК, Иван Юлианович.",,,
3322,Для легкого чтения: Шутливые стихи и смешливая проза.,"БЕЛЬМЕСОВ, Н. И. (ПОЗНЯКОВ, Николай Иванович). ",Шутливые стихи и смешливая проза: Для легкого чтения.,,
3323,Для меньшей братии: (Ульяна Осорьина). Исторический рассказ.,"ДУДО-РОВ, П. (ОРЛОВЕЦ, П.).",,,
3324,Для мужа: Житейский случай в 1-м д.,"ЛИХАЧЕВ, Владимир Сергеевич.",,,
3325,Для народа: Рассказы.,"ЯКУНИН, Иван (ЗАХАРЬИН, Иван Николаевич).",,,
3326,Для народа: [Стихи].,"КОШКАРОВ, Сергей Николаевич.",,,
3327,Для немногих: Стихи.,"НОРЦОВ, Алексей Николаевич.",,,
3328,Для немногих: [Стихи].,ОПОЧИ* ,,,
3329,Для немногих: [Стихи].,"СКВОРЦОВА, Валентина.",,,
3330,Для немногих: Стихотворения.,"ГРАФИНЯ МАРИЯ (ДИТРИХ, Мария Николаевна).",,,
3331,Для немногих: [Стихотворения].,"ЖУКОВСКИЙ, Василий Андреевич.",,,
3332,Для Отчизны любимой: Стихи и песни.,"УХОВСКИЙ, Яков.",,,
3333,Для пользы дела.,"ЛЕВИТИН, Михаил Ефремович.",,,
3334,Для потомства.,"ПРУТКОВ, Иван Кузьмич.",,,
3335,Для русского солдата честь дороже жизни.,Имя авт. не установлено.,,,
3336,Для саперов война не кончается: Документальная повесть.,"ЛЕБЕДЕВ, Анатолий Григорьевич.",,,
3337,Для снисходительных.,"СТОЛЫПИН, Н. А.",,,
3338,"Для солдата, 1915—1916 гг.","АКСЕНОВ, Николай Николаевич.",,,
3339,"Для страстной мечты: Ч. 2. Стихотворения, 1906—1907.","ХОМИНСКИЙ, Артур.",,,
3340,Для счастья: Драма в 3-х д.,"ПШИ-БЫШЕВСКИЙ, Станислав. ",Ради счастья.,,
3341,Для счастья дам: Роман.,"ЗОЛЯ, Эмиль.",,,
3342,"Для съезда: Сборник одноактных пьес, удобных для постановки на театральных и любительских сценах.","МАЗУРКЕ-ВИЧ, Владимир Александрович.",,,
3343,Для тебя: Лирика. Сатира. Поэмы.,"ГАЛУЕВ, Аким Давидович.",,,
3344,Для тебя: [Стихи].,"ГОЛЬДБЕРГ, Александр Яковлевич.",,,
3345,Для тебя: [Стихи].,"КАМЕНЕЦКИЙ, Юрий Семенович.",,,
3346,Для тебя и про тебя.,"ВИКТОРОВ, Виктор.",,,
3347,"Для трамвая: Наш альбом рассказов, очерков, сценок, стихов, шуток, рецензий и рисунков.","ДОЛОХОВ, ВЕРОЧКА И К",,,
3348,Для успокоения нервов; «Слепыш» и другие рассказы (1896—1897).,"ГНЕДИЧ, Петр Петрович.                    ",,,
3349,Для чего женился человек!: Роман.,"КРЫЛОВ, Иван Захарович.",,,
3350,«Для чего жить?» и другие рассказы.,Я САМ.,,,
3351,Для чего идет снег.,"ТОЛСТОЙ, Алексей Николаевич. ",,День Петра...,
3352,Для чего люди воюют: Рассказ.,"ВАСИЛЬКОВСКИЙ, Александр Константинович.",,,
3353,Дмитрий Гулиа: Повесть о моем отце.,"ГУЛИА, Георгий Дмитриевич.",,,
3354,Дмитрий Донской: Киносценарий.,"БОРОДИН, Сергей Петрович.",,,
3355—3356,Дмитрий Донской: Роман.,"САРГИДЖАН, Амир (БОРОДИН, Сергей Петрович).",,,
3357,Дмитрий Донской или Начало российского величия: Героическая поэма.,"ОРЛОВ, Александр Анфимович.",,,
3358,Дмитрий и Надежда или Замок на берегу Урала: Российская новость.,"ДЕЛАВО, Г. (ЛЕКОЕНТ ДЕ ЛАВО, Г.).",,,
3359,Дмитрий Костромин пишет комедию: Комедия в 3-х д.,"ВОЛГИН, Г., ХОТЬЯН, Н.",,,
3360,Дмитрий Павлов.,"ПАВЛОВ, Вячеслав Дмитриевич.",,,
3361,Дмитрий Самозванец: Исторический роман в 4-х ч.,Имя авт. не установлено.,,,
3362,Дмитрий Самозванец: Трагедия в 5-ти д.,"ХОМЯКОВ, Алексей Степанович.",,,
3363,Дмитрий Самозванец и Василий Шуйский: Драматическая хроника в 2-х ч.,"ОСТРОВСКИЙ, Александр Николаевич.",,,
3364,Дмитрий Фурманов; Ефимово счастье.,"ГОРБУНОВ, Геннадий Иванович.",,,
3365,Дневная песня: Стихи.,"МАКИТОВ, Сафар Исхакович.",,,
3366,Дневник: [Воспоминания].,"ШЕВЧЕНКО, Тарас Григорьевич. ",Журнал.,,
3367,"Дневник: Повести, рассказы, стихотворения.","ШЕЛ КАРЬ, Григорий Маркович.",,,
3368,Дневник: Стихи.,ГРИГОРЬЯН. ,,,
3369,Дневник: Стихи.,"ЗАХАРОВА, Вера Иосифовна.",,,
3370,Дневник: Стихотворения.,"ПЛИТ-ЧЕНКО, Александр Иванович.",,,
3371,Дневник Адама: (Записки прародителя человеческого рода).,"ТВЭН, Марк (ТВЕН, Марк).",,,
3372,Дневник Андре: Путешествие на воздушном шаре к северному полюсу.,Имя авт. не установлено.,,,
3373—3375,Дневник антигероя.,"ФИЛИ-ПОВИЧ, Корнель.",,,
3376,Дневник беспокойной души: Стихи.,"ХАКИМ, Сибгат.",,,
3377—3378,Дневник больного: Из записок моего приятеля.,"КНЯЖНИН, А. Н.",,,
3379,Дневник гимназиста (7-го и 8-гс класса).,"СТРОЕВ, Вениамин (ПРОППЕР, Вениамин Николаевич).",,,
3380,Дневник гимназистки: (Поруганные идеалы).,ПОРЕЧАНКА.,,,
3381,Дневник горничной:    [Рассказ].,ДОН-БОЧАРО (ДОН БАЧАРА).,,,
3382,Дневник горничной: Комедия в 2-х д.,"МИРБО, Октав. ",Записки горничной.,,
3383,Дневник горничной или Как Ду-яяша жила в прислугах.,Имя авт. не установлено.,,,
3384,Дневник городового: (Вопль истерзанной души).,"АЛЕКСАНДРОВИЧ, Ал. (ГОНЧАРЕНКО, Александр Александрович) .",,,
3385,Дневник девочки.,"БУТАШЕВ-СКАЯ, С. (БУТКЕВИЧ, Софья Михайловна).",,,
3386,Дневник девушки: Роман в стихах.,"РОСТОПЧИНА, Евдокия Петровна.",,,
3387,Дневник депутата Моссовета.,"ША-ГИНЯН, Мариэтта Сергеевна.",,,
3388,Дневник дней моих и ночей грани.,АНДЖЕЛЛА.,,,
3389,Дневник доктора Нортона: Повесть-памфлет.,"БАРДИН, Н.",,,
3390,Дневник Евы.,"ТВЕН, Марк.",,,
3391,Дневник Жана Дюфоре.,"МОЛЧАНОВ, Николай Николаевич, ПРУДКОВ, Олег Николаевич.",,,
3392,Дневник жениха.,"ЩЕРБАЧЕВ, Сергей Григорьевич.",,,
3393,Дневник женщины: Пьеса в 3-х д.,"ФИНН, Константин.",,,
3394,Дневник женщины: Роман.,"ФЕЛЬЕ, Октав (ФЕИЕ, Октав).",,,
3395—3396,Дневник Ильи Пророка: Сатирический памфлет.,"БУХОВ, Аркадий Сергеевич.",,,
3397,Дневник Кости Рябцева: (Картины из жизни школы II ступени).,"ОГНЕВ, Николай.",,,
3398,Дневник кушетки.,"СОССИЕ, Виктор (ДЮ СОССЕИ, Викториен).",,,
3399,Дневник лакея.,"МИТТИ, Жан де, РЕБЕЛЛЬ, Гуго (РЕБЕЛЛЬ, Гюг).",,,
3400,"Дневник летних странствий или Рассказ о великой реке Амур, о городах и селах на амурских берегах, о встречах с удивительными людьми, а также о том, что радует и что заботит всех нас.","КЛИПЕЛЬ, Владимир Иванович.",,,
3401,Дневник лешего.,А. К.,,,
3402,Дневник лишнего человека.,"ТУРГЕНЕВ, Иван Сергеевич.",,,
3403,Дневник Люды Кубанцевой: Повесть.,"КИСЕЛЕВА, Анна Николаевна.",,,
3404,Дневник Магдалинки: (Синяя тетрадь). Роман.,"ПОЗНЯКОВ, Николай Иванович.",,,
3405,Дневник маленького проказника: [Повесть].,"ВИКТОР, Метта Виктория. ",Дневник проказника.,,
3406,Дневник малосемейного человека: Юмористические рассказы.,"КИСЛИК, Исаак Иудович.",,,
3407,Дневник «манекена»: Роман из французских нравов.,"МАДОЛЬ (ОЛИВЬЕ, Мадлен).",,,
3408,Дневник массажистки: Роман.,"БЕРНЕД, Артур. ",В вихре наслаждений; Записки массажистки; Мемуары массажистки.,,
3409,Дневник модистки: Роман в 5-ти гл. (действиях).,Имя авт. не установлено.,,,
3410,Дневник моего друга.,"АВДЕЕНКО, Александр Остапович.",,,
3411,Дневник молодой девушки: Чтение для девиц.,"ШТЕЙН, Адам (ШПРИНГЕР, Роберт Густав Мориц).",,,
3412,Дневник молодой девушки «Лето» и рассказы.,"ДЕНИСОВА, Лидия.",,,
3413,Дневник молодой учительницы.,"ДЖАКОББЕ, Мария.",,,
3414,Дневник        монаха-бернардина.,"ХОДЗЬКО, Игнатий.",,,
3415,Дневник москвича.,"ШАГИНЯН, Мариэтта Сергеевна.",,,
3416,Дневник Наташи Ивановой.,"БАРТО, Агния Львовна.",,,
3417,Дневник натурщицы.,N. N.,,,
3418,Дневник неврастеника: (Двадцать один день).,"МИРБО, Октав.",,,
3419,Дневник немецкого солдата: (Полевая почта — 01621).,"КЕРНЕР-ШРАДЕР, Пауль.",,,
3420,Дневник одинокого; Журнал вицекороля островов Ки-ка-пу: Тенденциозные рассказы.,ЗОИ. ,,,
3421,Дневник одинокого: Роман.,"БЕРГЕР, Хеннинг.",,,
3422,Дневник Ольги Николаевны.,"МЕЩЕРСКИЙ, Владимир Петрович.",,,
3423,Дневник отпускника: Поэмы.,"РУМ-МО, Пауль.",,,
3424,Дневник офицера: Повесть.,"САР-СЕНБАЕВ, Абу.",,,
3425,Дневник павшей.,"БЕМЕ, Маргарита.",,,
3426,Дневник падшей.,"ДУМОГОРИН, Михаил.",,,
3427,Дневник падшей:        Подлинные записки.,"БЕМЕ, Маргарита. ",Дневник павшей; Дневник падшей женщины; Дневник погибшей.,,
3428,Дневник падшей: [Пьеса] в 5-ти д.,Имя авт. не установлено.,,,
3429,Дневник падшей женщины.,"БЕМЕ, Маргарита.",,,
3430,Дневник паломника.,"ДЖЕРОМ, Джером Клапка.",,,
3431,Дневник Пастариня.,"БИРЗНИЕК-УПИТ, Эрнест Теодорович.",,,
3432,Дневник Петера Штоля.,"ДАНД, Карл.",,,
3433—3434,Дневник Петушка: Рассказ.,"ЮРЬЕВА, Н.",,,
3435,Дневник писателя (1950—1952).,"ШАГИНЯН, Мариэтта Сергеевна.",,,
3436,Дневник погибшей.,"БЕМЕ, Маргарита.",,,
3437,Дневник поклонницы Санина.,"Ш-Н, О. .",,,
3438,Дневник попугая Коко: Повесть.,"ФЕДОРОВ-ДАВЫДОВ, Александр Александрович.",,,
3439,Дневник поэта.,"АСЕЕВ, Николай.",,,
3440,Дневник поэта.,"ЗИЕДОНИС, Имант Янович.",,,
3441,"Дневник прапорщика Власа Лов-ласова, веденный в январе 1876 года.","СОКОЛОВ, Александр Алексеевич.",,,
3442,Дневник председателя колхоза.,"ТВАРДОВСКИЙ, Александр Трифонович.",,,
3443,Дневник провинциала в Петербурге.,"САЛТЫКОВ-ЩЕДРИН, Михаил Евграфович.",,,
3444,Дневник проказника: Роман для юношества.,"ГРЕИ, Уолтер.",,,
3445,Дневник психопата.,"ЕМЕЛЬЯНОВ-КОХАНСКИЙ, Александр.",,,
3446,Дневник путешественника.,"ДЖЕРОМ, Джером Клапка. ",Дневник паломника; Дневник одного паломничества.,,
3447,Дневник путешествия Ибрахим-бе-ка или Его злоключения по причине фанатической любви к Родине.,ЗАИН АЛ-АБИ-ДИН МАРАГАИ.,,,
3448,Дневник расстрелянного.,"ЗАПАД-ВОРОВ, Герман Леонидович.",,,
3449,Дневник Родьки — «трудного» человека: Повесть.,"ЗАВАЛЬНЮК, Леонид Андреевич.",,,
3450,Дневник рядового: Стихи.,"КУХТИ-НОВ, Анатолий Николаевич.",,,
3451,Дневник Салавэна: Роман.,"ДЮА--МЕЛЬ, Жорж. ",Дневник святого.,,
3452,Дневник сатаны.,"АНДРЕЕВ, Леонид Николаевич.",,,
3453,Дневник свободного человека: 1. В ночи бессонные: Поэма. 2. Под Новый год: Поэма.,"ЛУГОВОЙ, А. (ТИХОНОВ, Алексей Алексеевич).",,,
3454,Дневник святого: Роман.,"ДЮА-МЕЛЬ, Жорж.",,,
3455,Дневник семинариста:     Повесть.,"НИКИТИН, Иван Саввич.",,,
3456,Дневник сердца: Стихи.,"ГРУДИНИНА, Наталья Иосифовна.",,,
3457,Дневник сердца: Стихи.,"КОСТЕНКО, Николай Федорович.",,,
3458,"Дневник сестры милосердия: На передовых позициях, 1914—11915 гг.","ЗАХАРОВА, Лидия.",,,
3459,Дневник следователя.,ГРЕБЕНЮК М,,,
3460,Дневник смерти.,"ИВАНОВ, Евгений Платонович.",,,
3461,Дневник сорокалетнего европейца.,"ГЕЕНО, Жан.",,,
3462,Дневник старшего брата: Повесть.,"ПОНЯТОВСКАЯ, Инна Владиславовна.",,,
3463,Дневник студента I курса.,ВОБ- ,,,
3464,Дневник толстовца.,"ИЛЬИН, Николай Дмитриевич.",,,
3465,Дневник трех детей.,"ШТЕЙН, Адам (ШПРИНГЕР, Роберт Густав Мориц).",,,
3466,Дневник Хуго Охъяка; Трое за столом: Романы.,"СИРГЕ, Рудольф Иохано-вич.",,,
3467,Дневник человека с деревянной саблей: Повести.,"ПАШНЕВ, Эдуард Ивано-зич.",,,
3468,Дневник Читы.,"САКСЕ, Анна Оттовна.",,,
3469,Дневник школьника: [Повесть].,"ДАНЦ, Карл.",,,
3470,NOPARSE,,,,
3471,Дневник шпиона.,"СМИРНОВ, Николай Григорьевич.",,,
3472,Дневник эгоистки.,"ПУСТОВОЙ-ГЕНКО, Ксения Павловна.",,,
3473,Дневник эмансипированной женщины.,"АСЕНЬЕВА, Эльза.",,,
3474,Дневники; Молодость.,"ЖИД, Андрэ.",,,
3475,"Дневники военных лет, 1943— 1945 гг.","ВИШНЕВСКИЙ, Всеволод Витальевич.",,,
3476,Дневники суровых лет.,"ПРУСАКОВ, Владимир Васильевич.",,,
3477,Дневной поезд.,"ПОЛУХИН, Юрий Дмитриевич. ",,По ту сторону добра...,
3478,Дневной свет: Рассказы.,"ВОРОБЬЕВ, Вадим Павлович.",,,
3479,Дневной свет: Стихи.,"НЕРЦЕВ, Игорь Михайлович.",,,
3480,Дневной свет в субботу: Роман об авиазаводе.,"ПРИСТЛИ, Джон Бойнтон.",,,
3481,Дневные звезды.,БЕРГГОЛЬЦ. ,,,
3482,"Дней череда: Рассказы, повесть.","СЕМЕНОВ, Георгий Витальевич.",,,
3483,Днепр: Роман.,"РЫБАК, Натан Са-мойлович.",,,
3484,Днепр горит: Роман.,БЕДЗИК Д,,,
3485,Днепр могучий: Роман.,СОТНИКОВ,,,
3486,Днепровик:   Рассказ.,"МИТРО- ПОЛЬСКИЙ, Иван Иванович.",,,
3487,Днепровская русалка: Древняя сказка.,"МИРОНОВ, Николай П.",,,
3488,Днепровская русалка: Украинская легенда.,"СТАМАТИ, Константин Константинович (СТАМАТИ-ЧУРЯ, Константин Константинович).",,,
3489,Днепровские были.,"ГОРДИЕНКО, Алексей Кирьянович.",,,
3490,Днепровский американец.,"ПЕТРОВ, Григорий Спиридонович.",,,
3491,Днепровский ветер: Рассказы.,"ГОНЧАР, Олесь (ГОНЧАР, Александр Терентьевич) .",,,
3492,Днепровский плес.,"ГАВРУСЕВ, Степан Захарович.",,,
3493,Днепровское половодье:   Стихи.,"УСАЧЕВ, Петр Алексеевич.",,,
3494,Днепровцы: Повесть.,"ПАРХОМОВ, Михаил.",,,
3495,Днепряне: Рассказы.,"ПЧЕЛИН-ЦЕВ, Александр Васильевич.",,,
3496,Днестрянка.,"БУРЛАКА, Софрон Васильевич.",,,
3497,Дни: Избранные стихи.,"МИХАИЛОВ, Борис Николаевич.",,,
3498,Дни: Роман.,САДЫБАКАСОВ. ,,,
3499,Дни: Стихи.,"ОРЛОВ, Сергей Сергеевич.",,,
3500,Дни: Стихи.,"САМОЙЛОВ, Давид.",,,
3501,Дни: [Стихи].,"САННИКОВ, Григорий Александрович.",,,
3502,Дни: Стихи.,"СКАЛБЕ, Арвид Андреевич. ",,,
3503,Дни: [Стихотворения].,"КРАВЧЕНКО, Анатолий Иванович.",,,
3504,Дни: [Хроника].,"ХУСЕЙН, Таха.",,,
3505,Дни беспокойные: Публицистическая повесть.,"ГЕЛЬБАК, Павел Александрович.",,,
3506,Дни боевые: Повесть.,"АУСЛЕН-ДЕР, Сергей Абрамович.",,,
3507,Дни боевые: Пьеса в 5-ти д.,"АУС-ЛЕНДЕР, Сергей Абрамович.",,,
3508,Дни большевиков: (Отрывки из пьес).,"КИРШОН, Владимир Михайлович.",,,
3509,Дни большой жизни: Повести.,"ШАМХАЛОВ, Магомед Шамхалович.",,,
3510,Дни в Брестской крепости.,"КА-ЛАНДАДЗЕ, Александр Павлович.",,,
3511,Дни великих событий: Повесть.,"БАБУШКИН, Виктор Федорович.",,,
3512,Дни великого времени: Стихи.,"ГЛЕБКА, Петро (ГЛЕБКА, Петр Федорович) .",,,
3513,Дни великой жизни: Очерки и рассказы о В. И. Ленине.,"БОРУЛЯ, Виктор Львович.",,,
3514,Дни весенние: Повесть. Рассказы.,"ПАРЫГИНА, Наталья Деомидовна.",,,
3515,Дни ветров и метелей.,"ЛАВРОВ, Илья Михайлович.",,,
3516,Дни войны: Рассказы.,"ТОЛСТОЙ, Алексей Николаевич.",,,
3517,Дни гнева: Стихи.,"ЦАГАРЕЛИ, Георгий Константинович.",,,
3518,Дни гнева и мужестЯк: Рассказы.,"СЛЕТОВ, Петр.",,,
3519,Дни грез.,"ГРЭЭМ, Кенет.",,,
3520,"Дни далекие, дни близкие.","ГРИВА, Жан.",,,
3521,Дни детства: Повесть.,"ЛАРИОНОВ, Сергей Степанович.",,,
3522,Дни детства: Рассказы.,ТОКУНА-ГА СУНАО.,,,
3523,Дни детства: Рассказы и сказки.,"ЧЕРСКИЙ, Леонид Федорович.",,,
3524,Дни доброй надежды: Роман. В 2-х ч.,"ЕЛЕНИН, Марк.",,,
3525,Дни и годы: (Евгений Батуров). Пьеса.,"ЛЕРНЕР, Николай Никитич.",,,
3526,Дни и годы: Жизнь Т. Н. Грановского.,"КАЛМАНОВСКИИ, Евгений Соломонович.",,,
3527,Дни и годы: Рассказы.,ВЕНД-РОВ,,,
3528,Дни и годы: Стихи.,"ШЕХТЕР, Марк Ананьевич.",,,
3529,Дни и ночи: Очерк.,"СИМОНОВ, Константин Михайлович.",,,
3530,Дни и ночи: [Повесть].,"СИМОНОВ, Константин Михайлович.",,,
3531,Дни и ночи: Рассказы.,"БЕРЕЗОВСКИЙ, Василий Васильевич.",,,
3532,Дни и ночи: (Рассказы).,"БРОИДЕ, Соломон Оскарович.",,,
3533,Дни и ночи Америки: Записки писателя.,"ШУХОВ, Иван Петрович.",,,
3534,Дни Ивана: (По роману «Жизнь Ивана»).,"ДЕМИДОВ, Алексей Алексеевич.",,,
3535,Дни испытаний: Повесть.,"ЮДАЛЕ-ВИЧ, Марк Иосифович.",,,
3536,Дни испытаний: Роман.,"ЛЕБЕДЕВ, Константин Васильевич.",,,
3537,Дни Коммуны: Пьеса.,"БРЕХТ, Бертольт.",,,
3538,"Дни, которые рождают героев.","ВАСИЛЕВСКАЯ, Ванда Львовна.",,,
3539,Дни любви: Рассказы.,"ГОРОДЕЦКИЙ, Сергей Митрофанович.",,,
3540,Дни минувшие: Воспоминания.,"ПИМЕНОВА, Эмилия Кирилловна.",,,
3541,Дни моей юности: Автобиографическая повесть.,"БАТУРИНА, Нина Александровна.",,,
3542,Дни мои.,САИЯР.,,,
3543,Дни мятежные: Повесть о днях моей юности. Трилогия.,"БЛЯХИН, Павел Андреевич.",,,
3544,Дни наступления.,"БАШМАК, Яков (БАШ, Яков).",,,
3545,Дни нашей жизни: Пьеса в 4-х д.,"АНДРЕЕВ, Леонид Николаевич.",,,
3546,Дни нашей жизни: [Рассказы].,"ЗОЩЕНКО, Михаил Михайлович.",,,
3547,Дни нашей жизни: Роман. 1—2.,"КЕТЛИНСКАЯ, Вера Казимировна.",,,
3548,Дни нашей жизни: [Стихи].,"КУДРЯВЦЕВ, Павел Павлович.",,,
3549,Дни нашей жизни: Фарс в 3-х д.,"ГРЕИЦ, Л. С.",,,
3550,Дни нашей юности: Комедия в 2-х ч.,"САВЧЕНКО, Валерий Игоревич.",,,
3551,Дни нашей юности: Повесть.,"ЧАЧ-КО, Марк Ильич.",,,
3552,Дни наших тревог.,"БАХАРЕВ, Александр Арсентьевич.",,,
3553,"Дни отечественной войны, 1812-й год: Пьеса в 5-ти д.","КУРБСКИЙ, Алексей Алексеевич.",,,
3554,Дни открытий: Книга об Армении.,"ТИХОНОВ, Николай Семенович.",,,
3555,Дни открытий: Рассказы.,"АНТОНОВ, Сергей Федорович.",,,
3556,Дни поздней осени: Повести.,"ВЫСОЦКИЙ, Валерий Иванович.",,,
3557,Дни покоя.,"ЧУХИН, Сергей Валентинович.",,,
3558,Дни поражения: Повесть.,"ЖУК-РОВСКИЙ, Войцех.",,,
3559,Дни прошедшие: Повесть.,"ДУБО-ВИЦКИЙ, Александр Абрамович.",,,
3560,Дни с Зеппом Цахом.,"ХАСТЕДТ, Регина.",,,
3561,Дни свиданий: Стихи.,"ЛУКОНИН, Михаил Кузьмич.",,,
3562,Дни свободы: Повесть из московских событий.,"ТАН (БОГОРАЗ, Владимир Германович).",,,
3563,Дни свободы:    [Стихотворения].,"ВАЛЕНТИНОВ, Валентин.",,,
3564,Дни сентября.,"КУРАНОВ, Юрий Николаевич.",,,
3565,Дни Сергея Глушкова.,"КОНОНОВ, Александр Терентьевич.",,,
3566,Дни те...: Очерки участника русскояпонской войны.,"МАСИН, Василий Андреевич.",,,
3567,Дни тревожной юности: Роман.,"ГРАЧЕВ, Василий Васильевич.",,,
3568,Дни Турбиных; Последние дни: (А. С. Пушкин).,"БУЛГАКОВ, Михаил Афанасьевич.",,,
3569,Дни ударные: Рассказы и очерки из жизни Красной Армии.,"ХРОМОВ, Александр Николаевич.",,,
3570,Дни юности: [Рассказы].,"МОСКВИН, Николай.",,,
3571,Дни юности; Сказка солнца: Пьесы.,"САМБУРОВ, Иван Артемьевич.",,,
3572,Днипробуд.,"АСЕЕВ, Николай.",,,
3573,"Дням настоящим: Поэма, стихи.","ЕФИМОВ, Федор Архипович.",,,
3574,Дням ранней юности.,"КУЗЬМИНА, Нина.",,,
3575,До Адама.,"ЛОНДОН, Джек.",,,
3576,До Берлина — 896 километров: Из записок военного корреспондента.,"ПОЛЕВОЙ, Борис.",,,
3577,До будущей осени: Повести и рассказы.,"ПОТАНИН, Виктор Федорович.",,,
3578,До будущей весны: Рассказы.,"АСТАФЬЕВ, Виктор Петрович.",,,
3579,До востребования: Лирика.,"ДУДИН, Михаил Александрович.",,,
3580,До востребования: [Рассказы].,"ЛАВРЕНТЬЕВА, Наталья Яковлевна.",,,
3581,До востребования: [Стихи].,"АДУЕВ, Николай.",,,
3582,До востребования: [Стихи].,"КВЛИ-ВИДЗЕ, Михаил Георгиевич.",,,
3583,До восхода солнца: Драма в 5-ти д.,"ГАУПТМАН, Гергарт.",,,
3584,До восхода солнца: Партизанские рассказы.,"ТАМАНСКИЙ, Георгий Михайлович.",,,
3585,"До встречи, Земля: Героическая драма в 3-х д.","РОМАНОВ, Роман Германович.",,,
3586,До высоты знамен: Стихи.,"КРАСНОВ, Иван Георгиевич.",,,
3587,До горького конца: Комедия в 5-ти д.,Имя авт. не установлено.,,,
3588,До горького конца: Рассказ.,"ОСЕТРОВ, Захар Борисович.",,,
3589,До горького конца: Роман.,"БРАД-ДОН (БРЭДДОН, Мэри Элизабет).",,,
3590,До Думы. При Думе. Без Думы: Сатиры в стихах. Вып.,"К СКОРБИН, А.",,,
3591,До женского вопроса: Роман в 3-х ч.,"КАЧУРИНА, С. А.",,,
3592,До жизни: Рассказы.,"ЛАВИН, Александр.",,,
3593,"До завтра, Глаша!: Повесть.","ЯГАН, Иван Пазлович.",,,
3594,"До завтра, Юрка!","МИХЕЕВ, Владимир Аркадьевич.",,,
3595,До звезд рукой подать: Рассказы.,"СМИРНОВ, Олег Павлович.",,,
3596,До и по: Шутка в 1-м д.,"ИВАНОВ, Лев Львович.",,,
3597,До каких пор буду звать?: Роман.,"РАГХАВ, Рангея.",,,
3598,До лясу: Исторический роман XIX столетия. В 3-х ч.,"ГЕЙНЦЕ, Николай Эдуардович.",,,
3599,До начала: Новые стихи.,"АДА-ЛИС, А.",,,
3600,До новой встречи: [Повесть).,"КУКУШКИН, Василий Николаевич.",,,
3601,"До новой встречи: Стихи и песни, 1930—1939.","РЕШЕТОВ, Александр Ефимович.",,,
3602,До новых встреч!: Комедия в 3-х д.,"ГЛАДКОВ, Александр Константинович.",,,
3603,До новых встреч: (Поэма об итальянском мальчике).,"ШАХОВСКИИ, Борис Михайлович.",,,
3604,До осени полгода: Повесть.,"КОМРАКОВ, Геннадий Борисович.",,,
3605,До особого распоряжения: Романхроника.,"ПАРМУЗИН, Борис Сергеевич.",,,
3606,До первого заснежья: Стихи.,"КОСТИН, Иван Алексеевич.",,,
3607,До первой звезды: Стихи.,"ШЕВЕЛЕВ, Александр Александрович.",,,
3608,До первой ошибки: Рассказы о минере.,"ВИНОГРАДОВ, Юрий Александрович.",,,
3609,До победы: Отрывок из романа «Нет пощады».,"БАРТА, Александр (БАРТА, Шандор).",,,
3610,До поезда оставалось три часа: Повести и рассказы.,"ГРАНИН, Даниил.",,,
3611,До полудня; Тихие воды: Две по-зести.,"ГОРЫШИН, Глеб Александрович.",,,
3612,До поры до времени: Рассказ.,"БРИЛЛИАНТОВ, Алексей Георгиевич.",,,
3613,До последнего вздоха: Стихи и поэмы.,"ЛОБАНОВ, Леонид Григорьевич.",,,
3614,До последнего дыхания: Документальная повесть.,"САПФИРОВ, Николай Николаевич.",,,
3615,До последнего дыхания: Документальная повесть.,"СТЕПАНЕНКО, Адам Иванович.",,,
3616,До последнего дыхания: Документальный рассказ.,"ЧЕСТНОВ, Сергей Игнатьевич.",,,
3617,До последнего часа: Рассказ.,"АЛТАЕВ, Ал.",,,
3618,До последнего человека!,"ЛАЦКО, Андреас.",,,
3619,До последней атаки: Стихи.,"ХОНИ-НОВ, Михаил Ванькаевич.",,,
3620,До последней капли: Повесть.,"РУТЬКО, Арсений Иванович.",,,
3621,До последней минуты: Повесть для кино.,"БЕЛЯЕВ, Владимир Павлович.",,,
3622,До последней прямой: Повесть.,"СА-УЛИТ, Бруно Рейнович.",,,
3623,До последней строки: Повесть.,"ХАНЖИН, Владимир Васильевич.",,,
3624,До потопа.,"РОНИ, Ж. Г. (РОНИ-СТАРШИЙ, Жозеф Анри). ",Вамирэк.,,
3625,До рассвета: Рассказы из детской жизни.,"КАЗИНА, Александра Никандров-на.",,,
3626,До решения остается секунда...,"КУЛЕШОВ, Александр.",,,
3627,До самого сердца.,"КОЛЫЧЕВ, Осип Яковлевич.",,,
3628,До самой кровли: Пьеса в 3-х актах.,Имя авт. не установлено.,,,
3629,До самой смерти: (Боги жаждут). Роман в сокращении.,"ФРАНС, Анатоль.",,,
3630,"До свидания, Анна: Пьеса в 3-х д. По мотивам романа Б. Полевого «Глубокий тыл».","ПОЛЕВОЙ,      Борис, РАДЗИН- СКИЙ, Станислав Адольфович.",,,
3631,"До   свидания,  журавли:   Стихи.","ПАНТЮШЕНКО, Григорий Васильевич.",,,
3632—3634,"До свидания, лейтенант!: Повести и рассказы.","МАРКОСЬЯНЦ, Сергей Артемович.",,,
3635,"До   свидания,  Париж!:    Роман.","ПОЗНЕР, Владимир.",,,
3636,"До   свидания,  птицы!:  Повесть.","ВУЙЦИК, Вячеслав Антонович.",,,
3637,"До свидания, эрлюсы: Повесть и рассказы.","КОБЛИКОВ, Владимир Васильевич.",,,
3638,До седьмого колена.,ЛЕБЕДЕВ (КУМАЧ),,,
3639,До старта осталось...: Из блокнота журналиста.,"МЕЛЬНИКОВ, Николай Андреевич.",,,
3640,До университета: Из жизни средней школы.,"ЯРОШ, Александр Николаевич.",,,
3641,До чего доводит.,"ОРЕШИН, Петр Васильевич.",,,
3642—3643,До черты горизонта: Роман.,"КОСТИНА, Валентина Павловна.",,,
3644,Добавка: Рассказы и фельетоны.,"ЛАНСКОЙ, Марк Зосимович.",,,
3645,Добавление к дворянским выборам: Комедия-водевиль в 1-м д.,"БРАЙКЕВИЧ, Дмитрий Иванович.",,,
3646,«Добей его!»: (Pollice verso). Па-раллелй.,"ЛУГОВОЙ, Алексей (ТИХОНОВ. Алексей Алексеевич).",,,
3647,Добердо: Роман.,"ЗАЛКА, Мате.",,,
3648,Добердоб: Военный роман словенского народа.,"ПРЕЖИХОВ, Воранц.",,,
3649,Добилась!: Повесть.,"МЕКЛЕНБУРГ, А. Н.",,,
3650,Доблестно-геройская кончина вицеадмирала Корнилова.,"ВАНЕНКО, Иван (БАШМАКОВ, Иван Иванович). ",,Осада Севастополя...,
3651,Доблестное всероссийское воинство: Стихотворения.,"АВРАМОВ, Евгений Павлович.",,,
3652—3653,"Доблестный мир, достойный славы России: Стихотворения.","ИВАНОВ, А.",,,
3654,Доблесть: Повести и рассказы.,"ГОЛУБОВ, Сергей Николаевич.         ",,,
3655,Доблесть: Стихи.,"СИДОРЕНКО, Николай Николаевич.",,,
3656,Доблесть солдатская.,"БЕЛАН, Павел Степанович, ПОТАПОВ, Андрей Викторович",,,
3657,"Добра вам, люди: Стихи.","ДРИГО, Сергей Васильевич.",,,
3658,Добрая весомость: Стихи.,"ВИНОГРАДОВ, Александр Михайлович.",,,
3659,Добрая весть: Стихи и поэмы.,"КАХХОРИ, Абдужаббор.",,,
3660,Добрая воля Сибири: Публицистические повести.,"НАЗАРОВ, Вячеслав Алексеевич",,,
3661,Добрая душа: Рассказ.,"КОППЕ, Франсуа.",,,
3662,Добрая душа: Сатира.,"МИНЬКОВ, Константин Иванович.",,,
3663,Добрая жизнь: Документальная повесть.,"ЗЛОБИН, Анатолий Павлович.",,,
3664,Добрая зависть: Стихи.,"КЛЕЩЕН-КО, Анатолий Дмитриевич.",,,
3665,Добрая зима: Стихи.,"СИРОТИН, Борис Зиновьевич.",,,
3666,Добрая красота.,"ГОЛОСОВ, Павел Павлович.",,,
3667,Добрая мать: Комедия в 1-м д.,"ФЛОРИАН, Жан Пьер Клари.",,,
3668,Добрая надежда: Из цикла «Закон».,"КНЕХТ, Владимир.",,,
3669,Добрая нынче погода: Стихи и поэма.,"НАЙДИЧ, Михаил Яковлевич.",,,
3670,Добрая осень.,"РОСЛЯКОВ, Василий Петрович.",,,
3671,«Добрая пани» и другие рассказы.,"ОЖЕШКО, Элиза.",,,
3672,Добрая погода: Стихи.,"БАЛАЧАН, Владимир Федорович.",,,
3673,Добрая семья: Рассказ из галицко-русской жизни.,"НАУМОВИЧ, Иоанн Григорьевич.",,,
3674,Добрая слава: Драма в 4-х актах.,"РАБИЕВ, Мухамеджан.",,,
3675,Добрая слава: Рассказы о 'людях ратного подвига.,"ГЛУХОВСКИИ, Самуил Давидович.",,,
3676,Добрая старина: Повести. Ч. 1—2.,"ЖАКОБ БИБЛИОФИЛ (ЛАКРУА, Поль).",,,
3677,Добрая тундра: Повесть.,"РОЧЕВ, Егор Васильевич.",,,
3678,Добрая Ульяна: Рассказ.,"КЕР-БАХ, Генрих Федорович.",,,
3679,"Добре роби, добре и буде: (Хорошо делай, хорошо и будет). Повесть из народного быта.","К-ИЙ, И.",,,
3680,Добрейшие люди: Рассказы.,"ЭС-СИБАИ, Юсеф (СИБАИ, .Юсеф).",,,
3681,Добрица: Стихи.,"ГРИШИН, Николай Николаевич.",,,
3682,Добро вам: [Записки о писателях].,"МКРТЧЯН, Левон Мкртичевич.",,,
3683,Добро вам!: Рассказы.,"ГРОССМАН, Василий Семенович.",,,
3684,Добро — для добрых: Роман.,"ПАРФЕНОВ, Лев Иванович.",,,
3685,Добро и зло: Рассказ для юношества.,"ГОФМАН, Франц.",,,
3686,"Добро и зло: Роман. Ч. 1, 2, 3.","ФУРМАН, Петр Романович.",,,
3687,Добро и зло: [Сборник].,"СЕРДО-БОВ, Николай Алексеевич.",,,
3688,Добро и зло: [Стихи].,"КУГУЛЬ-ТИНОВ, Давид Никитич.",,,
3689,Добро и зло: Стихи и поэма.,"НИКОЛАЕВ, Александр Маркович.",,,
3690,"Добро и зло, изображенное в рассказе о Розе и Агнесе.","ЭДЖВОРТ, Мария.",,,
3691,"Добро невпопад, а зло не во вред: Комедия в 3-х д.","СЕЛЯВИН, Николай Иванович.",,,
3692,"Добро обжаловать...:   Пародии, шаржи, эпиграммы.","СМИРНОВ, Сергей Васильевич.",,,
3693,Добро пожаловать!: Комедия в 1-м д.,"ИРОШНИКОВ, Алексей Михайлович.",,,
3694,Добро пожаловать: Комедия в 3-х д.,"РАХМАН, Сабит.",,,
3695,Добро пожаловать!: Стихи.,"БЕКЕТОВ, Виктор Прокофьевич.",,,
3696,Добро пожаловать или Посторонним вход воспрещен: Кинокомедия.,"ЛУНГИН, Семен Львович, НУСИНОВ, Илья Исаакович.",,,
3697,Добро покоряет зло: Рассказ.,Имя авт. не установлено.,,,
3698,Доброволец: Драма в 4-х д. Из эпохи русско-японской войны.,"ЩЕТИНИН, Борис Александрович.",,,
3699,Доброволец: Рассказ из времени Петра Великого.,"ЗАРИН, Андрей Ефимович.",,,
3700,Доброволец: Рассказ из действительности.,"РЫШКОВА, Ю.",,,
3701,Доброволец-Настя: (В поход! На войну!). Музыкальная мозаика в 1-м д. Пьеса.,"АЛЕКСИН, С. А.",,,
3702,Доброволец Солодаев.,"ПАЛЬМ, Александр Иванович. ",,Гражданка...,
3703,Доброволец Трофим Брусникин.,"ЛЕОНОВ, Иван.",,,
3704,«Добровольная смерть» и другие рассказы.,"КОППЕ, Франсуа.",,,
3705,Добровольные изгнанники: Очерк.,"РУАДЗЕ, Владимир Павлович.",,,
3706,Добровольцы: [Наброски драматических сцен].,"МОРДОВЦЕВ, Даниил Лукич. ",,Степан Малый...,
3707,Добровольцы: Драма в 4-х д.,"ТАМАРИН, И. В.",,,
3708,Добровольцы: Киносценарий.,"ДОЛМАТОВСКИЙ, Евгений Аронович, ЕГОРОВ, Юрий Павлович.",,,
3709,Добровольцы: Повесть.,"ТОКАРЕВ, Константин Антонович.",,,
3710,Добровольцы: Повесть.,"ФЕДОРОВ, Василий Дмитриевич.",,,
3711,Добровольцы: Роман в стихах.,"ДОЛМАТОВСКИЙ, Евгений Аронович.",,,
3712,Добровольцы Гарибальди: Исторический рассказ.,"ГИЗЛАНЦОНИ, А. (ГИС-ГАНЦОНИ, Антонио).",,,
3713,"Доброго утра, люди мира!: Стихи.",ЗУЛЬФИЯ.,,,
3714,Добродетель: Ода.,"ЛЕБЕДЕВ, Флавиан.",,,
3715,Добродетель в маске: Комедия в 1-м д.,"ЛАНГ, Вольф Яковлевич.",,,
3716,Добродетель и — добродетель: Комедия в 4-х д.,"СУТРО, Альфред.",,,
3717,Добродетель и злоумышленность.,"ЗВИНИГОРОДСКИЙ, Михаил.",,,
3718,Добродетель и порок: Нравоучительная аллегория. Подражание восточным аппологам.,"ГЛИНКА, Федор Николаевич.",,,
3719,Добродетель торжествует: (Мое преступление). Комедия в 3-х д.,"БЕРР, Жорж (БЕР, Жорж), ВЕРНЕЙ ЛЬ, Луи.",,,
3720,"Добродетельная жена или Распутный, любовью исправленный: Ч. 1—2.","АРНОД (АРНО, Франсуа Тома Мари де Бакюлар).",,,
3721,Добродетельная фея: (Аккерман-ская легенда).,"ЗАРУБИН, В.",,,
3722,Добродетельный черт: Фарс в 1-м д.,"ХОЛОСТОВ, В. (БИЛИБИН, Виктор Викторович) .",,,
3723,Добродушные рассказы.,"ЩЕГЛОВ, Иван.",,,
3724,Добродушный или Изображение парижских нравов и обычаев в начале XIX столетия.,"ЖУИ, Виктор Жозеф.",,,
3725,Доброе время: Сказка в 2-х д.,"УСТИНОВ, Лев Ефимович.",,,
3726,Доброе время восхода: Книга стихов.,"СУЛЕЙМЕНОВ, Олжас Омарович.",,,
3727,Доброе всегда окажется: Истинное происшествие.,"ВАСИЛЬКОВСКИЙ, А. К.",,,
3728,Доброе дело: Комедия в 5-ти д.,"АРКАН, Михаил.",,,
3729,Доброе дело: [Рассказ].,"АЙЗМАН, Давид Яковлевич.             ",,,
3730,Доброе дело: [Рассказ].,"БАЖИНА, Серафима Никитична. ",,Как Миша попал на фабрику...,
3731,Доброе дело: Сказка.,"ВАДЗИН-СКАЯ, А.",,,
3732,Доброе дело доброго помещика: Сцена из народного быта в 1-м д.,"ЗАЛЕСОВА, Елизавета Николаевна.",,,
3733,Доброе имя: Повесть.,"КОРЮХОВ, Порфирий Тимофеевич.",,,
3734,Доброе имя: Пьеса в 4-х д.,"ЗУ-ДЕРМАН, Герман.",,,
3735—3736,Доброе имя: Рассказы.,"КРАСИЛЬНИКОВ, Геннадий Дмитриевич.",,,
3737,Доброе сердце: Рассказ.,"ДУДО-РОВ, П. (ОРЛОВЕЦ, П.).",,,
3738,Доброе сердце: Рассказ из деревенской жизни.,"И-Н, М. С.",,,
3739,Доброе сердце:    Стихотворение.,"ПАЛЬГУНОВ, Сергей Андреевич.",,,
3740,Доброе слово: Лирика.,"ШЕХТЕР, Марк Ананьевич.",,,
3741,Доброе слово: Невыдуманные истории.,"ДМИТРИЕВ, Евгений Федорович.",,,
3742,Доброе слово: Рассказ. Из жизни одного учителя.,Имя авт. не установлено.,,,
3743,Доброе слово: Рассказы для детей.,"САМОЙЛОВИЧ, В. (СОБОЛЕВА, Софья Павловна).                   ",,,
3744,Доброе слово; Спят: [Рассказы].,"ГОРЕВ, Михаил.",,,
3745,Доброе слово: Стихи.,"БРОНФМАН, Исаак Львович.",,,
3746,Доброе слово: Стихи.,"МИРЗАЕВ, Абдул Тайзуевич.",,,
3747,Доброе солнце: Лирика и сатира.,"КЕЖУН, Бронислав Адольфович.",,,
3748,Доброе солнце: Повесть.,"БОЛ-СТАД, Эйвин.",,,
3749,Доброе солнце: Повесть о художнике Мартиросе Сарьяне.,"ГОЛУБКОВ, Дмитрий Николаевич.",,,
3750,Доброе старое время: [Рассказ].,ЭРКМАН-ШАТРИАН. ,,История школьного учителя...,
3751,Доброе старое время: Два рассказа.,"ЭГГЛЬСТОН, Эдвард.",,,
3752,Доброе старое время: Комедия в 5-ти д. нравственно-поучительного характера. (Эпизод из жизни императора Александра 1-го).,"БАРЩЕВСКИЙ, Василий Гаврилович.",,,
3753,Доброе утро: Маленькие рассказы.,"ШАПИРО, Лазарь Вульфович.",,,
3754,Доброе утро: [Очерки].,"ДЕНИСОВ, Виктор Александрович.",,,
3755,Доброе утро: Повесть.,"ШИЛИН, Алексей Емельянович.",,,
3756,Доброе утро: Рассказы.,"АЙВАЗЯН, Сурен Бахшиевич.",,,
3757,Доброе утро: Рассказы.,"ЛОКОТКОВ, Константин Петрович.",,,
3758,Доброе утро: [Стихи].,"ВОРОНЬ-КО, Платон Никитич.",,,
3759,Доброе утро: Стихи.,"КАНОВИЧ, Григорий.",,,
3760,Доброе утро: Стихи.,"МЕРКУЛОВ, Александр Александрович.",,,
3761,"Доброе утро!: Стихи, поэмы, песни, переводы.","ЖАРОВ, Александр Алексеевич.",,,
3762,Доброе утро: Стихи разных лет.,"ПОЛТОРАЦКИЙ, Виктор.",,,
3763,"Доброе утро, мир: Поэма.","КА-РЕНЦ, Ваагн.",,,
3764,"Доброе утро, Россия!: Стихи, песни, поэма.","ПУХНАЧЕВ, Василий Михайлович.",,,
3765,Доброжелатели: Комедия в 3-х д.,"ЛЕВИДОВА, Валентина Иосифовна.",,,
3766,"Доброй ночи, лисы!: (У черта на куличках). Пьеса в 3-х д.","РУСНЯК, И.",,,
3767,Добром все пересилишь.,"ГАЛАИДА, Гнат (ХОТКЕВИЧ, Гнат Мартынович).",,,
3768,Добромирский и президент Шукай-ло или Французские войска в Белоруссии в 1812 году. А...,Г...,,,
3769,Добромысл: Старинная повесть в стихах.,"БОГДАНОВИЧ, Ипполит Федорович.",,,
3770,Доброта: Книга лирики.,"ФАРХА-ДИ, Раим Хакимович.",,,
3771,Доброта: Маленькая повесть.,"ОБУХОВА, Лидия Алексеевна.",,,
3772,Доброта: Новая книга.,"ВОРОНЬ-КО, Платон Никитич.",,,
3773,Доброта: Пбэма по мотивам былей и легенд Карачаево-Черкесии.,"ГНЕУШЕВ, Владимир Григорьевич.",,,
3774,Доброта: Стихи.,"АСАДОВ, Эдуард Аркадьевич.",,,
3775,Доброта: Стихи.,"БРЯНСКИЙ, Борис Александрович.",,,
3776,Доброта: Стихи.,"ДЖУСОЙТЫ, Нафи Григорьевич (ДЖУСОЕВ, Нафи Григорьевич).",,,
3777,Доброта: [Стихи].,"ИЛЬИЧЕВ, Анатолий Михайлович.",,,
3778,Доброта: Стихи.,"ПАНОВ, Геннадий Петрович.",,,
3779,Доброта: Стихи.,"ПАНЮШКИН, Владимир Владимирович.",,,
3780,Доброта: [Стихи].,"ШКОЛЬНИК, Леонид Борисович.",,,
3781,Доброта: Стихи и поэмы.,"АХМАТОВА, Раиса Солтмурадовна.",,,
3782,Доброта: Стихи разных лет.,"КУЗНЕЦОВ, Вячеслав Николаевич.",,,
3783,Доброта дня: Новая книга стихов.,"СЛУЦКИЙ, Борис Абрамович.",,,
3784,Доброта земли: Книга стихов.,"ИСКАНДЕР, Фазиль Абдуллович.",,,
3785,Доброхотна дателя любит бог: Три рассказа.,М. Д. К.,,,
3786,Добру откроется сердце: Книга стихов и прозы.,"ЯШИН, Александр.",,,
3787,Добры-молодцы: (Новая былина).,ШАТ-КАМЕЛЬСКИЙ.,,,
3788,Добрые вести: Драматическая картинка из современной жизни деревни.,"ХОМУТОВ, Иван Алексеевич.",,,
3789,Добрые вести: Стихи.,"ШИРШОВ, Борис Валентинович.",,,
3790,Добрые вехи: Стихи.,"ИВАНОВ, Александр Александрович.",,,
3791,Добрые всходы: [Очерки].,"ИВАНОВ, Леонид Иванович.",,,
3792,Добрые всходы: Повести. Рассказы. Очерки.,"КОЖЕВНИКОВ, Алексей Венедиктович.",,,
3793,Добрые глаза века: Роман.,"ИЛЬИЧЕВ, Яков.",,,
3794,Добрые глаза соседа: Повесть и рассказы.,"ВАЛЕЕВ, Рустам Шавлиевич.",,,
3795,Добрые девушки: Повести.,"СА-ВИНЬЯК, Алида Эстер Шарлотта.",,,
3796,Добрые дела не остаются без награды: Рассказ для детей.,МИХАЙЛОВА. ,,,
3797,Добрые дети: Драма в 2-х д.,Имя авт. не установлено.,,,
3798,Добрые дети: Драматическая картинка в 1-м д.,"САВКОВ, П. Н.",,,
3799,Добрые дети: [Рассказ]. (Загл. обл.).,Имя авт. не установлено. ,Коля и Маша: Детский рассказ.,,
3800,Добрые дети: Рассказы.,"ПЕРЕЛЫ-ГИН, Николай Иванович.",,,
3801,Добрые души: Маленькие рассказы про маленьких людей.,"СОСУНЦОВ, Евгений Федорович.",,,
3802,Добрые души: Сборник рассказов.,"ЛАВРЕНТЬЕВА, Софья Ивановна.",,,
3803,Добрые души: Рассказы и картинки из школьной жизни.,"РЕМОРОВ, Н. ",,,
3804,Добрые и злые: Рассказы.,"МАСЛОВ, Илья Васильевич.",,,
3805,Добрые люди; На бабьем положении; Развеселил господ: [Рассказы].,"УСПЕНСКИЙ, Глеб Иванович.",,,
3806,Добрые люди: Рассказ.,"ЧЕРСКИЙ, Леонид Федорович.",,,
3807,Добрые люди: Рассказы.,ДОБРО-ТВОРСКИЙ,,,
3808,Добрые люди: [Рассказы].,"НЕМИРОВИЧ-ДАНЧЕНКО, Василий Иванович.",,,
3809,Добрые люди: Рассказы и повесть.,"ЕРЕМИН, Дмитрий Иванович.",,,
3810,Добрые люди: Рассказы и повесть.,"ЛЕВИН, Борис Наумович.",,,
3811,Добрые люди: [Стихи].,"ПОПОВ, Валентин Леонидович.",,,
3812,Добрые люди на Руси: Исторические рассказы.,"ДУДОРОВ, П. (ОРЛОВЕЦ, П.).",,,
3813,Добрые мосты: Рассказы.,"МО-МЫШ-УЛЫ, Бахытжан.",,,
3814,Добрые облака.,"ЛЫСЦОВ, Иван Васильевич.",,,
3815,Добрые посевы: Рассказы из народной жизни.,"ФЕДОРОВ, Стефан.",,,
3816,Добрые приметы: Стихи.,"ШЕМШЕ-ЛЕВИЧ, Леонид Вениаминович.",,,
3817,Добрые семена: Стихи.,"МИХАИЛОВ, Игорь Леонидович.",,,
3818,Добрые соседи: Водевиль в 3-х д.,"КОССОВСКИЙ, Михаил Семенович, ПАВЛОВ, Владимир Константинович.",,,
3819,Добрые соседи: Рассказы.,"МЕДЖИДОВ, Кияс Меджидович.",,,
3820,Добрые соседи: Стихи о новой Польше.,"ДМИТЕРКО, Любомир Дмитриевич.",,,
3821,Добрые спутники.,"СМОЛЯНИЦ-КИИ, Соломон Владимирович.",,,
3822,Добрые стихи: Поэзия.,"БУЛЫЧЕВА, Ангелина Александровна.",,,
3823,Добрые судьбы.,"ЯШКИН, Евгений Иосифович.",,,
3824,Добрые улыбки: Стихи.,"ПЕТРИЧЕНКО, Борис Дмитриевич.",,,
3825,Добрый ангел: [Рассказ].,Имя авт. не установлено.,,,
3826,Добрый берег! Поэмы.,"СЕМЫНИН, Петр Андреевич.",,,
3827,Добрый боярин старого времени: Исторические картинки XVII века.,"СИЗОВА, Александра Константиновна.",,,
3828,Добрый вестник.,"РЫБИН, Валентин Федорович.",,,
3829,Добрый ветер: Стихи.,"АБШИЛА-ВА, Амиран Александрович.",,,
3830,Добрый вечер: Лирика.,"ДИЖУР, Белла Абрамовна.",,,
3831,Добрый вечер!: Миниатюры для эстрады.,"МАСС, Владимир Захарович, ЧЕРВИНСКИЙ, Михаил Абрамович.",,,
3832,Добрый вечер: Повесть и рассказы.,"БЕЛЯЕВ, Вадим Николаевич.",,,
3833,Добрый вечер!: Рассказы.,"МАКАРОВ, Александр Антонович.",,,
3834,Добрый генерал Солнце: Роман.,АЛЕКСИС.,,,
3835,Добрый гений: Роман.,"АПРАКСИН, Александр Дмитриевич.",,,
3836,Добрый гений людского счастья.,"ДИККЕНС, Чарльз.",,,
3837,Добрый глаз: Комедия в 3-х д.,"ДЖИОЕВ, Хазби Спиридонович.",,,
3838,Добрый голос твой.,"МАШБАШ, Исхак.",,,
3839,Добрый город: Повесть.,"ГУЛИА, Георгий Дмитриевич.",,,
3840,Добрый город: Рассказы.,"КАЧЕ-НОВСКИИ, Борис Платонович.",,,
3841,Добрый гость: Стихи и поэмы.,"ДЗУГАЕВ, Георгий Хасакоевич.           ",,,
3842,Добрый гром: Стихи.,"ЛОПАТИН, Вукол Вуколович.",,,
3843,Добрый день!: Водевиль в 1-м д.,"ШАТОВ, Анатолий Львович.",,,
3844,Добрый день: Лирика.,"БАУКОВ, Иван Петрович.",,,
3845,Добрый день: Лирика.,"РОЖДЕСТВЕНСКИЙ, Всеволод Александрович.",,,
3846,Добрый день: [Повесть].,"ВАСИЛЬЕВ, Владимир Сергеевич.",,,
3847,Добрый день: Рассказы.,"ЦЫБУЛЬ-СКИЙ, Павел (ЦЫБУЛЬСКИЙ, Павло Да* НИЛОВИЧ).",,,
3848,Добрый день: Стихи.,"БЕЛЕВИЧ, Антон Петрович.",,,
3849,Добрый день: Стихи.,"МАСИК, Владимир Ильич.",,,
3850,Добрый день: Стихи.,"ПЕТРОВ, Юрий Васильевич.",,,
3851,Добрый день!: [Стихи].,"ЩИПА-ЧЕВ, Степан Петрович.",,,
3852,Добрый день вам...: Стихи.,"СТАРОДУБЦЕВ, Владимир Васильевич.",,,
3853,Добрый день желчного критика: Сатира-монолог.,"ЯКОБИ, Петр Николаевич.",,,
3854,"Добрый день, люди!: Повесть.",ГА-ФЕЗ.,,,
3855,Добрый дом: Повесть.,СЛУЦКИС. ,,,
3856,Добрый дом: Рассказы.,РУРУА. ,,,
3857,Добрый дьявол: Роман.,"ЗАГРЕ-БЕЛЬНЫЙ, Павло (ЗАГРЕБЕЛЬНЫИ, Павел Архипович).",,,
3858,Добрый дядя: (Пьеса в 1-м д.).,"ГАПКИН, Лев Сергеевич.",,,
3859,Добрый и злой: Повесть.,"ГОФМАН, Франц. ",Добро и зло.,,
3860,Добрый и злой: Повести и сказки.,"ПАПАСКИРИ, Мушни Георгиевич.",,,
3861,Добрый климат: Стихи.,"ОЙСЛЕН-ДЕР, Александр Ефимович.",,,
3862,Добрый колодец: Стихи.,"ШИМКО, Леонид Иванович.",,,
3863,Добрый король Дагобер: Комедия з 4-х д.,"РИВУАР, Андре. ",Король Дагобер.,,
3864,Добрый ливень.,"ТЕЛИЧКО, Николай Григорьевич.",,,
3865,Добрый маленький Генрих: Сказка.,"СЕГЮР, Софья Федоровна.",,,
3866,Добрый маленький чертенок: Повесть.,"РОСТОПЧИНА, С. Ф. (СЕГЮР, Софья Федоровна).",,,
3867,Добрый малой: Комедия в 3-х д.,"ЗАГОСКИН, Михаил Николаевич.",,,
3868,Добрый малый: Ч. 1—4.,"КОК, Поль де.",,,
3869,Добрый март: Лирика.,"КАЦ, Зель-ман Менделевич.",,,
3870,Добрый мир.,"СУСЛОВИЧ, Никита Рафаилович.",,,
3871—3872,Добрый океан: Стихи.,"КОТЛЯРОВ, Борис Иванович.",,,
3873,Добрый путь: Стихи.,"РАДКЕВИЧ, Владимир Ильич.",,,
3874,Добрый рассвет: Стихи.,"СОРОКИН, Анатолий Николаевич.",,,
3875,Добрый русский народ: Картины из русского быта.,"Б—В, П.",,,
3876,Добрый садовник: Стихи и сказки.,"МУХАММАДИ, Куддус.",,,
3877,Добрый самарянин.,"АНДРЕЕВСКАЯ, Варвара Павловна.",,,
3878,Добрый самородок.,"ГРАВИШКИС, Владислав Ромуальдович.",,,
3879,Добрый свет: Стихи.,"НИКУЛИН, Станислав Николаевич.",,,
3880,Добрый свет издалека: Невымышленные рассказы о Л. Н. Толстом.,"ЖИС-ЛИНА, Сусанна Семеновна.",,,
3881,Добрый след: [Очерк].,"МЕДНИКОВ, Анатолий Михайлович.",,,
3882,Добрый след: Стихи.,"СОКОЛЬНИКОВ, Лев Борисович.",,,
3883,Добрый след: Стихи.,"ФЕДОРОВ, Николай Петрович.",,,
3884,Добрый след памяти: Повесть и рассказы.,"НИЗАМОВ, Раис Гильмутдино-зич.",,,
3885,Добрый снег: Драматические эпизоды с одним антрактом.,"АБРАМОВ, Александр Иванович, ПИСМАННИК, Михаил Константинович.",,,
3886,Добрый старик.,"СВЕШНИКОВА, Елизавета Петровна.",,,
3887,"Добрый старичок, хозяин-мужичок.",Н. С.,,,
3888,Добрый сын: Комедия в 3-х д.,"ФЛОРИАН, Жан Пьер Клари.",,,
3889,Добрый сын: Эпизод из жизни императора Александра I. Рассказ в стихах.,"БАРЩЕВСКИЙ, Василий Гаврилович.",,,
3890,Добрый товарищ: Рассказ.,"КУ-КЕЛЬ (ЛУНИН, В. А.).",,,
3891,Добрый торговец.,"ГОРБАЧЕВ, Василий Егорович. ",,Пощечина или Зверь-духанщик...,
3892,Добрый час: Стихи и поэмы.,"БОРИСОВ, Исаак.",,,
3893,Добрый человек: Повесть.,"БЕЗАНТ, Вальтер, РАИС, Джемс.",,,
3894,Добрый человек: Стихи.,"РАХМА-НИН, Борис Леонидович.",,,
3895—3896,Добрый черт: Драма в 3-х д.,"СИНЯВСКИЙ, Донат.",,,
3897,Добрым детям: Иллюстрированные рассказы в прозе и стихах.,"КРУГЛОВ, Александр Васильевич.",,,
3898,Добрыня Малкович (977—988 гг.).,"РАЗИН, Алексей Егорович.",,,
3899,"Добрыня Никитич, русский богатырь: Повесть из времен великого князя Владимира.","ИСТОМИН, Н. В.",,,
3900,"Добрыня Никитич, сильный и могучий русский богатырь: Повесть времен 6-го столетия.",Имя авт. не установлено.,,,
3901,Добрых дел мастер: Безделка в 2-х карт.,"ВЕРУНИН, Ив. (БОЛДЫЖЕВ, Иван Иванович).",,,
3902,Добряк.,"МИКСАТ, Кальман.",,,
3903,Добряк унтер-офицер: (Из путевых заметок).,"ТАРАСОВ, Т.",,,
3904,Добряки: Комическая история в 3-х д.,"ЗОРИН, Леонид.",,,
3905,Добрячок: Комедия в 5-ти д.,"ГОЛДСМИТ, Оливер.",,,
3906,Добытчик.,"ХОТЫМСКИИ, П. Б. ",,Гришка...,
3907,Добытчики моря.,"БЫВАЛОВ, Евгений Сергеевич (ЗЮЙД-ВЕСТ).",,,
3908,Добыча.,"ЗОЛЯ, Эмиль. ","Добыча, брошенная собакам; Подачка собакам.",,
3909,"Добыча, брошенная собакам. Роман.","ЗОЛЯ, Эмиль.",,,
3910,Добыча пиратов: Исторический рассказ.,"МАРСТОН, Э.",,,
3911,Добышник: Рассказы.,"ДАНИЛИН, Иван Андреевич.",,,
3912,Добьем!: Фронтовая сатира.,БОЕЦ ИВАН МУХА. ,,,
3913,Доваторцы: Новеллы.,"ЧУМАК, Илья Васильевич.",,,
3914,Довбуш: Историческая повесть.,"ХОТКЕВИЧ, Гнат Мартынович.",,,
3915,Доведи до вершины.,"КОМРАКОВ, Геннадий Борисович.",,,
3916,Доверенное лицо.,"БОГДАНОВ, Евгений Николаевич.",,,
3917,Доверие:   [Документальная по- весть].,"СЕМЕНОВ, Юрий Иванович.",,,
3918,Доверие: Драма в 4-х д.,"ЛЕРНЕР, Николай Никитич.",,,
3919,Доверие: Лирика.,"ЗАЯЦ, Анатолий Семенович.",,,
3920,Доверие: [Очерк].,"ИВАНОВ, Леонид Иванович.",,,
3921,Доверие: [Очерки].,"ОТКИДАЧ, Валентин Алексеевич.",,,
3922,Доверие: Повести. Рассказы.,"ПАДЕРИН, Иван Григорьевич.",,,
3923,Доверие: [Повесть].,"СЕВЕРОВ, Петр.",,,
3924,Доверие: Повесть и рассказы.,"МАЛИНОВСКИЙ, Михаил Петрович.",,,
3925,Доверие: Роман.,"ДОЛЖЕНКО, Андрей Гаврилович.",,,
3926,Доверие: Роман.,"ЗЕГЕРС, Анна.",,,
3927,Доверие: Роман.,"РЕЗНИК, Яков Лазаревич.",,,
3928,Доверие: Сборник стихов.,"БОГДАНОВ, Виктор Карпович.",,,
3929,Доверие: Стихи.,"АНИЩЕНКО, Софья Николаевна.",,,
3930,Доверие: Стихи.,"ЖЕЛЕЗНОВ, Павел Ильич.",,,
3931,Доверие: Стихи.,"ЛЕНЦОВ, Владимир Андреевич.",,,
3932,Доверие: [Стихи].,"РУМЯНЦЕВА, Майя Александровна.",,,
3933,Доверие: Стихи.,"ТАРАС, Валентин Ефимович.",,,
3934,Доверие: Стихи.,"ТВОРОГОВА, Валентина Васильевна.",,,
3935,Доверие: Стихи.,"ХОВИВ, Ефим Григорьевич.",,,
3936,Доверие: Стихи.,"ШЕРЕШЕВСКИИ, Лазарь Вениаминович.",,,
3937,Доверительный разговор.,ФОНЯ* ,,,
3938,Доверчивая даль: Стихи.,"МАЛО-ХАТКИН, Иван Иванович.",,,
3939,Доверчивость: Книга лирики.,"РЫЖИКОВ, Иван Васильевич.",,,
3940,Доверчивость: Стихи.,"ГАЛКИН, Сергей Иванович.",,,
3941,Доверчивый рассказ.,"НЕКЛЮДОВА, Ольга Сергеевна.",,,
3942,Довинтились: Фарс в Г-м д.,"S-BA (ЗАЛЕСОВА, Елизавета Николаевна).",,,
3943,"Довмонт, князь Псковский: Исторический роман XIII в. Ч. 1—2.","АНДРЕЕВ, А.",,,
3944,Довмонтов меч: Историческая повесть.,"ЛЕБЕДЕВ, Владимир Петрович.",,,
3945,Доволен ли ты! или Происшествие с носами.,"ЛАБУЛЭ, Эдуард Рене Ле-февр де. ",,Мальчик-с-пальчик...,
3946,Довольно; Вешние воды.,"ТУРГЕНЕВ, Иван Сергеевич.",,,
3947,Довольно!: Оригинальный водевиль а 1-м д.,"ФЕДОРОВ, Павел Степанович.",,,
3948,Довольно!: [Рассказ].,ДАНИЛИН. ,,,
3949,"Довольно, брат, печалиться; <(Франц-Иосиф приуныл» и другие военные песни.","ЯКОВЛЕВ, Ф. Т.",,,
3950,Довольно быть рабами.,"ЮДИЦ-КИЙ, Ян Львович.",,,
3951,Довольно лжи!: Рассказ.,"ДИН-СКИЙ, А.",,,
3952,Догнивающие: (Сценка).,"ЧИКАРЬ-КОВ, Александр Васильевич.",,,
3953,Догоним: Рассказ.,"БАЛАШОВ, Петр Петрович.",,,
3954,Догоним солнце: Драматическая сказка.,"ШМЕЛЕВ, Иван Сергеевич.",,,
3955,Догоняю свой автобус: Комедия в 3-х актах.,"НИКИТИН, Геннадий Матвеевич.",,,
3956,Догорающие лампы: Сборник рассказов.,ПЕРВУХИН. ,,,
3957,Догорели огни: Драма в 4-х д.,"МИЛЛЕР, Исаак Леонтьевич.",,,
3958,Доделки-переделки.,"ИВАНОВ, Владимир Михайлович.",,,
3959,Дож и Догаресса; Автомат: Рассказы.,"ГОФМАН, Эрнст Теодор Амадей.",,,
3960,Дождалась тетка Аксинья: Из деревенских летописей.,"ЗАСОДИМСКИЙ, Павел Владимирович.",,,
3961,Дождались!: Драматическая пьеса в 2-х д.,"НИКОЛАЕВА, Е. В. (АКУЛОВА, Ефросинья Владимировна).",,,
3962,Дождевая россыпь: Короткие рассказы и миниатюры.,"КУРАНОВ, Юрий Николаевич.",,,
3963,Дождевой червяк и аист: Сказка.,"ЭВАЛЬД, Карл. ",Аист и дождевой червяк.,,
3964,Дожди: Рассказы.,"АНТОНОВ, Сергей Петрович.",,,
3965,Дожди грибные.,"БЕЛЯЕВ, Леонид Александрович.",,,
3966,Дождичек: Комедия в 1-мд.,"ПАЛЬ-ЕРОН, Эдуард Жюль Анри.",,,
3967,Дождливый июнь. Повесть.,УЙДА.,,,
3968,Дождливый ноябрь: Рассказы.,"БЕЛОГЛАЗОВА, Раиса Васильевна.",,,
3969,Дождливый рассвет: Рассказы.,"ПАУСТОВСКИЙ, Константин Георгиевич.",,,
3970,Дождливым летом.,ФЕРЕНЧУК. ,,,
3971,Дождь: Рассказы.,"МОЭМ, Вильям Сомерсет.",,,
3972,Дождь будет: Повести и рассказы.,"КУТУЙ, Рустем.",,,
3973,Дождь в Ереване: Стихи.,"ЭМИН, Геворг.",,,
3974,Дождь в пригоршнях: Повесть и рассказы.,"САФОНОВ, Эрнст Иванович.",,,
3975,Дождь в саду.,"СИДОРЕНКО, Николай Николаевич.",,,
3976,Дождь в степи: Стихи.,"СОЛОУХИН, Владимир Алексеевич.",,,
3977,Дождь и свидание: Стихи.,"НИШ-НИАНИДЗЕ, Шота.",,,
3978,Дождь и солнце: Лирика.,"НИКОЛАЕВА, Тамара Константиновна.",,,
3979,Дождь летней ночью: Роман.,"МИН-ЧКОВСКИЙ, Аркадий Миронович.",,,
3980,"Дождь лил, как из ведра: Комедия з 2-х д.","ХМЕЛИК, Александр Григорьевич, ШАТРОВ, Михаил.",,,
3981,Дождь листья моет.,"БАБАЕВ, Ма-марасул Бабаевич.",,,
3982,Дождь перестал: Очерки.,"БЕЛКИНА, Мария Осиповна.",,,
3983,Дождь поет: Стихи и поэмы.,"МИ-КЕЛАДЗЕ, Марика.",,,
3984,Дождь пополам с солнцем: Деревенский дневник.,"ДОРОШ, Ефим.",,,
3985,Дождь при звездах: Лирика.,"НЕВЕРОВ, Игорь Михайлович.",,,
3986,Дождь радости: Стихи.,"АЛИЕВА, Фазу Гамзатовна.",,,
3987,Дождь сквозь солнце.,"СУХОВ, Федор Григорьевич.",,,
3988,Доживем до понедельника: Кино- сценарий о трех днях в одной школе.,"ПОЛОНСКИЙ, Георгий Исидорович.           ",,,
3989,"Дожинки: Белорусский народный обычай. Сценическое представление в 2-х д. с хорами, песнями, хороводами и плясками белорусскими.","ШПИЛЕВСКИЙ, Павел Михайлович.",,,
3990,Дожить до рассвета; Обелиск.,"БЫКОВ, Василь (БЫКОВ, Василий Владимирович).",,,
3991,Дознание: Оратория в И песнях.,"ВЕЙС, Петер (ВАЙС, Петер).",,,
3992,Дознание; Поход: Рассказы.,"КУПРИН, Александр Иванович.",,,
3993,Дознанием установлено...,"РЯБОВ, Гелий Трофимович, ХОДАНОВ, Алексей Иосифович.",,,
3994,Дозор: Стихи.,"ЛАСТОВЕНКО, Борис Яковлевич.",,,
3995,Дозор: [Стихи].,"ПАРКАЕВ, Юрий Александрович.",,,
3996,"Дозорная ветка: Стихи, переводы.","ШКЛЯРЕВСКИЙ, Игорь Иванович.",,,
3997,Дозорная вышка.,"ЛАНДСБЕРГ, М.",,,
3998,Дозорная книга.,"БОГУЧАРОВ, Александр Константинович.",,,
3999,Дозорной тропой: Повесть.,"МАРЧЕНКО, Анатолий Тимофеевич. ",Идущие дозорной тропой.,,
4000,Дозорные тропы: Рассказы о пограничниках.,"ПАУШКИН, Геннадий Александрович.",,,
4001,Дозорные слушают тишину: Рассказы.,"МАРТЬЯНОВ, Сергей Николаевич.",,,
4002,Дойна: Стихи и поэмы.,"ПИНЧЕВ-СКИИ, Михаил Яковлевич.",,,
4003,Дойна о Мариоре: Повесть.,"ГРОМЫКО, Нинель Ивановна.",,,
4004,Дойная корова: Драма в 1-м д.,"РИМ, Д.",,,
4005,Дойра: Лирика и поэма.,"ТУЛА, Ту-раб.",,,
4006,Дойти до тебя нелегко: Роман.,"ГОРОДИСКИИ, Николай Алексеевич.",,,
4007,Доказала — а себя наказала!: Комедия-водевиль в 1-м д.,"ЧИРКИН, Николай Виссарионович.",,,
4008,Доказательств нет: Роман автора «Поиски в разных странных местах».,Имя авт. не установлено.,,,
4009,Доказательства: Рассказы и повесть.,"ТУБЛИН, Валентин Соломонович.",,,
4010,Доказательство от противного.,"ИВАНОВ, Дмитрий Георгиевич, ТРИФОНОВ, Владимир Ильич.",,,
4011,Докер.,"ХОЛОПОВ, Георгий Константинович.",,,
4012,Докладная записка:     (Рассказ).,"ТЕМНЫЙ, Н.",,,
4013,Докладные дни у сатаны: (Опыт современного обозрения).,"ЧЕРНЯВСКИЙ, Николай Иванович.",,,
4014,Докладчик от шефа: Веселые рассказы.,"ШОШИН, Михаил Дмитриевич.",,,
4015,Доконали: Пьеса в 3-х актах.,"ЛЕБЕДЕВ, Иван Иванович.",,,
4016,Доктор: Роман.,"ГРЕБЕНКА, Евгений Павлович.",,,
4017,Доктор: Шутка в 1-м д.,"Ф-ОВ, Д. (ФЕДОРОВ, Дмитрий А.). ",,Любовь не прощает...,
4018,Доктор: Эскиз.,"МИЛЛЕР, Э. А.",,,
4019,Доктор Алексеев.,"ФАТЕЕВ, Геннадий Семенович.",,,
4020,Доктор Антонио: Роман.,"РУФИНИ (РУФФИНИ, Джованни Доменико).",,,
4021,Доктор Безымянный: Роман.,"ИВУА, Поль де.",,,
4022,Доктор Бетьюн: Повесть.,ЧЖОУ ЭР-ФУ.,,,
4023,Доктор Ваня: Пьеса в 1-м д.,"ШУГАЕВ, Александр Порфирьевич.",,,
4024,Доктор Вера: Повесть в ненаписанных письмах.,"ПОЛЕВОЙ, Борис.",,,
4025,Доктор Великанов размышляет и действует: Повесть.,"ШУБИН, Алексей Иванович.",,,
4026,Доктор Волгин: Пьеса в 4-х д.,"НЕДРИГАЙЛОВ, Виктор Иванович.",,,
4027,Доктор Гассан: Рассказ о приключениях в Алжире и Сахаре.,"РУБАКИН, Николай Александрович.",,,
4028,Доктор Гауди и Тыква: Повесть.,"ФУЛЛЕР, Генри Блейк.",,,
4029,Доктор Герцль.,"ЖАБОТИНСКИЙ, Владимир Евгеньевич.",,,
4030,Доктор Глас; Серьезная игра.,"СЕ-ДЕРБЕРГ, Яльмар.",,,
4031,Доктор Голубев: Повесть.,"ДЯГИЛЕВ, Владимир Яковлевич.",,,
4032,Доктор Греслер: Повесть.,"ШНИЦ-ЛЕР, Артур.",,,
4033,Доктор Еремей или Счастье от беды: Сказка вольными стихами.,"Ш...Н, И. (ШТЕВЕН, Иван Петрович).",,,
4034,Доктор Есениус: Роман.,"ЗУБЕК, Людо.",,,
4035,Доктор Жак:        Роман-фильм.,"ЛЛОЙД, Гарольд.",,,
4036,Доктор Жесткое: Повесть.,"ПАВЛОВ, Андрей Евгеньевич.",,,
4037,Доктор Знаменская: (Репетиция брака). Драматическая комедия в 4-х д.,"АРХИПОВ, Николай.",,,
4038,Доктор Зубравин и компания: Комедия в 6-ти карт.,"ПРУССАКОВ, Александр Иванович.",,,
4039,Доктор Иванов: Драма в 5-ти д.; Смысл жизни: Пьеса в 4-х д.; Звуки: Психологический этюд-монолог; Наваждение: Психологический этюд-монолог.,"АЛЕКСАНДРОВ, Иван Николаевич.",,,
4040,Доктор из Знаменского предместья: Документальная повесть.,"ПАНКРАТОВ, Александр Иванович, ПАНКРАТОВ, Георгий Иванович.",,,
4041,Доктор Иосиф: Рассказ.,"ГЕ, К. В.",,,
4042,Доктор Ираклий Глосс: Неизданная повесть.,"МОПАССАН, Ги де.",,,
4043,Доктор-исповедник: Роман в 4-х ч.,"ФЕРРЕ, Октав (ФЕРЕ, Октав), МОРЕ, Эжен.",,,
4044,Доктор Катцель: Повесть.,"КУП- ЧИНСКИЙ, Филипп Петрович.",,,
4045,Доктор Кон: Современная гражданская трагедия.,"НОРДАУ, Макс.",,,
4046,Доктор Коренев: Рассказ.,"РОС- ЛАВЛЕВ, Александр Степанович.",,,
4047,Доктор Кох всем   помог:  Шутка a propos в 1-м д.,"ЛАРИН, Константин Павлович.",,,
4048,Доктор Кочиев: Повесть.,"ПОТА- ПЕНКО, Игнатий Николаевич.",,,
4049,Доктор Красов: Документальная повесть.,"ГОРДЕЕВА, Валерия Ильинична.",,,
4050,Доктор Крупов.,"ГЕРЦЕН, Александр Иванович.",,,
4051,Доктор Курганов: Роман из быта врачей.,"ЦЕХАНОВИЧ, Александр Николаевич.",,,
4052,Доктор Лери Полубог: Роман.,"РЕ-НАР, Морис.",,,
4053,Д-р Ли и его пациент: Рассказ.,"МАРГЕРИТ, Виктор, МАРГЕРИТ, Поль.",,,
4054,Доктор Мазубо: Роман.,"ЖАК, Нор-берт.",,,
4055,Доктор Мошков: Пьеса в 4-х актах.,"БОБОРЫКИН, Петр Дмитриевич.",,,
4056,Доктор Мухолапский: Фантастические приключения в мире насекомых.,"МАЕВСКИЙ, Эразм. ",Доктор Му-холовкин; Пропавший турист.,,
4057,Доктор на полчаса: Шутка в 1-м д.,"ЩЕГЛОВ, Иван.",,,
4058,Доктор на час: Шутка в 1-м д.,"ГРЕЙЦ, Л. С.",,,
4059,"Доктор ночь: (3-я книга стихов), 1923.","БЕРЕНДГОФ, Николай Сергеевич.",,,
4060,Доктор Оке; Драма в воздухе.,"ВЕРН, Жюль. ",Опыт доктора Окса; Фантазия доктора Окса; Идея доктора Окса.,,
4061,Доктор Орлов: Роман в 3-х ч.,"МАГНИТСКИЙ, Г.",,,
4062,Доктор-отравитель: (Дворец смерти). Драма в 4-х д.,"ЛИСЕНКО-КОНЫЧ, Иван Кононович.",,,
4063,Доктор Паскаль (Ругон-Маккары): Роман.,"ЗОЛЯ, Эмиль.",,,
4064,Доктор Паук.,"МОРАЛЕВИЧ, Александр Юрьевич.",,,
4065,Доктор-пациент: Комедия в 1-м д.,"БУЛАЦЕЛЬ, Иван Михайлович.",,,
4066,Доктор Петр: Рассказ.,"ЖЕРОМСКИЙ, Стефан.",,,
4067,Доктор Подобии.,"ЛИНЕВСКИЙ, Александр Михайлович.",,,
4068,Доктор прав в юбке: Комедия в 3-х д.,"ЛЬВОВ, Л. А. (СТАФИКОПУЛО, Лев Алексеевич).",,,
4069,Доктор принимает: Шутка в 1-м д.,"ЩЕГЛОВ, Иван.",,,
4070,Доктор Рамо: Роман.,"ОНЭ, Жорж (ОНЕ, Жорж).",,,
4071,Доктор Сафонов.,"РАМЕНСКИЙ, Н. (ВИНОГРАДОВ, Николай Иванович).",,,
4072,Доктор Серван: Роман. В 2-х ч.,"ДЮМА, Александр (сын).",,,
4073,Доктор Сергеев: Роман.,"РОЗЕН-ФЕЛЬД, Семен Ефимович.",,,
4074,Доктор Славин: Комедия в 4-х д. В стихах.,"ЕВРЕИНОВ, Петр Александрович.",,,
4075,Доктор Стась: Рассказ.,"ДОБРОНРАВОВ, Николай Евгеньевич.",,,
4076,Доктор Струэнзе: Исторический роман.,"НИЗЕ, Шарлотта.",,,
4077,Доктор Тер: Роман.,"ХАГГАРД, Генри Райдер.",,,
4078,Доктор-убийца: Сенсационный роман из современной русской жизни. Вып. 1.,Имя авт. не установлено.,,,
4079,Доктор умалишенных женщин: Роман.,"МОНТЕПЕН, Ксавье де.",,,
4080,Доктор Фауст.,"ШВАБ, Густав Беньямин.",,,
4081,"Доктор Фаустус: Жизнь немецкого композитора Адриана Леверкюна, рассказанная его другом. Роман.","МАНН, Томас.",,,
4082,"Доктор Ферми, целитель душ.",Имя авт. не установлено.,,,
4083,Доктор Хвощев.,"КОЗЛОВ-КУМАН-СКИП, Сергей Сергеевич.",,,
4084,Доктор Ц.,"ХЕЛЛЕР, Франк.",,,
4085,Доктор Цыбулька: Рапсодия в 3-х кн.,"БОБОРЫКИН, Петр Дмитриевич.",,,
4086,Доктор Штокман: Драма в 5-ти д.,"ИБСЕН, Генрик.",,,
4087,"Доктортолик: Материалы, собранные литератором Ю. Стрельцовым., об удивительном человеке — Толике Елкине, профессоре. Роман.","СИДЕЛЬНИКОВ, Олег Васильевич.",,,
4088,Докука и балагурье.,"РЕМИЗОВ, Алексей Михайлович.",,,
4089,Докучливый Петя и как он исправился.,Имя авт. не установлено.,,,
4090,Докучливый собеседник: Научнофантастическая повесть.,"ГОР, Геннадий Са-мойлович.",,,
4091,«Докучная сказка» и другие рассказы.,"КУРЧАНСКИЙ, И. И.",,,
4092,Долбанем!,"БЕДНЫЙ, Демьян.",,,
4093,Долг: 8 рассказов.,"ИСБАХ, Александр.",,,
4094,Долг: [Повесть].,"ЗЛАТОПОЛЬСКИЙ, Золя Александрович, ЛЮБЧЕНКО, Константин Дмитриевич.",,,
4095,Долг: Повесть.,"ОКУНЕВ, Яков.",,,
4096,Долг: Пьеса в 3-х д.,"ДЫМОВ, Осип.",,,
4097,Долг: Рассказ.,"ГОНЧАРОВ, Александр Георгиевич.",,,
4098,Долг: Рассказы.,"МАЛОЧЕВСКИЙ, Борис Александрович.",,,
4099,Долг: Роман.,"ИГНАТОВ, Рангел.",,,
4100,Долг: [Стихи и поэма].,"СТРЕЛКОВ, Виктор Александрович.",,,
4101,Долг: [Стихи и поэмы].,"ВОРОНЬ-КО, Платон Никитич.",,,
4102,Долг Ганса: Рассказ.,"ЗАЛКА, Маге.",,,
4103,Долг денежный и долг чести: Комедия в 4-х д.,"ДАВИЛЬ, Луи.",,,
4104,Долг жизни: Роман.,"ЛАППО-ДАНИЛЕВСКАЯ, Надежда Александровна.",,,
4105,Долг и сердце: Юмористические рассказы.,"ЛЕБЕДЕВ, Лев Владимирович.",,,
4106,Долг и счастье: Стихи.,"ПИЛИПЕНКО, Михаил Михайлович.",,,
4107,Долг инженера: Очерки.,"БЫЛИ-НОВ, Александр.",,,
4108,Долг красных: Рассказы.,"ИЛЛЕШ, Бела.",,,
4109,Долг ненависти: Роман.,"ОНЭ, Жорж (ОНЕ, Жорж). ",Долг мести.,,
4110,Долг патриота.,"ТРУНОВ, Дмитрий Иванович.",,,
4111,Долг платежом красен: Рассказ.,Имя авт. не установлено.,,,
4112,Долг платежом красен: Рассказ.,"КУКЕЛЬ (ЛУНИН, В. А.).",,,
4113,Долг платежом красен: [Художественно-публицистический рассказ].,"ПЕРВЕНЦЕВ, Аркадий Алексеевич.",,,
4114,Долг платежом красен: Шутка в 1-м д.,"ВОЛХОВСКОЙ, Павел Николаевич.",,,
4115,Долг товарища.,"СТЕПНОЙ, Николай.",,,
4116,Долг чести.,"РОДА-РОДА, Александр.",,,
4117,Долгая жизнь: Рассказы.,"ВОРОБЬЕВ, Леонид Иванович.",,,
4118,Долгая и счастливая жизнь.,"ПРАЙС, Рейнольдс.",,,
4119,Долгая    любовь: Эскиз.,"ЮЖНЫЙ, А. (ЛИХТЕРМАН, Александр Николаевич).",,,
4120,Долгая Нива: Неделя из жизни одной девушки.,"ПАНОВКО, Яков Михайлович.",,,
4121,Долгая ночь: Грузинская хроника XIII в.,"АБАШИДЗЕ, Григол Григорьевич.",,,
4122,Долгая Старица.,"СТЕПАНЕНКО, Владимир Иванович.",,,
4123,Долги наши: [Повести и воспоминания].,"КАПЛЕР, Алексей Яковлевич.",,,
4124,Долги наши: Пьеса в 2-х актах.,"ВОЛОДАРСКИЙ, Эдуард Яковлевич.",,,
4125,Долги сердца: Рассказы.,"ГЕХТ, Семен Григорьевич.",,,
4126,Долги чести: Драма в 1-м д.,"ГЕЙ-ЗЕ, Пауль.",,,
4127,Долгие годы: Рассказы.,"ЗУБАВИН, Борис Михайлович.",,,
4128,Долгие метели: Повести.,"ЛЕОНОВ, Алексей Данилович.",,,
4129,Долгий день: Стихи.,"ХОХЛОВ, Сергей.",,,
4130,Долгий Иван или Права человека: Роман вольности.,"КОЦЕБУ, Август Фридрих.",,,
4131,Долгий путь: Повесть.,"ЭЛЕБАЕВ, Мукай.         ",,,
4132,Долгий путь в лабиринте: Роман.,"НАСИБОВ, Александр Ашотович.",,,
4133,Долгий    путь домой: Драма в 3-х д.,"КУЗНЕЦОВ, Андрей Юрьевич.",,,
4134,Долго и счастливо: Роман.,"БРОШ-КЕВИЧ, Ежи.",,,
4135,Долго ли?; В усадьбе и на порядке: (Повести).,"БОБОРЫКИН, Петр Дмитриевич.",,,
4136,Долгое прощание: Сборник повестей и рассказов.,"ТРИФОНОВ, Юрий Валентинович.",,,
4137,Долгое эхо: Стихи и поэмы.,"РЗА, Расул.",,,
4138,Долгожданный: Пьеса в 2-х ч.,"САЛЫНСКИЙ, Афанасий Дмитриевич.",,,
4139,Долголетие: Стихи.,"КЕШОКОВ, Алим Пшемахович.",,,
4140,Доленго: Повесть о С. Сераковском.,"МЕТЕЛЬСКИЙ, Георгий Васильевич.",,,
4141,Должна быть Ховалинга!: Роман.,"ЗИГМОНТЕ, Дагния Андреевна.",,,
4142,Должна же быть разбойница.,"АНДЕРСЕН, Ганс-Христиан. ",,Маленькая морская царевна....,
4143,Должна ли?: Рассказ.,"АЛЕКСАНДРОВА, Арк.",,,
4144,Должна ли литься кровь?,"СТРОЕВ, Вениамин (ПРОППЕР, Вениамин Николаевич) .",,,
4145,Должники-мотыги и приказчики-ку-гилы: Правдивый рассказ из долгового отделения.,"МАКСИМОВ, Михаил Матвеевич.",,,
4146,Должностное лицо.,"БЛАСКО ИБАНЬЕС, Висенте.",,,
4147,Должность с эмоциями; Присядем на дорогу: Повести.,"АНТРОПОВ, Юрий Васильевич.",,,
4148,Долина: Стихи.,"ЛИФШИЦ, Владимир Александрович.",,,
4149,Долина: Стихотворения.,"ГОРБОВ-СКИЙ, Глеб Яковлевич.",,,
4150,Долина Амалат.,"КЕРДОДА, Алексей Иосифович.",,,
4151,Долина безмолвия: Роман.,"КЭР-ВУД, Джеймс Оливер (КЕРВУД, Джеймс Оливер).",,,
4152,Долина бессмертников: Роман.,"МИ-ТЫПОВ, Владимир Гомбожапович.",,,
4153,Долина блаженства: Горская легенда.,"АСТВАЦАТУРЬЯН, Г.",,,
4154,Долина в огне.,"БОНОССКИЙ, Филипп (БОНОСКИ, Филлип).",,,
4155,Долина в сентябре: Поэмы.,"ЮРОВ, Геннадий Евлампиевич.",,,
4156,Долина ветров.,"ШАТАЛОВ, Василий Иванович.",,,
4157,Долина Грохочущих Копыт.,"БЕЛЛЬ, Генрих.",,,
4158,Долина жизни: Историческая комедия в 4-х актах.,"ДРЕИЕР, Макс.",,,
4159,Долина кедров: Стихи.,"АВРАМЕНКО, Илья Корнильевич.",,,
4160,"Долина Курмана: Повесть, рассказы, очерки.","БАЯЛИНОВ, Касымалы.",,,
4161,Долина Любосны: Рассказы о поле-новских местах.,"ПОЛЕНОВ, Федор Дмитриевич.",,,
4162,Долина мертвой реки: Сказка в 3-х д.,"ЖИГАЧЕВ, Вадим Александрович.",,,
4163,Долина мигов: Повесть.,"КОЛЕСНИКОВ, Лев Петрович.",,,
4164,Долина новой жизни: Роман.,"ЭЛИ, Тео (ИЛЬИН, Федор Николаевич).",,,
4165,Долина роз: Приключенческая повесть.,"НЕДОЛИН, Иван.",,,
4166,Долина слез: Драма в 4-х д.,"АГА-РОНЯН, Аветис.",,,
4167,Долина слез; Сказка о железной клетке.,"ЗАСОДИМСКИИ, Павел Владимирович.",,,
4168,Долина смерти: Искатели детрюи-га. Роман приключений.,"ГОНЧАРОВ, Виктор Алексеевич.",,,
4169,Долина смерти: (Легенда из времен Александра Македонского).,"NEMO (ГРИГОРЬЕВ, В. В.).",,,
4170,Долина смерти: [Рассказ].,Имя авт. не установлено.,,,
4171,Долина счастья: Повесть.,"ОЧИРОВ, Цирен (ОЧИРОВ, Цырен Очирович).",,,
4172,Долина ужаса.,"ДОЙЛЬ, Артур Конан. ","Воскресший Шерлок Холм: Новые, нигде не напечатанные приключения.",,
4173,Долина Эхо: (Крымская легенда).,"ФЕРЕНЦ-СОКОЛОВСКИЙ, Феодосий Васильевич.",,,
4174,Долины Родины моей.,"БРАУН, Николай Леопольдович.",,,
4175,Доллар в мундире: Фельетоны.,"НИКОЛАЕВ, Владимир Дмитриевич.",,,
4176,Доллар и ток: (Сакко и Ванцетти). Пьеса в 5-ти д.,"ЯНОВСКИЙ, Евгений Григорьевич.",,,
4177,Долли: Комедия в 3-х д.,"ХРИСТИ-ЕРНСОН, Карл Хенрик.",,,
4178,Долог мой путь...: Стихи.,"ШЕНГЕ-ЛИА, Алеко Петрович.",,,
4179,Долой!,"МАЯКОВСКИЙ, Владимир Владимирович.",,,
4180,Долой аистов!: Комедия в 4-х д.,"БЕРНШТЕЙН, Макс.",,,
4181,Долой антрепренера!: Шутка в 2-х д.,"КЛИМОВ, Иван Иванович.",,,
4182,Долой безграмотность: Пьеса в 2-х актах.,"МЫЛЬЦЫН, А.",,,
4183,Долой белый террор!: Пьеса для рабклубов в 3-х карт.,"СМИРНОВ, В.",,,
4184,Долой гномов: Рассказы.,"ГРЯЗНОВ, Иннокентий Петрович.",,,
4185,Долой женщин: (Записки моего друга).,"АРИЭЛЬ, Арнольд.",,,
4186,Долой женщин: (Клуб женоненавистников). Фарс в 1-м д.,"АРСКИЙ, Павел.",,,
4187,Долой женщин!: Комедия-шутка в 1-м д.,"ЗЕЛАНД-ДУБЕЛЬТ, Елена Александровна.",,,
4188,Долой женщин!: Шутка-миниатюра в 1-м д.,"КУЗОВЛЕВ, Михаил Иванович.",,,
4189,Долой кукурузную республику.,"ЛОРДКИПАНИДЗЕ, Константин Александрович.",,,
4190,Долой неграмотность: Агитпьеса в 4-х д.,"УСПЕНСКИЙ, И.",,,
4191,Долой неграмотность: Пьеса в 1-м д.,"СТРОЕВ, Вениамин (ПРОППЕР, Вениамин Николаевич).",,,
4192,Долой немцев!: Стихотворения.,"ЯНОВ-ВИТЯЗЬ, П. Н. (ЯНОВ, П. Н.).",,,
4193,Долой оружие!: Антимилитарный роман.,"ЗУТНЕР, Берта фон. ",Против войны.,,
4194,Долой оружие; Победа Альжезира-са; Уважительная причина; Нападение; Спиритический сеанс.,"КСАНРОФ, Леон.",,,
4195,Долой Перуна!: Крещение Руси.,"ЧАРСКАЯ, Лидия.",,,
4196,Долой рабство!: Роман из эпохи освобождения крестьян в 4-х ч.,"ФОРТУНАТО, Е. И.",,,
4197,Долой ремень.,"ЗАРЕЧНАЯ, И.",,,
4198,Долой чаевые: Инсценировка-фелье-юн для клубной живой газеты.,"КРАСНЫЙ, Саша.",,,
4199,Доломитовое ущелье: Фантастика и приключения.,"СЕРГЕЕВ, Дмитрий Гаврилович.",,,
4200,Дольф — герой бур: Приключения и опасности молодого немца во время последней войны. Рассказ.,"ВИЛЬДЕН-ШТЕЙН, К.",,,
4201,Дольчино: Историческая повесть.,"ЖИДКОВ, Станислав Николаевич.",,,
4202,Долюшка женская: Сборник избранных стихотворений.,"НЕКРАСОВ, Николай Алексеевич.",,,
4203,Доля: Новелла.,"СЕВЕР, Александр.",,,
4204,Доля: Повести.,"БУРЕНКОВ, Валерий Михайлович.",,,
4205,Доля: (Сказка-быль).,"ШКЛЯРЕВ-СКИИ, Александр Андреевич.",,,
4206,Доля: Стихи.,"ЛЫСЦОВ, Иван Васильевич.",,,
4207,Доля бессмертия: Очерки.,"МЕДНИКОВ, Анатолий Михайлович.",,,
4208,Доля девичья: Комедия в 3-х д.,"ДМИТЕРКО, Любомир Дмитриевич.",,,
4209,Доля женская.,"ШАБДАР, Осып.",,,
4210,Доля или Сибирская глушь: Драма в 4-х д.,"МЕЗЕНЦОВ, Владимир Иванович.",,,
4211,Доля поэта: Трагедия.,"ГОЛОВА-НИВСКИИ, Савва Евсеевич.",,,
4212,Доля приказчика: Стихотворения.,"СЕМЕНОВ, Михаил Иванович.",,,
4213,Доля репейника; Прекраснейшая роза мира: Две сказки.,"АНДЕРСЕН, Ганс-Христиан.",,,
4214,"Доля рыбака: Драма из народной жизни, в стихах, в 5-ти карт.","АВГУСТОВИЧ, Федор.",,,
4215,"Доля тяжелая: Литературные, сати- рические и юмористические сочинения. Вып. 1 — 11.","АЛЕКСАНДРОВ, Петр (ТРАВИН, Петр Александрович).       ",,,
4216,Дом: Книга стихов.,"ТЕМИН, Л.",,,
4217,Дом: Лирика.,"РУМАРЧУК, Лариса Ильинична.",,,
4218,Дом: Роман.,"ВИВАН, Мадлена.",,,
4219,Дом: Трагическая комедия в 4-х д.,"ТАРДОВ, Владимир Геннадиевич.",,,
4220,Дом Анны: Роман.,"ВЕРХОВСКАЯ, Надежда Павловна.",,,
4221,Дом без адреса: Повесть.,"АЧИМО-ВИЧ, Тихомир Михайлович.",,,
4222,Дом без ключа: Повесть-хроника.,"АЗАРОВ, Алексей Сергеевич, КУДРЯВЦЕВ, Владислав Петрович.",,,
4223,Дом без ключа: [Роман].,"БИГГЕРС, Эрл Дерр.",,,
4224,Дом без привидений: [Роман].,"ЛЕБЕДЕНКО, Александр Гервасьевич.",,,
4225,Дом без хозяина.,"БЕЛЛЬ, Генрих.",,,
4226,Дом без хозяйки: Комедия в 3-х д.,"ВАСИЛЬЕВ, Василий Васильевич.",,,
4227,Дом безрадостного возвращения: Роман.,"МАК-ОРЛАН, Пьер.",,,
4228,Дом Благовых: Трагикомедия в 4-х актах.,"ГРИГОРОВ, Леонид.",,,
4229,Дом бойца: Стихи.,"ТВАРДОВСКИЙ, Александр Трифонович.",,,
4230,Дом в бреду: Роман.,"ГОЛЛЕН-ДЕР, Вальтер Генрих.",,,
4231,Дом в Голицыне: Рассказы о писателях.,"ФОНСКАЯ, Серафима Ивановна.",,,
4232,Дом в Горках: Поэма.,"ХУЗАНГАИ, Педер (ХУЗАНГАИ, Петр Петрович).",,,
4233,Дом в квартале Батиньоль: (Муслина).,"САНДР, Тьерри.",,,
4234,Дом в Кисельном: Представление-буфф в 3-х происшествиях.,"ОКСКИЙ, Гурий.",,,
4235,"Дом, в котором совершено преступление: Рассказы.","МОРАВИА, Альберто.",,,
4236,"Дом, в котором я расту: Стихи и поэма.","ШУГРАЕВА, Вера Киргуевна.",,,
4237,Дом в степи: Рассказы.,ЖУХО-ВИЦКИЙ,,,
4238,Дом в степи: Роман.,"ЖУНУСОВ, Сакен Нурмакович.",,,
4239,Дом в тупике: Роман.,"ДОБРОВОЛЬСКИЙ, Владимир Анатольевич.",,,
4240,Дом в тысячу этажей.,"ВАЙСС, Ян.",,,
4241,Дом в Черемушках: Маленькие повести.,"КОРШУНОВ, Михаил Павлович.",,,
4242,Дом веселых нищих: Повесть.,"БЕЛЫХ, Григорий Георгиевич.",,,
4243,"Дом, где и дурак несчастлив, или Ошибался в расчетах по причине указа 19 февраля 1861 года об освобождении крестьян и дворовых людей: Водевиль.",ДО-ЛИГОРЬКОВ.,,,
4244,"Дом, где разбиваются сердца: Пьеса в 3-х д.","ШОУ, Бернард.",,,
4245,Дом гордости: Рассказы.,"ЛОНДОН, Джек.",,,
4246,Дом господина Эшке:      Рассказ.,"НИЛИН, Павел Филиппович.",,,
4247,Дом греха: Роман.,"ТИНАИР, Марсель (ТИНЕР, Марсель).",,,
4248,Дом де-Мореза: Роман.,"ГРЕН-ВИЛЛЬ, Генрих (ГРЕВИЛЬ, Анри).",,,
4249,Дом детства: Повесть.,"ЛЮБИМОВ, Леонид Андреевич.",,,
4250,Дом для бродяг.,"КУВАЕВ, Олег Михайлович.",,,
4251,Дом для внуков.,"КОНЕВ, Евтихий Александрович.",,,
4252,Дом для людей.,"РАХЛИНА, Мар-лена Давидовна.",,,
4253,Дом друзей: Книга стихов.,"ФЛОРОВ, Герман Федорович.",,,
4254,Дом живых: Рассказ.,ЦАРЬ ДАВИД.,,,
4255,Дом за рекой: Поэма.,"ТИХОНОВ, Валентин Прокофьевич.",,,
4256,Дом за триумфальной аркой.,"НОСОВ, Евгений Иванович.",,,
4257,Дом здоровья: Рассказ эмигранта.,"ГЛЕБОВ-ПУТИЛОВСКИЙ, Николай Николаевич.",,,
4258,Дом и дерево: Сборник стихов.,"ТАТАРИНОВА, Нина Ивановна.",,,
4259,Дом и корабль.,"КРОН, Александр.",,,
4260,Дом и мир: Роман.,"ТАГОР, Рабиндранат.",,,
4261,Дом и поле: Роман.,"ЗВЕРЕВ, Алексей Васильевич.",,,
4262,Дом из гранатовых яблок: Сказки.,"УАЙЛЬД, Оскар. ",Гранатовый дом.,,
4263,"Дом, который мы покидаем: Драма в 2-х д. с прологом.","ГЛУХОВСКИЙ, Самуил Давидович.",,,
4264,"Дом, который приносит счастье: Драматическая повесть. В 2-х д.","ДАНИЛОВ, Александр Павлович, ИОКАР, Владимир Александрович.",,,
4265,"Дом кошки, играющей в мяч.","БАЛЬЗАК, Оноре де.",,,
4266,Дом купца Безпутнова: Драма в 4-х д.,"ПОЗДНИЙ, Роман.",,,
4267,Дом лесного сторожа.,ЭРКМАН-ШАТРИАН.,,,
4268,Дом Лилиекроны: Роман.,"ЛАГЕР-ЛЕФ, Сельма.",,,
4269,Дом людей живых: Роман.,"ФАРРЕР, Клод.",,,
4270,Дом мамаши Францишки: Пьеса в 4-х актах.,"ГОЛУЙ, Тадеуш.",,,
4271,Дом Манго: Пьеса в 3-х д.,"МЭК-КИН, Уолтер.",,,
4272,Дом Мапуи: Рассказ из жизни полинезийских островитян.,"ЛОНДОН, Джек.",,,
4273,Дом моего детства: Стихи.,"СИДОРОВ, Валентин Митрофанович.",,,
4274,Дом моего детства: Стихотворения. Поэмы.,"ФИЛАТОВ, Александр Федорович.",,,
4275,Дом моего отца.,"САМОХИН, Федор Иванович.",,,
4276,Дом молодых: Рассказы.,"МУРАТ-БЕКОВ, Саин.",,,
4277,Дом мудрости: Мифы и сказки.,"ЛУ-ЧАНСКИЙ, П.",,,
4278,Дом на болоте: Роман.,"ТРОЛЛОП, Антони (ТРОЛЛОП, Энтони).",,,
4279,Дом на бугре: Повесть и рассказы.,"ВОРОНИН, Сергей Алексеевич.",,,
4280,Дом на Внешней: Повесть из жизни детского клуба.,"КИРИЧЕНКО, А. Н., УЛЬЧИЕВ, Юрий Кириакович.",,,
4281,Дом на горе: [Повесть].,"МУСАТОВ, Алексей Иванович.",,,
4282,Дом на горе: Рассказы.,"РЯХОВ-СКИИ, Василий Дмитриевич.",,,
4283,Дом на дюнах; Остров сокровищ; Черная стрела.,"СТИВЕНСОН, Роберт Льюис.",,,
4284,Дом на костях: Повесть и другие рассказы.,"БРУСЯНИН, Василий Васильевич.",,,
4285,Дом на Мойке: Роман в стихах.,"АВРАМЕНКО, Илья Корнильевич.",,,
4286,Дом на Монетной.,"МОРОЗОВА, Вера Александровна.",,,
4287,Дом на Моховой: Повесть.,"ГОР, Геннадий Самойлович.",,,
4288,Дом на один день: Рассказы.,"КОРОТЮКОВ, Алексей Константинович.",,,
4289,Дом на перекрестке: Пьеса в 5-ти д.,"ТРИГЕР, Макс Яковлевич.",,,
4290,Дом на перекрестке: Рассказы.,"КОЧЕТОВ, Всеволод Анисимович.",,,
4291,Дом на песке: Повести и рассказы.,"ХДИТ, Давид Маркович.",,,
4292,Дом на песке:   Роман-хроника.,"МАСЛОВ, Илья Васильевич.",,,
4293,Дом на площади: [Рассказ].,"МУЙ-ЖЕЛЬ, Виктор Васильевич.",,,
4294,Дом на площади: Роман.,"КАЗАКЕВИЧ, Эммануил Генрихович.",,,
4295,Дом на равнине: Повесть.,"ТЭИН, Любовь.",,,
4296,Дом на скале: (Молодая хозяйка Нискавуори). Пьеса в 3-х д.,"ВУОЛИЙОКИ, Хелла.",,,
4297,Дом на солнце; Восемь: Рассказы об одном доме.,"ЧУМАЧЕНКО, Ада Артемьевна.",,,
4298,Дом на солнцепеке.,"ВОЛЫНСКИЙ, Леонид.",,,
4299,Дом на углу: Воспоминания о моем отце.,"БАЖОВА-ГАЙДАР, Ариадна Павловна.",,,
4300,Дом на улице Мира: Повесть.,"САЛЬНИКОВ, Юрий Васильевич. ",,Твоя семья...,
4301,Дом на улице Овражной: Повесть.,"СОКОЛОВСКИЙ, Александр Александрович.",,,
4302,Дом на улице Твердой: Пьеса в 3-х д.,"КОРЦЕЛЛИ, Казимеж.",,,
4303,Дом на улице Четырех Ветров.,"ВИВЬЕ, Колетт.",,,
4304,Дом на холме: Пьеса в 4-х д.,"КАВЕРИН, Вениамин.",,,
4305,Дом на Чеботарской.,"ТАЙТШ, Моисей Хаимович.",,,
4306,Дом на Черной речке: Повесть.,"АНДРЕЕВА, Вера Леонидовна.",,,
4307,Дом на яйле.,"ШТЕНГЕЛОВ, Евгений Степанович.",,,
4308,Дом над катакомбами.,"ШАПОШНИКОВА, Софья Сауловна.",,,
4309,Дом над обрывом: Драма в 3-х д.,"ПИСТОЛЕНКО, Владимир Иванович.",,,
4310,Дом над рекой: Повесть о любви и ненависти.,"АЛЕКСАНДРОВ, Вильям Александрович.",,,
4311,Дом над рекой: Пьеса в 3-х актах. Новая ред. пьесы «Там за Эльбой».,"СТЕПАНОВ, Леонид Леонидович.",,,
4312,Дом напротив: Рассказы.,"ВОРОНИН, Сергей Алексеевич.",,,
4313,Дом напротив: Уголовный роман (последних событий). В 3-х ч.,"РИТА (БРОДСКИЙ, И. Н.).",,,
4314,Дом № 5: Пьеса в 3-х актах.,"ШТОК, Исидор Владимирович.",,,
4315,Дом № 73: Роман.,"БЕРЕСФОРД, Джон Дэвис.",,,
4316,Дом № 117.,"ДУБЯНСКАЯ, Мария Марковна.",,,
4317,Дом о семи фронтонах: Роман. Новеллы.,"ГОТОРН, Натаниэль.",,,
4318,Дом о семи шпилях: Роман.,"ГОТОРН, Натаниэль. ",Дом о семи фронтонах.,,
4319,"Дом окнами в парк: Повесть, рассказ.","БОРИСОВ, Климентий Федорович.",,,
4320,"Дом, освещенный солнцем: Стихи.","СОКОЛОВ, Борис Сергеевич.",,,
4321,Дом Павлова: Повесть-быль о солдатской славе.,"САВЕЛЬЕВ, Лев.",,,
4322,Дом палача: Роман.,"БЭРН, Дони.",,,
4323,Дом песен: Поэма.,"СТАВСКАЯ, Ирина Федоровна.",,,
4324,Дом печали.,"ВЕРФЕЛЬ, Франц. ",Дом скорби.,,
4325,Дом под звездами: Стихи.,"МАРА-КУЛИН, Павел Павлович.",,,
4326,Дом под липами: Рассказы.,"НИКИТИН, Сергей Константинович.",,,
4327,Дом под синей крышей: Рассказы.,"ХОМЧЕНКО, Василь.",,,
4328,"Дом под солнцем: Повести, рассказы, очерки.","МЕЛЕЖ, Иван Павлович.",,,
4329,Дом под солнцем: Пьеса в 2-х ч.,"ЯН, Тамара Германовна.",,,
4330,Дом под тополями: Роман.,"ГОРБОВ, Евгений Константинович.",,,
4331,Дом под утопающей звездой.,"ЗЕЙЕР, Юлий.",,,
4332,Дом пропащих.,"БЕРГСТРЕМ, Вильгельм.",,,
4333—4334,Дом рабов: Роман.,"ПАВЛОВ, Георгий Павлович.",,,
4335,Дом родной: Из книги жизни.,"ДЖАЛИЛ, Рахим.",,,
4336,Дом родной: Пьеса в 7-ми карт.,"СТОРОЖЕВА, Мария Федоровна.",,,
4337,Дом родной: Роман.,"ВЕРШИГОРА, Петр Петрович.",,,
4338,Дом с двумя антеннами: Драма в 3-х д.,"БУРЯКОВСКИЙ, Юрий Александрович.",,,
4339,Дом с девизом: Повесть.,"ВВЕДЕНСКАЯ, Нина Иннокентьевна.",,,
4340,Дом с закрытыми ставнями: Повесть.,"ПАУТИН, Павел Никифорович.",,,
4341,Дом с зелеными ставнями: Повести и рассказы.,"СЛОБОДЧИКОВ, Иван Федорович.",,,
4342,Дом с золотой крышей.,"ПОГОДИН, Николай.",,,
4343,Дом с мезонином.,"ЧЕХОВ, Антон Павлович.",,,
4344,Дом с невестой.,"МЭРГЭН, Кирей.",,,
4345,Дом с премиями.,"ТАРАБУКИН, Игорь Иванович.",,,
4346,Дом с привидениями: Комедия в 3-х д.,"ШЕСТАКОВ, Николай Яковлевич.",,,
4347,Дом с привидениями: [Повесть].,"БЕЛЯЕВ, Владимир Павлович.",,,
4348,Дом с привидениями; Чудо: [Рассказы].,"КИПЛИНГ, Редьярд.",,,
4349,"Дом с филинами: Повесть, рассказы.","НИКИТИН, Сергей Исакович.",,,
4350,Дом сержанта Павлова.,"САВЕЛЬЕВ, Лев.",,,
4351,Дом скорби: Повесть.,"ВЕРФЕЛЬ, Франц.",,,
4352,Дом среди сосен.,"ЗЛОБИН, Анатолий Павлович.",,,
4353,Дом среди тундры.,"КРАТТ, Иван Федорович.",,,
4354,Дом страданий: Роман.,"КОФМЭН, Реджинальд Райт (КАУФМАЦ, Реджинальд Райт).",,,
4355,Дом сумасшедших: Сатира.,"ВОЕЙКОВ, Александр Федорович.",,,
4356,Дом сумасшедших: (Семейный бедлам). Буффонада в 1-м д.,"ЛОЭНГРИН (ГЕРЦО-ВИНОГРАДСКИЙ, Петр Титович).",,,
4357,Дом Телье; Подруга Поля; В семье; Весной; Могильные: Рассказы.,"МОПАССАН, Ги де. ",,,
4358,Дом Телье: [Стихотворение].,"БЕДНЫЙ, Демьян.",,,
4359,Дом трудолюбия.,"МАРКОВ, Михаил Гаврилович. ",Трудное детство.,,
4360,Дом у дороги: Лирическая хроника; О Родине: Стихи из записной книжки.,"ТВАРДОВСКИЙ, Александр Трифонович.",,,
4361,Дом у моста.,"МИКСОН, Илья Львович.",,,
4362,Дом у оврага: Повесть.,"ФАРУТИН, Константин Никандрович.",,,
4363,Дом у околицы.,"СНИТКО, Нина Николаевна.",,,
4364,Дом учителя: Роман.,"БЕРЕЗКО, Георгий Сергеевич.",,,
4365,Дом холостяков: Повесть.,"СМИР-НОВ-ЧЕРКЕЗОВ, Александр Иванович.",,,
4366,Дом Черновых: Роман в 3-х ч.,СКИТАЛЕЦ.,,,
4367,Дом шалунов: Повесть.,"ЧАРСКАЯ, Лидия.",,,
4368,Дом Явора.,"МАХ, Вильгельм.",,,
4369,Дома: (Ивановы записки).,"ПОДЪЯ-ЧЕВ, Семен Павлович.",,,
4370,Дома: Очерки современной деревни.,"СОКОЛОВ, Иван Сергеевич.",,,
4371,Дома: [Рассказ].,"СЕРАФИМОВИЧ, Александр",,,
4372,Дома: Рассказы.,"ЛАДЫЖЕНСКИЙ, Владимир Николаевич.",,,
4373,Дома и в дороге: Пьеса в 1-м д.,"САМСОНИЯ, Алексей Аполлонович.",,,
4374,Дома и за границей: Рассказы.,"АЛЕКСАНДРОВСКИЙ, Александр Николаевич.",,,
4375,"Дома и на войне, 1853—1881: Воспоминания и рассказы.","ВЕРЕЩАГИН, Александр Васильевич.",,,
4376,Дома и у турок: (Рассказ отставного солдата).,"ГЕРАСИМОВ, Павел Николаевич.",,,
4377,Дома оставались жены.,"ЛЕОНОВА, Тамара Ивановна.",,,
4378,Домашнее средство: Советская комедия в 3-х актах.,"АРДОВ, Виктор.",,,
4379,Домашние песни: Пятая книжка стихов.,"КЛЫЧКОВ, Сергей.",,,
4380,Домашний бес: Неизданный роман.,"КОК, Генрих де (КОК, Анри де).",,,
4381,Домашний маскарад: Фарс-водевиль а 1-м д.,"МОРОЗОВ, Александр Петрович.",,,
4382,Домашний омут: Роман.,"ЗОЛА, Эмиль (ЗОЛЯ, Эмиль).",,,
4383,Домашний очаг: Роман.,"СТАХЕЕВ, Дмитрий Иванович.",,,
4384,"Домашний очаг и Семейные радости и горе: Роман, Ч. 1—5.","БРЕМЕР, Фредерика.",,,
4385,Домашний стол: Оригинальный фарс в 3-х д.,"МЯСНИЦКИЙ, Иван.",,,
4386,Домашний театр: Т. I.,"ГРОТОВ, Алексей.",,,
4387,"Домашний театр: [Юмористические и сатирические рассказы, фельетоны].","ПОЛЯКОВ, Владимир Соломонович.",,,
4388,Домашний учитель: Комедия в 1-м д.,"ГАЛЕВИ, Людовик, МЕЙЛИАК, Генрих (МЕЛЬЯК, Анри).",,,
4389,Домашний учитель: Комедия в 5-ти актах.,"ШКУРИН, X. Н.",,,
4390,Домашняя военизация: Рассказ.,"ЩЕЛКАНОВА, Мария Федоровна.",,,
4391,Домашняя дичь.,"МЯСОЕДОВ, Александр Дмитриевич.",,,
4392,"Домашняя история: Оригинальная комедия в 1-м д., в стихах.","ГРИГОРЬЕВ, Петр Иванович.",,,
4393,Домби и сын: Роман в 3-х ч.,"ДИККЕНС, Чарльз.",,,
4394,Домбра старого Суюма: Повести.,"ФАЗЫЛОВ, Насыр.",,,
4395,Доменная ночь.,"БЕЗЫМЕНСКИЙ, Александр Ильич.",,,
4396,Доменная печь.,"ЛЯШКО, Николай.",,,
4397,Доменщики: Повести.,"БЕК, Александр Альфредович.",,,
4398,Домик: Комедия в 3-х д.,"КАТАЕВ, Валентин Петрович.",,,
4399,Домик в Коломне: Рассказ в стихах.,"ПУШКИН, Александр Сергеевич.",,,
4400,Домик в тайге: Рассказ.,"НИКИТИЧ, Наталия.",,,
4401,Домик в Черкизове: Драматические сцены из жизни московской.,"АРБУЗОВ, Алексей Николаевич. ",Домик на окраине (новая ред.).,,
4402,Домик в Шушенском.,"ЩИПАЧЕВ, Степан Петрович.",,,
4403,Домик на болоте: Повесть.,"РАХМАНОВ, Леонид Николаевич, РЫСС, Евгений Самойлович.",,,
4404,Домик на Волге: Повесть; Новообращенный: Драма в 4-х д; Сказка о копейке.,СТЕПНЯК-КРАВЧИНСКИИ. ,,,
4405,Домик на колесах: Рассказы.,"ЛУП-СЯКОВ, Николай Родионович.",,,
4406,"Домик на краю города: Повесть о гом, как жили-были Сеня, Наташа, дед Федот и всякий другой народ.","НАСИМО-ВИЧ, Александр Федорович.",,,
4407,Домик на Монмартре: Комедия-буфф в 3-х д.,Имя авт. не установлено.,,,
4408,Домик на окраине: Драма в 4-х д.,"АРБУЗОВ, Алексей Николаевич.",,,
4409,Домик на окраине: [Повести и рассказы].,"МУХАММАДИЕВ, Фазлиддин.",,,
4410,Домик на окраине: Повесть и рассказы.,"ФЕТИСОВ, Сергей Григорьевич.",,,
4411,Домик на Ра-Изе: Повести и рассказы.,"МЕТЕЛЬСКИИ, Георгий Васильевич.",,,
4412,Домик на реке: Повесть.,"ЧУКОВСКИЙ, Николай Корнеевич.",,,
4413,Домик на Сакмаре: Роман из жизни Башкирии.,"ЛЕБЕДЕВ, Дмитрий Алексеевич.",,,
4414,Домик на холме: Рассказы.,"КАВЕРИН, Вениамин.",,,
4415,Домик на Шуе.,"ХОЛОПОВ, Георгий Константинович.",,,
4416,Домик над болотом: Волжские рассказы.,"ПОМОЗОВ, Юрий Фомич.",,,
4417,Домик над Пахрой: Лирика.,"ЯКОВ-ЧЕНКО, Виктор Иванович.",,,
4418,Домик под дикой яблоней: Рассказы.,"ГРИГУЛИС, Арвид Петрович.",,,
4419,Домик с золотыми окнами.,"ДЕ-СТОМБ, Клавдия Ивановна.",,,
4420,Домик с колоннами.,"БУХОВ, Аркадий Сергеевич.",,,
4421,Домик с цветами; Старый садовник: Рассказы.,"ЧИСТЯКОВ, Михаил Борисович.",,,
4422,Домик у края пустыни: Рассказы.,"ОРДЖОНИКИДЗЕ, Виль Николаевич.",,,
4423,Домик у леса: Стихи.,"БАЗИЛЕВСКАЯ, Е.",,,
4424,Домик у поворота: Пьеса в 1-м д.,"ЛИИВЕС, Арди Ээрович.",,,
4425,Домик у пролива; Старая тетрадь.,"ШПАНОВ, Николай Николаевич.",,,
4426,Домик у речки: Повесть.,"ШОЛОХОВ-СИНЯВСКИЙ, Георгий Филиппович.",,,
4427,Доминик.,"ФРОМАНТЭН, Эжен (ФРОМАНТЕН, Эжен).",,,
4428,Доминиканец: Роман в 4-х ч.,"ФЕРЕ, Октав, МОРЕ, Эжен. ",Доктор-исповедник.,,
4429,Доминиканцы: (Клубные очерки).,"ЭКС-ДОМИНИКАНЕЦ (АФАНАСЬЕВ-ЧУЖБИНСКИИ, Александр Степанович).",,,
4430,Домино: Рассказы.,"СЕТОН-ТОМПСОН, Эрнест.",,,
4431,Домна: Повесть.,"ЯРОВОЙ, Павел.",,,
4432,Домна-ректорша: Повесть.,"КРУГЛОВ, Александр Васильевич.",,,
4433,Домница из Снагова: Рассказы Адриана Зограффи.,"ИСТРАТИ, Панаит.",,,
4434,Домовой: Драма в 4-х д.,"БЕЖЕЦКИЙ, А. Н. (МАСЛОВ, Алексей Николаевич) .",,,
4435,Домовой: Комедия в 3-х д.,"ВИЛЬ-ДЕ, Эдуард Юрьевич.",,,
4436,Домовой: Комедия в 3-х д. для солдатского театра.,"ТХОРЖЕВСКИЙ, Корнелий Владиславович.",,,
4437,Домовой: Пьеса в 1-м д. из крестьянской жизни.,"РУМЯНЦЕВ, Тимофей Захарович.",,,
4438,Домовой: Рассказ.,Имя авт. не установлено.,,,
4439,Домовой: Рассказ.,"ОСЕТРОВ, Захар Борисович.",,,
4440,Домовой: [Рассказ].,"РОМАНОВ, Пантелеймон Сергеевич.",,,
4441,Домовой: Рассказ.,"ШИЛОВ, Степан Самойлович.",,,
4442,Домовой: Рассказы.,"НЕВЕРОВ, Александр.",,,
4443,Домовой виноват: Деревенская быль. Рассказ; Мирская беда: Сцена с натуры.,"КАФТЫРЕВ, Семен Никанорович.",,,
4444,Домовой и лавочник; Свинья-копилка; На птичьем дворе; Красные башмачки.,"АНДЕРСЕН, Ганс-Христиан",,,
4445,Домовой или Любовь старого подьячего.,"П-Л-В, Александр (ПАВЛОВ, Александр А.).        ",,,
4446,Домовой проказит: Рассказ.,"КАССИРОВ, Иван.",,,
4447,Домой!: Из жизни сибирских переселенцев. Рассказ.,"ТЕЛЕШОВ, Николай Дмитриевич.",,,
4448,Домой: Повести.,"СТАВСКИЙ, Эли-гий Станиславович.",,,
4449,Домой: Повести и рассказы.,"ГОРДОН, Самуил Вульфович.",,,
4450,Домой: Рассказ.,"РВАЧЕВ, П.",,,
4451,Домой: [Рассказ].,"СТРУГ, Андрей (СТРУГ, Анджей).",,,
4452,Домой: [Рассказы].,"ЗИНГЕР, Макс Эммануилович.",,,
4453,Домой в Гарлем.,"МАК-КЕИ, Клод.",,,
4454,Домой вернулся: Рассказ.,"СТЕПАНОВ, Б. (БЛЕКЛОВ, Степан Михайлович).",,,
4455,Домой захотелось: Рассказ из жизни новобранца.,"ВАСИЛЬКОВСКИЙ, А. К.",,,
4456,Домой из Бухары: Роман-быль.,"СТРЕМОУХОВ, Николай Петрович.",,,
4457,Домоправительница графа Аракчеева: Пьеса в 5-ти д.,"ИВАНОВ, Александр.",,,
4458,Доморощенный танцор из Ножевой линии: Веселый рассказ.,"ЕВСТИГНЕЕВ, Михаил Е.",,,
4459,Домостроительная горячка и ее жертвы.,"КЛАРИН, С.",,,
4460,Домохозяин XIX столетия или Один из многих: Сцены из городской жизни. В 3-х д.,"СУХАРО, Владимир Михайлович.",,,
4461,Домохозяйка: Комедия в 2-х д.,"МУХИН, В. С.",,,
4461а,Дондас в Балтийском море.,Имя авт. не установлено.,,,
4462,"Дон Жильблаз де Сантильяиа (сын солдата), человек, прошедший все состояния: В 4-х ч. Испанская повесть.","ЛЕСАЖ, Ален Рене.",,,
4463,Дон Жуан: Жизнь и смерть Дона Мигеля из Маньяры.,"ТОМАН, Йозеф.",,,
4464,Дон Жуан; Кавалер Глюк: Два рассказа из очерков в манере Калло.,"ГОФМАН, Эрнест Теодор Амадей.",,,
4465,Дон Жуан: Комедия в 5-ти актах.,"МОЛЬЕР, Жан Батист. ",Дон Жуан или Пир каменного гостя; Дон Жуан или Каменное пиршество; Дон Жуан или Каменный пир.,,
4466,Дон-Жуан: Лирические сцены.,"ЧЕРТКОВ, Дм. (ГОЛИЦЫН, Дмитрий Петрович).",,,
4467,Дон-Жуан: Повесть в стихах.,"ТОЛСТОЙ, Н.",,,
4468,Дон-Жуан: Поэма.,"БАЙРОН, Джордж Гордон.",,,
4469,Дон-Жуан: [Поэма].,"РОКОТКОВ, Александр (КОРОТКОВ, Карп Егорович).",,,
4470,Дон-Жуан: [Роман].,"КРОУФОРД, Марион (КРАУФОРД, Франсис Марион).",,,
4471,Дон-Жуан: Трагедия в 5-ти д. (В стихах).,"МОРДВИН-ЩОДРО, А. О.",,,
4472,Дон-Жуан Австрийский: (Сын императора). Комедия в 5-ти д.,Имя авт. не установлено.,,,
4473,Дон-Жуан в России: (Эпизоды из поэмы «Дон-Жуан»).,"БАЙРОН, Джордж Гордон.",,,
4474,Дон Жуан дает объяснения: Рассказы.,"ШОУ, Бернард.",,,
4475,Дон Жуан или Любовь к геометрии: Комедия в 5-ти актах.,"ФРИШ, Макс.",,,
4476,Дон Жуан или Каменное пиршество: Комедия в 5-ти д.,"МОЛЬЕР, Жан Батист.",,,
4477,Дон-Жуан или Каменный пир: Избранные сцены.,"МОЛЬЕР, Жан Батист.",,,
4478,Дон Жуан или Пир каменного гостя: Комедия.,"МОЛЬЕР, Жан Батист.",,,
4479,Дон Жуан на острове Пирата: Из поэмы «Дон-Жуан».,"БАЙРОН, Джордж Гордон.",,,
4480,Дон-Жуанши: Роман.,"ПРЕВО, Марсель.",,,
4481,Дон Карлос: Исторический роман из современной жизни Испании.,"БОРН, Георг.",,,
4482,Дон Карлос: Историческое происшествие XVI столетия.,ЛЫКОШИН. ,,,
4483,"Дон Карлос, инфант Испании: Драматическое стихотворение.","ШИЛЛЕР, Фридрих. ","Дон Карлос, инфант испанский.",,
4484,"Дон Карлос, инфант испанский: Трагедия в 5-ти д.","ШИЛЛЕР, Фридрих.",,,
4485,Дон Касмурро.,МАШАДУ ,,,
4486,Дон-Кихот: Трагикомедия в 4-х частях.,"ЧУЛКОВ, Георгий Иванович.",,,
4487,Дон-Кихот ведет бой: Драматическая поэма в 2-х ч.,"КОРОСТЫЛЕВ, Вадим Николаевич.",,,
4488,Дон Кихот XIX столетия или Святость это или безумие: Драма в 3-х д.,"ЭЧЕГАРАЙ, Иозе (ЭЧЕГАРАИ, Хосе). ",Безумный: (Праведник).,,
4489,Дон Кихот Ламанчский: Рассказ.,"СЕРВАНТЕС СААВЕДРА, Мигель де.",,,
4490,Дон Кишот Л а Манхский.,"СЕРВАНТ (СЕРВАНТЕС СААВЕДРА, Мигель де). ",Бесподобный рыцарь Дон Кихот Ламанчский; Дон Кихот Ламанчский; История знаменитого Дон Кихота Ламанчского; История о славном ла-манхском рыцаре Дон-Кишоте; История удивительного рыцаря Дон-Кихота Ламанчского; Неслыханный чудодей или Необычайные и удивительнейшие подвиги и приключения храброго и знаменитого странствующего рыцаря Дон Кишота; Остроумно изобретательный идальго Дон Кихот Ламанчский; Рыцарь Дон Кихот из Ламанчи; Славный рыцарь Дон-Кихот Ламанчский; Хитроумный идальго Дон Кихот Ламанчский; Храбрый рыцарь Дон Кихот.,,
4491,Дон Коррадо де Геррера или Дух мщения и варварства гишпанцев: Российское сочинение. 2 ч.,"ГНЕДИЧ, Николай Иванович.",,,
4492,Дон Леон и Бианка или Великодушное и ужасное пожертвование жизнию: Итальянский анекдот.,Имя авт. не установлено.,,,
4493,Дон Мануэль-лентяй.,"ЖИРОДУ, Жан.",,,
4494,Дон мой: Стихи и песни.,"СОФРО-НОВ, Анатолий Владимирович.",,,
4495,"Дон Пабло, дон Педро и Вера Лукашова: Повесть.","БЕНЕШОВА, Божена.",,,
4496,Дон Пьетро Карузо: Драма в 1-м д.,"БРАККО, Роберто.",,,
4497,Дон Ранудо де Колибрадос: Комедия в 4-х д.,"КОЦЕБУ, Август Фридрих.",,,
4498,Дон Сегундо Сомбра.,"ГУИРАЛЬ-ДЕС, Рикардо.",,,
4499,Дон Хиль Зеленые Штаны: Комедия в 3-х д.,ТИРСО ДЕ МОЛИНА.,,,
4500,Дон Хуан Тенорио или Легенда о севильском обманщике и каменном госте: Трагикомедия в 4-х д.,"ОРЛОВ, Вл.",,,
4501,Дон-царевич: Сказка.,"ПОЛУХИН-СКИИ, Макс.",,,
4502,Дона Флор и два ее мужа: История о нравственности и любви. Роман.,"АМАДУ, Жоржи.",,,
4503,Донатьена.,"БАЗЭН, Ренэ.",,,
4504,Донбасс.,"ГОРБАТОВ, Борис Леонтьевич.",,,
4505,Дондас в Балтийском море: Стихотворение.,Имя авт. не установлено.,,,
4506,Дондас и чухонец: Песня финских рыбаков. К. М.,С...,,,
4507,Донесение: [Повесть].,"БЕРЕЗКО, Георгий Сергеевич.",,,
4508,Донесение:  Рассказ из времен борьбы Красной Армии в Карелии.,"ШТЕРН, Григорий Михайлович.",,,
4509,Донесение адмирала Непира о победе его над тремя чухонскими лодками.,"КОНОНОВ, Александр Акинфиевич.",,,
4510,Донесение в штаб: Рассказы.,"ХА-ЗАНОВИЧ, Юрий Яковлевич.",,,
4511,Донетчина моя!: Стихи.,"СОСЮРА, Владимир Николаевич.",,,
4512,Донец: Повесть в стихах.,"КРЮКОВА, Ольга Петровна.",,,
4513,Донецкая быль: Очерки.,"ЧЕРКА-ШИНА, Лариса Евгеньевна.",,,
4514,Донецкая книга.,"ФРОЛОВ, Михаил Афанасьевич.",,,
4515,Донецкая тетрадь: Книга стихов вторая.,"ФАРБЕР, Александр Михайлович",,,
4516,Донецкие горы: Стихи и поэмы.,"КРАВЦОВ, Александр Федорович.",,,
4517,Донецкие мстители: Записки партизана.,"БЕЛЯВЕЦ, Влас Федорович.",,,
4518,Донецкие просторы: Стихи и поэма.,"БЕСПОЩАДНЫЙ, Павел.",,,
4519,Донецкие рассказы.,"ИОНОВ, Алексей Васильевич.",,,
4520,Донецкие рассказы.,"ЧЕРНЫИ-ДИ-ДЕНКО, Юрий.",,,
4521,Донецкие шахтеры: Киносценарий.,"АЛЕКСЕЕВ, В.",,,
4522,Донецкий кряж: Роман.,"ТОРИН, Владимир.",,,
4523,Донецкий мальчик: Повесть.,"ЗОРИН, Михаил.",,,
4524,Донин садик.,"ДУБИЦКИИ, Андрей Федорович.",,,
4525,"Донна Диана: (Чем ушибся, тем и лечись). Комедия в 3-х д.","МОРЕТТО (МОРЕТО-И-КАВАНЬЯ, Августин).",,,
4526,«Донна Кармела» и другие рассказы.,ГО МО ЖО.,,,
4527,Донна-Пия: Драма в 5-ти д.,"КОП-ПЕ, Франсуа. ",Северо Торелли.,,
4528,Донник: Повести.,"КОЖУХОВА, Ольга Константиновна.",,,
4529,Донник: Сборник стихов.,"ЛИСИЦКИЙ, Сергей Федорович.",,,
4530,Доногоо-Тонка или Чудеса науки: Кинематографический рассказ.,"РОМЭН, Жюль.",,,
4531,Донская быль: Повесть.,"ДРОБОТОВ, Виктор Николаевич.",,,
4532,Донская Либерия: Исторические хроники.,"ЗАДОНСКИЙ, Николай Алексее",,,
4533,Донская повесть.,"СУХОВ, Николай Васильевич.",,,
4534,Донская сказка: Драма в 3-х д.,"БЕЗРУКИХ, П. Е.",,,
4535,Донские вечера: Исторические этюды.,"ЗАДОНСКИЙ, Николай Алексеевич.",,,
4536,Донские гишпанцы: (Историческая повесть).,"САЛИАС, Евгений Андреевич (САЛИАС ДЕ ТУРНЕМИР, Евгений Андреевич).",,,
4537,Донские мотивы.,"ПЕТРОВСКИЙ, Андрей Иванович.",,,
4538,Донские рассказы.,"ТРЕНЕВ, Константин Андреевич.",,,
4539,Донские рассказы.,"ШОЛОХОВ, Михаил Александрович.",,,
4540,Донские сказки.,"ГОЛОВАЧЕВ, Владимир Григорьевич, ЛАЩИЛИН, Борис Степанович.",,,
4541,Донские стихи.,"ФЕДОРОВ, Иван Филиппович.",,,
4542,Донское лето: Поэма.,"ЕРЕМИН, Дмитрий Иванович.",,,
4543,"Донской казак, возвратившийся в свое отечество после подвигов ратных.","ФЕДОРОВ, Борис Михайлович.",,,
4544,Донской казак Кузьма Крючков и его славный подвиг: Рассказ из русско-германской войны.,"ШУХМИН, Христофор Алексеевич. ",Славный подвиг Донского казака Козьмы Крючкова.,,
4545,Донской монастырь.,А. Б.,,,
4546,Донцы: [Рассказы и очерки].,"НИКИТИН, Петр Аркадьевич.",,,
4547,Донцы: Рассказы из казачьей жизни.,"КРАСНОВ, Петр Николаевич.",,,
4548,Донья Барбара.,"ГАЛЬЕГОС, Ро-муло.",,,
4549,Донья Перфекта.,"ПЕРЕС ГАЛЬ-ДОС, Бенито.",,,
4550,Допрос: Пьеса в 4-х д.,"ЛИНДАУ, Пауль.",,,
4551,"Допрос в Иркутске: (Факты, документы и авторские домыслы).","КЛАРОВ, Юрий Михайлович.",,,
4552,Дора: (Очерки и рассказы).,"НЕМИРОВИЧ-ДАНЧЕНКО, Василий Иванович.",,,
4553,"Дорджи, бурятский мальчик: Рассказ.","ПОТАНИНА, Александра Викторовна.",,,
4554,"Доржи, сын Банзара: Роман.","ЦЫ-ДЕНДАМБАЕВ, Чимит-Доржи Цыдендам-баевич.",,,
4555,Доринда: Роман.,"ГЛЭСГО, Эллен (ГЛАЗГО, Эллен).",,,
4556,Дормидошка — пустая голова или Анекдоты о известном при дворе шуте Балакиреве: С присовокуплением исторических известий о происхождении шутов и жизни сего любимца царского. В 2-х ч.,Имя авт. не установлено.,,,
4557,Дорога: В поисках Америки. [Очерки].,"АШ, Натан.",,,
4558,Дорога:    [Документальная по- весть].,"ДУБРОВКИНА, Юлия Владимировна.",,,
4559,Дорога: Избранные стихи.,"БАЖАН, Микола Платонович.",,,
4560,"Дорога: Лирика, драма.","БИКБАЙ, Баязит.",,,
4561,Дорога: [Очерки].,"ФРОЛОВ, Леонид Анатольевич.",,,
4562,"Дорога:    [Повести, рассказы]","НЕМЧИНОВ, Геннадий Андреевич.",,,
4563,Дорога: Повесть.,"ЕВДОКИМОВ, Иван Васильевич.",,,
4564,Дорога: Повесть.,"ХАВПАЧЕВ, Хажбекир Хабалович.",,,
4565,Дорога: [Поэмы].,"ГЕРАСИМОВ, Михаил Прокопьевич.",,,
4566,Дорога: Пьеса в 2-х д.,"КЛИМОВ, Юрий Иванович.",,,
4567,Дорога: Пьеса в 3-х д.,"ШУСТРОВ, Борис Николаевич.",,,
4568,Дорога. [Пьесы].,"УЛЬЯНИНСКИЙ, Александр Вячеславович.",,,
4569,Дорога: [Рассказы].,АМОСОВ,,,
4570,Дорога: [Рассказы].,ЛОНДОН Д,,,
4571,Дорога: Рассказы и повесть.,"АШ-КИНАЗИ, Григорий Александрович.",,,
4572,Дорога: Роман.,АБДУЛЛАХАНОВ. ,,,
4573,Дорога: Роман; Крысы: Роман; Пять часов с Марио: Роман.,"ДЕЛИБЕС, Мигель.",,,
4574,Дорога: Стихи.,"ВЫБОРОВ, Константин Романович.",,,
4575,Дорога: [Стихи]. (Загл. обл.).,"КОРНЕЕВ, Николай Юрьевич. ",Стихи.,,
4576,Дорога: Стихи.,"ЛЬВОВ, Михаил Давыдович.",,,
4577,Дорога: Стихи.,"САНГАДЖИЕВА, Бося Бадмаевна.",,,
4578,Дорога: Стихи.,"СЕРИКОВ, Станислав Васильевич.",,,
4579,Дорога: [Стихи].,"СКОБЕЛЕВ, Эдуард Мартинович.",,,
4580,Дорога: Стихи.,"СМЕЛЯКОВ, Ярослав Васильевич.",,,
4581,Дорога: [Стихи].,ТИХОНОВ,,,
4582,Дорога: Стихи.,"ХОДЫКО, Степан.",,,
4583,"Дорога: Стихи, 1934—1935.","ТВАРДОВСКИЙ, Александр Трифонович.",,,
4584,Дорога без привала: Очерки.,"СГИБНЕВ, Александр Андреевич.",,,
4585,Дорога в ад: Комедия-фарс в 3-х д.,"КАДЕЛЬБУРГ, Густав.",,,
4586,Дорога в Бикзян.,"РОММ, Александр Ильич.",,,
4587,Дорога в горах: Рассказы.,"ХАНЗА-ДЯН, Серо Николаевич.",,,
4588,Дорога в город.,"РЯХОВСКИЙ, Василий Дмитриевич.",,,
4589,Дорога в гору: Повесть.,"МАРИНОВ, Владислав Константинович.",,,
4590,Дорога в гору: [Рассказ].,"ВЫСОКОВСКИЙ, Константин Игнатьевич, УГЛОВ, Алексей (ЧУКОВСКАЯ, Лидия Корнеевна).",,,
4591,Дорога в гору: [Стихи].,"СЕРЕБ-РОВСКАЯ, Елена Павловна.",,,
4592,Дорога в горы: Повесть.,"ЛОЗ-НЕВОЙ, Александр Никитич.",,,
4593,Дорога в жизнь: [Очерки].,"ТОЛУ-БЕНКО, Нина Михайловна.",,,
4594,Дорога в жизнь: [Повесть].,"КО-ЛЕНСКИИ, Василий Петрович.",,,
4595,Дорога в жизнь; Это мой дом; Повести.,"ВИГДОРОВА, Фрида Абрамовна.",,,
4596,Дорога в завтра: Поэма.,"ДЕМЕНТЬЕВ, Андрей Дмитриевич.",,,
4597,Дорога в легенду.,"ЗЯБРЕВ, Анатолий Ефимович.",,,
4598,Дорога в Ленинград: Рассказ.,"РОЗЕН, Александр Германович.",,,
4599,Дорога в люди: Роман.,"СТАЛЬНОЙ, Петр Дмитриевич.",,,
4600,«Дорога в Мария-Цел ль» и другие рассказы.,"РОЗЕГГЕР, Петер.",,,
4601,Дорога в мечту.,"ШАЛАМОВА, Нинель Дмитриевна.",,,
4602,Дорога в мир: (Эстрадная повесть в 7-ми эпизодах).,"ФЛИТ, Александр Матвеевич.",,,
4603,"Дорога в Молдавию, 1941—1943. Стихи.","ВЕТРОВ, Давид.",,,
4604,Дорога в Москву: Рассказ.,"РЕИТ-МЕЙЕР, Михель.",,,
4605,Дорога в мужество: Роман.,"КРУГОВЫХ, Николай Петрович.",,,
4606,Дорога в небо: [Повесть].,"КУДИС, Дмитрий Карлович.",,,
4607,Дорога в небо: Стихи и поэма.,"БОРИСКИН, Николай Митрофанович.",,,
4608—4609,Дорога в никуда: Роман.,"МОРИАК, Франсуа.",,,
4610,Дорога в один конец.,"ЗЛОБИН, Анатолий Павлович.",,,
4611,Дорога в отчий дом: Рассказы.,"ВОРОБЬЕВ, Константин Дмитриевич.",,,
4612,Дорога в Пешт.,"КУБАНСКИЙ, Георгий.",,,
4613,Дорога в пустыню.,"СВЕТЛИЧНЫЙ, Владимир Евтихиевич.",,,
4614,Дорога в Сан-Донато.,"КАТКОВА, Нина Михайловна.",,,
4615,Дорога в Саугес: Пьеса в 4-х д.,"ПИТЕРС, Пауль.",,,
4616,Дорога в снежных горах: Повесть.,ХУ ,,,
4617,Дорога в Сокольники: Повесть.,"АВДЕЕВ, Виктор Федорович.",,,
4618,Дорога в степь: Рассказы.,"ХО-ЛЕНДРО, Дмитрий Михайлович.",,,
4619,Дорога в счастье.,"ВИШНЕВСКИЙ, Ефим Михайлович. ",,,
4620,Дорога в три шага: Очерки.,"ЛЕВИНА, Ада Львовна.",,,
4621,Дорога в Тураджлы: Роман.,"ВЕЛИЕВ, Али Караевич.",,,
4622,Дорога в хороший день.,"ЛЮБ-ЧЕНКО, Лев.",,,
4623,Дорога ведет в горы.,"КОВАЛЕВ, Юрий Алексеевич.",,,
4624,Дорога ведет к мысу Желаний: Рассказы.,"БРУСИЛОВСКИЙ, Рафаил Моисеевич.",,,
4625,Дорога ведет к человеку...: Рассказы.,"АРДАМАТСКИЙ, Василий Иванович.",,,
4626,Дорога ведет назад: Роман.,"ЧАН-ДАР, Кришан.",,,
4627,"Дорога, ведущая в гору: Роман.","ФЕРАУН, Мулуд.",,,
4628,Дорога ветров: Стихи и поэма.,"КУЛИКОВ, Николай Артемович.",,,
4629,Дорога гвардии: Стихи.,"ДУДИН, Михаил Александрович.",,,
4630,Дорога гигантов: Роман.,"БЕНУА, Пьер.",,,
4631,Дорога гнева.,"БРАУСЕВИЧ, Леонид Тимофеевич.",,,
4632,"Дорога голубых сталактитов: Киноповесть, рассказы.","КАСПАРОВ, Борис Минаевич.",,,
4633,Дорога далека: Стихи.,"МЕЖИРОВ, Александр Петрович.",,,
4634,Дорога дальняя зовет: Роман.,"БАЙТАНАЕВ, Амантай.",,,
4635,Дорога дней: Роман.,"ГЮЛЬНАЗА-РЯН, Хажак Месропович.",,,
4636,Дорога до первой звезды.,"ДОЛГОПОЛОВ, Игорь Викторович.",,,
4637,Дорога домой: Повести и рассказы.,"ЧАБАНИВСКИЙ, Михайло.",,,
4638,Дорога домой: Рассказ.,"АЛФИМОВ, Евгений Петрович.",,,
4639,Дорога дружбы: Записки партизана.,"ТИТОВ, Александр Федорович.",,,
4640,Дорога дружбы: Стихи.,"ТУРКИН, Владимир Павлович.",,,
4641,Дорога друзей: Рассказы.,"ЦЫ-БУЛЬСКИИ, Павло Данилович.",,,
4642,Дорога Елены Никитиной: Роман.,"ТУРЕНСКАЯ, Валентина Ионовна.",,,
4643,Дорога жизни: [Документальная повесть].,"САПАРОВ, Ариф Васильевич.",,,
4644,Дорога жизни: Повесть.,"САМУЙЛЛО, В. В.",,,
4645,Дорога жизни: [Роман].,"ГРИВА, Жан.",,,
4646,Дорога жизни: Стихи.,"БРОВКА, Петрусь.",,,
4647,Дорога жизни: Стихи.,"ДОМОВИ-ТОВ, Николай Федорович.",,,
4648,Дорога жизни: [Стихи].,"ДУДИН, Михаил Александрович.",,,
4649,Дорога жизни: Стихи и поэмы.,"ПЕТРОВ, Юрий Васильевич.",,,
4650,"Дорога журавлей: Рассказы, 1959— 1961.","ЛИДИН, Владимир Германович.",,,
4651,Дорога за горизонт.,"БЕЛУГИН, Виктор Александрович.",,,
4652,Дорога за перевал.,"НИКУЛИН, Юрий Вениаминович.",,,
4653,Дорога зовет.,"ЛИКАШИН, Виктор Васильевич.",,,
4654,Дорога и звезды: Стихи.,"ГЛАЗКОВ, Николай Иванович.",,,
4655,Дорога и люди: Очерки.,"ВОЛОКИТИН, Георгий Николаевич.",,,
4656,Дорога и судьба: Книга стихов.,"ШАЛАМОВ, Варлам Тихонович.",,,
4657,Дорога идет на Коён: Повести. Рассказы.,"САПОЖНИКОВ, Владимир Константинович.",,,
4658,Дорога идет на перевал.,"МИХЕЕВ, Михаил Петрович.",,,
4659,Дорога из мрака: Рассказы.,"ИОНОВ, Алексей Васильевич.",,,
4660,Дорога издалека: Роман.,"ХИДЫ-РОВ, Мамед Назар (ХЫДЫРОВ, Мамед Назар).",,,
4661,Дорога исканий: (Молодость Достоевского). Роман.,"БРЕГОВА, Дора Давыдовна.",,,
4662,Дорога испытаний:      [Повесть].,"ОЛЬШВАНГЕР, Аккиба Яковлевич.",,,
4663,Дорога испытаний: [Повесть].,"ЯМПОЛЬСКИЙ, Борис Самойлович.",,,
4664,Дорога к бессмертию: Документальная повесть.,"КОЦОФАН, Василий Петрович.",,,
4665,Дорога к большой реке: Роман.,"БОЛДЫРЕВ, Сергей Николаевич.",,,
4666,Дорога к дому: Роман.,"МИНД-ЛИН, Эмилий Львович.",,,
4667,Дорога к другу: [Избранное].,"ПРИШВИН, Михаил Михайлович.",,,
4668,Дорога к другу:    Книга стихов.,"ЖУРАВЛЕВ, Василий Андреевич.",,,
4669,Дорога к другу: Рассказы разных лет.,"ГРУДЗИНСКИЙ, Валентин Александрович.",,,
4670,Дорога к другу: [Стихи].,"МИР-ЗОЕВ, Гафар (МИРЗО, Гаффар).",,,
4671,Дорога к другу: [Стихи].,"САРКИ-СЯНЦ, Рафаил Варастатович.",,,
4672,Дорога к друзьям: Стихи.,"КОМИССАРОВА, Мария Ивановна.",,,
4673,Дорога к друзьям:        [Стихи].,"ШМИДТ, Борис.",,,
4674,Дорога к жизни.,"ГАНССОН, Ола (ХАНСОН, Ула).",,,
4675,Дорога к звездам: Пьеса в 4-х д.,ДЬЯКОВ Б,,,
4676,Дорога к звездам: Роман.,"ФРАДКИН, Борис Захарович.",,,
4677,Дорога к звездам: Стихи.,"КРИ-ВАНЧИКОВ, Николай Григорьевич.",,,
4678,Дорога к звездам: Стихотворения и поэма.,"БОРИСОВ, Михаил Федорович.",,,
4679,Дорога к людям: Рассказы.,"РОМАШОВ, Андрей Павлович.",,,
4680,Дорога к миру: Поэма.,"ЛУКОНИН, Михаил Кузьмич.",,,
4681,Дорога к морю: Повести и рассказы.,"БАНЫКИН, Виктор Иванович.",,,
4682,Дорога к морю: Стихи.,"БАЕВА, Антонина Антоновна.",,,
4683,Дорога к новой земле: Невыдуманные рассказы. Путевые заметки.,"ВОЛЫНСКИЙ, Леонид.",,,
4684,"Дорога к победе: Лирический дневник, 1939—1945.","СУРКОВ, Алексей Александрович.",,,
4685,Дорога к подвигу: [Документальные очерки и повесть].,"СОРОКИН, Василий Николаевич.",,,
4686,Дорога к подвигу: [Рассказ].,"МАЦКЕВИЧ, Даниил Данилович.",,,
4687,Дорога к подполью: Записки.,"МЕЛЬНИК, Евгения Петровна.",,,
4688,Дорога к пропасти.,"ТРОФИМОВА, Стелла Александровна.",,,
4689,Дорога к радуге: Повесть.,"ЯХНИН, Зорий Яковлевич.",,,
4690,Дорога к рассвету: Стихи.,"МАН-СО, Август.",,,
4691,Дорога к родникам.,"ПОЛТОРАЦКИЙ, Виктор.",,,
4692,Дорога к себе: Повести.,"ПОРТНОВ, Владимир Викторович.",,,
4693,Дорога к сердцу: Повести и рассказы.,"НАСЕДКИН, Филипп Иванович.",,,
4694,Дорога к сердцу: Стихи.,"КАМЕННАЯ, Галина Александровна.",,,
4695,Дорога к солнцу: [Повесть].,"КО-СТЮКОВСКИИ, Борис Александрович.",,,
4696,Дорога к солнцу: [Роман].,"КРИ-НИЧНЫИ, Марк.",,,
4697,Дорога к солнцу: Стихи.,"ЖДАНОВ, Игорь Николаевич.",,,
4698,Дорога к счастью: Роман.,"ШАМО, Арабе (ШАМИЛОВ, Араб Шамоевич).",,,
4699,Дорога к счастью: (Шамбул). Роман.,"КЕРАШЕВ, Тембот Магометович.",,,
4700,Дорога к фронту: (Очерк о Герое Социалистического труда П. А. Шубине).,"СЕНЧУРОВ, Юрий Николаевич.",,,
4701,Дорога   к «Черным идолам».,"СМИРНОВ, Виктор Васильевич.",,,
4702,Дорога к «черным морям».,"КРУ-КОВСКИЙ, Владимир Васильевич.",,,
4703,Дорога к Эмгуэме: Рассказы.,"ГО-ЛЫШЕВ, Геннадий Федорович.",,,
4704,Дорога китов: Роман.,"КОЛОАНЕ, Франсиско.",,,
4705,"Дорога, которая    всегда нова: Письма с целины.","ЧАЩИН, Федор Дмитриевич.",,,
4706,"Дорога,  которой    идем: Стихи.","ПОСНИЧЕНКО, Сергей Васильевич.",,,
4707,"Дорога,  которую    выбрал Чунг.","ШЕВЧЕНКО, Юрий Александрович.",,,
4708,Дорога любви: Рассказы.,"БАБ ЛЯК, Владимир Самойлович.",,,
4709,Дорога мандаринов:    (Из жизни современного Индо-Китая).,"ДОРЖЕЛЕС, Ролан. ",По дороге мандаринов.,,
4710,Дорога мертвых: Роман.,"МАРВИЧ, Соломон.",,,
4711,Дорога мечтаний: Романтическая драма в 3-х д.,"ДАР, Давид, ЯГДФЕЛЬД, Григорий Борисович.",,,
4712,Дорога мира: Стихи и пьеса «Пути человеческие».,"ДМИТЕРКО, Любомир Дмитриевич.",,,
4713,Дорога моей земли: Стихи.,"НЕДО-ГОНОВ, Алексей Иванович.",,,
4714,Дорога молодости: [Стихи].,"БОГДАНОВ, Павел Федорович.",,,
4715,Дорога молодости: Стихи.,"ПАНЧЕНКО, Пимен Емельянович.",,,
4716,Дорога Москвы.,"ИСЛАМОВ, Динис (ИСЛАМОВ, Денис Фатхиевич).",,,
4717,Дорога мщения.,"БОРИСОВ, Николай Васильевич.",,,
4718,Дорога на Берлин: Исторический роман.,"ОСИПОВ, К.",,,
4719,Дорога на Берлин: Очерки.,"ТРУНОВ, Дмитрий Иванович.",,,
4720,Дорога на Верховину: Очерк.,"АВДЕЕНКО, Александр Остапович.",,,
4721,Дорога на Верхоречье.,"ВЕРГА-СОВ, Илья Захарович.",,,
4722,Дорога на Волгоград.,"СИЛЛИТОУ, Алан.",,,
4723,Дорога на восток: Пьеса в 4-х актах.,"РАВИЧ, Николай Александрович.",,,
4724,Дорога на высоту: Стихи.,"РЫБАЛКО, Николай Александрович.",,,
4725,Дорога на Запад.,"ЛИДИН, Владимир Германович.",,,
4726,Дорога на зарю.,"ТИХОНОВ, Игорь Васильевич.",,,
4727,Дорога на Ирпень.,"ГОРОДСКОЙ, Яков Зиновьевич.",,,
4728,Дорога на Клухор: Поэма и стихи.,"ТУШНОВА, Вероника Михайловна.",,,
4729,Дорога на Москву: Две повести.,"ИЛЬИН-ЮХМА, Михаил (ЮХМА, Михаил) .",,,
4730,Дорога на Москву: Драма в 4-х актах.,"ОСИН, Дмитрий Дмитриевич.",,,
4731,Дорога на океан: Роман.,"ЛЕОНОВ, Леонид Максимович.",,,
4732,Дорога на перевал: Стихи.,"ЛАШКОВ, Игорь Вячеславович.",,,
4733,"Дорога на перевал: Стихи, поэма.","СЫСОИКОВ, Михаил Павлович.",,,
4734,Дорога на простор: Роман.,"САФОНОВ, Вадим Андреевич.",,,
4735,Дорога на Родину: Киноповесть. Рассказы.,"ВАСИЛЬЕВ, Александр Сергеевич.",,,
4736,Дорога на Рюбецаль.,"ГУРО, Ирина.",,,
4737,Дорога на эшафот: Повесть.,"СЕГАЛ, Елена Александровйа.",,,
4738,Дорога на юг: (Южфронт—1919). Историческая хроника в 4-х д.,"ПРУТ, Иосиф Леонидович.",,,
4739,Дорога над кручей: Рассказы.,"АМИТОВ, Эмиль Османович.",,,
4740,Дорога начинается в Москве: (Рассказы).,"СОКОЛОВ, Василий Дмитриевич.",,,
4741,Дорога начинается с шага.,"МАГ-НУШЕВСКИИ, Константин Павлович.",,,
4742,Дорога не кончается за горизонтом: Повесть.,"ЧУБАКОВА, Вера Сергеевна.",,,
4743,Дорога никуда: Роман.,"ГРИН, Александр.",,,
4744,Дорога номер один.,"ЕВТУШЕНКО, Евгений Александрович.",,,
4745,Дорога остается: Очерки.,"БИКМУХАМЕТОВ, Роберт Гатович.",,,
4746,Дорога открыта: Рассказы.,"АРТЕМЬЕВ, Александр Спиридонович.",,,
4747,Дорога открытий: Повесть о Жуковском.,"АРЛАЗАРОВ, Михаил Саулович.",,,
4748,Дорога первых: Пьеса в 3-х д.,"САЛЫНСКИЙ, Афанасий Дмитриевич.",,,
4749,"Дорога по радуге: Стихи и поэмы, 1925—1935.","КИРСАНОВ, Семен Исаакович.",,,
4750,Дорога победы: Роман.,"РУБИНШТЕЙН, Лев Владимирович.",,,
4751,Дорога под ветром.,"ТРУХАНОВ, Владимир Иванович.",,,
4752,Дорога под небом.,"КАРПЕКО, Владимир Кириллович.",,,
4753,Дорога под огнем: Стихи.,"РЕШЕТНИКОВ, Леонид Васильевич.",,,
4754,Дорога под парусами: Повесть.,"МЕРКУЛОВ, Андрей Георгиевич.",,,
4755,Дорога под яворами: Стихи.,"МА-ЛЫШКО, Андрей Самойлович.",,,
4756,Дорога под ясенями: Роман.,"САУ-ЛИТ, Бруно Рейнович.",,,
4757,Дорога призвания: Роман.,"БАГРА-НОВСКИИ, Виктор Митрофанович.",,,
4758,Дорога приключений:     Повесть.,"ГАБДРАХМАНОВ, Раис Бикмухаметович.",,,
4759,Дорога с продолжением.,"СКОРОХОДОВ, Михаил Аркадьевич.",,,
4760,Дорога света: Стихи.,"ГИТОВИЧ, Александр Ильич.",,,
4761,Дорога свободы.,"ФАСТ, Ховард (ФАСТ, Говард).",,,
4762,"Дорога сворачивает к нам: Повесть для мальчиков и девочек, а также для взрослых.","СЛУЦКИС, Миколас Гецелевич.",,,
4763,Дорога сильных: Документальная повесть.,"МЕДНИКОВ, Анатолий Михайлович.",,,
4764,Дорога сильных: [Документальная повесть].,"РАННЕТ, Эгон Николаевич.",,,
4765,Дорога сквозь заросли: Повести и рассказы.,ЛУКАШЕВИЧ,,,
4766,"Дорога сквозь смерть: Три невыдуманных рассказа о тех, кто пережил трагедию июньских дней сорок первого года, сражался в рядах французских франтиреров, выстоял и победил в застенках Маутхаузена.","АРДАШЕВ, Михаил Александрович.",,,
4767,Дорога смелых: (Тридцать дней в альпинистском лагере). Повесть.,"СПИРИДОНОВ, Василий Николаевич.",,,
4768,Дорога солдата.,"МИЛЬЧАКОВ, Владимир Андреевич.",,,
4769,Дорога счастья. Поэма.,"ЭГАМ, Рахим (РАХИМ, Эгам).",,,
4770,Дорога счастья: Роман.,"ПОПКОВ, Алексей Васильевич.",,,
4771,Дорога теней: Рассказы.,"СПАССКИЙ, Сергей Дмитриевич.",,,
4772,Дорога-только одна: Роман.,"САН-БАЕВ, Сантимжан Камзиевич.",,,
4773,Дорога тополей: Роман.,"ЛИПКАН, Александр Михайлович.",,,
4774,Дорога уходит в горы: Повесть.,"КАРАМАТОВ, Сагдулла Музафарович.",,,
4775,Дорога уходит в даль...: Повесть.,"БРУШТЕЙН, Александра Яковлевна.",,,
4776,Дорога уходит вдаль: Стихи и поэмы.,"МАМБЕТОВ, Изтай Тлеулович.",,,
4777,Дорога уходит за околицу: Повесть Рассказы. Очерки.,"РЫЛЕНКОВ, Николай Иванович.",,,
4778,Дорога храбрых: Стихи.,"КРИВЕНКО, Евгений Иванович.",,,
4779,Дорога цветов: Комедия в 4-х д.,"КАТАЕВ, Валентин Петрович.",,,
4780,Дорога через весну: Рассказы и очерки.,"МИНУТКО, Игорь Александрович.",,,
4781,Дорога через лес: Повесть.,"ТОО-МИНГ, Освальд Александрович.",,,
4782,Дорога через мост.,"ПРОКОФЬЕВ, Александр Андреевич.",,,
4783,Дорога через ночь: [Повесть].,"КРАМИНОВ, Даниил Федорович.",,,
4784,Дорога через ночь: [Пьеса].,"ВАЙ-ГУР, Энн Якубович.",,,
4785,Дорога через перевал.,"ЩЕРБА-НОВСКИЙ, Олег Сергеевич.",,,
4786,Дорога через сердце: Роман.,"КОЧЕТКОВ, Геннадий Петрович.",,,
4787,Дорога через фронт: Записки партизана.,"ВИНОГРАДОВ, Иван Васильевич.",,,
4788,Дорога чести:     Роман-хроника.,"АЗАРХ, Раиса Моисеевна.",,,
4789,Дорогами большой войны: Очерки.,"ЗАКРУТКИН, Виталий Александрович.",,,
4790,Дорогами бурь: Стихи и поэмы.,"ЛОБАНОВ, Леонид Григорьевич.",,,
4791,Дорогами весны: Стихи.,"БРОДСКИЙ, Александр Исаакович.",,,
4792,Дорогами ветров: Роман.,"СВЕТИНА, Тоне.",,,
4793,Дорогами ветров: [Стихи].,"АДАМОВ, Альберт.",,,
4794,Дорогами войны: Рассказы.,"КОЖЕВНИКОВ, Вадим Михайлович.",,,
4795,Дорогами войны: Сборник рассказов и очерков.,"МИЛЬЧАКОВ, Владимир Андреевич.",,,
4796,Дорогами войны: [Стихи].,"ДОЛМАТОВСКИЙ, Евгений Аронович.",,,
4797,Дорогами времен: Стихи и поэмы.,"ДЖАСМЭ, Джалил Осоевич.",,,
4798,Дорогами двух океанов.,"ТЕНДЮК, Леонид Михайлович.",,,
4799,Дорогами Европы.,"ЭРЕНБУРГ, Илья Григорьевич.",,,
4800,Дорогами жизни: [Рассказы].,"БАРСКИЙ, Лев Миронович.",,,
4801,Дорогами жизни: Стихотворения и поэмы.,"НАГНИБЕДА, Микола.",,,
4802,Дорогами испытаний.,"НЕДВИГИН, Николай Архипович.",,,
4803,"Дорогами побед: Одесса, Крым, Севастополь.","СОБОЛЕВ, Леонид Сергеевич.",,,
4804,Дорогами побед: [Очерки].,"Р АХМАТ, Адхам.",,,
4805,Дорогами юности.,"ЦЮПА, Иван Антонович.",,,
4806,Дорогая гостья: Пьеса в 1-м д.,"САМОЧЕРНОВА, Мария Васильевна.",,,
4807,Дорогая дешевка.,"ЕГОЖИН, Д.",,,
4808,Дорогая душа.,"ПОЛЯКОВ, Сергей Павлович.",,,
4809,Дорогая могилка: Рассказ из 1812 г.,"КОМАРИНЕЦ, Антон.",,,
4810,Дорогая моя: Стихи.,"ТУРСУН-ЗАДЕ, Мирзо.",,,
4811,Дорогая моя жизнь.,"САВОСТИН, Николай Сергеевич.",,,
4812,Дорогая моя мама: Роман.,"БАК-БЕРГЕНОВ, Саурбек.",,,
4813,Дорогая . моя Сибирь: Стихи.,"МОЛЧАНОВ-СИБИРСКИЙ, Иван Иванович.",,,
4814,Дорогая редакция...: Очерки.,"ВИГ-ДОРОВА, Фрида Абрамовна.",,,
4815,Дорогая редиска.,"ГОХШТЕТТЕР, Густав. ",,Телеграмма...,
4816,Дорогая уха: Фельетоны.,"ЯЩЕН-КО, Николай Тихонович.",,,
4817,Дороге нет конца: [Очерки].,"БЕЛКИНА, Мария Осиповна.",,,
4818,Дороге нет конца: Рассказы.,"МАР-КУША, Анатолий.",,,
4819,Дороге нет конца: Роман.,"КОЖЕВНИКОВ, Николай Павлович.",,,
4820,Дороги: (Жизнь человека). Народная драма в 2-х ч.,"ХУХАШВИЛИ, Георгий Михайлович.",,,
4821,Дороги: [Очерки].,"СОФРОНОВ, Анатолий Владимирович.",,,
4822,Дороги: Очерки.,"ТИТОВ, Василий Сергеевич.",,,
4823,Дороги: Повесть.,КАШНИКОВ. ,,,
4824,Дороги: Повесть.,"СЕРОВ, Николай Васильевич.",,,
4825,Дороги: [Пьеса].,"МАКАРСКАЯ, Тамара.",,,
4826,Дороги: Стихи.,"АНАНКО, Алек ",,,
4827,Дороги: Стихи.,"ВИЛКОМИР, Леонид Вульфович.",,,
4828,Дороги: Стихи.,"ГОЛОДНЫЙ, Михаил.",,,
4829,Дороги; Стихи.,"КАЦ, Григорий Михайлович.",,,
4830,Дороги: (Стихи).,"МЕТЕЛИЦА, Семен Борисович.",,,
4831,Дороги: Стихи.,"ОБРАДОВИЧ, Сергей Александрович.",,,
4832,Дороги: Стихи.,"ОТАРОВ, Керим Сарамурзаевич.",,,
4833,Дороги: (Стихи).,"ПЕТРОВ, Юрий Данилович.",,,
4834,Дороги:   Стихи.,"ПОЧИВАЛИН, Николай Михайлович.",,,
4835,Дороги: Стихи.,"ПРИЦКЕР, Анатолий Самойлович.",,,
4836,Дороги:   Стихи.,"РОМАНЕНКО, Анатолий Семенович.",,,
4837,Дороги: [Стихи и поэма].,"ПИЛИПЕНКО, Михаил Михайлович.",,,
4838,Дороги без следов: Роман.,"АЛЕШКО, Антон Антонович.",,,
4839,Дороги  в горах: Роман. Кн. 1.,"ДВОРЦОВ, Николай Григорьевич.",,,
4840,Дороги в мир: Стихи и песни.,"КЕЖУН, Бронислав Адольфович.",,,
4841,Дороги вглубь.,"ОХОТНИКОВ, Вадим Дмитриевич.",,,
4842,Дороги ведут в Арктику.,"ГРИГОРЬЕВ, Григорий Карлович.",,,
4843,Дороги ведут к людям: Повесть.,"ЮРЬЕВ, Евграф Петрович.",,,
4844,Дороги ведут на Запад: Книга стихов. Январь—май 1942 г. Западный фронт.,"СУРКОВ, Алексей Александрович.",,,
4845,Дороги воспоминаний.,"МИНКОВСКИЙ, Александр.                     ",,,
4846,Дороги-встречи.,"НАГИБИН, Юрий Маркович.",,,
4847,"Дороги, годы, города.","ШУБИН, Павел Николаевич.",,,
4848,"Дороги дальние: Повести, рассказы.","ЖУКОВСКИЙ, Владимир Степанович.",,,
4849,Дороги дальние: Рассказы и очерки.,"СЕВЕРОВ, Петр.",,,
4850,Дороги дальние: [Стихи].,"ШЕРЕ-ШЕВСКИЙ, Лазарь Вениаминович.",,,
4851,"Дороги, дороги...: Очерки.","ДАРМО-ДЕХИН, Владимир Григорьевич.",,,
4852,"Дороги, дороги...: Повесть. Рассказы.","ХАСАНОВ, Махмут Максудович.",,,
4853,Дороги дружбы.,"ЛИХАРЕВ, Борис Михайлович.",,,
4854,Дороги Европы.,"ЭРЕНБУРГ, Илья Григорьевич.",,,
4855,Дороги жизни: [Повести и рассказы].,"ВИЛЬДЕ, Ирина.",,,
4856,Дороги жизни: Роман в 3-х ч.,"ЖУРАВЛЕВА, Валентина Романовна.",,,
4857,Дороги жизни: Стихи.,"ДОМОВИ-ТОВ, Николай Федорович.",,,
4858,Дороги зовут: Повесть и рассказы.,"ЕМЕЛЬЯНОВ, Евгений Петрович.",,,
4859,Дороги зовут: Рассказы.,"КОЛУН-ЦЕВ, Федор.",,,
4860,Дороги зовут: Сибирские повести.,"ВОЛОШИН, Александр Никитич.",,,
4861,Дороги зовут: Стихи.,"ГАРНА-КЕРЬЯН, Ашот Георгиевич.",,,
4862,"Дороги, зовущие в даль.","КАЛАШНИКОВ, Николай Карпович.",,,
4863,Дороги и встречи: [Очерки].,"БРАГИН, Алексей Иванович.",,,
4864,Дороги и встречи: [Очерки].,"НАСЕДКИН, Филипп Иванович.",,,
4865,Дороги и годы: Избранное. [Стихи и поэма].,"КАЛАШНИКОВ, Иван Федорович.",,,
4866,Дороги и годы: Роман.,"АПРЕСЯН, Ваграм Захарович.",,,
4867,Дороги и думы: Стихи разных лет.,"РЕШЕТОВ, Александр Ефимович.",,,
4868,Дороги и звезды: Стихи.,"ГЛАЗКОВ, Николай Иванович.",,,
4869,Дороги и крылья: (Стихи и поэмы).,"КАНОАТОВ, Мумии (КАНОАТ, Мумии).",,,
4870,Дороги и мечты: Стихи.,"МАЗУРИН, Георгий Александрович.",,,
4871,Дороги и судьбы: Стихи и поэма.,"АРТЫКБАЕВ, Качкынбай.",,,
4872,Дороги к звездам: Роман.,"ФРАДКИН, Борис Захарович. ",Дорога к звездам.,,
4873,Дороги к сердцу.,"АКУЛИНИН, Василий Иванович.",,,
4874,Дороги к солнцу: Стихи.,"ЗЕМНОЙ, Вадим Павлович.",,,
4875,Дороги к счастью: (Звездные дороги). Лирическая музыкальная комедия в 3-х д.,"РУБАН, Николай Осипович.",,,
4876,"Дороги, которые мы выбираем: Драма. В 3-х д.","ЗАРУДНЫИ, Микола (ЗАРУДНЫЙ, Николай Яковлевич).",,,
4877,"Дороги, которые мы выбираем: Повесть.","ТУРИЧИН, Илья Афроимович.",,,
4878,"Дороги, которые мы выбираем: Роман.","ЧАКОВСКИЙ, Александр Борисович.",,,
4879,Дороги лежат на земле: Повести и рассказы.,"ХАВПАЧЕВ, Хажбекир Хаба-лович.",,,
4880,Дороги лет моих: Стихи и «Канадская тетрадь».,"ПИДСУХА, Александр Николаевич.",,,
4881,Дороги любви.,"БАЗОРКИН, Идрис Муртузович.",,,
4882,Дороги мира.,"РЯДЧЕНКО, Иван Иванович.",,,
4883,Дороги моего края: Стихи.,"АВ-РАМЧИК, Микола (АВРАМЧИК, Николай Яковлевич).",,,
4884,Дороги молодости: Избранные стихи.,"УШКОВ, Георгий Александрович.",,,
4885,Дороги мужества.,"ИВАНЧЕНКО, Александр Семенович.",,,
4886,Дороги на Берлин: Стихи.,"ЗЕМНОЙ, Вадим Павлович.",,,
4887,Дороги на Украину: Новеллы.,"ПИВТОРАДНИ, Василий Ильич.",,,
4888,"Дороги, нами разведанные: Повести, очерки, рассказы.","ОВЕЧКИН, Валентин Владимирович.",,,
4889,Дороги наступления.,"КОНДРА ТЕНКО, Виктор Андреевич.",,,
4890,"Дороги начинаются в юности. ЕЛАХОВСКИИ, Станислав Борисович.","СЕДОВ, Аркадий Владимирович.",,,
4891,Дороги начинаются с тропинки: Повесть.,"СИ ГУНОВ, Петр Николаевич.",,,
4892,Дороги не кончаются: Повесть.,"РУБАНОВИЧ, Анна Леонтьевна.",,,
4893,Дороги новый поворот: Книга сти хов.,"ОЗЕРОВ, Лев Адольфович.",,,
4894,Дороги песни: Рассказы. Повесть.,"ОНИЩЕНКО, Олег Климентьевич.",,,
4895,Дороги поколения: Поэмы.,"МУШ-НИК, Сергей Михайлович.",,,
4896,Дороги поэзии.,"ГЛОТОВ, Василий Иванович.",,,
4897,"Дороги родные: Очерки, зарисовки, репортаж.","МЕСХИ, Ия Семеновна.",,,
4898,Дороги сердца: Стихи и переводы.,"СНЕГОВА, Ирина Анатольевна.",,,
4899,Дороги скрестились в Минске: Документальная повесть.,"НОВИКОВ, Иван Григорьевич.",,,
4900,Дороги сходятся: Повесть.,"СУПЛА-ТОВИЧ, Станислав (САТ-ОКХ), РАСУЛОВА, Антонина Леонидовна.",,,
4901,Дороги сходятся: [Стихи].,"ЛИ-СИНСКИЙ, Александр Георгиевич.",,,
4902,Дороги товарищей: Роман.,"ЛОГИНОВ, Виктор Николаевич.",,,
4903,Дороги утра: Стихи и поэма.,"ОТАРОВ, Керим Сарамурзаевич.",,,
4904,Дороги уходят в завтра: Очерк.,"ИЮЛЬСКИЙ, Ростислав Владимирович.",,,
4905,Дороги юности.,"СОКОЛ, Владимир.",,,
4906,Дорогие аплодисменты: Рассказы.,"КАРМЕН, Л. О.",,,
4907,Дорогие гости: Комедия в 1-м д.,"ФАБРИЦИУС (КИСЕЛЕВА, Валентина Владимировна).",,,
4908,Дорогие гости: [Повести и рассказы].,"УСТИНОВИЧ, Николай Станиславович.",,,
4909,Дорогие гости: Рассказ.,"ЛЕНЧ, Леонид.",,,
4910,Дорогие Друзья: [Стихи].,"БАБА-ДЖАН, Рамз.",,,
4911,Дорогие друзья: [Стихи и поэмы].,"ВОРОНЬКО, Платон Никитич.",,,
4912,Дорогие звери.,"ПРИШВИН, Михаил Михайлович.",,,
4913,Дорогие земляки.,"ГРИБАЧЕВ, Николай Матвеевич.",,,
4914,Дорогие люди — человеки: Стихи.,"ВЕРЮТИН, Валерий Иванович.",,,
4915,Дорогие мальчишки:       Рассказ.,"МАЛЬЦЕВА, Мария Александровна.",,,
4916,Дорогие места; Рассказы и очерки.,"БОРЗЕНКО, Сергей Александрович.",,,
4917,Дорогие минуты: Пьеса в 4-х д.,"НАСРЕТДИНОВ, Гамир Гарипович.",,,
4918,Дорогие мои земляки: Стихи.,"НА-ВОЛОЧКИН, Николай Дмитриевич.",,,
4919,Дорогие мои краснодонцы.,"КОЛО-ТОВИЧ, Анна Дмитриевна, ОСИНИН, Николай Петрович.",,,
4920,Дорогие мои люди: [Очерки].,"СТАРКОВ, Абрам.",,,
4921,Дорогие мои люди: Рассказы.,"КУЗНЕЦОВ, Геннадий Михайлович.",,,
4922,Дорогие мои мальчишки: Коман-досы рыбачьего затона. Повесть.,"КАССИЛЬ, Лев Абрамович.",,,
4923,Дорогие сигары.,"ГРОЛЛЕР, Бал-дуин. ",,Крупная кража...,
4924,Дорогие черты: Из записной книжки писателя.,"ХАЗАНОВИЧ, Юрий Яковлевич.",,,
4925,Дорогие черты: Рассказы о Ленине.,"АНТОНОВ, Сергей Федорович.",,,
4926,Дороговизна: (Урок ревнивым женам). Миниатюра в 1-м д.,"ЛИСЕНКО-КО-НЫЧ, Иван Кононович.",,,
4927,Дорогое время.,"АГРАНОВИЧ, Леонид Данилович, ЛИСТОВ, Семен.",,,
4928,Дорогое мое Приволжье.,"КЕКТЕ-ЕВ, Эльдя Маштыкович.",,,
4929,Дорогое солнце.,"БАХРЕВСКИИ, Владислав Анатольевич.",,,
4930,Дорогое счастье: (Инал). Пьеса в 2-х д.,"ЦАЛИКОВ, Маирбек Курманович.",,,
4931,Дорогой бессмертия: Рассказы.,"ВЕРШИ ГОРА, Петр Петрович.",,,
4932,Дорогой борьбы: Роман и рассказы.,"КОЦЮБА, Гордей Максимович.",,,
4933,Дорогой Владимир Ильич...,"ПРИ-ВАЛЬСКИИ, Всеволод Михайлович.",,,
4934,Дорогой времени.,"КРАПЧАН, Борис.",,,
4935,Дорогой гость: Московская быль.,"ЧЕРСКИЙ, Леонид Федорович.",,,
4936,Дорогой гость: Сборник рассказов.,"ДРУЖИНЙН, Гавриил Федорович.",,,
4937,Дорогой гость: (Святочный рассказ).,"ВУЧЕТИЧ, Николай Гаврилович.",,,
4938,Дорогой гость: Юмористические рассказы.,"У ЯР, Хведер.",,,
4939,Дорогой доблести: Поэма.,"СУСЕ-ЕВ, Аксен Илюмджинович.",,,
4940,Дорогой жизни: Драма в 3-х актах.,"МЕРКУШКИН, Григорий Яковлевич.",,,
4941,Дорогой жизни: Рассказ.,"АКПЕРОВ, Акпер Курбан оглы.",,,
4942,Дорогой жизни: Стихи и поэмы.,"КАЗАКОВ, Миклай.",,,
4943,Дорогой камень: Рассказ.,"МАМИН-СИБИРЯК, Дмитрий Наркисович.",,,
4944,Дорогой мальчик: Комедия-памфлет. В 2-х ч.,"МИХАЛКОВ, Сергей Владимирович. ",Золотой мальчик.,,
4945,Дорогой мира: Стихи.,"РЯБУХА, Дмитрий Евдокимович.",,,
4946,Дорогой мира: Стихи.,"ХАУСТОВ, Леонид Иванович.",,,
4947,Дорогой мой человек: Роман.,"ГЕРМАН, Юрий Павлович.",,,
4948,Дорогой мой человек: Стихи.,"БЯ-ЛОСИНСКАЯ, Нина Сергеевна.",,,
4949,Дорогой мужества: Очерки.,"ГРИБОВ, Юрий Тарасович.",,,
4950,Дорогой на Запад: Фронтовые стихи.,ТОБОЛЬСКИЙ,,,
4951,"«Дорогой наш Глеб Иванович...»: Повесть о многотрудной, но славной жизни Глеба Успенского, писателя.","МИРОНОВ, Георгий Михайлович.",,,
4952,Дорогой огня: Повесть.,"ПОЛЯНСКИЙ, Анатолий Филиппович.",,,
4953,Дорогой отцов: [Очерки].,"БАХ-НИЦКИИ, Сергей Александрович.",,,
4954,Дорогой отцов: Роман.,"ЛОБАЧЕВ, Михаил Андреевич.",,,
4955,Дорогой отцов: Стихи и поэма «Юности глоток».,"ГНЕУШЕВ, Владимир Григорьевич.",,,
4956,Дорогой песен.,ТОГОЛОК МОЛ-ДО.,,,
4957,Дорогой подарок: Повесть и рассказы.,"КАЛГАН, Александр.",,,
4958,Дорогой подарок: Пьеса в 1-м д.,"ГОЛУБЕВ, Николай (СИЗОВ, Николай Трофимович).",,,
4959,Дорогой подвига.,"ЯРЫНКИН, Василий Григорьевич.",,,
4960,Дорогой подвигов: Очерки.,"ТРЕМ-БАЧ, Иван Сергеевич.",,,
4961,Дорогой портрет: Рассказы из школьной жизни.,"ТЕПЛЯКОВ, Николай Гаврилович.",,,
4962,Дорогой поцелуй: Шутка в 1-м д. (оригинальная).,"ЧИНАРОВ, Рубенс.",,,
4963,Дорогой приключений.,"ГУССА-КОВСКАЯ, Ольга Николаевна.",,,
4964,Дорогой рубин.,"БУДИЩЕВ, Алексей Николаевич. ",,Этой ночью...,
4965,Дорогой своего сердца.,"БУНЬКОВ, Семен Иванович, ТУРУНТАЕВ, Владимир Федорович.",,,
4966,Дорогой славы: Избранные произведения.,"ПАВЛЕНКО, Петр Андреевич.",,,
4967,Дорогой славы: [Очерк].,"ЖАК, Вениамин Константинович.",,,
4968,Дорогой славы: [Очерк о гвардейце Залетове].,"ВАСИЛЕВСКИЙ, Виталий Сергеевич, КАРА-ДЕМУР, С. (КАРА, Сократ Сетович).",,,
4969,Дорогой славы: Повесть.,"БАКБЕР-ГЕНОВ, Саурбек, КОЛЯГО, П.",,,
4970,Дорогой смелых: Очерки.,"КОЗЛОВСКИЙ, Владимир Николаевич.",,,
4971,Дорогой смелых: Рассказы о балтийских разведчиках.,"УДАЛОВ, Иван Александрович.",,,
4972,Дорогой ты мой человек: Рассказы.,"ЕВСИКОВ, Иван Федорович.",,,
4973,Дорогой хлеб науки: Рассказ.,МАМИН-СИБИРЯК. ,,,
4974,Дорогой ценой: (Antony/. Драма в 4-х д.,"ДЮМА, Александр (отец). ",Атони.,,
4975,Дорогой ценой: Драма в 4-х д.,ВОЛЬНЫЙ,,,
4976,Дорогой ценой: Повесть.,"ПОПОВ, Виктор Михайлович.",,,
4977,Дорогой ценой: Роман.,"НАЗАРЬЕВА, Капитолина Валериановна.",,,
4978,Дорогой чести: [Повесть].,"ГЛИНКА, Владислав Михайлович.",,,
4979,Дорогой чести: [Рассказ].,"НИКИТИН, Сергей Исакович.",,,
4980,Дорогой Щорса: Рассказы.,"СЕРГЕЕНКО, Михаил Михайлович.",,,
4981,Дорогою боев — дорогою побед!: Фронтовые стихи.,"СЕДЫХ, Николай И.",,,
4982,Дорогою детства: Рассказы.,"СУ-РЕЕВ, Петр Алексеевич.",,,
4983,Дорогою лавин: Рассказы.,"СОКОЛОВ, Герман Абрамович.",,,
4984,Дорогою песни: Стихи и поэма-песня.,"БРАТУНЬ, Ростислав Андреевич.",,,
4985,Дорогою фронтов: Ленинградские стихи.,"ТРИФОНОВ, Георгий Александрович.",,,
4985а,Дорогу женщине!: Сцена в 1-м д.; Тина: (Победители). Комедия в 3-х д. (Сюжет заимствован из рассказа А. Чехова).,"БЕРЖЕ, Владимир Адольфович.",,,
4986,Дорогу мужу: Миниатюра в'1-м д.,"БУРДЭ, Эдуард (БУРДЕ, Эдуард).",,,
4987,"Дорогу нам, дорогу!: Драма в 7-ми карт.","СМИРНОВ, П.",,,
4988,Дорогу одолеет идущий: Повести и рассказы.,"АШИРОВ, Чары, ЗОТОВ, Дмитрий.",,,
4989,Дорогу осилит идущий: Избранные произведения.,"ЛОРДКИПАНИДЗЕ, Константин Александрович.",,,
4990,Дорогу осилит идущий: Роман.,"ЛЮКОВ, Валентин Иванович, ПАНОВ, Юрий Алексеевич.",,,
4991,Дорогу осилит идущий: Стихи.,"ВЫЛЕГЖАНИН, Илья Михайлович.",,,
4992,Дороже всего: Повесть.,"ТАЛВИР, Алексей.",,,
4993,Дороже всего: Повесть.,"ТОЛЧИН-СКИИ, Юрий Израилевич.",,,
4994,Дороже всех сокровищ мира: Сказки.,"ЭИДЛИН, Самуил Матвеевич.",,,
4995,Дороже жизни: Повести и рассказы.,"ЛИСТ, Павел.",,,
4996,Дороже жизни: Пьеса в 3-х д.,"ИОХИМОВИЧ, Давид Исаевич (ЗОЛОТОВ, Давид), ОМБЫШ-КУЗНЕЦОВ, Сергеи Осипович.",,,
4997,Дороже жизни: Роман.,"КОВИН, Леонид Иванович.",,,
4998,Дороже жизни: [Стихи].,"БЕРЕЗ-НИЦКИИ, Евгений Николаевич.",,,
4999,Дороже золота: [Очерк].,И. Ф.,,,
5000,Дороже золота: Сказки и были Соленой земли.,"ЛЯЛИЦКАЯ, Софья Дмитриевна.",,,
5001,Дороже золота или Сказка о соляном источнике: Пьеса в 6-ти карт.,"ФЕЛЬ-БАХ, Лена.",,,
5002,Дороже хлеба: Стихи.,"КАМЕНЕЦКИЙ, Гирш Мордухович.",,,
5003,Дороже яхонтов: Роман. Ч. 1—2.,"ТРАФФОРД (РИДДЕЛ, Шарлотта Элиза Лаусон).",,,
5004,Дорожная песня:      [Рассказы].,"ПАВЛИЧЕНКО, Евгений Максимович.",,,
5005,Дорожная песня: Стихи.,"УМЕТА-ЛИЕВ, Темиркул Уметалиевич.",,,
5006—5007,Дорожная тетрадь: Песни о груде и борьбе.,"КУЗНЕЦОВ, Павел Николаевич.",,,
5008,Дорожное приключение: Шутка в 1-м д.,"BPAKKQ, Роберто.",,,
5009,Дорожное развлечение: Рассказы.,"ЗЯБЛИКОВ, В.",,,
5010,Дорожные знаки: Повесть.,"ДРИ-ПЕ, Андрей Янович.",,,
5011,Дорожные знаки: (Сатирические стихи).,"ДЫХОВИЧНЫЙ, Владимир Абрамович, СЛОБОДСКОЙ, Морис Романович.",,,
5012,Дорожные очерки.,"АТАВА, Сергей (ТЕРПИГОРЕВ, Сергей Николаевич).",,,
5013,Дорожные парни и веселые коты.,"ЛОНДОН, Джек.",,,
5014,Дорожные стихи.,"СИМОНОВ, Константин Михайлович.",,,
5015,Дорожный мастер Саламатин: Бытовые сцены в 4-х д.,"КОЖЕВНИКОВ, Валентин Алексеевич.",,,
5016,Дорожный товарищ; Кое-что: Сказки.,"АНДЕРСЕН, Ганс-Христиан.",,,
5017,Дороти Фэрфакс и ее сын: Роман.,"ВЭЧЕЛЛ, Горэис (ВЭЧЕЛЛ. Хорее Энс-ли).",,,
5018,Дорошев яр: Поэма.,"ГЕРАСИМЕНКО, Юрий Георгиевич.",,,
5019,Дорошенко: [Поэма].,Имя авт. не установлено.,,,
5020,Досвитки: (Из нравов степной слободы).,"ДМИТРИЕВА, Валентина Иововна.",,,
5021,Доска соревнования: На ликвидацию прорыва.,"МАРШАК, Самуил Яковлевич.",,,
5022,Доспехи славы или Нечаянная доблесть: Комедия в 3-х д.,"ЮРЬИН, Юр.",,,
5023,Досрочный выпуск: Роман.,"ШАПОШНИКОВА, Софья Сауловна.",,,
5024,Достать до себя: Поэма. Стихи.,"ХАКИМОВ, Рамиль Гарафович.",,,
5025,Достигаев и другие: Пьеса в 3-х д.,"ГОРЬКИЙ, Максим. ",Василий Достигаев и другие.,,
5026,Достоверная повесть.,"КИРИЛЛОВ, Григорий Иванович.",,,
5027,"Достоинства женщин, поэма в стихах.","ЛЕГУВЕ, Габриэль Мари.",,,
5028,Достоинство: Поэма.,"ВАСИЛЬЕВ, Сергей Александрович.",,,
5029,Достойные счастья: Драма в 3-х д.,"ДОБРОВОЛЬСКИЙ, Пион Артемьевич.",,,
5030,Достойные счастья: Повесть.,НИ-КУЛЬКОВ.,,,
5031,Достойный любви нравоучитель: Ч. 1—3.,"ЭРЛАХ, Родольф Луи.",,,
5032,Достойный сын: Драма в 2-х д.,"Б-ОН, А.",,,
5033,Достопамятные и трогательнейшие исторические повествования: возмущение антиохийцев и избиение фессалоникийцев.,"АРНОД (АРНО, Франсуа Тома Мари де Бакюлар).",,,
5034,Достопамятные события Киева в 1853 году: Стихотворения.,ДЕВИЦА Е. ,,,
5035,"Достопамятный брак царя Иоанна Васильевича Грозного: Историческая повесть, взятая из древнего новгородского предания.","ФОМИН, Николай Ильич.",,,
5036,"Достопамятный год жизни Aeiycra Коцебу или Заточение его с Сибирь и ьоз-вращение оттуда, описанное им самим.","КОЦЕБУ, Август Фридрих.",,,
5037,Достопамятный год моей жизни: Воспоминания.,"КОЦЕБУ, Август Фридрих.",,,
5038,Достопочтенный Питер Стерлинг: Роман.,"ФОРД, Поль Лестер. ",Друг народа.,,
5039,Достояние: Стихи.,"ЛЕВИН, Роман Александрович.",,,
5040,Достукался: Рассказ.,"ТЕСЛЯ, Андрей Ефимович.",,,
5041,Досуг крестьянина: Стихотворения.,"ДРОЗДОВ, Петр.",,,
5042,Досуг любителя: Несколько стихотворений.,М. Ф.,,,
5043,Досуг при свете лучины.,"МАНТЕЙФФЕЛЬ, Петр.",,,
5044,"Досуг школы: Сборник детских пьес, сценок и рассказов.","САМОВИЧ, Надежда.",,,
5045,"Досуги: [Басни, эпиграммы, мыс-лц, афоризмы].","ПРУТКОВ, Козьма.",,,
5046,Досуги: В стихах.,"ФЕДОРОВ, Григорий. ",,Невеста ратника...,
5047,Досуги: [Стихотворение].,"ГРАМ-МАТИН, Николай Федорович.",,,
5048,Досуги в стихах и прозе.,"СЕВО-СТЬЯНОВ, Константин.",,,
5049,Досуги инвалида.,"ИНВАЛИД (УШАКОВ, Василий Аполлонович).",,,
5050,Досуги красного стрелка: Стрелковый сказ стрелка Никиты.,"ДМИТРИЕВ, Николай.",,,
5051,Досуги моей юности: Стихотворения. Вып. 1.,"РОМАШКЕВИЧ, Павел.",,,
5052,Досуги поэта-самоучки.,"САРА-ЧЕВ, Василий.",,,
5053,"Досуги русского солдата: Повесть, взятая из истинного происшествия, случившегося во время последней турецкой кампании.",Имя авт. не установлено.,,,
5054,Досуги сельского жителя: Стихотворения русского крестьянина.,"СЛЕПУШ-КИН, Федор Никифорович.",,,
5055,Досуги старого судьи: Кн. 1—3.,"ЛЕБЕДА, Сергей.",,,
5056,Досуги уединения.,В. А.,,,
5057,Досуги узника.,"ЛЮБИМОВ, Николай Иванович.",,,
5058,Досужий получас: Рассказы. Вып. 1—3.,"БРИЛЛИАНТОВ, Алексей Георгиевич.",,,
5059,Досужные вечера.,"РАЕВИЧ, Иван Александрович.",,,
5060,Досье авантюриста: Пьеса в 2-х д.,"НЕЧАЕВ, Андрей.",,,
5061,Дот и ее сокровища.,"МИД, Лили Томас.",,,
5062,Дотаевцы: Драма в 5-ти д.,"БРЕН-КО, Анна Алексеевна.",,,
5063,Дотошные люди.,"КОЗЫРЕВ, Михаил Яковлевич.",,,
5064,Дотошные мужики.,"ЗЕЛЕНСКИЙ, Виталий Иванович.",,,
5065,"Дотянись до звезды камчой: Рассказы,, очерки.","БАХАРЕВА, Елена Васильевна.",,,
5066,Доходное место: Комедия в 5-ти д.,"ОСТРОВСКИЙ, Александр Николаевич.",,,
5067,Доходный дом: Рассказы.,"САБА-ХАТТИН, Али.",,,
5068,«Доходный дом» и другие рассказы.,"ЮТАНОВ, Владимир Павлович.",,,
5069,Дохунда: Роман.,"АЙНИ, Садрид-дин Саид Мурадович.",,,
5070,Дочери; Без свидетелей: Рассказы.,"ПОПОВ, Владимир Федорович.",,,
5071,Дочери: Комедия в 3-х д.,"ДЕДЮ-ХИН, Василий Аполлонович.",,,
5072,Дочери аула: Очерки в стихах.,"БЕРЕТАРЬ, Хамид Яхьевич, РЕЗНИКОВ, Павел Ефимович.",,,
5073,Дочери Гекубы: Роман.,"ФИБИХ, Клара.",,,
5074,Дочери графа Окберна: Роман.,"ВУД, Эллен. ",Дочери лорда Окбурн.,,
5075,Дочери Каина: Роман.,"ПИРС, Этта.",,,
5076,Дочери командора: Роман.,"ЛИ, Юнас (ЛИ, Ионас Лорик).",,,
5077,Дочери лорда Окбурн: Роман.,"ВУД, Генри (ВУД, Эллен).",,,
5078,«Дочери покойного полковника» и другие рассказы.,"МЭНСФИЛЬД, Катрин (МЭНСФИЛД, Кэтрин).",,,
5079,Дочери России.,"СМИРНОВ, Сергей Сергеевич.",,,
5080,Дочери скваттера: Роман.,"МАИН-РИД (РИД, Томас Майн).",,,
5081,Дочери труда; Его юбилей.,"ПРЕЦАНГ, Эрнст (ПРЕЧАНГ, Эрнст).",,,
5082,Дочери человеческие:   Повесть.,"МИЩЕНКО, Лидия Моисеевна.",,,
5083,Дочка: Повесть.,"ШМЕРЛИНГ, Владимир Григорьевич.",,,
5084,Дочка: Роман.,"ДОСТОЕВСКИЙ, Михаил Михайлович.",,,
5085,Дочка героя: Рассказ в стихах.,"ФИДЛЕР, Юрий Владимирович.",,,
5086,Дочкина свадьба: Рассказы.,"РЕ-КЕМЧУК, Александр Евсеевич.",,,
5087,Дочурка:   Комедия-водевиль в 3-х актах.,"ГАИДОВСКИИ, Георгий Николаевич.",,,
5088,Дочь: Драма в 4-х д.,"НОТОВИЧ, Осип Константинович.",,,
5089,Дочь: Повесть.,"БЕЛ АХОВ А, Мария Андреевна.",,,
5090,Дочь: Пьеса в 2-х д.,"НАЗАРОВ, Роальд Викторович.",,,
5091,Дочь: Стихи.,"КАЗАНЦЕВ, Василий Иванович.",,,
5092,Дочь Ада: Восточная повесть.,"ЛОБАЧЕВСКИЙ, А.",,,
5093,Дочь адвоката: Роман.,"ТРОЛЛОП, Фрэнк.",,,
5094,Дочь адыга: Повесть в стихах.,"ГАДАГАТЛЬ, Аскер Магамудович.",,,
5095,Дочь актрисы: Роман.,"МАЛО, Гектор.",,,
5096,Дочь Альбиона; Надлежащие меры; Скорая помощь; Справка; Радость.,"ЧЕХОВ, Антон Павлович.",,,
5097,Дочь Аннама: Роман.,"ЭСМ, Жан ",,,
5098,Дочь-артистка: (Любовь к искусству). Комедийка в 1-м д.; Надгробные памятники: Комедийка в 1-м д.,"ТРУБИН, Иван Семенович.",,,
5099,Дочь бакенщика: Повесть.,"ГУБАЙ, Тариф.",,,
5100,Дочь бандита: Повесть.,УЙДА.,,,
5101,Дочь банкира.,"СЕМИРОД, Иван Петрович.",,,
5102,Дочь болотного царя.,"АНДЕРСЕН, Ганс-Христиан. ",Дочь трясинного царя.,,
5103,Дочь букиниста: Роман.,"ПОМЕРАНЦЕВ, Владимир Михайлович.",,,
5104,Дочь булочного мастера: Роман. Ч. [1]—3.,"Г...Н (ГОЛИЦЫН, Григорий Григорьевич).",,,
5105,Дочь века: Драма в 5-ти д. А.,"И. С. (СУМБАТОВ, Александр Иванович).",,,
5106,Дочь века: Роман в стихах.,"САЛА-МАНОВ, И.",,,
5107,Дочь венгерского вождя: Историческая повесть.,"ЛИНДЕН, Ада.",,,
5108,Дочь весталки: Роман.,"ПИРАГИС, Леонард Юлианович.",,,
5109,Дочь Виктории Павловны: Роман в 3-х повестях.,"АМФИТЕАТРОВ, Александр Валентинович.",,,
5110,Дочь Вильгельма П-го: Придворный скандал.,"ГРАФ АМОРИ (РАПГОФ, Ипполит Павлович).",,,
5111,Дочь воздуха; Тюрьма убийств: Роман.,ШЕPP.,,,
5112,Дочь волны: Повесть из быта исландских рыбаков.,"ДУДОРОВ, П. (ОРЛОВЕЦ, П.).",,,
5112а,Дочь волны: Повесть из быта исландских рыбаков.,Имя авт. не установлено.,,,
5113,Дочь волшебницы: Сказка моего деда в 2-х ч.,"ХОРВАТ, А. Ф. [!] (ХОРВАТ, Ф. А.).",,,
5114,Дочь вора.,"ЦЕХАНОВИЧ, Александр Николаевич.",,,
5115,Дочь Востока: Повесть.,"УТЕПОВ, Шарип Гайсанович.",,,
5116,Дочь генерал-губернатора: Драма в 4-х д.,"ПУШМИН, В. Ю. (МУСИН-ПУШКИН, Всеволод Юрьевич), ЯЛЬЦЕВ, Павел Дмитриевич.                         ",,,
5117,Дочь гор.,ГАФЕЗ.,,,
5118,Дочь графа Сечени: (Рассказ из венгерской жизни).,"ПОГОНКИН, Владимир",,,
5119,Дочь графини-нищей или Женщина-зверь: Роман из действительной жизни.,"СВЕТЛОВ, П.",,,
5120,Дочь XX века: Дочь пастора. Комедия в 3-х д.,"ДРЕИЕР, Макс. ",Дочь пастора.,,
5121,Дочь дивизии: Повесть.,"ИЛЬИНА, Ольга Николаевна.",,,
5122,Дочь друга: Этюд для сцены в 1-м д.,"ТЮРИН, Николай Николаевич.",,,
5123,Дочь Дуара: Роман.,"РАИС, Елиса (РАИС, Элиса).",,,
5124,Дочь Евы: [Рассказы].,"САЯНСКИЙ, Леонид.",,,
5125,Дочь Евы: [Роман].,"БАЛЬЗАК, Оноре де.",,,
5126,Дочь Евы: Роман.,"ВЕРГА, Джованни. ",Муж Елены; Муж. •,,
5127,Дочь египетского царя: Исторический роман.,"ЭВЕРС, Георг Мориц.",,,
5128,Дочь египетского царя: (Роман в стихах); Мелкие стихотворения.,"РАГОЗИНА, Н.",,,
5129,Дочь земли: Рассказы.,"ЛОГИНОВ-ЛЕСНЯК, Павел Семенович. ","Фенька, дочь мужицкая.",,
5130,Дочь земли: [Роман].,"СМИДЛИ, Агнесса (СМЕДЛИ, Агнес).",,,
5131,Дочь зимы: Избранные стихи и поэмы.,"МИЛОВА, Галина Павловна.",,,
5132,Дочь знаменитого артиста: Комедия-водевиль.,"ШАРЛЬ (ЛИВРИ, Шарль), ВИЛЛЕНЕВ, Теодор Фердинанд.",,,
5133,Дочь Иеффая: Комедия в 1-м д.,"КАВАЛОТТИ, Феличе (КАВАЛЛОТТИ Феличе).",,,
5134,Дочь инженера: Драма в 4-х д.,"БАБИЧ, Михаил Михайлович.",,,
5135,Дочь иностранного легиона: Роман.,"БРЕШКО-БРЕШКОВСКИИ, Николай Николаевич.",,,
5136,Дочь Иоганна III: Трагедия в 5-ти д.,"РОЗЕН, Георгий Федорович.",,,
5137,Дочь Иорио: Пастушеская трагедия в 3-х д.,"Д'АННУНЦИО, Габриэле.",,,
5138,Дочь Иродов.,"ДИКСОН, Элеонора Николаевна.",,,
5139,Дочь Кавказа: Стихи.,"БАЛКАРО-ВА, Фоусат Гузеровна.",,,
5140,Дочь * казака: Роман.,"МАИ ЛИН, Беимбет Жармагамбетович.",,,
5141,Дочь каракалпака: Роман.,"КАИП-БЕРГЕНОВ, Тулепберген. ",Дочь Каракалпакии.,,
5142,Дочь Каракалпакии: Роман.,"КА-ИПБЕРГЕНОВ, Тулепберген.",,,
5143,Дочь каторжника: Повесть.,"ТИМЕ, Ф.",,,
5144,Дочь каторжника: Роман.,"ДОДЭ, Альфонс (ДОДЕ, Альфонс).",,,
5145,Дочь кацика: Эпизод из эпохи открытия Америки.,"АЛТАЕВ, Ал.",,,
5146,«Дочь китайского вельможи» и другие рассказы.,"ГОРБУНОВ-ПОСАДОВ, Иван Иванович.",,,
5147,Дочь кокотки: Роман.,"МОПАССАН, Ги де.",,,
5148,Дочь командира: Рассказы.,"ЛЕВ ЧЕНКО, Ирина Николаевна.",,,
5149,Дочь корабля: Повесть и рассказы.,"КИРЮШКИН, Виктор Владимирович.",,,
5150,Дочь короля Рене: (Иоланта). Лирическая драма. В 1-м д.,"ГЕРТЦ, Генрих (ГЕРЦ, Хенрик). ",Иоланта: (Дочь короля Рене).                        t,,
5151,Дочь кукольного комедианта: Рас-' сказ.,"ШТОРМ, Теодор. ",Петрушка; Павлушка-комедиант.,,
5152,Дочь купца: Русский народный рассказ из минувшего времени.,"ИВАНОВСКИЙ, Антон Доминикович.",,,
5153,"Дочь купца Жолобова: Роман, извлеченный из иркутских преданий. Ч. 1— 4.","КАЛАШНИКОВ, Иван Тимофеевич.",,,
5154,Дочь куртизанки: Комедия в 3-х д.,"БЕРНШТЕЙН, Генрих (БЕРНШТЕЙН, Анри).",,,
5155,Дочь куртизанки: Роман.,"САД-ЖАД ЗАХИР, Разия.",,,
5156,Дочь леди Розы: Роман.,"УОРД, Мэри.",,,
5157,Дочь лоцмана.,"КОЖЕВНИКОВ, Алексей Венедиктович.",,,
5158,Дочь Лудовика XVI или Непостоянство земного величия: Ч. 1—2.,"РЕННЕ-ВИЛЬ, Софи де (РЕНВИЛЬ, Софи де).",,,
5159,Дочь любви: Семейственная картина в 4-х д.,"ГЛИНКА, Григорий Андреевич.",,,
5160,Дочь магараджи: Роман из жизни индусов.,Н. М. Б.,,,
5161,Дочь Марана: Роман.,"ХАГГАРД, Генри Райдер.",,,
5162,Дочь маркиза де ля Сеглиер: Комедия в 4-х д.,"САНДО, Жюль.",,,
5163,Дочь Марку.,"ЛУНГУ, Раиса.",,,
5164,Дочь маршала: Повесть.,"ИВАНОВ, Всеволод Никанорович.",,,
5165,Дочь мельника: [Рассказ]; «Подарок в складчину» и другие забавные приключения.,"БУШ, Вильгельм.",,,
5166,Дочь миссионера: Рассказ из жизни американских дикарей.,"КОТС, Альфред.",,,
5167,Дочь моего села: Повести и рассказы.,"АЛЛАНАЗАРОВ, Реджеп.",,,
5168,Дочь молочника: Истинная и занимательная повесть в 5-ти ч.,Имя авт. не установлено.,,,
5169,"Дочь Монтезумы, царя Мексиканского: Исторический роман.","ХАГГАРД, Генри Райдер. ",Дочь повелителя Анахуака. •,,
5170,Дочь моря: Драма в 5-ти д.,"ИБСЕН, Генрик.",,,
5171,Дочь Нана; Одна из многих: [Рассказы].,ДОН БАЧАРА.,,,
5172,Дочь Нана: Роман из парижских нравов.,"СИРВЕН, Альфред, ЛЕВЕРДЬЕ, Анри.",,,
5173,Дочь наркома: Комическое представление в 3-х д.,"ГРИГОРОВИЧ, Нина.",,,
5174,Дочь народа: Историческая новелла.,"ПАРДО-БАЗАН, Эмилия (ПАРДО БАСАН, Эмилия).",,,
5175,Дочь народа: Историческая пьеса в 5-ти д.,"АННЕНКОВА-БЕРНАРД, Н. П. (ДРУЖИНИНА).",,,
5176,Дочь народа: Рассказ.,"КРАНДИ-ЕВСКАЯ, Анастасия Романовна.",,,
5177,Дочь оврага: (Весенняя элегия). Пьеса в 5-ти д.,"ПОТРАШКИН [!], С. (ГРИГОРЬЕВ, Сергей), ЯСТРЕБОВ, Александр Иванович.",,,
5178,Дочь огня: Роман.,"ИКРАМИ, Джа-лол Икрамович.",,,
5179,Дочь Ольды: Роман.,"ИНДЖИЕВ, Лиджи Очирович.",,,
5180,"Дочь оптимиста: Роман, рассказы.","УЭЛТИ, Юдора.",,,
5181,Дочь оружейника: Историческим роман.,"МАЙЕР, Генрих.",,,
5182,Дочь палача: Историческая повесть.,"ДОБРОНРАВОВ, Николай Евгеньевич.",,,
5183,Дочь партизана: Повесть.,"ШАРИ ПОВ, Ади (ШАРИПОВ, Адий Шарипо-вич).",,,
5184,Дочь пастора: Комедия в 3-х д.,"ДРЕЙЕР, Макс.",,,
5185,Дочь пастора: Повесть.,"ФУРМАН, Петр Романович.",,,
5186,Дочь пастора: Роман.,"ТАЙЕРБОК, Вильям.",,,
5187,Дочь повелителя Анахуака: Роман.,"ХАГГАРД, Генри Райдер.",,,
5188,Дочь пожарного: (Пожар краснопольской фабрики). Большой оригинальный роман в 2-х т.,"ЗАРИН, Андрей Ефимович.",,,
5189,Дочь полей.,"ИСТРАТИ, Панаит.",,,
5190,Дочь полковника.,ОЛДИНГТОН. ,,,
5191,Дочь посадничья: Повесть из времен Великого Новгорода и Ганзы.,"АВЕНАРИУС, Василий Петрович.",,,
5192,Дочь посла: Повесть.,"БИКЧЕН-ТАЕВ, Анвер Гадеевич.",,,
5192а,Дочь почтальона или Невеста принца. [Рассказ].,Имя авт. не установлено.,,,
5193,Дочь почтальона или Невеста принца: Роман из современной жизни.,"ФАЛЬКЕНБЕРГ, Э.",,,
5194,Дочь почтосодержателя: Патриотическая пьеса в 4-х д. из текущих событий 1914 года.,"СЕДЛЕЦКИИ, Дмитрий Николаевич.",,,
5195,Дочь привратника: Драма в 3-х д.,"АНИСЕ (БУРЖУА, Анисе), АРАГО, Этьен.",,,
5196,Дочь Прометея: Повести.,"ОЛЕЙНИК, Микола (ОЛЕЙНИК, Николай Яковлевич).",,,
5197,Дочь профессора: Роман.,"РИД, Пирс Пол.",,,
5198,Дочь Раджи: Роза Целебеса. Эпизод из борьбы малайцев против голландского владычества.,"КЮММЕЛЬ, Макс.",,,
5199,Дочь Рагуила: Роман.,"ЛАВРОВ, А. И. (КРАСНИЦКИЙ, Александр Иванович).",,,
5200,Дочь разбойника или Любовник в бочке: Народное предание времен Бориса Годунова. Ф...,"К... (КУЗМИЧЕВ, Федот Семенович).",,,
5201,Дочь революции: Посмертный сборник рассказов.,"РИД, Джон.",,,
5202,Дочь республики: Документальная повесть.,"КАРПЕНКО, Петр Георгиевич, НОСКОВ, Юрий Дмитриевич.",,,
5203,Дочь России: Документальная драма в 3-х д.,"ЧЕРЕДНИЧЕНКО, Петр Евстафьевич.",,,
5204,Дочь России: Документальная повесть.,"ЧЕРЕДНИЧЕНКО, Петр Евстафьевич.",,,
5205,Дочь ростовщика: Драма в 4-х д.,"ШПАЖИНСКИЙ, Ипполит Васильевич.",,,
5206,Дочь ростовщика: Из тайных документов знаменитого сыщика Шерлока Холмса.,Имя авт. не установлено.,,,
5207,Дочь русского актера: Шутка-водевиль в 1-м д.,"ГРИГОРЬЕВ, Петр Иванович.",,,
5208,Дочь рыбака: Роман.,"БЕГИМОВ, Асан Изимович.",,,
5209,Дочь сатаны: Роман XVIII столетия. В 3-х ч.,"Е. М. (ЕВСТИГНЕЕВ, Михаил Е.).",,,
5210,"Дочь Седого Тумана: Пьеса-сказка в 5-ти карт, в стихах. (Новая редакция пьесы «Синва»).","СТОРОЖЕВА, Мария Федоровна.",,,
5211,"Дочь сибирского палача: В высшей степени интересный роман. Вып. 1, 3, 5.","ТЯЖЕЛОИСПЫТАННЫЙ (ПРОХОРОВИЧ, Андрей Васильевич).",,,
5212,Дочь скотника: Истинная повесть. В 5-ти частях.,Имя авт. не установлено.,,,
5213,Дочь снегов.,"ЛОНДОН, Джек.",,,
5214,Дочь современного Вавилона: Комедия в 3-х д.,"ДОДЭ, Альфонс (ДОДЕ, Альфонс).",,,
5215,Дочь солдата: Повесть.,"ПОЛУЯНОВ, Иван Дмитриевич",,,
5216,Дочь солнца: Поэмы.,ЛОМИА. ,,,
5217,Дочь Солнца: Сказки народов Севера.,"СОЛОВЬЕВА, Лидия Исаевна.",,,
5218,Дочь солнца: Тысячу лет назад. Историческая повесть в 2-х ч.,"СИЗОВА, Александра Константиновна.",,,
5219,Дочь старухи Рок: Очерк.,"МОПАССАН, Ги де. ",Маленькая Рок; Малышка Рок; Девочка Рок. *,,
5220,Дочь степей: Повесть.,"КЕРДОДА, Алексей Иосифович.",,,
5221,Дочь степей: Сцены из деревенской жизни в 3-х д.,"КОБЕЛЕВА, Мария Петровна.",,,
5222,Дочь степи: Роман.,ИБРАГИМОВ. ,,,
5223,Дочь тайги: Повести.,"БАЛАБИН, Станислав Прокопьевич.",,,
5224,Дочь тайны: Повесть в стихах.,"Н. А. (СЕРГИЕВСКИЙ, Дмитрий Иванович).",,,
5225,Дочь толпы: (Роман).,"ТРОУБРИДЖ, В. (ТРАУБРИДЖ, Вильям Резерфорд).",,,
5226,Дочь трактирщика: Роман.,"ЖИВОТОВ, Николай Николаевич.",,,
5227,Дочь тряпичников: Драма в 5-ти д.,"БУРЖУА, Анисе, ДЮГЕ, Фердинанд.",,,
5228,Дочь тысячи джэддаков: (Марсиане).,"БЭРРОУЗ, Эдгар (БЕРРОУЗ, Эдгар Райс). ",Марсиане: Дочь тысячи джэддаков. Изд. также под загл.: Принцесса Марса.,,
5229,Дочь угольщика: Из «Задушевных рассказов».,ЗАСОДИМСКИИ,,,
5230,"Дочь укротителя: Рассказы, сценки, записи из блокнота.","ЧИКАРЬКОВ, Александр Васильевич.",,,
5231,Дочь укротителя: [Цыганские рассказы] .,"БЕРКОВИЧИ, Конрад.",,,
5232,Дочь улицы: (Ашантка). Комедия в 3-х д.,"ПЕЖИНСКИИ, Владимир.",,,
5233,Дочь учителя: Из опыта работы молодой учительницы.,"ПОПОВ, Николай Иннокентьевич.",,,
5234,Дочь фабрики: Повести и рассказы.,"САСЫКБАЕВ, Саткын.",,,
5235,Дочь Феба: Повесть.,"ТОЛКАЧЕВА, Л. А.",,,
5236,Дочь Черной горы: Повесть из прошлого Черногории.,"ФЕДОРОВ-ДАВЫДОВ, Александр Александрович.",,,
5237,Дочь чиновного человека: Повесть.,"ПАНАЕВ, Иван Иванович.",,,
5238,Дочь шамана.,"КОПОСОВ, Владимир Васильевич.",,,
5239,Дочь шапсугов: По мотивам народной адыгейской новеллы.,"КЕРАШЕВ, Тембот Магометович.",,,
5240,Дочь шахтера.,"ЛАРИНА, Лариса Михайловна.",,,
5241,Дочь шотландского лекаря: Ч. 1 — 2.,"СКОТТ, Вальтер.",,,
5242,Дочь Шуленги: Рассказ из жизни карагасов; Минусинские инородцы и кара-гасы в частности: Очерк.,"ИНФАНТЬЕВ, Порфирий Павлович.",,,
5243,Дочь шута: Роман в 3-х ч.,"ФУРМАН, Петр Романович.",,,
5244,Дочь Эхнатона: Исторические повести.,"МОИСЕЕВА, Клара Моисеевна.",,,
5245,Дочь Японии: Пьеса в (1-м акте.,"БОН, Фердинанд.",,,
5246,Дошалились: Рассказ.,"ЛИДАНО-ВА, Лидия.",,,
5247,Дошалились:   Рассказ.,"ФИЛА- ТОВ, П.",,,
5248,Доярки: Стихи.,"ВЕТЛУГИН, Иван Матвеевич.",,,
5249,"Драгоценная книжка для жен или Нет более дурных мужей!!!: Средство в самое короткое время из самого дурного и беспорядочного мужа сделать самого умного, кроткого и добродетельного.",МИТ-РОДОРА ВЛАСЬЕВНА.,,,
5250,Драгоценное зерно:   (Стожары). Пьеса в 3-х д.,"МУСАТОВ, Алексей Иванович.",,,
5251,Драгоценное наследство: Роман.,"ПЕРМЯК, Евгений.",,,
5252,Драгоценные зерна: Литературный сценарий.,"БУРАНОВА, Эсфирь Иосифовна.",,,
5253,Драгоценный груз.,"БЕЛАХОВА, Мария Андреевна.",,,
5254,Драгоценный дар: (Пьеса и рассказы).,"ДЕДЮХИН, Василий Аполлонович.",,,
5255,Драгоценный камень: Фантастическая повесть.,"ГУЛЯШКИ, Андрей.",,,
5256,Драгоценный клад: (Водевиль в 3-х д.).,"ВИЛ К, Артур (ВИЛКС, Артур Карлович).",,,
5257,Драгун Бритвин; Чарторийск; Отравленные лепешки;   О. Вознесенский.,"КУБЛИЦКИИ-ПИОТТУХ, В. Л.",,,
5258,Драгун и черт: Рассказ.,ТХОР-ЖЕВСКИИ.,,,
5259,Драгуны на    траве: Наброски.,"СВЕТЛОВ, Валериан.",,,
5260,Дразнящее эхо.,АНЦИФЕРОВ. ,,,
5261,Дракон: Из    жизни  животных. Записано со слов одной ящерицы.,"ЛЮ-БИЧ-КОШУРОВ, Иоасаф Арианович.",,,
5262,Дракон: Сказка.,"ПАПАЗЬЯН, В. (ПАПАЗЯН, Вртанес Месропович).",,,
5263,Дракон: Сказка в 3-х д.,"ШВАРЦ, Евгений Львович.",,,
5264,Дракон Аннама.,"ЭСМ, Жан д'.",,,
5265,Дракон возвращается.,"ХРОБАК, Доброслав.",,,
5266,Драма без слова: Из рассказов о рекрутчине.,"БАРАНЦЕВИЧ, Казимир Станиславович.",,,
5267,Драма брака: Пьеса в 4-х д.,ТАРХАНОВ,,,
5268,Драма в американских каменоломнях: Роман.,"СОРР, Анжело де.",,,
5268а,Драма в Бомонде: (Великосветская Нана). Роман в 3-х ч. (В стихах).,"ХРУЩОВ-СОКОЛЬНИКОВ, Гавриил Алек ",,,
5269,"Драма в Брюсселе: Рассказ из эпохи царствования Филиппа II, короля испанского (XVI век).","АЛТАЕВ, Ал.",,,
5270,Драма в воздухе.,"ВЕРН, Жюль.",,,
5271,Драма в Вульвичском арсенале: (Из воспоминаний о Шерлоке Холмсе). Святочный рассказ.,"ДОЙЛЬ, Артур Конан. ",Драма в арсенале.,,
5272,Драма в гарнизоне: Пьеса в 1-м д.,"ГАРТЛЕБЕН, Отто Эрих.",,,
5273,Драма в доме.,"ЮШКЕВИЧ, Семен Соломонович.",,,
5274,Драма в комедии: Комедия в 1-м д.,"ГАРИН, Дмитрий.",,,
5275,Драма в лесу: Поэма.,"БОГОМОЛОВ, Борис Дмитриевич.",,,
5276,Драма в маяке: (Страшный роман моряка).,"ИЛЬШЕВИЧ, Николай А.",,,
5276а,Драма в мертвецкой: Из приключений короля германских сыщиков Франка Гардинга.,Имя авт. не установлено.,,,
5277,Драма в Орсивале: Уголовный роман.,"ГАБОРИО, Эмиль.",,,
5278,"Драма в Петровском парке: Роман из жизни московских коммерсантов; Московские цыгане; Присяжные оправдали, а совесть осудила; Дезертир: Романтическая страничка из дневника старого кавалериста; Современный крез.","ПОПОВ, Николай Ардалионович.",,,
5279,Драма в провинции: Повесть.,"АЛЕКСАНДРОВ, К. Н.",,,
5280,Драма в старом замке: Роман в 2-х ч.,"БРЭДДОН, Мэри Элизабет.",,,
5281,Драма в стенах больницы: Романхроника.,"ЦЕХАНОВИЧ, Александр Николаевич.",,,
5282,Драма в тайге: Роман из сибирской жизни.,"ГЕЙНЦЕ, Николай Эдуардович.",,,
5283,Драма женской души: Пьеса в 4-х д.,"АКУЛОВА, Е. А. [!] (АКУЛОВА, Ефросинья Владимировна).",,,
5284,Драма жизни.,"ГАМСУН, Кнут.",,,
5285,Драма за сценой.,"НЕМИРОВИЧ-ДАНЧЕНКО, Владимир Иванович.",,,
5286,Драма из-за лирики: Пьеса в 2-х д.,"ПОЛОНСКИЙ, Георгий Исидорович.",,,
5287,Драма крестьянина:      Повесть.,"ЛИННАНКОСКИ, Иоханнес.",,,
5288,Драма крови: Роман.,"СТРИ-БЛИНГ, Томас Сигизмунд.",,,
5289,Драма мира: Мистерия в 5-ти актах.,"БОДЯНСКИЙ, Александр Михайлович.",,,
5290,Драма на Волге: Роман.,"ПАЗУ-ХИН, Алексей Михайлович.",,,
5291,Драма на дворе: Повесть.,ПОТАПЕНКО,,,
5292,Драма на Лубянке: Историческая повесть в 3-х ч. с прологом и эпилогом из эпохи 12-го года. С приложением подлинных документов о деле и казни Михаила Верещагина и воспоминаний о московском сыщике Яковлеве.,"КОНДРАТЬЕВ, Иван Кузьмич.",,,
5293,Драма на маяке: (Забытые люди). Драматический этюд в 1-м д.,"КАРПОВ-КРЫМСКИЙ, Владимир.",,,
5294,Драма на море.,"ЛОНДОН, Джек.",,,
5295,Драма на охоте.,"ЧЕХОВ, Антон Павлович.",,,
5296—5297,Драма на хуторе: Пьеса в 4-х актах для клубного и деревенского театров.,"ИГНАТОВ, Василий Васильевич.",,,
5298,Драматическая вакханалия: Дружеская карикатура в 1-м д.,"ЧУЖ-ЧУЖЕ-НИН (ФАЛЕЕВ, Николай Иванович).",,,
5299,Драматическая миссия: Повесть о Тиборе Самуэли.,"ФЕЛЬДЕШ, Петер.",,,
5300,Драматические арабески: Сцены-монологи.,"ТРОФИМОВ, А. Т.",,,
5301,Драматические курсы Крючкова: Фарс-шутка в 3-х д.,"ПЛЕЩЕЕВ, Александр Алексеевич.",,,
5302,Драматические фантазии.,"МЗАРЕ-УЛОВ, Николай Егорович.",,,
5303,Драматический букет.,"ДЕВИЦА ЭСБЕ (БУРНАШЕВА, Софья Петровна).",,,
5304,Драматург Печаткин: Шутка в 2-х д.,"БАХМЕТЬЕВ, Алексей Иванович.",,,
5305,Драматурги:   Комедия-шутка в 1-м д.,"БРУСЯНИН, Василий Васильевич.",,,
5306,Драматурги: Шарж в 1-м д.,"МИТЯЙ (ГОЛЬДШТЕЙН, Марк Михайлович) .",,,
5307,Драмы жизни.,"ШЕНГЕРР, Карл.",,,
5308,Драмы и рассказы из жизни рабочих.,"ЛАНГМАН, Филипп.",,,
5309,Драмы улицы: Пьеса в 2-х д.,"РАЙС, Эльмер Л.",,,
5310,"Драться, так драться!: Повесть.","РЯЗАНОВА, Екатерина Михайловна.",,,
5311,Древляне: Из повести.,"БЛИЗНЕЦ, Виктор Семенович.",,,
5312,"Древнее повествование о том, как львица воспитала царского сына.",Имя авт. не установлено. ,"Восточное повествование о том, как львица воспитала царского сына; История о львице, воспитавшей царского сына.",,
5313,"Древнее повествование о том, как львица воспитала царского сына.","КУКЕ ЛЬ (ЛУНИН, В. А.).",,,
5314,Древнее сказание: Роман (IX век).,"КРАШЕВСКИЙ, Юзеф Игнацы. ",Старое предание: Роман.,,
5315,"Древнее сказание о том, как черт исправил язык у тещи: Фантастическо-грагическое и смехотворное представление в 1-м д.","ШУХМИН, Христофор Алексеевич.",,,
5316,Древнее сказание об основании Колоцкого монастыря.,"СИЗОВА, Александра Константиновна.",,,
5317,Древние рассказы.,"ЛЕМЕТР, Жюль.",,,
5318,Древний путь: Рассказы.,"ТОЛСТОЙ, Алексей Николаевич.",,,
5319,Древность и молодость: Стихи и поэмы.,"МАУЛЕНОВ, Сырбай Мауленович.",,,
5320,Древняя ночь вселенной или Странствующий слепец: Эпическое творение. Ч. 1—2.,"БОБРОВ, Семен Сергеевич.",,,
5321,Древняя поэма о шахматной игре.,"ЭЙХЕНБАУМ, Яков Моисеевич.",,,
5322,Древо: Лирика.,"МОЩЕНКО, Владимир Николаевич.",,,
5323,Древо жизни.,"БЕЗРУКОВ, Леонид Михайлович.",,,
5324,Древо познания: Новела.,"ЛАНГЕ, Свен.",,,
5325,Древо познания: Роман.,"БАРОХА, Пио.",,,
5326,Древо познания: Стихи последних лет.,"ПЕРВОМАЙСКИЙ, Леонид Соломонович.",,,
5327,Древо правосудия.,"ЛАНДАУ, Георгий Александрович.",,,
5328,Древоточитель.,"ГЕР ГЕЛИ, Шандор (ГЕРГЕЙ, Шандор).",,,
5329,Дредноуты возвращаются на Запад.,"СЕВЕРОВ, Петр.",,,
5330,Дрейфус в юбке или Одесские мужья и жены: (Рассказ старого холостяка).,"СЕГОН, Дмитрий.",,,
5331,"Дрейфус и Золя: Пожизненная ссылка капитана Дрейфуса, трогательная судьба его супруги и самоотверженная защита их Эмилем Золя. Исторически-сенса-ционный роман.",Имя авт. не установлено.,,,
5332,Дрейфующий проспект: Стихи.,"РОЖДЕСТВЕНСКИЙ, Роберт Иванович.",,,
5333,Дрема луговая.,"ТУМБАСОВ, Анатолий Николаевич.",,,
5334,Дремучее сердце: Драма в 4-х д.,"ЛИПАТОВ, Борис Викторович.",,,
5335,Дремучие Бескиды.,"ВОЛЬФ, Абрам Яковлевич.",,,
5336,Дремучие леса: Картины из жизни Северной Норвегии.,"ГАУКЛАНД, Андреас (ХАУКЛАНН, Андреас Элиас).",,,
5337,"Дремучий лес или Неизвестное существо в образе цыганки, защищающее невинных: Отрывок из немецких летописей. Ч. 1—4.",Имя авт. не установлено.,,,
5338,"Дрессированные мазурики или Что с возу упало, то пропало.",АРХИПЛУТОВ. ,,,
5339,Дрессированный зять: Фарс в 3-х д.,Имя авт. не установлено.,,,
5340,"Дробот, Шевченко и я: Очерки.","БЫЛИНОВ, Александр.",,,
5341,Дробь: Юмористические рассказы.,"МИТРОПОЛЬСКИЙ, Иван Иванович.",,,
5342,Дрова плывут: Рассказ.,"СМИРНОВ, Илья Дмитриевич.",,,
5343,Дровосек Бэньян.,СТИВЕНС. ,,,
5344,Дровяной вопрос: Фарс в 1-м д.,Н. Н. В.,,,
5345,Дрогнувшая ночь: Роман.,"АМФИТЕАТРОВ, Александр Валентинович.",,,
5346,Дрогнула только земля: Повесть.,"ПАРМУЗИН, Борис Сергеевич.",,,
5347,Дрожащая скала: Роман. Ч. 1—3.,"БЕРТЭ, Эли.",,,
5348,Дрожащие ступени: Ч. 1—4.,"ВЕРБИЦКАЯ, Анастасия Алексеевна.",,,
5349,Дрожь земли: Стихи.,"КЛУШИН, Виктор Семенович.",,,
5350,Дрозд-гитарист.,"ЛЮБИЧ-КОШУ-РОВ, Иоасаф Арианович.",,,
5351,Дроково.,"ДОЛГОРУКИЙ, Дмитрий Иванович.",,,
5352,Дрофы: Рассказ.,"СЕРГЕЕВ-ЦЕН-СКИЙ, Сергей Николаевич.",,,
5353,Друг: [Очерки].,"СОКОЛОВ, Даниил Иванович.",,,
5354,Друг: Рассказ.,"НЕМИРОВИЧ-ДАНЧЕНКО, Василий Иванович.",,,
5355,Друг: Рассказ.,"РУССОВ, Алексей (ПЛЕТНЕВ, Алексей Петрович). ",,Миллионщик...,
5356,Друг: [Рассказы].,"КАМЕНКОВИЧ, Златослава (КАМЕНКОВИЧ, Злата Борисовна).",,,
5357,Друг: [Стихи].,"ГРИГОРЬЯН, Леонид Григорьевич.",,,
5358,Друг в опасности: Драма в 3-х д.,"РУМЯНЦЕВ, Лев Григорьевич.",,,
5359,"Друг, воспитанный тобой.","РЯБИ-НИН, Борис Степанович.",,,
5360,Друг детей: Рассказ.,"СОКОЛЬСКИЙ, Г. ",,,
5361,Друг детства: Повесть.,"ШАПИР, Ольга Андреевна.",,,
5362,Друг дома: Комедия-шутка в 3-х д.,"БИЛЛО, Н. [!] (БИЛО, Поль), ГЕННЕ-КЕН, Морис (ЭННЕКЕН, Морис).",,,
5363,Друг за друга: Очерки и рассказы.,"ЗЕНЧЕНКО, Сергей Васильевич.",,,
5364,Друг за друга: Рассказы.,"ИВАННИКОВА, Валентина Степановна.",,,
5365,Друг и его жена: Роман.,"ПРЕВО, Марсель.",,,
5366,Друг из далека: Повесть о путешественнике Н. Н. Миклухо-Маклае.,"ТЫНЯНОВА, Лидия Николаевна.",,,
5367,Друг искусства: Драма в 5-ти д.,"ХМЕЛЬНИЦКИЙ, Дмитрий Иванович.",,,
5368,Друг Карандаша: Юмористические рассказы о цирке.,"АРДОВ, Виктор.",,,
5369,"Друг, которого ждут: Рассказы.","СОКОЛОВ, Василий Дмитриевич.",,,
5370,"Друг мой, брат мой...: Чокан Вали-ханов. Повесть.","СТРЕЛКОВА, Ирина Ивановна.",,,
5371,"Друг мой, Димка: Повесть.","УРАЛЬСКИЙ, Леонид Валентинович.",,,
5372,"Друг мой, Колька!: Пьеса в 2-х д.","ХМЕЛИК, Александр Григорьевич.",,,
5373,Друг мой море.,"ВОЛОХОВ, Бронислав Андреевич.",,,
5374,Друг мой Омголон.,"АЛЕКСАНДРОВСКИЙ, Виктор Николаевич.",,,
5375,"Друг мой, сердце.","ПРИЕДНИЕК, Карл Янович.",,,
5376,"Друг молодых людей или Повести для юношества, содержащие в себе любопытные и занимательные описания, относящиеся к разным предметам...: В 2-х ч.","ДЕСЕНТ (ЭЙМЕРИ, Алексис Блез).",,,
5377,Друг Мопс: Рассказ из школьной жизни.,"ВИЛЬДЕНБРУХ, Эрнст.",,,
5378,Друг Наполеона.,"КОННЕЛЬ, Ричард Эдуард.",,,
5379,Друг народа: Повесть.,"ТИХОНОВ, Николай Семенович.",,,
5380,Друг народа: [Роман].,"ФОРД, Поль Лестер.",,,
5381,Друг народа боярин Артамон Матвеев: Исторический рассказ.,"ДУДОРОВ, П. (ОРЛОВЕЦ, П.).",,,
5382,Друг народа Марат: Историческая повесть.,"ОЛЬШЕВСКИЙ, Александр Александрович.",,,
5383,Друг несчастных боярин Федор Ртищев: Исторический рассказ.,"ДУДОРОВ, П. (ОРЛОВЕЦ, П.).",,,
5384,Друг рабочих: Рассказ из жизни и деятельности Роберта Оуэна.,"ВОЛКОВА, Е. Ф.",,,
5385,Друг-радио; Переписка с тетенькой.,"ГУРЕВИЧ, Исидор Яковлевич.",,,
5386,Друг с другом.,АМЛИНСКИИ. ,,,
5387,Друг—Серега.,"ЕМЕЛЬЯНОВ, Геннадий Арсентьевич.",,,
5388,Друг солдата.,"ПАВЛОВ, Николай Яковлевич.",,,
5389,Друг степной: Стихи и поэмы.,"ДЖИМБИНОВ, Бем Окунович.",,,
5390,"Друг, товарищ и брат.","МОВЧАН, Ирина.",,,
5391,Друг фаворитки: Исторический роман.,"ГОП, Антони (ХОУП, Энтони).",,,
5392,Друг Фритц: (Женитьба Фритца). Комедия в 3-х д.,ЭРКМАН-ШАТРИАН.,,,
5393,Друг Фриц: Лирическая комедия н 3-х д.,"СУАРДОН, П.",,,
5394,Друг Фриц: [Повесть].,ЭРКМАН-ШАТРИАН.,,,
5395,Друг царя и народа боярин Арта-мон Сергеевич Матвеев: Исторический рассказ.,"СОКОЛОВ, Александр Алексеевич.",,,
5396,Друг человечества: (Рассказ).,"ПЕРЕЛЫГИН, Николай Иванович.",,,
5397,Друг человечества: Роман.,"ЛОКК, Уильям Джон.",,,
5398,Друг человечества; Туристы родного города; Свои и чужие; Ерунда; Как я писала роман.,"ТЭФФИ, Н. А.",,,
5399,Друг Чжунго.,"РОМОВА, Нина Игнатьевна, ТАЛАНОВ, Александр Викторович.",,,
5400,Друг юности.,"УСПЕНСКИЙ, Владимир Дмитриевич.",,,
5401,Друга чувствуя плечо.,"СМАГО-РИНСКИИ, Борис Самойлович.",,,
5402,Другая Вера: Комедия в письмах.,"ГРАЧЕВСКИЙ, Юрий Маркович, ЛАРИОНОВ, О. (РЕМЕЗ, Оскар Яковлевич).",,,
5403,Другая жизнь: Агитационная пьеса в 3-х д.,"ЗАДОНСКИЙ, Николай Алексеевич.",,,
5404,Другая жизнь: Пьеса в 4-х д.,"ОПО-ЧИНИН, Владимир Петрович.",,,
5405,Другая жизнь: Рассказы.,"ГУМИЛЕВСКИЙ, Лев Иванович.",,,
5406,Другая музыка нужна: Роман.,"ГИ-ДАШ, Антал.",,,
5407,Другая планета: Стихи.,"ГРИГОРЬЕВА, Надежда Адольфовна.",,,
5408,Други: Рассказы.,"БАРАНЦЕВИЧ, Казимир Станиславович.",,,
5409,Други верные: Роман.,"ПАНОВ, Виктор Алексеевич.",,,
5410,Други и недруги: Повесть.,"ТИХА-НОВ, Николай.",,,
5411,Други мои: Повести и рассказы.,"ГОРЫШИН, Глеб Александрович.",,,
5412,"Други-однополчане (в специфическом плане): Эпиграммы, шутки, посвящения.","СМИРНОВ, Сергей Васильевич.",,,
5413,Други-товарищи: Повесть.,"ДУРКИН, Григорий Владимирович.",,,
5414,Другие люди: Пьеса в 3-х д.,"ГОЛЬ-ДЕС, Ойзер Мойсеевич.",,,
5415,Другие ныне времена: Комедия в 3-х д.,"ЦАГАРЕЛИ, Авксентий Антонович.",,,
5416,"Других спасай, а сам хоть в петлю полезай!: Шутка-водевиль в 1-м д.","БАРРЬ-ЕР, Теодор, ДЕКУРСЕЛЬ, Адриен.",,,
5417,Другого пути нет: Драма в 3-х д.,"САБУРОВА, Инна Марковна, УСТИНОВ, Лев Ефимович.",,,
5418,Другое небо: Рассказы.,"КОРТАСАР, Хулио.",,,
5419,Другое сердце: Пьеса в 3-х д.,"СУББОТИН, Леонид Арсеньевич.",,,
5420,Другое солнце: Повесть.,"ВАСИЛЕНКО, Константин.",,,
5421,Другой: Московская повесть.,"ЛИП-СКЕРОВ, Константин Абрамович.",,,
5422,Другой: Пьеса в 4-х д.,"ЛИН-ДАУ, Пауль.",,,
5423,Другой край света: Книга путешествий.,"БЕРШАДСКИЙ, Рудольф Юльевич.",,,
5424,Другой путь.,"ГРИН, Эльмар.",,,
5425,Другу на фронт: Стихи.,"ОГНЕЦВЕТ, Эди.",,,
5426,Дружба: Вступление в зрелый возраст. Роман.,"ВЕНЦЛОВА, Антанас Томасович.",,,
5427,Дружба: (Гарин меняет характер). Комедия в 3-х д.,"КУЗЬМИН, Владимир Константинович.",,,
5428,Дружба: Документальная повесть.,"ОРАГВЕЛИДЗЕ, Михаил Филиппович.",,,
5429,Дружба: Комедия в 5-ти д.,"СКРИБ, Эжен.",,,
5430,Дружба: [Очерк].,"ГОЛОВИН, Геннадий Никифорович, МОСКАЛЕНКО, Анатолий Захарович.",,,
5431,Дружба: [Очерк].,"ЛЯСКОВСКИЙ, Владимир Георгиевич.",,,
5432,Дружба: Повесть.,"АЛФЁРОВ, Василий Григорьевич.",,,
5433,Дружба: Повесть.,"ГУБАРЕВ, Виталий Георгиевич.",,,
5434,Дружба: [Повесть].,"ДМИТРИЕВА, Надежда Всеволодовна.",,,
5435,Дружба: Повесть.,"ПОПОВСКИЙ, Александр Данилович.",,,
5436,"Дружба: Пьеса в стихах, в 3-х д.","ГУСЕВ, Виктор Михайлович.",,,
5437,Дружба: Пьеса в 4-х д.,"КРАПИВА, Кондрат.",,,
5438,Дружба: [Рассказ].,"ПАВЛОВА, Евдокия Ефимовна.",,,
5439,Дружба: [Рассказы].,"ДВОРЦОВ, Николай Григорьевич.",,,
5440,Дружба: Рассказы.,"ДЖУСУЕВ, Сооронбай.",,,
5441,Дружба: Рассказы.,"КУЧЕР, Василь (КУЧЕР, Василий Степанович).",,,
5442,Дружба: Рассказы.,"ЛЕВИН, Кирилл Яковлевич.",,,
5443,Дружба: Рассказы.,"ПРИШВИН, Михаил Михайлович.",,,
5444,Дружба: [Рассказы].,"СТАВСКИЙ, Владимир.",,,
5445,Дружба: Рассказы.,"СУХОВ, Николай Васильевич.",,,
5446,Дружба: Рассказы.,"ТОЛСТИ-ХИН, А.",,,
5447,Дружба: (Рассказы из жизни Карла Бруннера).,"БАЛАШ, Бела Семенович.",,,
5448,Дружба: Роман.,"ДМИТРИЕВ, Виктор Александрович.",,,
5449,Дружба:    [Роман].,"КОПТЯЕВА, Антонина Дмитриевна.",,,
5450,Дружба: Роман в стихах.,"ХАЗИН, Александр Абрамович.",,,
5451,Дружба: Стихи.,БЛАГОВ. ,,,
5452,Дружба: Стихи.,"ВЕТРОВ, Давид.",,,
5453,Дружба: [Стихи].,"ГЛОТОВ, Василий Иванович.",,,
5454,Дружба: Стихи.,"ЗАБАШТА, Любовь Васильевна.",,,
5455,Дружба: Стихи.,"МИХАЙЛОВ, Борис Николаевич.",,,
5456,Дружба: Стихи.,"МУРЗИДИ, Константин Гаврилович.",,,
5457,Дружба: |Стихи].,"ХОРИНСКАЯ, Елена.",,,
5458,Дружба: Стихи и поэмы.,"ХУЗАН-ГАИ, Педер (ХУЗАНГАЙ, Петр Петрович).",,,
5459,Дружба: Стихи и сказки.,"ФЕФЕР, Ицих.",,,
5460,Дружба в пустыне: Рассказ.,Имя авт. не установлено.,,,
5461,Дружба великая и трогательная: (Страницы из жизни Карла Маркса и Фридриха Энгельса).,"СУХОТИН, Яков Львович, ВИДГОП, Лев Наумович.",,,
5462,Дружба и любовь: (Серна с золотыми рогами). Пьеса в 4-х д.,"АБИШЕВ, Альжаппар",,,
5463,Дружба и служба.,"ПОЛОТАИ, Николай Исидорович.",,,
5464,Дружба начальства — благословение божие.,"КСАНРОФ, Леон.",,,
5465,Дружба неверная: Драма в 3-х д.,"ПОЛИВАНОВ, Сергей.",,,
5466,Дружба рождается в труде: Очерки.,"ВОИНОВ, Константин Николаевич.",,,
5467,Дружба сверстников: Стихи и поэма.,"ЛАСУРИА, Алексей Едгеевич.",,,
5468,Дружба смелых.,"ОМАРОВ, Сейт-жан.",,,
5469,Дружбу пою.,"ХАСАНОВ, Кадыр.",,,
5470,Дружеская лотерея с угощением или Необыкновенное происшествие в уездном городе: Фарс-водевиль в 2-х отд.,ГРИГОРЬЕВ,,,
5471,Дружеская услуга.,"ЛЕНЧ, Леонид.",,,
5472,Дружеский матч.,"ГАШЕК, Ярослав.",,,
5473,Дружеский фарш: Юмор и сатира.,"МЕЛАМЕД, Цаль А.",,,
5474,Дружеское ллечо или В детском саду свинка: Комедия.,"СОТНИК, Юрий Вячеславович.",,,
5475,Дружеское поручение: Сцена в 1-м д.,"ГРИГОРЬЕВ-ИСТОМИН, Николай Алексеевич.",,,
5476,Дружество: Стихи и поэма.,"СМИРНОВ, Иван Алексеевич.",,,
5477,Дружинница: Рассказ.,"ЗАМОИ-СКИЙ, Петр.",,,
5478,Дружинница Наташа: Поэма.,"ДОРОНИН, Иван Иванович.",,,
5479,Дружины: Поэма.,"БЕСПОЩАДНЫЙ, Павел.",,,
5480,Дружище клен.,"МАШИН, Василий Иванович.",,,
5481,Дружки: Рассказ.,"ГОРЬКИЙ, Максим.",,,
5482,Дружки; Случай с портянками; Церковный совет: (Рассказы).,"ПОДЪЯ-ЧЕВ, Семен Павлович.",,,
5483,Дружки с рабочей окраины.,"САВИН, Виктор Афанасьевич.",,,
5484,Дружная осень: Повесть.,"БОРИ СОВ, Климентий Федорович.",,,
5485,Дружная семья: Сказки.,"ФАДЕЕВА, Маргарита Андреевна, СМИРНОВ. ",,,
5486,Дружно шагаем.,"МУМИН, Пулат.",,,
5487,Дружный народ: Рассказы.,"РОМАНОВ, Пантелеймон Сергеевич.",,,
5488,Дружный отпор: Пьеса в 3-х д.,"ХОДЫРЕВ, Александр.",,,
5489,Дружным ходом: Пьеса в 3-х д.,"МАКАРЬЕВ, Леонид Федорович, ОРЕХОВСКИЙ, Ал.",,,
5490,Дружными усилиями: (Изба-чи-гальня). Агит-пьеса в 3-х д.,Имя авт. не установлено.,,,
5491,Дружок: (Быль).,"СЕВЕРНЫЙ, С. (ДУРЫЛИН, Сергей Николаевич).",,,
5492,Дружок: 12 рассказов.,"АНДРЕЕВСКАЯ, Варвара Павловна.",,,
5493,Дружок-воин; Убежал на войну: Два рассказа.,"ЛУКАШЕВИЧ, Клавдия.",,,
5494,Дружок и Фомка: Повесть для детей.,Имя авт. не установлено.,,,
5495,Дружу с сатирой: Стихи.,"ОЛЕЙНИК, Степан Иванович.",,,
5496,Друзей найдешь в пути: Роман.,"АСТАХОВ, Евгений Евгеньевич.",,,
5497,Друзья: Драма в 3-х д.,"РОВЕТТА, Джероламо.",,,
5498,Друзья: Драматическая повесть в стихах.,"Р...В, Н..",,,
5499,Друзья: Драматический этюд в 2-х д.,"РАБОЧИЙ АЛЕКСАНДР БЕЗВЕСТНЫЙ (ЭТТИНГЕН, Александр 3.).",,,
5500,Друзья: (Из записок).,АНДРЕЕВ. ,,,
5501,Друзья: Киноповесть.,"АРНШТАМ, Лев Оскарович (АРНШТАМ, Лео Оскарович), ТИХОНОВ, Николай Семенович.",,,
5502,Друзья: Комедия в 1-м д.,"МУХТАРОВ, Гусейн Мухтарович.",,,
5503,Друзья: Комедия в 1-м д.,"УЛИЦКИЙ, Михаил Абрамович.",,,
5504,Друзья: [Очерк].,"ЛУКНИЦКИЙ, Павел Николаевич.",,,
5505,Друзья: [Очерк].,"ПОЛЕВОЙ, Борис.",,,
5506,Друзья: Повесть.,"БАБАЕВСКИЙ, Семен Петрович.",,,
5507,Друзья: Повесть.,"ГОРА, Георгий Трофимович.",,,
5508,Друзья: Повесть.,"ДЮБИН, Василий Власович.",,,
5509—5510,Друзья: Повесть.,"КАХАС, Л.",,,
5511,Друзья: Повесть из быта пожарных.,"ЗАРИН, Андрей Ефимович.",,,
5512,Друзья: Поэма.,"ГАЛКИН, Лев Абрамович.",,,
5513,Друзья: [Пьеса].,"ЗУБ, Валентин Андреевич, БОГУШЕВИЧ, Юрий Констан ",,,
5514,Друзья: [Рассказ].,"ЖУРБА, Павел",,,
5515,Друзья:   Рассказ.,"ЗАПОРОЖ- СКИЙ, А.",,,
5516,Друзья: [Рассказ].,К. Н. А.,,,
5517,Друзья: Рассказ.,КАЛЬНИЦКИЙ. ,,,
5518,Друзья: (Рассказ).,УЙДА. ,Два друга; Нелло и Патрош; Неразлучные друзья Нел-ло и Патрош.,,
5519,Друзья: Рассказ.,"УЛЬЯНОВ, Л. [!] (УЛЬЯНОВ, Алексей Николаевич).",,,
5520,Друзья: Рассказ для детей.,"СА-МОЙЛОВИЧ, В. (СОБОЛЕВА, Софья Павловна).",,,
5521,Друзья: Рассказы.,АРАКС.,,,
5522,Друзья: Рассказы.,"ГРИН, Эльмар.",,,
5523,Друзья: Рассказы.,"МАСЛОВ, Илья Васильевич.",,,
5524,Друзья: Рассказы.,НАСВЕТОВА. ,,,
5525,Друзья:   Рассказы.,"СИВЦЕВ-ОМОЛЛОН, Д. (СИВЦЕВ, Дмитрий Коно-нович).",,,
5526,Друзья: [Рассказы].,"ХАРИТАНОВ-СКИЙ, Александр Александрович.",,,
5527,Друзья: Рассказы и повести.,"ФЕДОТОВ, Гавриил Николаевич.",,,
5528,Друзья: Рассказы и сказки.,"ЧЕРСКИЙ, Леонид Федорович.",,,
5529,Друзья: Роман.,"ПЕРМИТИН, Ефим Николаевич.",,,
5530,Друзья: Роман.,"СЛОНИМСКИЙ, Михаил Леонидович. ",Верные друзья.,,
5531,Друзья: Роман.,"ЭГАРТ, Марк Моисеевич.",,,
5532,Друзья: [Стихи].,"ДЕМЕНТЬЕВ, Валерий Васильевич.",,,
5533,Друзья: [Стихи].,"ПАСЫНКОВ, Б.",,,
5534,Друзья: [Стихи].,"РАЕВСКИЙ, Борис Маркович.",,,
5535,Друзья: Юмористическая повесть.,"КУЗОВНИКОВ, В.",,,
5536,Друзья бывают разные: Две пьесы по мотивам дагестанских народных сказок «Ламарт и Чумарт» и «Матома и Чилбик».,"ЖАРИКОВ, Евгений Иванович.",,,
5537,Друзья в небе.,"ВОДОПЬЯНОВ, Михаил Васильевич.",,,
5538,Друзья везде.,"РУБЛЕВ, Георгий Львович.",,,
5539,Друзья воздушного флота или Самолет «Степанида».,"АКУЛЬШИН, Родион Михайлович.",,,
5540,Друзья-враги: Из деревенских воспоминаний.,"ЖИРКОВ, Иван Федорович.",,,
5541,Друзья-враги: Эпизод из последней войны.,"ТУРГЕНЕВ, Николай Александрович.",,,
5542,Друзья всегда с тобой: Рассказы.,"МАРТЫЧ, Юхим Маркович.",,,
5543,Друзья встречаются.,"БРАЖНИН, Илья.",,,
5544,Друзья детства: Драма в 5-ти д.,"НЕВЕЖИН, Петр Михайлович.",,,
5545,Друзья детства: Рассказ.,"ТУ ГАН, Лидия (ТУГАН-БАРАНОВСКАЯ, Лидия Карловна).",,,
5546,Друзья детства: Рассказы и повести.,"ТОРИН, Владимир.",,,
5547,Друзья до гроба: Преступный друг. Коварство красавицы невесты. Роман в 2-х ч.,"ГИЛЯРОВ, А. П. (ЗОТОВ, Миха-ял).",,,
5548,Друзья жданные и нежданные: Рассказы.,"ДВОРЦОВ, Николай Григорьевич.",,,
5549,Друзья закона: Пьеса в 3-х д.,"КНОЛЛЬ, Феликс.",,,
5550,Друзья зовут меня в дорогу.,"ПОЛЯКОВА, Надежда Михайловна.",,,
5551,Друзья и враги: Книга стихов.,"СИМОНОВ, Константин Михайлович.",,,
5552,Друзья и враги: Пьеса в 3-х д.,"ВАГНЕР, Николай Петрович.",,,
5553,Друзья и враги: Пьеса в 4-х карт.,"МИРОВИЧ, Михаил Афанасьевич.",,,
5554,Друзья и враги: Роман.,ПЕУНОВ. ,,,
5555,Друзья и враги Анатолия Русакова.,"ГУШКАН, Георгий Павлович.",,,
5556,Друзья и годы: Драматическая хроника в 3-х д.,ЗОРИН. ,,,
5557,Друзья и гости Ясной Поляны.,"СУХОТИНА-ТОЛСТАЯ, Татьяна Львовна.",,,
5558,Друзья и знакомые: Рассказы.,"МИНЧКОВСКИЙ, Аркадий Миронович.",,,
5559,Друзья и знакомые: Рассказы.,"РЕЛЕС, Григорий Львович.",,,
5560,Друзья и облака: Стихи.,"АКИМ, Яков Лазаревич.",,,
5561,Друзья и подруга: Калейдоскоп в 1-м д. с 8-ю оригинальными приложениями и «секретами».,"АВЕТИСЕАН, Константин Григорьевич.",,,
5562,Друзья и родители:     Повесть.,"СКРИПКО, Евгения Семеновна.",,,
5563,Друзья идут в ногу: Рассказы.,"КВИН, Лев Израилевич.",,,
5564,Друзья из Гардатени: Повесть и рассказы.,"МАИСУРАДЗЕ, Элизбар Лукич.",,,
5565,Друзья из далекого стойбища: Повести и рассказы.,"МЕНЬШИКОВ, Иван Николаевич.",,,
5566,Друзья из Левкауц: Роман.,"КАБО, Любовь Рафаиловна.",,,
5567,Друзья из Нового Тарга.,"ЧУМАНД-РИН, Михаил Федорович.",,,
5568,Друзья из Сакена: Трилогия.,"ГУЛИА, Георгий Дмитриевич.",,,
5569,Друзья из Синеозерки.,"МОСИЯШ, Сергей Павлович.",,,
5570,Друзья из Советашена: Повесть в стихах.,"СЕВАК, Паруйр.",,,
5571,Друзья искусства: Комедия в 1-м д.,"МИНН, Евгений (МИН, Евгений), МИНЧКОВСКИЙ, Аркадий Миронович.",,,
5572,Друзья-кавалеристы: Военные рассказы.,"ТИХАНОВСКИЙ, Александр Николаевич.",,,
5573,Друзья Карацупы.,"СОРОКИН, Василий Николаевич.",,,
5574,"Друзья, которые всегда со мной: Повесть в рассказах.","РЯБИНИН, Борис Степанович.",,,
5575,Друзья Мамеда: Повесть.,"ГАДЖИЕВ, Меджид Джирасович (МЕДЖИД, Г.).",,,
5576,Друзья Михаила Югова: Пьеса в 3-х д.,"СМЕЛЯКОВ, Ярослав Васильевич.",,,
5577,Друзья моей юности: [Повесть].,ДОЛИН В,,,
5578,Друзья моей юности: Повесть.,"КО-ЛЕНСКИЙ, Василий Петрович.",,,
5579,Друзья мои...: Пьеса в 3-х д.,"БОНДАРЕВА, Елизавета Максимовна.",,,
5580,Друзья мои: Стихи.,"ТАРАСОВ, Марат Васильевич.",,,
5581,"Друзья мои, коммунары: Повести и рассказы.","ШАРОВ, Александр.",,,
5582,Друзья мои — лейтенанты!: Пьеса в 2-х д.,"ЧЕРЕНЕВ, Борис Александрович.",,,
5583,"Друзья мои, люди: Рассказы.","НАГИБИН, Юрий Маркович.",,,
5584,Друзья мои мальчишки: Избранные повести и рассказы.,"МЕЛИБЕЕВ, Петр Петрович.",,,
5585,"Друзья мои, пехотинцы: Очерки солдатских лет.","ГОСТЕВ, Василий Сергеевич.",,,
5586,"Друзья мои, приятели; Жизнь Ивана Семенова; Лелишна из третьего подъезда: Три юмористические повести.","ДАВЫ-ДЫЧЕВ, Лев Иванович.",,,
5587,"Друзья мои, современники.","СПЕ- ХОВ, Евгений Васильевич.             ",,,
5588,Друзья мои— спортсмены.,"РАХТА-НОВ, Исай Аркадьевич.",,,
5589,Друзья моих друзей.,"ГАТАУЛЛИН, Радиф Кашфуллович.",,,
5590,Друзья моряков: Невыдуманные рассказы.,"МАКСИМЕНКО, Василий Павлович.",,,
5591,"Друзья на чердаке или А кинь им кость, так что твои собаки: Водевиль в 1- м д. для домашнего театра.",Имя авт. не установлено.,,,
5592,Друзья навеки: Стихи.,"ШЕСТИН-СКИИ, Олег Николаевич.",,,
5593,Друзья недавних лет: Повести. Рассказы.,"ЛАПИН, Константин Кириллович.",,,
5594,Друзья нынешнего века: Комедия в 1-м д.,"БОНУАР, Александр Луи Бертран.",,,
5595,Друзья-однополчане: Очерки.,"СОРОКИН, Захар Артемович.",,,
5596,Друзья-однополчане: Сборник рассказов.,"СЕЛЯНКИН, Олег Константинович.",,,
5597,Друзья остаются друзьями: (Старая фотография). Комедия в 6-ти карт.,"ДЫХО-ВИЧНЫИ, Владимир Абрамович, СИМОНОВ, Константин Михайлович.",,,
5598,Друзья отправляются в путь.,"ВЕТРОВ, Давид.",,,
5599,Друзья-охотники.,"АЗЕМША, Александр Андреевич.",,,
5600,Друзья партизан.,"НЕКРАСОВ, Василий Иванович.",,,
5601,Друзья-пионеры: Рассказы о китайских детях.,ЧЖАН ТЯНЬ-И.,,,
5602,Друзья-писатели:    Воспоминания.,"СТАЛЬСКИИ, Николай.",,,
5603,Друзья повсюду: [Рассказы].,"РУБИНОВ, Анатолий Захарович.",,,
5604,Друзья повсюду: Стихи.,"НОНЕШ-ВИЛИ, Иосиф Элиозович.",,,
5605,Друзья повсюду: [Стихи].,"ОРА-ТОВСКИИ, Иосиф Борисович.",,,
5606,Друзья познаются: Роман.,"ЖИДКОВ, Владимир Прохорович.",,,
5607,Друзья познаются в беде: Пьеса в 2- х актах с прологом.,"КУЗНЕЦОВ, Евгений Сергеевич.",,,
5608,Друзья познаются в бою: Рассказы о фронтовых товарищах.,"СТРЕХНИН, Юрий Федорович",,,
5609,Друзья-приятели: Повесть.,"БОРИСОВ, Николай Васильевич.",,,
5610,Друзья-приятели: Повесть из жизни домашних животных.,"ЛЮБИЧ-КОШУ-РОВ, Иоасаф Арианович, МЕДВЕДЕВ, Лев Михайлович.",,,
5611,Друзья-приятели: [Пьеса].,"НАНСЕН, Петер.",,,
5612,Друзья-приятели: [Рассказы].,"ВЫСОЦКИЙ, Валерий Иванович.",,,
5613,Друзья-приятели: Роман.,"БИБИКОВ, Виктор Иванович.",,,
5614,"Друзья, рискующие жизнью.","РОЙЗМАН, Матвей Давидович.",,,
5615,Друзья с «Лембиту».,"АМУРСКИЙ, Илья.",,,
5616,Друзья с Петроградской: Повесть.,"ВАХМАН, Вениамин Лазаревич.",,,
5617,Друзья с тобой: Повесть.,"КУДРЯШОВА, Светлана Владимировна.",,,
5618,"Друзья слепых и глухонемых (аббат Л'Эпе, Самуил Гейнике и Валентин Гей).","МУНТ-ВАЛУЕВА, А. П. (ВАЛУЕ-ВА-МУНТ, Анна Петровна).",,,
5619,Друзья соперники: Повесть.,"ТЫНЯНОВА, Лидия Николаевна.",,,
5620,Друзья-товарищи: [Очерк].,"СКАЧКОВ, Иван Степанович.",,,
5621,Друзья-товарищи: Очерки.,"СГИБ-НЕВ, Александр Андреевич",,,
5622,Друзья-товарищи: Повесть.,"ВОЛКОВ, Дмитрий Ильич.",,,
5623,Друзья-товарищи: Повесть.,"ГОРУ-ЛЕВ, Николай Александрович.",,,
5624,Друзья-товарищи: Повесть.,"СИНЕЛЬНИКОВ, Георгий Власович.",,,
5625,Друзья-товарищи: Пьеса в 1-м д.,"ГОЛУБЕВ, Николай (СИЗОВ, Николай Трофимович).",,,
5626,Друзья-товарищи: [Рассказы].,"ИВАНОВ, Вадим Филиппович.",,,
5627,Друзья-товарищи: Рассказы.,"КАССИЛЬ, Лев Абрамович.",,,
5628,Друзья-товарищи: Рассказы.,"НАУМЕНКО, Иван Яковлевич.",,,
5629,Друзья-товарищи: Рассказы.,"РЫТ-ХЭУ, Юрий Сергеевич.",,,
5630,Друзья-товарищи: Рассказы.,"РЯ-БИНИН, Борис Степанович.",,,
5631,Друзья-товарищи: Стихи.,"ФРЕНКЕЛЬ, Илья Львович.",,,
5632,Друзья-товарищи до гроба: Современный рассказ из жизни бродяг-рабочих.,"ПРОХОДИМЕЦ (ЗОТОВ, Михаил).",,,
5633,Друзья Чаре.,"ЛОМАЗОВ, Леонид Исаевич.",,,
5634,Друзья человечества: Драма в 3-х д.,"ДЕМЕЛЬ, Рихард.",,,
5635,Друзья человечества: Рассказы.,"БЕКЕТОВА, Мария Андреевна.",,,
5636,Друзья шагают в ногу: Повесть.,"КУЗЬМИН, Николай Павлович.",,,
5637,Друзья Эффи; Редкостный папорт-ник: Рассказы.,"ЮНГ (ИОНДЖ, Шарлотта Мэри).",,,
5638,Друзьям:   (1-я книга стихов).,"СМИРНОВ, Сергей Васильевич.",,,
5639,Друзьям: [Стихи].,"СТАРШИНОВ, Николай Константинович.",,,
5640,Друзьям: [Стихи].,"ХОРИНСКАЯ, Елена.",,,
5641,Друзьям: Стихи и басни.,"ЮДАЛЕ-ВИЧ, Марк Иосифович.",,,
5642,Друзьям: Стихотворения.,"ЖИРКЕ-ВИЧ, Александр Владимирович.",,,
5643,Друзьям: Стихотворения.,"ПОЛЯКОВ, Петр Иванович.",,,
5644,Друзьям добра.,"ГОРБУНОВ-ПО-САДОВ, Иван Иванович. ",,В христову ночь...,
5645,Друзьям и товарищам.,"ЛИСЯН-СКИЙ, Марк Самойлович.",,,
5646,Друзьям моей юности.,"ЛЫКО-ШИН, Яков Михайлович.",,,
5647,Друзьям на память: [Стихи]. Н.,"Е. Б. (БОРАТЫНСКИЙ, Николай Евгеньевич).",,,
5648,Друзьям на память: [Стихи].,"СИМОНОВ, Константин Михайлович.",,,
5649,Друзьям на память: Стихотворения.,"БАРАТЫНСКАЯ, Н. Д.",,,
5650,Друзьям не завидуют.,"ПЛОТНИКОВ, Александр Николаевич.",,,
5651,Друзьям по счастью.,"ШАХОВ-СКИН, Борис Михайлович.",,,
5652,Друзьям-товарищам: Стихи.,"СМИРНОВ, Сергей Васильевич.",,,
5653,"Друзьям, товарищам, любителям стихов.","ВАСИЛЬЕВ, А. К.",,,
5654,Друзьям-шахтерам: Стихи.,"МУХИН, Владимир Евграфович.",,,
5655,Дрымба.,"ГЕРМАН, Михаил.",,,
5656,Дрэд: Роман.,"БИЧЕР-СТОУ, Гар-риет.",,,
5657,Ду дасао; Могила живых людей; Чернушка: Повести.,ЧЭНЬ ДЭНЬ-КЭ.,,,
5658,Дуб и кролик; Господин Кротт в сверхнатуральную величину; Черный Лебедь: Пьесы.,"ВАЛЬЗЕР, Мартин.",,,
5659,Дуб и молния: Стихи и поэма-сказка.,"МАТЮКОВСКИЙ, Геннадий.",,,
5660,Дуб на крутояре: Рассказы.,"МЯСНИКОВ, Борис Александрович.",,,
5661,Дуб на скале: Стихи.,"БАБАЕВ, На-би Алекпер оглы (ХАЗРИ, Наби).",,,
5662,Дуб над Ассой: Стихи.,"МАМАКА-ЕВ, Магомет Амаевич.",,,
5663,Дублер.,"БУРДЫКИН, Борис Ефимович.",,,
5664,Дублинцы: Рассказы.,"ДЖОЙС, Джемс (ДЖОЙС, Джеймс).",,,
5665,Дублэ Баллерон.,"ЭСТОНЬЕ, Эдуард.",,,
5666,Дубов и его бойцы: Поучительные рассказы. Вып. 1—3.,"БАКАНОВ, Николай Александрович.",,,
5667,Дубовая трубка: Рассказы и очерк.,"ЭРЕНДЖЕНОВ, Константин Эренджено-вич.",,,
5668,Дубовы: Пьеса в 4-х д.,"ПИСТО-ЛЕНКО, Владимир Иванович.",,,
5669,Дубовые листья: [Повесть].,"МУСАТОВ, Алексей Иванович.",,,
5670,Дубовый венок: Повесть. П-Л.,Г-ИЙ.,,,
5671,Дубовый идол: Комедия в 3-х д.,"ПЕРМЯК, Евгений.",,,
5672,Дубовый лист виолончельный: Избранные стихотворения и поэмы.,"ВОЗНЕСЕНСКИЙ, Андрей Андреевич.",,,
5673,Дубовый листок: Роман.,"КОРЖЕ-НЕВСКАЯ, Ирина Всеволодовна.",,,
5674,Дубрава: Стихи.,"МЕНЬКОВ, Алексей Титович.",,,
5675,Дубрава: Стихи.,"СЕЛЕЗНЕВ, Михаил Сергеевич.",,,
5676,Дубрава: [Стихи и поэма].,"КУЛЕШОВ, Аркадь (КУЛЕШОВ, Аркадий Александрович)",,,
5677,Дубравка: Рассказы.,"ФЕДОРОВ, Павел Ильич.",,,
5678,Дубравна: Стихотворения.,"КЛЫЧ-КОВ, Сергей.",,,
5679,Дубравные дети.,"КАРАСЕВ, Алексей Иванович.",,,
5680,Дубровский: Повесть.,"ПУШКИН, Александр Сергеевич",,,
5681,Дубье: Рассказы.,"ВОЛКОВ, Михаил Иванович.",,,
5682,Дуга большого круга.,"КЛИМЕН-ЧЕНКО, Юрий Дмитриевич.",,,
5683,"Дуглас Твед, жизнь и достижения.","КУНИНА, Ирина.",,,
5684,Дуглас Черный: Драма в 5-ти д.,"ЕФИМОВИЧ, Кондратий Дмитриевич.",,,
5685,Дуда-дудырь.,"АФИНОГЕНОВ, Владимир Дмитриевич.",,,
5686,Дудка Крысолова: Заметки писателя.,"ГИНЗБУРГ, Лев Владимирович.",,,
5687,Дудэй-Батор.,"НАМСАРАЕВ, Хода Намсараевич.",,,
5688,Дулейка: Стихи.,"ОРЕШИН, Петр Васильевич.",,,
5689,Дул эн-скан дал ист и Козленок: Рассказы.,"КОББ, Ирвин (КОББ, Эрвин).",,,
5690,Дум-дум: Стихо-монстрэллы. Разрывные слова дум-дум. Романэски.,"НЕОЛ РУБИН (ПРЕОБРАЖЕНСКИЙ, Николай Михайлович).",,,
5691,Дума джигита: Стихи.,"МОЛДАГА-ЛИЕВ, Туманбай.",,,
5692,Дума над Тясмином: Повести и рассказы.,"КОСАРИК, Дмитро.",,,
5693,Дума о бессмертии: Стихотворения и поэмы.,"БРОВКА, Петрусь.",,,
5694,Дума о бессмертном: Повесть и рассказы.,"ЗАГРЕБЕЛЬНЫЙ, Павло (ЗА-ГРЕБЕЛЬНЫЙ, Павел Архипович).",,,
5695,Дума о Британке: Пьеса в 3-х актах.,"ЯНОВСКИЙ, Юрий Иванович.",,,
5696,Дума о весне: Стихи.,ЛИТВАК. ,,,
5697,Дума о завтрашнем дне: Стихи и поэмы.,"МАЛИКОВ, Кубанычбек Иманали-евич.",,,
5698,Дума о командире.,"ИВАНОВ, Григорий Фролович.",,,
5699,Дума о Родине: Стихи.,"ЯКОВЛЕВ, Иван Ефимович.",,,
5700,Дума о родном крае: Стихи и поэмы.,"СМЕРДОВ, Александр Иванович.",,,
5701,Дума о человеке:. Повести.,"ЧЕР-КАШИНА, Лариса Евгеньевна.",,,
5702,Дума про Опанаса.,"БАГРИЦКИЙ, Эдуард.",,,
5703,Дума про тебя: Роман.,"СТЕЛЬМАХ, Михайло (СТЕЛЬМАХ, Михаил Афанасьевич).",,,
5704,Дума сокола: Стихи.,"КОЛЬЦОВ, Алексей Васильевич.",,,
5705,Дума Урала: Стихотворения.,"ВЕР-ДЕРЕВСКИЙ, Евграф Александрович.",,,
5706,Думаю я сам про себя: Роман. Ч. 1— [2].,"НЕРИС, Эдуард.",,,
5707,Думая о нем: Драматический очерк в 2-х ч.,"ДОЛГИЙ, Вольф Гитманович.",,,
5708,Думки; Священной памяти Александра Сергеевича Пушкина; На рассвете: Три стихотворения.,"ЧАЕВ, Николай Александрович.",,,
5709,Думки: Стихотворения.,"ДЫМЧЕВ-СКИЙ, А.",,,
5710,Думушки.,"ПАВЛОВ, Н. И.",,,
5711,Думшпиль: Комедия в 3-х актах.,"МАТВЕЕВ, Герман Иванович.",,,
5712,Думы: Из 17-ой книги стихов.,"ГОРОДЕЦКИЙ, Сергей Митрофанович.",,,
5713,"Думы: Кн, 1. Стихотворения.","ТРАВИН, Петр Александрович.",,,
5714,Думы: Новые стихи.,ЩИПАЧЕВ. ,,,
5715,Думы: Сборник стихотворений.,"НИКИТИН, Иван Саввич.",,,
5716,Думы: Стихи.,"ЛЫСЕНКО, Карп.",,,
5717,Думы: [Стихи].,"РЫЛЕЕВ, Кондра-гий Федорович.",,,
5718,Думы: [Стихи и поэмы].,"КАЛАД-ЗЕ, Карло Ражденович.",,,
5719,Думы: [Стихотворения].,"ЯКОВЛЕВ, А.",,,
5720,"Думы, 1872—1882: [Стихотворения].","ПОЛЕЖАЕВ, Александр Иванович.",,,
5721,"Думы в пути: Стихи, поэма.","КУ-ЛИБАЙ, Салях.",,,
5722,"Думы в стихах, 1915—1916 гг.","ВЕ- НЕРАКИ, Александра.",,,
5723,"Думы жениха с невестой: Поэма и мелкие произведения, песни.","БОЖИЧ-СА-ВИЧ, В. Г.",,,
5724,Думы за работой: Рассказы и стихотворения.,"КУЗЬМИЧЕВ, Егор Кузьмич.",,,
5725,Думы и воспоминания: Стихи.,"ЕРШОВ, Михаил И.",,,
5726,Думы и воспоминания: [Стихи].,"ПАВЛОВИЧ, Надежда Александровна.",,,
5727,Думы и грезы: [Стихи].,"СЕРГЕЕВ-ЦЕНСКИЙ, Сергей Николаевич.",,,
5728,Думы и грезы: Стихотворения.,П. Н.,,,
5729,Думы и грезы — нужды и слезы: Стихотворения.,"КОЗЫРЕВ, Матвей Алексеевич.",,,
5730,Думы и думки.,"ОСТРОЖНИКОВ, С.",,,
5731,Думы и жизнь: Кн. 2. Рассказы и стихотворения.,"ТРАВИН, Петр Александрович.",,,
5732,Думы и краски.,"МЕЙСНЕР, Александр Федорович.",,,
5733,Думы и муки: Стихотворения.,"КАР-ТАВОВ, Михаил.",,,
5734,Думы и песни: Сборник стихотворений.,"ГРЕТ, В.",,,
5735,Думы и песни: [Стихи].,"БАУЛИНА, А.",,,
5736,Думы № песни: [Стихи].,"КИПИА-НИ, Леван Д.",,,
5737,Думы и песни: [Стихи].,"ЛИН-СКИЙ, Михаил Семенович.",,,
5738,Думы и песни: [Стихи].,"ПОТАПЕНКО, Игнатий Николаевич (БЕЗДОЛЬНЫЙ, И.).",,,
5739,Думы и песни: Стихотворения.,"ВА-КАР, Митрофан Яковлевич.",,,
5740,Думы и песни: Стихотворения.,"МАЙСКИЙ, Н. В. (ШУГУРОВ, Николай Васильевич).",,,
5741,Думы и песни: Стихотворения.,"ПАНОВ, Николай Андреевич.",,,
5742,Думы и песни: (Стихотворения. 1884—1887).,"ФРУ Г, Семен Григорьевич",,,
5743,Думы и песни: Стихотворения 1913 год.,"ДНЕПРОВИЧ, Леон (ЧА-РОВ, Н.) (ФЕДОРЧЕНКО. Леонид Семенович) .",,,
5744,Думы и песни Кобзаря.,"ШЕВЧЕНКО, Тарас Григорьевич.",,,
5745,Думы инвалида.,Н... Б .,,,
5746,Думы Меккала.,"ДУДОРОВ, Фил.",,,
5747,Думы мои: Стихотворения.,"ДО-РОШКО, Петро (ДОРОШКО, Петр Онуф-риевич).",,,
5748,"Думы мои, думы.","КАЛУГИН, Юрий Аронович.",,,
5749,"Думы мои, думы мои...: Рассказы, фельетоны, дневники.","ВИШНЯ, Остап.",,,
5750,"Думы, мысли, изречения и воспоминания о прошлом в стихах и прозе.","БЕЛЯНКИН, Лука Евдокимович.",,,
5751,Думы народные: (Стихотворения).,"ШАТОВ-ПЕЧАЛЬНЫЙ, В. (ШАТОВ, В.).",,,
5752,Думы о Верховине.,"ПОПОВИЧ, Михаил Дмитриевич.",,,
5753,Думы о Донбассе.,"СЮНДЮКЛЕ, Максуд.",,,
5754,Думы о Москве.,"БРОВКА, Петрусь.",,,
5755,Думы о Родине: [Стихи].,"СТАЛЬ-СКИЙ, Сулейман.",,,
5756,Думы о Родине: [Стихи],"СУСЕЕВ, Аксен Илюмджинович.",,,
5757,Думы о родине: Стихотворения.,"ВЯЧЕСЛАВОВ, Павел Леонидович.",,,
5758,Думы о родине: Стихотворения.,"ЛУНИН, Алексей Алексеевич.",,,
5759,Думы о счастье.,"МЕНЬШИКОВ, Михаил Осипович.",,,
5760,Думы о хризантеме.,ВЭНЬ И-ДО.,,,
5761,Думы Осетии: Избранные стихи и поэмы.,"ДЖАНАЕВ, Иван Васильевич (НИГЕР).",,,
5762,Думы пахаря:       Стихотворения.,"ШКУЛЕВ, Филипп Степанович.",,,
5763,Думы-песни: Стихотворения.,"ФО-МУШКИН, Константин Арсеньевич.",,,
5764,"Думы рабочих, заботы, дела: Записки рабкора.","ЖИГА, Иван.",,,
5765,Думы сиониста: Стихотворение.,"ГОЙБЕНШЛАК, Ш.",,,
5766,Думы современной России.,"СТУПИНА, Александра.",,,
5767,Думы сокола: Песни.,"КОЛЬЦОВ, Алексей Васильевич.",,,
5768,Думы солдатские: Поэмы.,"КРЮЧ-КИН, Матвей Абрамович.",,,
5769,Думы солдатские: Рассказы.,"МАТ-РЕШИН, Валентин Федорович.",,,
5770,"Думы Старожилова или Второе послание к Победину по случаю важнейших происшествий, бывших во время пребывания государя императора Николая Павловича в Москве для торжественного коронования.","ГУРЬЯНОВ, Иван.",,,
5771,Думы Старожилова или Послание его к Победину по случаю Московских событий во время пребывания государя императора Николая Павловича в первопрестольной столице для торжественного коронования.,"ГУРЬЯНОВ, Иван.",,,
5772,"Думы Старожилова или Третье послание к Победину по случаю важнейших происшествий, бывших во время пребыва- ния государя императора Николая Павловича в Москве для торжественного коронования.","ГУРЬЯНОВ, и.",,,
5773,"Думы Старожилова или Четвертое послание к Победину по случаю важнейших происшествий, бывших во время пребывания государя императора Николая Павловича в Москве для торжественного коронования.","ГУРЬЯНОВ, Иван.",,,
5774,Дунай в огне: Роман.,"СОТНИКОВ, Иван Владимирович.",,,
5775,"Дунай, неспокойные воды: Пьеса в 3-х д.","БУКОВ, Емилиан Несторович.",,,
5776,"Дунайские волны: Рассказы, 1931 — 1947.","БОРИСОВ, Леонид Ильич.",,,
5777,Дунайские ночи: Роман.,"АВДЕЕНКО, Александр Остапович.",,,
5778,Дунайский венок.,"КРУПАТКИН, Борис Львович.",,,
5779,Дунайский лоцман.,"ВЕРН, Жюль.",,,
5780,"Дундас рад или не рад, но с горем едет под Кронштадт.",К. К.,,,
5781,Дунькин праздник.,"ЗАМОЙСКИЙ, Петр.",,,
5782,Дунькина свадьба: Комедия в 3-х д.,"МОРОЗОВ, А. Ф.",,,
5783,Дунькино счастье.,"АЛЕКСЕЕВ, Глеб Васильевич.",,,
5784,Дуньку сватают: Фарс-лубок в 1-м д.,"БЕЛАЯ, Софья (БОГДАНОВСКАЯ, Софья Николаевна).",,,
5785,Дуня: [Рассказ].,"НИЛУС, Петр Александрович.",,,
5786,Дуня: Фантазия в 4-х д.,"ХЕТАГУ-РОВ, Коста.",,,
5787,Дуня-батрачка.,"ФРОЛОВ, Евст. ",,,
5788,Дуня Перехватова: Рассказ.,"БА-РАНЦЕВИЧ, Казимир Станиславович.",,,
5789,"Дунячка, московская междуумочка или Узенький корсетец: Критический роман.","ОРЛОВ, Александр Анфимович.",,,
5790,Дуняша-сиротка.,"ЩЕПКИНА, Александра Владимировна.",,,
5791,Дуняшка.,"ЧИРИКОВ, Евгений Николаевич.",,,
5792,Дуняшкин грех: Рассказ.,"ВОЛЖАНИН, Осип.",,,
5793,Дупель: Комедия в 5-ти д.,"ЧАЕВ, Николай Александрович.",,,
5794,Дуплет солью: Стихи. Пародии. Эпиграммы.,"ГЛАЗКОВ, Михаил Иванович.",,,
5795,"Дуплетом, огонь!: Сатирические рассказы.","ГРИБОВ, Юрий Тарасович.",,,
5796,Дупло: Рассказ.,"КОЛОКОЛОВ, Николай Иванович.",,,
5797,Дуплянка: Повесть.,"МИКУЛИНА, Елена Николаевна.",,,
5798,"Дура для других, умная для себя: Комедия в 3-х д.","ЛОПЕ ДЕ ВЕГА, Феликс.",,,
5799,Дурак: Из солдатской жизни.,"ВАСИЛЬКОВСКИЙ, А. К.",,,
5800,Дурак: Комедия в 4-х д.,"ФУЛЬДА, Людвиг.",,,
5801,Дурак: [Рассказ].,"Д'ОР, О. Л. ",,Загадочное убийство...,
5802,Дурак: Скетч.,"СУХОДОЛЬСКИЙ, Владимир Алексеевич.",,,
5803,Дуракам везде счастье: Быль.,"ЕВСТИГНЕЕВ, Миша (ЕВСТИГНЕЕВ, Михаил Е.).",,,
5804,Дуракам счастье: Фарс в 3-х д.,"МОРО, Анри, СОНАЛЬ, Марк.",,,
5805,Дураки: [Стихи].,"ЯКОВЛЕВ, С.",,,
5806,Дураки и герои: (Из заметок бродяги).,"БОНЗЕЛЬС, Вольдемар.",,,
5807,Дуралей: Пьеса в 1-м д.,"ИДИН, С. (ПИЛЕНКО, Сергей Николаевич).",,,
5808,Дурацкая карусель: Полусказка для зрячих и слепых.,"ТАЧАЛОВ, Иван Иванович.",,,
5809,Дурацкие деньги.,"ПЕТРОВ, Григорий Спиридонович.",,,
5810,Дурацкой колпак.,"ФИЛИМОНОВ, Владимир Сергеевич.",,,
5811,Дурацкое положение.,"АВЕРЧЕНКО, Аркадий Тимофеевич. ",,Очередной рассказ...,
5812,Дурачки: Из народного быта.,"ВЕРХОВСКИЙ, Н.",,,
5813,Дурачок: Пьеса в 1-м д.,"САМСО-НИЯ, Алексей Аполлонович.",,,
5814,Дурачок: Рассказ.,"ВАСИЛЬКОВСКИЙ, А. К.",,,
5815,Дурачок: (Рассказ).,"ЛЕСКОВ, Николай Семенович.",,,
5816,Дурища: Комедия в J-м д.,"МОРЕЙ, Макс.",,,
5817,Дурман: Водевиль в 3-х карт.,"РУМЯНЦЕВ, Тимофей Захарович.",,,
5818,Дурман: Комедия в 4-х д.,"ПРОВЕН, Мишель (Г1РОВЭН, Мишель).",,,
5819,Дурман: Пьеса в 3-х д.,"ПОПОВ, Антонин Александрович (ЖУДРА, Антон).",,,
5820,Дурман: Рассказ.,"КАРПОВ, Николай Алексеевич.",,,
5821,Дурман: Рассказы.,"ВОЛЖСКИЙ, Алексей",,,
5822,Дурман: Роман.,"КАРАСЛАВОВ, Георгий.",,,
5823,Дурная болезнь: Рассказ.,"МАЦКЕВИЧ, Василий Герасимович.",,,
5824,Дурная весть: (Двадцать сцен).,"ЭЙНШТЕЙН, Карл.",,,
5825,Дурная жена.,"ВЕРЕШ, Петер.",,,
5826,Дурная компания.,"ЮРКУН, Юрий Иванович.",,,
5827,Дурная кровь: (На баррикадах). Пьеса в 1-м д. для театра подростков.,"ХИН, Р. М.",,,
5828,Дурная кровь: [Роман].,"СТАНКО-ВИЧ, Борислав.",,,
5829,Дурная примета: Роман.,"НАХБАР, Герберт.",,,
5830,Дурная слава: Шутка-рококо в 1-м д.,"БУДКЕВИЧ, Наталья Антоновна, БЛЮ-МЕНТАЛЬ, Оскар.",,,
5831,Дурная трава из поля вон!: Драма в 5-ти д. (Из современной жизни).,"ЛАУР, Александр Алексеевич.",,,
5832,Дурной товарищ: Рассказ.,"МА-МИН-СИБИРЯК, Дмитрий Наркисович.",,,
5833,Дурной человек: Комедия-шутка в 3-х д.,"РОЗЕН, Юлий.",,,
5834,Дурнушка: (Из жиЗкШ светской девушки).,"ЧАРСКАЯ, Лидия.",,,
5835,Дурнушка: Роман.,"АДАН, Юлия [!] (АДАМ, Жюльетта).",,,
5836,Дурные пастыри: Драма в 5-ти д.,"МИРБО, Октав. ",Жан и Мадлена; Жан Руль; Плохие вожаки; Плохие пастухи.,,
5837,Дурной пан: (О тушканчике).,"ЧЕГЛОК, Александр.",,,
5838,Дурочка: Драматический эскиз в 1-м д.,"ЗАЗУЛИН, Иван Петрович.",,,
5839,Дурочка; Федоркин ветер; Татарин.,"СУХОТИН, Павел Сергеевич.",,,
5840,Дурь: Повести.,"КОВИН, Леонид Иванович",,,
5841,Дуся: Рассказы.,"МИКУЛИЧ, В.",,,
5842,Дуся: Роман В. Л. К.,"ЖИП (МАРТЕЛЬ де ЖАНВИЛЬ, Сибилла Габриэль).",,,
5843,Дуся моя!: Поучительный водевиль в 3-х актах.,"БОЛОТИН, Самуил Борисович.",,,
5844,Дутар поет о счастье: Книга о Туркмении.,"ТАНГРЫКУЛИЕВ, Каюм.",,,
5845,Дутары древних дорог: Стихотворения и поэмы.,"КАДЫРИ, Рози (РОЗЫЕВ, Розы Кадырович).",,,
5846,Дутик: Рассказы.,"ЖУЙКОВ, Борис Семенович.",,,
5847,"Дух великого Суворова или Анекдоты подлинные о князе италийском, графе Александре Васильевиче, Суворове-Рымникском.",В. С.,,,
5848,Дух времени: Роман в 2-х кн.,"ВЕРБИЦКАЯ, Анастасия Алексеевна.",,,
5849,Дух госпожи Жанлис.,"ЛЕСКОВ, Николай Семенович.",,,
5850,Дух Джона Джаго или Живой мертвец: Повесть.,"КОЛЛИНЗ, Уилки.",,,
5851,Дух земли: Лулу. Трагедия в 4-х д.,"ВЕДЕКИНД, Франк.",,,
5852,Дух или Избранные сочинения.,"ВОЛТЕР (ВОЛЬТЕР, Франсуа Мари).",,,
5853,"Дух или Мысли англичанина на Воробьевых горах, оплакивающего нынешнее состояние англичан: Российское сочинение.","МЕМОРСКИИ, Михаил Федорович.",,,
5854,Дух картошки у костра: Повесть.,"ГЕЛЬБАК, Павел Александрович.",,,
5855,"Дух Клондайка: Фельетоны, рассказы, миниатюры.","ЕГОРОВ, Борис Андрианович.",,,
5856,Дух нашего времени: Роман в 4-х ч.,"АШЕНБРЕННЕР, Леонид.",,,
5857,Дух невероятного.,"ПО, Эдгар Аллан. ",,Автобиография Тивгэма Боба...,
5858,"Дух, покровитель несчастных или Тень прекрасной Матильды, скитающаяся между живыми: Ч. 1—3.","ШПИСС (ШПИС, Христиан Генрих).",,,
5859,Дух праздности: Спаситель. Пьеса а 4-х д.,"ФИЛИППИ, Феликс.",,,
5860,"Дух прошедшего, настоящего и будущего: Святочный рассказ.","ДИККЕНС, Чарльз.",,,
5861,Дух россиянки: Истинное русское происшествие.,"А. К. (КРОПОТОВ, Андрей Фролович).",,,
5862,Дух современности: Рассказы и шутки.,"ЛИКОК, Стивен.",,,
5863,«Духа не угашайте!»: Драматиче-скаяи история с прологом и в 3-х ч.,"ИЗМАЙЛОВ, Владимир Константинович.",,,
5864,Духи в городе: Роман.,"РИТТНЕР, Таддеус (РИТТНЕР, Тадеуш).",,,
5865,Духи огня: Рассказ.,"ЛЕПЕЗ, Лео.",,,
5866,Духи покидают Тауро: Роман.,"РУ-МАРЧУК, Александр Павлович.",,,
5867,Духи шалят: Фарс в 3-х д.,Имя авт. не установлено.,,,
5868,Духоборы в Канаде: Очерки.,"ТАН, В. Г. (БОГОРАЗ, Владимир Германович).",,,
5869,Духовая музыка: Рассказы.,ТОТ-РОВ. ,,,
5870,Духовенство: Любовники в рясах. Роман.,"ЕВГЕНЬЕВА, Мария.",,,
5871,"Духовидец: История, взятая из записок графа О***, В 6-ти ч.","ШИЛЛЕР, Фридрих.",,,
5872,Духовидец: Святочный рассказ.,"ДИККЕНС, Чарльз.",,,
5873,Духовидец и договор с привидением.,"ДИККЕНС, Карл (ДИККЕНС, Чарлз). ",Духовидец; Одержимый духом.,,
5874,Духовная война: Аллегорический рассказ.,"БУНЬЯН, Джон (БЕНЬЯН, Джон). ",,Путешествие пилигрима...,
5875,Духовная лира: Сборник духовнонравственных стихотворений.,"ЧУДИН, Иван Фомич.",,,
5876,Духовник семинарии: Картинки из жизни духовенства. Рассказ.,"ЧИКИЛЕВ-СКИИ, Михаил Иванович.",,,
5877,Духовное завещание: Повесть для детей. А...,Г...,,,
5878,Духовное завещание: Роман.,"ГЕФ-ФЕР, В. (ВОРИСГОФЕР, Софи).",,,
5879,Духовное завещание:      [Роман].,"ПОНСОН ДЮ ТЕРРАЙЛЬ, Пьер Алексис де.",,,
5880,Духовное завещание или Гусар при Ватерлоо: Повесть.,"БЛЮМЕНГАГЕН, Вильгельм.",,,
5881,Духовное сродство: Роман.,"РИНГ, Макс.",,,
5882,Духовные мотивы: Стихотворения.,"ЧЕРНОВ, Мартын Григорьевич.",,,
5883,Духовный оркестр:      Юморески.,КРАВЧЕНКО Е,,,
5884,Духовчане: Роман в 3-х ч.,"ВОЙНОВ, Владимир Иванович.",,,
5884а,Духу святому: Первая книга стихов.,"НОВИКОВ, Иван Алексеевич.",,,
5885,Душ: Комедия в 1-м д.,"БИЛО, Поль, ЛЕВИ, Жюль.",,,
5886,Душ золотые россыпи.,"ШЕЛЯПИН, Анатолий Георгиевич.",,,
5887,Душа: Роман.,"ТРИОЛЕ, Эльза.",,,
5888,Душа: Стихи.,"РУСТАМ, Сулейман.",,,
5889,Душа болит: Избранные рассказы.,"ТУРКИН, Александр Гаврилович.",,,
5890,Душа болит: [Фельетоны].,"КОЛЬЦОВ, Михаил.",,,
5891,Душа вещей: Книга стихов.,"МАТВЕЕВА, Новелла.",,,
5892,Душа вещей: Фантазия.,"СЕЛИВАНОВ, Алексей Васильевич.",,,
5893,Душа Востока: Роман.,ФАРРЕР. ,,,
5894,Душа джунглей.,"ЭМ, Жан д' (ЭСМ, Жан д').",,,
5895,"Душа епископа: Повесть о совести, религии, жизненных тревогах и немного о любви.","УЭЛЛС, Герберт Джордж.",,,
5896,Душа женщины: Рассказы.,"КРИ-НИЦКИИ, Марк.",,,
5897,Душа женщины: Рассказы.,"НЕДЕШЕВА, Вера Ивановна.",,,
5898,Душа женщины — потемки: Комедия в 4-х д.,"НАНСЕН, Петер.",,,
5899,Душа живая: Стихи.,"ДЕМЬЯНОВ, Анатолий Илларионович.",,,
5900,"Душа и сердце, все отчизне: Рассказ московского купца А. М-в.","БЕССОНОВ, Яков Иванович.",,,
5901,Душа и тело: (Вырождение). Комедия в 4-х д.,"РАССУДОВ, Михаил Иванович.",,,
5902,Душа и тело: Опыт лирической новеллы в стихах.,"ВОЛЫНЦЕВ, Я.",,,
5903,Душа из тебя вон: Пьеса в 1-м д. с прологом и эпилогом.,"ГНЕДИЧ, Петр Галактионович.",,,
5904,Душа камня: Стихи.,"КУБАНОВ, Махмут Муссаевич.",,,
5905,Душа команды.,"ГОРБУНОВ, Николай Сергеевич.",,,
5906,Душа корабля: Рассказы.,"ЗЕМЛЯКОВ, Леонид Федорович.",,,
5907,Душа Ленинграда: Стихи.,"ИНБЕР, Вера Михайловна.",,,
5908,Душа мастера: Рассказы.,"СЛИСА-РЕНКО, Алексей.",,,
5909,Душа мятежная: Пьеса в 4-х д.,"НЕМВРОДОВ, Петр Петрович.",,,
5910,Душа на колодке: Повесть.,"ИВА, П. (ДЕМЕНТЬЕВ, Петр Иванович).",,,
5911,Душа не на своем месте: Семь тетрадей рассказов.,"ДАВЫДЫЧЕВ, Лев Иванович.",,,
5912,Душа Николаса Снейдерса или Скупец из Зандама.,"ДЖЕРОМ, Джером Клап-ка. ",,Любовь Ульхира Небенталя...,
5913,Душа общества: Юмористические рассказы.,"ЛАСКИН, Борис Савельевич.",,,
5914,Душа огня: Рассказы.,"КОЛДУНОВ, Сергей Александрович.",,,
5915,Душа океана: Повести.,"ЛАРИОНОВА, Клара.",,,
5916,Душа полка.,"ВОРОНОВ, Николай Федорович.",,,
5917,Душа-потемки: Житейские сцены в 3-х д.,"САДОВСКИЙ, Михаил Провович.",,,
5918,Душа поэта: Пьеса в 4-х д.,"О'НИЛ, Юджин Гладстон.",,,
5919,Душа поэта: Стихи.,"АБАШИДЗЕ, Ираклий Виссарионович.",,,
5920,Душа родная.,"ЗОРИЧ, Бела Борисовна.",,,
5921,Душа Сибири: Повести и рассказы.,"ГРЕКОВА, Елена Афанасьевна.",,,
5922,Душа спящего: (Странный случай).,"ДИНГЕЛЬШТЕДТ, Николай Федорович. ",,Привидение в корпусе...,
5923,"Душа, тело и платье: (История изящной женщины). Пьеса в 4-х д.","ОЛЕ НИН-ВОЛГАРЬ, Петр (ОЛЕНИН, Петр Алексеевич). ",Платье.,,
5924,Душа Техаса. О.,ГЕНРИ.,,,
5925,Душа толпы.,"РОМЭН, Жюль.",,,
5926,Душа хранит.,"РУБЦОВ, Николай Михайлович.",,,
5927,Душа-человек: Комедия в 4-х д.,"ШПАЖИНСКИЙ, Ипполит Васильевич.",,,
5928,Душа шахтера: Рассказ.,ИОНОВ. ,,,
5929,Душа Ямала: Роман.,ЕЗЕРСКИЙ. ,,,
5930,"Душа Японии: Из сборников «Ко-коро», «Кью-Шу» и «Ицусио».","ХЕРН, Лаф-кадио.",,,
5931,Душевная беседа: Юмористические рассказы.,"ЗАБОРСКИИ, Михаил Александрович.",,,
5932,Душевная буря: Драма в 1-м д.,"НАНИ, Г. Э. (НАНИ, Джироламо Энрико).",,,
5933,Душевная красота: Рассказы и очерки.,КОЖЕВНИКОВ,,,
5934,Душевная травма: Рассказы о тех. кто рядом и о себе самом.,"ЛЕНЧ, Леонид.",,,
5935,Душевное спокойствие: Повесть.,"ГУРБАН-ВАЯНСКИИ, Светозар.",,,
5936,Душевные анализы.,НОРДАУ. ,,,
5937,Душевные люди: Из поволжских рассказов.,"СОЛОВЬЕВ-НЕСМЕЛОВ, Николай Александрович.",,,
5938,Душевный человек: Из волжских сказаний.,"СОЛОВЬЕВ-НЕСМЕЛОВ, Николай Александрович.",,,
5939,Душегуб: Одноактная пьеса из деревенского быта.,"ИЛЬИНСКИЙ, Федор Владимирович.",,,
5940,Душегуб: Психологический эскиз.,"ВЕРМИШЕВ, Иван Аввакумович.",,,
5941,Душегубка: Драма в 4-х д.,"ЧУ РАЕВ, Василий Ефимович.",,,
5942,Душегубка: Роман.,"ЗАХЕР-МА-ЗОХ, Леопольд фон.",,,
5943,Душенька Ярослава Гашека рассказывает.,"ГАШЕК, Ярослав.",,,
5944,Душечка.,"ЧЕХОВ, Антон Павлович.",,,
5945,Душечка-70: Трагикомическая история молодой женщины в 4-х романах.,"КОСТЮКОВСКИЙ, Яков Аронович, СЛОБОДСКИЙ, Морис Романович.",,,
5946,Души живые: Очерки и рассказы.,"ЛЮБИЧ-КОШУРОВ, Иоасаф Арианович.",,,
5947,Души моей невольные признанья.,"ТАЙНА, П. Э.",,,
5948,Души не пряча: Стихи. Поэма.,"СЕРГЕЕВ, Владимир Андреевич.",,,
5949,Души невинные: Рассказ.,"БОГДАНОВИЧ, Лев Алексеевич.",,,
5950,Душистые цветы; Крик в ночи; Разносторонность; Переоценка ценностей: Журналисты.,"АВЕРЧЕНКО, Аркадий Тимофеевич.",,,
5951,Душистый аир: Рассказы и повесть.,"БУБНИС, Витаутас Казимирович.",,,
5952,Душка: Повесть.,"НОВИКОВ, Иван Алексеевич.",,,
5953,Душка Ицка: Юмористические сцены.,"ДАВЫДОВ-ГУНАРОПУЛО, Юрий Афанасьевич.",,,
5954,Душка-хулиган: Скетч в 1-м д.,"ЭЙЗЕНШЮЦ, Отто (ЭЙЗЕНШИТЦ. Отто).",,,
5955,Душки военные: Фарс в 3-х д.,Имя авт. не установлено.,,,
5956,Душно: Сцены из жизни в 3-х д.,"ВИСКОВАТОВ, Дмитрий Александрович.",,,
5957,Душной ночью: Пьеса в 2-х д.,"СИЛЛИФАНТ, Стерлинг, БОЛЛ, Джон.",,,
5958,Душный летний вечер.,"УИЛЛИС, Тед.",,,
5959,Дуэли.,"ФАЛЕЕВ, Николай Иванович.",,,
5960,Дуэлисты; Город Смуров: Очерки прошлого.,"АФАНАСЬЕВ-ЧУЖБИНСКИЙ, Александр Степанович.",,,
5961,Дуэль: Драматическая новелла в 5-ти гл.,"БАЙДЖИЕВ, Мар Ташимович.",,,
5962,Дуэль: Драматический этюд в 1-м д.,"НАДЕЖДИН, Сергей Михайлович.",,,
5963,Дуэль: (Мануэлита).,"АНДЕРСЕН-НЕКСЕ, Мартин.",,,
5964,Дуэль: Повесть.,"БИБИКОВ, Виктор Иванович.",,,
5965,Дуэль: Повесть.,"КОНРАД, Джозеф.",,,
5966,Дуэль: Повесть.,"МИТРОПОЛЬСКИЙ, Иван Иванович.",,,
5967,Дуэль: Повесть.,"ЧЕХОВ, Антон Павлович.",,,
5968,Дуэль: Повесть в стихах о М. Ю. Лермонтове.,"АЛДАХИН, Павел Васильевич.",,,
5969,Дуэль: Рассказ.,ВОРОТЫНСКИЙ.,,,
5970,Дуэль: [Рассказ и сказка].,"МИК- CAT, Кальман.",,,
5971,Дуэль: Романтический рассказ.,"ВАСИЛЬЕВ, В. М.",,,
5972,Дуэль: Фарс в 3-х д.,"КАЙЗЕР-МАН, Григорий Яковлевич.",,,
5973,Дуэль: Юмористический рассказ.,"ЛЯЛИКОВ, Сергей Петрович.",,,
5974,Дуэль без секундантов: Приключенческая повесть.,"ПРОЗОРОВСКИЙ, Лев Владимирович.",,,
5975,Дуэль в Кабуле: Роман.,"ГУС, Михаил Семенович.",,,
5976,Дуэль в океане: (Из далекого прошлого). Рассказ.,"СТАНЮКОВИЧ, Константин Михайлович.",,,
5977,Дуэль двух евреев: (Комедия-водевиль у 3-х д.). С куплетами.,В... Ъ.,,,
5978,«Дуэль» и другие рассказы.,"ДЕМЕТРИУС, Лучия.",,,
5979,Дуэль и смерть Пушкина: Трагическая хроника в 2-х д.,"ЗАРУБИН, Илья (РУБИНШТЕЙН, Илья Соломонович).",,,
5980,Дуэль из-за жены; Клубная легенда: Рассказы.,"БЛЭК, Вильям.",,,
5981,Дуэль Крустильяка.,"ВЕРОН, Пьер.",,,
5982,Дуэль на аршинах: Сцена из купеческого быта.,Имя авт. не установлено.,,,
5983,Дуэль на жаворонках: Водевиль в 1-м д.,"БОНИФАС, Ксавье Жозеф, ВАРЕН, Шарль.",,,
5984,Дуэль отца с сыном из-за любви: (Повесть).,"АЛЕКСАНДРОВСКИЙ, Ал. П.",,,
5985,Дуэль принца Кобургского с принцем Баттенбергским за болгарский престол. (Загл. обл.).,"ГУНАРОПУЛО, Юрий Афанасьевич (ДАВЫДОВ-ГУНАРОПУЛ О, Юрий Афанасьевич). ",Ссора принца Кобургского с принцем Баттенбергским за болгарский престол.,,
5986,Дуэль Пуришкевича с немкой-кур-систкой фрейлен Фикермахер в Марьиной роще.,ДОН БОЧАРО (ДОН БАЧАРА). ,Дуэль у помойной ямы московской курсистки с героем Пу-ришкевичем.,,
5987,Дуэль студента Огнивцева: Поэзия и проза.,"КАМЕНСКИЙ, Анатолий Павлович.",,,
5988,Дуэль у помойной ямы московской курсистки с героем Пуришкевичем.,ДОН-БОЧАРО (ДОН БАЧАРА).,,,
5989,Дуэль умов.,"ЧЕРЧИЛЛЬ, П.",,,
5990,Дуэт: Рассказ.,СКИТАЛЕЦ.,,,
5991,Дщери Измаила.,"КАУФМАН, Реджинальд Райт.",,,
5992,Дым: Идиллия.,"ОЖЕШКО, Элиза.",,,
5993,Дым: Из жизни Парижа.,"НАЖИ-ВИН, Иван Федорович.",,,
5994,Дым; Наша кляча: Повести.,"КО-НОПНИЦКАЯ, Мария. ",Фабричный дым.,,
5995,Дым: [Роман].,"ТУРГЕНЕВ, Иван Сергеевич.",,,
5996,Дым без огня: Комедия-водевиль в 3-х д.,"ЛЕВИТИН, Михаил Ефремович.",,,
5997,Дым без огня: [Рассказ].,"ТЭФФИ, Н. А.",,,
5998,Дым весны и лета: Стихи.,"МОШКОВ, Юрий Васильевич.",,,
5999,Дым-дым: Роман.,"ШАМО, Арабе (ШАМИЛОВ, Араб Шамоевич).",,,
6000,Дым-дым и дым.,"ЦВЕТАЕВА, Анастасия Ивановна.",,,
6001,Дым кочевий: Стихи.,"СТЕПАНОВА, Светлана Георгиевна.",,,
6002,Дым над землей: Роман.,"АБРАМОВ, Кузьма Григорьевич.",,,
6003,Дым над островом.,"СКОРОХОДОВ, Михаил Евгеньевич.",,,
6004,Дым над Яругами.,ДОНЧЕНКО. ,,,
6005,Дым отечества: Драма в 3-х актах.,ТУР,,,
6006,Дым отечества: Комедия в 4-х д.,"КОЖЕВНИКОВ, Валентин Алексеевич.",,,
6007,Дым отечества: Повесть.,"СИМОНОВ, Константин Михайлович.",,,
6008,Дым отечества: Роман.,"ПАУСТОВСКИЙ, Константин Георгиевич.",,,
6009,Дым очага: [Рассказы].,"УЛУБА-БЯН, Баграт Аршакович.",,,
6010,Дым очага: [Стихи].,"БАЙРАМУ-КОВА, Халимат Башчиевна.",,,
6011,Дым очага: Стихи. Поэмы.,"ЗУМА-КУЛОВА, Танзиля Мустафаевна.",,,
6012,Дым разлуки: Стихи.,"ЧУХИН, Сергей Валентинович.",,,
6013,Дым родной хаты: Рассказы. Повести.,"ПАТЕНКОВ, Иван Михайлович.",,,
6014,Дымка.,"ДЖЕМС, Билль.",,,
6015,"Дымовка: Драма в 4-х карт, с прологом и эпилогом.","ВЕТЛУГИН, Сергей (ЮДИН, Ник.), БЭЛЫ (АГРАНОВСКИЙ, Абрам Давидович).",,,
6016,Дымок над аилом: Стихи и поэма.,"ДЖУСУЕВ, Сооронбай.",,,
6017,Дымок над крышей: Стихи.,"ОСЬ-МУХИН, Иван Григорьевич.",,,
6018,Дындып из долины Дургун-Хоток.,"БОНДАРИН, Сергей Александрович.",,,
6019,Дыра в небе.,"КОНВИЦКИЙ, Тадеуш.",,,
6020,Дытына-поросенок: Картинки из молодости Н. В. Гоголя. (По повести В. П. Авенариуса «Гоголь — студент»).,"АВЕНАРИУС, Василий Петрович.",,,
6021,Дыхание: Стихи.,"ДАГУРОВ, Владимир Геннадьевич.",,,
6022,Дыхание: Стихи.,"ЛОЗОВОЙ, Борис Алексеевич.",,,
6023,Дыхание: Стихи.,"РЫЛЕНКОВ, Николай Иванович.",,,
6024,Дыхание: Стихи.,"СИРОТИН, Борис Зиновьевич.",,,
6025,Дыхание: Стихи.,"ХРИЛЕВ, Леонид (ХРИЛЕВ, Леонард Сазонтович).",,,
6026,Дыхание: Стихи.,"ЦАГАРАЕВ, Ги-го Николаевич.",,,
6027,Дыхание: Стихи и поэма.,"ГОЛО-ВАНИВСКИИ, Савва Евсеевич.",,,
6028,Дыхание весны: Комедия в 1-м акте.,"ПЕЖИНСКИИ, Владимир.",,,
6029,Дыхание весны: [Повести].,"ЕВТУШЕНКО, Владимир Яковлевич.",,,
6030,Дыхание гор: Рассказы.,"ФАТУЕВ, Роман",,,
6031,Дыхание границы.,"ДУБРОВИН, Борис Саввович.",,,
6032,Дыхание грозы: Из полесской хроники. Роман.,"МЕЛЕЖ, Иван Павлович.",,,
6033,Дыхание жизни: Стихи.,"КАСЬЯНОВ, Николай Устинович.",,,
6034,Дыхание земли: Вторая книга стихов.,"НОВИКОВ, Иван Алексеевич.",,,
6035,Дыхание лавин: Вторая книга «Тайны Марухского ледника».,"ГНЕУШЕВ, Владимир Григорьевич, ПОПУТЬКО, Андрей Лаврентьевич.",,,
6036,Дыхание полюса.,"МАШИН, Василий Иванович.",,,
6037,Дыхание пустыни: Рассказы.,"ИВАНОВ, Всеволод Вячеславович.",,,
6038,Дыхание Родины: Стихи.,"КУЛИКОВ, Павел Александрович.",,,
6039,Дыхание Смольного: Очерки.,"ИСАКОВ, Д.",,,
6040,Дыхание Харута: Повесть.,"КУР-ДИЦКИИ, Вячеслав Павлович.",,,
6041,Дыханье степи: Стихи.,"КАШПУ-РОВ, Иван Васильевич.",,,
6042,Дьявол; Бочонок: Рассказы.,"МОПАССАН, Ги де.",,,
6043,Дьявол:   Исторический роман.,"НЕЙМАН, Альфред.",,,
6044,Дьявол: [Рассказ].,"ТОЛСТОЙ, Лев Николаевич.",,,
6045,Дьявол: Роман.,"САУВАПОНГ, Сени.",,,
6046,Дьявол: Трагический фарс в 4-х д.,"АРЦЫБАШЕВ, Михаил Петрович.",,,
6047,Дьявол: (Черт). Пьеса в 3-х актах.,"МОЛЬНАР, Франц (МОЛЬНАР, Ференц).",,,
6048,Дьявол внутри нас: Роман.,"САБА-ХАТТИН, Али.",,,
6049,Дьявол любви.,"СМЕРЕЧИНСКИЙ, Евгений Стефанович.",,,
6050,Дьявол на мосту Йолэхан: Рассказы.,"НИКОЛ, Абиосе.",,,
6051,Дьявол на холмах: Повесть.,"ПА-ВЕЗЕ, Чезаре. ",,Прекрасное лето...,
6052,Дьяволетто: Рассказы.,"ПЕРВУХИН, Михаил Константинович.",,,
6053,Дьяволиада: Рассказы.,"БУЛГАКОВ, Михаил Афанасьевич.",,,
6054,Дьявольская колесница: Драма в 5-ти д.,"АНТРОПОВ, Роман Лукич.",,,
6055,Дьявольская колесница: Роман в 2-х ч.,"БОАГОБЕЙ, Ф. (ДЮБУАГОБЕЙ, Фортюнэ).",,,
6056,Дьявольские маски: Рассказы.,БАРБЭ Д,,,
6057,Дьявольское наваждение: Оригинальная шутка в 1-м д.,"МАНСФЕЛЬД, Дмитрий Августович.",,,
6058,Дьявольское наваждение; Портсигар: Рассказы.,"ШКЛЯРЕВСКИЙ, Александр Андреевич.",,,
6059,Дьявольское наваждение: Рассказ.,"ПАЛИЛОВ, К.",,,
6060,Дьявольское наваждение и любовь до гроба: Рассказ.,"КЛАНГ, Н. [!] ",,,
6061,Дьявольское наваждение или Чертова горилка: Фантастический рассказ; Порешили кабак закрыть: Картинки из деревенской жизни.,"КУРСКИЙ, И.",,,
6062,Дьяк Смирнов: Сцены.,Имя авт. не установлено.,,,
6063,"Дьячки Софоний и Сасоний: Рас сказы о двух дьячках, покинувших свою должность.","ЕДИНОРОГ, Г. (ТАРАНЧУК, Платон Иванович).",,,
6064,Дьячок-герой: Исторический очерк лз времен войны 1812 года.,"ЛЮДВИГОВ, Г.",,,
6065,Дэзи: Роман.,"СЕРГЕЕНКО, Петр Алексеевич",,,
6066,Дэзи Миллер: Повесть.,"ДЖЕМС, Г. (ДЖЕЙМС, Генри).",,,
6067,Дэн-Ши-хуа: Биоинтервью.,"ТРЕТЬЯКОВ, Сергей Михайлович.",,,
6068,Дэрэ — водяная свадьба: Рассказ.,"МАРТ, Венедикт (МАРТ-МАТВЕЕВ, Венедикт Николаевич).",,,
6069,Дюжина.,"БАХРЕВСКИЙ, Владислав Анатольевич.",,,
6070,Дюжина немцев на одном казацком штыке: Рассказ из русско-немецкой зойны.,"ШУХМИН, Христофор Алексеевич.",,,
6071,Дюжина пьес: Сборник одноактных пьес.,"АНТИМОНОВ, Сергей Иванович.",,,
6072,Дюжина сердитых свах и сударь з дамской шляпке: (Сцена из гражданского брака).,"ЕВСТИГНЕЕВ, Михаил Е.",,,
6073,Дюжина: 12 пьесок для детского театра. В.,"Р. Щ. (ЩИГЛЕВ, Владимир Романович).",,,
6074,Дяденька.,"ЖИТКОВ, Борис Степанович.",,,
6075,Дяди и тетки.,ВАЙЖГАНТАС Ю,,,
6076,Дядька Квасов: (Воспоминания кадета). (1856 г.).,"СЛИВИЦКИИ, Алексей Михайлович.",,,
6077,Дядька Мухомор.,"ЛЕНЧ, Леонид.",,,
6078,Дядюшка: Комедия в 3-х д.,"ПЕ- РЕЛЫГИН, Николай Иванович.",,,
6079,Дядюшка Бернак: (Воспоминания из времен Империи). Исторический роман.,"ДОЙЛЬ, Артур Конан.",,,
6080,Дядюшка выручил: Водевиль в 1-м д.,"ТОМСКИЙ, Владимир Николаевич.",,,
6081,"Дядюшка, каких мало или Племянник в хлопотах: Фарс-водевиль в 1-м д.","ТАТАРИНОВ, Петр Петрович.",,,
6082,«Дядюшка Милон» и другие рассказы.,"МОПАССАН, Ги де.",,,
6083,Дядюшка Михаил Петрович: Из записной книжки Сергея Васильевича Гра-дищева.,"ОРЛОВСКИЙ, К. Ф. (ГОЛОВИН, Константин Федорович).",,,
6084,"Дядюшка на трех ногах или Хотели солгать, а сказали правду: Комедия в 1-м д.","КАРАТЫГИН, Петр Андреевич.",,,
6085,"Дядюшка Пахом не тужит о том, что дедушка Наум наводил мирян на ум: Русская сказка.",Имя авт. не установлено. ,"Дядя Пахом не гужит о том, что дедушка Наум наводил мирян на ум.",,
6086,Дядюшка Пердри.,"ФИЛИПП, Шарль Луи. Изд. ",,,
6087,Дядюшка почтальон: Шутка-воде-зиль в 1-м д.,"ШМАКОВ, Иван Алексеевич.",,,
6088,Дядюшка-проказник: Водевиль в 1-м д.,"ОРЛОВСКИЙ, Антон Иванович.",,,
6089,Дядюшка-титан: Роман.,ВОЛГОН-СКИЙ.,,,
6090,Дядюшка-флейтист: Повесть.,ЛУКАШЕВИЧ. ,,,
6091,Дядюшка Ягуар и дядюшка Кролик: Сатирические сказки.,"АРРАИС, Антонио.",,,
6092,Дядюшка Яков-офеня: Рассказ.,"ЛУКАШЕВИЧ, Клавдия.",,,
6093,"Дядюшки всех стран, объединяйтесь!; Моя поездка в Америку; Общество местечка Кереки; Столичные гости; Соус тартар.","РАКОЧИ, В. (РАКОШИ, Виктор).",,,
6094,Дядюшкин сон: (Из мордасовских летописей).,"ДОСТОЕВСКИЙ, Федор Михайлович.",,,
6095,Дядюшкин фрак и тетушкин капот: Комедия в 2-х д. с куплетами.,"ЯКОВ-ЛЕВСКИЙ, Николай Яковлевич.",,,
6096,Дядюшкина шутка: Комедия в 1-м д.,"ЛИСЕНКО-КОНЫЧ, Иван Кононович.",,,
6097,Дядюшкино наследство: Фарс-водевиль в l'-м д.,"МОРОЗОВ, Александр Петрович.",,,
6098,Дядя Алсид: Картинка нравов.,"ТЕНСО, Леон де.",,,
6099,Дядя Ангел: Рассказы Адриана Зограффи.,"ИСТРАТИ, Панаит.",,,
6100,Дядя Багдасар: Комедия в 3-х д.,"ПАРОНЯН, Акоп Ованесович.",,,
6101,Дядя Боба: Комедия-фарс в 3-х д.,"ГЗОВСКИЙ, Александр Осипович.",,,
6102,Дядя Вак: (Приключения одной лягушки).,"ЛЮБИЧ-КОШУРОВ, Иоасаф Арианович.",,,
6103,Дядя Ваня: Сцена из деревенской жизни. В 4-х д.,"ЧЕХОВ, Антон Павлович.",,,
6104,Дядя Влас.,"КОВАЛЕНСКАЯ, Александра Григорьевна.",,,
6105,Дядя Ерофеевич: Комедия-шутка в 3-х д.,"КАРНЕЕВ, М. В., МЯСНИЦКИЙ, Иван.",,,
6106,«Дядя Жюль» и другие рассказы.,"МОПАССАН, Ги де. ",Мой дядя Жюль.,,
6107,Дядя и племянник: Рассказ из жизни негров-невольников.,"ГОФМАН, Франц.",,,
6108,Дядя и племянник или И я с тобой!: (Рассказ Ополченного) и Донесение адмирала Непира о победе его над тремя чухонскими лодками.,"КОНОНОВ, Александр Акинфиевич.",,,
6109,Дядя и племянница (1505— 1533 гг.).,"РАЗИН, Алексей Егорович.",,,
6110,Дядя Иван.,"БИКЕЛАС, Дмитрий.",,,
6111,"Дядя Иван на маевке: Пьеса, для деревни и для города в 7-ми сценах.","ВЛАДИМИРОВ, Ф. (ИЛЬИНСКИЙ, Федор Владимирович).",,,
6112,Дядя из Чикаго: Очерки школьной жизни в Америке.,"ЛОРИ, Андре (ГРУС-СЕ, Паскаль).",,,
6113,Дядя Ипат и Чайка: Рассказы.,"ГОЛУБОВ, Сергей Николаевич.",,,
6114,Дядя Клим: (Русская быль).,"КАР-ЧЕВСКИИ, Дмитрий Григорьевич.",,,
6115,Дядя Коля.,"МИХАЙЛОВ, А. (ШЕЛЛЕР-МИХАЙЛОВ, Александр Константинович). ",,Не нам судить...,
6116,Дядя Корней Поликарпыч: Поэма.,"КОЛОТИЛОВ, Николай Федорович.",,,
6117,Дядя Костя.,"ИВАНОВ, Всеволод Вячеславович.",,,
6118,«Дядя Милон» и другие неизданные рассказы.,"МОПАССАН, Ги де.",,,
6119,Дядя Митяй: Рассказ.,"ДВОРЯ-ШИН, В. П.",,,
6119а,"Дядя Михей в деревне. ДЯДЯ МИХЕЙ (КОРОТКИЙ, Сергей Аполлонович) . В кн.: Дядя Михей за границей... 61196. Дядя Михей в Петербурге.","ДЯДЯ МИХЕЙ (КОРОТКИЙ, Сергей Аполлонович). ",,Дядя Михей за границей...,
6119в,Дядя Михей за границей; Дядя Михей в деревне; Дядя Михей в Петербурге: Фельетоны-рекламы.,"ДЯДЯ МИХЕЙ (КОРОТКИЙ, Сергей Аполлонович).",,,
6120,Дядя Мозес: Роман.,"АШ, Шолом.",,,
6121,"Дядя мой, Веньямин: Роман.","ТИЛЛЬЕ, Клод (ТИЛЬЕ, Клод). ",Мой дядя Бенжа-мэн.,,
6122,Дядя Пахом: Повесть.,"МАРУСЯК, Г. И.",,,
6123,"Дядя Пахом не тужит о том, что дедушка Наум наводил мирян на ум: Русская сказка.",Имя автора не установлено.,,,
6124,Дядя Паша: Пьеса в 16-ти карт.,"МЯТЕЖНЫЙ, Сергей.",,,
6125,Дядя Пера: (Чича Пера).,"ВЕСЕ-ЛИНОВИЧ, Янко.",,,
6126,"Дядя по носу глядя: Рассказ пре рыбку золотую, да про старуху удалую.",Имя авт. не установлено.,,,
6127,Дядя Сарай и храбрые бабы: Рассказ из войны 1812 г.,"БАЛАГУР, Фома.",,,
6128,"Дядя Симон, торговец по ярмон-кам или Ум хорошо, а два лучше того.","ЖЮССЬЕ, Лоран Пьер. ","Житейская мудрость или Дядя Симон, ярмарочный торговец.",,
6129,Дядя старался: Повесть.,"ПОЗНЯКОВ, Николай Иванович.",,,
6130,"Дядя Тит Антонович учит, как надо любить ближнего.",Имя авт. не установлено.,,,
6131,Дядя Трофим: (Сказка).,"ВЫСОКИЙ (КОРНАТОВСКИЙ, Дмитрий Николаевич).",,,
6132,Дядя Фаддей: Рассказ.,"СТАРИ-НЕНКОВ, Н. Н. [!] (СТАРИНИН, И. И.).",,,
6133,Дядя Фирсай: Рассказ.,"СЕМЕНОВ, Сергей Терентьевич.",,,
6134,Дядя Черныш: Рассказ.,"ТЕРЕШ-КЕВИЧ, Алексей Александрович.",,,
6135,Дятел и башкир.,"ЧЕГЛОК, Александр.",,,
6136,Дятлов шедевр: Рассказы.,"СОЛОВЬЕВ, Виктор Алексеевич. ",,,
6137,Е: Заяшные сказки тибетские.,"РЕМИЗОВ, Алексей Михайлович.",,,
6138,"Е-2, Е-4; Безмолвный свидетель: Две повести.","ФЛОРЕНЦЕВ, Владимир Александрович.",,,
6139,Ева: Драма в 5-ти д.,"ФОСС, Рихард.",,,
6140,Ева: Роман.,"ВАССЕРМАН, Якоб.",,,
6141,Ева: Роман.,"ВЕРГА, Джованни.",,,
6142,Ева: Роман.,"КАЛЕНБЕРГ, Ганс.",,,
6143,Ева: Стихотворения.,"ГРУШКО, Наталия Васильевна.",,,
6144,Ева Барнэ: Роман.,"МАРИУС, Поль",,,
6145,Ева-победительница: Роман.,"КУЛЬ-ВЭН, Пьер.",,,
6146,Евангелина: Рассказ. Для юношества.,Имя авт. не установлено.,,,
6147,Евангелистка: Роман.,"ДОДЭ, Альфонс (ДОДЕ, Альфонс). ",Проповедница; Женщина-апостол; Элина Эбсен.,,
6148,Евгений Арам: Роман.,"БУЛЬВЕР-ЛИТТОН, Эдуард Джордж (БУЛВЕР-ЛИТТОН, Эдуард Джордж).",,,
6149,Евгений Вельской: Роман в стихах.,"ВОСКРЕСЕНСКИЙ, Михаил Ильич.",,,
6150,"Евгений Делакруа, живописец: Поэма в 16-ти лирических карт.","БОБРОВ, Сергей Павлович.",,,
6151,Евгений или Пагубные следствия дурного воспитания и сообщества:    По- весть. Ч. 1—2.,"ИЗМАИЛОВ, Александр Ефимович.",,,
6152,Евгений Майков: Документальная повесть.,"ПРИХОДЬКО, Владимир Александрович.",,,
6153,Евгений Онегин: Роман в стихах.,"ПУШКИН, Александр Сергеевич.",,,
6154,"Евгений Онегин: Роман в стихах, сокращенный и исправленный по статьям новейших лже-реалистов.","ТЕМНЫЙ ЧЕЛОВЕК (МИНАЕВ, Дмитрий Дмитриевич). ",Евгений Онегин нашего времени.,,
6155,Евгений Онегин XX века: Пародия.,"ТУЧКОВ, Н. А.",,,
6156,Евгений Онегин нашего времени: Роман в стихах.,"МИНАЕВ, Дмитрий Дмитриевич.",,,
6157,Евгений Ротелен.,ГРАФИНЯ С,,,
6158,Евгения: Отрывок из жизни.,Имя авт. не установлено.,,,
6159,Евгения Гранде: Роман.,"БАЛЬЗАК, Оноре де. ",Эжени Гранде.,,
6160,Евгения или Избалованное дитя.,Имя авт. не установлено.,,,
6161,Евгения или Нынешнее воспитание: Повесть.,"ОСТОЛОПОВ, Николай Федорович.",,,
6162,Евгения или Письма к другу: Ч. 1—2.,"ГЕОРГИЕВСКИЙ, Иван Сергеевич.",,,
6163,Евгения или Тайна французского двора: Историко-романтический рассказ из новейших событий во Франции.,"БОРН, Георг.",,,
6164,"Бвграф, искатель приключений: 4 акта.","ФАИКО, Алексей Михайлович.",,,
6165,Евдокимовский зять:    Рассказы.,"ЕМЕЛЬЯНОВ, Алексей Тимофеевич.",,,
6166,Евдокия; Сережа; Валя; Володя; Времена года.,"ПАНОВА, Вера Федоровна.",,,
6167,Евдокия Ивановна: Пьеса в 3-х д.,"ЧЕКИН, Игорь Вячеславович.",,,
6168,Евдокия Саломатина и сын: Эпизоды из жизни одной фирмы в 4-х д.,"ОЛЕ--НИН-ВОЛГАРЬ, Петр (ОЛЕНИН, Петр Алексеевич).",,,
6169,"Евдоксия, дщерь несчастного Вели-зария: Истинная повесть.",Имя авт. не установлено.,,,
6170,Евлалия Рамина: Драма в 4-х д.,"СОЛОВЦОВ, Николай Николаевич.",,,
6171,Евнух: Комедия.,"ТЕРЕНЦИЙ, Публий.",,,
6172,Евпатий Коловрат: [Исторические повести].,"ЕРОХИН, Владимир Семенович.",,,
6173,Евпатий Коловрат: [Исторический рассказ].,"ЧЕРСКИЙ, Леонид Федорович. ",,Плач Ярославны...,
6174,Евпатий Коловрат: Исторический рассказ из эпохи XIII столетия.,"МИТРОПОЛЬСКИЙ, Иван Иванович.",,,
6175,Евпатий Коловрат: Повесть.,"РЯ-ХОВСКИИ, Василий Дмитриевич.",,,
6176,Евпатий Коловрат: Рассказ из времен татарщины.,Имя авт. не установлено.,,,
6177,Евреи: Комедия в 1-м д.,"ЛЕССИНГ, Готхольд Эфраим.",,,
6178,Евреи: [Повесть].,"ЮШКЕВИЧ, Семен Соломонович.",,,
6179,Евреи: Пьеса в 4-х д.,"ЧИРИКОВ, Евгений Николаевич.",,,
6180,Евреи: [Рассказы].,"СВИРСКИЙ, Алексей Иванович.",,,
6181,Евреи в поле.,"ФИНК, Виктор Григорьевич.",,,
6182,Евреи в тайге.,"ФИНК, Виктор Григорьевич.",,,
6183,Евреи за плугом.,"ФИНК, Виктор Григорьевич.",,,
6184,Евреи и жиды: Из моих воспоминаний. Очерк.,"АНТАРОВ, И. В. (СЕМЕНТ-КОВСКИЙ, Ростислав Иванович).",,,
6185,Евреи на земле.,"ФИНК, Виктор Григорьевич.",,,
6186,Еврей: Драма в 5-ти д.; Тайна графини: Драма в 5-ти д.; Отлученный: Рассказ.,"ТРЕЦЕК, Леон Осипович.",,,
6187,Еврей: [Повесть].,"ДЕДЛОВ, В. Л. ",,Варвар,
6188,Еврей: Поэма.,"БАРЫШОВ, Ефрем Ефремович.",,,
6189,Еврей: Рассказ.,"СЛОВО-ГЛАГОЛЬ (ГУСЕВ, Сергей Сергеевич).",,,
6190,Еврей; [Роман].,"ГОЛЬДШМИДТ, Мейер-Аарон.",,,
6191,"Еврей Абнер, который ничего не зидал.","ГАУФ, Вильгельм. ",,Принц-самозванец...,
6192,Еврей Зюсс: Исторический роман.,"ФЕЙХТВАНГЕР, Лион.",,,
6193,Еврей—Иванов; 20 лет на цепи: (Картинка с натуры).,"МИХАЙЛОВ-СТО-ЯН, Константин Иванович.",,,
6194,Еврей Иоська.,Имя авт. не установлено.,,,
6195,Еврейка; На могиле ребенка; Сон; Сидень: Четыре рассказа.,"АНДЕРСЕН, Ганс-Христиан.",,,
6196,Еврейка: Повесть последних лет.,"БАЛУЦКИИ, Михаил.",,,
6197,Еврейка: [Рассказ].,"ШУЛЬГИН, Василий Витальевич.",,,
6198,Еврейка у доктора: (Сцена с натуры).,"ДАВЫДОВ, Ю. А. (ДАВЫДОВ-ГУ-НАРОПУЛО, Юрий Афанасьевич). ",,Буланже в Бердичеве...,
6199,Еврейская беднота.,"ГОЛД, Майкл.",,,
6200,Еврейская депутация у принца Баттенбергского: (Рассказ русского еврея).,"ДАВЫДОВ, Ю. А. (ДАВЫДОВ-ГУНАРО-ПУЛО, Юрий Афанасьевич).",,,
6201,Еврейская лампа: Арсен Люпен против Шерлока Холмса.,"ЛЕБЛАН, Морис.",,,
6202,Еврейская республика: (Золотой сон).,СТРАННИК.,,,
6203,Еврейская Сафо: Драма в 4-х д.,"ГОРДИН, Яков Михайлович. ",Сарра Фин-гергут; Софья Фингергут.,,
6204,Еврейская семья: Драма в 3-х отделениях.,"МАНДЕЛЬШТАМ, Лев Иосифович.",,,
6205,Еврейские анекдоты в лицах.,"С. О. (ОПЕНХОВСКИИ, Станислав Францевич).",,,
6206,Еврейские дети.,ШОЛОМ-АЛЕЙ-ХЕМ.,,,
6207,Еврейские мелодии.,"БАЙРОН, Джордж Гордон.",,,
6208,Еврейские мотивы.,"ГЕЙНЕ, Генрих.",,,
6209,Еврейские песни в лицах или Любовный фокус еврея: Музыкальная шутка 3 1-м д.,"ПУШКИН-ЧЕКРЫГИН, И. Н. (ЧЕКРЫГИН, Иван Николаевич).",,,
6210,"Еврейские силуэты: Повести, очерки, рассказы.","ЛИНОВСКИИ, Николай Осипович.",,,
6211,"Еврейские типы: Ицек, Элюким Шамес.","ПОЛИНОВСКИЙ, Михаил Б.",,,
6212,Еврейский Дон-Кихот: Произведение еврейской жаргонной     литературы.,"ЮНОША, Клеменс.",,,
6213,Еврейский король Лир: Драма в 4-х д.,"ГОРДИН, Яков Михайлович. ",Еврейский Лир.,,
6214,Еврейский Лир: Драма в 4-х д.,"ГОРДИН, Яков Михайлович.",,,
6215,Еврейский манускрипт: Перед драмой.,"БОГРОВ, Григорий Исаакович.",,,
6216,Еврейское  счастье:   (Menachem Mendl). [Повесть.  Комедия. Шутка].,ШО- ЛОМ-АЛЕЙХЕМ.,,,
6217,Еврейское  счастье:  [Повесть].,"ЛЬВОВ, Л. (КЛЯЧКО, Лев Моисеевич). ",,Повести прошлого...,
6218,Еврейскому народу.,"ТЕРПИГО-РЕВ, Ив.",,,
6218а,Европа: Инсценированное стихотворение с прологом.,"УИТМЕН, Уолт.",,,
6219,Европа: Стихи.,"ЛУГОВСКОИ, Владимир Александрович.",,,
6220,Европа во льдах: Фантастический роман.,"ТУДУЗ, ЖАК [!] (ТУДУЗ, Жорж Гюстав).",,,
6221,Европа—Запад: Роман.,"ЗАГРЕ-ВЕЛЬНЫИ, Павло (ЗАГРЕБЕЛЬНЫИ, Павел Архипович).",,,
6222,Европа своими глазами: Юмори стические очерки.,"АРБАТ, Юрий.",,,
6223,Европа 45; Европа—Запад: Рома ны.,"ЗАГРЕБЕЛЬНЫИ, Павло (ЗАГРЕБЕЛЬНЫИ, Павел Архипович).",,,
6224,Европеец в Америке: Роман.,"РУ-ПИУС, Отто.",,,
6225,Европейка и азиат: Трагедия в 5-ти д.,"ЛЕЙВЕНТМАН, А.",,,
6226,Европейская хроника: Драма в 4-х актах.,"АРБУЗОВ, Алексей Николае-зич.",,,
6227,Европейские мины и контрмины: Исторический роман.,"САМАРОВ, Грегор. ",Коварство и любовь маркизы Палланцани; Цари и министры.,,
6228,"Европейцы: Группы, эскизы, типы ets.","ПОДУРОВ, Алексей Петрович (ПЕДРО, А.).",,,
6229,Европолис: Роман.,"БАРТ, Жан (БОТЕЗ, Еуджен).",,,
6230,Евсевий Ломбар: Роман.,"ТЭРЬЕ, Андрэ. ",,,
6231,Евстратова скрытня: Повесть.,"ЕРЕМИН, Дмитрий Иванович.",,,
6232,"Евфай, вождь израильский: Поэма з прозе (из древних преданий).","ДОНХИН, Макс.",,,
6233,Евфимия Старицкая: Исторический роман. В 2-х ч.,"ЧАРСКАЯ, Лидия.",,,
6234,Евфразия или Развалины разбойничьего замка в дремучем лесу: Ч. 1—4.,Имя авт. не установлено.,,,
6235,«Егерь» и другие рассказы.,"ЧЕХОВ, Антон Павлович.",,,
6236,Египет; Палестина; Океан; Индия; Берега:  Сонеты.,"ФЕДОРОВ, Александр Митрофанович.",,,
6237,Египетская марка.,"МАНДЕЛЬШТАМ, Осип Эмильевич.",,,
6238,Египетские ночи.,"ПУШКИН, Александр Сергеевич.",,,
6239,Египтянин: Роман.,"САРГИДЖАН, Амир (БОРОДИН, Сергей Петрович).",,,
6240,Его большая вина: Повесть.,"АНА ТОЛЬЕВА, Татьяна Владимировна.",,,
6241,Его большое поле: Повести.,"ВИНОГРАДОВ, Иван Иванович.",,,
6242,Его брат; Строгая линия.,"МАДЛЭН, Мари (МАДЛЕН, Мари).",,,
6243,Его величество: Поэма.,"РУСЕЦКИЙ, Алексей.",,,
6244,Его величество Трифон: Народная драма в 5-ти д.,"ЧИЖЕВСКИЙ, Дмитрий Федотович.",,,
6245,Его величество Человек: Роман.,"ФАИЗИ, Рахмат.",,,
6246,Его вина: [Повесть].,"ГЛОТОВ, Василий Иванович. ",Наедине с совестью.,,
6247,Его вина!: |Рассказ].,"ГРИН, Анна Катарина.",,,
6248,Его воззрения.,"ПУТТКАМЕР (МАДЛЕН, Мари). ",,Родимое пятно...,
6249,Его главная ошибка: Рассказы.,"ДАВЫДОВ, Исай.",,,
6250,Его глаза: Роман.,"ФЕДОРОВ, Александр Митрофанович.",,,
6251,Его гнев: Повесть.,"РАЦИФЕХЕРА, Арсен.",,,
6252,Его депутат: (Сцены).,"ЭДЕЛЬ, Михаил Владимирович.",,,
6253,Его дом в порядке: Комедия в 4-х д.,"ПИНЕРО, Артур Уинг.",,,
6254,Его дочь: Пьеса в 4-х актах.,"БАРД, Андре, ДЮКЕНЕЛЬ, Феликс.",,,
6255,Его друг: (Драматический этюд е 1-м д.).,"ДИНИН, Сергей Михайлович.",,,
6256,Его друзья: Повесть.,"ШТЕРЕН-БЕРГ, Вениамин Ефимович.",,,
6257,Его жена: (Тропа шпиона). Пьеса в 3-х д.,"ДЮМА, Александр (сын).",,,
6258,Его животные.,"ИНВЕР, Вера Михайловна.",,,
6259,Его жизнь: Рассказ.,"БАРОВ, Ал. ",,Старые песни...,
6260,Его звали Маратом.,"ВИНОГРАДОВ, Святослав Филиппович.",,,
6261,Его звали Петрович:    Повесть.,"АНДРЕЕВ, Василий Андреевич.",,,
6262,Его земля: Рассказы.,"СОФРОНОВ, Анатолий Владимирович.",,,
6263,"Его императорскому величеству, Всемилостивейшему государю императору Александру I на всевожделенное его прибытие в первопрестольный град Москву от Императорского Московского университета всеподданнейшее приношение.","МЕРЗЛЯКОВ, Алексей Федорович.",,,
6264,"Его императорскому величеству государю императору Александру Первому: Память Ноября 6 дня, 1876 года.","КАПНИСТ, Василий Васильевич.",,,
6265,"Его императорскому величеству, государю императору Александру Первому, самодержцу всей России, избавителю и миротворцу Европы.","ЩЕГОЛЕВ, Николай Гаврилович.",,,
6266,Его королевское высочество: Роман.,"МАНН, Томас.",,,
6267,Его мадонна.,"БРЕШКО-БРЕШ-КОВСКИИ, Николай Николаевич. ",,Записки натурщицы...,
6268,Его — моя биография великого футуриста.,"КАМЕНСКИЙ, Василий Васильевич.",,,
6269,Его называли Иваном Ивановичем: Роман о немецком партизане Герое Советского Союза Фрице Шменкеле.,"НЕЙГАУЗ, Вольфганг (НЕИХАУЗ, Вольфганг).",,,
6270,Его не поняли: Повесть.,"МОНТ-ГОМЕРРИ (МОНТГОМЕРИ, Флоренс). ",Непонятый.,,
6271,Его невеста: Рассказы.,"ЛАПИН, Константин Кириллович.",,,
6272,Его отец: Сборник рассказов.,"ИР-КУТОВ, Андрей.",,,
6273,Его первая маевка.,"КАРОТИ, Ар-гур (КАРОТТИ, Артуро).",,,
6274,Его позвал Гиппократ: Повесть.,"ЛЕБЕДЕВ, Василий Алексеевич.",,,
6275,Его превосходительство: [Рассказ].,"КОТИГОРОШКО, Варсонофий.",,,
6276,Его превосходительство: Драма в 3-х д.,"РОВЕТТА, Джероламо.",,,
6277,Его превосходительство господин Министр: Комедия в 5-ти д.,"КЛАРЕСИ, Жюль (КЛАРЕТИ, Жюль).",,,
6278,Его превосходительство или Средства нравиться.,"КОРОВКИН, Н. А. ",,,
6279,"Его превосходительство или Эфиоп, присланный в древний город: Горькая комедия в 3-х д.","ОРНАТСКИИ, Вл. К.",,,
6280,Его превосходительство флиртует: Комедия в 1-м д.,Имя авт. не установлено.,,,
6281,Его превосходительство Эжен Ру-гон: Роман из времен Второй Французской империи.,"ЗОЛА, Эмиль (ЗОЛЯ, Эмиль).",,,
6282—6283,Его родовое имя: Роман.,"БАЛКОВ, Ким Николаевич.",,,
6284,Его светлость веселится: Любовная игра в 3-х д.,"МИШ, Роберт.",,,
6285,Его светлость на водах: Комедия-водевиль в 3-х д.,"МИШ, Роберт.",,,
6286,Его семья: Роман.,"ДИМАРОВ, Анатолий Андреевич.",,,
6287,Его сиятельство: Пьеса в 3-х д.,"ПОКРОВСКИЙ, Л. А.",,,
6288,Его сокровище: Комедия-шутка в 3- х д.,"ВУКОТИЧ, О., АЛЕКСАНДРОВИЧ, Ал. (Ч-н) (ГОНЧАРЕНКО, Александр Александрович).",,,
6289,Его спасает небо: Кинокомедия в 4- х д.,"РОМАШОВ, Борис Сергеевич.",,,
6290,"Его страницы: Рассказы, пьесы.","ЛЯХ, Федор Миронович.",,,
6291,Его судьба; Светлый воин.,"БУДИ-ЩЕВ, Алексей Николаевич.",,,
6292,Его счастье; Сказка города; Поэтическая женщина; Математик; Большое сердце.,"ДЫМОВ, Осип.",,,
6293,Его тень: Поэма.,"КЭБИРЛИ, Ибрагим.",,,
6294,Его уже не ждали: Роман.,"КА-МЕНКОВИЧ, Златослава (КАМЕНКО-ВИЧ, Злата Борисовна), ХАЧАТУРЯН, Чарэн Тарасович.",,,
6295,Его час настал: (Из давно забытых записок тетеньки). Повесть.,"МАЧТЕТ, Григорий Александрович.",,,
6296,Его четвертое имя: (Конец господина Тигра). Пьеса в 1-м д.,"НИКУЛИН, Юрий Вениаминович.",,,
6297,Его шаги: Пьеса в 3-х д.,"ЮРЬ-ИН, Юр.",,,
6298,Его юбилей.,"ПРЕЦАНГ, Эрнст (ПРЕЧАНГ, Эрнст).",,,
6299,Его юность: (Сергей Костриков). Пьеса в 4-х д.,"ЛУРЬЕ, Надежда.",,,
6300,Егор Артельный: Рождественская пьеса в стихах в 4-х д.,"УНКОВСКАЯ, С. А.",,,
6301,Егор-артиллерист.,МОРДВИНОВ,,,
6302,Егор Булычев и другие: Пьеса в 3-х актах.,"ГОРЬКИЙ, Максим.",,,
6303,Егор Васильевич-младший.,"ХАЗА-НОВИЧ, Юрий Яковлевич.",,,
6304,Егор над европами.,"САЯНСКИЙ, Леонид.",,,
6305,Егор Урван-атаман запорожского зойска: Историческая повесть.,"ПАЗУХИН, Алексей Михайлович.",,,
6306,Егор Цапля.,"ИВАНОВИЧ (КОРОВКИН, Николай Иванович).",,,
6307,Егор Цыганков: Рассказы.,"ДИ-КОВСКИИ, Сергей Владимирович.",,,
6308,Егор Чэрин: Приключения веселого снайпера Чэрина-Бэрина.,"СМЕТАНИН, Тимофей Егорович.",,,
6309,Егорка: Рассказы.,"ЕЛОВСКИХ, Василий Иванович.",,,
6310,Егорка: Рассказы.,"ЛЕВИН, Борис Наумович.",,,
6311,Егорка: Рассказы.,"ЮЩЕНКО, Валентин Тимофеевич.",,,
6312,"Егорка Башлык, атаман волжских разбойников или Двумужница: Былина прошлого столетия.","ШЕВЕЛКИН, Иван.",,,
6313,Егорка Богатырев: Страницы жизни питерского    мальчика.,"ГОРБУНОВ, Дмитрий Максимович.",,,
6314,Егорка и его друзья.,"НОВИКОВ, Евгений Петрович.",,,
6315,Егорка и красная звезда: Рассказы.,"ДМИТРИЕВ, Юрий.",,,
6316,Егорка меняет характер: Рассказы.,"ПОЛЕТАЕВ, Самуил.",,,
6317,Егорка-Нашатырь: Рассказы.,"СТЕПАНЕНКО, Владимир Иванович.",,,
6318,Егорка-пастух.,"УСПЕНСКИЙ, Николай Васильевич.",,,
6319,Егорка Хвощ: Рассказ.,"ИВАНОВ, Всеволод Вячеславович.",,,
6320,Егоркин разъезд: Повесть.,"СУПРУН, Иван Федосеевич.",,,
6321,Егоркин хунхуз: Рассказ.,"ЛЮБИЧ-КОШУРОВ, Иоасаф Арианович.",,,
6322,Егоркины рапорты: Рассказы.,"ВОЛ-КОДАЕВ, Петр Иванович.",,,
6323,Егоровна: (Маленькая пьеса).,"МАРИЕНГОФ, Анатолий Борисович.",,,
6323а,"Егорушка-простак, паренек не гумак, мудреной науке учился, счастливой жизни добился: Старинная русская народная сказка, в новом пересказе.","КАФТЫ-РЕВ, Семен Никанорович.",,,
6324,Егорушкина жизнь.,"МОРДВИН-КИН, В.",,,
6325,Егорыч: Рассказ.,"ШВЕДЕР, Евгений Иосифович.",,,
6326,Едем в поле.,"ЛУГОВСКОИ, Иннокентий Степанович.",,,
6327,"Едем по Узбекистану: Стихи, лирические новеллы, путевой дневник.","УРИН, Виктор Аркадьевич.",,,
6328,Единая боевая: Пьеса в 4-х д.,"БРУШТЕИН, Александра Яковлевна.",,,
6329,Единая радость.,"Н. Б. (БРЮСОВА, Надежда Яковлевна).",,,
6330,Единая страсть.,"ДРОЗДОВ, Александр Михайлович.",,,
6331,Единица в миллионе:     Рассказы.,"СЕМЕНОВ, Сергей Александрович.",,,
6332,Единицы: Шутка в 1-м д.,"ВЕИН-БЕРГ, Павел Павлович.",,,
6333,Едино крещение: Рассказ.,"СМИРНОВ, Петр И.",,,
6334,Единоборство Челубея и Пересве- та: Стихотворение.,"ШИРИНСКИЙ-ШИХ-МАТОВ, Платон Александрович.",,,
6335,Единомышленники: Роман.,"ЖЕР-НАКОВ, Николай Кузьмич.",,,
6336,Единомышленники: Роман-хроника.,"БОРИСОВ, Климентий Федорович.",,,
6337,Единственная: Повесть.,"ЗБАНАЦ-КИИ, Юрий.",,,
6338,Единственная: Повесть.,"ЯРУНКО-ВА, Клара.",,,
6339,Единственная: Роман; Homo homi-ni lupus: Симфония.,"МУКАЛОВ, Михаил Н.",,,
6340,Единственная дочка.,"КУЛИК, Арнольд Семенович.",,,
6341,Единственная моя.,"ЗУБАРЕВ, Вадим Иванович.",,,
6342,Единственная ночь: Рассказ.,"ГЕРАСИМОВА, Валерия Анатольевна.",,,
6343,Единственная повесть Каценбогена.,"НОВИКОВ, Александр Иванович.",,,
6344,Единственная привилегия.,"РЕН-ДЕЛЬ, Карл Александрович.",,,
6345,Единственно справедливая война (СНС1-СН)3 As (levisite): Роман.,"БЕХЕР, Иоганнес Роберт.",,,
6346,Единственное: Стихи.,"ВАСИЛЬЕВ, Флор Иванович.",,,
6347,Единственное мое оружие — любовь: Повесть.,"КОВАЛЕВСКИЙ, Вячеслав Александрович.",,,
6348,Единственные в своем роде.,"ВЕСЕ-НИН, Ефим Миронович.",,,
6349,Единственный: Из истории одной маленькой жизни.,"АЛТАЕВ, Ал.",,,
6350,Единственный дом: Стихи.,"ЗЛОТНИКОВ, Натан Маркович.",,,
6350а,Единственный друг.,"ЛУКАШЕВИЧ, Клавдия.",,,
6351,Единственный и гестапо.,"БОРН, Георг.",,,
6352,Единственный наследник: Комедия в 5-ти д.,"РЕНЬЯР, Жан Франсуа.",,,
6353,Единственный племянник: Комедия-шутка в 3-х д.,"ЗАК, Авраам Григорьевич, КУЗНЕЦОВ, Исай Константинович.",,,
6354,Единственный поцелуй: [Рассказ].,Имя авт. не установлено.,,,
6355,Единственный свидетель: Драма в 7-ми карт.,"ТУР, Ариадна, ТУР, Петр.",,,
6356,Единственный свидетель: Юмористические рассказы.,"ЛЕНЧ, Леонид.",,,
6357,Единственный сын: Комедия в 1-м д.,"НАЗАРОВ, Игнат Иванович.",,,
6358,Единство: Избранные стихи.,"УШАКОВ, Николай Николаевич.",,,
6359,"Единство: Рассказы, очерки, фронтовые письма.","РОМАНОВСКИЙ, Николай Владимирович.",,,
6360,Единство: Роман.,"НИКИФОРОВ, Георгий Константинович.",,,
6361,Единство: Стихи.,"БЕЗЫМЕНСКИЙ, Александр Ильич.",,,
6362,Единство Земли: Книга путешествий.,"ВЫШЕСЛАВСКИЙ, Леонид Николаевич.",,,
6363,Единый куст: Драматические картины из русской жизни 1918 года.,"КЛЮЧНИКОВ, Ю. В.",,,
6364,Единый сельхозналог: (Живая газета).,"УХОВСКИЙ, Яков.",,,
6365,Единый фронт: Пьеса в 4-х д.,"КИРШОН, Владимир Михайлович.",,,
6366,Единый фронт: Стихи.,"ПОЛТОРАЦКИЙ, Виктор.",,,
6367,Единый экипаж: Стихи. Поэма.,"ЛЕБКОВ, Евгений Дмитриевич.",,,
6368,Единым фронтом: Пьеса в 4-х карт.,"ЯЛЬЦЕВ, Павел Дмитриевич.",,,
6369,«Едут» и другие рассказы.,"ЕЛ-ПАТЬЕВСКИИ, Сергей Яковлевич.",,,
6370,Ее величество королева*. Роман.,"МИЗАЗИ, Никола.",,,
6371,Ее величество любовь: Роман из современных событий.,"ЧАРСКАЯ, Лидия.",,,
6372,"Ее воспитанница; Кушать нечего; Ни большая, ни маленькая: Рассказы для детей.","БОБОРЫКИН, Петр Дмитриевич.",,,
6373,Ее все знают: Из заметок земского врача. Рассказ.,"ДМИТРИЕВА, Валентина Иововна.",,,
6374,Ее высочество.,"БАНТ, Герман Иоахим.",,,
6375,Ее грех.,"КУЛИКОВСКИЙ, Вячеслав Яковлевич.",,,
6376,Ее дневник.,"СТЕПОВА, Н.",,,
6377,Ее друзья: [Повесть].,"КОТОВЩИ-КОВА, Аделаида Александровна.",,,
6378,Ее друзья: Пьеса в 4-х д.,"РОЗОВ, Виктор Сергеевич.",,,
6379,Ее жена.,"КРАМАРЕНКО, Евгений.",,,
6380,Ее звали Каталина: Повесть.,"МАНСИСИДОР, Хосе.",,,
6381,Ее звали Марией: Документальная повесть.,"ГУРЕВИЧ, Яков Абрамович.",,,
6382,Ее звали о-Эн: Повесть.,ОХАРА ТОМИЭ.,,,
6383,Ее зовут Елкой: Повести и рассказы.,"БАРУЗДИН, Сергей Алексеевич.",,,
6384,Ее императорскому величеству государыне императрице Марии Федоровне в высокоторжественный день серебряной свадьбы 28 октября 1891 года.,"ГОЛОВИН, Владимир Иванович.",,,
6385,Ее история.,"З-КО, Н.",,,
6386,Ее Карелией зовут...: Фронтовые стихи.,"КОВАЛЕНКОВ, Александр Александрович.",,,
6387,Ее Крейцерова соната: Из дневника г-жи Позднышевой.,Имя авт. не установлено.,,,
6388,Ее любовь: Педагогическая повесть.,"ПЕЧЕРНИКОВА, Ирина Алексеевна.",,,
6389,Ее муж: (Счастливый брак). Рассказы.,"МИХАЭЛИС, Карин (МИКАЭЛИС, Карин).",,,
6390,Ее надо показать доктору: (Наш доктор). Шутка в 1-м д.,"ЧИНАРОВ, Рубенс.",,,
6391,Ее называли Ласточкой: Повесть.,"ЕРШОВ, Яков Алексеевич.",,,
6392,Ее первая пьеса: Комедия в 3-х д. с прологом и эпилогом.,"ШОУ, Бернард.",,,
6393,Ее первые шаги: Драма в 10-ти новеллах и 3-х письмах.,"БУРЯКОВСКИЙ, Юрий Александрович.",,,
6394,Ее первый роман: Комедия в 4-х д.,"ВЕБЕР, Пьер, ГОРС, Анри Жозеф Огюст де. ",Ошибка сердца; Погибшая девчонка (Сорванец); Подросток; Хочу любить.,,
6395,Ее победа: Повести и рассказы.,"БАХМЕТЬЕВ, Владимир Матвеевич.",,,
6396,Ее поклонники: Шутка в 1-м д.,"ДЕРМАН, Феликс.",,,
6397,Ее полк: Роман.,"ДЕЛЯИР, Ж. (ЛА-ИР, Жан де).",,,
6398,«Ее превосходительство»: Комедия в 2-х д.,"ВИЛЬДЕ, Николай Николаевич.",,,
6399,Ее превосходительство Настасьюш-ка: (Хамка). Комедия в 4-х д.,"КОНСТАНТИНОВ, М. ",,,
6400,Ее путь: Третья смена. Драма в 4-х д.,"БОЛОТОВ, Юрий Васильевич.",,,
6401,Ее родина — Африка: Комедия в 3-х д.,"КОПЫЛОВ, Евгений Николаевич.",,,
6402,Ее сердце: Повесть.,"КИРИИ, Алексей Алексеевич.",,,
6403,Ее сиятельство: [Роман].,"ШАПИР, Ольга Андреевна.",,,
6404,Ее сиятельство; Последний день Георга Вита; Из дневника Вивера.,"ВИД, Густав Иоханнес.",,,
6405,Ее сказка: Рассказы.,"ГАЛИМОВ, Рауф Зарифович.",,,
6406,Ее скромный поклонник: Пьеса в 1-м д.,"ТАУФШТЕИН, Людвиг.",,,
6407,Ее судьба: Драма в 3-х д.,"СОКОЛОВА, Александра Арсеньевна.",,,
6408,Ее судьба: Повесть.,"ВЕРБИЦКАЯ, Анастасия Алексеевна.",,,
6409,Ее судьба: Повесть и рассказы.,"ГАСИ ЛОВА, Халида Мамед ",,,
6410,Ее судьба: Роман.,"ДУДОЧКИН, Петр Петрович.",,,
6411,Ее счастье: Комедия в 4-х д.,"НАНСЕН, Петер. ",Душа женщины — потемки; Счастливый брак.,,
6412,Ее сын.,"ЭВАЛЬД, Ида.",,,
6413,Ее тайна: Повести.,"АРХИПОВ, Николай.",,,
6414,Еж: Рассказ.,"НАУМОВ, Николай Иванович.",,,
6415,Еж: [Рассказ].,СКРЕБИЦКИ,,,
6416,Еж-большевик: Сказка.,"ЯКОВЛЕВ, Полнен Николаевич.",,,
6417,"Ежедневно, кроме понедельника.","РАЕВСКИЙ, Борис Маркович.",,,
6418,Ежелиха; Спелые травы; Нас поле не насеяно.,"ПАВЛОВ, Владимир Андреевич.",,,
6419,Ежик: Повесть.,"ЧЕРНИН, Максим (ЧЕРНИН, Макс Павлович).",,,
6420,Ежик: Рассказ.,ТЮХАНОВ,,,
6421,Ежики.,"КУКЛИН, М.",,,
6422,Ежовые рукавицы: Роман в 2-х ч.,"НЕМИРОВИЧ-ДАНЧЕНКО, Василий Иванович.",,,
6423,Ежулька: Рассказ.,ВЭР-ЧИСТЯ-I,,,
6424,Ездок.,"НАЖИВИН, Иван Федорович.",,,
6425,"Езуит или Герой своего времени, присвоивший себе престол нового Фельзен-бурга: Комико-сатирический роман. Ч. Г—2.","КРАМЕР, Карл Готлоб.",,,
6426,Езуитишка.,"ДРОЗДОВ, Александр Михайлович.",,,
6427,Ей было шестнадцать: Документальная повесть.,"СОКОЛОВ, Георгий Владимирович.",,,
6428,Ей и мне.,"МАЯКОВСКИЙ, Владимир Владимирович.",,,
6428а,«Ей стыдно!...»: Маскарадная сценка в 1-м д.,Имя авт. не установлено.,,,
6429,Екатерина Бурбон и Маргаритта де Валуа: Ч. 1—2.,"ЖАН ЛИС, Стефани Фе-лисите.",,,
6430,Екатерина Великая: Комедия в 4- х д.,"ШОУ, Бернард.",,,
6431,Екатерина Великая на Волге; Что крепче?: Два исторических рассказа.,"СЕ-ВЕРЦЕВ, Г. Т. (ПОЛИЛОВ. Георгий Тихонович).",,,
6432,Екатерина Великая на Днепре.,"ДАНИЛЕВСКИЙ, Григорий Петрович. ",,Царь Алексей с. соколом...,
6433,Екатерина Воронина: Роман.,"РЫБАКОВ, Анатолий.",,,
6434,Екатерина Говард: Историческая драма в 5-ти актах.,"ДЮМА, Александр (отец).",,,
6435,Екатерина Долгорукая: (Обрученная невеста). Драматические сцены в 5- ти д.,"ФАЛЕЕВ, Николай Иванович.",,,
6436,Екатерина Ивановна: Драма в 4-х д.,"АНДРЕЕВ, Леонид Николаевич.",,,
6437,Екатерина Манькова: Повесть о Любви.,"ПЛИТЧЕНКО, Александр Иванович.",,,
6438,Екатерина минус Николай: Дружеский шарж.,"ХОДАНОВ, Алексей Иосифович.",,,
6439,Екатерина ГВорхова: Пьеса в 3-х д.,"АПУШКИН, Яков Владимирович, ГРАДОВ, Григорий.",,,
6440,Екатерина Сиенская.,"БАТЛЕР, Жозефина Елизавета.",,,
6441,Екатерина Чавчавадзе: Хроника.,"ЧИЛАЯ, Сергей Евстафьевич.",,,
6442,Екатеринбургские рассказы.,"НИКИТИН, Николай Николаевич.",,,
6443,Еланька: Повесть.,"ШКРОБ, Александр Павлович.",,,
6444,Елвира или Роза: Драма в 3-х д.,"ГАНИН, Егор Федорович.",,,
6445,Елеазар: Рассказ.,"АНДРЕЕВ, Леонид Николаевич.",,,
6446,Елена: Драматический эпизод из эпохи Троянской войны.,"КОНДРАТЬЕВ, Александр Алексеевич.",,,
6447,Елена: Медиумический рассказ.,Имя авт. не установлено.,,,
6448,Елена: Поэма.,"БЕРНЕТ, Евстафий.",,,
6449,Елена: Пьеса в 1-м д.,"ТРЕНЕВ, Константин Андреевич.",,,
6450,Елена: Роман.,"ЛЬВОВА, Ксения Сергеевна.",,,
6451,Елена: Роман. Ч. 1—3.,"ДЮМА, Александр (сын).",,,
6452,Елена: [Роман]. Ч. 1—3.,"ЭДЖЕ-ВОРТ, Мария (ЭДЖВОРТ, Мария).",,,
6453,Елена Вересаева: Драма в 4-х д.,"МИХАИЛОВ, Михаил Ларионович.",,,
6454,Елена Волхова: Древняя русская повесть. Ч. 1—2.,"ПАВЛОВ, Александр А.",,,
6455,Елена Деева: Роман.,"СТОЛИЦА, Любовь Никитична.",,,
6456,Елена де-ла-Сеглиер: Роман.,"САН-ДО, Жюль.",,,
6457,Елена Дуглас или Дева озера Лок-Катринского.,"СКОТТ, Вальтер. ",Дева озера.,,
6458,Елена и Матильда: Роман.,"БЕЛО, Адольф.",,,
6459,Елена или Добродетельное дитя: Повесть для детем.,Имя авт. не установлено.,,,
6460,Елена Линская: Историческая повесть.,Имя авт. не установлено.,,,
6461,Елена Милина: (Записки влюбленного).,ЛОЦОС. ,,,
6462,Елена Николаевна: Повесть.,"ГЛУШКО, Мария Васильевна.",,,
6463,Елена Павловна. (Загл. обл.).,"ВЕРБИЦКАЯ, Анастасия Алексеевна. ",Елена Павловна и Сережка.,,
6464,Елена Павловна и Сережка: (Лет няя идиллия).,"ВЕРБИЦКАЯ, Анастасия Алексеевна. ",Елена Павловна.,,
6465,Елена Петровна: Повесть.,"ПРОКОФЬЕВ, Дмитрий Георгиевич.",,,
6466,Елена Прекрасная или Большая Троянская война: Героическая повесть из древней истории народов.,"ИЗВОЛЬСКИЙ, Сергей Петрович.",,,
6467,Елена Русанова: Роман.,"ФИЛ ЕВ, Аркадий.",,,
6468,Елена Спартанская: Трагедия в 4-х д.,"ВЕРХАРН, Эмиль.",,,
6469,Елена Толпина: (Евразия). Героическая драма в 5-ти д.,"ЩЕГЛОВ, Дмитрий Алексеевич.",,,
6470,Елена у Париса: (Продолжение «Прекрасной Елены»). Фарс с пением в 3-\ д.,"ДЕ-МУАН (МАНСФЕЛЬД, Дмитрий Августович).",,,
6471,Елена Четкович: Трагедия с пением и стрельбой в 4-х карт.,"ПОПОВИЧ, Александр.",,,
6472,Еленина музыка: (Прогулы).,"РЕЗНИК, София Моисеевна.",,,
6473,Еленины детки: Рассказ.,"ГАББЕРТОН, Джона",,,
6474,Елецкие трущобы и типы.,"ИЛЯ КОВ, Илларион Лаврентьевич.",,,
6475,Елиезер и Неффалим: Поэма в 4-\ песнях.,"ФЛОРИАН, Жан Пьер Клари",,,
6476,Елиза или Образец женщин: Нравоучительный роман.,"ЛЕ БРЕ, Алексис Жан.",,,
6477,«Елизавета Английская» и другие пьесы.,"БРУКНЕР, Фердинанд.",,,
6478,Елизавета Баварская: Исторический отрывок.,"ЖАНЛИС, Стефани Фелисите.",,,
6479,"Елизавета де S*** или История россиянки, изданная в свет одною из ее соотечественниц: Ч. 1—5.","ГОЛОВКИНА, Наталья Петровна.",,,
6480,Елизавета или Повесть о странных событиях моей жизни.,"КУЗНЕЦОВ, Дмитрий Иванович.",,,
6481,"Елизавета, королева венгерская, ландграфиня Тюрингенская: Рассказ.","ГРЕКОВ, Кирилл Григорьевич.",,,
6482,Елизавета Кульман: Фантазия Т.,"М. Ф. (ТИМОФЕЕВ, Алексей Васильевич).",,,
6483,"Елисавета Л. или Несчастия семейства, сосланного в Сибирь и потом возвращенного: Истинное происшествие. Кн. 1—3.","ГОТТЕНЬ (КОТТЕН, Софи).",,,
6484,Елизавета Петровна: (Последняя Романова). Трагикомедия дворцовых переворотов. В 5-ти актах.,"СМОЛИН, Дмитрий Петрович.",,,
6485,Елизар Дыбин.,"ШУХОВ, Иван Петрович.",,,
6486,"Елисавета, английская королева: Историческая драма в 5-ти д.","ДЖИАКОМЕТ-ТИ, Паоло (ДЖАКОМЕТТИ, Паоло). ","Елизавета, королева английская.",,
6487,"Елисавета, дочь Ярослава: Трагедия в 5-ти д.","КРЮКОВСКИЙ, Матвей Васильевич.",,,
6488,Елисавета Шахова: Историко-бытовая хроника в 4-х д.,"НЕВЕЖИН, Петр Михайлович.",,,
6489,Едисей Разбегаев: Роман в стихах.,ГУСЛЯК Л,,,
6490,Елистрат: (Рассказ).,"ВЯТКИН, Георгий Андреевич.",,,
6491,Елка: Комедия в 1-м д.,"НЕМИРОВИЧ-ДАНЧЕНКО, Владимир Иванович.",,,
6492,Елка: [Рассказ].,"ЛЬВОВА, Мария Александровна.",,,
6493,Елка: Рассказ; Книжка—друг наш.,"ДОМБРОВСКИЙ, Франц Викентьевич.",,,
6494,Елка: Рождественская картинка в 1-м д.,"ЕРЕМЕЕВ, Николай Григорьевич.",,,
6495,Елка: Рождественский рассказ.,"ВИЛЬГЕЛЬМС, Татьяна.",,,
6496,Елка: Сказка.,"МАМИН-СИБИРЯК, Дмитрий Наркисович.",,,
6497,Елка; Снежный болван: [Сказки].,"АНДЕРСЕН, Ганс-Христиан. ",,,
6498,Елка: [Стихотворение].,"ГЕОРГИЕВ, Николай Г. ",,Страшная ночь присяжного поверенного...,
6499,Елка: Три рождественских рассказа.,Н. А.,,,
6500,Елка в Америке: Из жизни русских в Нью-Йорке.,"ТАН (БОГОРАЗ, Владимир Германович).",,,
6501,Елка в замке: Рождественский рассказ.,"НЕЩЕРЕТ, Ю.",,,
6502,Елка в Кулюткиной: Новогодний рассказ.,"КАЗАНЦЕВ, Николай Владимирович.",,,
6503,"Елка в окопах: Обозрение в 2-х карт, с пением.","КРАСНИКОВ, Алексей Николаевич.",,,
6504,Елка в пустыне: Стихи и поэма.,"КОВУСОВ, Анна.",,,
6505,Елка в царстве зверей: Рассказ.,"КРУГЛОВ, Александр Васильевич.",,,
6506,Елка для взрослых: (Предание сибиряков). Рассказ.,"ПЕТРОВ, Леонид Павлович.",,,
6507,Елка для мертвых.,"БРЕЙТМАЙ, Григорий Наумович. ",,Митька Корявый...,
6508,"Елка, ель и ельник: Стихотворение в прозе.","КАЧКА, А.",,,
6509,"Елка, зеленая иголка: (Рассказ).","ХМАРСКИИ, Иван Дмитриевич.",,,
6510,Елка и свадьба: (Из записок неизвестного).,"ДОСТОЕВСКИЙ, Федор Михайлович.",,,
6511,Елка на небе: Рассказ.,"ТАБУРИН, Владимир Амосович.",,,
6512,Елка-путешественница: Рассказы.,"ДНЕПРОВСКИЙ, Арий.",,,
6513,«Елка старого филина» и другие рассказы.,"ШВЕДЕР, Евгений Иосифович.",,,
6514,Елки зеленые: Книга стихов.,"КАЗАКОВА, Римма Федоровна.",,,
6515,Елкич.,"СОЛОГУБ, Федор. ",,Отрок Лин...,
6516,Елмонда или Дочь гостиницы.,"ДЮ- КРЕ-ДЮМИНИЛЬ, Франсуа Гийом.",,,
6517,Еловая тетрадь: (Повесть для любознательных).,"КРАВЧЕНКО, Федор Тихонович.",,,
6518,Елочка; Крошка: [Сказки].,"АНДЕРСЕН, Ганс-Христиан.",,,
6519,Елочка: [Рассказы].,"КОЦЮБИНСКИЙ, Михаил Михайлович.",,,
6520,Елочка: Святочный рассказ.,"ПОЛЬ, А. С.",,,
6521,Ель: Сказка.,"АНДЕРСЕН, Ганс-Христиан.",,,
6522,"Ельвига и Рожер или Роберт Храбрый: Истинная повесть, изображающая дух древнего рыцарства.","ТРЕССАН, Морис.",,,
6523,Емелин кисель: Сказка.,Имя авт. не установлено.,,,
6524,Емелька Пугачев: Исторический роман XVIII века. В 2-х ч.,САЛМАНОВ. ,,,
6525,Емелька Пугачев: Повесть из оренбургских преданий.,Имя авт. не установлено.,,,
6526,Емельян Маленков: (Биографическая повесть).,"САХАРОВ, Дмитрий.",,,
6527,Емельян Пиляй: Рассказ.,"ГОРЬКИЙ, Максим.",,,
6528,Емельян Пугачев: Историческая повесть.,"МУРАТОВ, Михаил Васильевич.",,,
6529,Емельян Пугачев: Историческая трагедия в 12-ти карт.,"ЛУКОВСКИИ, Игорь Владимирович.",,,
6530,Емельян Пугачев: Историческое повествование. Кн. 1—3.,"ШИШКОВ, Вячеслав Яковлевич.",,,
6531,Емельян Пугачев: Народная драма в 4-х д.,"ПИСТОЛЕНКО, Владимир Иванович.",,,
6532,Емельян Пугачев: Поэма.,"КАМЕНСКИЙ, Василий Васильевич.",,,
6533,"Емельян Пугачев и Хлопуша: Разбойники и бунтовщики. Повесть в 3-х ч., заимствованная из достоверных источников.",Имя авт. не установлено.,,,
6534,Емельяновы: Повесть.,"КУКУШКИН, Василий Николаевич.",,,
6535,Емеш: Роман.,"БИИШЕВА, Зайнаб Абдулловна. ",,У Большого Ика...,
6536,Емилий Лихтенберг: Повесть.,"ЛИСИЦЫНА, Мария.",,,
6537,Емилия Вармонт или Развод по нужде: Ч. 1-3.,"ЛУВЕ ДЕ КУВРЕ, Жан Батист.",,,
6538,Ему сопутствует счастье: Эпизод из повести.,"Г. А. (АРЕШИДЗЕ, Е.).",,,
6539,Ему четырнадцать лет.,"БАРТО, Агния Львовна.",,,
6540,Емшан: Стихи.,"СИДОРОВ, Валентин Митрофанович.",,,
6541,Енблема.,"ГОРЬКИЙ, Максим.",,,
6542,"Енисей, Енисей...","ВАЛ ЫД ЕВ А, Анна.",,,
6543,"Енисей, родной Енисей: Очерки и стихи.","ЛИСОВСКИЙ, Казимир Леонидович.",,,
6544,Енисейская книга.,"НИКИТИН, Михаил Александрович.",,,
6545,Енисейская легенда: [Пьеса].,"ОЛО-ФИНСКИЙ, Николай Александрович. ",,Светлана...,
6546,Енисейская легенда: [Сказ].,"ОЛЬХОЙ, Анатолий.         ",,,
6547,Енисейская новь.,"РОЖДЕСТВЕНСКИЙ, Игнатий Дмитриевич.",,,
6548,Енисейская тетрадь: Лирические записки.,"ЗЯБРЕВ, Анатолий Ефимович.",,,
6549,Енисейские бусы.,"КРАСНОПЕРОВ, Сергей Абрамович.",,,
6550,Енисейские пейзажи: Очерки и рассказы.,"ВОЛКОВ, Олег Васильевич.",,,
6551,Енисейские раздумья.,"ОШАНИН, Лев Иванович, УСПЕНСКАЯ, Елена Борисовна.",,,
6552,Енот-согласователь: Басни.,"АНЦИФЕРОВ, Николай Захарович.",,,
6553,Енотовый мопс: Шутка в 1-м д.,"ЕЖОВ, Николай Михайлович.",,,
6554,Епископ Мириель: [Из романа «Отверженные»] .,"ГЮГО, Виктор.",,,
6555,Епифанские шлюзы.,"ПЛАТОНОВ, Андрей.",,,
6556,Ер Толеген: (Толеген-герой). Поэма.,"БАИМУРАТОВ, Нурлыбек.",,,
6557,Ералаш: Карманный альбом. (Загл. обл.).,Имя авт. не установлено. ,Удача. Четыре сцены из вседневной жизни.,,
6558,«Ералаш» и другие рассказы.,"ГОРЬКИЙ, Максим.",,,
6559,Ералашный рейс: (Морские рассказы).,"НОВИКОВ-ПРИБОЙ, Алексей Силыч.",,,
6560,Ереванские рассветы: Стихи.,"БО-РЯН, Гурген Михайлович.",,,
6561,Ерема: Поэма.,"БЕРДНИКОВ, Яков Павлович.",,,
6562,Еремей: Рассказ охотника.,"ПЕРЕ-ЛЫГИН, Николай Иванович.",,,
6563,Еремин клад.,"НЕЗЛОБИИ, Николай Иванович.",,,
6564,Еремия: Историческая драма в 5-ти д.,"ДОНХИН, Макс.",,,
6565,Еремка-лодырь: Не быль — не сказка. Пьеса в 3-х д.,"МАКАРЬЕВ, Леонид Федорович.",,,
6566,Еремкин круг.,"КОЖЕВНИКОВ, Алексей Венедиктович.",,,
6567,Еретик: Исторический роман XIII столетия в 2-х ч. В.,"Ф. П. (ПОТАПОВ, Василий Федорович).",,,
6568,Еретик: [Рассказ].,"ШАДРИН, Ила-рий Григорьевич.",,,
6569,Еретик из Соаны.,"ГАУПТМАН, Гер-гарт.",,,
6570,Еретичка: Бытовые сцены в 4-х отд.,"ПРИВОЛЬСКИЙ, Л. Ф. (ВАСИЛЬЕВ, Лавр Фролович). ",,Рад бы в рай...,
6571,Ермак: Драматизированная поэма.,"ПУХНАЧЕВ, Василий Михайлович.",,,
6572,Ермак: [Исторический рассказ].,"РАДИЧ, Василий Андреевич.",,,
6573,Ермак: Исторический рассказ времен покорения Сибирского царства.,"ШЕЛ-ГУНОВА, Людмила Петровна.",,,
6574,Ермак: Исторический рассказ для детей в 2-х ч.,"НЕБОЛЬСИН, Павел Иванович.",,,
6575,Ермак: Исторический роман. Кн. 1 —•2.,"ФЕДОРОВ, Евгений Александрович.",,,
6576,Ермак: Народно-героическая драма в 3-х д.,"БУДАРИН, Михаил Ефимович.",,,
6577,Ермак: Поэма.,"МАРКОВ, Алексей Яковлевич.",,,
6578,Ермак: Рассказ.,"АНДРЕЕВСКАЯ, Варвара Павловна.",,,
6579,Ермак: Трагедия в 5-ти д. в стихах.,"ХОМЯКОВ, Алексей Степанович.",,,
6580,"Ермак, завоеватель Сибири: Историческая повесть.","БУЙНИЦКИЙ, Иван.",,,
6581,"Ермак, завоеватель Сибири: Историческая повесть.",И. Д.,,,
6582,Ермак и Сибирь: Историческая повесть из времен Иоанна Грозного.,"ДМИТРИЕВ, Дмитрий Савватеевич.",,,
6583,Ермак или Покорение Сибири: Исторический роман XVI столетия.,"СВИНЬ-ИН, Павел Петрович.",,,
6583а,Ермак или покорение Сибирского царства. (Загл. обл.).,Имя авт. не установлено. ,Казачий атаман Ермак Тимофеевич или Покорение Сибирского царства.,,
6584,Ермак или Покорение Сибирского царства: Историческая повесть в 2-х ч.,"ШМИТАНОВСКИЙ, Василий Яковлевич. ","Ермак Тимофеевич, покоритель Сибири; Ермак Тимофеевич, покоритель Сибирского царства.",,
6584а,"Ермак, покоритель Сибири: Исто-оический рассказ.",Имя авт. не установлено.,,,
6585,"Ермак, покоритель Сибири: Исторический роман. Ч. 1—2.",Имя авт. не установлено.,,,
6586,Ермак-покоритель Сибири: Исторический роман из времен Иоанна Грозного.,"ПАЗУХИН, Николай Михайлович.",,,
6587,Ермак-покоритель Сибири: Рассказ.,"КУКЕЛЬ (ЛУНИН, В. А.).",,,
6588,"Ермак, покоритель Сибири: Траге- дия в 5-ти д.","ПЛАВИЛЬЩИКОВ, Петр Алексеевич.",,,
6589,"Ермак, покоритель Сибирского царства: Историческая повесть из времен Иоанна Грозного. (В стихах). Вып. 1.","КАЛАЧЕВ, К. Н.",,,
6590,Ермак Тимофеевич: Исторический роман в 2-х ч.,"ГЕЙНЦЕ, Николай Эдуардович.",,,
6590а,"Ермак Тимофеевич, завоеватель Сибири: Детский театр в 5-ти д.",Имя авт. не установлено.,,,
6591,Ермак Тимофеевич или Волга и Сибирь: Драматическое представление в 5-ти д.,"ПОЛЕВОЙ, Николай Алексеевич.",,,
6591а,"Ермак Тимофеевич, покоритель Сибири: Историческая повесть. В 2-х ч. Имя авт. не установлено. 65916. Ермак Тимофеевич, покоритель Сибири:  Историческая повесть в 2-х ч. Ч. 1—2.","ШМИТАНОВСКИЙ, Василий Яковлевич.",,,
6592,"Ермак Тимофеевич, покоритель Сибири: Историческая пьеса в 5-ти д. с прологом.","ГОНЧАРОВ, Василий Михайлович.",,,
6592а,"Ермак Тимофеевич, покоритель Сибирского царства: Историческая повесть.",Имя авт. не установлено.,,,
6593,"Ермак Тимофеевич, покоритель Сибирского царства: Историческая повесть.","ИЗВОЛЬСКИЙ, Сергей Петрович.",,,
6594,"Ермак Тимофеевич, покоритель Сибирского царства. (Загл. обл.).",Имя авт. не установлено. ,"Удалой Ермак Тимофеевич, покоритель Сибирского царства.",,
6595,"Ермак Тимофеевич, покоритель Сибирского царства: Историческая повесть.",ШМИТАНОВСКИЙ. ,,,
6596,Ермаковы лебеди.,"БАЖОВ, Павел Петрович.",,,
6597,Ермил-великомученик и другие.,"КУЛЕШОВ, Евгений Александрович.",,,
6598,Ерминия в развалинах Рима.,АНТРАГ [!] ,,,
6599,Ермола: Деревенские очерки.,"КРА-ШЕВСКИЙ, Юзеф Игнацы.",,,
6600,Ермолай.,"ДЗЮБЕНКО, Алексей Архипович. ",,Мученик охоты...,
6601,Ернест Валберг или Отец-предатель: Драма в 4-х ч. с танцами.,Имя авт. не установлено.,,,
6602,Еропка выше.,"САМОХВАЛОВ, Александр Николаевич.",,,
6603,Ерофей Хабаров: Роман.,"РОМАНЕНКО, Даниил Иванович.",,,
6604,Ерунда.,"ТЭФФИ, Н. А.",,,
6605,Еруслан Лазаревич.,Имя авт. не установлено.,,,
6606,Ерш: (Сказка).,"КРОМИДА, Ал. Н.",,,
6607,"Ерш Ершович Щетинников: Волшебная сказка о гуслях-самогудах с присказками и с шуточками, с песнями и с прибауточками. В 4-х ч. в стихах.","ПОТАПОВ, Василий Федорович.",,,
6608,Ерш Ершович Щетинников или Чудеса подводного государства.,В. Ш.,,,
6609,Ершистый парень.,"ВОДОЛАГИН, Валерий Михайлович.",,,
6610,Есенин: Легенда.,"АНДРЕЕВ, Александр (АНДРЕЕВ, Василий Дмитриевич).",,,
6611,Есипово кольцо: Рассказы.,"ФЕДОРОВИЧ, Виталий.",,,
6612,Если: Шутка в 1-м д.,СЫСОЕВ В,,,
6613,Если б Воротан заговорил: Роман.,"СЕКОЯН, Анаит.",,,
6614,"Если б вы только знали...: Экстраординарное происшествие в абхазском стиле, растянувшееся на целых сорок восемь часов, или 2 сцен. д. с пением, плясками, причитаниями и плачем — короче говоря, комедия-буфф.","ГУЛИА, Георгий Дмитриевич.",,,
6615,Если б заговорил сфинкс...: Историческая миниатюра.,"АМАТУНИ, Петроний Гай.",,,
6616,Если б солнце задержать: Стихи.,"ФАДЕЕВ, Иван Иванович.",,,
6617,Если б я была мужчиной: Комический монолог в 1-м д.,"АЛЕКСАНДРОВ, Дмитрий Александрович.",,,
6618,"«Если бы...»: Драматическая поэма в 4-х карт, для мелодекламации.","ФРОЛОВ, М.",,,
6619,Если бы все сначала...,"БЕЙЛИН, Адольф Моисеевич.",,,
6620,Если бы знал народ...: Рассказы.,"ХАРДИ, Фрэнк.",,,
6621,Если бы камни могли рассказать...: Лирико-документальное повествование.,"ГАЛКИН, Лев Абрамович.",,,
6622,Если бы не война...: Повесть.,"КАТКОВА, Зинаида Федоровна.",,,
6623,Если бы не друзья мои...: Две повести.,"ЛЕВ, Михаил Андреевич.",,,
6624,Если бы не эта степь: Рассказы.,"ЮРОВСКИЙ, Игорь Федорович.",,,
6625,Если бы ты был моим сыном: Повесть.,"КРИШТОФ, Елена Георгиевна.",,,
6626,Если бы у меня было десять жизней...: Повести.,ВЯТСКИЙ. ,,,
6627,Если бы я был большой!-.: Рождественский рассказ.,Имя авт. не установлено.,,,
6628,Если бы я был женщиной: Юмористические рассказы.,АЗИЗ НЕСИН.,,,
6629,Если был бы я Убейко Юлий: Сборник куплетов.,"БРЯНСКИЙ, Александр (БРУН, Александр Александрович).",,,
6630,Если в сердце весна-..: Комедия-водевиль в 3-х д. с прологом.,"КОЗИН, Алексей Семенович.",,,
6631,Если в сердце огонь.,"ТИМЧЕНКО, Виктор Петрович.",,,
6632,"Если верить: Рассказы, миниатюры.","МАЛЬЦЕВ, Вениамин Николаевич.",,,
6633,Если враг не сдается: (Падение и величие). Драма в 5-ти д.,"АНДРЕЕВ, Петр Николаевич.",,,
6634,Если встретите Бориса...: Повесть.,"АРБЕНОВ, Эдуард.",,,
6635,Если встретишь меня.,"БИРЧЕНКО, Геннадий Дмитриевич.",,,
6636,Если говорить правду: Пьеса в 2-х д. с интермедиями.,"ГЕРАСКИНА, Лия Борисовна.",,,
6637,Если даже отнимут жизнь-..: (Сага о семье Морсет).,"ХАНСОН, Пер.",,,
6638,Если даже придется погибнуть: Повести.,"ТОМАН, Николай.",,,
6639,"Если дорог тебе человек...: (Очерки, рассказы, фельетоны).","НЕДОСУГОВ, Алексей Михайлович.",,,
6640,Если друг в беде.,"КУЗЬМИН, Владимир Константинович.",,,
6641,Если есть верный друг.,"МУХИНА-ПЕТРИНСКАЯ, Валентина.",,,
6642,Если есть у тебя мечта.,"МЕДВЕДЕВ, Ефим Евгеньевич.",,,
6643,"«Если женщина решила, так поставит на своем!»: Комедия в 1-м д.","БУЛА-ЦЕЛЬ, Иван Михайлович.",,,
6644,Если жизнь тебе дорога...,"ОСТРОВСКИЙ, Яков Исаакович.",,,
6644а,«Если за плечами только восемнадцать...».,"КУБАНЕВ, Василий Михайлович.",,,
6645,Если звезды зажигают...: Повести.,"БОЛОТОВ, Александр Александрович.",,,
6646,Если звезды зажигают..: Рассказы.,"ГВОЗДЕВА, Анна.",,,
6647,Если любишь: Драма в 3-х д.,"ГО-РУЛЕВ, Николай Александрович.",,,
6648,Если любишь...: Повести и рассказы.,"КУРБАНСАХАТОВ, Курбандурды Д.",,,
6649,Если любишь: Поэма и стихи.,"СТАРШИНОВ, Евгений Федорович.",,,
6650,Если любишь: Роман.,"АЛЯДИН, Шамиль.",,,
6651,Если любишь: [Роман].,"ЧЕБАЕВ-СКИЙ, Николай Николаевич.",,,
6652,Если любишь...: [Стихи].,"МАРКОВ, Юрий Сергеевич.",,,
6653,Если любишь: Стихи.,"ЩЕРБАКОВ, Федор Васильевич.",,,
6654,Если любишь небо.,"ВЛАСОВ, Дмитрий Павлович.",,,
6655,Если любишь человека: Стихи и поэма.,"ХАЛВАШИ, Фридон Ишикович.",,,
6656,Если люди узнают: Пьеса в 1-м д.,"ЧЕХОВСКАЯ, Анастасия Дмитриевна.",,,
6657,Если мальчишки всей земли-..: (Экстренный выпуск). Пьеса в 3-х д.,"НОВО-ГРУДСКИЙ, Герцель Самойлович.",,,
6658,Если мы вместе: Повесть.,"ЮЩЕНКО, Лев Андреевич.",,,
6659,Если мы живы: Повесть.,"КОСЦИН-СКИЙ, Кирилл Владимирович.",,,
6660,Если останетесь живы...: Повесть и рассказы.,"АНТОНОВ, Василий Васильевич.",,,
6661,Если останусь жив...,"ГУСЬКОВ, Сергей Васильевич.",,,
6662,"Если память не изменяет...: Воспоминания лирические, юмористические, сатирические.","РЫКЛИН, Григорий Ефимович.",,,
6663,Если парни всего мира...,"РЕМИ, Жак.",,,
6664,Если перестану удивляться: Стихи.,"ЛУТКОВ, Геннадий Яковлевич.",,,
6665,Если погаснет костер...: Рассказы.,"СЕЛЕНСКИЙ, Юрий.",,,
6666,Если позовет товарищ.,"КОНЕЦКИЙ, Виктор Викторович.",,,
6667,Если покинешь меня...,"ПЛУГАРЖ, Зденек.",,,
6668,Если полюбит земля.,"ЛЮКОВ, Валентин Иванович, ПАНОВ, Юрий Алексеевич.",,,
6669,Если помнить...: Повесть.,"ГЛЕБОВА, Лина.",,,
6670,Если помнить о солнце: Стихи.,"ЛОСЬ, Евдокия Яковлевна.",,,
6671,Если постучат...: Пьеса в 2-х ч.,"САМУЛЯВИЧЮС, Раймундас Вацловович.",,,
6672,Если рядом друг.,"АЛЕКСАНДРОВСКИЙ, Виктор Николаевич.",,,
6673,Если рядом друзья: Повесть.,"МЕ-ЛИБЕЕВ, Петр Петрович.",,,
6674,Если рядом друзья: Повесть.,"ХЛЕБНИКОВ, Геннадий Николаевич.",,,
6675,Если свернул с дороги...,"СТАРИКОВ, Виктор Александрович.",,,
6676,Если сердце открыто людям.,"ЧА-ЧИН, Владимир Михайлович.",,,
6677,Если со всеми в ногу...: Повесть.,"ГОВОРУШКО, Николай Адамович, ШЕЛЯ-КИН, Александр Васильевич.",,,
6678,Если ты вышел в дорогу: Повесть.,"АНДРИАНОВ, Федор Константинович.",,,
6679,Если ты комсомолец...: Очерки. Сцены.,"ГРИБКОВ, Николай Иванович.",,,
6680,Если ты назвался смелым...,"КРА-САВИЦКАЯ, Мария Петровна.",,,
6681,Если ты не вернешься...: Повесть.,"КАТКОВ, Николай Иванович.",,,
6682,Если ты не забудешь...,"ГНЕУШЕВ, Владимир Григорьевич.",,,
6683,Если ты не. один: Повесть.,"ОМЕЛЬ-ЯНЕНКО, Павел Данилович.",,,
6684,Если ты не подвижник: Повесть.,"ИОНОВ, Владимир Борисович.",,,
6685,Если ты хочешь жить.,"ЮРАСОВА, Мария Климентьевна.",,,
6686,Если ты человек: Повести и рассказы.,"БАЗДЫРЕВ, Александр Григорьевич.",,,
6687,Если ты человек: Повести и рассказы.,"СПАРЕ, Велта.",,,
6688,Если ты человек: Повесть.,"ДЯТЛОВ, Владимир Семенович.",,,
6689,Если ты человек... Пьеса в 1-м акте.,"СКЛЮТАУСКАС, Иокубас Ильич.",,,
6690,Если ты человек...: Пьеса в 3-х д.,"МОВЗОН, Аркадий.",,,
6691,Если ты человек: Стихи.,"ЕМЕЛЬЯНОВ, Анатолий Федорович.",,,
6692,Если хочешь быть волшебником: Повесть.,"ПОЛЯНСКИЙ, Натан Соломонович.",,,
6693,Если хочешь быть здоров: Стихи.,"ИЛЬИЧЕВ, М.",,,
6694,Если человек ошибся...: Повесть.,"КУВШИНОВ, Иван Иванович.",,,
6695,"Если что, я — Серега!: Лирическая комедия в 2-х д.","КОРИН, Александр.",,,
6696,Если это твое...: Пьеса в 3-х д.,"ПОПОВА, Антонида Петровна.",,,
6697,Если я промолчу...: Стихи.,"ХАЛОВ, Павел Васильевич.",,,
6698,Естественная история: Трагикомедия в 3-х актах.,"ЗЕЛЬЦЕР, Иоган Моисеевич. ",Партизаны.,,
6699,Естественная история десяти заповедей: Животные-герои. Рассказы.,"ТОМП-СОН-СЭТОН, Эрнест (СЕТОН-ТОМПСОН, Эрнест).",,,
6700,Естественное: Этюд.,"КОРМЧИЙ, Л. (ПИРАГИС, Леонард Юлианович).",,,
6701,Естественный закон: Поэма.,"ВОЛТЕР (ВОЛЬТЕР, Франсуа Мари).",,,
6702,Есть — вести корабль.,"ДМИТРИЕВ, Адам М.",,,
6703,Есть вечная любовь: Лирика и баллады.,"ФЕДОРОВ, Владимир Иванович.",,,
6704,Есть женщины в русских селеньях.,"СТРЕХНИН, Юрий Федорович.",,,
6705,«Есть ли дружба?» и другие рассказы.,"ФРАНКО, Иван Яковлевич.",,,
6706,Есть ли у вас «Ч. Ю.?»: Пьеса в 2-х д.,"БАЛЛ, Георгий Александрович, ДЕ-МЫКИНА, Галина Николаевна.",,,
6707,Есть любимые деревни: Стихи.,"ЕЛИЗАРОВ, Анатолий Павлович.",,,
6708,Есть метки в памяти.,"МЕЛИКОВ, Иван Гаврилович.",,,
6709,Есть милая страна: Избранные стихи.,"ГАТОВ, Александр Борисович.",,,
6710,Есть море синее: Роман.,"РУТЬКО, Арсений Иванович.",,,
6711,"Есть мушкетеры, есть! или Жизнь и приключения Эмиля Граве: В 3-х ч. с эпилогом.","ЯДИН, Вениамин Иосифович.",,,
6712,Есть на Балтике остров: Повести.,"ПОМОЗОВ, Юрий Фомич.",,,
6713,Есть на Волге-реке небольшой городок: Стихи и песни.,"МИХЕЕВ, Николай Степанович.",,,
6714,Есть на Волге утес...: Поэма.,"ЗЕРНИТ, Бруно Иванович.",,,
6715,Есть на Волге утес:... Рассказ.,"КАССИЛЬ, Лев Абрамович.",,,
6716,Есть на Волге утес: Стихи.,"ПА-ЛИЙЧУК, Борис Дмитриевич.",,,
6717,Есть на земле друг: Рассказы.,"ФИЛИПЕНКО, Виктор Константинович.",,,
6718,Есть на земле любовь: Новые стихи.,"САВИНОВ, Евгений Федорович.",,,
6719,Есть на свете любовь: Повести и рассказы.,"МИНЧКОВСКИЙ, Аркадий Миронович.",,,
6720,Есть на свете Москва: (Рассказы юных шуцбундовцев).,"СМИРНОВ, Елизар Николаевич.",,,
6721,Есть на свете разные земли.,"ФРОЛОВА, Майя Флоровна.",,,
6722,Есть на Урале завод.,"ГРАВИШ-КИС, Владислав Ромуальдович.",,,
6723,Есть над Чуей-рекою дорога: Повесть в новеллах.,"КОЗЛОВ, Юрий Яковлевич.",,,
6724,Есть о чем поговорить.,"БЛАГОВ, Юрий Николаевич.",,,
6725,Есть одно счастье: Повесть.,"АЛЕКСАНДРОВА, Лиляна.",,,
6726,Есть рабочий класс!: Стихи.,"КОТОВ, Владимир Петрович.",,,
6727,Есть романтика!: Повесть.,"КОСТО-ГЛОДОВА, Мария Наумовна.",,,
6728,Есть сила — шагай: Стихи.,"УЛАНОВ, Алексей Ильич.",,,
6729,Есть слова: Книга лирики.,"БОРИСОВ, Исаак.",,,
6730,Есть стоять насмерть!: Повесть.,"ТКАЧ, Дмитро (ТКАЧ, Дмитрий Васильевич).",,,
6731,"Есть, так держать!: Повесть.","СЕ-ЛЯНКИН, Олег Константинович.",,,
6732,Есть такая земля...: Стихи.,"УКА-ЧИН, Борис Укачинович.",,,
6733,Есть такая партия!: Драма в 3-х д.,"РАЧАДА, Иван.",,,
6734,"Есть такая партия,!: Роман в 3-х кн.","ВАСИЛЬЕВ, Аркадий Николаевич.",,,
6735,Есть такая партия!: Текст спектакля в 2-х д. с прологом.,"ЛУКОВСКИЙ, Игорь Владимирович.",,,
6736,Есть такая сторона: (Стихотворения и поэмы).,"УШАКОВ, Николай Николаевич.",,,
6737,Есть такие люди.,"КАССИЛЬ, Лев Абрамович.",,,
6738,Есть такое мнение...,"ВНУКОВ, Андрей.",,,
6739,Есть такой гарнизон.,"ЛАШКОВ, Игорь Вячеславович.",,,
6740,Есть такой городок: Рассказы.,"ЛАПТЕВ, Юрий Григорьевич.",,,
6741,Есть такой народ: Стихи и поэма.,"СУРАЗАКОВ, Сазон Саймович.",,,
6742,Есть у меня друзья на белом свете: Стихи.,"СОФРОНОВ, Анатолий Владимирович.",,,
6743,Есть у меня мечта: Стихи.,"ПОЛЯКОВ, Виктор Михайлович.",,,
6744,Есть у меня хороший друг: Стихи.,"СМИРНОВ, Иван Алексеевич.",,,
6745,Есть у моря свои законы: (Крен). Пьеса в 2-х д.,"ЧЕРТКОВ, Евгений Иванович.",,,
6746,Есть у неба земля: Повесть о дважды Герое Советского Союза Мусе Гарееве.,"ПАЛЬ, Роберт Васильевич.",,,
6747,Есть цветы у нас: Четыре тетради стихов.,"НУРИ, Заки.",,,
6748,Есфирь: Трагедия.,"РАСИН, Жан Батист. ",Эсфирь.,,
6749,Еська: Новеллы.,"ПОТОСКУЕВ, Эрвин Григорьевич.",,,
6750,Ефанда: Исторический рассказ.,"МАКАРОВА, Софья Марковна.",,,
6751,Ефель или Сила истинной любви: Трагедия в 5-ти д. В вольных стихах.,"БЕ-ЛОПАШЕНЦОВ, Виктор.",,,
6752,Ефим.,"КРИНИЦКИЙ, Марк. ",,Пошлость...,
6753,Ефим Донцов: Повесть.,"БОРСКИЙ, Матвей Анисимович.",,,
6754,Ефим и Катерина: Повесть.,"ЛЕЙКИН, Николай Александрович.",,,
6755,Ефим калека: Быль.,"ВАСИЛЬКОВСКИЙ, Александр Константинович",,,
6756,Ефим Калюжный из Смидовичей.,"ГЕХТ, Семен Григорьевич.",,,
6757,Ефим Чалыш; Печать полей.,"НА-ГОРНОВ, В.",,,
6758,Ефимка-партизан: Рассказ.,"ГОЛУБЕВ, Павел Арсеньевич.",,,
6759,Ефимова мельница: Рассказ. (Из эпохи 1812 г.).,"АНДРЕЕВСКАЯ, Варвара Павловна.",,,
6760,Ефимово счастье.,"ГОРБУНОВ, Геннадий Иванович. ",,Дмитрий Фурманов...,
6761,Ефраим Лазарь: Рассказ.,Имя авт. не установлено.,,,
6762,Ефраимский Левит: Поэма.,"РУССО, Жан-Жак.",,,
6763,Ефрейтор Йымм.,"РАННАП, Яан Яанович.",,,
6764,Ефрем — белевский живописец: Комедия в 1-м д.,Имя авт. не установлено.,,,
6765,Ефремочка: Рассказ из жизни крестьянских ребят.,"ЕРШОВ, Н.",,,
6766,"Ехала кума неведомо куда: Комедия в 3-х д. с эпилогом, в стихах.","ЦВЕТКОВ, Михаил Павлович.",,,
6767,Ехать.,"ДОРЖЕЛЕС, Ролан.",,,
6768,Еще в долине август: Избранная лирика.,"АВРАМЕНКО, Илья Корнильевич.",,,
6769,Еще в полях белеет снег...; Вакантное место: Две повести. В основном — о спортсменах.,"ТОКАРЕВ, Станислав Николаевич.",,,
6770,"Еще встречается такое: Басни, юмор.","КУСОВ, Дмитрий Ипполитович.",,,
6771,Еще есть время: Роман.,"ОМЕЛЬЧЕНКО, Василий Михайлович.",,,
6772,Еще живы аисты!: Сознательным юношам и девам XX века.,"МИРСКАЯ, Вера.",,,
6773,Еще комедия с дядюшкой или Водевиль с племянниками: Оперетка-водевиль в 1-м д.,"ГРИГОРЬЕВ, Петр Иванович.     ",,,
6774,Еще кондуктор железных дорог: Новые забавные рассказы и сцены на поезде.,"ЕВСТИГНЕЕВ, Михаил Е.",,,
6775,Еще купцы 3-й гильдии: Оригинальный водевиль в 2-х д.,ГРИГОРЬЕВ ,,,
6776,Еще не горели осины: Стихи.,"СОБИНОВА, Нинель Ильинична.",,,
6777,Еще не гремели салюты...: Роман.,"АРСЕНТЬЕВ, Иван.",,,
6778,Еще не кончилась война: Повесть.,"КРАСОВСКИЙ, Леонид Станиславович.",,,
6779,Еще не поздно...: Роман.,"ГЕРРИК, Роберт.",,,
6780,Еще ничего не случилось.,"ГЕРБЕР, Алла Ефремовна.",,,
6781,Еще о любви: Пьеса в 3-х д.,"ЗАЛОГ, Александр.",,,
6782,Еще о нежности: Лирика.,"ЮНИЦ-КАЯ, Марина Сергеевна.",,,
6783,Еще обман или Кто впросак не попадался:  Комедия-водевиль в 1-м д.,"ОДИНЦОВ, Владимир Васильевич.",,,
6784,Еще один день; Особняк: Повести.,"БЕКЕТОВ, Виктор Прокофьевич.",,,
6785,Еще один день...: Рассказы.,"ТАРА-СЕНКОВА, Наталья Николаевна.",,,
6786,Еще один киноактер: Рассказы.,"КОРОТЮКОВ, Алексей Константинович.",,,
6787,Еще один охотничий рассказ.,"КИС-ТЕМЭКЕР, Г. (КИСТЕМЕКЕР, Анри). ",,Случай...,
6788,Еще один сентябрь: Стихи.,"ДАВИ-ДЕНКО, Леонид Николаевич.",,,
6789,Еще один холерный или Холера спасла: Водевиль-шутка в 1-м д.,"ДРИГО-РОТМИРОВ, П. П. (ДРИГО, Павел Павлович).",,,
6790,Еще один шаг: Повесть.,"ЛЕВИН, Борне Наумович.",,,
6791,Еще одна жизнь: Рассказы.,"НЕМЧИНОВ, Геннадий Андреевич.",,,
6792,Еще одна последняя сказка Шехерезады.,В. С.,,,
6793,Еще одна страница.,"ЛОХМАНОВ, Леонид Макарович.",,,
6794,Еще пара сапог.,"ВИОЛА, Макс. ",,Пара сапог...,
6795,Еще песни про войну.,"АРСИКОВ-СУРИН, А. (СУРИН-АРСИКОВ А. И.).",,,
6796,Еще про это.,"КАРПЕКО, Владимир Кириллович.",,,
6797,"Еще раз! И может быть последний раз!: Продолжение «Букета», собранного в цветущих лугах Германии миловидным девам и великодушным дамам России, предпочтительно же незабвенным, далеко рассеянным подругам Смольного монастыря вместо сердечного привета и поклона от баронессы Юлии фон Икскуль.","ИКСКУЛЬ, Юлия Шарлотта.",,,
6798,Еще раз рожденные: Очерки.,"ЧА-ГАН, Зиновий Борисович.",,,
6799,"Еще роман на большой дороге или Чему быть, тому не миновать: Водевиль в 1-м д.","ГРЕКОВ, Николай Порфирьевич.",,,
6800,"Еще с позволения сказать: Рассказы, очерки и сцены.","ГАЛКИН, И.",,,
6801,Еще самозванец: Оригинальный водевиль в 2-х д.,"ЯКОВЛЕВ, Леонард Фомич.",,,
6802,Еще смесь: Собрание стихотворений.,НОВЫЙ ПОЭТ ,,,
6803,Еще Филатка и Мирошка или Праздник в графском селе: Интермедия в 1-м д.,"ГРИГОРЬЕВ, П. ",,,
6804,Еще шестнадцать...: Повесть.,"ЧЕР-КАШИНА, Майя Александровна.",,,
6805,Еще шла война: Роман.,"ЧЕБА-ЛИН, Петр Львович.",,,
6806,Ея императорскому высочеству государыне великой княгине Александре Федоровне.,"ЖУКОВСКИЙ, Василий Андреевич. ",Государыне великой княгине Александре Феодоровне на рождение в. к. Александра Николаевича (1818 г.). <letter>Ж</letter>,,
6807,"«Ж»; (Женщина, как таковая): Пьеса в 1-м д.; Брачные ужасы: Пьеса в 1-м д.","ЛЬВОВСКИЙ, Зиновий Давидович.",,,
6808,"«Ж»,  1914.","ОРДЫНЦЕВ-КОСТ- РИЦКИИ, Михаил Дмитриевич.",,,
6809,Жаба: [Памфлет].,"ЗОЛА, Эмиль (ЗОЛЯ, Эмиль).",,,
6810,Жаба: [Рассказ].,"ГЮГО, Виктор. ",,Бедные люди...,
6811,Жаба; Огниво: Две сказки.,"АНДЕРСЕН, Ганс-Христиан.",,,
6812,Жаворонки: Лирический репортаж.,"ШВЕЦ, Илья Андреевич.",,,
6813,Жаворонки: [Рассказы].,"ТИХО-МОЛОВ, Борис Ермилович.",,,
6814,Жаворонки: Роман.,"ЛЕОНТЬЕВА, Тамара Константиновна.",,,
6815,Жаворонки: Стихи.,"ГОВОРОВ, Александр Александрович.",,,
6816,Жаворонки в снегу: Рассказы.,"ОМЕЛЬЧЕНКО, Николай Михайлович.",,,
6817,Жаворонки на улице: Рассказы.,"КУРЫЛЕВА, Светлана Леонидовна.",,,
6818,Жаворонки над Хатынью: Повесть.,"КОБЕЦ-ФИЛИМОНОВА, Елена.",,,
6819,Жаворонок; Анна Эдеш: Повести.,"КОСТОЛАНИ, Деже.",,,
6820,Жаворонок:   Кинобаллада.,"ДУ- ДИН, Михаил Александрович, ОРЛОВ, Сергей Сергеевич.",,,
6821,Жаворонок: Пьеса в 4-х д.,"ВИЛЬ-ДЕНБРУХ, Эрнст.",,,
6822,Жаворонок:    [Пьеса о Жанне д'Арк].,"АНУИ, Жан.",,,
6823,Жаворонок: Рассказы.,"ГОНЧАР, Олесь (ГОНЧАР, Александр Терентьевич).",,,
6824,Жаворонок: Рассказы.,"ГРОМО-ВИЧ, Иван Иванович.",,,
6825,Жаворонок: Рассказы.,"ХОМЧЕН-КО, Василь.",,,
6826,Жаворонок: Рассказы.,"ЩЕННИ-КОВ, Вениамин Александрович.",,,
6827,Жаворонок:    Рассказы. Стихи.,"БЕЛЬТЮКОВ, Борис Иванович.",,,
6828,Жаворонок: Стихи.,"ДЖУСУЕВ, Сооронбаи.",,,
6829,Жаворонок: Стихи.,"ДИЛЬБАЗИ, Мирварид Паша ",,,
6830,Жаворонок: [Стихи].,"ТЮЛЮМ-ДЖИЕВ, Михаил Кекедеевич.",,,
6831,Жаворонок: [Стихи].,"ФОФАНОВ, Виталий Александрович.",,,
6832,Жаворонок: Стихи и поэма.,"МАРТЫНОВ, Александр Константинович.",,,
6833,Жаворонок деда Матвея.,"АРХАНГЕЛЬСКИЙ, Владимир Васильевич.",,,
6834,Жаворонок над морями: Повесть и рассказы.,"ВОРОБЬЕВ, Владимир Георгиевич.",,,
6835,Жаворонок над озимью: Стихотворения.,"ДВОРЯШИН, Виктор Павлович.",,,
6836,Жаворонок над проспектом: Стихи и поэма.,"БУРАВКИН, Геннадий Николаевич.",,,
6837,Жаворонок пел на рассвете: Повесть.,"ВАСИЛЬЕВ, Александр Васильевич.",,,
6838,Жаворонок поет весну: Повесть.,"КОЗЛОВ, Николай Афанасьевич.",,,
6839,Жадная: Рассказ.,"ЛЬВОВА, Мария Александровна.",,,
6840,Жадное сердце: Стихи.,"ЕФИМЕНКО, Татьяна Петровна.",,,
6841,Жадность:    (Власть лукавого).,"БУЛГАКОВ, П.",,,
6842,Жадный мужик: Рассказ. (Загл. обл.).,"ЭРТЕЛЬ, Александр Иванович. ",,,
6843,Жадный мужик: Сказка.,"БАСОВ-ВЕРХОЯНЦЕВ, Сергей Александрович.",,,
6844,Жажда:     [Документальная по- весть] .,"ШВЕЦОВ, Вадим Федорович.",,,
6845,Жажда: Из лирики разных лет.,"РЫЛЕНКОВ, Николай Иванович.",,,
6846,Жажда: Повесть.,"НОЗДРИН, Александр Сергеевич.",,,
6847,Жажда: Поэма и стихи.,"КОСТЫ-РЯ, Вячеслав Афанасьевич.",,,
6848,Жажда: [Рассказы].,"ЛОСКУТОВ, Михаил Петрович.",,,
6849,Жажда: Рассказы.,"ПОЛУМОРДВИНОВ, Элизбар (ЗЕДГИНИДЗЕ, Элиз-5ар Константинович).",,,
6850,Жажда: Рассказы.,"ШЕМЕТОВ, Алексей Иванович.",,,
6851,Жажда: Роман.,"ПОПОВИЧ, Титус.",,,
6852,Жажда: Роман.,"САИНЯН, Анаит Арамовна.",,,
6853,Жажда: Роман.,"СЛУЦКИС, Микол ",,,
6854,Жажда: Роман.,"ШУМИЛОВ, Иван Леонтьевич.",,,
6855,Жажда: Сборник стихов.,"ДЯДЮ-ЧЕНКО, Леонид Борисович.",,,
6856,Жажда: Стихи.,"БЕРЕЗИН, Владимир Гаврилович.",,,
6857,Жажда: Стихи.,"ГАРНАКЕРЬЯН, Ашот Георгиевич.",,,
6858,Жажда: [Стихи].,"ГЕВЕЛИНГ, Александр Феодосьевич.",,,
6859,Жажда: [Стихи].,"ЛЕБЕДЕВ, Иван Дмитриевич.",,,
6860,Жажда: Стихи.,"МИРЗАЕВ, Абдул Тайзуевич.",,,
6861,Жажда: Стихи.,"ЦЕЙТЛИН, Яков.",,,
6862,Жажда: Стихи.,"ЧЕРКАССКИЙ, Юрий Аронович.",,,
6863,Жажда: [Стихи].,"ШУМИЛОВ, Борис Харлампиевич.",,,
6864,Жажда: Стихи.,"ШУТЕНКО, Гавриил Корнеевич.",,,
6865,Жажда: Стихи и поэмы.,"АГАБА-ЕВ, Аннаберды.",,,
6866,Жажда: Стихи и поэмы.,"ВЕРГЕ-ЛИС, Арон Алтерович.",,,
6867,"Жажда: Стихотворения, баллады, поэмы.","ГУЛЯМ, Хамид.",,,
6868,Жажда: 3-я книга стихов.,"ЧЕРНЫЙ, А. (ЧЕРНЫЙ, Саша).",,,
6869,Жажда богатства: Драма в 4-х д.,"ЕЛИЗАРОВ, Николай Никитич.",,,
6870,Жажда богатства: (Из рассказов неугомонного человека).,"НИКИТИН, Виктор Никитич.",,,
6871,Жажда власти: Историческая повесть.,"ДМИТРИЕВ, Дмитрий Савватеевич.",,,
6872,Жажда власти: Пьеса в 4-х д.,"ОСТРОЖСКИЙ, К. (ГОГЕЛЬ, Константин Сергеевич).",,,
6873,Жажда жизни: Драма в 3-х д.,"ФЕДОРОВ, Адольф.",,,
6874,Жажда жизни: Повесть о Винсенте Ван-Гоге.,"СТОУН, Ирвинг. ",Ван Гог.,,
6875,Жажда жить: Роман и рассказы.,"О'ХАРА, Джон.",,,
6876,Жажда крови: Драма в 2-х карх.,"ЛОРД, Андре де, БИНЕ, Альфред.",,,
6877,Жажда Любви: Роман.,"УЭДСЛИ, Оливия.",,,
6878,Жажда неба: Стихи.,"ГУЖЕЛЬ, Анатоль (ГУЖЕЛЬ. Анатолий Моисеевич).",,,
6879,Жажда обогащения: Роман.,"СОКОЛОВ, Александр Алексеевич.",,,
6880—6881,Жажда океана: Стихи и поэма.,"УВАРОВ, Александр Георгиевич.",,,
6882,Жажду — дайте воды.,"ХАНЗА-ДЯН, Серо Николаевич.",,,
6883,Жаждущая земля: Роман и рассказы.,"БУБНИС, Витаутас Казимирович.",,,
6884,Жаждущие любви: Собрание рассказов.,"ШВЕДЕР, Евгений Иосифович.",,,
6885,Жаждущие света: Повести и рассказы.,"КРАСОВ, М. И. (ОБОЛЕНСКИЙ, Леонид Егорович).",,,
6886,Жак: Современные нравы.,"ДОДЕ, Альфонс. ",Джек; Сын кокотки.,,
6887,Жак Вентра: Роман.,"ВАЛЛЕС, Жюль.",,,
6888,Жак Газард и его приключения.,"ТРАУБРИДЖ, Джон Таунсенд.",,,
6889,Жак Дамур.,"ЗОЛА, Эмиль (ЗОЛЯ, Эмиль).",,,
6890,Жак Нуар и Анри Заверни или Пропавший документ: Мелодрама в 1-м д.,"УРВАНЦОВ, Николай Николаевич.",,,
6891,Жак Отважный из Сент-Антуан-ского предместья: Историческая повесть.,"ЯХНИНА, Евгения Иосифовна",,,
6892,Жак Ратае: (У.N.R.I).,"КЛАДЕЛЬ, Леон.",,,
6893,Жак-фаталист.,"ДИДРО, Дени. ",,Монахиня...,
6894,Жакерия: Сцены из феодальных времен.,"МЕРИМЕ, Проспер. ",Крестьянское восстание.,,
6895,Жаки:     Историческая повесть.,"КЛАР, Фанни.",,,
6896,Жаку Крокан: Роман.,"ЛЕРУА, Эжен",,,
6897,Жалейка: Стихи.,"ГЕРШАНОВА, Светлана Юрьевна.",,,
6898,Жалейка: Стихи.,"ДУБРОВИНА, Элида Михайловна.",,,
6899,Жалкий люд: Роман.,БУССИНО. ,,,
6900,Жало смерти; Земле земное; Обруч; Баранчик; Красота: Рассказы.,"СОЛОГУБ, Федор.",,,
6901,Жалоба.,"ГУСЕВ-ОРЕНБУРГ-СКИИ, Сергей Иванович.",,,
6902,Жалоба коровы на крестьянина: (История жизни одной коровы).,ТЕНИС. ,,,
6903,Жалоба Цереры.,"ШИЛЛЕР, Фридрих.",,,
6904,Жалобная книга.,"ЧЕХОВ, Антон Павлович.",,,
6905,Жалобы: Рассказы [1]—4.,"ГОРЬКИЙ, Максим.",,,
6906,Жалобы сердца: Стихотворения. Ч. 1.,"ШАРТИ, С. Я.",,,
6907,Жалованная табакерка: Историческая повесть.,"ФЕДОРОВ-ДАВЫДОВ, Александр Александрович.",,,
6908,Жалованье: Повесть.,ТИМКОВ-СКИИГ Н,,,
6909,Жалости недостаточно.,"ХЕРБСТ, Джозефина.",,,
6910,Жалостник: Рассказ.,"ДУРЫ ЛИН, Сергей Николаевич.",,,
6911,Жалость; Отче наш; Три кладбища: [Рассказы].,"ЮШКЕВИЧ, Семен Соломонович.",,,
6912,Жалость: Повесть.,"ГЕРАСИМОВА, Валерия Анатольевна.",,,
6913,Жалость: [Рассказы].,"ГОРБУНОВ, Кузьма Яковлевич.",,,
6914,Жалость: Рассказы.,"САЗОНОВ, Геннадий Кузьмич.",,,
6915,Жалость взяла: Рассказ.,"БУЛГАКОВСКИЙ, Дмитрий Гаврилович.",,,
6916,Жан Баруа.,"МАРТЕН ДЮ ГАР, Роже.",,,
6917,"Жан Грей, английский анекдот: Отрывок из истории.",Имя авт. не установлено.,,,
6918,Жан Дюбен и Анджело Финкель-штейн.,"ТОПУЗ, Наум Исаевич, ЛАВРОВ, С. Л. (БЫСТРИЦКИЙ, Семен Львович) . ",,Горбатый дипломат...,
6919,Жан и Жанна: Поэма.,"СИДОРЕНКО, Николай Николаевич.",,,
6920,Жан и Мадлена: Драма в 5-ти д.,"МИРБО, Октав.",,,
6921,Жан Кавалье.,"СЮ, Эжен.",,,
6922,Жан-Кристоф.,"РОЛЛАН, Ромен.",,,
6923,Жан-Мари Кабидулен: Роман.,"ВЕРН, Жюль. ",Морской змей; Рассказы Жана-Мари Кабидулена.,,
6924,Жан Руль: Драма в 5-ти д.,"МИРБО, Октав.",,,
6925,Жан Сбогар.,"НОДЬЕ, Шарль.",,,
6926,Жан-сорви голова; Герои Малахова кургана.,"БУССЕНАР, Луи Анри.",,,
6927,Жан-Счастливец: Роман. Ч. 1—[5].,"МЮССЕ, Поль Эдм.",,,
6928,Жангада: (Восемьсот лье по Амазонке) ; Кораблекрушение «Джонатана».,"ВЕРН, Жюль.",,,
6929,Жанина: Комедия в 4-х д.,"ГИ-НОН, Альберт.",,,
6930,Жанна д'Арк: [Роман].,"ДЕЛЬТЕЙ, Жозеф.",,,
6931,Жанна д'Арк: |Роман].,"ТВЭН, Марк (ТВЕН, Марк).",,,
6932,Жанна де-Вальреаль: (Пути сердца). Пьеса в 4-х д.,"БЕРНАР, Сарра.",,,
6933,Жаннета.,"АНДЕРСЕН-НЕКСЕ, Мартин. ",,Потерянное поколение...,
6934,Жантильные улыбки: Chansons.,"НЕМЕЦ, Георгий Борисович (НЕМЧИН-СКИЙ, Георгий).",,,
6935,Жар в снегу: Рассказы.,"БАЛЛА, Ласло Карлович.",,,
6936,Жар-птица: Донские сказы.,"ГОЛОВАЧЕВ, Владимир Григорьевич.",,,
6937,Жар-птица: Драматическая сказка.,"ЯЗЫКОВ, Николай Михайлович.",,,
6938,Жар-птица: Живая и мертвая вода. Русская сказка. В 3-х ч.,"ШМИТА-НОВСКИЙ, Василий Яковлевич.",,,
6939,Жар-птица: История одного детства.,"ТИХАНОВ, Николай.",,,
6940,Жар-птица: Карпатская сказка.,"БЕБАН, Максим Афанасьевич.",,,
6941,Жар-птица: Комедия в 4-х д.,"БЕГИЧЕВ, Владимир Петрович.",,,
6942,Жар-птица: Повести.,"АТАРОВ, Николай Сергеевич.",,,
6943,Жар-птица: Пьеса в 5-ти карт.,"ЛЯЛИКОВ, Сергей К., СЕНЧ, Агния.",,,
6944,Жар-птица: Роман.,"ЯСИНСКИЙ, Иероним Иеронимович.",,,
6945,Жар-птица: Свирель славянина.,"БАЛЬМОНТ, Константин Дмитриевич.",,,
6946,Жар-птица: Стихи.,"БЕРЕСТОВ, Валентин Дмитриевич.",,,
6947,Жар-пгица: Стихи.,"КОН ДЫР ЕВ, Лев Николаевич.",,,
6948,Жар-птица: Стихи.,"ЛАВРЕНТЬЕВ, А.",,,
6949,Жар-птица: Стихи.,"ЛЕСНАЯ, Лидия.",,,
6950,Жар-птица: [Стихи].,"МАРЧЕНКО, Эмма Васильевна.",,,
6951,Жар-цвет: [Поэмы].,"МАРТЫНОВ, Леонид Николаевич.",,,
6952,Жар-цвет: Фантастический роман в 2-х ч.,"АМФИТЕАТРОВ, Александр Валентинович.",,,
6953,Жара в Хатоне: Повесть.,"ВАСЮТИНА, Евгения Константиновна.",,,
6954,Жареный гвоздь: Походная шутка в 2'-х карт.,"А. П. (ПОГОССКИЙ, Александр Фомич).",,,
6955,Жареный гвоздь: [Рассказ].,ЩЕГЛОВ,,,
6956,Жаркие две недели.,"ВИННИЧЕНКО, Иван Федорович.",,,
6957,Жаркие поля.,"МОРИЦ, Жигмонд.",,,
6958,Жаркие страны: В царстве львов и обезьян.,"ТУПИКОВ, Павел Георгиевич (НИЗОВОЙ, Павел).",,,
6959,Жаркий июньский день: Фронтовые записки.,"ВАЛЬШОНОК, Яков Ильич.",,,
6960,Жаркий летний день.,"САРТАКОВ, Сергей Венедиктович.",,,
6961,Жаркий север.,"ЕРЕМЕНКО, Владимир Николаевич.",,,
6962,Жаркий уголь памяти: Рассказы разных лет.,"ЗОРИН, Михаил.",,,
6963,Жаркое лето: Комедия в 3-х д.,"КРАВЧЕНКО, Федор Тихонович.",,,
6964,Жаркое лето; Певицы: (Продолжение); Песня неудачника; Маленький роман в стихах; Несколько слов о писателях.,"ГОРБАЧЕВ, Василий Егорович.",,,
6965,Жаркое лето: Повесть.,"ГЕРАСИМОВ, Иосиф.",,,
6966,Жаркое лето: Повесть.,"ГОРБАЧЕВ, Иван Петрович.",,,
6967,Жаркое лето: [Повесть и рассказы].,"АДАЛЯН, Норайр Мартиросович.",,,
6968,Жаркое лето: (Разбитая ваза). Пьеса в 4-х д.,"ГРИЦЮС, Аугустинас Лю-дович.",,,
6969,Жаркое лето: [Рассказы].,"ЗИБО-РОВ, Евгений Александрович.",,,
6970,Жаркое лето: Роман.,"КРАСОВСКИЙ, Леонид Станиславович.",,,
6971,Жаркое лето боев.,"МАРИИНСКИЙ, Евгений Пахомович.",,,
6972,Жаркое лето в Берлине: Роман.,"КЬЮСАК, Димфна.",,,
6973,Жаркое солнце.,"БЕДНЫЙ, Борис Васильевич. ",,Девчата...,
6974,Жарцы: Повесть.,"КЛАЗ, Илья Семенович.",,,
6975,Жарынь: Стихи.,"МИШИН, Алексей Викторович.",,,
6976,Жасмин: Рассказ.,"ОСИПОВ, Алексей Иванович.",,,
6977,Жасмин: Роман.,ФЫН ДЭИН.,,,
6978,Жасминовый сад: Стихи.,"ЛУГАНСКИЙ, Алексей.",,,
6979,Жатва: Драма в* 3-х д.,"ШУБЕРТ, Франтишек Адольф.",,,
6980,Жатва: [Рассказ].,"В. П. (КАРПИНСКАЯ, Вера Николаевна).",,,
6981,Жатва: Рассказы.,ФЕДОРОВ. ,,,
6982,Жатва: Роман.,"НИКОЛАЕВА, Галина.",,,
6983,Жатва дьявола.,"ВИАЛАР, Поль. ",,И умереть некогда...,
6984,Жатва мака: Стихи.,"ЮРЦИНЬШ, Петерис Александрович.",,,
6985,Жванчик: Роман в земляцких бы-валицах.,"БАБЛЯК, Владимир Самойло. ",,,
6986,Жгель: Рассказ.,"ЯКОВЛЕВ, Александр.",,,
6987,Жгучая тайна: Первые переживания.,"ЦВЁЙГ, Стефан.",,,
6988,Жгучее желание: Роман.,"ЭЛЬСЕР, Франк.",,,
6989,Жгучие ласки: (Он победил неприступную). Фарс-миниатюра.,"КУРБСКИЙ, Алексей Алексеевич.",,,
6990,Жгучие травы: Стихи.,"КОСТРО-МИТИН, Федор Иванович.",,,
6991,Жгучий вопрос: Комедия в 1-м д.,"ЧЕРЕВАНСКИЙ, Владимир Павлович.",,,
6992,Жданка остается с нами: Повесть.,"АРБЕНОВ, Эдуард.",,,
6993,Ждать больше нельзя: Роман-хроника.,"ДРОЗДОВ, Сергей Степанович.",,,
6994,Ждать солдата не мешай: (Всегда солдат). Комедия в 2-х д. с 3-мя интермедиями в стихах и одним сном.,"КУЗНЕЦОВ, Борис Николаевич.",,,
6995,Ждем тебя: Рассказы.,"ЖУПАН, Иосиф Васильевич.",,,
6996,Жди в далеких Гринях: Роман.,"ПТАШНИКОВ, Иван Николаевич. ",,,
6997,Жди  и надейся:  Роман.,"ЛЕО, Андрэ.",,,
6998,Жди меня: Киносценарий.,"СИМОНОВ, Константин Михайлович.",,,
6999,Жди меня: Пьеса в 3-х д.,"СИМОНОВ, Константин Михайлович.",,,
7000,Жди ракету: Военные    повести.,"НАВОЛОЧКИН, Николай Дмитриевич.",,,
7001,Жди солдата: Стихи.,"РЕБРО, Пет-ро (РЕБРО, Петр Павлович).",,,
7002,Ждите писем: Повесть для кинематографа.,"ГРЕБНЕВ, Анатолий Борисович.",,,
7003,"Ждите, Сибирь    идет... Роман.","ЛУШКИН, Иван Артемьевич.",,,
7004,Жду лета: Лирика.,"НАИДИЧ, Михаил Яковлевич.",,,
7005,Жду необыкновенного.,"ДУБРОВИНА, Элида Михайловна.",,,
7006,Жду  несказанного слова:  Стихи.,"РОДИН, Анатолий Андреевич.",,,
7007,Жду осени: Стихи разных лет.,"СТОЛЯРОВ, Валентин Алексеевич.",,,
7008,"Жду тебя, Дидар!: Повесть.","СУН-ДЕТОВ, Магзом Бижанович.",,,
7009,Жду тебя на земле: Стихи и поэмы.,"СААКОВА, Валентина Григорьевна.",,,
7010,Ждут Лефти: (Смерть не конец). Драма в 3-х д.,"ОДЕТС, Клиффорд. ",В ожидании Лефти.,,
7011,Ждут фельдшера: Рассказ.,"МИТРОПОЛЬСКИЙ, Иван Иванович.",,,
7012,Жевеловая вода.,"УГЛОВ, Ф. ",,Из школьной жизни...,
7013,Жезл Офо.,"НЗЕКВУ, Онуора.",,,
7014,Жезлов и его друзья: Рассказы с военных летчиках.,"КУЗНЕЦОВ, Семен Аркадьевич.",,,
7015,Желание: Стихи.,"ИОФФЕ, Сергей ",,,
7016,Желание: Стихи.,"КУКАЕВ, Анатолий Манджиевич. ",,,
7017,Желание сердца: Стихи и драматическая поэма.,"РУСТАМ, Сулейман.",,,
7018,Желания; Походная сумка; Новая скорость.,"КИРСАНОВ, Семен Исаакович.",,,
7019,Желания Жана Сервиан.,"ФРАНС, Анатоль.",,,
7020,Желания: Драма в 3-х д.,"ВИРТА, Николай Евгеньевич.",,,
7021,Желанная: Летом в деревне. [Повесть] для юношества.,Имя авт. не установлено.,,,
7022,Желанная весна: (Стихи).,"КИРИЛЛОВА, Алла Александровна.",,,
7023,Желанная весточка: Бытовые сцены в 1-м д.,"ДМИТРИЕВ, Дмитрий Сав-ватеевич.",,,
7024,Желанное: Роман.,"ЛОКОТКОВ, Константин Петрович.",,,
7025,Желанный король: Исторический роман.,"ПЕРЕС ГАЛЬДОС, Бенито. ",Золотой фонтан.,,
7026,Желанный царь: Историческая повесть.,"ЧАРСКАЯ, Лидия.",,,
7027,Желаю вам солнца: Лирика.,"ПОДКОРЫТОВ, Николай Петрович.",,,
7028,Желаю здоровья!: Стихи.,"КЕШОКОВ, Алим Пшемахович",,,
7029,Желаю счастья: Рассказы.,"ЮФИТ, Матильда Иосифовна.",,,
7030,Железная бригада: Пьеса в 4-х д.,"ГОРОДСКОЙ, Яков Зиновьевич.",,,
7031,Железная воля.,"ЛЕСКОВ, Николай Семенович.",,,
7032,Железная дорога: Повесть.,"АХО, Юхани.",,,
7033,Железная дорога: [Поэма].,"НЕКРАСОВ, Николай Алексеевич.",,,
7034,Железная  дорога:     Пьеса для школьного театра.,"НАСИМОВИЧ, Алек- ",,,
7035,Железная дорога: Стихи.,"АЛИ-ГЕР, Маргарита Иосифовна.",,,
7036,Железная команда.,"ОСИНИН, Николай Петрович.",,,
7037,Железная  лампа    Даниила Гра- нильщика: Ч. 1—3.,"РЕИМОН (МАССОН, Мишель).",,,
7038,Железная маска: (Двухвековая тайна). Исторический рассказ.,В. М.,,,
7039,Железная  маска:   Исторический рассказ.,"ЦАСТРОВ, Карл.",,,
7040,"Железная маска: Приключения самого дерзкого разбойничьего атамана всех времен. Его поступки, разбойничьи походы и любовные приключения, описанные согласно старым актам, хроникам и устным передачам.",Имя авт. не установлено.,,,
7041,Железная маска или Отец и сын: Испанская повесть.,"МУИ, Шарль де Фие.",,,
7042,Железная пауза.,"ТРЕТЬЯКОВ, Сергей Михайлович.",,,
7043,Железная пята.,"ЛОНДОН, Джек.",,,
7044,Железная решетка.,"ФЛЕРОН, Свен (ФЛЕЙРОН, Свен).",,,
7045,Железная роза: Роман.,"КЛЮЧАРЕВ, Николай Петрович.",,,
7046,Железная стена: («Его Величество»). Пьеса в 4-х д.,"РЫНДА-АЛЕКСЕЕВ, Борис Кирович.",,,
7047,Железная тишина:      Рассказы.,"ЛЯШКО, Николай.",,,
7048,Железная трава.,"БАХМЕТЬЕВ, Владимир Матвеевич.",,,
7049,Железная утка: Рассказы.,ДИКОВ ,,,
7050,Железногорск: Стихи.,"ЮРЧЕНКО, Иван Иванович.",,,
7051,Железнодорожная тетя-мама.,"СА- ЛИКОВСКИЙ, Григорий Яковлевич.",,,
7052,Железнодорожники: Краткая характеристика. (Шутка).,"ГОРБАЧЕВ, Василий Егорович. ",,Суббота...,
7053,«Железнодорожники»: Пьеса. (Комедия в 3-х д.).,"КАЩИК, Я.",,,
7054,Железнодорожники:    Рассказы.,"ПОЛЕТАЕВ, Николай Гаврилович.",,,
7055,Железнодорожники:     (Силуэты).,"ЛИПНИЦКИЙ (ЗАЙДЕЛЬ, Лев Давидович).",,,
7056,Железнодорожное чтение.,"АПРЕ-ЛЕВ, М. Н.",,,
7057,Железнодорожные анекдоты. (Загл. обл.).,Имя авт. не установлено. ,На железной дороге: Три рассказа; Тюлевая шляпка; Железнодорожный анекдот; Ранний поезд.,,
7058,"Железнодорожные Ахиллы и Гекторы: (Сцены, очерки и рассказы из быта крупных и мелких «костоломов»).","ПОЛЬЗА (ЗАВЕДЕЕВ, Павел Васильевич).",,,
7059,Железнодорожные зайцы: [Рассказ].,"ЛОНДОН, Джек.",,,
7060,Железнодорожные маневры: Комедия в 4-х д.,"КАЛУЖСКИЙ, Арх. (КУРКИН, Николай Иванович).",,,
7061,Железнодорожные рассказы.,"СЕРАФИМОВИЧ, Александр.",,,
7062,Железнодорожные щипцы: Рассказ.,"ВОЛКОВ, Дмитрий Тихонович.",,,
7063,Железнодорожный анекдот.,Имя авт. не установлено. ,,На железной дороге...,
7064,Железнодорожный мышь в гордиевом узле или Путешествие за справедливостью.,"РОМАНОВСКИЙ, Р. И.",,,
7065,Железнодорожный сторож Тиль: Рассказ.,"ГАУПТМАН, Гергарт.",,,
7066,Железное солнце.,"ПЕТРОВ, Михаил Трофимович.",,,
7067,Железное цветенье.,"ГЕРАСИМОВ, Михаил Прокопьевич.",,,
7068,Железные версты: (Документальная повесть).,"ОСИПОВ, Петр Николаевич.",,,
7069,Железные ворота: Роман.,"ФРАН-ГЯС, Андреас.",,,
7070,Железные деревья: Стихи.,"СИМОНОВ, Петр Фирсович.",,,
7071,"Железные люди или Повесть о суровом времени, большом походе и верной мужской дружбе.","ПАЛЬ, Роберт Васильевич.",,,
7072,Железные цветы: Стихи.,"ГЕРАСИМОВ, Михаил Прокопьевич.",,,
7073,Железный аист: По дорогам Красноярского края.,"УРИН, Виктор Аркадьевич.",,,
7074,Железный ангел: Драма в 2-х д.,"НИЛИН, Павел Филиппович.",,,
7075,Железный ангел: Рассказы.,"БОГДАНОВ, Николай Владимирович.",,,
7076,Железный буйволенок: Повесть.,"ВЕДДИНГ, Алекс.",,,
7077,Железный ветер в лицо...: Документальный очерк.,"ГУММЕР, Иосиф Самуилович.",,,
7078,Железный вихрь.,"БАРБЮС, Анри.",,,
7079,Железный город.,"БРАУН, Ллойд.",,,
7080,Железный граф: Исторический роман.,"БОРН, Георг.",,,
7081,Железный граф или Разбойники Черной башни: Роман.,ЛО-Ъ.,,,
7082,Железный Густав: Роман.,"ФАЛ ЛАДА, Ганс.",,,
7083,Железный занавес: Комедия в 4-х д. Из современной петербургской жизни.,"ТОЛСТОЙ, Лев Львович.",,,
7084,Железный канцлер древнего Египта: Роман в 2-х ч.,"КРЫЖАНОВСКАЯ, Вера Ивановна. ",,,
7085,Железный клюв: Удэгейские народные сказки.,"МОЖАЕВ, Борис Андреевич.",,,
7086,Железный комбат: Рассказы.,"ВАНЮШИН, Василий Федорович.",,,
7087,Железный конь: Роман.,"ХИЛЛ, Эдвин.",,,
7088,"Железный король, 1314: (Из серии «Проклятые короли»).","ДРЮОН, Морис.",,,
7089,Железный круг: Повести и рассказы.,"ЗАВАДОВСКИЙ, Леонид Николаевич.",,,
7090,"Железный мессия: (Стихи о революции), 1917—1920 гг.","КИРИЛЛОВ, Владимир Тимофеевич.",,,
7091,Железный обруч или Фаустина и Сиомара: Рассказ; Из истории рабства в древней Римской империи за 20 лет от рождества Христова: [Извлечено из романа «Тайны народа»].,"СЮ, Эжен.",,,
7092,Железный олень: Роман.,"КАЛИН-ЧЕНКО, Андрей Иванович.",,,
7093,Железный перстень: Повесть.,"ФА-ЗИН, Зиновий.",,,
7094,Железный перстень: [Стихи].,"КРЕЧЕТОВ, Сергей.",,,
7095,Железный пират.,"ПЕМБЕРТОН, Макс.",,,
7096,Железный полюс: Поэмы.,"МАШКОВЦЕВ, Владилен Иванович.",,,
7097,Железный порыв.,"КРАСНОПОЛЬ-СКИИ, Н. В.",,,
7098,Железный поток: Драматическая поэма. В 3-х д.,"СЕРАФИМОВИЧ, Александр., ВСЕВОЛОЖСКИЙ, Игорь Евгеньевич.",,,
7099,Железный поток: Эпопея.,"СЕРАФИМОВИЧ, Александр.",,,
7100,Железный потолок: Роман.,"БРЖЕ-ЗОВСКИИ, Богуслав.",,,
7101,"Железный рейс: Стихи. Эпопея славного пришествия,, великого испытания и дальнейшего развития крестного пути великого русского народа к священным берегам торжествующего разума.","ГЕРМАНОВ, Александр.",,,
7102,Железный репей.,"АМП, Пьер.",,,
7103,Железный романтик: Повесть.,"СИ-ЛАКОВ, Александр Семенович.",,,
7104,Железный рыцарь: Повесть.,"ВЕЛ-ТИСТОВ, Евгений Серафимович.",,,
7105,Железный светильник: Роман.,"ТА-ЛЕВ, Димитр.",,,
7106,Железный характер: Рассказы и фельетоны.,"ДРАГУНСКИЙ, Виктор Юзефович.",,,
7107,Железный хромец; Темир Хромой: Свод татарских преданий о Темир-лэнге.,"ГАТЦУК, Владимир Алексеевич.",,,
7108,Железный цирк: Рассказы и повести.,"ВЕЛИКАНОВ, Василий Дмитриевич.",,,
7109,Железный человек: Болгарские сказки.,"КАРАЛИИЧЕВ, Ангел.",,,
7110,Железный человек: Научно-фантастические повести.,"МОГИЛЕВ, Лев Николаевич.",,,
7111,Железный Чутык.,"ОСИПОВ, Николай Федорович.",,,
7112,Железный штурм: Стихи.,"ТАНДИТ, Лев Борисович.",,,
7113,Железо в огне: Роман из времен революции 18*48 г.,"ФИБИХ, Клара.",,,
7114,Железо и огонь: Стихи.,"АНТОКОЛЬСКИЙ, Павел Григорьевич.",,,
7115,Железо и огонь: [Стихи].,"БЫЧКОВ, Александр Михайлович.",,,
7116,Железо из земли: Роман.,"ПОПОВ, Виктор Михайлович.",,,
7117,Железом и кровью: Роман из истории завоевания Кавказа при Ермолове.,МОРДОВЦЕВ,,,
7118,Железом и кровью: Роман-хроника из последних событий европейской войны. В 3-х ч. со вступлением и эпилогом. Ч. 1. Вып. 1. Тайны германского посольства.,"СЕРОВ, Дмитрий.",,,
7119,Железом пахнут зори: Стихи.,"КУЗНЕЦОВ, Владимир.",,,
7120,Желтая акация: Повесть.,ДУБОВ-КА. ,,,
7121,Желтая акация: Стихи.,"КОЖЕМЯКИН, Владилен Иванович.",,,
7122,Желтая книга: Сказание о новых княгинях и старых князьях.,"АТАВА, Сергей (ТЕРПИГОРЕВ, Сергей Николаевич)",,,
7123,Желтая кофта: (Человек без предков). Китайский примитив в 2-х ч.,"БЕНРИ-МО, Джозеф Генри, ХЕЙЗЕЛТОН, Джордж Кохрэн.",,,
7124,Желтая маска: Новелла.,"КОЛЛИНЗ, Уилки.",,,
7125,Желтая операция: Рассказы.,"ТЫ-ЧИНИН, Вячеслав Васильевич.",,,
7126,Желтая роза.,"ЙОКАИ, Мор.",,,
7127,Желтая сирень: Третий сборник поэзии.,"КЮНЕРТ, Макс.",,,
7128,Желтеет трава: Повесть и рассказы.,"ПРОХАНОВ, Александр Андреевич.",,,
7129,Желтое домино; Вяхири.,ПРЕВО. ,,,
7130,"Желтое, зеленое, голубое...: Роман.",ЗАДОРНОВ,,,
7131,Желтое облако: Научно-фантастический роман.,"ВАНЮШИН, Василий Федорович.",,,
7132,Желтое пятно: (Конец доктора Мамлока). Пьеса в 3-х актах.,"ВОЛЬФ, Фридрих.",,,
7133,Желторотые: Рассказ.,"МАНАСЕИ-НА, Наталия Ивановна.",,,
7134,Желтоухий: Рассказ.,"ПОКРОВСКИЙ, Сергей Викторович.",,,
7135,Желтые башмачки: Драматический эпизод в 3-х д.,"МАЛАШКИНА, Елизавета Николаевна.",,,
7136,Желтые листья: Стихотворения.,"ГЕССЕН, Владимир Матвеевич.",,,
7137,Желтые тени.,МЕЧИК,,,
7138,Желтый бой: Рассказ.,"МОРОЗОВА, Мария Андреевна.",,,
7139,Желтый донник.,"КУЛИКОВ, Александр Павлович.",,,
7140,Желтый дьявол: Повесть.,"СИВА-ЧЕВ, Михаил Гордеевич.",,,
7141,Желтый дьявол: [Роман].,"НИКЭД МАТ (КОСТАРЕВ, Николай Константинович).",,,
7142,Желтый закат: Комедия. В 4-х д.,"ВОРОНИН, Сергей Алексеевич.",,,
7143,Желтый комбинезон:        Роман.,"ДЗОРДЗЕНОН, Нордио.",,,
7144,Желтый крестик.,"БРУСКИН, Семен Григорьевич.",,,
7145,Желтый круг: Повесть.,"БОНДАРЕНКО, Игорь.",,,
7146,Желтый лоскут: Повесть.,"МЕР АС, Ицхокас.",,,
7147,Желтый пес: Цена головы; Негритянский квартал; Президент.,"СИМЕНОН, Жорж.",,,
7148,Желтый смех* Драма-миниатюра в 3-х эскизах.,"ГЛИНСКИЙ, Михаил Максимович",,,
7149,Желтый смех: [Роман].,"МАК-ОРЛАН, Пьер",,,
7150,Желтый соловей: Комедия в 3-х д.,"БАР, Гетман.",,,
7151,Желтый тайфун: Повесть.,"ЗУЕВ-ОРДЫНЕЦ, Михаил Ефимович.",,,
7152,Желтый цветок: Повесть.,КУРБАНОВ.,,,
7153,Желтый черт: Драматический эпизод в 1-м д.,"БРОНИКОВСКИИ, Георгий.",,,
7154,Желуди падают на землю: Роман.,"УСОВА, Надежда Трофимовна.",,,
7155,Желчь и яд: Юмористические рассказы.,РОДА-РОДА,,,
7156,Жеманницы: Комедия в 1-м д.,"МОЛЬЕР, Жан Батист. ",Смехотворные жеманницы.,,
7157,Жемчуг Парлея.,"ЛОНДОН, Джек.",,,
7158,Жемчуга: Стихи.,"ГУМИЛЕВ, Николай Степанович.",,,
7159,Жемчуга от Тэт-а-Тэт'а: Повесть.,"ГРАБАРЬ, Леонид",,,
7160,Жемчужина: Повесть.,"СТЕЙНБЕК, Джон.",,,
7161,Жемчужина: Пьеса в 4-х д.,"ЗАЙЦЕВ, М. И., МЕРЦАЛЬСКИЙ, Николай Константинович.",,,
7162,Жемчужина: Рассказы.,"ЭРНАН-ДЕС-КАТА, Альфонсо.",,,
7163,Жемчужина: Сказка из зырянской жизни.,"ПОЛЬ, А. С.",,,
7164,"Жемчужина: Стихи, песни, поэма.","ЕРИКЕЕВ, Ахмед Фазлович.",,,
7165,Жемчужина Адальмины: Сказка.,"ТОПЕЛИУС, Захариас.",,,
7166,Жемчужина Белогорска: Роман.,"ЛАНОВЕНКО, Петр Климентьевич.",,,
7167,Жемчужина в ожерелье.,"ШАПОШНИКОВА, Вера Дмитриевна.",,,
7168,Жемчужина    Востока:   Роман.,"ЖОФРЕ, Антония.",,,
7169,Жемчужина    Востока:   Роман.,"ХАГГАРД, Генри Райдер.",,,
7170,Жемчужина Востока: Христианская легенда.,"ОГАРКОВ, Василий Васильевич.",,,
7171,Жемчужина из перстня: Рассказы.,"УПИТ, Андрей Мартынович.",,,
7172,Жемчужина короны: Роман.,"БУАС-СЬЕР, Ральф де.",,,
7173,Жемчужина Полесья.,"САМУСЕН-КО, Эдуард Григорьевич.",,,
7174,Жемчужина цыганского табора: Комедия в 4-х д.,ВОЛЬФ,,,
7175,Жемчужина Японии: Роман.,"РУСТАМ-БЕК ТАГЕЕВ, Борис Леонидович.",,,
7176,Жемчужинка: Три боевые миниатюры.,"ЧУЖ-ЧУЖЕНИН (ФАЛЕЕВ, Николай Иванович).",,,
7177,Жемчужинка: Шесть рассказов для детей.,"ШМИД, Христофор.",,,
7178,Жемчужины духовной поэзии.,"К. Р. (РОМАНОВ, Константин Константинович).",,,
7179,Жемчужная река: (Красный паук). Роман из китайской жизни.,"ПОН-ЖЕСТ, Рене де.",,,
7180,Жемчужное веретено:     Картины минувшего детства.,"МОЗЕЛЛИ, Эмиль.",,,
7181,Жемчужное зерно: Комедия в 4-х д.,"АДАМОВ, Евгений Михайлович.",,,
7182,Жемчужное   ожерелье:  Пьеса  в 3-х д. времен царя Михаила Федоровича.,"ВОЙНА, Н. ",,,
7183,Жемчужное  ожерелье:  (Пьеса  в 4-х д.).,"БЕЗРОДНАЯ, Юлия.",,,
7184,Жемчужное ожерелье: Роман.,"МИ ХАЭЛИС, Карин (МИКАЭЛИС, Карин).",,,
7185,Жемчужное  ожерелье:   Роман  в 2-х ч.,"НАЗАРЬЕВА, Капитолина Валериа ",,,
7186,Жемчужное ожерелье: Сказка.,"ТУР, Евгения.",,,
7187,Жемчужный   дождь:   Повести  и рассказы.,"ВЕЛИЕВ, Сулейман Вели оглы.",,,
7188,Жемчужный клад: Повесть.,ТАГАНОВ,,,
7189,Жемчужный остров: Рассказы.,"ГЕОРГИЕВСКАЯ, Сусанна Михайловна.",,,
7190,Жемчужный фонтан: Роман. Ч. 1 — 4.,"ФЕВАЛЬ, Поль Анри.",,,
7191,Жена: Драма в 5-ти д.,"ЯНСКИЙ, Андрей.",,,
7192,Жейа: [Драматический этюд].,"КОНОНЕНКО, Елена Викторовна.",,,
7193,Жена: Комедия в 1-м д.,"ЛЯДА-ВА, Григорий (ГЕ, Григорий Николаевич)",,,
7194,Жена: Повести и рассказы.,"КАТАЕВ, Валентин Петрович.",,,
7195,Жена: Повести и рассказы.,"МОСКВИН, Николай.",,,
7196,Жена: [Рассказ].,"АРЦЫБАШЕВ, Михаил Петрович.",,,
7197,Жена: [Рассказ].,"БЕГАК, Роза Моисеевна.",,,
7198,Жена: [Рассказ].,"МАРКОВА, Ольга Ивановна.",,,
7199,Жена: Рассказ.,"ЧЕХОВ, Антон Павлович.",,,
7200,Жена: Рассказ.,"ШОШИН, Михаил Дмитриевич.",,,
7201,Жена: Рассказы.,"САЖИН, И.",,,
7202,Жена: Роман.,ВОЛЬСКИЙ,,,
7203,Жена без мужа и муж без жены: Роман. В 2-х ч.,"КОК, Поль де.",,,
7204,Жена бургомистра: Роман. Т. 1— 2.,"ЭБЕРС, Георг Мориц.",,,
7205,Жена в командировке: Рассказы и фельетоны.,"РАГИМОВ, Адиль.",,,
7206,Жена веселилась: Фарс в 3-х д.,Имя авт. не установлено.,,,
7207,"Жена глупа, тоску наводит; Жена умна, так проведет: Две сказки.",Имя авт. не установлено.,,,
7208,Жена декабриста: (Мария Волконская). Повесть.,"КАЛУГИН, Юрий Аронович.",,,
7209,Жена доктора: Роман.,"БРЭД ДОН, Мэри Элизабет.",,,
7210,Жена его степенства: Комедия шутка в 3-х д.,КАРНЕЕВ,,,
7211,Жена завмага: Комедия-гротеск ь 1-м д.,"ЛЕБЕДЕВ-КУМАЧ, Василий Иванович.",,,
7212,Жена завоевателя: Драматическая поэма в 1-м д.,"ДОЛЬСКИЕ, А. и Д.",,,
7213,Жена замучила: [Рассказ].,Имя авт. не установлено.,,,
7214,Жена и дочь или Два рода любви: Драматическая быль в 2-х карт.,"ИЛЬИН, Павел.",,,
7215,Жена и любовница: Роман в 3-х ч.,Имя авт. не установлено.,,,
7216,Жена и фаворитка: (Привычка и воспоминание); Семейная тайна.,"БЭЛО, Адольф (БЕЛО, Адольф).",,,
7217,Жена игрока: (Верный талисман).,"АРКО, Б. ",,По традиции...,
7218,Жена-игрушка: Роман.,"ЖОЛИК-ЛЕРК, Эжен.",,,
7219,Жена из «Яра»: Рассказ.,МИСС-БРЕНДИ.,,,
7220,Жена-изменница: [Рассказ].,Имя авт. не установлено.,,,
7221,Жена-изменница: Рассказ из современной жизни.,М. ,,,
7222,Жена или карты: Комедия-водевиль в П:-м д.,"ГРИГОРЬЕВ, Петр Иванович.",,,
7223,Жена кавалериста: Комедия-водевиль в 1-м д.,"ДЮВЕРЬЕ, Анн Оноре.",,,
7224,Жена капитана.,"ТРЕТЬЯКОВ, Иван Поликарпович.",,,
7225,Жена Клода: Драма в 3-х д.,"ДЮМА, Александр (сын).",,,
7226,"Жена командира: Повесть, рассказы.","ЗАИКИНА, Светлана Андреевна.",,,
7227,Жена корсара.,"ФОРМОЙ, Максим.",,,
7228,Жена Лота: Роман.,"КЛАРК, Аллен.",,,
7229—7230,Жена-любовница: [Рассказ].,Имя авт. не установлено.,,,
7231,Жена министра: Роман из жизни петербургского большого света. В 2-х ч.,"ЛАППО-ДАНИЛЕВСКАЯ, Надежда Александровна.",,,
7232,Жена младшего брата: Повести и рассказы.,"ДЖУМАГЕЛЬДИЕВ, Тиркиш.",,,
7233,Жена-мститель: Легенды кавказских горцев.,"ДРОЗДОВИЧ, Емельян Михайлович.",,,
7234,Жена мудреца: Маленькие новеллы.,"ШНИЦЛЕР, Артур.",,,
7235,"Жена, муж и * любовник. Ч. 1—4.","КОК, Поль де.         ",,,
7236,Жена мужа не бьет (а под свой норов ведет).,ПОМЯЛОВСКИЙ.,,,
7237,Жена напрокат.,"МУКАСЕЕВ, Федя (АПАРИН, Федор А.).",,,
7238,Жена не жена: Пьеса в 3-х д.,"БЕ-РЕНШТАМ, Владимир Вильямович.",,,
7239,Жена Пентефрия: Шутка в 1-м д.,Имя авт. не установлено.,,,
7240,Жена посланника.,"БРЕШКО-БРЕШ-КОВСКИИ, Николай Николаевич.",,,
7241,Жена председателя ревкома.,"ПУШКОВ, Валерий Дмитриевич.",,,
7242,Жена-преступница: Историческая повесть.,"КАССИРОВ, Иван.",,,
7243,Жена-преступница: Роман.,"МОН-ТЕПЕН, Ксавье де.",,,
7244,Жена-прислуга.,"СТРИНДБЕРГ, Август.",,,
7244а,«Жена рабочего» и другие рассказы.,"ПОСТУПАЕВ, Федор Емельянович.",,,
7245,Жена разбойника: Новейший роман. Ч. 1 —8.,"ВУЛЬПИУС, Христиан Август.",,,
7246,Жена-развратница: Рассказ.,"БАТРАК (ЗОТОВ, Михаил). ",Жена-изменница.,,
7247,Жена с высшим образованием: Комедия в 2-х д.,ЭСЕНОВА. ,,,
7248,Жена с капризом: Забавный рассказ из купеческого быта.,Имя авт. не установлено.,,,
7249,Жена с того света: (Живые покойники). Оригинальная комедия-фарс в 3-х д.,"ЛИСЕНКО-КОНЫЧ, Иван Кононович.",,,
7250,Жена с ярмарки: Повесть из сельского быта.,ЮНОША. ,,,
7251,Жена сбежала: Комедия в 1-м д.,"ПАТКАНОВ, Константин Михайлович.",,,
7252,Жена-совершенство: Комедия в 1-м д.,Имя авт. не установлено.,,,
7253,"Жена солдата: Стихи, поэмы.","СААКОВА, Валентина Григорьевна.",,,
7254,Жена соседа: Роман.,"О'ФЛАХЕРТИ, Лиэм (О'ФЛАЭРТИ, Лайам).",,,
7255,Жена соседа или Мужья в западне: Водевиль в 1-м д.,"ДЕНУАЙЕ, Шарль.",,,
7256,Жена Стеффена Тромхольта: Роман.,"ЗУДЕРМАН, Герман.",,,
7257,Жена сэра Айзэкса Хармана: Роман.,"УЭЛЛЬС, Г. Дж. (УЭЛЛС, Герберт Джордж)",,,
7258,Жена Тома Слейта; Билли; Как мистрис Коркер пришлось просить прощения.,"ДЖЕРОМ, Джером Клапка.",,,
7259,Жена убийцы: Драма в 5-ти д.,"БЛЮМ, Эрнест.",,,
7260,"Жена умна, так проведет.",Имя авт. не установлено. ,,"Жена глупа, тоску наводит...",
7261,Жена ученого: Веселая новелла.,Имя авт. не установлено.,,,
7262,Жена ямщика.,"НИКИТИН, Иван Саввич.",,,
7263,Женалий-база или О чем и как складываются степные былины.,ЗЫРЯНОВ. ,,,
7264,Женат против воли.,"ОКРЕЙЦ, Станислав Станиславович.",,,
7265,"Женатые повесы или Дядюшка ищет, а племянничек рыщет: Комедия-водевиль в 1-м д.",Имя авт. не установлено.,,,
7266,Женатый дурак: Шарж в 1-м д.,"МИХАИЛОВ, Константин Арсеньевич.",,,
7267,Женатый жених: Комедия в 2-х д.,"КУЗНЕЦОВ, Андрей Юрьевич, ШТАЙН, Георгий Георгиевич.",,,
7268—7269,Женатый жених: Комедия в 4- х д. в стихах.,"ЗАГОСКИН, Михаил Николаевич.",,,
7270,Женатый философ: Комедия в 5- ти д. в стихах.,"ДЕТУШ, Филипп Нерико.",,,
7271,Женатый черт.,"СТОРОЖЕНКО, Алексей Петрович.",,,
7272,"Жене смех, а мужу горе: (Быль, каких много).",ЛЕБЕДЕВ,,,
7273,"Жене смех, а мужу слезы или Раскаяние россиянки при смерти своего мужа.","МИРОНОВ, Николай П.",,,
7274,Женевские рассказы: Ч. 1—2.,"ТЕП-ФЕР, Рудольф.",,,
7275,Женевьева: Рассказ для юношества.,"ШМИД, Христофор.",,,
7276,Женевьева и Франсуа: Пьеса в 4-х д.,"ВОЛЬФ, Фридрих. ",Франсуа и Женевьева.,,
7277,Женился.,"ДЖАКОБС, В. В. (ДЖЕ-КОБС. Вильям Вимарк). ",,Счастливый конец...,
7278,Женитьба: Совершенно невероятное событие в 2-х д.,"ГОГОЛЬ, Николай Васильевич.",,,
7279,Женитьба Альнаскарова: Комедия в 1-м д. в стихах.,"МАРКОВ, Алексей Иванович.",,,
7280,Женитьба Белугина: Комедия в 5-ти д.,"ОСТРОВСКИЙ, Александр Николаевич, СОЛОВЬЕВ, Николай Яковлевич.",,,
7281,Женитьба Брокарова: Посвящается старым холостякам. В стихах.,"СУЛКОВ-СКИИ, Владимир (ВИЛЛАМОВ, Владимир Александрович).",,,
7282,Женитьба Бухартова.,"КАРАУЛОВ, Михаил Федорович. ",,Былое...,
7283,Женитьба ветеринара: Комедия в 1-м д.; Шпион: Этюд из всемирной войны в 1-м д.,"ХОВЕН, Николай Николаевич фон де",,,
7284,Женитьба Дардара или Прыткий молодой человек: Водевиль в 1-м д.,"ЛА-БИШ, Эжен Мари.",,,
7285,Женитьба Днеприна: Роман в 2-х ч.,"ЗВЕРЖАНСКИИ, Петр Филиппович.",,,
7286,Женитьба Кадэ Фульопо: Роман.,"КОК, Поль де.",,,
7287,Женитьба Кевонгов: Роман.,"САН-ГИ, Владимир Михайлович.",,,
7288,Женитьба Крутозобова: Юмористическое описание сватовства и женитьбы замоскворецкого лавочника Архипа Семенова Крутозобова.,"МЯСНИЦКИИ, Иван.",,,
7289,Женитьба Лаучи.,"ПАИРО, Роберто Хорхе.",,,
7290,Женитьба Маленького Эр Хея: Рассказы.,ЧЖАО ШУ-ЛИ.,,,
7291,"Женитьба Недотепова: Комедия-водевиль в 6-ти карт, из красноармейской жизни.","МИЗАНДРОНЦЕВ, Лев Харитонович.",,,
7292,Женитьба Никеши Корытова и его брачное путешествие по Волге: Юмористическая повесть.,"КРАСНОРАМЕНСКИИ, М. (ЯРЫГИН, Федор Александрович).",,,
7293,Женитьба Пакангура: Из жизни камчадалов; Камчадалы: Очерк.,"ИНФАНТЬ-ЕВ, Порфирий Павлович.",,,
7294,"Женитьба Панурга: Избранные страницы из эпопеи «Пантагрюэль, король Дипсодов».","РАБЛЕ, Франсуа.",,,
7295,Женитьба по рассудку: [Рассказ]. П...,"Р... В, Я.",,,
7296,Женитьба по расчету: Сцены из быта гражданских писцов.,ПРАВДИН.,,,
7297,Женитьба поневоле: Комедия в 1-м д.,"МОЛЬЕР, Жан Батист. ","Брак поневоле; Принужденная женитьба; Принужденный брак; Хоть тресни, а женись.",,
7298,Женитьба с расчетом: Одноактная комедия.,"ВОЛЖАНЕЦ, Николай.",,,
7299,Женитьба химическим путем: Фарс в 3-х д.,Имя авт. не установлено.,,,
7300,Женитьба царя Михаила Федоро- вича Романова: Историческая повесть в стихах.,"Ъ... А, Ек.",,,
7301,Женитьбенная бумага: Рассказы.,"РЫТХЭУ, Юрий Сергеевич.",,,
7302,Жених:   [Рассказ].,"ОЛОХО- ВА, О. И. ",,Права ли она...,
7303,Жених: Рассказы.,"РАИС, Элиса.",,,
7304,Жених: Рассказы.,"ТИМКОВСКИЙ, Николай Иванович.",,,
7305,Жених: Сцены из мещанской жизни. В 3-х д.,"КАФТЫРЕВ, Дмитрий Никаноро-вич.",,,
7306,Жених-атлет или Швейцарская борьба — заклад 200 руб.: Оригинальный водевиль в 1-м д.,"СШ-Ф, В. А. (ФЕДОРОВ, Владимир Александрович).",,,
7307,Жених без дурака или Вот каковы друзья!: Комедия-водевиль в 1-м д.,"БАЯР, Жан Франсуа Альфред, ДЕНУАИЕ, Эдмон.",,,
7308,Жених без сапог: Водевиль в 1-м д.,"ПЛИСКИЙ, Николай Н.",,,
7309,Жених в глупом положении.,"ФЕДЯ МУКОСЕЕВ (АПАРИН, Федор А.).",,,
7310,Жених в интересном положении: Комедия-фарс в 3-х д.,"ЛАБИШ, Эжен Мари.",,,
7311,Жених в кринолине: Из альбома старого повесы.,Имя авт. не установлено.,,,
7312,Жених в мешке или Без свахи плохо: Веселый рассказ из жизни неопытных юношей.,"ЕВСТИГНЕЕВ, Михаил Е.",,,
7313,Жених в отставке или Любовь всему научит: Шутка-комедия в 1-м д.,"ТАТАРИНОВ, Петр Петрович.",,,
7314,Жених в смертельной опасности: Шутка в 1-м д.,Имя авт. не установлено.,,,
7315,"Жених в чернилах, а невеста во щах: Рассказ в стихах.",Имя авт. не установлено.,,,
7316,Жених в чехле: Комедия в 1-м д.,"СМЕРЕЧИНСКИЙ, Евгений Стефанович.",,,
7317,"Жених взаперти: Нравственно-сатирический, роман комический, в 3-х д.","КУЗЬМИЧЕВ, Федот (КУЗМИЧЕВ, Федот Семенович).",,,
7318,Жених всех невест: Комедия в 3-х д.,"ТОРУБАЕВ, А. Н.",,,
7319,Жених двух невест: Исторический роман.,"БЕЗОБРАЗОВ, Павел Владимирович.",,,
7320,Жених девицы Сен-Мор: Роман.,"ШЕРБЮЛЬЕ, Виктор.",,,
7321,Жених до смены: Водевиль в 1-м д.,Имя авт. не установлено.,,,
7322,Жених и невеста: Лирическая комедия в 2-х д.,"ХОЛЕНДРО, Дмитрий Михайлович.",,,
7323,Жених и невеста: Повесть.,"БЕЛИНСКИЙ, Максим (ЯСИНСКИЙ, Иероним Иеронимович).",,,
7324,Жених и невеста: Рассказы.,"ЯКОВЛЕВ, Юрий Яковлевич.",,,
7325,Жених и невеста: Сцены из провинциальной жизни.,"ЩЕГОЛЕВ, Н.",,,
7326,"Жених из Апраксина рынка или Японские зверства в квартире купца Тру-болетова: (Истинное происшествие); Как передрались свахи, считая перины и рубахи.","ДУНИН, Василий Эразмович.",,,
7327,Жених из долгового отделения: Комедия в 1-м д.,"ЧЕРНЫШЕВ, Иван Егорович.",,,
7328,Жених из мелочной лавки: Веселый рассказ.,Имя авт. не установлено. ,Жених из Охотного ряда.,,
7329,Жених из Ножовой линии: Комедия в 5-ти д.,"КРАСОВСКИЙ, Аполлон Максимович.",,,
7330,Жених из Охотного ряда: Забавный рассказ.,Имя авт. не установлено.,,,
7331,Жених из Чигрина: Комедия в 4-х д.,"ТИТОВ, И.",,,
7332,Жених из-под стола: Оригинальный водевиль в 1-м д.,"ОБЛАКОВ, А.",,,
7333,"Жених, казненный тремя невестами: Современная повесть.",АЛЕКСАНДРОВСКИЙ . ,,,
7334,Жених каких мало: Драма в 1-м д. в стихах.,"БАЗИЛЕВИЧ, Петр.",,,
7335,Жених-каторжник или Разбойники костромских лесов: Народное предание.,Имя авт. не установлено.,,,
7336,Жених Мардарий Губошлепов: Ко мическая сцена-монолог с пением и танцами.,"ТЯПКИН, С. (АЛЕКСИН, С. А.).",,,
7337,Жених-мертвец: Повесть в стихах.,М*.,,,
7338,"Жених мертвец или Думал солгать, сказал правду: Водевиль в 1-м д.","СКРИБ, Эжен",,,
7339,"Жених-москвич или «По одежке встречают, а по уму провожают»: Комедия в 3-х д.","СЕМЕНОВ, Сергей Терентьевич.",,,
7340,Жених на яблоне: Комедия-водевиль в 1-м д.,"ДАНОВ, В.",,,
7341,Жених немолодых лет: Роман.,"КОК, Поль де.",,,
7342,Жених полуночный; Ранний цвет: Рассказы.,"ЯКОВЛЕВ, Александр.",,,
7343,Жених поневоле или Торжество публикации: Рассказ.,"ШУХМИН, Христофор Алексеевич.",,,
7344,Жених-поэт: Шутка в 1-м д.,"С. Ф. (ФАЛЮТИНСКИЙ, Сергей Иванович).",,,
7345,Жених приятный: Сцена-монолог.,"МЯСНИЦКИИ, Иван.",,,
7346,"Жених-проказник и его характеристическая жизнь, как на блюдечке, рассказанная от нечего делать.",ПИСУЛЬКИН,,,
7347,Жених проказник или Любовь нынешнего века: Оригинальная комедия в 3-х д.,"СИДОРОВИЧ, Виктор Антонович.",,,
7348,Жених пятидесяти старух или Вот так клюква: Веселый рассказ.,"ЕВСТИГНЕЕВ, Миша (ЕВСТИГНЕЕВ, Михаил Е.).",,,
7349,Жених с орденом: Комедия в 3-х д.,"КАНИВЕЦ, Владимир Васильевич.",,,
7350,Жених с приданым: Водевиль в 2-х д.,"АРДОВ, Виктор.",,,
7351,Жених с Черных земель: Фельетоны.,"МИШИН, Андрей Семенович.",,,
7352,Жених сбежал: Музыкальная комедия в 2-х д.,"ГАГИЕВ, Георгий Борисович.",,,
7353,Жених трех невест: Комедия в 1-м д. с принадлежащим к ней балетом.,"КНЯЖНИН, Александр Яковлевич.",,,
7354,Жених царевны: (Роман-хроника XVII века).,"СОЛОВЬЕВ, Всеволод Сергеевич.",,,
7355,"Жених, чемодан и невеста: Комедия в 2-х д.","ГРИГОРЬЕВ, Петр Иванович.",,,
7356,"Жених чужой невесты или Спасибо дядюшке, что умер!: Шутка-водевиль в 1-м д.","ТАТАРИНОВ, Петр Петрович.",,,
7357,"Жениха! Жениха!: Фарс в ,1-м д.","КАНАЕВ, Александр Николаевич.",,,
7358,Женихи: Комедия в 3-х актах.,"ТОКАЕВ, Ашах Инусович.",,,
7359,Женихи: Комедия в 3-х д.,"ШЕВИЧ, Василий Степанович.",,,
7360,Женихи: Комедия в 4-х д.,"МИНЦ-ЛОВ, Сергей Рудольфович.",,,
7361,Женихи: Комедия-шутка в 1-м д.,"ПРАВДИЧ (ЛАУНИЦ, Людмила Степановна фон дер).",,,
7362,Женихи: [Фельетоны].,"ДОРОШЕВИЧ, Влас Михайлович.",,,
7363,Женихи: Юмористическая повесть.,"ВОЛКОВ, Арсий.",,,
7364,Женихи: [Юмористические рассказы].,"АРДОВ, Виктор.",,,
7365,Женихи и невесты: Новый русский оригинальный иллюстрированный роман.,"СОКОЛОВСКИЙ, А. ",,,
7366,Женихи и невесты: [Рассказ].,"ДЖЕРОМ, Джером Клапка.",,,
7367,Женихи и невесты: [Рассказ].,"ЭР-МАН, Абель. ",,Одна ласточка весны не делает...,
7368,Женихи и невесты или Голая правда жизни.,"ИЛЬШЕВИЧ, Николай А.",,,
7369,Женихи и сваха: [Рассказ].,Имя авт. не установлено.,,,
7370,Женихи или Век живи и век учись: Комедия в 1-м д.,"ИВАНОВ, Федор Федорович.",,,
7371,Женихи или Побежденный рассудок: Комедия в 5-ти д.,"СЕЛЯВИН, Николай Иванович.",,,
7372,"Женихи или Седина в бороду, а бес в ребро: Оригинальная комедия в 1-м д.","ВИЛЬДЕ, К. (ВИЛЬДЕ, Николай Евстафьевич).",,,
7373,Женихи индийской принцессы: Фантастическая пьеса в 2-х д. с пением.,"НО-ВИЧ, Н. Н. (БАХТИН, Николай Николаевич).",,,
7374,Женихи по объявлению: Шутка в 1-м д.,"АДАМОВ, Евгений Михайлович.",,,
7375,"Женихи-соперники или На ком не жениться, да прокормиться: Комедия-водевиль в 1-м д.","СКАРРЕТКА, Вильгельм Павлович.",,,
7376,"Женихи-чудаки или Двоих провели, да одного вывели: Комедия-водевиль в 1-м д.","СОКОЛОВ, Н. С.",,,
7377,Женихов нет: Шутка в 1-м д.,"ВЕРШИНИН, Алексей Платонович.",,,
7378,Женишок-горбунок: Водевиль в 1-м д.,"КОНИ, Федор Алексеевич.",,,
7379,"Женкооп или По боку кулака, кооперацию за бока: Кооп-бытовая комедия в 3-х д.","ИЛЬИНСКИЙ, Федор Владимирович.",,,
7380,Женни или Три цветочные рынка в Париже: Ч. 1—2.,"КОК, Поль де. ",Актриса и писатель.,,
7381,Женни Лиль: [Рассказ].,Имя авт. не установлено.,,,
7382,Женопродавец: Современный роман. Ч. 1—2.,"ЗМЕЕВ, Георгий.",,,
7383,Женская верность: Кабардинская легенда.,"БАРАНОВ, Евгений Захарович.",,,
7384,Женская война: Роман. Ч. 1—8.,"ДЮМА, Александр (отец).",,,
7385,Женская дипломатия: Рассказ.,"ГОХГЕЙМ, Софья.",,,
7386,Женская добродетель: Сцена-монолог в 1-м д.; Смешной анекдот: Сиена-монолог.,"АРМАТОВ-РИЗ, М. П. (РИЗ, Михаил Петрович).",,,
7387,Женская доля: Роман.,ПАЗУХИН. ,,,
7388,Женская доля: Стихи и песни.,"КОЛЬЦОВ, Алексей Васильевич.",,,
7389,Женская доля или В поисках женихов: Комедия в 3-х д. из жизни молодежи в провинции.,"ЭСПЕРОВ, П. Е.",,,
7390,Женская дружба: Водевиль в 1-м д.,"ВСЕВОЛОДСКАЯ, О. В.",,,
7391,Женская дружба: Комедия в 3-х д.,"ГАБО, П. [!] (ГАВО, Поль), БЕРР, Жорж (БЕР, Жорж).",,,
7392,Женская дружба: [Рассказ].,"КУР-ТЕЛИН, Жорж.",,,
7393,Женская душа: Миниатюры. Сказки. Афоризмы.,"ЩЕПОТЬЕВ, Лев.",,,
7394,Женская дуэль.,"ЭЙЛЕНБЕРГ, Герберт. ",,Сказка любви...,
7395,Женская логйка: Мисс Гоббс. Комедия в 4-х актах.,"ДЖЕРОМ, Джером Клапка. ",Мисс Гоббс.,,
7396,Женская логика: [Рассказ].,"ДЖЕРОМ, Джером Клапка.",,,
7397,Женская логика: Сценка в 1-м д.,Имя авт. не установлено.,,,
7398,Женская логика: Фарс в 1-м д.,"ВЕРШИНИН, Алексей Платонович.",,,
7399,Женская месть: Роман.,"НИКОЛАЕВА, Е.",,,
7400,Женская месть: (Шутка в 1-м д.).,"ЧАЙЛЬД-ГАРОЛЬД (ГЛИКМАН, Евгений Абрамович).",,,
7401,Женская месть за любовь.,"М. С. (САФОНОВ, М. А.).",,,
7402,Женская натура: Комедия в 1-м д. с куплетами.,"КОНИ, Федор Алексеевич.",,,
7403,Женская ноша: Роман.,"ДЖАВАХИ-ШВИЛИ, Михаил.",,,
7404,Женская обитель; Святые горы: Воспоминания и рассказы из поездки с богомольцами.,"НЕМИРОВИЧ-ДАНЧЕНКО, Василий Иванович.",,,
7405,"Женская ошибка: Драма в 5-ти карт,.","ВАСИЛЬЕВ, П. Л.",,,
7406,Женская расправа: Фантастический рассказ.,Имя авт. не установлено.,,,
7407,Женская рубашка: Новейшая повесть.,"МЕЙСНЕР, Август Готлиб.",,,
7408,Женская увертка или Победы до беды.,"ЕЛИЗАРОВСКИЙ, Александр.",,,
7409,Женская чепуха: Шутка в 1-м д.,"ЩЕГЛОВ, Иван.",,,
7410,Женская честь: Роман.,"ПАПАСКИ-РИ, Иван Георгиевич.",,,
7411,Женские будни: Пьеса в 4-х д.,"ЗА-ПОЛЬСКАЯ, Габриэля.",,,
7412,Женские думы.,"ПАТКАНОВА, Нина",,,
7413,Женские души: Новеллы.,"РЕЙТЕР, Габриэдь.",,,
7414,Женские злобы: Роман.,"МЕЛЬНИЦКАЯ, Анна Васильевна.",,,
7415,Женские письма: [Рассказы].,"РА-ФАЛОВИЧ, Сергей Львович.",,,
7416,Женские письма: [Роман].,"ПРЕВО, Чарсель.",,,
7417,Женские профили: Новеллы.,"БА-РЕР-ГУРЕВИЧ, Фанни Яковлевна.",,,
7418,Женские рассказы.,"ЖЕЛИХОВ-СКАЯ, Надежда В.",,,
7419,Женские сердца или Право Рахили: Драма в 4-х д.,БЕН-ИЗРАИЛЬ.,,,
7420,Женские силуэты: Очерки и рассказы.,"МУЧНИК, Николай.",,,
7421,Женские силуэты: (Психологические наброски).,"ЯНИЧЕК, Мария. ",Женщина.,,
7422,Женские силуэты: [Рассказы].,"ЛУХМАНОВА, Надежда Александровна.",,,
7423,Женские силуэты: [Рассказы].,"ПРЕВО, Марсель.",,,
7424,Женские тайны: Дневник горничной. Тетр. 1.,В. Б.,,,
7425,Женские тени: (Четыре очерка из жизни).,"ЖДАНОВ, Лев.",,,
7426,Женские трущобы: (Из жизни темных уголков сердца прекрасного пола).,Имя авт. не установлено.,,,
7427,Женские чары: (Вакантные туфельки). Миниатюры.,"КУРБСКИЙ, Алексей Алексеевич.",,,
7428,Женский вопрос: Комедия в 1-м д.,"К-Ч, Б. Н., МАНСФЕЛЬД, Дмитрий Августович.",,,
7429,"Женский вопрос: Роман. (Из жизни современной женщины, рассказанный женщиною).",М...,,,
7430,Женский вопрос в повестях и рассказах.,"ДЗЮБЕНКО, Алексей Архипович.",,,
7431,Женский каприз: Рассказы.,"СЕДОВ, Игорь Павлович.",,,
7432,"Женский монастырь: Эксцентрическая комедия с оперой, балетом и интермедиями.","ДЫХОВИЧНЫИ, Владимир Абрамович, СЛОБОДСКОЙ, Морис Романович.",,,
7433,Женский пансион: Фарс в 3-х д.,"ПИНЕРО, Артур Уинг.",,,
7434,Женский парламент: Комедия в 2-х д.,"ГАРИН, А. П.",,,
7435,Женский полицейский агент: (Из дневника следователя). Рассказ.,"ШУ-БАР, Л.",,,
7436,Женский праздник: Комедия.,АРИСТОФАН. ,Женщины на празднике Тесмофорий.,,
7437,Женский рай: Роман.,"БЛАСКО ИБАНЬЕС, Висенте.",,,
7438,Женский совет: Рассказ из жизни.,"САЛЬТУП, Елена.",,,
7439,Женский ум — лучше всяких дум или Дядюшкина дипломатия: Шутка в 1-м д.; Любовь миллиардера или Принцесса веселится: Модная оперетта в 2-х д.; Гейша или Чайный домик 10 000 радостей: Водевиль в 1-м д. Сборник миниатюр.,"САХАРОВ, Константин Николаевич.",,,
7440,Женский яд: Роман-быль из московско-петербургской жизни в 2-х ч. С прологом и эпилогом.,"ГЕЙНЦЕ, Николай Эдуардович.",,,
7441,Женский якобинский клуб: Политическая комедия в 1-м д.,"КОЦЕБУ, Август Фридрих.",,,
7442,Женское движение: Роман.,"ПРЕВО, Марсель.",,,
7443,Женское дело: Комедия в 5-ти д.,"МИНЦЛОВ, Сергей Рудольфович.",,,
7444,Женское засилье: Пьеса в 1-м д.,"НЕВЕРОВ, Александр.",,,
7445,Женское обаяние.,"ЛЕНЧ, Леонид.",,,
7446,Женское сердце: Комедия в 3-х д.,"ТОЛСТОЙ, Лев Львович.",,,
7447,Женское сердце: Повести и рассказы.,"ЛУХМАНОВА, Надежда Александровна.",,,
7448,Женское сердце: Рассказ.,"ДЖЕРОМ, Джером Клапка.",,,
7449,Женское сердце: Рассказы.,"БЕРКОВИЧИ, Конрад.",,,
7450,Женское сердце: [Рассказы].,"КАР-БОВСКАЯ, Варвара Андреевна.",,,
7451,Женское сердце: Роман.,"БУРЖЕ, Поль.",,,
7452,Женское счастье: Комедия.,"ВЛАДИМИРОВА, Елизавета.",,,
7453,Женское счастье: Повести и рассказы.,"ВОРОНОВ, Николай Павлович.",,,
7454,Женское франмасонство: Роман.,"МОНСЛЭ, Шарль (МОНСЕЛЕ, Шарль Пьер)",,,
7455,Женское царство: По поводу женского вопроса и соч. гр. Л. Н. Толстого «Ма religion». Рассказ.,"ХОВАНСКИЙ, М. А.",,,
7456,Женской красоты секрет и Современные девицы.,"МИРЛЕС, Александр Акимович.",,,
7457,Женушка-золотое донышко: Рассказ из народного быта.,"БАЛАГУР, Фома.",,,
7458,Женщина; Бог; Жизнь.,"ДЗЮБЕН-КО, Алексей Архипович.",,,
7459,Женщина (ее роман): Этюд. 4 д.,"ЭЛЕРОВ, И. Ю.",,,
7460,"Женщина: Комедия, в 4-х д.",БРАК* ,,,
7461,Женщина: Комедия-эпизод в 1-м д.,"МИТЯЙ (ГОЛЬДШТЕЙН, Марк Михайлович).",,,
7462,Женщина: Очерки и рассказы из морской жизни.,"ХОЛОДНЯК, Алексей Иванович.",,,
7463,Женщина: . Повесть.,"ИВАРЛА-АКОВ, И.",,,
7464,Женщина: (Проблема жизни). Драматический символ в 1-м д. В стихах.,"ВОМОРГ, Вл. (ГРОМОВ, Владимир Усти-нович).",,,
7465,Женщина: [Рассказ].,"ИЛЬЕНКОВ, Василий Павлович.",,,
7466,Женщина: Рассказ.,КАМЕНСКИЙ. ,,,
7467,Женщина: Рассказы. О.,ГЕНРИ.,,,
7468,Женщина: [Роман].,"МАРКС, Мадлен.",,,
7469,Женщина: [Роман].,"НИКИФОРОВ, Георгий Константинович.",,,
7470,Женщина: Роман.,"САВИЦКИЙ, Алесь.",,,
7471,Женщина: [Роман]; Потомок Каина.,АРИСИМА ТАКЭО.,,,
7472,Женщина: Стихи.,"БАРКОВА, Анна Александровна.",,,
7473,Женщина: Стихотворение.,"РАТОМ-СКИЙ, Николай Алексеевич.",,,
7474,Женщина: Трагедия в 4-х д.,"ВЕДЕКИНД, Франк. ",Вампир; Дух земли.,,
7475,Женщина: Эскизы.,"ЯНИЧЕК, Мария.",,,
7476,Женщина-адвокат: Комедия в 1-м д.,"БЕРНАР, Тристан.",,,
7477,Женщина-адвокат: Комедия в 3-х д.,"ШЕНАУ, М. (ШЕНАУ, Вальтер), ЛИПШИЦ, Артур.",,,
7478,Женщина-апостол: Роман.,"ДОДЭ, Альфонс (ДОДЕ, Альфонс).",,,
7479,"Женщина-атаман Мессалина, дочь атамана разбойников: Страшная красавица. Новый сенсационный роман.","ПЕАТЕ, Пат.",,,
7480—7481,Женщина без возраста: Пьеса в 2-х д.,"ФИНН, Константин.",,,
7482,"Женщина без улыбки: Комедия-буфф, в 3-х д.","ПИНЕРО, Артур Уинг.",,,
7483,Женщина без упрека: Комедия в 3- х д.,"ЗАПОЛЬСКАЯ, Габриэля.",,,
7484,Женщина в белом: Роман.,"КОЛЛИНЗ, Уилки.",,,
7485,Женщина в XX веке: Комедия в 4- х д. в стихах.,"ЩЕРБИНСКИЙ, Камилл Осипович.",,,
7486,Женщина в зеркале: Научно-фантастический роман.,"АБАШЕЛИ, Александр Виссарионович.",,,
7487,Женщина в море.,"НОВИКОВ-ПРИ-БОЙ, Алексей Силыч.",,,
7488,Женщина в окне: Драматический этюд; Последний час: (Глупец и смерть). Пьеса в 1-м д.,"ГОФМАНСТАЛЬ, Гуго фон.",,,
7489,Женщина в опасном возрасте: (Отрывки из дневника и письма).,"МИХАЭ-ЛИС, Карин (МИКАЭЛИС, Карин). ",Опасный возраст.,,
7490,Женщина в песках; Чужое лицо.,"АБЭ, Кобо.",,,
7491,Женщина в пути: (1943 г.).,"МАРГЕРИТ, Виктор.",,,
7492,Женщина в ресторане.,"АВЕРЧЕНКО, Аркадий Тимофеевич.",,,
7493,Женщина в сорок лет: Пьеса в 3-х д.,СИЛЬ-ВАР.,,,
7494,Женщина в сорок лет или Женщины в истерике: Комедия в 1-м д.,В...,,,
7495,Женщина в тридцать лет: Отрывок из Бальзака.,"БАЛЬЗАК, Оноре де. ",Женщина тридцати лет; Тридцатилетняя женщина.,,
7496,Женщина-врач.,"ЛАНДАУ, Георгий Александрович.",,,
7497,Женщина XXI века: (Очерк будущего).,"СВЕДЕНЦОВ, Иван Иванович.",,,
7498,Женщина XIX столетия: Роман.,"ЗАКАМСКИЙ (НЕЕЛОВ, Николай Дмитриевич).",,,
7499,Женщина-Демон: Роман из петер- бургской жизни и другие рассказы.,"ГЕЙНЦЕ, Николай Эдуардович.            ",,,
7500,Женщина-друг: (Ноэль Тремон). Роман.,"ТЕРЬЕ, Андре.",,,
7501,Женщина-дьявол: Исторический роман.,"ПОНСОН ДЮ ТЕРРАИЛЬ, Пьер Алексис де.",,,
7501а,Женщина за зеленой дверью: Пьеса в 3-х д.,"ИБРАГИМБЕКОВ, Рустам Мамед Ибрагим оглы.",,,
7502,Женщина-змея: Повесть.,"АШАР, Амедей.",,,
7503,Женщина-змея: Трагикомическая сказка для театра в 3-х д.,"ГОЦЦИ, Карло.",,,
7504,Женщина и вино или Под чужим флагом: Фарс в 3-х д.,"ШТУРМ, Георг.",,,
7505,Женщина и зеркало: Комедия в 3-х д.,Имя авт. не установлено.,,,
7506,Женщина и мать: Пьеса в 3-х д.,"НЕПОТИ, Люсьен.",,,
7507,Женщина и новые темы: (Философская поэзия).,"РАТОМСКИЙ, Николай Алексеевич.",,,
7508,Женщина и паяц: Пьеса в 4-х д.,"ЛУИС, Пьер.",,,
7509,Женщина и паяц: Роман.,"ЛУИС, Пьер. ",Женщина-сфинкс; Загадочная женщина.,,
7510,Женщина и смерть: Партизанские были.,"БРАЙКО, Петр Евсеевич.",,,
7511,Женщина и смех: Юмористические рассказы.,"СНО, Евгений Эдуардович.",,,
7512,Женщина идет.,"КЛЕБЕР, Курт, ЛОРБЕЕР, Ганс.",,,
7513,Женщина из Бай Шао: Роман.,БУЙ Д,,,
7514,Женщина из бедного мира: (Рассказ Лилли Нийтмаа). Роман.,"КЯРНЕР, Яан Карлович.",,,
7515,Женщина из Бессмер-Сити: (Рассказ-быль).,"БРИТАН, Ольга.",,,
7516,Женщина из «Добрых вод».,"ЗАХАРОВ, Николай Иванович.",,,
7517,Женщина из Пенджаба: (Кесро). Пьеса в 4-х д.,"ГАРГИ, Бальвант.",,,
7518,Женщина из села Вилядь: Повести и рассказы.,"ЮШКОВ, Геннадий Анатольевич.",,,
7519,"Женщина-изверг: Быль, рассказанная другу. В 3-х д.",Имя авт. не установлено.,,,
7520,Женщина или?: Драмолетт в 1-м д.,"БОСТУНИЧ, Григорий.",,,
7521,Женщина или тигр?: Загадка для сцены в 1-м д.,АЛЕКСАНДР Г. ,,,
7522,Женщина или тигр?: Новелла.,"СТОКТОН, Франк Ричард.",,,
7523,Женщина или Шесть родов любви: Ч. 1. Любовь сыновняя. Ч. 2. Любовь братская. Ч. 3. Любовь. Ч. 4. Дружба. Ч. 5. Любовь супружеская. Ч. 6. Любовь материнская.,"ВОЯРТ, Елиза (ВОЯР, Элиза).",,,
7524,"Женщина, имя тебе — любовь!: Роман.","МИХАЭЛИС, Карин (МИКАЭЛИС, Карин).",,,
7525,"Женщина, каких много...: Роман.","МИХАЭЛИС, Карин (МИКАЭЛИС, Карин).",,,
7526,"Женщина, которая изобрела любовь.","ВЕРОНА, Гвидо да.",,,
7527,"Женщина, которая осмелилась: Роман.","АЛЛЕН, Чарльз Грант.",,,
7528,"Женщина, которую я бросил.","ЭНДО, Сюсаку.",,,
7529,"Женщина Лена, выйди из плена!: Пьеса.","НЕМИРОВ, А.",,,
7530,Женщина-лисица.,"ГАРНЕТ, Давид.",,,
7531,Женщина-мстительница: Уголовный роман.,"КОРОНИ, В.",,,
7532,Женщина-молодец: Роман.,"КОК, Поль де.",,,
7533,Женщина на берегу: Драма в 3-х д.,"ВИННИКОВ, Виктор Владимирович, КРАХТ, Владимир Константинович.",,,
7534,Женщина на камне: Стихи.,"ТАТАРИНОВА, Нина Ивановна.",,,
7535,Женщина на кресте: Роман.,МАР. ,,,
7536,Женщина на переломе: (Психологические этюды).,"ДОМОНТОВИЧ, А. (КОЛЛОНТАИ, Александра Михайловна).",,,
7537,Женщина на перепутье.,"ЛАРСКИИ, Л. С.",,,
7538,Женщина на пути: Роман.,"МУРАВЬЕВ, Николай.",,,
7539,Женщина новой земли: Пьеса в 4-х д.,"РОМАНОВ, Пантелеймон Сергеевич.",,,
7540,"Женщина, о которой говорить не стоит: Пьеса в 4-х д.","УАЙЛЬД, Оскар.",,,
7541,Женщина осталась одна...: Роман.,"КАНАХИН, Утебай.",,,
7542,Женщина-папа: (Папесса Иоанна). Историко-сатирический роман.,"РОИДЕС, Эммануил.",,,
7543,Женщина победила!: Веселые рассказы о победах женщин.,"СЕГОН, Дмитрий.",,,
7544,Женщина-победительница или Между двух огней: Психологические этюды современных нравов.,"СЕРОЦИНСКИЙ, Карл Иванович.",,,
7545,Женщина под одеялом: Рассказ.,"ШИМАНСКИЙ, Станислав Антонович.",,,
7546,Женщина под яблоней: Первая книга стихов.,"ЕВСЕЕВА, Светлана Георгиевна.",,,
7547,Женщина-работница: (Клубная постановка).,"ЯКЕРИН, Виктор.",,,
7548,Женщина растет: Фарс в 1-м д.,"ТУР, Аделаида Ивановна.",,,
7549,Женщина с винтовкой: [Очерк].,"ВАСИЛЕВСКАЯ, Ванда Львовна.",,,
7550,Женщина с винтовкой: [Рассказы].,"КЛУСАЙС, Эрнест (ЭФФЕРТ, Эрнест Эрнестович) (КЛУССАЙС, Эрнест).",,,
7551,Женщина с головой мертвеца: Таинственное предание.,Имя авт. не установлено.,,,
7552,Женщина с голубыми глазами: Рассказы.,"ГОРЬКИЙ, Максим.",,,
7553,Женщина с изюминкой: Водевиль в 1-м д.,"ЛИСЕНКО-КОНЫЧ, Иван Коно-нович.",,,
7554,Женщина с историей: Роман.,"БЕЛЯНКИН, Евгений Осипович.",,,
7555,Женщина с кинжалом: Новая пьеса. В 2-х д.,"ШНИЦЛЕР, Артур.",,,
7556,Женщина с красным цветком: Драматическая пьеса в 2-х д.,"ГЕЛИЕР-Э-ВАНГ (КОЖУХОВСКИЙ, Николай Иванович).",,,
7557,"Женщина с моря: (Наяда). Рассказ, сотканный из лунного света.","УЭЛЬС, Герберт (УЭЛЛС, Герберт .Джордж). ",Морская дева.,,
7558,Женщина с моря: (Эллида). Драма в 5-ти д.,"ИБСЕН, Генрик. ",Дочь моря; Эллида.,,
7559,Женщина с прошлым: Пьеса в 3-х д.,"КРАМСКАЯ, Н. В.",,,
7560,Женщина с прошлым: Роман.,БО-ГОВИТЫН.,,,
7561,Женщина с револьвером: Четыре рассказа о Шерлоке Гольмсе.,"ДОЙЛЬ, Артур Конан.",,,
7562,"Женщина с саблей: Злободневный очерк, составленный по передовым статьям и хронике ежедневных газет.","ШОУ, Бернард.",,,
7563,Женщины с улицы: Миниатюра.,"ОБЛОМОВ, Влад. ",,,
7564,Женщина с фабрики: Повесть.,"ЕВСТАФЬЕВ, Павел Петрович.",,,
7565,Женщина — слабое создание: Рассказы.,НГУЕН КОНГ ХОАН.,,,
7566,Женщина-сфинкс: Испанский роман.,"ЛУИС, Пьер.",,,
7567,Женщина-сыщик: Как знаменитая мисс Гарриет Больтон Райт сделалась сыщиком и первый ее розыск.,Имя авт. не установлено.,,,
7568,Женщина тридцати лет: Роман.,"БАЛЬЗАК, Оноре де.",,,
7569,Женщина труда: Роман из жизни современных приказчиц.,"ШТЕРЕНБЕРГ, Александр.",,,
7570,Женщина у полюса: Роман.,"МОНТЭГЮ, Морис (МОНТЕГЮ, Морис).",,,
7571,Женщина у трона: (Тайна австрийского двора). Трагедия-быль в 3-х д.,"ВАЙД, Эрнст.",,,
7572,Женщина-холостяк: Роман. (Из нравов современной французской буржуазии).,"МАРГЕРИТ, Виктор. ",Моника Лербье.,,
7573,Женщинам Востока.,"ЭСЕНОВА, Тоушан.",,,
7574,Женщине посвящается: Лирические портреты.,"ОКУНЕВ, Юрий.",,,
7575,Женщины: Альбом третий стишков.,"СЕНТИМЕНТАЛЬНЫЙ ЮМОРИСТ (НЕ-МИРОВ, Григорий Александрович).",,,
7576,Женщины: 2 рассказа из жизни. Я.,"Г. С. (СЕВЕРСКИЙ, Яков Григорьевич).",,,
7577,Женщины:     (Женские письма).,"ПРЕВО, Марсель. ",Женские письма.,,
7578,Женщины: К физиологии любви нашего века.,"ГАНСОН, Ола (ХАНСОН, Ула). ","Женщины, каких много: Новеллы.",,
7579,Женщины: Письма к неизвестному. Роман.,"СУКЕННИКОВ, Михаил Александрович.",,,
7580,Женщины: [Повести и рассказы].,"ВАКУЛОВСКАЯ, Лидия Александровна.",,,
7581,Женщины: Повести и рассказы.,"ВЕЛЕМБОВСКАЯ, Ирина Александровна.",,,
7582,Женщины: Рассказы.,"ГРУЗИНСКИЙ, А.",,,
7583,Женщины:   [Рассказы]. (Загл. обл.).,"ЛАЗАРЕВСКИЙ, Борис Александрович. ",Перерождение сердца.,,
7584,Женщины: Рассказы.,"ПРЕВО, Марсель.",,,
7585,Женщины: Рассказы. Т. 1—2.,"РО-МИАС, Сергей (КАРПОВА-МОНГИРД, Вера Александровна).",,,
7586,Женщины: [Роман].,"РИГЕР-НАЛ-КОВСКАЯ, София (НАЛКОВСКАЯ, Зофья).",,,
7587,Женщины: Роман.,"СЫДЫКБЕКОВ, Тугельбай.",,,
7588,Женщины: Роман.,"ЧЕРЕВКОВА, Анна Александровна.",,,
7589,"Женщины в шароварах, а мужчины без оных: Дневник. На правах рукописи для собственного чтения.","ЯСНОГУРСКИЙ, Ф. Н.",,,
7590,"Женщины, восставшие и побежденные: Фантастическая повесть.","ОССЕНДОВ-СКИЙ, Антон Мартынович.",,,
7591,Женщины вырождения: Юмористический сборник-альбом.,"ГУЛЛИВЕР (МИХАЙЛОВ, Константин Арсеньевич).",,,
7592,Женщины-гвардейцы: Шутка-водевиль в 1-м акте.,"ГРАНЖЕ, Эжен, КОР-МОН, Эжен",,,
7593,Женщины-герои: сестра Татьяна и Катя-доброволец.,"МЕЧ, Р. (МЕНДЕЛЕ-ВИЧ, Родион Абрамович).",,,
7594,Женщины-героини в 1812 году: Очерки и рассказы из эпохи Великой Отечественной войны.,"ЗАРИН, Андрей Ефимович.     ",,,
7595,"Женщины, говорящие «да».","ВЕСЕЛЫЙ, А.",,,
7596,Женщины города Иваново.,"ФИНН, Константин.",,,
7597,Женщины-дельцы: Оригинальная комедия в 1-м д.,"КРАШЕНИННИКОВ, М. И.",,,
7598,Женщины и дети.,"ПОКРОВСКАЯ, Мария Ивановна.",,,
7599,Женщины и мужчины: Драма в 4-х д.,"СУВОРИН, Алексей Сергеевич. ",Татьяна Репина.,,
7600,"Женщины, игра и вино: Роман.","КОК, Поль де.                       ",,,
7601,Женщины из Нискавуори: Пьеса в 3-х д.,"ВУОЛИЙОКИ, Хелла.",,,
7602,Женщины из петербургского большого света: Оригинальный роман в 3-х ч. К.,"В. М. (МЕЩЕРСКИЙ, Владимир Петрович).",,,
7603,"Женщины, каких много: Новеллы. К физиологии современной любви.","ГАНСОН, Ола (ХАНСОН, Ула).",,,
7604,"Женщины, которых я знал.","МААР-ТЕНС, Маартен (МАРТЕНС, Мартен).",,,
7605,Женщины на празднике Тесмофо-рий.,АРИСТОФАН.,,,
7606,Женщины находят путь: Роман.,"МАТТИС, Хенри Петер (ПАУЛИНЕ, Хедвиг).",,,
7607,Женщины Парижа.,"БУРЖЕ, Поль.",,,
7608,Женщины прежних времен: Ч. 1—2.,"ЛАФОНТЕН, Август Генрих Юлий.",,,
7609,Женщины-рабыни. (Загл. обл.).,ГО-МЕРИУС. ,Гарем XX века.,,
7610,Женщины-рабыни. (Загл. обл.).,"ГО-МЕРИУС, На ",,,
7611,Женщины-рабыни. (Загл. обл).,ГО-МЕРИУС. ,Свободная любовь.,,
7612,Женщины русских селений: Документальная повесть.,"ЩЕГЛОВ, Александр Иванович.",,,
7613,Женщины с прошлым: Сатирическая пьеса в 4-х д.,"ДИМОВ, Димитр.",,,
7614,Женщины у колодца: Роман.,"ГАМ-СУН, Кнут.",,,
7615,"Женщины-шалуньи: Интриги, хитрости и тайны женщин в девушках, в школах, на балах, в театрах... Полная и правдивая исповедь одной русской женщины.","НЕКЛЮДОВА, Анна Васильевна.",,,
7616,Жены: Пьеса в 4-х д.,"АИЗМАН, Давид Яковлевич.",,,
7617,Жены артистов: Очерки нравов.,"ДОДЭ, Альфонс (ДОДЕ, Альфонс).",,,
7618,Жэны вытрезвили: (Рассказ).,Р.,,,
7619,Жены наши пропали или Майор bon vivant: Комедия-водевиль в 1-м д.,"ГРИГОРЬЕВ, Петр Иванович.",,,
7620,Жены-преступницы: (Из уголовных хроник).,Н. В.,,,
7621,Женька; Дачник.,"ОФИН, Эмиль Михайлович.",,,
7622,Женька Квочкин встает на ноги: Повести.,"МОСИЯШ, Сергей Павлович. ",,,
7623,Женька-Наоборот: Повесть.,"ЛОИ-КО, Наталья Всеволодовна.",,,
7624,Женька-пионер.,"ПОЛОЦКИЙ, Семен Анатольевич.",,,
7625,Женька-совенок: Пьеса в 2-х д.,"ТОКМАКОВА, Ирина Петровна.",,,
7626,Женьке петь хотелось.,"ШЕВЧЕНКО, Михаил Петрович.",,,
7627,Женькин характер: Повесть.,"ЖУРАВЛЕВ, Петр Николаевич.",,,
7628,Женькина жена: [Рассказы].,"СЕРГИЕНКО, Евгения Павловна.",,,
7629,Жень-шень — корень жизни: Повесть.,"ПРИШВИН, Михаил Михайлович.",,,
7630,Женя: [Повесть].,"ДЮБИН, Василий Власович.",,,
7631,Женя: Рассказ.,СУРОЖСКИИ,,,
7632,Женя: Рассказ.,"ЧАРСКАЯ, Лидия.",,,
7633,Женя: [Рассказы].,"ГРИБАЧЕВ, Николай Матвеевич.",,,
7634,Женя: Этюд с натуры в 1-м д.,"ГНЕДИЧ, Петр Петрович.",,,
7635,Женя Большова: Рассказы и повести.,"АБРАМОВ, Иван Васильевич.",,,
7636,"Женя, Женечка и «катюша» или Необыкновенные и достопоучительные фронтовые похождения гвардии рядового Евгения Колышкина, вчерашнего школяра: Киноповесть.","МОТЫЛЬ, Владимир Яковлевич, ОКУДЖАВА, Булат Шалвович.",,,
7637,Женя Жук — гвардии солдат.,"МАМАЕВ, Виктор Иванович.",,,
7638,Женя Журавина: Повесть.,"ТЕ-РЕШЕНКОВ, Ефим Яковлевич.",,,
7639,Женя и Валентина: Роман.,"СЕМИН, Виталий Николаевич.",,,
7640,Женя-калека: [Повесть для детей].,Имя авт. не установлено.,,,
7641,Женя Маслова: Роман.,"ДОБРОВОЛЬСКИЙ, Владимир Анатольевич.",,,
7642,Женя — чудо XX века: Юмористическая повесть.,"ЕСЕНИНА, Татьяна Сергеевна.",,,
7643,Жерардо: Сцены в 1-м д.,"ВЕДЕКИНД, Франк.",,,
7644,Жеребенок.,"ШОЛОХОВ, Михаил Александрович.",,,
7645,Жеребенок в траве.,"ЗЕЛЕНСКИЙ, Виталий Иванович.",,,
7646,Жеребенок Васька: Рассказ.,"ЛЯЛИНА, Мария Андреевна.",,,
7647,Жеребенок с колокольчиком: Повести.,"ЯКИМЕНКО, Лев Григорьевич.",,,
7648,Жеребков: Рассказ.,"КРИНИЦКИЙ, Марк.",,,
7649,Жерминаль: Роман.,"ЗОЛЯ, Эмиль. ",Углекопы.,,
7650,Жермини Ласерте; Актриса; Отрывки из «Дневника».,"ГОНКУР, Жюль де, ГОНКУР, Эдмон де.",,,
7651,Жернанс или Сила страстей: Фран- цузский анекдот.,"РОЗНИ (РОНИ, Антуан, Жозеф).                             ",,,
7652,Жернова: Пьеса в 4-х актах.,"БРО-НИКОВСКИИ, Георгий.",,,
7653,Жернова: [Стихи].,"ПЕТРОВ, Анатолий Васильевич.",,,
7654,NOPARSE,,,,
7655,Жером Патюро в поисках за общественным положением.,"РЕИБО, Луи.",,,
7656,Жертва: Литературный эскиз.,"МОН-БОРН, Б.",,,
7657,Жертва: Повести.,"НОВИКОВ, Иван Алексеевич.",,,
7658,Жертва: Повесть в 2-х ч.,"ДНЕПРОВСКИЙ, Е. А.",,,
7659,Жертва: Роман.,"ДАУДИСТЕЛЬ, Альберт.",,,
7660,Жертва: Роман.,"ШПИЛЬГАГЕН, Фридрих.",,,
7661,Жертва Авраама: Роман из трансваальской войны.,"ИАНСОН, Густав.",,,
7662,Жертва Аполлона.,"КАТКОВ, Николай Иванович.",,,
7663,Жертва бескровная: Пьеса в 4-х д.,"ФАЛЕЕВ, Николай Иванович.",,,
7664,Жертва благоговения.,"СМИРНОВ, Степан Федорович.",,,
7665,Жертва богам: (Ингварь и Малу-ша). Историческая повесть из времен язычества на Руси.,"ВОЛКОНСКИЙ, Михаил Николаевич.",,,
7666,Жертва вечерняя: Роман в 2-х кн.,"БОБОРЫКИН, Петр Дмитриевич.",,,
7667—7668,Жертва вогула: Рассказ из жизни вогулов; Чары шаманов: Из путевых впечатлений в стране вогулов; Вогулы: Очерк.,"ИНФАНТЬЕВ, Порфирий Павлович.",,,
7669,Жертва времени: Рассказ.,"ЛАППО-ДАНИЛЕВСКАЯ, Надежда Александровна.",,,
7670,Жертва времени: (Старое и новое). Оригинальный роман в 2-х ч.,"КИРЬЯ-КОВА, Мария Александровна.",,,
7671,Жертва детектива: Повесть.,"ЗАХАРОВ, Стефан Антонович.",,,
7672,Жертва долга; Пропажа; В «Ро- зовом зайце»; Стыдливость; Неожиданный ответ.,"МЕТЕНЬЕ, Оскар.",,,
7673,Жертва дружбы: Повесть.,"ГОФМАН, Франц.",,,
7674,Жертва живых мертвецов: Рассказ.,И. А. Б.,,,
7675,Жертва за жертву: Новый роман. В 2-х ч.,"НАЗАРЬЕВА, Капитолина Валериановна.",,,
7676,Жертва за свободу: Драма в 3-х актах.,"ПЛАТОНОВА, А.",,,
7677,Жертва злодеев: Роман.,Имя авт. не установлено.,,,
7678,Жертва злому духу.,"МАКСИМОВ, Александр Яковлевич. ",,Далекий Восток...,
7679,Жертва и совесть: Драматическая повесть в 2-х ч.,"КОРЖЕНЕВСКИЙ, Иосиф (КОЖЕНЕВСКИЙ, Юзеф).",,,
7680,Жертва или Генриэтта Марешаль: Драма в 3-х д.,"ГОНКУР, Жюль де, ГОНКУР, Эдмон де. ",Генриэтта Марешаль или Жертва. Изд. также под загл.: Первая любовь.,,
7681,"Жертва или Месть злодея: (Истинное происшествие), в 3-х ч.","С-ЛОВ (СОКОЛОВ, С. И.).",,,
7682,Жертва интриги: Драма в 5-ти д.,"КИРЬЯКОВА, Мария Александровна.",,,
7683,"Жертва искреннейшего усердия на всерадостное в Престольный град Москву высочайшее их императорских величеств вшествие для высокоторжественного возложения короны и священнейшего миропомазания, 1801 г. сент. 8 дня.","ПОХВИС-НЕВ, Иван.",,,
7684,Жертва искупления: Повесть в стихах.,"ЛЬВОВ, Тихон Николаевич.",,,
7685,Жертва ликующая: Драма в 4-х д.,"НИКОЛАЕВ-ШЕВЫРЕВ, Александр Дмитриевич.",,,
7686,Жертва ложной дружбы: Отрывок.,"СВЕЧИНСКИИ, Иван.",,,
7687,Жертва любви: Драма в 2-х д.,Н. П.,,,
7688,Жертва любви: Драма в 4-х д.,"БАЕВ, Павел.",,,
7689,«Жертва любви» и другие рассказы.,"АЛЕКСАНДРОВИЧ, Ал. (ГОНЧАРЕНКО, Александр Александрович).",,,
7690,Жертва любви и тщеславия: Роман из жизни древнего Египта.,"ЛУИС, Пьер.",,,
7691,Жертва любви от спеси богатой знати: Роман. Современное происшествие в Италии.,"АБУ, Эдмонд.",,,
7692,Жертва матери: (Пять жертв одной страсти). Рассказ из уголовного процесса.,"Л—Ц, Р. Ф.",,,
7693,Жертва матери: Рассказ из уголовного процесса.,"МИЛЛЕР, Н. К.",,,
7694,Жертва моды.,"ГЕРСАМИЯ, Ясон Александрович.",,,
7695,Жертва моечника.,"ХОНЕЛИ, Л. (БАХТАДЗЕ, Илья Лукич).",,,
7696,Жертва молодости: Драма в 5-ти д.,"ЛАЩИНСКАЯ, Александра.",,,
7697,Жертва морали: Повесть в 2-х ч В стихах.,"ТАРНОВСКИЙ, Авксентий.",,,
7698,Жертва несправедливости: Рассказы.,"ТРОФИМОВ, Семен Анисимович.",,,
7699,Жертва несчастной любви: Рассказ.,"КУКЕЛЬ (ЛУНИН, В. А.)",,,
7700,Жертва нижегородских дельцов: (Ярмарочный роман).,"РАКШАНИН, Николай Осипович.",,,
7701,Жертва огня: Роман.,"ФАЛЬКБЕР-ГЕТ, Юхан.",,,
7702,Жертва оккультизма.,"АЛЛЭ, Альфонс. ",,Блестящая идея...,
7703,Жертва оплошности: Рассказ.,"РАБОЧИЙ АЛЕКСАНДР БЕЗВЕСТНЫЙ (ЭТТИНГЕН, Александр 3.).",,,
7704,Жертва отчизне: Драматический эпизод из современной народной жизни в 1-м д. в стихах и прозе. РОНЧЕВСКИЙ.,"ВЛАДИМИРОВ, М. С.",,,
7705,Жертва подоходного налога.,"ФИШЕР, Макс, ФИШЕР, Алекс.",,,
7706,Жертва покаянная: Роман в 2-х ч.,"НЕМИРОВИЧ-ДАНЧЕНКО, Василий Иванович.",,,
7707,Жертва предрассудков: Из итальянских хроник.,"СТЕНДАЛЬ, Г. (СТЕНДАЛЬ).",,,
7708,Жертва преступной любви или Любовь и позор: (Современная повесть).,"АЛЕКСАНДРОВСКИЙ, Ал. П.",,,
7709,Жертва пьянства: Рассказ.,"ТРОИЦКИЙ, Порфирий Алексеевич.",,,
7710,Жертва ревности: (Леший). Драма в 3-х д.,"ЛЕОНИДОВ, Виктор (КВЕ-ЦИНСКИИ, Виктор Францевич).",,,
7711,«Жертва рекламы» и другие рассказы.,"ЗОЛЯ, Эмиль",,,
7712,Жертва самообмана: Роман в 3-х ч.,"ПАРЕНАГО, М. Н.",,,
7713,Жертва самоотверженности: Из жизни учителя искренно любящего свой народ. Пьеса в 2-х д.,"ФАБРИ, П. П.",,,
7714,Жертва сердца.,БОРИСПОЛЕЦ. ,,,
7715,Жертва случая: Ч. 1—2.,"НИКИТИН, Александр.",,,
7716,Жертва смерти: Драма в 3-х д.,"КОЦЕБУ, Август Фридрих.",,,
7717,Жертва страсти или Встреча знакомых спустя 10 лет: Рассказ.,А...,,,
7718,Жертва страсти или Пагубные следствия предрассудка: Ч. 1—4.,"АРНОД (АРНО, Франсуа Тома Мари де Бакюлар).",,,
7719,"Жертва суеверия: Нижегородская легенда о Коромысловой башне. В 3-х д., в стихах.","ЯКОВЛЕВ, Леонард Фомич.",,,
7720,Жертва суеверия: Рассказ из малороссийской жизни.,"СТРЕЛЬЦОВ (СТРЕЛЬЧЕНКО, Лукьян Григорьевич).",,,
7721,Жертва супружеского тщеславия или Бедствие от чрезмерной любви: Ч. 1—2.,"КОЦЕБУ, Август Фридрих.",,,
7722,Жертва убеждения: Драма в 4-х д.,"ФЕЙЕ, Октав.",,,
7723,"Жертва увлечений; Человек, который не верил в счастье; Раб привычки; Рассеянный профессор; Жизнь для других.","ДЖЕРОМ, Джером Клапка.",,,
7724,Жертва увлечения: Комедия в 3-х д.,"КОСТЕТТИ, Джузеппе.",,,
7725,Жертва утренняя; Sibirica; Под небом Якутского края: Стихотворения.,"ДРА-ВЕРТ, Петр Людвигович.",,,
7726,Жертва фанатизма: (Роман из современной индусской жизни).,"ШОВЕЛО, Роберт.",,,
7727,Жертва чистки: В 1-м акте.,"ПОВЗНЕР, А. М.",,,
7728,Жертва эгоизма: Драма в 3.-х д.,"ЛИСЕНКО-КОНЫЧ, Иван Кононович.",,,
7729,Жертвам войны: Вып. I.,"КУДАК-ТИН, А. И.",,,
7730,"Жертвам войны: Новые песни рабочих и лирические стихотворения. Сказка, похожая на правду.","КРАЕВСКИИ, Лев.",,,
7731,Жертвенная корова: Роман.,ПРЕМ-ЧАНД.,,,
7732,Жертвопесни: (Гитанджали).,"ТАГОР, Рабиндранат.",,,
7733,Жертвоприношение; Отшельник: [Пьесы].,"ТАГОР, Рабиндранат.",,,
7734,Жертвоприношение: Пьеса из современной жизни в 3-х д.,"ДЕЦЕНКО-ЧУ-ЖОИ, Константин Васильевич.",,,
7735,Жертвоприношение Авраама: Роман.,"ЛЕФЕВР, Раймон.",,,
7736,Жертвою пали...: Рассказ.,"НЕВОЛЬНИК, В. (РЕМЕЗОВ, Илларион Семенович) .",,,
7737,Жертвы: Рассказ из монастырской жизни.,ЯКОВЛЕВ-РОГОЖИН.,,,
7738,Жертвы: Три рассказа.,"СТАНЮКОВИЧ, Константин Михайлович.",,,
7739,Жертвы агентов: Пьеса в 6-ти д.,"БОЙКОВ, Георгий Константинович.",,,
7740,Жертвы адвоката: Роман.,"ОРЖЕШ-КО, Элиза (ОЖЕШКО, Элиза).",,,
7741,Жертвы адвоката: Роман в 2-х ч.,"ПОНОМАРЕВ, Иван Николаевич.",,,
7742,Жертвы войны: Драма в 5-ти актах.,"ЯКОБСОН, Николай.",,,
7743,Жертвы войны: Трилогия. Из русско-японской войны 1904—1905 гг.,"ВОЛЫНСКИЙ, Николай Павлович.",,,
7744,Жертвы вулкана: Исторический роман из последних дней жизни Помпеи.,"МОРДОВЦЕВ, Даниил Лукич.",,,
7745,Жертвы гордости: Трагедия в 1-м. д.,"АЛЬТЕНБЕРГСКИЙ, Иоганн Альтон.",,,
7746,Жертвы дракона: Повесть из жизни первобытных людей.,"ТАН-БОГОРАЗ, В. (БОГОРАЗ, Владимир Германович).",,,
7747,Жертвы житейского моря: Драма в 5-ти д.,"ГЕЙНЦЕ, Николай Эдуардович.",,,
7748,Жертвы и маски: Новеллы.,"ФЕ-ДЕРН, Карл.",,,
7749,Жертвы идеи: Драма в 5-ти актах.,"ЛУЦКИЙ-МИХАЙЛОВСКИЙ, Михаил Семенович (ЛУЦКИИ, Михаил Семенович).",,,
7750,Жертвы любви: Роман.,"КОППЕ, Франсуа.",,,
7751,Жертвы неведения.,"ПЕРАД-ЗЕ, И. И.",,,
7752,Жертвы палача: Драма в 4-х д.,"МАСЛЕННИКОВ, Константин Иванович.",,,
7753,Жертвы пауков: Из жизни падшей. Вып. 1—3.,"ПОГУЛЯЕВ, И. В. [!] (ПОГУЛЯЕВ, И. Г.).",,,
7754,Жертвы сердца: Картины современной жизни.,"МЯСОЕДОВ, Александр Дмитриевич.",,,
7755,Жертвы сердца: Роман.,"Д'ЭННЕРИ, Адольф (ДЕННЕРИ, Адольф Филипп).",,,
7756,Жертвы «современного ваала»: Комедия в 5-ти д.,"АРАКСОВ, Д. (ДМИТРИЕВ, Дмитрий Андреевич), АРАКСО-ВА, Е. (ДМИТРИЕВА, Е.).",,,
7757,Жертвы стихий: Роман в 3-х ч.,ГРОМОВ,,,
7758,Жертвы страстей: Драматический этюд в 2-х д. Посвящается всем влюбленным.,"ЛЕВШИНСКИЙ, В. М.",,,
7759,Жертвы страстей: Оригинальная драма в 4-х д.,"НЕСТЕРОВ, Сергей Маркович.",,,
7760,Жертвы страсти: (Тангейзер нашего времени). Роман.,"ДИНГЕЛЬШТЕДТ, Николай Федорович.",,,
7761,Жертвы тотализатора: Водевиль в 1-м д.,"ЧИНАРОВ-МСЕРИАНЦ, Рубенс Зармайрович (ЧИНАРОВ, Рубенс).",,,
7762,Жертвы тотализатора: Повесть в 3-х ч.,"МОСКАЛЬ, Михаил.",,,
7763,Жертвы тьмы: Драма в 5-ти д.,"АРГАМАКОВА, Серафима.",,,
7764,Жертвы фанатика или Тайна монастыря св. Иосифа: Исторический роман.,Имя авт. не установлено.,,,
7765,"Жертвы шантажа: (Сцены из жизни, в 5-ти д.).","НИКОЛАЕВ, Н. Н. (КУЛИКОВ, Николай Николаевич).",,,
7766,Жертвы эгоизма падшей женщины: Драма в 5-ти д.,"ГАЛЕВИ, Людовик, МЕЛЬЯК, Анри.",,,
7767,Жест: Новые стихи.,"ВИНОКУРОВ, Евгений Михайлович.",,,
7768,Жесткая проба: Повесть.,"ДУБОВ, Николай Иванович.",,,
7769,Жесткий вагон: Стихи.,"САМЧЕН-КО, Егор Дмитриевич.",,,
7770,Жесткий контур: Рассказы.,"ИЛЬИН, Виктор Андреевич.",,,
7770а,Жестокая воля: Повесть.,"НЕВЕ-ЖИН, Петр Михайлович.",,,
7771,Жестокая красота.,"ФИГЕРА АИ-МЕРИЧ, Анхела.",,,
7772,Жестокая кредиторша или Должник в женской кофте.,Н. Г.,,,
7773,Жестокая Прельстира.,"ОЛИСО-ВЕНЗИС, Эразмус.",,,
7774,Жестокая расплата: Новые рассказы.,"ДОЙЛЬ, Артур Конан.",,,
7775,Жестокая ступень: Роман.,"БРАЖ-НИН, Илья.",,,
7776,Жестокая учеба.,"БИБИК, Алексей Павлович.",,,
7777,Жестокие времена: Рассказы.,"ПИЕ-РИДИС, Г. Филиппу.",,,
7778,Жестокие женщины.,"ЗАХЕР-МА-ЗОХ, Леопольд фон. ",Демонические женщины.,,
7779,Жестокие рассказы.,"ВИЛЬЕ ДЕ ЛИЛЬ АДАН, Огюст.",,,
7780,Жестокий воспитатель: Роман.,"БОРИСОВ, Леонид Ильич.",,,
7781,Жестокий город.,"ДНЕПРОВ, П.",,,
7782,Жестокий муж: Два рассказа.,"Н. Т. (ТИМКОВСКИИ, Николай Иванович). ",,Мой грех до меня дошел...,
7783,Жестокий муж: Рассказ.,"С—ЕНГЛЕР, Ольга (ОЗМИДОВА, Ольга Николаевна). ",,Необдуманный брак...,
7784,Жестокий роман: Пьеса в 3-х актах.,"ГЛАДКОВ, Александр Константинович.",,,
7785,Жестокий романс.,"БЛАГОВ, Юрий Николаевич.",,,
7786,Жестокое испытание: Бытовая повесть в 2-х ч.,"КРАСНИЦКИЙ, Александр Иванович.",,,
7787,Жестокое испытание: Исторический роман.,"АРСЕНЬЕВ, Александр Васильевич.",,,
7788,Жестокое сердце: Пьеса в 2-х д. Для детей старшего возраста.,"МИТЯЙ (ГОЛЬДШТЕЙН, Марк Михайлович).",,,
7789,Жестокое солнце: Повесть в девяти новеллах.,"МАСС, Анна Владимировна.",,,
7790,Жестокой зимой и жарким летом: Повести.,"ЛОГИНОВ, Виктор Николаевич.",,,
7791,Жестокости жизни.,"ЭЛЛЕНС, Франсуа",,,
7792,Жестокость; Испытательный срок: Повести.,"НИЛИН, Павел Филиппович.",,,
7793,Жестокость: Пьеса в 3-х д.,"МОЛЬ-КО, Владимир Ильич, НИЛИН, Павел Филиппович.",,,
7794,Жестянка: Повесть и рассказы.,"ЯШАР, Кемаль.",,,
7795,Жестянка: [Рассказы].,"ЛУКАШИН, Илья Денисович.",,,
7796,Жестяной ангел.,"ЧЕТВЕРИКОВ, Дм. (ЧЕТВЕРИКОВ, Борис Дмитриевич) .",,,
7797,Жив Алеша: Повести и рассказы.,"ВАСИЛЕНКО, Иван Дмитриевич.",,,
7798,Жив ли Шекспир?,"ТВЭН, Марк (ТВЕН, Марк).",,,
7799,Жив Петрушка!: Сказка-комедия.,"ГАМСАХУРДИЯ, Авксентий Александрович, МИТРОФАНОВ, Лев Иванович.",,,
7800,Жив человек.,"ЧЕСТЕРТОН, Гильберт К. (ЧЕСТЕРТОН, Джильберт Кейт).",,,
7801,Живая: Легенда; Освобожденные: Драма в 3-х д.,"ЛЕНЕРЮ, Мари.",,,
7802,Живая бумага: Повесть.,"КРУГЛОВ, Александр Васильевич.",,,
7803,Живая ветка: Повести.,"ТАЛВИР, Алексей.",,,
7804,Живая вода: Драма в 3-х д.,"ФОЛЬВАРОЧНЫЙ, Василий Иванович.",,,
7805,Живая вода: Повести и рассказы.,"ВАСИЛЕНКО, Иван Дмитриевич.",,,
7806,Живая вода: Повести и рассказы.,"НИКИТИН, Сергей Константинович.",,,
7807,Живая вода: Повесть.,"АЛЬХАДЖИ, Абубакар Имам.",,,
7808,Живая вода: [Повесть].,"ШУМКОВ, Олег Александрович.",,,
7809,Живая вода: Поэма.,"БАБАДЖАН, Рамз.",,,
7810,Живая вода: Рассказ.,"БРОННИЦКИЙ, С.",,,
7811,Живая вода: [Рассказ].,"ЕРОШКИНА, Зоя Алексеевна.",,,
7812,Живая вода: Рассказ.,"МАМИН-СИБИРЯК, Дмитрий Наркисович.",,,
7813,Живая вода: [Рассказ].,"УЖГИН, Семен Семенович.",,,
7814,Живая вода: Рассказы.,"СЕРГЕ-ЕВ-ЦЕНСКИЙ, Сергей Николаевич.",,,
7815,Живая вода: Роман.,"КОЖЕВНИКОВ, Алексей Венедиктович.",,,
7816,Живая вода: Стихи.,"ВАГАНОВ, Николай Васильевич.",,,
7817,Живая вода: Стихи.,"ЕРМИЛИН, Юрий Иванович.",,,
7818,Живая вода: Стихи.,"КОВУСОВ, Анна",,,
7819,Живая вода: Стихи.,"КОЛУМБ, Валентин Христофорович.",,,
7820,Живая вода: Стихи.,"ЛЕШКОВА, Маргарита Павловна.",,,
7821,Живая вода: [Стихи].,ПИЛИА. ,,,
7822,Живая вода: [Стихи].,"РЫЛЕН-КОВ, Николай Иванович.",,,
7823,Живая вода: Стихи.,"ШКОДА, Ва",,,
7824,Живая вода: [Стихи].,"ЩЕРБАКОВ, Александр Илларионович.",,,
7825,Живая вода дружбы: Очерки.,"МОГИЛЕВСКИЙ, Леонид Борисович.",,,
7826,Живая вода из камня: Повести.,"МАНЯК, Владимир Антонович.",,,
7827,Живая волна.,"РЯЗАНОВА, Екатерина Михайловна.",,,
7828,Живая газета для рабочих клубов: Помогай стране рублем. (Загл. обл.).,"ГРОМОВ, Валентин Владимирович, МЕР-ЦАЛЬСКИЙ, Николай Константинович. ",Помогай стране рублем. Материалы для номера живой газеты о бережливости в личном быту трудящихся и пользе ее для государства.,,
7829,Живая дань: Повесть.,"СЕЙТАКОВ, Беки.",,,
7830,Живая душа: Очерк о комсомолке Н. Зотовой.,"ЕЛАГИНА, Анна Григорьевна.",,,
7831,Живая душа: Повесть и рассказы.,"САМОШЕНКО, Алексей Иванович.",,,
7832,Живая душа: Рассказы.,"ГОРЮНОВ, Иван Григорьевич.",,,
7833,Живая душа: Роман.,"ВОВЧОК, Марко.",,,
7834,Живая жизнь: Избранные стихотворения.,"ВЕРХАРН, Эмиль.",,,
7835,Живая жизнь: [Рассказ].,"ГУМИЛЕВСКИЙ, Лев Иванович.",,,
7836,Живая жизнь: Роман.,"ДОРОГОИ-ЧЕНКО, Алексей Яковлевич.",,,
7837,Живая жизнь: Роман.,"ПОТАПЕНКО, Игнатий Николаевич.",,,
7838,Живая жизнь: [Стихи].,"ЮДЕН-КОВ, Д. Ф.",,,
7839,Живая земля.,"ЗАМИРМИРА, И.",,,
7840,Живая изгородь: Стихи.,"ВИКТОРОВ, Борис Михайлович.",,,
7841,Живая история: [Очерк].,"ПОПОВ, Викторин Аркадьевич.",,,
7842,Живая история: Рассказы.,"ЛАРИОНОВ, Сергей Степанович.",,,
7843,Живая копейка.,"КУЛИК, Арнольд Семенович.",,,
7844,Живая красота: Рассказы деда Михайла.,"СМЕРДОВ, Михаил Кузьмич.",,,
7845,Живая кукла или Подарок на Новый год: Нравственная повесть.,"ДЕРЕ-ВИЦКАЯ, Анастасия Васильевна.",,,
7846,Живая лазурь: Рассказ.,"БАЛЛАШ, Белла (БАЛАШ, Бела Семенович). ",,,
7847,Живая легенда: Повесть.,"БУЛАНОВ, Иван Иванович.",,,
7848,Живая легенда: [Рассказы],"ЗОЛОТОВ, Давид.",,,
7849,Живая легенда: Рассказы. Очерки.,"КУРБАНОВ, Байрам.",,,
7850,Живая любовь: Рассказ.,"ФЕДОРОВ, П.",,,
7851,"Живая мозаика: [Миниатюры, этюды, рассказы].","ТАТЬЯНИЧЕВА, Людмила Константиновна.",,,
7852,Живая ограда: Стихи.,"СЕМЕНОВ, Владимир Васильевич.",,,
7853,Живая осыпь.,"ПОРТНЯГИН, Эрнст Александрович.",,,
7854,Живая память: [Рассказ].,"ПАСЬ-КО, Семен Данилович.",,,
7855,Живая память: [Стихи].,"СУББОТИН, Василий Ефимович.",,,
7856,Живая покойница или Месть старого ревнивца: Повесть.,"КУКЕ ЛЬ (ЛУНИН, В. А.).",,,
7857,Живая покойница или 15-дневный летаргический сон дочери капитана,С. ,,,
7858,"Живая похороненная Генриэтта, супруга милорда №№: Истинная повесть, приключившаяся в последней половине нашего столетия.",Имя авт. не установлено.,,,
7859,Живая пропажа.,"ПАПЕРНАЯ, Эстер Соломоновна.",,,
7860,Живая россыпь.,"ЧУМАК, Илья Васильевич.",,,
7861,Живая связь: Стихи.,"ЗУБАРЕВ, Вадим Иванович.",,,
7862,Живая сила: [Повесть].,"ЧИВИЛИХИН, Владимир Алексеевич.",,,
7863,Живая сила: Роман.,"ГЕРШТЕКЕР, Фридрих.",,,
7864,Живая синь: Стихи.,"ГОЙДА, Юрий Андреевич.",,,
7865,Живая скамья: Рассказ из галицийской жизни.,"ЗАХЕР-МАЗОХ, Леопольд фон.",,,
7866,«Живая смерть» и другие рассказы из жизни слепых.,"РЯЗАНЦЕВ, Всеволод",,,
7867,Живая спираль.,"ТРЕИГЕР, Нина Даниловна.",,,
7868,Живая статуя: (Из украинских сказаний).,"ЛЮБИЧ-КОШУРОВ, Иоасаф Арианович.",,,
7869,Живая статуя; Похождения скряги; Зрячий — слепой.,"ДИНГЕЛЬШТЕДТ, Николай Федорович.",,,
7870,Живая струя: Роман.,"ФЕДОРОВ, Юрий Валентинович.",,,
7871,Живая тишина.,"ГОРСКИЙ, Григорий Наумович.",,,
7872,Живая торпеда: Морские были.,"ПИЛЮЦКИЙ, Николай Данилович.",,,
7873,Живая тюрьма: Повесть.,"СЕРАФИМОВИЧ, Александр.",,,
7874,Живая фотография: ( Роковая страсть). Драма из современной жизни в 4200 метров.,"СТОЙКИЙ, Андрей Иоаса ",,,
7875,Живая хронология: Рассказы.,"ЧЕХОВ, Антон Павлович.",,,
7876,Живая цепь: Драма в 3-х д.,"РЫ-БАС, Тарас Михайлович.",,,
7877,Живем в свое удовольствие: Сцены из купеческого быта.,"ГОРБУНОВ, Иван Федорович.",,,
7878,"Живем, живем!: Представление. В 5-ти д.","ТОЛЛЕР, Эрнест.",,,
7879,Живем среди друзей: Повесть.,"СТРЕХНИН, Юрий Федорович.",,,
7880,Живет в гарнизоне лейтенант...,"ЛИХАНОВ, Иннокентий Алексеевич.",,,
7881,Живет в деревне человек...: Очерки. Рассказы..,"РОДИЧЕВ, Николай Иванович.",,,
7882,Живет в Ростове Витя Черевич-кин.,"НАДЖАФОВ, Гусейн Дадашевич.",,,
7883,Живет в селе девчонка.,"ШАЛЫ-ГИНА, Вера Ивановна.",,,
7884,Живет мечта: Лирика и сатира.,"ГРИБАНОВ, Владимир Иванович.",,,
7885,Живет на земле человек.,"КУТУЗОВ, Евгений Васильевич.",,,
7886,Живет на свете человек: (Стихи разных лет).,"ВОХМЕНЦЕВ, Яков Терентьевич.",,,
7887,Живет на селе человек...: Рассказы.,"ПОРОХНЯКОВ, Анатолий Николаевич.",,,
7888,Живет Родина!: Пьеса в 2-х д.,"БЕК, Михаил.",,,
7889,Живет рядом коммунист.,ПЕТРОВ. ,,,
7890,Живет солдат: Повесть.,"ОРОВЕЦ-КИЙ, Павло (ОРОВЕЦКИЙ, ' Павел Андреевич).",,,
7891,Живет такой парень: Киносценарий.,"ШУКШИН, Василий Макарович.",,,
7892,"Живи, Борис, живи!: Пьеса в 2-х д.","ЛАПИН, Константин Кириллович.",,,
7893,Живи в опасности!: Повесть о великом химике Гемфри Дэви.,"МОГИЛЕВСКИЙ, Борис.",,,
7894,Живи влюблен.,"ГРОССМАН, Марк Соломоновйч.",,,
7895,Живи и здравствуй!: Избранные стихотворения.,"ХИИР, Эрни.",,,
7896,"Живи и помни: Повесть, рассказы.","РАСПУТИН, Валентин Григорьевич.",,,
7897,"Живи, ирбис!","БАЛАШОВ, Виктор Сергеевич.",,,
7898,Живи с молнией: Роман.,"УИЛСОН, Митчел.",,,
7899,"Живи, солдат!","БЕЙЛИН, Павел Ефимович.",,,
7900,"Живи, солнышко: Повесть.","ГРУД-ЗИНСКИИ, Валентин Александрович.",,,
7901,"Живи, Украина: Стихи.","НОВИЦКИЙ, Алексей Николаевич.",,,
7902,Живинка в деле: (Уральские сказы о мастерстве).,"БАЖОВ, Павел Петрович.",,,
7903,Живите дважды: Роман.,"ГЛУШКО, Мария Васильевна.",,,
7904,"Живите, живые: Рассказы.","СТРОГАНОВ, Виктор Александрович.",,,
7905,"Живите светло: Повесть, рассказы.","ЗАРУБА, Анатолий Леонидович.",,,
7906,Живица: Рассказы.,"СУББОТИН, Василий Ефимович.",,,
7907,Живица: Стихи.,"УМАНЕЦ, Станислав.",,,
7908,Живица: Стихи.,"УСТИНОВ, Валентин Алексеевич.",,,
7909,Живодер: Повесть.,"НЕМИРОВИЧ-ДАНЧЕНКО, Василий Иванович.",,,
7910,Живое богатство: Очерки.,"ТИТОВ, Василий Сергеевич.",,,
7911,Живое дерево.,"КОРОТЕЕВ, Николай Иванович.",,,
7912,Живое диво: Стихи.,"БЕЛЕВИЧ, Антон Петрович.",,,
7913,Живое дыхание: Лирические репортажи.,"СЕМЕНОВСКИЙ, Константин Сергеевич.",,,
7914,Живое — живым: Роман.,"ФИЛЕВ, Аркадий.",,,
7915,Живое зеркало: Рассказ.,"РОГИ, Михаил Павлович.",,,
7916,Живое зеркало: [Рассказы].,"ПОПОВА, Эмилия Андреевна.",,,
7917,Живое зерно: Детские повести.,"ЧИСТЯКОВ, Михаил Борисович.",,,
7918,Живое к солнцу тянется: Стихи.,"РАШИДОВ, Рашид Меджидович.",,,
7919,Живое кладбище: Фантастический рассказ.,"ЯЗВИЦКИЙ, Валерий Иоильевич.",,,
7920,Живое седло.,"КЕШОКОВ, Алим Пшемахович.",,,
7921,Живое серебро: Повесть.,"НОЗДРИН, Александр Сергеевич.",,,
7922,Живое слово: Рассказ.,"БАЮКАН-СКИИ, Анатолий Борисович.",,,
7923,Живой бич: Роман.,"УРБАН, Мило.",,,
7924,Живой Будда: Роман.,"МОРАН, Поль.",,,
7925,Живой голос: Рассказы.,"СВИСТУНОВ, Иван Иулианович.",,,
7926,Живой дождь: Лирика.,ЗУЛЬФИЯ.,,,
7927,Живой дом: Пьеса в 4-х д.,"ТРАЙ-НИН, А. Н.",,,
7928,Живой и мертвый покойники: Рассказ из времен междуцарствия.,Имя авт. не установлено.,,,
7929,Живой извозчик без головы: Небывалая история.,Имя авт. не установлено.,,,
7930,Живой календарь.,"ДРУЖИНИНА, Людмила Гавриловна.",,,
7931,Живой камень: Из жизни черепах.,"ЧЕГЛОК, Александр.",,,
7932,Живой камень: Рассказы.,"САЖИН, Петр Александрович.",,,
7933,Живой клад: Рассказ в стихах.,"ДОБРЖИНСКИИ-ДИЭЗ, Г. (ДОБРЖИН-СКИИ, Гавриил Валерьянович).",,,
7934,Живой ключ: Рассказы и этюды.,"ФАРУТИН, Константин Никандрович.",,,
7935,Живой манекен: Пьеса в 4-х д.,"ГАБО, Поль.",,,
7936,Живой мертвец: Исторический роман времен имп. Павла I.,"ЗАРИН, Андрей Ефимович.",,,
7937,Живой мертвец: (Рассказ).,"ТОЛСТОЙ, Михаил Владимирович.",,,
7938,Живой мертвец или Мнимый поклонник: Повесть.,"КОНОХОВ, И. М.",,,
7939,Живой мертвец или Неаполитанцы.,Имя авт. не установлено.,,,
7940,Живой мост: (Люди нового Китая). Очерки и рассказы.,"КОЖЕВНИКОВ, Вадим Михайлович.",,,
7941,Живой мост: Рассказ.,"ДИН-СКИЙ, А.",,,
7942,Живой огонек: Уральские сказы.,"БАЖОВ, Павел Петрович.",,,
7943,Живой памятник.,"ФРИД, Норберт.",,,
7944,Живой портрет: Пьеса в 3-х актах.,"МОРЕТО (МОРЕТО-И-КАВАНЬЯ, Августин) .",,,
7945,«Живой портрет» и другие рассказы.,"АНТЕЕВ, А.",,,
7946,Живой родник: Очерк.,"МАЗУРИН, Николай Иванович.",,,
7947,Живой родник: [Пьеса].,"НАЗАРОВ, Игнат Иванович.",,,
7948,Живой родник: Рассказы.,"ВАРЛАМОВА, Инна.",,,
7949,Живой родник: Сказы.,"КОЧНЕВ, Михаил Харлампиевич.",,,
7950,Живой родник: [Стихи и поэма].,"ЧИХАЧЕВ, Петр Васильевич.",,,
7951,Живой сплав.,"ГОРДИН, Руфин Ру-финович.",,,
7952,Живой тигр: Рассказы.,"ШЕСТАКОВА, Юлия Алексеевна.",,,
7953,Живой товар: (Из бердичевских тайн). Роман в 3-х ч.,"ПОНОМАРЕВ, Иван Николаевич.",,,
7954,Живой товар: Пьеса в 4-х д.,"ОСТ-РОЖСКИИ, К. (ГОГЕЛЬ, Константин Сергеевич) .",,,
7955,Живой труп: Драма в 6-ти д.,"ТОЛСТОЙ, Лев Николаевич.",,,
7956,Живописец Билетников.,"ВОЕВОДИН, Всеволод Петрович.",,,
7957,Живописная картина семейственной жизни или Г...Г...Российско-Армейский офицер и графиня Л...: Ч. 1—6.,"ЛАФОНТЕН, Август Генрих Юлий.",,,
7958,Живопись: Новые стихи.,"БРАУН, Николай Леопольдович.",,,
7959,Живопись: [Рассказы].,"ГОР, Геннадий Самойлович.",,,
7960,Живопись: Стихи.,"ПОЛТОРАЦКИЙ, Виктор.",,,
7961,Животные в больницах: Рассказ.,"ВАГНЕР, П. П.",,,
7962,Животные-герои.,"ТОМПСОН-СЕТОН, Эрнест (СЕТОН-ТОМПСОН, Эрнест).",,,
7963,Животный мир Африки: Десять рассказов.,"ЧЕГЛОК, Александр.",,,
7964,Живу в двадцатом веке: Стихи.,"ЛЬВОВ, Михаил Давыдович.",,,
7965,Живу впервые.,"ХАЛУПСКИЙ, Игорь Яковлевич.",,,
7966,Живу на главной улице России: Стихи.,"СМИРНОВ, Иван Алексеевич.",,,
7967,Живу на земле: Лирика.,"ГЛАЗОВ, Григорий.",,,
7968,Живу не для себя'; Стихи.,"ТОП-ЧИИ, Леонид Иванович.",,,
7969,Живу сегодня: Книга стихов.,"ЛЬВОВ, Михаил Давыдович.",,,
7970,Живу среди людей.,"ИБРАГИМОВА, Луиза.",,,
7971,Живу я сердцем.,"КАПУТИКЯН, Сильва Барунаковна.",,,
7972,Живун: Роман.,"ИСТОМИН, Иван Григорьевич.",,,
7973,Живуны: Повесть.,"ИЛЬИН, Виктор Андреевич.",,,
7974,Живут в душе живые голоса.,"МОРОЗОВ, Иван Осипович.",,,
7975,Живут в Павлиевке парни: Рассказы.,"МАКУШКИН, Виктор Савельевич.",,,
7976,Живут две сестры: Повесть.,"КОЛЬЧУГИН, Михаил Прокофьевич.",,,
7977,Живут мои герои...: Рассказы.,"ЛОГИНОВ, Николай Васильевич.",,,
7978,Живут на Востоке романтики: Очерки.,"БЕЛОВ, Михаил Прокопьевич.",,,
7979,Живучесть: Стихи. Поэма.,"КАЧА-ЕВ, Виталий Сергеевич.",,,
7980,Живущие в ночи: Роман.,"АБРАХАМС, Питер.",,,
7981,Живущие в подполье: Роман.,"НА-МОРА, Фернандо.",,,
7982,Живущие дважды.,"ГОЛУБЕВ, Анатолий Дмитриевич.",,,
7983,Живущие рядом: Рассказы.,"КОНСТАНТИНОВ, Константин.",,,
7984,Живущий рядом человек: Стихи.,"ТУРКИН, Владимир Павлович.",,,
7985,Живчик.,"МЕНВИЛЬ-ФЕНН (ФЕНН, Георг Менвиль). ",Живчик или Мальчик на колесе без тормоза.,,
7986,Живчик или Мальчик на колесе без тормоза.,"МЕНВИЛЬ-ФЕНН (ФЕНН, Георг Менвиль).",,,
7987,Живые борются.,"ЛАФФИТ, Жан.",,,
7988,Живые вопросы.,"СЕДЕЛЬНИКОВ, Николай Михайлович.",,,
7989,Живые деньги: Повесть и рассказы.,"ДАНИНИ, Майя",,,
7990,"Живые деньги: Роман, повесть, рассказ.","СКАЛОН, Андрей Васильевич.",,,
7991,Живые души: Очерки и рассказы (1879-1881).,"КРУГЛОВ, Александр Васильевич.",,,
7992,Живые души: [Рассказ].,Имя авт. не установлено.,,,
7993,Живые и мертвые: Повесть.,"КОЛОС, Лука Яковлевич.",,,
7994,Живые и мертвые: Роман.,"КУ-КУЕВ, Лев Архипович.",,,
7995,Живые и мертвые: [Роман].,"МИ-НАЧ, Владимир. ",,Бремя долгого ожидания...,
7996,Живые и мертвые: [Роман].,"СИМОНОВ, Константин Михайлович.",,,
7997,Живые капли.,"РАДЖАБОВ, Абдул Раджабович.",,,
7998,Живые картинки: [Рассказы].,"ИЛЬИНСКИЙ, Федор Владимирович.",,,
7999,Живые картинки: Сборник детских рассказов.,"СМИРНОВА, А. А.",,,
8000,Живые картины: [Драматические сцены].,КРЮЧОК-ЗАЦЕПА.,,,
8001,Живые картины: Новый сборник повестей и рассказов.,"МАЧТЕТ, Григорий Александрович.",,,
8002,Живые Ключи: Пьеса в 4-х д.,"ЦИ-НОВСКИИ, Леонид Яковлевич.",,,
8003,Живые ключи: Рассказы.,"ТУПИКОВ, Алексей Иванович.",,,
8004,Живые корни: Повесть.,"ЧУДИН, Никита Антонович.",,,
8005—8006,Живые корни: [Рассказы. Пьеса].,"ШАТБЕРАШВИЛИ, Георгий Иванович.",,,
8007,Живые куклы: Комедия-фарс в 1-м д. для школьного театра. С танцами и пением.,"ЛЯЛИНА, Мария Андреевна.",,,
8008,Живые легенды: Поэма.,"АЛИЕВА, Фазу Гамзатовна.",,,
8009,Живые маки: Стихи и поэма.,"ПАЛЬ, Роберт Васильевич.",,,
8010,Живые мгновения; Женщина с кинжалом; Последние маски; Литература: Тетралогия.,"ШНИЦЛЕР, Артур",,,
8011,Живые мертвецы: Историческая пьеса в 6-ти карт.,"УШЕРОВИЧ, Саул Сальевич.",,,
8012,Живые мертвецы или Дети невежества:  Аллегорическая повесть.,"ОРЛОВ, Александр Анфимович.",,,
8013,Живые мишени: Сатирические стихи и басни.,"ЧЕРНЫШЕВ, Леонид Устино-вич.",,,
8014,Живые мощи: Рассказ. [Отрывок из «Записок охотника»].,"ТУРГЕНЕВ, Иван Сергеевич.",,,
8015,Живые не сдаются.,"ХОДЫКИН, Иван Федорович.",,,
8016,"Живые обмороки или Оттенки невежества, глупостей, пронырства и обмана.","ОРЛОВ, Александр Анфимович.",,,
8017,Живые огни: Очерки.,"РОЖДЕСТВЕНСКИЙ, Игнатий Дмитриевич.",,,
8018,Живые огни: [Поэма и стихи].,"МУ-СИКОВ, Владимир Петрович.",,,
8019,Живые памятники: Рассказы. Путевые заметки. Дневники. Воспоминания.,"ПАНТЕЛЕЕВ, Леонид.",,,
8020,Живые столбы: Рассказы.,"ГОЛУБЕВ, Федор Михайлович.",,,
8021,Живые тени: Комедия в 4-х д.,"ЗЕ-ЛАНД-ДУБЕЛЬТ, Елена Александровна.",,,
8022,Живые тени: Рассказы.,"ТОЛСТОЙ, Алексей Николаевич.",,,
8023,«Живые трепетные нити...»: Ясно Полянские этюды.,"ЕЗЕРСКАЯ, Галина ",,,
8024,Живые умы: Повесть.,"КРУГЛОВ, Александр Васильевич.",,,
8025,Живые факелы: Повесть из времен гонений на христиан при Нероне.,"ПОПОВ-ПЕРМСКИЙ, Иван В.",,,
8026,Живые факелы: Пьеса в 4-х д.,"ДРЕЙЕР, Макс.",,,
8027,Живые факелы: Сцена в 1-м д.,"ЛОРД, Андре де.",,,
8028,Живые фотографии: Рассказы.,"РАДЛОВ, Михаил (КАПИЦА, Михаил Петрович).",,,
8029,Живые цветы: Очерки и рассказы.,"НЕ ФЕЛЬЕТОНИСТ (ЕЖОВ, Николай Михайлович).",,,
8030,Живые цветы: [Сказки].,"ДЕВИЦА ЭСБЕ (БУРНАШЕВА, Софья Петровна).",,,
8031,Живые цветы: Стихи и поэма.,"ЧЕР-КЕЗ-АЛИ, А.",,,
8032,Живые цифры: (Из записок деревенского обывателя).,"УСПЕНСКИЙ, Глеб Иванович.",,,
8033,Живые часы: Тетралогия.,"ШНИЦЛЕР, Артур.",,,
8034,Живым говори — «до свидания»: Повесть.,"ГЛУШКО, Мария Васильевна.",,,
8035,Живым—живое.,"ЕФРЕМОВ, Юрий Аркадьевич.",,,
8036,Живыми в землю не ложатся: Повесть.,"ПОГИЛЬДЯКОВ, Вениамин Васильевич.",,,
8037,Живых не хоронят: Поэмы.,"ДЖА-ФАРОВ, Абумуслим.",,,
8038,Жигиты Чилекты.,"ЖАНТУАРОВ, Султан Байтурович.",,,
8039,Жигулевская березка: Стихи.,"ЖО-ГОЛЕВ, Николай Федорович.",,,
8040,Жигулевское сказание.,"ЛЮПОВ, Сергей Николаевич.",,,
8041,Жигули: Комедия в 3-х д.,"ЛЮФА-НОВ, Евгений Дмитриевич.",,,
8042,Жигули: Пьеса в 3-х д.,"РОТКО, Виктор Михайлович.",,,
8043,"Жигули вы мои, Жигули: История одного путешествия^. Повесть.","АВДЕЕНКО, Александр Остапович.",,,
8044,Жид: [Рассказ].,"КОНОПНИЦКАЯ, Мария. ",Мендель Гданский; Погром; Старый переплетчик и его внук.,,
8045,Жид: Рассказ.,"МАМИН-СИБИРЯК, Дмитрий Наркисович.",,,
8046,Жид: Этюд.,"МАЧТЕТ, Григорий Александрович.",,,
8047,Жид в Крыму.,"ЦЫКЛОП, А.",,,
8048,"Жид-еврей, всех нагрей!: (Пародии, анекдоты, песни, куплеты).","РАТОМ-СКИИ, Николай Алексеевич.",,,
8049,"Жид-островитянин или Похищенный клад: Роман в 2-х ч. Из жизни Али-паши Янинского, прозванного Черным.","НИКОЛАЕВИЧ, И. (МЕЧ, Иван Николаевич).",,,
8050,Жиденок: Повесть в стихах.,Ч. I. ,,,
8051,Жиденя: Рассказ.,"ФАРМАКОВ-СКАЯ, Мария.",,,
8052,«Жидкое солнце» и другие рассказы.,"КУПРИН, Александр Иванович.",,,
8053,Жидовка: Рассказ.,Имя авт. не установлено.,,,
8054,Жидовка: Рассказ.,"КУПРИН, Александр Иванович.",,,
8055,Жидовка Мариамна.,"ГИЗО, Генриетта (ВИТТ, Генриетта).",,,
8056,"Жидовочки-красоточки: Шутки, стихи, рассказы из современной жизни.","РА-ТОМСКИЙ, Николай Алексеевич.",,,
8057,Жидовские козни или Тайные агенты Али-Паши Янинского: Эпизод из кровавой греческой драмы 18—19 столетия. В 3-х ч.,Имя авт. не установлено.,,,
8058,Жидовское пленение: Исторические картины из быта Руси конца XV века. В 2-х ч.,"СТРЕШНЕВ, Н. (ЛИХАРЕВ, Николай Осипович).",,,
8059,"Жидок: Сборник еврейских песен, куплетов, романсов, арий со сценами. В 2-х ч.","ПУШКИН, И. Н. (ЧЕКРЫГИН, Иван Николаевич).",,,
8060,Жидок и его приключения на войне и после войны: Смешные сцены из жизни шинкаря Шмуля.,Имя авт. не установлено.,,,
8061,Жизнелюб: Драма в 3-х ч.,"МИРОШНИЧЕНКО, Николай Иванович.",,,
8062,Жизнелюбы: Избранные повести.,"ФЕДОРОВ, Владимир Иванович.",,,
8063,Жизненная проза.,"ПОКРОВСКИЙ, Николай Алексеевич.",,,
8064,Жизненное пространство: Пьеса в 3-х д.,"ШУРЛАКОВ, Петр.",,,
8065,Жизненные драмы: Роман.,"РИШ-БУР, Эмиль (РИШБУРГ, Эмиль).",,,
8066,Жизненный путь: [Роман].,"БЕТ-ЛЕР, Сэмюэль (БАТЛЕР, Сэмюэль).",,,
8067,Жизненный путь: Роман.,"ТЫРКО-ВА, Ариадна Владимировна.",,,
8068,Жизненный путь Марины.,"МАЛИНИНА, Анна Спиридоновна.",,,
8069,Жизнеописание Степана Алексан- дровича Лососинова: Трагикомическое сочинение.,"ЗАЯИЦКИИ, Сергей Сергеевич.",,,
8070,Жизнецвет: Стихи.,"СТАРШИНОВ, Евгений Федорович.",,,
8071,Жизни быстрые шаги.,"ВОЕВОДИН, Евгений Всеволодович.",,,
8072,Жизни и судьбы: Рассказы.,"САУДОВСКИЙ, Ефим Ильич.",,,
8073,Жизни рядовой: Рассказы.,"ВАНИН, Кесарь Тихонович.",,,
8074,Жизни трудная дорога: Повести.,"ГАБДУЛЛИН, Нигмет.",,,
8075,Жизни человеческие: Очерки.,"ВЕЛИЧКО, Василий Арсеньевич.",,,
8076,Жизнь: Аллегорическая мистерия в стихах. В 1-м д.,"СЛОВО ДЮК, Николай Меркурьевич.",,,
8077,Жизнь: Избранные стихи.,"НА-СЫРЛИ, Якуб Рамазанович.",,,
8078,Жизнь: (Новеллы).,"ВАСЕНЕВ, Николай Федорович.",,,
8079,Жизнь: Очерки и рассказы.,"ГУР-ВИЦ, Григорий А.",,,
8080,Жизнь: Очерки и рассказы.,"ЕМЕЛЬЯНОВА, Нина.",,,
8081,Жизнь: (Paul Kelver). [Роман].,"ДЖЕРОМ, Джером Клапка. ",Поль Кель-вер; Павел Кельвер.,,
8082,Жизнь: Повесть.,"БЕЛЯЕВ, Михаил Александрович.",,,
8083,Жизнь: Поэма. В 3-х ч.,"ГЕРРА, Константин (МАЗУРИН, Константин Митрофанович).",,,
8084,Жизнь: [Поэма]. Кн. 1.,"ЛУГОВ-СКОЙ, Владимир Александрович.",,,
8085,Жизнь: Пьеса в 4-х актах.,"ПАНФЕРОВ, Федор Иванович.",,,
8086,Жизнь: Рассказ.,"ВОРОНОВА, Елена Андреевна.",,,
8087,Жизнь: [Рассказ].,"ГРОССМАН, Василий Семенович.",,,
8088,Жизнь: Рассказ.,"ИЛЬЕНКОВ, Василий Павлович.",,,
8089,Жизнь: Рассказ.,"КОНДО, П.",,,
8090,Жизнь: [Рассказ].,"ТИХАН, М.",,,
8091,Жизнь: [Рассказ].,"ШОЛОХОВ-СИНЯВСКИЙ, Георгий Филиппович.",,,
8092,Жизнь: Рассказ и пьесы.,"ТРЕНЕВ, Константин Андреевич.",,,
8093,Жизнь: Рассказы.,"БАБУШКИН, Виктор Федорович.",,,
8094,Жизнь: Рассказы.,"ЗАВРАЖНЫИ, Григорий.",,,
8095,Жизнь: Рассказы.,"КРУГЛОВ, Александр Васильевич.",,,
8096,Жизнь: Рассказы.,"МАРЬЕНКОВ, Ефрем Михайлович.",,,
8097,Жизнь: [Рассказы].,"МИРЭ, А. (МОИСЕЕВА, Александра Михайловна).",,,
8098,Жизнь: Рассказы.,"ФИЛИПП, Шарль Луи.",,,
8099,Жизнь: Рассказы.,"ЮФИТ, Матильда Иосифовна.",,,
8100,Жизнь: Роман.,"МОПАССАН, Ги де. ",Жизнь женщины; История одной жизни; Жизнь: Скромная правда; Жизнь (Горькая истина); Жизнь женщины (Скромная правда).,,
8101,Жизнь: Роман в 5-ти ч.,"АСРИ-БЕКЯН, Саркис.",,,
8102,Жизнь: Скромная правда. [Роман].,"МОПАССАН, Ги де.",,,
8103,Жизнь: Стихи.,"ГАРБИН, И.",,,
8104,Жизнь: Стихи.,"ЛЮКИН, Александр Иванович.",,,
8105,Жизнь; Христианин идет впереди; Светлое воскресение.,"ГОГОЛЬ, Николай Васильевич.",,,
8106,Жизнь адмирала Нахимова.,"ЗОНИН, Александр Ильич.",,,
8107,Жизнь Акима Горшкова: Рассказы и очерки.,"ПОЛТОРАЦКИЙ, Виктор.",,,
8108,"Жизнь акына: , Рассказ о себе народного певца-импровизатора Казахстана.",ДЖАМБУЛ.,,,
8109,Жизнь Алексея Рокотова: Трилогия.,"ПЕРМИТИН, Ефим Николаевич.",,,
8110,Жизнь Анны Акимовой: Повесть.,"КАПУСТО, Юдифь Борисовна.",,,
8111,Жизнь артистки: Драма в 5-ти актах.,"БАРЬЕР, Теодор (БАРРЬЕР, Теодор), БУРЖУА, Анисе.",,,
8112,Жизнь батрацкая: Пьеса в 3-х карт.,"ЧУРИЛИН, Иван Николаевич.",,,
8113,Жизнь бедняка Бозора.,"АИНИ, Садриддин Саид Мурадович.",,,
8114,Жизнь без аплодисментов: Повести и рассказы.,"КОЛЕСНИКОВ, Михаил Сергеевич.",,,
8115,Жизнь без горя и печали: Солдатская сказка.,"ЩИРЫИ, Ив Меркулыч (ПОГОССКИИ, Александр Фомич).",,,
8116,Жизнь без границ.,"ЛЬВОВ, Михаил Давыдович.",,,
8117,Жизнь без конца: Биографический роман.,"ЧЕЛИДЗЕ, Вахтанг Васильевич.",,,
8118,Жизнь без конца: [Роман].,"ШВАНТНЕР, Франтишек.",,,
8119,Жизнь без прикрас: Рассказы.,"ИОНОВ, Алексей Васильевич.",,,
8120,Жизнь Бережкова: Роман.,"БЕК, Александр Альфредович. ",Талант: (Жизнь Бережкова).,,
8121,Жизнь —битва: Пьеса в 4-х д.,"НАЗАРЬЕВА, Капитолина Валериановна.",,,
8122,Жизнь — блаженство: Пьеса в 4-х актах.,"БУХГОЛЬЦ, Иоганн Федорович.",,,
8123,Жизнь — борьба: Рассказ.,"EWIG, Junger (ЭВИГ, Юнгер).",,,
8124,Жизнь боя: Роман.,"ОИОНО, Фердинанд.",,,
8125,Жизнь Бугровых: Документальная повесть.,"САДОВСКИЙ, Александр Львович.",,,
8126,Жизнь Будды.,АСВАГОША.,,,
8127,Жизнь в борьбе.,"КОЗЛОВ, Иван Андреевич.",,,
8128,Жизнь в застенках.,"АНЮТИН, С. Ш.",,,
8129,Жизнь в кружевах.,"МИСС ФЛОРА (ЧЕРСКИЙ, Леонид Федорович).",,,
8130,Жизнь в могиле.,"МИРИВИЛИС, Стратис.",,,
8131,Жизнь в пансионе: Леке из Гутен-хага.,"РОЗЕГГЕР, Петер.",,,
8132,Жизнь в рассрочку: Повесть и рассказы.,"БОСНЯЦКИЙ, Евгений Григорьевич, КОРОБИЦИН, Алексей Павлович.",,,
8133,Жизнь в саду.,"ЧЕРНЕНКО, Екатерина Семеновна.",,,
8134,Жизнь в сапогах: Рассказы.,"ЛО-ГИНОВ-ЛЕСНЯК, Павел Семенович.",,,
8135,Жизнь в скорлупе: Драма в 4-х д.,"ЕВДОКИМОВ, Василий Феоктистович.",,,
8136,Жизнь в солнечном луче: Повесть.,"ШУРДЕЛИН, Борис Фомич.",,,
8137,Жизнь в тени: Пьеса в 3-х д.,"САВЕЛЬЕВ, Л.",,,
8138,Жизнь в цвету: Киноповесть.,"ДОВЖЕНКО, Александр Петрович.",,,
8139,Жизнь в цвету: Пьеса в 4-х д.,"ДОВЖЕНКО, Александр Петрович.",,,
8140,Жизнь в цвету: [Роман].,ФРАНС А,,,
8141,Жизнь в цитадели: Драматическая повесть в 4-х д.,"ЯКОБСОН, Аугуст Мих-келевич.",,,
8142,Жизнь Василия Фивейского: Рассказ.,"АНДРЕЕВ, Леонид Николаевич.",,,
8143,Жизнь Веськи Змиева: Повесть.,"ЧЕРНОКОВ, Михаил Васильевич.",,,
8144,Жизнь вверх ногами: Комедия в 3-х д.,"КРАЙСКИЙ, Алексей.",,,
8145,Жизнь вверх ногами: Юмористические очерки и пародии; Сила гипнотизма: Шутка в 1-м д.,"ЩЕГЛОВ, Иван.",,,
8146,Жизнь велит.,"УДАЛОВ, Николай Николаевич.",,,
8147,Жизнь взаймы: История одной любви. Роман.,"РЕМАРК, Эрих Мария.",,,
8148,Жизнь Вильгельма Келли: Назидательная повесть.,Имя авт. не установлено.,,,
8149,"Жизнь Витторио Альфиери из Ас-ги, рассказанная им самим.",АЛЬФИЕРИ. ,,,
8150,Жизнь Власа Лесовика.,БЕК. ,,,
8151,Жизнь во втором чтении: Роман.,"СТРОКОВСКИИ, Николай Михайлович.",,,
8152,Жизнь во льдах.,"СЕМУШКИН, Тихон Захарович.",,,
8153,Жизнь во мгле: Роман.,УИЛСОН. ,,,
8154,Жизнь во мраке: Рассказы о Панаме.,"ЧАНГМАРИН, Карлос Франсиско.",,,
8155,Жизнь военных.,ДЕ АМИЧИС. ,,,
8156,Жизнь возьмет свое.,"ДУНАЕВСКИЙ, Александр Михайлович.",,,
8157,Жизнь впереди: Повесть.,"НИКУЛИН, Михаил Андреевич.",,,
8158,Жизнь впереди: Повесть.,"ЭРЛИХ, Арон Исаевич.",,,
8159,Жизнь вприсядку: Юмористический альманах. Рассказы. Негативы. Переделки. Стихи.,"ШЕБУЕВ, Николай Георгиевич.",,,
8160,Жизнь Галилея.,"БРЕХТ, Бертольт.",,,
8161,Жизнь Генриха Штиллинга: Истинная повесть. Ч. 1—2.,"ЮНГ-ШТИЛЛИНГ, Ипгянр Грнпиу",,,
8162,Жизнь гонимых.,"ТОМПСОН, Э. С. (СЕТОН-ТОМПСОН, Эрнест).",,,
8163,Жизнь господина де Мольера.,"БУЛГАКОВ, Михаил Афанасьевич.",,,
8164,Жизнь Гофмана.,"МИСТЛЕР, Жан.",,,
8165,Жизнь Грани Соколовой: Роман.,"КАТЕРЛИ, Елена.",,,
8166,Жизнь дается не дважды: Повесть.,"КОМАРОВ, Борис Павлович.",,,
8167,Жизнь дается раз: Документальная повесть.,"КАЗАКОВ, Сергей Михайлович, ЛАСКОВ, Михаил Рафаилович.",,,
8168,Жизнь дана на добрые дела.,"ТА-РАСЕНКОВА, Наталья Николаевна.",,,
8169,Жизнь деревни: (Картинка с натуры). Рассказы; Нечаянно убитый; Повесть.,"ШИШКИН, Иван Тихонович.",,,
8170,Жизнь для других: [Рассказ].,"ДЖЕРОМ, Джером Клапка. ",,Жертва увлечений...,
8171,Жизнь для других: Сборник исторических и бытовых рассказов.,"СМИРНОВ, Александр Платонович.",,,
8172,Жизнь для искусства: Документальная сценическая повесть в 3-х актах.,"БРЕГМАН, Сарра Яковлевна, КОНСТАНТИНОВА, Вера Васильевна.",,,
8173,Жизнь для себя: Пьеса в 3-х д.,"СОЛОВЬЕВ, Владимир Александрович.",,,
8174,Жизнь для человека тайна: (Сна-туры).,"СОКОЛОВСКИЙ, А. ",,,
8175,Жизнь Дмитрия Медведева.,"ЦЕС-САРСКИИ, Альберт Вениаминович.",,,
8176,Жизнь допишет повесть.,"КАЗАКОВ, Геннадий Иванович.",,,
8177,"Жизнь Дэвида Копперфильда, рассказанная им самим: Т. '1—2.","ДИККЕНС, Чарлз.",,,
8178,Жизнь есть деяние.,"НИКУЛИН, Лев Вениаминович.",,,
8179,Жизнь есть сон: Комедия.,"КАЛЬДЕРОН, Педро (КАЛЬДЕРОН де ля БАРКА, Педро).",,,
8180,"Жизнь женщины: Пьеса в 5-ти карт, с прологом и эпилогом.","МОРИМОТО, Каору.",,,
8181,Жизнь женщины: Роман.,"МОПАССАН, Ги де.",,,
8182,Жизнь женщины: [Роман].,"ЯМАМОТО, Юдзо.",,,
8183,Жизнь животных: Рассказы.,"ТУРКИН, Ф.",,,
8184,Жизнь живых: Стихи и поэма.,ПОЖЕНЯН,,,
8185,Жизнь за Амур.,"ЧИЖ, Георгий Прокофьевич.",,,
8186,Жизнь за братьев: (Из военных очерков).,"НЕМИРОВИЧ-ДАНЧЕНКО, Василий Иванович.",,,
8187,Жизнь за жизнь: Рассказы.,"ПЭЙТОН, Алан.",,,
8188,Жизнь за ласку: Рассказ.,"ЛАФ-ФРАН, М.",,,
8189,Жизнь за мгновенье: Драма из жизни в 4-х карт.,"БУЛАЦЕЛЬ, Иван Михайлович.",,,
8190,Жизнь за мечту.,"ФАРРЕР, Клод.",,,
8191,Жизнь за народ: (Казненный). Драма из жизни русских революционеров. В 5-ти д. С прологом.,"ЛЕОНИДОВ, Виктор (КВЕЦИНСКИЙ, Виктор Францевич).",,,
8192,Жизнь за царя: (Исторический рассказ).,Имя авт. не установлено.,,,
8193,Жизнь за царя: Повесть. В 4-х ч.,Имя авт. не установлено.,,,
8194,Жизнь за царя: Повесть в 4-х ч.,У. В. Ш.,,,
8195,Жизнь за царя и родину: Драматические сцены в 3-х д. из Русско-японской войны. [Для народно-солдатского театра].,"ВЕРУНИН, Ив. (БОЛДЫЖЕВ, Иван Иванович).",,,
8196,Жизнь за царя или Иван Сусанин: Историческая повесть.,Имя авт. не установлено.,,,
8197,Жизнь за царя или Плен у турок: (Рассказ солдата).,"ФОМА ЧУДАК (ЗЕ-ЛЕНЕЦКИИ, Алексей Алексеевич).",,,
8198,Жизнь за царя или Смерть Ивана Сусанина: Русская быль.,"СОКОЛОВ, Н. С.",,,
8199,Жизнь за яблоки: Рассказ раненого фельдфебеля.,Имя авт. не установлено.,,,
8200,Жизнь зимы: Стихотворения.,"УМЕ-ГАЛИЕВ, Темиркул Уметалиевич.",,,
8201,"Жизнь, знаменитейшие мошенничества, любовные приключения и осуждение славнейшего из всех воров и разбойников Людвига-Доминика Картуша: В 2-х ч.",Имя авт. не установлено.,,,
8202,"Жизнь знаменитого астраханца или странные приключения Улабира, сына одного богатого мурзы, извлеченные из его записок: Ч. 1—2.",Имя авт. не установлено.,,,
8203,Жизнь зовет: Драма в 4-х д.,"БИЛЛЬ-БЕЛОЦЕРКОВСКИЙ, В. Н.",,,
8204,Жизнь зовет: Избранная лирика.,УЙГУН.,,,
8205,Жизнь зовет: [Очерки].,"ВИСТУ-НОВ, Евгений Иванович.",,,
8206,Жизнь зовет: [Очерки и рассказы].,"НЕМИРОВИЧ-ДАНЧЕНКО, Василий Иванович.",,,
8207,Жизнь зовет: [Повесть].,"АИТ-БАЕВА, Айым.",,,
8208,Жизнь зовет: Повесть.,"АНГЕР, Г.",,,
8209,Жизнь зовет: Повесть.,ДЖЕЙ-АКАНДАН.,,,
8210,Жизнь зовет: Повесть.,"КОЛЧИН, Владислав Александрович.",,,
8211,Жизнь зовет: Повесть.,КУЗНЕЦОВА А,,,
8212,Жизнь зовет: Повесть.,"ШУМОВ, Михаил.",,,
8213,Жизнь зовет: [Рассказы].,"АТМА-КИН, Иван Акимович.",,,
8214,Жизнь зовет: Рассказы.,"КАЛАШНИКОВ, Дмитрий Васильевич.",,,
8215,Жизнь зовет: Рассказы.,"ШКЕ-ТАН, М.",,,
8216,"Жизнь зовет: Рассказы, очерки и воспоминания.","ЗАКАМСКИЙ ЛЕСОВИК (БОГОСЛОВСКИЙ, Павел Степанович).",,,
8217,Жизнь зовет: [Стихи].,"ДИЛЬБА-ЗИ, Мирварид Паша ",,,
8218,Жизнь зовет: [Стихи].,"РАССВЕТОВ, Николай.",,,
8219,Жизнь золотых мотыльков: Разоблачения германского офицера.,ФОН ШЛИХТ ,,,
8220,Жизнь и воротник.,"ТЭФФИ, Н. А.",,,
8221,Жизнь и гибель Николая Курбова: Роман.,"ЭРЕНБУРГ, Илья Григорьевич.",,,
8222,Жизнь и грезы. Вальтера: История голландского мальчика сто лет тому назад.,МУЛЬТАТУЛИ.,,,
8223,"Жизнь и деяния Вездесуева, со всеми достопамятными его происшествиями:     Нравственно-сатирическая повесть.","ПАВЛОВ, А.",,,
8224,Жизнь и деяния Всезнаева со всеми достопамятными его происшествиями или Горе без ума: Нравственно-сатирический роман.,А. П. (ПАВЛОВ. А.). ,Жизнь и деяния Вездесуева со всеми достопамятными его происшествиями...,,
8225,"Жизнь и деяния Якова Бухенштей-на, чудака своего времени: Ч. 1—6.","ШПИСС (ШПИС, Христиан Генрих).",,,
8226,Жизнь и деятельность Балтазара Коссы: Папа Иоанн XXIII.,"ПАРАДИСИС, Александр.",,,
8227,Жизнь и любовь: Роман.,"ТАММ-СААРЕ, Антон.",,,
8228,Жизнь и любовь Николоза Бараташвили: (Главы из поэмы).,"КАРСКИЙ, Юрий Михайлович.",,,
8229,Жизнь  и   мечты: Стихотворения. Книжка 4-я.,"ИВАНОВ, Родион Васильевич.",,,
8230,Жизнь  и   мечты: Стихотворения.,"СТЭЛЛ, Аполлон.",,,
8231,Жизнь и   мечты: Стихотворения.,"ТЕРПИГОРЕВ, Ив.",,,
8232,Жизнь и мечты Ивана Моторихина: Повести и рассказы.,"КРЕСТИНСКИЙ, Александр Алексеевич.",,,
8233,Жизнь и мнения нового Тристрама: Ч. 1—2.,"ДЕ САНГЛЕН, Яков Иванович.",,,
8234,Жизнь и мнения Тристрама Шанди: Т. 1—6.,"СТЕРН, Лоренс. ","Жизнь и мнения Тристрама Шенди, джентльмена; Тристан Шенди.",,
8235,"Жизнь и мнения Тристрама Шенди, джентльмена.","СТЕРН, Лоренс.",,,
8236,"Жизнь и необыкновенные приключения капитан-лейтенанта Головнина, путешественника и мореходца.","ЗАЙКИН, Павел Дмитриевич, ФРАЕРМАН, Рувим Исаевич.",,,
8237,Жизнь и песни: Стихотворения и рассказы.,"НАЗАРОВ, Иван Абрамович.",,,
8238,Жизнь и песни за сохой: Стихотворения.,"ГУСЕВ, Вячеслав Герасимович.",,,
8239,Жизнь и пиратские приключения славного капитана Сингльтона.,"ДЕФО, Даниэль.",,,
8240,Жизнь и плавания флота капитана-лейтенанта Федора Литке.,"МАРИЧ, Мария.",,,
8241,Жизнь и подвиги знаменитого кругосветного путешественника Джемса Кука: Рассказ.,"ГОРН, В. Д. [!] (ОР-ТЕЛЬ, В.) (ЭРТЕЛЬ, Вильгельм).",,,
8242,Жизнь и подвиги Родиона Аникеева: Роман.,"ЯВИЧ, Август Ефимович.",,,
8243,"Жизнь и похождения Петра Сте- панова сына Столбикова, помещика в трех наместничествах:   Рукопись XVIII в. Ч. 1—3.","ОСНОВЬЯНЁНКО (КВИТКА-ОС-НОВЬЯНЕНКО, Григорий Федорович).",,,
8244,Жизнь и похождения Тихона Трос-никова.,"НЕКРАСОВ, Николай Алексеевич.",,,
8245,Жизнь и похождения Трифона Афанасьева: Повесть.,"СЛАВУТИНСКИЙ, Степан Тимофеевич.",,,
8246,Жизнь и поэзия Вильяма Шекспира: Роман. Ч. 1—4.,"КЕНИГ, Роберт.",,,
8247,Жизнь и правда: Стихотворения.,"МАКАРОВ, В.",,,
8248,Жизнь и преступление Антона Шелестова: Жизненная история в 2-х ч. (По мотивам повести Г. Медынского «Честь»).,"МЕДЫНСКИЙ, Григорий, ТОКАРЕВ, Владимир Николаевич.",,,
8249,"Жизнь и приключения английского джентльмена мистера Николая Никльби, с правдивым и достоверным описанием успехов и неудач, возвышений и падений, словом, полного поприща жены, детей, родственников и всего вообще семейства означенного джентльмена: Роман.","ДИККЕНС, Чарльз. ",Жизнь и приключения Николая Никльби; Николай Никльби.,,
8250,Жизнь и приключения в тайге.,"АРСЕНЬЕВ, Владимир Клавдиевич.",,,
8251,"Жизнь и приключения Даниэля Де Фо, автора Робинзона Крузо.","ДОТТЕН, Поль.",,,
8252,Жизнь и приключения Заморыша.,"ВАСИЛЕНКО, Иван Дмитриевич.",,,
8253,Жизнь и приключения Кости Спиридонова.,"УДАЛОВ, Александр Андреевич.",,,
8254,Жизнь и приключения Кубышки: Рассказы.,"МИНУТКО, Игорь Александрович.",,,
8255,Жизнь и приключения Лонг Алека: Роман.,"КЛИМЕНЧЕНКО, Юрий Дмитриевич.",,,
8256,Жизнь и приключения майора Га-гана: Повесть.,"ТЕККЕРЕИ, Уильям Мейк-пис.",,,
8257,Жизнь и приключения Мартина Чезлвита: Т. 1—2.,"ДИККЕНС, Чарльз.",,,
8258,"Жизнь и приключения Мартина Чозльвита, его родных, друзей и врагов, заключающие его намерения и поступки с хронологическим отчетом всего, что он сделал, и всего, чего не сделал, из которых притом видно, кто унаследовал фамильное серебро, кому достались серебряные ложки, кому большие — деревянные: Все вместе составляет полный ключ к дому Чозльви-тов. Т. 1—2.","ДИККЕНС, Чарльз. ",Мартин Чезльвит; Жизнь и приключения Мартина Чезльвита.,,
8259,"Жизнь и приключения моряка, рассказанные им самим.","ДЕФО, Даниэль.",,,
8260,Жизнь и приключения Николаса Никльби: Т. 1—2.,"ДИККЕНС, Чарльз.",,,
8261,Жизнь и приключения Николая Никльби: Роман.,"ДИККЕНС, Чарльз.",,,
8262,"Жизнь и приключения Николая Никльби, с правдивым и достоверным описанием успехов и неудач, возвышений и падений, словом, полного поприща жены, детей, родственников и всего вообще семейства означенного джентльмена: Иллюстрированный роман в 2-х кн.","ДИККЕНС, Чарльз.",,,
8263,"Жизнь и приключения пана Твардовского, польского колдуна: Заимствованное из легенд и преданий.","ЕВСТИГНЕЕВ, Михаил Е. Загл. ",,,
8264,Жизнь и приключения Роальда Амундсена.,"ЯКОВЛЕВ, Александр. ",Руал Амундсен; Сквозь льды: Повесть о полярном исследователе.,,
8265,"Жизнь и приключения Робинзона Крузо, природного англичанина.",ДЕФО. ,,,
8266,"Жизнь и приключения Робинзона Крузо, рассказанные им самим.",ДЕФО. ,,,
8267,Жизнь и приключения Робинсона Крузо.,"ДЕФО, Даниэль. ","Жизнь и приключения Робинзона Крузо, описанные им самим; Жизнь и приключения Робинзона Крузо, природного англичанина; Жизнь и приключения Робинзона Крузо, рассказанные им самим; Жизнь и путешествия Робинзона Крузо по Европе, Азии, Африке и Америке: Воспоминания этого знаменитого 72-летнего старца; Жизнь и странные небывалые приключения Робинзона Крузо; Жизнь и удивительные приключения морехода Робинзона Крузо (1719); Жизнь и удивительные приключения Робинсона Крузо; Жизнь и удивительные приключения Робинсона Крузо, Йоркского моряка, рассказанная им самим; Жизнь и удивительные приключения Робинзона Крузо, моряка из Йорка, написанные им самим; Жизнь и удивительные приключения Робинзона Крузо, моряка из Йорка, прожившего двадцать восемь лет в полном одиночестве у берегов Америки, близ устьев реки Ориноко, куда он был выброшен кораблекрушением, во время которого весь экипаж корабля, кроме него, погиб, с изложением его неожиданного освобождения пиратами, написанные им самим; Похождения Робинзона Крузо; Приключения Робинзона Крузо; Путешествия и удивительные приключения Робинзона Крузо; Робинзон; Робинзон, его жизнь и приключения; Робинзон Крузо; Робинзон Крузо., его жизнь и приключения; Робинзон Крузо и его интересные приключения; Робинзон Крузо и его интересные приключения, описанные им самим; Робинзон Крузо и его необычайные приключения; Робинзон Крузо и его приключения, пробывшего десять лет на безлюдном острове в стране диких людей; Сокращенный Робинзон Крузо; Удивительные приключения английского моряка Робинзона Крузе; Удивительные приключения Робинзона Крузо. Загл. обл.: Робинзон Крузо.",,
8268,"Жизнь и приключения Робинсона Крузо, описанные им самим.","ДЕФО, Даниэль.",,,
8269,Жизнь и приключения чудака: Повесть.,"ЖЕЛЕЗНИКОВ, Владимир Карпович.",,,
8270,"Жизнь и приключения ярославцев и странствование их по России и за границей: Сцены, рассказы и очерки.",Имя авт. не установлено.,,,
8271,"Жизнь и путешествия Робинзона Крузо по Европе, Азии, Африке и Америке: Воспоминания этого знаменитого 72летнего старца.","ДЕФО, Даниэль.",,,
8272,Жизнь и раздумья Александра Пальма.,"ТХОРЖЕВСКИИ, Сергей Сергеевич.",,,
8273,Жизнь и размышления Ивана Даниловича Кравцова или Устройство новой жизни.,"ДОРОШЕНКО, Г. И.",,,
8274,Жизнь и смерть: Драма в 5-ти д.,"ЧУИКОВ-ОВЕРИН, Митрофан Иванович.",,,
8275,"Жизнь и смерть: Рассказы, очерки, фантазии и стихотворения.","КРАЧКОВ-СКИИ, Владимир Николаевич.",,,
8276,Жизнь и смерть: Роман.,"ЗАЛАТА, Федор Дмитриевич.",,,
8277,Жизнь и смерть: [Сонет].,ФЕДОРОВ,,,
8278,Жизнь и смерть: Странички войны.,"ПОЛИТУР, Николай Романович.",,,
8279,Жизнь и смерть вольного стрелка: Баллада в прозе.,"ЛУНДКВИСТ, Артур.",,,
8280,Жизнь и смерть капитана Рено или Камышовая тросточка.,"ВИНЬИ, Альфред де. ",,Неволя и величие солдата...,
8281,Жизнь и смерть короля Ричарда Третьего: Драма.,"ШЕКСПИР, Вильям. ",Король Ричард Третий; Ричард III.,,
8282,Жизнь и смерть Лиедага: Повесть.,"САКСЕ, Анна Оттовна.",,,
8283,Жизнь и смерть А. С. Пушкина (1799—1837):  Биографическая трилогия.,"МИХНЕВИЧ, Александр Петрович.",,,
8284,Жизнь и смерть пьяницы: Быль. Рассказ.,"ДЯДЯ АДАМ (ВЕТТЕРБЕРГ, Карл Антон).",,,
8285,Жизнь и смерть Сакко и Ванцетти.,"ЛАЙОНС, Юджин. ",На электрическом стуле.,,
8286,Жизнь и сон: Роман.,"ЗАРИН, Андрей Ефимович.",,,
8287,Жизнь и странные небывалые приключения Робинзона Крузо.,"ДЕФО, Даниэль. ",Удивительные приключения Робинзона Крузо.,,
8288,Жизнь и сцена: Рассказы.,"ДЖЕРОМ, ДЖЕРОМ К",,,
8289,Жизнь и творчество композитора Фолтына.,"ЧАПЕК, Карел. ",,Обыкновенная жизнь...,
8290,Жизнь и удивительные приключения морехода Робинзона Крузо (1719).,"ДЕФО, Даниэль. ",Робинзон Крузо.,,
8291,Жизнь и удивительные приключения Робинзона Крузо.,"ДЕФО, Даниэль. ",Приключения Робинзона Крузо.,,
8292,"Жизнь и удивительные приключения Робинзона Крузо, моряка из Йорка, написанные им самим.","ДЕФО, Даниэль. ",Робинзон Крузо.,,
8293,"Жизнь и удивительные приключения Робинзона Крузо, моряка из Йорка, прожившего двадцать восемь лет в полном одиночестве на необитаемом острове у берегов Америки, близ устьев реки Ориноко, куда он был выброшен кораблекрушением, во время которого весь экипаж корабля, кроме него, погиб, с изложением его неожиданного освобождения пиратами, написанные им самим.","ДЕФО, Даниэль.",,,
8294,"Жизнь и удивительные приключения Робинсона Крузо, Йоркского моряка, рассказанные им самим.","ДЕФО, Даниэль. ",Робинсон Крузо.,,
8295,Жизнь и школа: Драма в 4-х д.,"ЗЕНЧЕНКОВ, Александр Георгиевич.",,,
8296,Жизнь  Ивана:  Повесть.,"ДЕМИДОВ, Алексей Алексеевич.",,,
8297,"Жизнь Ивана Гармсена, бедного сироты в Голландии: Истинная повесть.",Имя авт. не установлено.,,,
8298,Жизнь Ивана Семенова: Повесть.,"ДАВЫДЫЧЕВ, Лев Иванович.",,,
8299,"Жизнь игрока:   (Картинки из беговой, ресторанной и клубной жизни).","ХОЛМОГОРСКИЙ, И.",,,
8300,Жизнь идет: Повесть.,"Ш ЕВЕ ЛОВ, Виктор Макарович.",,,
8301,Жизнь идет: [Рассказ].,"ПОПОВ, Н.",,,
8302,Жизнь идет: Рассказы.,ШУБИН. ,,,
8303,Жизнь  идет: Роман.,"ГУРЕЕВ, Алексей Иванович.",,,
8304,"Жизнь, избранная сердцем.","БАРКОВ, Борис Прокопвевич.",,,
8305,Жизнь или смерть! Или Самоубийцы от любви: Новая комедия в 1-м д.,"ДЮМАНУАР, Филипп Франсуа Пинель, СКРИБ, Эжен.",,,
8306,Жизнь Илимова: Будничная драма в 5-ти карт.,"ЛИХАЧОВ, В. С. (ЛИХАЧЕВ, Владимир Сергеевич).",,,
8307,Жизнь Имтеургина Старшего.,ТЭ-КИ ОДУЛОК (ТЕККИ ОДУЛОК).,,,
8308,Жизнь инженера.,"БАРДИН, Иван Павлович.",,,
8309,Жизнь исландских рыбаков.,"ЛОТИ, Пьер.",,,
8310,Жизнь испытывает вас: Повесть и рассказы.,"БАБАНЛЫ, Видади Юсиф оглы.",,,
8311,Жизнь иссякла; Стихийные силы.,"ЛАНД, Ганс.",,,
8312,Жизнь кавалера Фоблаза: [Ч. 1—14].,"ЛУВЕ ДЕ КУВРЕ, Жан Батист. ",Любовные похождения кавалера Фоблаза; Любовные приключения кавалера Фоблаза; Приключения шевалье де Фоблаза; Фоблаз: Любовные похождения.,,
8313,Жизнь — как весна: Очерк.,"ФО-ТЬЕВ, Николай Иванович.",,,
8314,"Жизнь, как она была: Повесть из былого рядового большевика. Ч. 1.","ЗЛИН-ЧЕНКО-РАБОТНИКОВ, Кирилл (ЗЛИН-ЧЕНКО, Кирилл Павлович).",,,
8315,Жизнь как она есть: Записки неизвестного. Ч. 1---3.,"БРАНТ, Леопольд Васильевич.",,,
8316,Жизнь как она есть: Повесть.,"КО-СТЮКОВСКИИ, Борис Александрович.",,,
8317,Жизнь как она есть: Повесть.,"ТЕ-ВЕКЕЛЯН, Варткес Арутюнович.",,,
8318,Жизнь как она есть: Повесть в 3-х ч. Т. 1—4.,"СНИТКО, Леонид Степанович.",,,
8319,Жизнь как она есть: Рассказы из еврейской жизни.,"ПРУЖАНСКИЙ, Н. (ЛИ-НОВСКИЙ, Николай Осипович).",,,
8320,"Жизнь Клеопатры, египетской царицы.","ЛАНДИ, Ю. (ЛАНДИ, Джулио).",,,
8321,Жизнь Клима Самгина: (Сорок лет). Повесть.,"ГОРЬКИЙ, Максим.",,,
8322,Жизнь Кольцова: Роман.,КОРАБ-ЛИНОВ.,,,
8323,Жизнь коммуниста.,"ВАРАС, Хосе Мигель.",,,
8324,Жизнь-копейка: Роман из современной жизни. Ч. 1.,"БЕБУТОВА, Ольга Георгиевна.",,,
8325,"Жизнь, которой живу.","СМИРНОВ, Владимир Александрович.",,,
8326,"Жизнь «культурного» человека: (Наша любовь). Perpetuum mobile наших дней в 5-ти карт, с апофеозом.","КРАШЕНИННИКОВ, Николай Александрович.",,,
8327,Жизнь Лаврентия Серякова: Повесть.,"ГЛИНКА, Владислав Михайлович.",,,
8328,Жизнь Лазаря Гоша.,"ЖИРАР, Жорж Антуан Мария.",,,
8328а,"Жизнь Ласарильо с Тормеса, его невзгоды и злоключения. Имя авт. не установлено. 83286. Жизнь Ласарильо с Тормеса, его удачи и злоключения: Старинная повесть.",Имя авт. не установлено.,,,
8329,Жизнь Ласарильо с Тормеса и его беды и несчастья.,Имя авт. не установлено.,,,
8330,Жизнь Ленина.,"КЕРЖЕНЦЕВ, Платон Михайлович.",,,
8331,"Жизнь Леонардо, сержанта милиции: Роман.","АЛМЕЙДА, Мануэл Антонио де.",,,
8332,Жизнь летчика.,"БОБРОВ, Николай Сергеевич.",,,
8333,"Жизнь, любовь моя.","САПФИРОВ, Николай Николаевич.",,,
8334,"Жизнь людей через 1000 лет, в 3000 году.","ГИТТОН, Густав.",,,
8335,Жизнь Магомета.,"ИРВИНГ, Вашингтон.",,,
8336,Жизнь Мари Кюри.,"КЮРИ, Ева. Изд. ",,,
8337,Жизнь Марианны или Приключения графини де***: Роман.,"МАРИВО, Пьер Карлэ де Шамблэн.",,,
8338,Жизнь Марии.,"РИЛЬКЕ, Райнер Мария.",,,
8339,Жизнь Матвея Кожемякина.,"ГОРЬ КИЙ, Максим.",,,
8340,Жизнь — мгновенье; В осажденной крепости; Гуси; Ушли: Военные рас сказы.,"КОВАЛЬСКИЙ, Казимир Адольфович.",,,
8341,Жизнь меняется: Повесть.,"ВОЛКОВ, Петр Ильич.",,,
8342,Жизнь Мечникова: Повесть о великом русском биологе.,"МОГИЛЕВСКИЙ, Борис.",,,
8343,"Жизнь, мечта, любовь.",ФАРХАТ. ,,,
8344,Жизнь милой Ольги.,"ФРОМАН, Михаил.",,,
8345,Жизнь минувшая.,"МАХОВ, Никифор Иванович.",,,
8346,"Жизнь, мнения и странные приключения Эразма Шлейхера, странствующего механика; Ч. 1—2.","КРАМЕР, Карл Готлоб.",,,
8347,"Жизнь моего отца или Как случилось, что я родился: Повесть в 11-ти главах, представляющая в весьма приятном, забавном и привлекательном виде различ- ные непредвидимые случаи, встречающиеся человеку в жизни; как управляет бывает оный непонятным стечением обстоятельств, разрушающих и уничтожающих часто все его намерения; непостижимость судьбы, подвергающей нас непременному своему закону.","КОЦЕБУ, Август Фридрих.",,,
8348,Жизнь молодая: Повести.,"ИЗЪЮ-РОВ, Иван Васильевич.",,,
8349,Жизнь молодая: Рассказы о настоящих людях.,"ЗВЕРЕВ, Илья.",,,
8350,Жизнь моряка: [Повесть].,"МОРОЗОВ, Александр Иванович.",,,
8351,«Жизнь моряка» и другие рассказы.,"БУРЖЕ, Поль.",,,
8352,Жизнь московских закоулков: Очерки и рассказы.,"ЛЕВИТОВ, Александр Иванович.",,,
8353,Жизнь моя: Роман.,"ЧАПЫГИН, Алексей Павлович.",,,
8354,Жизнь моя: Стихи.,"МРЕВЛИШВИ-ЛИ, Маквала Александровна.",,,
8355,Жизнь моя...: Стихи разных лет.,"ФРЕНКЕЛЬ, Илья Львович.",,,
8356,"Жизнь моя, лес: Повесть.","ПАСЕ-НЮК, Леонид Михайлович. ",,Путешествие на белой шхуне...,
8357,"Жизнь моя, любовь моя...: Стихи.","ИВАНОВ, Александр Александрович.",,,
8358,Жизнь мужицкая.,"ПОДЬЯЧЕВ, Семен Павлович.",,,
8359,Жизнь музыканта: Повесть.,"СПЕН-ДИАРОВА, Марина Александровна.",,,
8360,Жизнь Муравьева: (Горы и звезды). Документальная историческая хроника.,"ЗАДОНСКИЙ, Николай Алексеевич.",,,
8361,Жизнь мучеников.,"ДЮАМЕЛЬ, Жорж.",,,
8362,"Жизнь, мысли и странные приключения Павла Изопа, придворного шута: Ч. 1—4.","КРАМЕР, Карл Готлоб.",,,
8363,Жизнь Мэркоса де-Обрегон.,"ЭСПИ-НЕЛЬ, Висенте Мартинес.",,,
8364,Жизнь на войне: Записки военного корреспондента.,"БОРЗЕНКО, Сергей Александрович.",,,
8365,Жизнь на грешной земле: Повесть.,"ИВАНОВ, Анатолий Степанович.",,,
8366,Жизнь на древнеримской дороге.,"ТОТОВЕНЦ, Ваан Оганесович.",,,
8367,Жизнь на ладони.,"ШМИДТ, Борис.",,,
8368,"Жизнь на миру: Очерки-воспоминания о воителях и мечтателях, о газетчиках и поэтах.","ЕВГЕНОВ, Семен Владимирович.",,,
8369,Жизнь на Миссисипи: Очерки и картинки.,"ТВЭН, Марк (ТВЕН, Марк). ",Жизнь на реке Миссисипи.,,
8370,Жизнь на острове Ява.,МУЛЬТА-ТУЛИ.,,,
8371,Жизнь на развалинах:    Комедия 2000-го года.,"СИНКЛЕР, Уптон (СИНКЛЕР, Эптон).",,,
8372,Жизнь на реке Миссисипи.,"ТВЭН, Марк (ТВЕН, Марк).",,,
8373,Жизнь на старой римской дороге: Повести и рассказы.,"ТОТОВЕНЦ, Ваан Оганесович.",,,
8374,Жизнь на фукса.,"ГУЛЬ, Роман Борисович.",,,
8375,Жизнь наверху.,"БРЭИН, Джон. ",,Путь наверх...,
8376,Жизнь нам открыла глаза: Повести и рассказы.,"АБДЫРАМАНОВ, Шабдан-бай.",,,
8377,Жизнь народов России: Этнографические рассказы. I—И.,"ИНФАНТЬЕВ, Порфирий Павлович.",,,
8378,Жизнь научила:     Историческая драма в 4-х д. (Из жизни парижских предместий времен Коммуны).,"ЖЕФФРУА, Густав.",,,
8379,Жизнь научила: [Рассказ].,"ДЕМИДОВ, Андрей Ерофеевич.",,,
8380,Жизнь началась.,"ФИЛИППОВ, Алексей Михайлович.",,,
8381,"Жизнь начинается: Воспоминания, рассказы, очерки.","ПАЛЕЦКИС, Юстас Игнович.",,,
8382,Жизнь начинается: Комсомольские рассказы.,"КОЛОСОВ, Марк Борисович.",,,
8383,Жизнь начинается: Пьеса в 3-х д.,"ХАИТ, Давид Маркович.",,,
8384,Жизнь начинается вновь: Рассказ о венгерском рабочем Майкле Кадарьяне.,"ГАРИЧ, Геннадий Иванович.",,,
8385,Жизнь начинается завтра!: (Роман).,"ВЕРОНА, Гвидо да.",,,
8386,Жизнь начинается сегодня: Роман.,"ГОЛЬДБЕРГ, Исаак Григорьевич.",,,
8387,Жизнь начинается снова: Пьеса в 4-х д.,"СОБКО, Вадим Николаевич.",,,
8388,Жизнь начинается снова: Роман.,"ТЕВЕКЕЛЯН, Варткес Арутюнович.",,,
8389,Жизнь начиналась так: Повесть.,"ГЛУШКОВА, Юлия Сергеевна.",,,
8390,Жизнь начиналась трудно.,"ШАМШУРИН, Юрий Иванович.",,,
8391,Жизнь не для себя: Повесть.,"РАЗИНА, Елизавета Алексеевна.",,,
8392,Жизнь не ждет: (Из блокнота журналиста).,"ВИННИЧЕНКО, Иван Федорович.",,,
8393,Жизнь не ждет: Этюд в 1-м д.,"ВЛАДИМИРОВА, Елизавета.",,,
8394,Жизнь не остановить: Роман.,"ОБУХОВ, Михаил Михайлович.",,,
8395,Жизнь не прощает.,"КАНЮКА, Михаил Сергеевич.",,,
8396,Жизнь — не сабантуй: Стихи.,"АМИРИ, Гайнан.",,,
8397,Жизнь не шутка: Драматические картины из народной жизни. В 3-х д.,"ЯРЫГИН, Федор Александрович.",,,
8398,"Жизнь некоего аввакумовскогс скитника, в Брынских лесах жительствовавшего, и куриезный разговор души его при перевозе через реку Стикс.","КОЛОСОВ, Степан Прокофьевич.",,,
8399,Жизнь ненужного человека: Роман.,"ГОРЬКИЙ, Максим.",,,
8400,Жизнь ни во что:    (Лбовщина). (Повесть).,"ГАЙДАР, Аркадий.",,,
8401,Жизнь Никитина: Роман.,"КОРАБ-ЛИНОВ, Владимир Александрович.",,,
8402,Жизнь Николая Щорса.,"ГЕРАСИМОВ, Евгений Николаевич. ",Повесть о Щорсе.,,
8403,Жизнь Нины Камышиной: Роман.,"КОРОНАТОВА, Елена Ивановна.",,,
8404,Жизнь обычная: Стихи.,"ТАМАРИНА, Руфь Мееровна.",,,
8405,Жизнь одесских приказчиков: Очерки.,"КАРМЕН, Л. О.",,,
8406,Жизнь озорная и строгая: Невыдуманные рассказы.,"КРАВЧЕНКО, Павел Антонович.",,,
8407,Жизнь остановить нельзя.,"ТЫЧКОВ, Николай Петрович.",,,
8408,Жизнь ответила: (Повесть из современной жизни).,"ЩЕГЛОВИТОВ, Александр Тихонович.",,,
8409,Жизнь открывается: Повесть.,"МАРГЕРИТ, Виктор, МАРГЕРИТ, Поль.",,,
8410,Жизнь открывается:    Рассказы.,"ЩЕПКИНА-КУПЕРНИК, Татьяна Львовна.",,,
8411,Жизнь отца моего.,"РЕТИФ ДЕ ЛА БРЕТОНН, Никола Эдм.",,,
8412,Жизнь пережить — не поле перейти: Действие рассказа происходит в двадцатых годах XIX столетия. Повесть.,"ОСТРОВСКАЯ, Надежда Николаевна.",,,
8413,Жизнь пережить — не поле перейти: Драма в 5-ти д. с прологом.,"ФЕИЕ, Октав.",,,
8414,Жизнь пережить — не поле перейти: Роман.,УГР-В.,,,
8415,Жизнь пережить — не поле перейти: Роман. Т. 1.,"ВЕСЕРЕЛЬ, Елисавета (УОРНЕР, Сьюзен).",,,
8416,Жизнь пещерного человека.,"ВАТЕРЛОО, Стэнли.",,,
8417,Жизнь Пирогова: Повесть о великом хирурге и педагоге.,"МОГИЛЕВСКИЙ, Борис.",,,
8418,Жизнь побеждает: Очерки.,"ЧЕРНЯЕВ, Александр Федорович.",,,
8419,Жизнь побеждает: Повесть.,"МАТЮШИНА, Ольга Константиновна.",,,
8420,Жизнь побеждает: Повесть.,"ШАРОВ, Александр.",,,
8421,Жизнь побеждает: Роман.,"КУРАКИН, Петр Григорьевич.",,,
8422,Жизнь под огнем.,"САРКИСЯН, Мкртич Дивинович.",,,
8423,Жизнь под оркестр.,"ЧЕРЕПОВ, П. В.",,,
8424,Жизнь подпольника: Хроника одной жизни.,"ГИО, Артем.",,,
8425,Жизнь подсказывает: Записки корреспондента.,"АНТОНОВ, Иван Захарович.",,,
8426,Жизнь полна загадок.,"РУБЦОВ, Виталий Николаевич.",,,
8427,"Жизнь, полная радости: Невыдуманные рассказы.","ПАРМУЗИН, Борис Сергеевич.",,,
8428,Жизнь поэта: [Лирические новеллы и миниатюры].,"СУББОТИН, Василий Ефимович. ",Силуэты.,,
8429,Жизнь поэта: Роман в 5-ти ч.,"ЛЬЮИЗ, Джордж Генри (ЛЬЮИС, Джордж Генри).",,,
8430,"Жизнь поэта-крестьянина (1848— 1905 гг.), описанная им самим, и избранные стихотворения.","ДРОЖЖИН, Спиридон Дмитриевич.",,,
8431,Жизнь приказывает: Драма в 3-х д.,"ЗАЯИЦКИИ, Сергей Сергеевич.",,,
8432,"Жизнь, приключения и трагическая кончина крысы с Привозной площади.","БРОУД, И. С.",,,
8433,"Жизнь, прими меня!: Повесть.","ХРАПОВА, Лариса Евгеньевна.",,,
8434,Жизнь продленная: Четыре повести.,"ВИНОГРАДОВ, Иван Иванович.",,,
8435,Жизнь продолжается: Очерки.,"КО-ТЕНЕВ, Алексей Яковлевич.",,,
8436,Жизнь  продолжается:  Повести. Рассказы.,"ТУРЕНСКАЯ, Валентина Ионовна.",,,
8437,Жизнь продолжается: Повести и рассказы.,"КАГАН, Абрам Яковлевич.",,,
8438,Жизнь  продолжается:  Повесть.,"ГАТЧИНСКИЙ, Михаил Абрамович.",,,
8439,Жизнь  продолжается:  Повесть.,"ЛЕСНАЯ, Лидия, МАКСИМОВ, Георгий Михайлович.",,,
8440,Жизнь  продолжается:  Повесть.,"ШАШКИН, Павел Иванович.",,,
8441,Жизнь продолжается: Рассказы.,"ЛИФАНОВ, Иван Александрович.",,,
8442,Жизнь продолжается: [Рассказы. Очерки].,"ОВЕЧКИН, Валентин Владимирович.",,,
8443,Жизнь продолжается: Рассказы о моряках.,"ЗОНИН, Александр Ильич.",,,
8444,Жизнь продолжается: Стихи.,"АН-КВАБ, Владимир Джисипович.",,,
8445,Жизнь продолжается:      Стихи.,"МИРЗОЕВ, Гафар (МИРЗО, Гаффар).",,,
8446,"Жизнь, прожитая дважды: Повесть.","МУШТАЕВ, Владислав Павлович.",,,
8447,Жизнь прожить: Повести.,"ЛЕБЕДЕВ, Василий Алексеевич.",,,
8448,Жизнь прожить...: [Как бы исповедь].,"ТИТОВ, Владислав Андреевич.",,,
8449,Жизнь прожить...: Рассказы.,"БОНДАРЕВ, Владимир Николаевич.",,,
8450,Жизнь прожить — не поле перейти: Рассказ.,"ПРЕЛАТОВА, С.",,,
8451,Жизнь прожить — не поле перейти: Рассказы.,"КАРЮКОВ, А. П.",,,
8452,"Жизнь, простертая по веку.","МИХА-ЛЕВИЧ, Александр Владимирович.",,,
8453,Жизнь простого человека.,"ИГНАТОВ, Петр Карпович. ",Дети семьи трудовой.,,
8454,Жизнь против смерти: Роман.,"ПУЙМАНОВА, Мария.",,,
8455,Жизнь Радищева.,"МУРАТОВ, Михаил Васильевич.",,,
8456,Жизнь римских императриц: Каргины из жизни римского общества. Исторические рассказы.,"ПИО, Оскар.",,,
8457,Жизнь розовая.,"ЕМЕЛЬЯНОВА, Нина.",,,
8458,Жизнь с Маяковским.,"КАМЕНСКИЙ, Василий Васильевич.",,,
8459,Жизнь свое возьмет; Незаметные труженики; Тихий уголок: Три рассказа.,"КАР ДО-СЫСОЕВА, Н. Е.",,,
8460,Жизнь сельского священника: Бытовая хроника из жизни русского духовенства. В 3-х ч.,"ЛИВАНОВ, Федор Васильевич.",,,
8461,Жизнь сердца или Как любят женщины: [Роман]. Ч. 1—3.,Имя авт. не установлено.,,,
8462,Жизнь серого медведя: Повесть.,"СЕТОН-ТОМПСОН, Эрнест. ",Биография гризли; Серый медведь.,,
8463,Жизнь сильнее: Комедия в 4-х д.,"ЗУДЕРМАН, Герман.",,,
8464,Жизнь складывается из суток.,"ПЕШКОВА, Инна Михайловна.",,,
8465,Жизнь слагают секунды: Документальная повесть о конькобежце Е. Гришине.,"МАРИН, Михаил Исаакович.",,,
8466,Жизнь смеется!: Комедия в 4-х д.,"ФЕЛЬДМАН, Вильгельм.",,,
8467,Жизнь — смерть: Стихотворения.,"БАХМЕТЕВ, Николай Николаевич. ",Сборник стихотворений.,,
8468,"Жизнь, смерть и возрождение: (Медиумические сообщения).","КАРЫШЕВ, Иван ",,,
8469,Жизнь современника.,"ГОЛИЧЕР, Артур.",,,
8470,Жизнь спасителя:      (Рукопись).,"ФРЕНСЕН, Густав.",,,
8471,Жизнь среди камней: Очерки.,"ЖИГА, Иван.",,,
8472,"Жизнь, ставшая песней: Стихи.","ПОПОВ, Леонид Андреевич.",,,
8473,Жизнь Стефенсона.,"МАСЛИВ, В.",,,
8474,Жизнь стоит дорого.,"МЫЛЬНИКОВ, Николай Николаевич.",,,
8475,Жизнь — счастье; «Смеляночка»: Драматические сцены в 4-х д.,"ЮШКОВ, Николай Фирсович.",,,
8476,"Жизнь такая, как надо: Повесть об Аркадии Гайдаре.","МАЛЮГИН, Владимир Николаевич. ",Повесть о Гайдаре.,,
8477,Жизнь течет: (Подражание Ефрему Сирину); Себе внемлите; К моим врагам.,"БЕНЕДИКТОВ, Павел Иванович.",,,
8478,Жизнь Тимирязева: Повесть о великом ученом и гражданине.,"МОГИЛЕВСКИЙ, Борис.",,,
8479,Жизнь только начинается: Повесть.,"ПАНОВ, Александр Сергеевич.",,,
8480,"Жизнь торжествует: Стихи, песни, переводы.","ДЕНИСОВ, Георгий Иванович.",,,
8481,Жизнь тревожит: Рассказы.,"ТКАЧЕНКО, Анатолий Сергеевич.",,,
8482,Жизнь трех клоунов: Воспоминания трио Франтеллини.,"МАРИЕЛЬ, Пьер.",,,
8483,Жизнь у огня.,"КРАСИЛОВ, Анатолий Федорович.",,,
8484,Жизнь у порога.,"ГУСЕВ, Борис Сергеевич.",,,
8485,Жизнь улыбается: Избранные стихи. (1923—1926).,"МОЛЧАНОВ, Иван Ни-канорович.",,,
8486,"«Жизнь улыбается, смеется...».","АРДАМАТСКИЙ, Василий Иванович.",,,
8487,Жизнь умерла: Пьеса в 4-х актах.,"СУХАНОВ, Н. И.",,,
8488,Жизнь уходит: Драматические сцены в 3-х д.,"ВЕРШИНИН, Алексей Платонович.",,,
8489,Жизнь учит: Повесть.,"ОРЕШИН, Петр Васильевич.",,,
8490,Жизнь Франклина: Биографическая повесть.,"ДОМБРОВСКИЙ, Вячеслав Вячеславович, ШМУЛЬЯН, Андрей Петрович.",,,
8491,Жизнь Франциска Ассизского.,"СВЕШНИКОВА, Елизавета Петровна.",,,
8492,Жизнь холостяка: Комедия в 2-х д.,"ДЬЯКОНОВ, И. М.",,,
8493,Жизнь художника Федотова.,"ШКЛОВСКИЙ, Виктор Борисович. ",Капитан Федотов; Повесть о художнике Федотове.,,
8494,Жизнь цветет: Роман.,"ЯРОВОЙ, Павел.",,,
8495,Жизнь человека: (Дороги). Народная драма в 2-х ч.,"ХУХАШВИЛИ, Георгий Михайлович. ",Дороги. (Жизнь человека).,,
8496,Жизнь человека: Драма в 5-ти карт.,"КРАБ (ГЕРТ, Клавдий).",,,
8497,"Жизнь человека: Представление в 5-ти карт, с прологом.","АНДРЕЕВ, Леонид Николаевич.",,,
8498,Жизнь человека: Фарс в 3-х д.,"ГРЕЙЦ, Л. С., КОБЗАРЬ, Н. П.",,,
8499,Жизнь человеческая.,"СУМАРОКОВ, Павел Иванович.                  ",,,
8500,"Жизнь, что морская пучина: Уголовный роман в 2-х ч.","СЕДЕЛЬНИКОВ, Николай Михайлович.",,,
8501,Жизнь шумит: Комедия в 3-х д.,"ПЕТРОВ, Виктор Иванович.",,,
8502,Жизнь Щупова: Роман.,"ШЕЛЛЕР-МИХАИЛОВ, Александр Константинович.",,,
8503,"Жизнь Щупова, его родных и знакомых: Роман в 2-х ч.","МИХАИЛОВ, А. (ШЕЛЛЕР-МИХАЙЛОВ, Александр Константинович). ",Жизнь Щупова.,,
8504,Жизнь Эльзы.,"ЛИХАЧЕВА, Елизавета.",,,
8505,Жизнь Эмиля Золя.,"РЕЙН, Норман, ХЕРАЛД, Хейнц",,,
8506,Жизнь — это краткая иллюзия: Повесть.,"ФУЧЕДЖИЕВ, Дико Славов. ",,Небо Велеки...,
8507,Жизнь южных штатов.,"БИЧЕР-СТОУ, Гарриет. ",Дрэд; Проклятое болото.,,
8508,Жизнь юного пролетария: Повесть.,"ЛЕЩИНСКИЙ, Наум Ефремович.",,,
8509,Жизнь ярославца: Рассказ в стихах.,С. С.,,,
8510,Жизнью обязаны: Роман.,"ВАНЮШИН, Василий Федорович.",,,
8511,Жил-был двор.,"ЯКИР, Светлана Яковлевна.",,,
8512,Жил-был каторжник.,"АНУИ, Жан.",,,
8513,Жил-был класс.,"БЕНДОВА, Криста.",,,
8514,Жил-был Кузьма: Драматическая быль в 2-х ч.,"ТОБОЛКИН, Зот Корнило-вич.",,,
8515,Жил-был мальчик: Картинки прошлого.,"ФЕДОРОВ-ДАВЫДОВ, Александр Александрович.",,,
8516,Жил-был мальчик:      [Роман].,"ИВАНТЕР, Нина Абрамовна.",,,
8517,Жил-был мальчишка...: Из дневников и писем.,"МОЛОЧКО, Михаил.",,,
8518,Жил-был тимуровец Лаптев: Вполне вероятное происшествие в 2-х д. с прологом и эпилогом.,"ХМЕЛИК, Александр Григорьевич.",,,
8519,Жил-был человек: Рассказы.,"ГАРИН, Семен Семенович.",,,
8520,Жил в станице мальчишка: Повесть.,"ЕВТУШЕНКО, Анатолий Григорьевич.",,,
8521,Жил в Узине мальчишка: Страницы из детства космонавта П. Поповича.,"МИХАЙЛОВА, Вера Григорьевна.",,,
8522,Жил певчий дрозд: Киносценарий.,"ИОСЕЛИАНИ, Отар Давыдович, ЭРИСТА-ВИ, Димитри.",,,
8523,Жил человек: Очерки и рассказы.,"КОСТИН, Иван Иванович.",,,
8524,Жил человек: [Роман].,"ПОЧИВА-ЛИН, Николай Михайлович.",,,
8525,Жила-была девочка: Киносценарий.,"НЕДОБРОВО, Владимир Владимирович.",,,
8526,Жила-была женщина:       Роман.,"ИОСЕЛИАНИ, Отиа Шалвович.",,,
8527,Жила-была Катенька...: Повести и рассказы.,"БРУСИЛОВСКИЙ, Рафаил Моисеевич.",,,
8528,Жила-была семужка.,"АБРАМОВ, Федор Александрович. ",,Братья и сестры...,
8529,Жила в Ташкенте девочка: Повесть.,"ДАВИДОВА, Христина Михайловна.",,,
8530,Жила на свете вдова: Повесть.,"МУРАТОВ, Игорь Леонтьевич.",,,
8531,Жилая земля: Рассказы.,"ЛАЗАРЕВ, Владимир Николаевич.",,,
8532,Жилая зона: Стихи и поэма.,"ШЕСТЕРИКОВ, Михаил Васильевич.",,,
8533,Жилблаз де Сантиллана: Ч. 1—8.,"ЛЕСАЖ, Ален Рене.",,,
8534,Жилец: Сцены в 3-х д.,"ПЛЕЩЕЕВ, Алексей Николаевич.",,,
8535,"Жилец-самоучка: Искусство жить в уплотненной квартире. Жилплощадь как таковая, ее характер, флора и фауна. Лекции Евлампия Надькина, прочитанные им з Сорбоннском университете, Харитоньевской поликлинике, а также в картонажном заведении Матильды Надькиной.","НАДЬКИН, Евлампий Карпович.",,,
8536,Жилец третьего этажа: Пьеса в 3-х д.,"ДЖЕРОМ, Джером Клапка.",,,
8537,Жилец 13-го номера: Шутка в 1- м д.,"ЖУНО, А. (ЖУНО, Огюст).",,,
8538,Жили бы как люди: (Люди в масках и без масок). Грустная комедия. В 2- х д.,"ТЕРЕНТЬЕВ, Николай Терентьевич.",,,
8539,Жили-были; Большой шлем; Кусака: [Рассказы].,"АНДРЕЕВ, Леонид Николаевич.",,,
8540,"Жили-были: Воспоминания, мемуарные записи, повести о времени с конца XIX в. по 1962 г.","ШКЛОВСКИЙ, Виктор Борисович.",,,
8541,Жили-были: Рассказы.,"БАИ ГУЛОВ, Иван Михайлович.                 ",,,
8542,Жили-были: Сказки.,"КАПУАНА, Луиджи.",,,
8543,Жили-были два друга.,"НАЗАРОВ, Нодир.",,,
8544,Жили-были два товарища.,"АЛЕКСЕЕВ, Михаил Николаевич.",,,
8545,Жили-были мальчишки: Повесть.,"ШАСТИН, Анатолий Михайлович.",,,
8546,Жили-были мальчишки: Повесть и рассказы.,"СОЛОНИЦЫН, Алексей Алексеевич.",,,
8547,Жили-были — плавали: Повести и рассказы.,"КОЖЕВНИКОВ, Алексей Венедиктович.",,,
8548,Жили-были разведчики...,"КАРПОВ, Владимир Васильевич.",,,
8549,Жили-были старик со старухой: Киносценарий.,"ДУНСКИИ, Юлий Теодорович, ФРИД, Валерий Семенович.",,,
8550,Жили два друга...: Повесть.,"АНДРОПОВ, Сергей Сергеевич.",,,
8551,Жили два друга: Роман.,"СЕМЕ-НИХИН, Геннадий Александрович.",,,
8552,Жили два товарища: Повесть.,"ЛЕВИН, Борис Михайлович.",,,
8553,Жили на свете ребята: Повесть.,"КОКОВИН, Евгений Степанович.",,,
8554,Жили по соседству: Повесть.,"ШУБИН, Алексей Иванович.",,,
8555,Жилище в пустыне: Рассказы.,"МАИН-РИД (РИД, Томас Майн). ",Одиннадцать лет в пустыне; Робинзон пустыни; Уединенное жилище.,,
8556,Жилой дымок: Стихи.,"МАЛЕЕВ, В. (ЗЛУНИКИН, Владимир Григорьевич).",,,
8557,Жиль Блаз.,"ЛЕСАЖ, Ален Рене.",,,
8558,Жиль Грибши: Роман.,"БУТЕ, Фредерик.",,,
8559,Жильберта: (22-е почтовое отделение).,"МЕЗЕРУА, Ренэ.",,,
8560,Жильцы старого дома: Рассказы.,"ПАУСТОВСКИЙ, Константин Георгиевич.",,,
8561,Жилюки: Роман.,"ОЛЕЙНИК, Микола (ОЛЕЙНИК, Николай Яковлевич).",,,
8562,Жимолость: Роман.,"САНДР, Тьерри.",,,
8563,Жимолость: [Стихи].,"БОЙКО, Владимир Федорович.",,,
8564,Жиранда; «Золотой поцелуй Наи» и другие рассказы.,"КАРР, С. (ПАТАРА-КИ, Сергей Александрович).",,,
8565,Жирафа.,"ЧЕГЛОК, Александр.",,,
8566,Житейская борьба.,"ДИККЕНС, Чарльз.",,,
8567,Житейская история: Комедия в 3-х д.,"ЯЛУНЕР, Яков Ионович.",,,
8568,Житейская мелочь: Очерки и рассказы.,"ЧЕХОВ, Антон Павлович.",,,
8569,Житейская муть.,"БЛОХИН, Владимир Герасимович.",,,
8570,Житейская накипь: Очерки и рассказы.,"АМФИТЕАТРОВ, Александр Валентинович.",,,
8571,Житейская пестрота: Рассказы из прошлого и настоящего времени.,"ЧИСТЯКОВ, Михаил Борисович.",,,
8572,Житейская суета: Комедия в 4-х д.,"ВЛАДЫКИН, Михаил Николаевич.",,,
8573,Житейская философия кота Мура с отрывками из биографии Иоганна Крейс-лера:  В 2-х т.,"ГОФМАН, Эрнст Теодор Амадей.",,,
8574,Житейская школа: Оригинальная комедия в 5-ти д. в стихах.,"ГРИГОРЬЕВ, Петр Иванович.",,,
8575,Житейские были: Очерки и рассказы.,"БЫСТРЕНИН, Владимир Порфирье-вич.",,,
8576,Житейские былины: Повести и рассказы.,"МИХАЙЛОВА, Е. (ПОЛИТКОВСКАЯ, Екатерина Михайловна).",,,
8577,Житейские воззрения кота Мура вместе с отрывками биографии капельмейстера Иоганна Крейслера: Кн. 1—3.,"ГОФМАН, Эрнст Теодор Амадей. ",Житейская философия кота Мура; Кот Мурр.,,
8578,Житейские истории: Повесть.,"ЕВДОКИМОВ, Николай Семенович.",,,
8579,Житейские колючки.,"МАЗУРКЕ-ВИЧ, Владимир Александрович.",,,
8580,"Житейские комедии: Юмористические очерки, рассказы и картинки.","МЯС-НИЦКИИ, Иван.",,,
8581,Житейские напевы: Куплеты и песни.,"МАСЛОВИЧ, Николай Васильевич.",,,
8582,Житейские невзгоды: Быль.,"БА-РАКШИН, Александр А.",,,
8583,Житейские отголоски: В стихах. Вып. [1]—3.,"МНОГОГРЕШНЫЙ, А. (БУРАКОВСКИЙ, Александр Захарович).",,,
8584,Житейские отголоски:  [Стихи и проза].,"СУВОРОВ, Петр Павлович.",,,
8585,Житейские повороты: Комедия в 5-ти д.,"ЕФРЕМОВ, К. П.",,,
8586,Житейские предрассудки: Комедия в 4-х д.,А. П.,,,
8587,Житейские рассказы.,"ПОЗНЯКОВ, Николай Иванович.",,,
8588,Житейские рассказы: (Повести и очерки).,"ВЛАДИМИРОВ, В. Д. (ВОЛЬФ-СОН, Владимир Дмитриевич). ",Буря.,,
8589,Житейские соблазны: Рассказы.,"МИЛЛЬ-ПОЛЯРНЫИ, Казимир Ромуальдович.",,,
8590,Житейские сцены.,"ЖАДОВСКИЙ, Павел Валерьянович.",,,
8591,Житейский узелок: (Из записок самоубийцы). Рассказ.,"КАЧУРИН, Е. Н.",,,
8592,Житейское: Повести и рассказы.,"ПЛЕЩЕЕВ, Алексей Николаевич.",,,
8593,Житейское кабаре: Юмористические рассказы.,"HE-БУКВА (ВАСИЛЕВСКИЙ, Илья Маркович).",,,
8594,Житейское море: Повесть.,САЗОНОВА.,,,
8595,Житейское поле: Рассказы и повести.,"КОРНЮШИН, Леонид Георгиевич.",,,
8596,Жители Земли: Стихи.,"МАКСИМОВ, Виктор Григорьевич.",,,
8597,Жители нового дома: Повесть.,"ТУ-НИЦКИИ, Александр Николаевич.",,,
8598,Жители фабричного двора.,"ИЛЬИН, Яков Наумович.",,,
8599,Жители этого города: Роман.,"КОЗАКОВ, Михаил Эммануилович.",,,
8600,Житие архиерейского   служки.,"ШКЛОВСКИЙ, Виктор Борисович.",,,
8601,Житие Блохи. (Загл. обл.).,"ЗАМЯТИН, Евгений Иванович. ",,,
8602,Житие Васьки Змиева:      Повесть.,"ЧЕРНОКОВ, Михаил Васильевич. ",Жизнь Васьки Змиева.,,
8603,Житие одной бабы: Из гостомель-ских воспоминаний.,"ЛЕСКОВ, Николай Семенович.",,,
8604,Житие Олимпиады девы.,"НАГРОД-СКАЯ, Евдокия Аполлоновна.",,,
8605,Житие преосвященного Смарагда: Повести и рассказы.,"КОРАБЛИНОВ, Владимир Александрович.",,,
8606,Житие протопопа Аввакума им самим написанное.,АВВАКУМ,,,
8607,Жито; Обжитый угол.,"ОСИПЕНКО, Алесь.",,,
8608,Жить!: [Стихи].,"РУЖАНСКИЙ, Ефим Григорьевич.",,,
8609,Жить!: Стихи.,"ШИРМАН, Елена Михайловна.",,,
8610,Жить бы да жить...: Рассказы.,"ВАРЧЕНКО, Светозар Александрович.",,,
8611,"Жить воспрещается:      Рассказы, очерки и повесть.","КАМЕНКОВИЧ, Илья Исакович.",,,
8612,Жить да жить: Стихи.,"ДАРИЕН-КО, Петря.",,,
8613,Жить запрещается:       Рассказы.,"ФЬОРИ, Чезира.",,,
8614,Жить и любить: Повесть.,"ЛОЗНЕ-ВОИ, Александр Никитич.",,,
8615,Жить и помнить: Роман.,"СВИСТУНОВ, Иван Иулианович.",,,
8616,Жить можно...: Комедия без претензий в 4-х актах.,"ПОТАПЕНКО, Игнатий Николаевич.",,,
8617,Жить на земле: Стихи.,"СОЛОУХИН, Владимир Алексеевич.",,,
8618,Жить на земле: Стихи. Поэмы.,"СЕНИН, Анатолий Иванович.",,,
8619,Жить надо: Комедия в 4-х д.,"ВЕР-МИШЕВ, Иван Аввакумович.",,,
8620,Жить не дано дважды: Записки разведчицы.,"ХВОСТОВА, Раиса Александровна.",,,
8621,Жить нужно: Рассказы.,"БЕРТИН, М.",,,
8622,"Жить, побеждая!: Стихи.","ШУЛЬ-ЧЕВ, Валентин Иванович.",,,
8623,Жить стоит.,"ТРИУС, Ирина Борисовна.",,,
8624,Жить стыдно.,"ПОРФИРЬЕВ, В. И.",,,
8625,"Жить, трудиться и расти: Стихотворения.","ТЫЧИНА, Павло (ТЫЧИНА, Павел Григорьевич).",,,
8626,Жить хочется: Драма в 3-х д.,"СТА-РОДУБСКАЯ, Елена (ИВАНОВА, Елена Владимировна).",,,
8627,Жить хочется: Пьеса в 4-х актах.,"КИРИКОВ, М. Ф.",,,
8628,Жить хочется: Роман.,"БЛИНОВ, Петр Александрович.",,,
8629,Жить хочется: Роман. Кн. 1.,"АБ-ДУКАРИМОВ, Мамасалы.",,,
8630,Житье-бытье: Повесть.,"ДОРОХОВ, Павел Николаевич.",,,
8631,Житье-бытье: Рассказы.,"ТЭФФИ, Н. А.",,,
8632,"Житье-бытье: Сатирические миниатюры, басни, пародии.","МАТВЕЕВ, Владимир Федорович.",,,
8633,Житье привольное!: Драма из народной жизни в 5-ти д.,"КАРПОВ, Евти-хий Павлович.",,,
8634,Жлобинцы: Из полевых заметок.,"СВИРИДОВ, Иван.",,,
8635,Жменяки: Роман.,"ТОМЧАНИЙ, Михайло (ТОМЧАНИЙ, Михаил Иванович).",,,
8636,Жмуровка в осаде.,"КРАСОВСКИЙ, Леонид Станиславович.",,,
8637,Жмых и Мазан: Приключения деревенских ребятишек. Рассказ.,"ЯКОВЛЕВ, Полнен Николаевич.",,,
8638,Жнива: Стихи.,"ТРЯПКИН, Николай Иванович.",,,
8639,Жодле или хозяин-слуга: Комедия в 5-ти д. в стихах.,"СКАРРОН, Поль.",,,
8640,Жолка и Зелька: Рассказы и сказки для детей.,"ТАНИНА, М.",,,
8641,Жонглеры-нервы.,"ОЛИМПОВ, Константин (ФОФАНОВ, Константин Константинович).",,,
8642,Жорж Данден или Одураченный муж: Комедия в 3-х д.,"МОЛЬЕР, Жан Батист. ",Жорж Дандин или В смятение приведенный муж.,,
8643,Жорж и Егорка: Рассказ.,"РАДИЧ, Василий Андреевич.",,,
8644,Жорж и К0.,"АТАВА, Сергей (ТЕР-ПИГОРЕВ, Н. [!] С. [!]) (ТЕРПИГО-РЕВ, Сергей Николаевич).",,,
8645—8646,Жорж Санд.,"МОРУА, Андре.",,,
8647,Жоржинька: Комедия-фарс в 2-х д.,"ЧЕКА (КУМАНИЙ, Федор Александрович) .",,,
8648,Жосселкна или Тайна.,"КЕЛЛИ, Изабелла.",,,
8649,Жребий: Стихи.,"КОРОТАЕВ, Виктор Вениаминович.",,,
8650,Жребий брошен: Исторический роман эпохи Юлия Цезаря. Ч. 1—3.,"ШАХОВСКАЯ, Людмила Дмитриевна.",,,
8651,Жребий смерти: Драма в 1-м д.,Имя авт. не установлено.,,,
8652,Жрец морали: Интервью.,"ГОРЬКИЙ, Максим.",,,
8653,Жрец Озириса: Миниатюра в 1-м д. в стихах.,"КОТЕЛЬНИКОВ, Глеб Евгеньевич.",,,
8654,Жрец рыжей жизни: (Волосяная трагедия).,"ЖОЛТЫИ, Сидор.",,,
8655,Жрец Тарквиний: Трагедия в 3-х д.,"ПОЛИВАЙОВ, Сергей.",,,
8656,Жрецы: Роман.,"КОСТЫЛЕВ, Валентин Иванович.",,,
8657,Жрецы: Театральные очерки.,"СВЕТЛОВ, Валериан.",,,
8658,Жрецы и жрицы искусства: Словарь сценических деятелей. Стихи.,"LOLO (МУНШТЕЙН, Леонид Григорьевич).",,,
8659,Жрецы просвещения: Сцены в 4-х д.,"ГРАНИТОВ (ТУРКИН, Никандр Васильевич).",,,
8660,Жрецы храма.,"ХАННА, Жорж.",,,
8661,Жрица Изиды: Роман.,"ШЮРЭ, Эдуард.",,,
8662,Жрица свободы: Трагедия.,"АРИЭЛЬ, Арнольд.",,,
8663,Жрицы веселья: Автобиография одного из «мотыльков». Новый роман.,"MAIZEROY, Rene (МЕЗЕРУА, Ренэ).",,,
8664,Жуазель: Пьеса в 5-ти д.,"МЕТЕРЛИНК, Морис.",,,
8665,Жуан в Америке.,"ЛИНКЛЕЙТЕР, Эрик.",,,
8666,Жубиаба; Мертвое море.,"АМАДУ, Жоржи.",,,
8667,Жужа: Рассказы.,"ЗАЛКА, Матэ (ЗАЛКА, Мате).",,,
8668,Жужанна в Клагенфурте: Рассказы.,"МОРИЦ, Жигмонд.",,,
8669,Жужу: Комедия в 1-м д.,"ВОЛХОВСКИЙ, Павел Николаевич.",,,
8670,Жук: (Из воспоминаний Сенички X...). Рассказ.,"БАБИКОВ, Александр Яковлевич.",,,
8671,Жук: Рассказ.,"ИВАНОВ, Павел.",,,
8672,Жук: Сатира и юмор.,"ШАБШАЙ, Лазарь Львович.",,,
8673,Жук и геометрия: Рассказы.,"ТРЕТЬЯКОВ, Юрий Федорович.",,,
8674,«Жук» и другие пьесы.,"ЕЛЕН-СКИЙ, Николай Октавиевич.",,,
8675,Жуки на булавках.,"БУХОВ, Аркадий Сергеевич.",,,
8676,Жулдузхан.,"ГУРТУЕВ, Берт ",,,
8677,Жулик: Оригинальная шутка в 1-м д.,"КРАШЕВСКИЙ, Н. (КРАШЕНИННИКОВ, Николай Александрович).",,,
8678,Жулик: Пьеса в 5-ти д.,"ПОТАПЕНКО, Игнатий Николаевич.",,,
8679,Жулик: Рассказы.,"ТЕЛЕШОВ, Николай Дмитриевич.",,,
8680,Жульета — наследница атамана Джузепе Мусолино или Женщина-атаман: Сенсационный роман из последних дней жизни разрушенных городов Мессины и Реджио.,"ФАЛЬК, Виктор фон.",,,
8681,Жульетта Бельфур или Награжденные таланты: Английская новость.,Имя авт. не установлено.,,,
8682,Жульетта и Далмор или Севенские любовники: Ч. 1—2.,Имя авт. не установлено.,,,
8683,Журавель над колодцем: [Очерки].,"КРУТИЛИН, Сергей Андреевич.",,,
8684,Журавель над колодцем: Сцены.,"РУВИНСКИЙ, Зиновий Давидович.",,,
8685,Журавинские пожары.,"БИТЮКОВ, Владимир Николаевич.                    ",,,
8686,Журавка.,"ПУТИЛИНА, Валентина Васильевна.",,,
8687,Журавленко и мы.,"АЛЕННИК, Энна Михайловна.",,,
8688,Журавли: Рассказ.,"ПИНЯЕВ, Иван Данилович.      ",,,
8689,Журавли: Рассказы.,"АНТОНОВ, Василий Васильевич.",,,
8690,Журавли: Рассказы.,САИД АХМАД.,,,
8691,Журавли: Стихи.,"ГАМЗАТОВ, Расул Гамзатович.",,,
8692,Журавли: Стихи.,"МУСЛИМ, Ильяс.",,,
8693,Журавли: Стихи.,"РЯБИНИН, Николай.",,,
8694,Журавли: Стихи и поэмы.,"ДУГУ-ЖЕВ, Курман Бахсидович.",,,
8695,Журавли зовут в дорогу: Стихи и поэма.,"МАЛЬКИН, Александр Степанович.",,,
8696,Журавли и картечь: Повести.,"ГРАБАРЬ, Леонид.",,,
8697,«Журавли» и «цапли»: Повести и рассказы.,"ГОЛЫШКИН, Василий Семенович.",,,
8698,Журавли летают высоко.,"АБДУЛЛИН, Ибрагим Ахметович.",,,
8699,Журавли летают стаей: Роман.,"ЖИДКОВ, Владимир Прохорович.",,,
8700,Журавли летят: Лирика.,"КУЗНЕЦОВ, Арсений Михеевич.",,,
8701,Журавли летят: Пьеса в 1-м д.,"МОКРЕЕВ, Юрий Алексеевич.",,,
8702,Журавли летят в Россию: Новые ггихи.,"САВИНОВ, Евгений Федорович.",,,
8703,Журавли на Луне.,"ГАРНОВСКИЙ, Виталий Всеволодович.",,,
8704,Журавли над бухтой: Стихи и поэмы.,"ПЛАВНИК, Абрам Львович.",,,
8705,Журавли над Манычем: Стихи.,"КУКАРЕКА, Григорий Григорьевич.",,,
8706,Журавли над Москвой: Рассказы.,"ТЕЛЬПУГОВ, Виктор Петрович.",,,
8707,Журавли над Метою: Стихи.,"ПОЛЯКОВА, Надежда Михайловна.",,,
8708,"Журавли над океаном: Стихи, баллады.","МАСЕНКО, Терень Германович.",,,
8709,Журавли над Россией: Стихи.,"НОЗДРЕВ, Василий Федорович.",,,
8710,Журавли не знают покоя: Повесть героических лет.,"ЯЩЕНКО, Николай Тихонович.",,,
8711,Журавли остаются в лугах.,"КУЛИКОВ, Виктор Иванович.",,,
8712,Журавли под солнцем: Стихи.,"БИБА, Петро.",,,
8713,Журавли прилетели: Сборник рассказов.,"ПОТАНИН, Виктор Федорович.",,,
8714,Журавли улетают на юг: Повесть.,"САРТАКОВ, Сергей Венедиктович.",,,
8715,"Журавлиная геометрия: Маленькие повести, рассказы, очерки, записные книжки.","КОРШУНОВ, Михаил Павлович.",,,
8716,Журавлиная гора: Повесть.,"ШИЛИН, Алексей Емельянович.",,,
8717,Журавлиная дорога: Рассказы и повесть.,"КРАСНОБРЫЖИИ, Иван Тимофеевич.",,,
8718,Журавлиная  клинопись: Стихи.,"ПОДЕЛКОВ, Сергей.",,,
8719,Журавлиная песня.,"БОГДАНОВ, Иван Мефодьевич.",,,
8720,Журавлиная  родина:  Рассказы.,"ПРИШВИН, Михаил Михайлович.",,,
8721,Журавлиная  родина:   Рассказы охотника.,"ЛИВЕРОВСКИИ, Алексей Алексеевич.",,,
8722,Журавлиная сказка: Сказы.,"ХАВ-ПАЧЕВ, Амирхан Асхадович.",,,
8723,Журавлиная  стая:  [Рассказы].,"ГРИБОВ, Юрий Тарасович.",,,
8724,Журавлиная  стая:  [Рассказы].,"НЕМЧЕНКО, Гарий Леонтьевич.",,,
8725,Журавлиное небо: Стихи и поэмы.,"ЛУЖАНИН, Максим.",,,
8726,Журавлиное перо: Стихи.,"БАЕВА, Антонина Антоновна.",,,
8727,Журавлиное перышко: Пьеса-сказка в 4-х д.,"УХСАИ, Мария.",,,
8728,Журавлиные весны: Стихи.,"САРА-ПИН, Андрей Александрович.",,,
8729,Журавлиные края.,"СВЕТОЗАРОВ, Виктор Алексеевич.",,,
8730,Журавлиные тропинки:     Стихи.,"МЕНЮК, Джордже (МЕНЮК, Жеорже).",,,
8731,Журавлиные трубы: Стихи.,"РЫ-ЛЕНКОВ, Николай Иванович.",,,
8732,Журавлиный день.,"УСОВ, Михаил Васильевич.",,,
8733,Журавлиный крик: Повесть и рассказы.,"БЫКОВ, Василь (БЫКОВ, Василий Владимирович).",,,
8734,Журавлиный мыс.,"ФЛОРОВ, Герман Федорович.",,,
8735,Журавлиный полет: Стихи и поэма.,"ФИЛИППОВ, Александр Павлович.",,,
8736,Журавлиха.,"СОЛОУХИН, Владимир Алексеевич.",,,
8737,Журавль в небе: Драма в 2-х д.,"СТОРОЖЕВА, Мария Федоровна.",,,
8738,Журавль в небе: Повесть.,"ЛЕЙБ-ЗОН, Леонид Борисович.",,,
8739,Журавушка: [Отрывки из повести «Хлеб — имя существительное»].,"АЛЕКСЕЕВ, Михаил Николаевич.",,,
8740,Журбины: Роман.,"КОЧЕТОВ, Всеволод Анисимович.",,,
8741,Журка: (Из воспоминаний детства).,"ЛУКАШЕВИЧ, Клавдия.",,,
8742,Журка: Рассказы.,"ПЛАТОНЫЧ, Н.",,,
8743,Журка и журавка: Рассказы.,"ЛЯШКО, Николай.",,,
8744,Журка из Солнцеграда: Рассказы.,"ДРОФАНЬ, Анатолий Павлович.",,,
8745,Журнал.,"ШЕВЧЕНКО, Тарас Григорьевич.",,,
8746,Журнал вице-короля островов Ки-ка-пу.,ЗОИ. ,,Дневник одинокого...,
8747,Журнал мод: Комедия в 4-х д.,"ГЕХТМАН, Исаак Ефимович, ГОФМАН, И.",,,
8748,Журнал пешеходцев от Москвы до Ростова и обратно в Москву.,М. К. Р. В.,,,
8749,Журналист: [Киносценарий].,"ГЕРАСИМОВ, Сергей Аполлинариевич.",,,
8750,Журналист: Комедия в 1-м д.,"ЯКОВЛЕВ, Павел Лукьянович.",,,
8751,Журналист на границе.,"ЛАПИН, Борис Матвеевич.",,,
8752,Журналист-сыщик: Роман из современной великой войны в 4-х ч.,"КУРБАТОВ, П. Д.",,,
8753,Журналисты: Драма в 3-х д.,"УМОВ, Аполлон Филиппович.",,,
8754,Журналисты: Комедия-фарс в 4-х д.,"ФРЕИТАГ, Густав.",,,
8755,Журналисты: Повесть.,"ПЕРЧАТ-КИН, Василий Михайлович",,,
8756,Журналисты: Пьеса в 3-х д.,"МИ-РОДАН, Александру.",,,
8757,Журналисты: Рассказ.,"ДОРОШЕВИЧ, Влас Михайлович.",,,
8758,Журналисты: [Рассказы].,"АВЕРЧЕНКО, Аркадий Тимофеевич. ",,Душистые цветы...,
8759,Журфикс или поминки?: Веселый водевиль в 2-х д.,"МАТВЕЕВ, А. Н.",,,
8760,Журчащий родник: Стихи.,"ДЖО-НУА, Алексей Нестерович.",,,
8761,Журчит арык: Повесть.,"УБАИДУЛ-ЛАЕВ, Абдугаффар.",,,
8762,Жуткая осень.,STIVA.,,,
8763,Жуткие рассказы.,"ОГНЕВ, Николай.",,,
8764,Жуть.,"МАЗОВСКИЙ, Карл Станиславович.",,,
8765,Жуть берет... а правда; На весах: Рассказы.,"КАПЛУН, Михаил Михайлович.",,,
8766,Жучка: Из воспоминаний вольноопределяющегося.,"ТЮТЧЕВ, Федор Федорович. ",,,
8767,Жучка: [Рассказ].,"РОСТОВСКАЯ, Мария Федоровна.",,,
8768,Жучки: Комедия в 3-х д.,"БРИЕ, М. [!] (БРИЕ, Эжен). ",В цепях; Майские жуки.,,
8769,Жучки-двуножки:   Зоологический этюд. [Сатира].,"ДЬЯЧЕНКО, Виктор Антонович.",,,
8770,"Жуют же люди!: Памфлеты, фельетоны, микромемуары.","СЕМЕНОВ, Мануил Григорьевич.",,,
8771,Жылдызкан: Роман.,"БАЙТЕМИ-РОВ, Насирдин.",,,
8772,Жюли: Роман.,"ДРУЖИНИН, Александр Васильевич.",,,
8773,Жюль Верн: Роман.,"БОРИСОВ, Леонид Ильич.",,,
8774,Жюльен Дарто: Le Ferment. Роман.,"ЭСТОНЬЕ, Эдуард.",,,
8775,Жюльета Бельфур: [Повесть]. Ч. 1—2.,Имя авт. не установлено. ,Жульетта Бельфур или Награжденные таланты. <letter>3</letter>,,
8776,За альковом: Фарс в 1-м д.,"КУРБСКИЙ, Алексей Алексеевич.",,,
8777,За Байкалом и на Амуре: Путевые картины.,"СТАХЕЕВ, Дмитрий Иванович.",,,
8778,За баррикадой.,"ПАПАРИГОПУЛО, Борис Владимирович.",,,
8779,За батьковский грех: Повесть из украинских преданий.,"К-ИИ, И.",,,
8780,За бегущим днем: Роман.,"ТЕНДРЯКОВ, Владимир Федорович.",,,
8781,За белой гривой облаков: Повесть.,"БОГДАНОВ, Сергей Матвеевич.",,,
8782,За белой дичью: (Месть отвергнутого). Фарс в 4-х д.,"БУИЭ, П.",,,
8783,За белухой.,"ЕМЕЛИН, Степан Степанович.",,,
8784,За березовыми книгами: Повесть об одном туристском походе.,"ГОЛИЦЫН, Сергей Михайлович.",,,
8785,"«За богатым не тянись, с сильным не борись»: (Из прошлого).","САМОЙЛОВ, Алексей Петрович.",,,
8786,"За богом молитва, а за царем служба не пропадает: Исторический рассказ.","БУЛГАКОВ, П.",,,
8787,"За богом молитва, а за царем служба не пропадает: [Рассказ].",Имя авт. не установлено.,,,
8788,"За богом молитва, а за царем служба не пропадают: Рассказ из истинного происшествия XIX столетия про бабушку Марфу.",Имя авт. не установлено.,,,
8789,"За богом молитва, а за царем служба — не пропадет: Рассказ.","ТХОР-ЖЕВСКИИ, Карнелий Владиславович.",,,
8790,"За богом молитва, а за царем служба не пропадет: Русский рассказ.",Имя авт. не установлено.,,,
8791,"За богом молитва, а за царем служба не пропадут: Историческая повесть из Времен Петра Великого.","ВОЛГИН, Валентин.",,,
8792,"За богом молитва, за царем служба никогда не пропадают: Рассказ в стихах.","БАРЩЕВСКИЙ, Василий Гаврилович. ",Добрый сын.,,
8793,За большой партой: Крокодильский репортаж.,"ШАТРОВ, Самуил.",,,
8794,За бортом жизни: Повесть.,"ЛАЗАРЕВ, Александр.",,,
8795,За бортом жизни: [Роман].,"ГЕЗ-ЛОП, Гарольд (ХЕЗЛОП, Гарольд).",,,
8796,За брата: Рассказ.,"ПОЛИТКОВСКАЯ-МИХАЙЛОВА, Е. (ПОЛИТКОВСКАЯ, Екатерина Михайловна).",,,
8797,За вас отдам я жизнь: Повесть о Коста Хетагурове.,"ДЖАТИЕВ, Тотырбек Исмаилович, ЛИБЕДИНСКАЯ, Лидия Борисовна.",,,
8798,За вековой стеной: Пьеса в 4-х д.,"НАТАНСЕН, Генри.",,,
8799,За великой правдой: Повесть.,"ДАН-ДАРОН, Бидия Дандарович, САНЖИН, Балдан Санжиевич.",,,
8800,За великую трассу: Научно-фантастическая повесть.,"ГОМОЛКО, Николай Иванович (ГОМОЛКА, Николай Иванович).",,,
8801,За верстаком: Пьеса в 4-х д.,"СПЕРАНСКИЙ, Николай Никифорович.",,,
8802,За веру и братьев: Роман из эпохи войны 1877—1878 гг. В 3-х ч.,"РАКША-НИН, Николай Осипович.",,,
8803,За веру предков.,"ГОМЗЯКОВ, Павел Иванович.",,,
8804,"За веру, царя и отечество: Оригинальное народное представление в 3-х карт, с русскими песнями, плясками и военными куплетами.","ГРИГОРЬЕВ, Петр Иванович.",,,
8805,"За веру, царя и отечество: Рассказ.","ВОЛЬНЫЙ ИВАН (ДМИТРИЕВА, Валентина Иововна). ",На военной службе.,,
8806,"За веру, царя и отечество: Стихотворения.","ГАВРИЛОВ, Алексей Николаевич.",,,
8807,"За веру, царя и отечество или Геройская смерть рядового Чембарского полка Василия Рябова в японском лагере: Пьеса в 4-х д. с апофеозом.","ОРЛОВА, Пелагея Филипповна.",,,
8808,За весной — весна: Стихи.,"ЛИ-СЯНСКИЙ, Марк Самойлович.",,,
8809,За витриной магазина: Повесть.,"ШИФРИНА, Юлия Яковлевна.",,,
8810,За витриной универмага: Киносценарий.,"КАПЛЕР, Алексей Яковлевич.",,,
8811,За власть Советов; Депутат; Зеленые.,"ВОЛЖСКИЙ, Алексей.",,,
8812,За власть Советов: Пьеса в 4-х д.,"МЕРЗЛЯКОВ, М. Н.",,,
8813,За власть Советов: Рассказ.,"ПЕРЕ-БЕЙНОС, И. В.",,,
8814,За власть Советов: Роман.,"КАТАЕВ, Валентин Петрович.",,,
8815—8816,За власть Советов: Сборник рассказов.,"ВИШНЕВСКИЙ, Всеволод Витальевич. ",Сборник морских рассказов.,,
8817,За волшебным колобком: Из записок на Крайнем Севере России и Норвегии.,"ПРИШВИН, Михаил Михайлович. ",Колобок.,,
8818,За вольерами зоопарков: Рассказы.,"РЖЕВСКИЙ, Борис Моисеевич.",,,
8819,За вольной птичкой: Рассказ.,"ЛИТВИНЕНКО, Петр Евстафьевич.",,,
8820,За волю: Мелодрама из крепостного быта в 4-х актах.,"РУМЯНЦЕВ, Тимофей Захарович.",,,
8821,За волю народную: Историческая повесть в 4-х ч.,"АУСЛЕНДЕР, Сергей Абрамович.",,,
8822,За все в ответе: Повести.,"ХАЗА-НОВИЧ, Юрий Яковлевич.",,,
8823,За все в ответе: Роман.,"ШУЛЬ-ПИН, Иван Михайлович.",,,
8824,За все земное.,"ЩУРОВ, Геннадий Леонидович.",,,
8825,"За все тебя благодарю: Повести, рассказы.","ГОРБУНОВ, Михаил Николаевич.",,,
8826,За все хорошее — смерть: Пьеса в 2-х д.,"ИБРАГИМБЕКОВ, Максуд Мамед Ибрагим оглы.",,,
8827,За всех: (Из дневника цюрихской студентки). Повесть.,"ФРАПАН, Ильза.",,,
8828,За всех нас: Рассказы о В. И. Ленине.,"АНТОНОВ, Сергей Федорович.",,,
8829,За всю деревню.,"ВОЛЬНОВ, Иван.",,,
8830,За всю семью... или Другого исхода нет!: Драматический этюд в 1-м д.,"ЛИ-СЕНКО-КОНЫЧ, Иван Кононович.",,,
8831,За вторым фронтом: Пьеса в 4-х д.,"СОБКО, Вадим Николаевич.",,,
8832,За высокой стеной: Лирические стихотворения.,"ШАФРАНОВА, Анастасия И.",,,
8833,За глушаками.,"НАЖИВИН, Иван Федорович.",,,
8834,За годами года.,"БРАЖНИН, Илья.",,,
8835,За годом год: Очерки.,"КУДРЕВАТЫХ, Леонид Александрович.",,,
8836,За годом год: [Пьеса].,ЛЕБЕДЕВ-КУМАЧ,,,
8837,За годом год: Роман.,"КАРПОВ, Владимир Борисович.",,,
8838,За годом год: Роман.,"ЛОПЕС САЛИНАС, Армандо. ",,,
8839,За годом год: Стихи.,"ЧИХАЧЕВ, Петр Васильевич.",,,
8840,За голову — пятьдесят миллионов: Комедия в 3-х д.,"АРУТЮНЯН, Жора Са-гателович.",,,
8841,За голубым песцом: Повесть.,"МАРЬ-ЕНКОВ, Михаил Макарович.",,,
8842,За голубым Сибирским морем: Повесть.,"ГАГАРИН, Петр Иванович.",,,
8843,За голубым экраном: Повесть.,"ХА-БИНСКИИ, Марк Петрович.",,,
8844,За горами: (Записки таежника).,"ЖИДЕНКОВ, Борис Андреевич.             ",,,
8845,За горами: Повесть.,"ИГУМНОВА, Татьяна Сергеевна.",,,
8846,«За горами» и другие рассказы.,"КОЛОТОВКИН, Иван Флавианович.",,,
8847,За горизонт ушли атаки.,"СЫСОЕВ, Виктор Васильевич.",,,
8848,За городом.,"ДОЙЛЬ, Артур Конан.",,,
8849,"За городом, за Казанью: (Обыкновенные люди). Роман.","ГАЗИ, Ибрагим.",,,
8850,За городской стеной: Роман.,"БРЭГГ, Мелвин.",,,
8851,За горой Артыш: Повести.,"АХУНОВ, Тариф Ахунзянович.",,,
8852,За горой всегда долина: Повесть.,"МОРОЗОВА, Мария Андреевна.",,,
8853,За государя великого князя: Историческая повесть половины XV в.,"ЛЕБЕДЕВ, Владимир Петрович.",,,
8854,За границей.,"ЕЛПАТЬЕВСКИЙ, Сергей Яковлевич.",,,
8855,За границей и дома.,ШОЛОМ-АЛЕЙХЕМ.,,,
8856,За гранью волн: Стихи.,"ГУСЕВ, Станислав Сергеевич.",,,
8857,За гранью закона.,"НОСЕНКОВ, Василий Романович.",,,
8858,За гранью прошлых дней: Стихотворения.,"БЛОК, Александр Александрович.",,,
8859,За грех отца: Драма в 4-х д.,"СИ-КЕВИЧ, Владимир Мелентьевич.",,,
8860,За грехи отца: Оригинальный роман.,"ЛУНСКИЙ, Евгений (БИБИКОВА, Анна Ивановна).",,,
8861,"3а грибками, за ягодками: Очерки и рассказы.","ПОДЪЯЧЕВ, Семен Павлович.",,,
8862,За грозой — ведро: Из жизни почтового тракта.,"ЛУГОВОЙ, Алексей (ТИХОНОВ, Алексей Алексеевич).",,,
8863,За далеким океаном: Драма в 4-х актах.,"ГОРДИН, Яков Михайлович. ",За океаном; По ту сторону океана.,,
8864,За далекими облаками: Морские повести.,"УСЫЧЕНКО, Юрий Иванович.",,,
8865,За далеких братьев: Повесть из последней русско-турецкой войны.,"НЕМИРОВИЧ-ДАНЧЕНКО, Василий Иванович.",,,
8866,"За далью веков: Исторические рассказы, очерки и стихотворения.","КОРИНФСКИЙ, Аполлон Аполлонович.",,,
8867,"За далью-даль: Стихи, 1945—1953.","ТВАРДОВСКИЙ, Александр Трифонович.",,,
8868,За далью морской: Повесть и рассказы.,"ГАЙДАЕНКО, Иван Петрович.",,,
8869,За двадцать лет: Избранные стихотворения и поэмы.,"РОЖДЕСТВЕНСКИЙ, Роберт Иванович.",,,
8870,За двадцать лет: Сочинения и переводы.,"ЛИХАЧЕВ, В. С. (ЛИХАЧЕВ, Владимир Сергеевич).",,,
8871,За двадцать лет: [Стихи].,"СМИРНОВ, Иван Алексеевич.",,,
8872,За двенадцатью морями: Повесть.,"МАРЬЯМОВ, Александр Моисеевич.",,,
8873,За двумя зайцами: Комедия в 4-х д.,"СТАРИЦКИЙ, Михаил Петрович.",,,
8874,За двумя зайцами: Роман.,"ШЕР-БЮЛЬЕ, Виктор. ",Очаровательные глазки: (Мета Гольденис).,,
8875,"За двумя зайцами погонишься, ни одного не поймаешь: (Комедия в 2-х д.).","ВЯЧЕСЛОВ, С. Н.",,,
8876,За девятым порогом: (Запорожская Сечь). Драма в 2-х д.,"КОЛОМЙЕЦ, Алексей Федотович.",,,
8877,За деревенской околицей: Стихи.,"КОВАЛЕВ, Владимир Дмитриевич.",,,
8878,За десертом; Бокал; Том; Генри; Визит.,"ЛАВЕДАН, Анри Леон.",,,
8879,За Десной-рекою: Документальная повесть.,"БОЛЬШАК, Василь.",,,
8880,За дикой лошадью: Рассказ.,"ПАВЛОВА, М.",,,
8881,За Днестром: Роман.,"КАБО, Любовь Рафаиловна.",,,
8882,За доброе дело берись смело: Бытовой этюд в 1-м д.,"А-МОВ, Владимир.",,,
8883,За добычей: Драма в 4-х д.,"КАШ-КАРЕВА, Т. (КОШКАРОВА, Татьяна Федоровна).",,,
8884,За доктором: Рассказ.,"ЯБЛОНОВ-СКИИ, Александр Александрович.",,,
8885,"За долами, за лесами: Рассказы и повесть.","НОСОВ, Евгений Иванович.",,,
8886,За долгами: Водевиль-комедия в 1-м д.,ПЧЕЛКИН.,,,
8887,За Дон-Карлоса: Роман.,"БЕНУА, Пьер.",,,
8888,«За драгоценным корнем» и другие рассказы.,"МАКСИМОВ, Александр Яковлевич. ",,Два миссионера...,
8889,За драгоценными камнями: Повесть.,"МАМИН-СИБИРЯК, Дмитрий Наркисович.",,,
8890,За друга: Повестушка.,"ЛЕБЕДА, Сергей.",,,
8891,За други своя: (Рассказ).,"ПЛАТОНОВА, Александра Федоровна.",,,
8892,За други своя: Рассказ из морской жизни.,"ЕЛИСЕЕВ, П.",,,
8893,За других.,"МЕЛЬНИКОВ, Г.",,,
8894,За другого: Роман.,"ПЭН, Джемс.",,,
8895,За дружбу: Повесть.,"МАТЮШИНА, Ольга Константиновна.",,,
8896,За Дунаем: Война с турками за освобождение славян (1877—1878). Очерки и рассказы. Кн. 1—2.,"НЕМИРОВИЧ-ДАНЧЕНКО, Василий Иванович.",,,
8897,За Дунаем: Повесть из последней турецкой войны.,"С-В, Н. М. (СЕДЕЛЬНИКОВ, Николай Михайлович).",,,
8898,За Дунаем: Роман.,"ЦАГОЛОВ, Василий Македонович.",,,
8899,За жар-птицей: Повесть.,"ПРОКОПОВ, Петр Иванович",,,
8900,За жар-птицей: Путешествия.,"ШАХОВ, Александр Алексеевич.",,,
8901,За Желтым ериком.,"КОРКИЩЕН-КО, Алексей Абрамович.",,,
8902,За желтыми холмами.,"РОГАНОВ, Лемир Григорьевич.",,,
8903,За женихом в карьер: Картина из жизни глухой провинции. В 2-х д.,"БОХО-НОВ, Георгий Михайлович.",,,
8904,За живой и мертвой водой: [Воспоминания] .,"ВОРОНСКИИ, Александр Константинович.",,,
8905,За живой и мертвой водой: Трилогия.,"ДАЛЕКИЙ, Николай.",,,
8906,За жизнь: Повесть.,"ШПАНОВ, Николай Николаевич.",,,
8907,За жизнь: [Рассказы].,"РАХИЛЛО, Иван Спиридонович.",,,
8908,За жизнь: Художественно-публицистический сборник.,"ЭРЕНБУРГ, Илья Григорьевич.",,,
8909,За жизнь кооперации: Пьеса в 4-х д.,"КУРИН, Григорий.",,,
8910,За жуками: Летняя картинка.,"РАИС, Карл Вацлав (РАИС, Карел Вацлав).",,,
8911,За журавлиным голосом: Стихи и поэмы.,"СОРОКИН, Валентин Васильевич.",,,
8912,За здоровье молодых: Комедия в 4-х д.,"ПОТАШОВ, Василий Игнатьевич.",,,
8913,За зеленой далью.,"ОЛЬХИН, Борис Егорович.",,,
8914,За землей.,"СИДОРОВ, А. М.",,,
8915,За землю и волю: Рассказ.,"СЕМЕНОВ, А. (ЛАЗАРЕВ, Егор Егорович).",,,
8916,За землю Русскую: Исторические рассказы.,"КАМЯНСКИИ, Василий Кириллович.",,,
8917,"За землю Русскую: Исторический роман,.","СУББОТИН, Анатолий Александрович.",,,
8918,За золотым руном: [Роман].,"БЛА-СКО ИБАНЬЕС, Висенте. ",В погоне за золотом.,,
8919,"За золотым руном!: Сцены из похода современных аргонавтов, в 4-х д.","ЛУГОВОЙ, Алексей (ТИХОНОВ, Алексей Алексеевич).",,,
8920,За и против: Комедия в 1-м д.,"ФЕЛЬЕ, Октав (ФЕИЕ, Октав).",,,
8921,За идеал Руси свободной: Одно действие.,"НАРОВСКИИ, А. А. (НАВРОЦКИЙ, Александр Александрович).",,,
8922,«За идею» и другие рассказы.,"КУР-ЛОВ, Евгений Евграфович.",,,
8923,За измену: Рассказ.,"РАДИЧ, Василий Андреевич.",,,
8924,За иконой: Рассказ.,"КОРОЛЕНКО, Владимир Галактионович.",,,
8925,За их улыбку.,"АРИНЩТЕЙН, Мария Марковна.",,,
8926,За Калугою за Окой: Стихи и поэма.,"ВОЛКОВ, Валентин Алексеевич.",,,
8927,За Камой-рекою: Пьеса в 4-х д.,"ТИХОНОВ, Валентин Прокофьевич.",,,
8928,За кем?: Пьеса в 1-м д.,"ПУРИШ-КЕВИЧ, Владимир Митрофанович.",,,
8929,За кем право?; Самый счастливый день; Разбойник Кярим: Драматические сочинения.,"САРНАВСКАЯ-МАРКС, Софья Симоновна.",,,
8930,За книгу!: Пьеса в 1-м д.; Три биб-чиотеки: Живые картины.,"СЕМЕНОВА, Наталия Георгиевна.",,,
8931,За колесом времени: Роман-хроника. Том I.,"ЯРОСЛАВЦЕВ, Петр Данилович.",,,
8932,За колхоз!: Пьеса в 3-х д.,"ЛУЦЕНКО, Иван.",,,
8933,За колючей проволокой: Повести.,"МЯННИК, Эдуард Янович.",,,
8934,За колючей проволокой: [Повесть].,"ШУМСКИИ, Петр Наумович.",,,
8935,За колючей проволокой: Рассказ.,"ЛЕВИН, Кирилл Яковлевич.",,,
8936,За колючей проволокой: Роман.,"СЕЛЕЗНЕВ, Петр Иванович.",,,
8937,За коммунизм!: (К 13-й годовщине Октябрьской революции).,"БЕДНЫЙ, Демьян.",,,
8938,За компанию!: Комедия-водевиль в 1-м д.,"ЛИСЕНКО-КОНЫЧ, Иван Кононо-вич.",,,
8939,За кооперацию!: Рассказы.,"ДЕНИСОВ, Сергей Аверьянович.",,,
8940,За кордоном: Роман.,"БУРМАН-ТОВ, Евгений Иванович.",,,
8941,За королеву: Историческая драма в 5-ти д.,"ДЮМА, Александр (отец).",,,
8942,За косогором: Повести.,"КРУТИ-ЛИН, Сергей Андреевич.",,,
8943,За краем света: Рассказы и очерки.,"КОЖЕВНИКОВ, Алексей Венедиктович.",,,
8944,За красное знамя: Драма в 2-х д.,"ЛАНСКОЙ, Василий.",,,
8945,"За красное знамя: Драматический эпизод в 4-х карт, из ноябрьского переворота в Берлине.","ФЕДДЕРС, Георгий Юльевич.",,,
8946,За красные советы: Драматический эпизод в 1-м д.,"АРСКИЙ, Павел.",,,
8947,За красным зверем: Роман.,"ШНЕЙДЕР, Иосиф (ШНАЙДЕР, Йозеф).",,,
8948,За красным крестом: Драматическая картина в 1-м д.,"БОЦЯНОВСКИЙ, Владимир Феофилович.",,,
8949,За крест господень: Историческая повесть из средневековой жизни.,"ЭРЗИН, Михаил (ТЕБЕНЬКОВ, Михаил Михайлович)",,,
8950,За крест и веру: Историческая повесть.,"КРАСНИЦКИЙ, Александр Иванович, ПИНЧУК, Василий Андреевич.",,,
8951,За крест и родину: Роман из эпохи борьбы за освобождение Греции. В 3-х ч.,"ШЕЛОНСКИИ, Н. Н.",,,
8952,За крест и свободу: Пятьдесят стихотворений из времени Славяно-Турецкой войны 1876—1878 годов.,"ГОЛОВИН, Василий Васильевич.",,,
8953,За крестами: Повесть.,"ГРОМОВ, Моисей Георгиевич",,,
8954,За крестьянский мир: Современная поэма.,"ШАДРИН, Иларий Григорьевич.",,,
8955,За крестьянской правдой: Историческая повесть из времен крестьянской войны в Англии в 1381 г.,"МУИЖЕЛЬ, Виктор Васильевич.",,,
8956,За кровь: (Рассказ из жизни болгарских крестьян).,"ДРУЖИНИН, Павел Давыдович.",,,
8957,За кровь брата: Рассказ.,"ВОСТОКОВ, Владимир Игнатьевич.",,,
8958,За Кронштадт: Юношеская поэма.,"СОРОКИН, Дмитрий.",,,
8959,За круглым оконцем: Повесть.,"БО-БОРИКО, Майна Максимовна.",,,
8960,За круглым столом прошлого: Воспоминания.,"БОРИСОВ, Леонид Ильич.",,,
8961,За кругом.,"ДАВУРИН, Александр.",,,
8962,За Кук-Карауком: 30 000 километров на велосипедах и мотоциклах.,"ДАР, Давид, ЕЛЬЯНОВ, Алексей.",,,
8963,За кулисами: Комедия в 3-х д.,"ЛЕМЕТР, Жюль.",,,
8964,За кулисами: Рассказ.,"МИХАЙЛОВА, А. Д.",,,
8965,За кулисами: Эпизод из мира артистов; Шесть десятилетий: Обыкновенная история.,"ГАТОВСКИЙ, С. О..",,,
8966,За кулисами великой войны: Роман.,"БЕГАК, Георгий.",,,
8967,За кулисами войны: (Дневник дикарки).,"КОРДЭ, Мишель.",,,
8968,За кулисами войны: Роман в 3-х ч.,"НЕРАДОВ, И. И.",,,
8969,За кулисами войны: Сцена современной жизни в 4-х д.,"ГЛАГОЛИН, Борис.",,,
8970,За кулисами и в публике: Очерки и сценки.,"ПЛЕЩЕЕВ, Александр Алексеевич.",,,
8971,За кулисами истории: Рассказы.,"КОЯЛОВИЧ, Михаил Михайлович.",,,
8972,За кулисами Одессы: Сенсационный роман. В 3-х ч. Ч. 1.,Имя авт. не установлено.,,,
8973,За кулисами прошлого и в фойе настоящего.,"СТАМАТИ, Константин Константинович (СТАМАТИ-ЧУРЯ, Константин Константинович).",,,
8974,За кулисами цирка.,"ЛОНДОН, Джек. ","Майкл, брат Джерри; Микаэл, брат Джерри.",,
8975,За лаской.,"АЛТАЕВ, Ал.",,,
8976,За лен: Пьеса в 3-х актах.,"ИЛЬИНСКИЙ, Федор Владимирович.",,,
8977,За лесом — люди...: Повесть и рассказы.,"ТОКАРЕВ, Иван Анисимович.",,,
8978,За линией Габерландта: Роман.,"ПАЛЬМАН, Вячеслав Иванович.",,,
8979,За линией фронта: Документальная повесть.,"НИКОЛЬСКИЙ, Николай Сергеевич.",,,
8980,За линией фронта: Повесть.,"КОЛЕСНИКОВ, Юрий Антонович.",,,
8981,За линией фронта: [Рассказ разведчика].,"ВОЛЬФ, Александр Яковлевич (ВОЛЬФ, Абрам Яковлевич). ",,И встал солдат убитый...,
8982,За Литейным мостом: (Историкореволюционная повесть).,"БУЛЫШКИНА, Инна, ЕРМОЛОВИЧ, Николай Николаевич.",,,
8983,За лучшее будущее: Пьеса в 2-х д.,"ШУМНЫЙ, Степан.",,,
8984,За любовь и за деньги: Картины захолустной жизни. В 5-ти д.,"ДМИТРИЕВ, Дмитрий Савватеевич.",,,
8985,За любовь любовь: Исповедь души. Стихотворения.,"ШАХ-ПАРОНИАНЦ, Леон Михайлович.",,,
8986,"За матерью: (Апеннины и Анды). (Приключения мальчика, уехавшего в Америку разыскивать свою мать).","ДЕ АМИ-ЧИС, Эдмонд (ДЕ АМИЧИС, Эдмондо).",,,
8987,За мать: Симона. Пьеса в 3-х д.,"БРИЕ, Эжен.",,,
8988,"За мгновение страсти: Книга, написанная женщиной для мужчин.","ЛАВЕРА, Мария.",,,
8989,За мечтой.,"ЛЫЩИНСКИЙ, Лев Владимирович.",,,
8990,За миг счастья: Рассказ.,"ДОМАН-СКИИ, А. Н.",,,
8991,За миг счастья: Роман.,"РОЗОВ-ЦВЕТКОВ, В.",,,
8992,За миллионами: Трилогия.,"КРЫМОВ, Владимир Пименович.",,,
8993,За минуту до взрыва.,"АЗОВ, Дмитрий Сергеевич.",,,
8994,За минуту до смерти: Документальное представление в 5-ти ч.,"ЖАДАНОВ, Леонид, САГАЛОВ, Зиновий Вуль-фович.",,,
8995,За минуту до смерти или Превратности судьбы: Повесть.,"КУКЕЛЬ (ЛУНИН, В. А.).",,,
8996,За минуту счастья: Роман из современной жизни.,"ТАГАНЦЕВ, Сергей.",,,
8997,За мир!: [Сборник статей].,"ЭРЕН-БУРГ, Илья Григорьевич.",,,
8998,За мир!: Стихи.,"ЛЮБОВИКОВ, Овидий Михайлович.",,,
8999,За мир: Стихи.,"ЭРТЮКОВ, Иннокентий Илларионович.",,,
9000,За мирный труд.,"ТРУТНЕВА, Евгения Федоровна.",,,
9001,За много лет. (Загл. обл.).,"ШПИЛЬГАГЕН, Фридрих. ",Чудак-комиссар: Рассказ; Прекрасные американки: Роман; Суженого конем не объедешь: Рассказ. Три избранных произведения.,,
9002,За много лет: [Сборник].,"ИНБЕР, Вера Михайловна.",,,
9003,За много лет: [Стихи].,АРГО.,,,
9004,За Можаем: Повесть и рассказы.,"РЯБЫХ, Михаил Владимирович.",,,
9005,За моим окном: На похоронах Толстого; Последняя работа Врубеля; На «Святом Лазаре»; Петр Иванович Бартенев.,"БРЮСОВ, Валерий Яковлевич.",,,
9006,За монастырской стеной: Драма в 5-ти д.,"КАМОЛЕТТИ, Луиджи.",,,
9007,За морем: Рассказ.,"СЕНКЕВИЧ, Генрих.",,,
9008,За морем березовым: Лирические стихи.,"РОМАНОВ, Александр Александрович.",,,
9009,За морем Цимлянским: Роман.,"КОТЕНКО, Илья Михайлович.",,,
9010,За морским горизонтом: Очерки плаванья по Средиземному морю. (Из юношеских воспоминаний).,"ФАУСЕК, Вячеслав Андреевич.",,,
9011,За Москвою-рекой: Роман.,"ТЕВЕ-КЕЛЯН, Варткес Арутюнович.",,,
9012,За нами Москва: Записки офицера.,"МОМЫШ-УЛЫ, Баурджан.",,,
9013,За нами Москва: Роман.,"ГРАНТ, Ян.",,,
9014,За народом не пропадет: Рассказ.,"ЛАЗАРЕВИЧ, Лаза.",,,
9015,За нашими Карпатами: Стихи о новой Венгрии.,"ЛАГОДА, Валентин.",,,
9016,За нашу и вашу свободу!: Повесть о Ярославе Домбровском.,"СЛАВИН, Лев Исаевич.",,,
9017,За недобрым пойдешь — на беду набредешь: Оригинальный водевиль-фарс в 2-х д.,"БЕРТОЛЬДИ (ГЕ, Иван Николаевич).",,,
9018,За неведомый океан: Историческая повесть для юношества об открытии Нового Света.,"АВЕНАРИУС, Василий Петрович.",,,
9019,За Невской заставой: Записки рабочего Алексея Бузинова. В.,"Ф. Г. (ГОНЧАРОВ, Владимир Федорович).",,,
9020,За Невской заставой: [Стихи].,"НЕКРАСОВ, Георгий Александрович.",,,
9021,За непокидающих вахту: Сценка.,"ТУБЕРОЗОВ, Николай Иванович.",,,
9022,За ним: Рассказ.,"СВИРСКИЙ, Алексей Иванович.",,,
9023,За «ничейной» землей.,"КОЛЕСНИЧЕНКО, Михаил Федотович.",,,
9024,За новую жизнь: Повесть.,"Я ГУНОВ, Александр Григорьевич.",,,
9025,За нос по кругу: Фельетоны.,"ВОРОБЬЕВ, Николай Яковлевич.",,,
9026,За обедом: Шутка в 1-м д.,"ТИМ-КОВСКИИ, Николай Иванович.",,,
9027,За облаками — солнце!: Документальная повесть.,"БОНДАРЕНКО, Вячеслав Михайлович, ТАТАРЕНКО, Виталий Степанович.",,,
9028,За обозом: Исторический рассказ из жизни М. В. Ломоносова.,ШВЕДЕР. ,,,
9029,За «обчее дело»: (Петька Жиган). Повесть из времен борьбы сибирских партизан с Колчаком.,"ГРОМОВ, Алексей Матвеевич.",,,
9030,За огненной чертой.,"ЮДЕНКОВ, Андрей Федорович.",,,
9031,За Одером утро: Германия 1949-— 1951.,"ОСИНИН, Владимир.",,,
9032,За одну ночь: Рассказы.,"ЭГЛИ-НИС-ЕЛИНАС, Мейерис Лейзерович.",,,
9033,За океан: Повесть.,"ЧЕЛЮБЕЕВ, Павел Прохорович.",,,
9034,За океан: [Роман].,"ФЕДОРОВ, Александр Митрофанович.",,,
9035,За океан на Филиппины.,"РУСТАМ-БЕК ТАГЕЕВ, Борис Леонидович.",,,
9036,За океаном: Рассказы.,"КИРИИ, Денис.",,,
9037,За океаном: (Рассказы из американской жизни).,"НИГОФ, Николай Андреевич.",,,
9038,За океаном: [Роман].,"ПАЛЮДАН, Яков.",,,
9039,За океаном в вольные степи: Встреча со старым товарищем.,"НЕМИРОВИЧ-ДАНЧЕНКО, Василий Иванович.",,,
9040,За окном: Рассказ.,"ЯХОНТОВ, Евгений Николаевич.",,,
9041,За окном буря: Повесть.,"ГУРО, Ирина.",,,
9042,За окном растет репейник: Роман.,"НИЕДРЕ, Янис Янович.",,,
9043,За околицей: Сказы и стихи.,"ТРОФИМОВ, Роман Константинович.",,,
9044,За Октябрь.,"НИЗОВОЙ, Павел.",,,
9045,За окунем через океан: Сцены и рассуждения.,"ФИШ, Радий Геннадиевич.",,,
9046,За ольшанником: Рассказы.,"ВАЛ-ЛАК, Пеэт.",,,
9047,За опасной чертой.,"РЕБРОВ, Михаил Федорович, ТЕЛЕГИН, Константин Константинович.",,,
9048,За организацию: Один из всех. Комедия в 1-м д.,"ПАНУРИН, Алексей Александрович.",,,
9049,За островом Артема: Стихи.,"АЛИ-БЕИЛИ, Энвер Аливерди оглы.",,,
9050,За отечество!: Повесть из истории Франции.,"ГРА, Феликс. ",Марсельский батальон; Марсельцы; Паскале.,,
9051,За отступающим горизонтом: Баллады и поэма.,"ЗАВАЛЬНЮК, Леонид Андреевич.",,,
9052,За отца: (Княжна Хотинская). Историческая повесть XVII в.,"ЛЯЛИНА, Мария Андреевна.",,,
9053,За отцом: Рассказ.,"РЯХОВСКИИ, Василий Дмитриевич.",,,
9054,За Отчизну: Исторический роман.,"ЦАРЕВИЧ, Сергей Александрович.",,,
9055,За отчизну: Стихи.,"ХИЛТУХИН, Данри Данилович.",,,
9056,За пазухой леса.,"ЛИПЕЦКИЙ, Алексей.",,,
9057,За пеленой тумана.,"ЗОРИЧ, Анастасия Антоновна.",,,
9058,За Первое Мая: Из иностранной жизни. Пьеса в 3-х д.,"ЗАМЫСЛОВСКАЯ, Екатерина Константиновна, ЦИОНГЛИН-СКАЯ, Екатерина Петровна.",,,
9059,За Первое мая: (Из цикла «Былое»). Драма в 3-х д.,"СТЕПНОЙ, Николай.",,,
9060,За перегородкой.,"ПИЛЬЧЕВ-СКИЙ, А.",,,
9061,За поворотом: Книга лирики.,"ЩЕЛОКОВ, Юрий Михайлович.",,,
9062,За поворотом: Очерки.,"КРУТИ-ЛИН, Сергей Андреевич.",,,
9063,За подводными сокровищами.,"КРАЙЛ, Барни, КРАЙЛ, Джен.",,,
9064,За подснежником: Стихи.,"ДОГА-ДАЕВ, Владимир Павлович.",,,
9065,За полвека: (Мои воспоминания).,"БОБОРЫКИН, Петр Дмитриевич.",,,
9066,За полмиллиона: Комедия в 4-х д.,"ЛОМАКИН, Игнатий Семенович.",,,
9067,За Полярной звездой: Повесть о Сухэ Баторе.,"ТУДЭВ, Лодонгийн.",,,
9068,За полярным кругом: Рассказы.,"НОСИЛОВ, Константин Дмитриевич.",,,
9069,За полярным кругом: [Рассказы].,"РИХТЕР, Зинаида Владимировна.",,,
9070,За полярным кругом: [Стихи].,"КО-РОСТЫЛЕВ, Вадим Николаевич.",,,
9071,"За полярным кругом: Стихи, песни, плакаты, юмор.","ЖАРОВ, Александр Алексеевич.",,,
9072,За полярным кругом: Три года в ледяной пустыне.,"ПУШКАРЕВА, Елена.",,,
9073,За порогом детства: Повести.,"УСОВА, Надежда Трофимовна.",,,
9074,За порогом моего дома: Очерки.,"ИВАНОВ, Борис Владимирович.",,,
9075,За порогом юность: Повесть.,"ТУ-МАСОВ, Борис Евгеньевич.",,,
9076,За пошехонским трактом: Стихи.,"ИВАНОВ, Александр Михайлович.",,,
9077,За правдой!: Драматический этюд в 6-ти карт.,"SA-VE (ВЕРМИШЕВ, Александр Александрович).",,,
9078,За правдой: Повесть.,"ЧУЙКОВ, Алексей Васильевич.",,,
9079,За правдой: Пьеса в 3-х д.,"КИСЕЛЕВА, Анна Николаевна.",,,
9080,За правду: Агитпьеса в 3-х д. для деревенского театра.,"ПЛАТОНЫЧ, Н.",,,
9081,За правду: (Зажора). Рассказ.,"НАУМОВ, Николай Иванович.",,,
9082,«За правду и свободу» и другие избранные стихотворения.,ПОЛОЧА-НИН В. ,,,
9083,За право: Пьеса в 3-х д.,"ЯШИН-СКИИ, Григорий Иванович.",,,
9084,За право!: [Рассказы].,"БЕРЕН-ШТАМ, Владимир Вильямович.",,,
9085,За право на счастье: Дневники. Письма. Повести.,"ЛУНАЧАРСКИЙ, Анатолий Анатольевич.",,,
9086,За правое дело: [Рассказ].,"КО-ЛОМБ, Жозефина",,,
9087,За правое дело: Роман.,"ГРОССМАН, Василий Семенович.",,,
9088,За пределами разума: Повесть.,"ГРОССМАН, Михаил Филиппович.",,,
9089,За презрение — презренье: Комедия в 3-х д.,"МОРЕТО (МОРЕТО-И-КА-ВАНЬЯ, Августин).",,,
9090,За преступлением следует преступление: Повесть.,"БЛЮМЕНГАГЕН, Вильгельм. ",,Загадка жизни...,
9091,За приключениями; Счастливец: Два последовательных рассказа.,"ЖЕЛИ-ХОВСКАЯ, Вера Петровна.",,,
9092,За приподнятою завесой: Фантастическая повесть о делах будущего. (XX век).,"КРАСНИЦКИЙ, Александр Иванович.",,,
9093,"За природного царя!: Драматические сцены из эпохи последних месяцев смуты Московского государства и избрания на престол Михаила Федоровича Романова, в 6-ти карт, с эпилогом.","СОКОЛОВ, Николай Афанасьевич.",,,
9094,За прошлые годы: Песни сибиряка.,"ФИЛИМОНОВ, Федор Федорович.",,,
9095,За пятитысячной верстой.,"ПЕРЕВАЛОВ, Николай.",,,
9096,За раками: Рассказ.,"АТАВА, Сергей (ТЕРПИГОРЕВ, Сергей Николаевич).",,,
9097,За рампой: Повесть.,"ГНЕДИЧ, Петр Петрович.",,,
9098,За рассветной чертой: Поэма и стихи.,"ШАХОВСКИИ, Борис Михайлович.",,,
9099,За редким зверьком: Рассказ.,"СОЛОВЬЕВ, М. А.",,,
9100,"За рекой, в тени деревьев: Роман.","ХЕМИНГУЭЙ, Эрнест.",,,
9101,За рекой Выремшей: Роман.,"ШО-ШИН, Михаил Дмитриевич.",,,
9102,За рекой за быстрой.,"ПЛАТОНОВА, Нина Дмитриевна.",,,
9103,За рекой моя деревня: Драматический рассказ в 2-х д.,"РОКВА, Шота Григорьевич.",,,
9104,За рекой талиновой.,"БАЯНОВ, Виктор Михайлович.",,,
9105,За рекой Хатангой.,"ЛЮБОВЦЕВ, Владимир Ильич.               ",,,
9106,За рекой Шексной: Стихотворения.,"КУСТОВ, Павел Петрович.",,,
9107,За рекою Цной.,"ШАМОВ, Иван Васильевич.",,,
9108,За речкой: (Аня Никишева). Комедия в 3-х д.,"ЭДЕЛЬ, Михаил Владимирович.",,,
9109,За решетками: Рассказы.,"МУЦЕ-НЕК, Ян Янович.",,,
9110,За решеткой: [Рассказ].,"БЕРЕЗОВСКИЙ, Феоктист Алексеевич.",,,
9111,За решеткой: [Рассказ].,"ПЕТЕР-ЗЕН, А.",,,
9112,За решеткой: Рассказы.,"БАРТЕЛЬ, Макс.",,,
9113,"За решеткой: Стихотворения, письма.","ГМЫРЕВ, Алексей Михайлович.",,,
9114,За Рогожской заставой; Радость: Повести.,"ЗУБАВИН, Борис Михайлович.",,,
9115,За родину: (В свободную минуту после боя). Стихотворения.,НАХАБОВ,,,
9116,За Родину: Драма в 4-х д. Сюжет из современной войны.,"КАРЕЛИН, Михаил (НИКИТИН, Михаил Алексеевич). ",,,
9117,За Родину: Драма и стихотворения.,"ВОЛЬСКИЙ, Павел.",,,
9118,За родину: Историческая повесть из времен Южно-Американской войны 1864—1871 гг.,"ПОСПЕЛОВ, Сильвестр Александрович.",,,
9119,За родину: Одноактные пьесы.,"ХОДЧЕНКО, Павло.",,,
9120,За родину!: Патриотические стихи о войне.,"СОКОЛОВА, Анна Александровна.",,,
9121,За родину: [Повесть].,"КОНИЧЕВ, Константин Иванович.",,,
9122,За родину: (Inultus); Пражская легенда; Тереза Манфреди.,"ЗЕЙЕР, Юлий.",,,
9123,За родину: Пьеса в 2-х карт.,"ЛЬВОВА, Александра Абрамовна.",,,
9124,За родину: [Пьеса в 1-м д.].,"КУДРЯВЦЕВ, М. С.",,,
9125,За родину: [Рассказ].,А-,,,
9126,За родину!: Рассказ.,"ШВЕДЕР, Евгений Иосифович.",,,
9127,За родину!: Рассказы.,"ВСЕВОЛОЖСКИЙ, Игорь Евгеньевич.",,,
9128,За родину: [Рассказы]. Сборник 1-й.,"НЕМИРОВИЧ-ДАНЧЕНКО, Василий Иванович.",,,
9129,За Родину: Стихи.,"ГАРНАКЕРЬ-ЯН, Ашот Георгиевич.",,,
9130,За Родину: Стихи.,"ЕЛЕКОЕВ, Мурат Георгиевич.",,,
9131,За родину: Стихи.,"КАРАСЕВ, Алексей Иванович.",,,
9132,За родину: Стихи.,"МАРТЫНОВ, Леонид Николаевич.",,,
9133,За родину: [Стихи].,"ПРОКОФЬЕВ, Александр Андреевич.",,,
9134,За родину: Стихи.,"РАКОВ, Н.",,,
9135,За родину: (Юные герои). Рассказы для детей.,"ДЕ АМИЧИС, Эдмонд (ДЕ-АМИЧИС, Эдмондо).",,,
9136,"За Родину, братья!: Стихи.","ДРУЖИНИН, Павел Давыдович.",,,
9137,"За Родину, за Русь: Стихотворение. Вып. 1.","ГАГАРИН, А. Л.",,,
9138,За родину и за царя!: Голос русского.,"БЕСЕДОВСКИЙ, Алексей Михайлович.",,,
9139,За родину и право; Погибель Бельгии; Прусские зверства; На Карпатах.,"СВЕНЦИЦКИЙ, Андрей Эдуардович.",,,
9140,За родину или Юный герой без венца: Повесть в 4-х ч.,"ВИКТОРОВ, Александр.",,,
9141,За родителей: Рассказ.,"В. П. (КАРПИНСКАЯ, Вера).",,,
9142,За родную землю.,"ГАРНАКЕРЬ-ЯН, Ашот Георгиевич.",,,
9143,За родную кровь: Роман.,"СМЕЛЬ-СКИЙ, Л. Р.",,,
9144,За родную страну: Рассказ.,"ДУДО-РОВ, П. (ОРЛОВЕЦ, П).",,,
9145,За родными душами: Теософский роман.,"ШУТЛЕВОРТ, Н.",,,
9146,За романтикой.,"КИЛЬДЮШЕВ, Александр Васильевич.",,,
9147,За рубежом.,"САЛТЫКОВ-ЩЕДРИН, Михаил Евграфович.",,,
9148,За рубежом и в Москве: Исторический роман.,"ЯКИМОВ, Василий Ларио-нович.",,,
9149,За рубль 5000: Приключения Конт-рактовича.,ПАН ТАДЕУШ.,,,
9150,За рюмочку: Картина будничной жизни в 1-м д.,"ЩИГРОВ, В. (ЩИГЛЕВ, Владимир Романович).",,,
9151,За рядом ряд: Стихи.,"АСЕЕВ, Николай Николаевич.",,,
9152,За самоваром.,"НАГРОДСКАЯ, Евдокия Аполлоновна. ",,Аня...,
9153,За самого смелого: Рассказы.,"БЕЗУГЛОВ, Анатолий Филиппович.",,,
9154,За свободу: Драма в 1-м д. Из современных событий во Франции.,"ГУЛИЕВ, Моисей.",,,
9155,За свободу: (Песьи головы). Роман.,"ИРАСК, Алоиз (ИРАСЕК, Алоис).",,,
9156,За свободу: Повесть в стихах.,"ГУ-СЕВ-ОРЕНБУРГСКИЙ, Сергей Иванович.",,,
9157,За свободу: Роман из американской жизни перед войной Севера с Югом.,"ПАТЕРСОН, Артур Генри.",,,
9158,За свободу: Роман из крестьянской войны 1525 года.,"ШВЕИХЕЛЬ, Роберт",,,
9159,За свободу: Стихи.,"ТРОШИН, П.",,,
9160,За свободу!: Этюд из декабрьских дней.,"КУДРЯВЦЕВ, А. В.",,,
9161,За свободу Индии: Роман.,"ЖАКО-ЛИО, Луи.",,,
9162,За свободу родины: Исторический роман для юношества из времен падения Чехии.,"АЛТАЕВ, Ал.",,,
9163,За свободу родины: [Рассказ].,"НЕМИРОВИЧ-ДАНЧЕНКО, Василий Иванович.",,,
9164,За своих: Очерки и рассказы.,"ФЕДОРОВ-ДАВЫДОВ, Александр Александрович.",,,
9165,За святой оградой: (Молитва и жизнь). Пьеса в 5-ти д.,"ИВАНОВ, Александр.",,,
9166,За святую обитель: Исторический роман из смутного времени.,"ЛЕБЕДЕВ, Владимир Петрович.",,,
9167,За свйтую Русь: Думы о родной земле.,"РЕМИЗОВ, Алексей Михайлович.",,,
9168,За себя и за многих: Повесть в 2-х ч.,"ГОЛОХВАСТОВА, Ольга Андреевна.",,,
9169,За семейный грех: (Рассказ).,"ВЕ-РЕТЕЛЬНИК, Андрей.",,,
9170,За семь часов до полудня.,"ЕРА-ШОВ, Валентин Петрович.",,,
9171,За семью ветрами: Повесть.,"ТКАЧЕНКО, Анатолий Сергеевич.",,,
9172,За семью замками: Роман.,"ДИ-ДУСЬ, Василий Иванович, КОНСТАНТИНОВ, Константин.",,,
9173,За семью метелями: Пьеса в 1-м д.,"БУРЫЛИЧЕВ, Владимир Павлович.",,,
9174,За семью печатями: (В деревне). Рассказ. (Загл. обл.).,"ШМЕЛЕВ, Иван Сергеевич. ",В деревне: За семью печатями.,,
9175,За семью печатями: Роман.,"АДАЛЬБЕРТ, Карл.",,,
9176,За семью реками: Рассказы и повесть.,"ТАГАН, Атаджан.",,,
9177,За серебряным оленем: Лирический дневник.,"КРАСИЛЬНИКОВ, Александр Иванович.",,,
9178,За серебряным руном: Роман.,"ДЮБУА, Уильям Эдвард Бургхардт.",,,
9179,За серыми фасадами.,"МЕЛЛЕР, Вигго Фредерик.",,,
9180,За сестру: Рассказ.,"КРУГЛОВ, Александр Васильевич.",,,
9181,За Синей Птицей: Роман.,"НОЛЛЕ, Ирина Алексеевна.",,,
9182,"За синей птицей: Роман, повести.","БЕРЦЕ, Визбул Августович.",,,
9183,За синей птицей: Фарс-пародия в 3-х д.,"ФЛАНЕР (ВОЛК, Александр Осипович).",,,
9184,За синим бором: [Повесть].,ПЕТУХОВ. ,,,
9185,За синим бором: Стихи.,"МАМАЕВ, Виталий Степанович.",,,
9186,"За синим камнем: Повести, рассказы и очерки разных лет.","ЛУКНИЦКИЙ, Павел Николаевич.",,,
9187,За синим лесом: Рассказы.,"ХАД-КЕВИЧ, Тарас Константинович.",,,
9188,За синим морем; Прометей: Стихи.,"МАЛЫШКО, Андрей Самойлович.",,,
9189,За синим перевалом: Повесть.,"ЧЕРТОВ, Юрий Алексеевич.",,,
9190,За синими реками: Стихи.,"ТОЛСТОЙ, Алексей Николаевич.",,,
9191,За синь-морями.,"СОЛОУХИН, Владимир Алексеевич.",,,
9192,За Синь-хребтом в медвежьем царстве... или Приключения Петьки Луковки-на в Уссурийской тайге.,"БАШМАКОВ, Валентин Семенович.",,,
9193,За синью хвой.,"ПЕТРОВ, Александр Петрович.",,,
9194,За сиреневыми звездами: Повести и рассказы.,"РОДИЧЕВ, Николай Иванович.",,,
9195,За скипетры и короны: Исторический роман. Ч. '1—4.,"САМАРОВ, Грегор. ","Из-за скиптра и корон; Тайны европейских дворов во 2 половине XIX столетия или Антонио Штейнфельд, пожирательница сердец.",,
9196,За Снегурочкой на скоровездеходе: Пьеса в 1-м д.,"СЕГАЛЬ, Лев.",,,
9197,За советом; Немец; Дети.,ШО- ЛОМ-АЛЕЙХЕМ.,,,
9198,За советом к Ленину.,"ШЕЛЕСТ, Павел Семенович.",,,
9199,За Советский Китай: Сборник стихов и песен.,ЭМИ СЯО.,,,
9200,За Советскую власть!: Сценарий театрализованного представления.,"БЕЙЛИС, Владимир Михайлович, ИВАНОВ, Виталий Николаевич.",,,
9201,За советскую правду: (Из жизни Урмана).,"БАЖОВ, Павел Петрович.",,,
9202,За Советы: Рассказ.,"КАЛЬНИЦ-КИИ, Яков Исаакович.",,,
9203,За сокровищами реки Тунгуски: Повести.,"КРАВКОВ, Максимилиан Алексеевич.",,,
9204,За солнцем: Стихи.,"РЗА, Расул.",,,
9205,За сохой и рубанком: Рассказы плотника. Вып. 1. Попы и мужики.,"НЕЧАЕВ, Д. С.",,,
9206,За спичками.,"ЛАССИЛА, Майю.",,,
9207,"За Сталина, за Родину, за мир!: Стихи.","ТЫЧИНА, Павло (ТЫЧИНА, Павел Григорьевич).",,,
9208,За станком: Стихи и песни.,"НАЗАРОВ, Иван Абрамович.",,,
9209,За Становым хребтом: Рассказ.,"ВИСКОВАТОВ, П.",,,
9210,За старый грех: Подозрительный. Пьеса в 4-х д.,"ФЕЛЛИНГЕР, Рихард.",,,
9211,За стеклом: Роман.,"МЕРЛЬ, Робер.",,,
9212,За стенами: Пьеса в 4-х д.,"НА-ТАНЗЕН, Анри (НАТАНСЕН, Генри). ",За вековой стеной.,,
9213,За стенами семинарии.,"ВАСИЛЬЕВ, Леонид Валентинович.",,,
9214,За стенами старого форта.,"КАС-СИС, Вадим Борисович.",,,
9215,За стеной: Комедия в 1-м д.,"НА-ЖАК, Эмиль де.",,,
9216,За стеной: [Рассказ].,"ДАНИЛОВСКИЙ, Густав.",,,
9217,За сто тысяч: Роман.,"РИВАЛЬ, В. А. (ПРОХОРОВ, Владимир Алексеевич).",,,
9218,За столбами Мелькарта: Историческая повесть.,"НЕМИРОВСКИЙ, Александр Иосифович.",,,
9219,За столом молчания: Повесть и рассказы.,"САКА, Серафим Федотович.",,,
9220,За струнной изгородью лиры: Поэ-зы. Стихи.,"СЕВЕРЯНИН, Игорь.",,,
9221,За супружескими альковами: (Вечное обожание). Роман.,"ТЕРАМОН, Гюи де.",,,
9222,За сценой: Пьеса в 4-х д.,"БАРОВ, Ал.",,,
9223,За сценой и на сцене.,"АРДОВ, Виктор.",,,
9224,За счастье.,"ВУРГУН, Самед.",,,
9225,За счастье народа: Пьеса в 3-х актах.,"БАРАНГА, Аурел, МОРАРУ, Николае.",,,
9226,За счастьем: Повесть из жизни итальянских беспризорников.,"КАПУАНА, Луиджи.",,,
9227,За счастьем!: Рассказ.,"НАШИНСКАЯ, Елизавета Павловна (АРБАТСКАЯ, Елизавета Павловна).",,,
9228,За счастьем: Роман.,"СВЕТЛОВ, Валериан.",,,
9229,"За счастьем, золотом и славой: Об искателях новых впечатлений ц авантюристах всех стран земного шара.","ОРДЫН-ЦЕВ-КОСТРИЦКИИ, Михаил Дмитриевич.",,,
9230,За счет зимы.,"АЛДАНСКИЙ, Виктор.",,,
9231,За сына: Роман.,"МАНН, Генрих.",,,
9232,За таежным перевалом: Роман.,"ШТЕРЕНБЕРГ, Вениамин Ефимович.",,,
9233,За твою судьбу: Киносценарий.,"ОНОПРИЕНКО, Евгений Федорович.",,,
9234,"За тебя, Москва: Роман.","ТАПАЛЦЯН, Христофор Князевич.",,,
9235,"За тебя, моя Родина: (Рассказы).","ФЕДОРОВ, А. А.",,,
9236,"За тебя, Севастополь!: Из цикла «Черноморская Одиссея».","ЮНГА, Евгений.",,,
9237,За теневой чертой: Роман.,"ГОРБАЧ, Виталий Федорович.",,,
9238,За тесными партами: Рассказы.,"РЕЛЕС, Григорий Львович.",,,
9239,"За тех, кто в море: Пьеса в 4-х д.","ЛАВРЕНЕВ, Борис Андреевич.",,,
9240,За той стеной: Повесть о минувшем.,"РОСТОВ, Наум Моисеевич.",,,
9241,За тремя волоками: Повесть и рассказы.,"БЕЛОВ, Василий Иванович.",,,
9242,За треской: Повесть в стихах.,"КОНСТАНТИНОВ, Константин Гаврилович.",,,
9243,За три года до смерти: Рассказ; Гадание: Быль; Святочный рассказ.,"ГОРИН, Н. К.",,,
9244,За три моря: Путешествие тверского купца Афанасия Никитина. Историческая повесть.,"КУНИН, Константин Ильич.",,,
9245,За три франка: Фарс в Ф-м д.,"ГЕ-РОС, Е. (ЭРО, Эжен).",,,
9246,За три часа до рассвета: Повесть.,"ГУСЕВ, Борис Сергеевич.",,,
9247,За тридевять земель: Дневник путешествия на пароходе «Победа».,"ПОЛЕВОЙ, Борис.",,,
9248,За тридевять земель: Повести и рассказы.,"МАВР, Янка.",,,
9249,За тридевять земель: Повесть.,"МАРКОСЬЯНЦ, Сергей Артемович.",,,
9250,За тридевять земель: Фельетоны.,"РЯБОВ, Иван Афанасьевич.",,,
9251,"За тринадцать лет, 1881—1901.","БЕЗОБРАЗОВ, Н. Ф.",,,
9252,За трон Московский: Историческая повесть. Ч. 1—2.,"ОРДЫНЦЕВ-КОСТРИЦ-КИИ, Михаил Дмитриевич.",,,
9253,За тучами зори: Роман.,"БЕДЗЫК, Дмитро (БЕДЗИК, Дмитрий Иванович).",,,
9254,За тюльпанами.,"ТОЛИС, Пулат.",,,
9255,За тюремной решеткой: Повесть об итальянском узнике Сильвио Пеллико.,"БЕКЕТОВА, Мария Андреевна.",,,
9256,За тюремной стеной: Пьеса в 3-х. д.,"ГЕРМАН, Юрий Павлович.",,,
9257,За тюремной стеной: [Рассказ].,СКИТАЛЕЦ.,,,
9258,За тюремной стеной: [Рассказы].,"НОВАКОВИЧ, К.",,,
9259,За убегающим горизонтом.,"ЕВРЕИ-НОВ, Всеволод Николаевич, ПРОНИН, Николай Никитович.",,,
9260,За уплотненный день: (Живая газета).,"УХОВСКИЙ, Яков.",,,
9261,За Урал: Из скитаний по Западной Сибири. Очерки.,"ТЕЛЕШОВ, Николай Дмитриевич.",,,
9262,За Урал!: Рассказ из воспоминаний о Сибири. В 2-х ч.,"РОМАНОВ, Вадим Владимирович.",,,
9263,За Уралом: Повесть.,"ЕЛЕЦКИЙ, А.",,,
9264,За учебой: (Из жизни курсантов).,"УСОВ, П., ТЕВЕЛЕВ, Матвей Григорьевич.",,,
9265,За учебу: Музыкальный лубок в 1-м д.,Л-,,,
9266,За ушко да на солнышко: Басни. Фельетоны. В стихах.,"АНИКЕЕВ, Евгений Иванович.",,,
9267,За ушко да на солнышко!: Басни. Фельетоны. Шуточные стихи. Эпиграммы. Из народного творчества.,"ТИМОФЕЕВ, Б.",,,
9268,За ушко да на солнышко: Одноактные комедии.,"МИХАЛКОВ, Сергей Владимирович.",,,
9269,За ушко да на солнышко: Пьеса в 4-х д.,"ИНКИЖИНОВ, А.",,,
9270,За ушко да на солнышко: Фельетон.,"ЛАЦИС, Александр Александрович.",,,
9271,За ушко да на солнышко: Фельетоны.,"ЯЩЕНКО, Николай Тихонович.",,,
9272,За ущельем Семи Волков: Повести.,"ЖИГЖИТОВ, Михаил Ильич.",,,
9273,За фронтом фронт: 3 драматические картины.,"РОЗЕНБАУМ-АРКОВ, Юрий Аркадьевич.",,,
9274,За хлеб.,"ЗЛОБИН, В. [!] (ЗЛОБИН, Бронислав Иванович).",,,
9275,"За хлеб, за пятилетку: Агитсуд в 1-м д.","ЕРШОВ, Артемий Ильич.",,,
9276,"За хлеб, за снег, за трактор: Повесть о классовой борьбе в Заволжье.","МОЛЧАНОВ, Николай.",,,
9277,"За хлеб, за соль.","ЛЮКИН, Александр Иванович.",,,
9278,За хлеб насущный: Из очерков волжской жизни.,"АПРАКСИНСКИЙ, Иван.",,,
9279,За хлебом: (Повесть).,"БЕДРИН-СКИЙ, Дм.",,,
9280,За хлебом: Повесть.,"СЕНКЕВИЧ, Генрих.",,,
9281,За хребтами Саянскими: Роман.,"СЕРДОБОВ, Николай Алексеевич.",,,
9282,За хребтом Сатымара: Роман.,"ДОНЕЦ, Геннадий Семенович.",,,
9283,За царевича: Историческая трилогия. I. Три венца. И. Сын атамана. III.. На Москву.,"АВЕНАРИУС, Василий Петрович.",,,
9284,За царем служба не пропадет: Драматическая картина из военной жизни. В 3-х д. Дни представления на солдатских театрах.,Имя авт. не установлено.,,,
9285,За царя: Рассказ.,"ЗАЛКА, Матэ (ЗАЛКА, Мате). ",Рассказ о венгерском солдате.,,
9286,"За царя, за родину! 1914 год: Этюд из современной жизни в 1-м д.","ПЕЧОРИН, Л. Л. (ЦАНДЕР, Лев Львович).",,,
9287,"За царя и за родину или Дети-соколы: Детская пьеса в 4-х карт., с живой картиной.","СОКОЛОВ, Иван Васильевич.",,,
9288,За царя и Родину; Герой: Рассказы из современных событий.,"ЧАРСКАЯ, Лидия.",,,
9289,За час до полуночи: (Герои не плачут). Пьеса в 2-х ч.,"ШУБРТ, Власти-мил.",,,
9290,За час до старости: Стихотворения и новеллы в стихах.,"КАЛАДЗЕ, Карло Ражденович.",,,
9291,За частицею жизни. Драматический эскиз. 6 сцен.,"АСЛАНОВ, К.",,,
9292,За чашкой чая.,"ДЖЕРОМ, Джером Клапка.",,,
9293,"За чем пойдешь, то и найдешь: (Женитьба Бальзаминова).","ОСТРОВСКИЙ, Александр Николаевич. ",,Праздничный сон — до обеда...,
9294,За черным занавесом: Повесть.,"БАТТУЛГА, Зон Пэй-Жингийн.",,,
9295,За черным соболем: Приключения охотоведа.,"КЛИПЕЛЬ, Владимир Иванович, СЫСОЕВ, Всеволод Петрович.",,,
9296,За чертой: (В дебрях эмиграции).,"ТУГАН-БАРАНОВСКИИ, Михаил Михайлович.",,,
9297—9298,За чертой времени: Повесть.,"МАЛЬЦЕВ, Владимир Иванович.",,,
9299,За честь.,"НОВИКОВА-ЗАРИНА, Екатерина Ивановна.",,,
9300,За честь класса: Повесть.,"КИСЕЛЕВА, Анна Николаевна.",,,
9301,За честь мундира: Драматические картины военной жизни в 5-ти д.,"ГАРТЛЕ-БЕН, Отто Эрих.",,,
9302,За честь отца: Драма в 5-ти д. с прологом.,Имя авт. не установлено.,,,
9303,За честь родины.,"ШАДРИН, Ила-рий Григорьевич.",,,
9304,За честь родной страны: Стихи и песни.,"БЕНДЕЦКИИ, Александр Григорьевич.",,,
9305,За честь русскую: (Рассказ).,"ОРЛОВ, Иоанн.",,,
9306,За честь семьи: Комедия в 3-х д.,"СКУРАТОВ, Павел.",,,
9307,За честь Славянска: (Разгром Германии Россией). Драматический эпизод из второй Отечественной войны в 3-х карт.,"КРАНЦ, Людвиг Давыдович.",,,
9308,За четверть века: Стихотворения.,"TELLER, N. (ТЕЛЛЕР, Н.).",,,
9309,За четверть века (1905—1930): Книга избранных стихотворений.,"КРАСНЫЙ ЗВОНАРЬ (КНЯЗЕВ, Василий Васильевич) .",,,
9310,За четыре копейки на каторгу: (Быль).,"М. С. (САФОНОВ, М. А.).",,,
9311,За что?: Боевые картинки. [Из дневника].,"МОРОЗОВ, Дмитрий Николаевич.",,,
9312,За что?: Быль из современной жизни.,"ВАСИЛЬКОВСКИЙ, Александр Константинович.",,,
9313,За что?: Драма в 3-х д.,"БЕНЕДИКТОВ, Николай Дмитриевич.",,,
9314,За что?: Моя повесть о самой себе.,"ЧАРСКАЯ, Лидия.",,,
9315,За что?: (Памяти 9-го января 1905 г.). Рассказ.,"МОШИН, Алексей Николаевич.",,,
9316,За что!?: Повесть.,"ПАХАРНАЕВ, Александр Иосифович.",,,
9317,За что?: Пьеса в 3-х д.,"БЕРНШТЕЙН, Анри. ",В поисках счастья; Окольным путем.,,
9318,За что?: Пьеса в 4-х актах.,"КОГАН, Александр С.",,,
9319,За что??!!: [Рассказ].,"БАЯН, Вадим.",,,
9320,За что?: Рассказ.,"ГАЙ-САГАЙДАЧНАЯ, Екатерина.",,,
9321,За что?!: Рассказ.,"КАРМЕН, Л. О.",,,
9322,За что?: Рассказ.,"ОСИПОВИЧ, Наум Маркович.",,,
9323,За что?: Рассказ из времен польских восстаний и другие рассказы.,"ТОЛСТОЙ, Лев Николаевич. ",Зачем? (перераб. изд).,,
9324,За что?: (Рассказ из дореволюционной жизни).,"ПАТМАН, Николай Кириллович.",,,
9325,За что?: Рассказ из современной русской жизни.,"АНИЧКОВА, Идалия Мечиславовна.",,,
9326,За что ее убили?: Роман из современной жизни в 2-х ч. С приложением рассказа «С Бородинского поля».,"СОКОЛОВ, Александр Алексеевич (ВОЛОКОС).",,,
9327,За что же: (Повесть из эпохи еврейских погромов); Письма христианина по еврейскому вопросу); О «сионизме».,"МОРДОВЦЕВ, Даниил Лукич.",,,
9328,За что и почему?: Рассказ.,"БЕЛОКОНСКИЙ, Иван Петрович.               ",,,
9329,За что избили корреспондента: Грузинская народная комедия в 2-х ч.,"МДИВАНИ, Георгий Давидович.",,,
9330,За что их бьют: Занимательная история в 5-ти событиях с участием читателя.,"ВОЛОДИНА, К.",,,
9331,За что Ксеркс высек море: Рассказы из истории греко-персидских войн.,"РУБИНШТЕЙН, Ревекка Ионовна.",,,
9332,За что погиб человек: Два рассказа.,"ДОБРОТВОРСКИИ, Петр Иванович. ",Нюта.,,
9333,За чудесным зерном: Повесть.,ВАЛЕНТИН,,,
9334,За чужим горбом: Повесть.,"КРУГЛОВ, Александр Васильевич.",,,
9335,За чужими харчами: Сценка в 1-м д.,"ЖИЛИН, Михаил Михайлович.",,,
9336,За чужое удовольствие: Повесть.,"ЗАРИН, Андрей Ефимович.",,,
9337,За чужой грех: Драма в 3-х д.,Имя авт. не установлено.,,,
9338,За чужой грех: Народная драма в 5-ти д.,"БАГРИНСКИЙ, Александр Алексеевич.",,,
9339,За чужой грех: Рассказ.,"БОГДАНОВИЧ, Лев Алексеевич.",,,
9340,За чужой женой: Комедия в 3 х д.,Г. Б. Р.,,,
9341,За чужой счет: Пьеса в 1-м д.,"КАПЛИНСКАЯ, Елена Сергеевна.",,,
9342,За чужую жизнь: Рассказ.,"ЛЮ-БИЧ-КО ШУРОВ, Иоасаф Арианович.",,,
9343,За чьи грехи: Повесть из времен бунта Разина.,"МОРДОВЦЕВ, Даниил Лукич.",,,
9344,За швейной машинкой.,"ЕРШОВА, Мария Григорьевна.",,,
9345,За 62-й параллелью.,"БРОИДО, Соломон Моисеевич.",,,
9346,За школьным порогом: Повесть.,"ЛИЛИНА, Л. (ШЕЙНКМАН, Лия Львовна).",,,
9347,За шторами.,"ГАЙТЕ МАРТИН, Кармен.",,,
9348,За «Щупленького»: Из далекого прошлого. Рассказ.,"СТАНЮКОВИЧ, Константин Михайлович.",,,
9349,За Яблоновым хребтом.,"ЛОВЦОВ, Николай Алексеевич.",,,
9350,За явным преимуществом: Повесть. Рассказы.,"МОНАСТЫРЕВ, Владимир Алексеевич.",,,
9351,За ядовитыми змеями.,ИЛЬИНСКИЙ. ,,,
9352,Забава: (Без любви). Драма в 3-х д.,"ШНИЦЛЕР, Артур.",,,
9353,Забава: [Стихотворения].,"КОРЧАГИН, Илья Гаврилович.",,,
9354,Забавная история; Коларов; Из дневника студента; Одна эволюция; Материнское отношение.,"КАРТАШОВ, С.",,,
9355,Забавная повесть о госпоже Кике-буш и ее собаке Азорке.,Имя авт. не установлено.,,,
9356,Забавники.,"АЛТАЕВ, Ал.",,,
9357,Забавницы и жертвы: Сцены из жизни в Сибири. В 2-х ч.,"ОЛЬШАНИН, Дмитрий.",,,
9358,Забавное приключение: В 1-м д.,С. А.,,,
9359,Забавное приключение: [Рассказ].,"ЗОЩЕНКО, Михаил Михайлович.",,,
9360,Забавное приключение: Рассказы.,"ШМЕЛЕВ, Иван Сергеевич.",,,
9361,Забавные похождения господина Морковкина: Истинное происшествие.,Имя авт. не установлено.,,,
9362,Забавные похождения свата Берендея.,"САВИН, Михаил Ксенофонтович.",,,
9363,Забавные приключения Аристида Пюжоля.,"ЛОКК, Уильям Джон.",,,
9364,Забавные приключения Полишинеля.,"ФЕЛЬЕ, Октав (ФЕИЕ, Октав). ",Удивительные приключения Полишинеля.,,
9365,Забавные приключения холостяков.,"ДЖЕРОМ, Джером Клапка.",,,
9366,Забавные приключения черноболо-тинцев: Юмористический рассказ.,"МЯС-НИЦКИИ, Иван.",,,
9367,Забавные приключения четырех жидков в Хохландии.,П. И.,,,
9368,Забавные рассказы про смелые проказы.,"БУШ, Вильгельм. ",,"Юлия, дочь Кнопа...",
9369,Забавные стишки.,"БЕЛЕНСОН, Александр Эммануилович.",,,
9370,Забавный водолаз: («Коммунист» в походе).,"НОВИКОВ-ПРИБОИ, Алексей Силыч.",,,
9371,"Забавный рассказ о том, как карабинер Дидиченко, Одесского Егерского полка, избавился из турецкого плена в феврале 1854 года и надул их муллу и переводчика.",Имя авт. не установлено.,,,
9372,Забавный скандал: Пьеса в 3-х д.,"ВИТКОВИЧ, Виктор Станиславович, СОЛОВЬЕВ, Леонид Васильевич.",,,
9373,Забавный случай: Комедия в 3-х д.,"ГОЛЬДОНИ, Карло.",,,
9374,Забавы брака: Роман.,"ФИШЕР, Алекс, ФИШЕР, Макс.",,,
9375,Забавы царя Алексея Михайловича: Рассказ.,"ЗАРИН, Андрей Ефимович.",,,
9376,Забайкалье: Стихи.,"СЕДЫХ, Константин Федорович.",,,
9377,Забайкалье: Стихи и поэма.,"АНГА-БАЕВ, Солбон Дондунович.",,,
9378,Забайкальская быль: (Конец семьи Шаралдая). Драма в 4-х д.,"БАЛДАНО, Намжил Гармаевич, МЕТЕЛИЦА, Семен Борисович.",,,
9379,Забайкальские были: Рассказы и повести.,"ШИЛОВ, Степан Самойлович.",,,
9380,Забайкальский бродяга: Рассказ.,"ОЛАГИР, В.",,,
9381,Забайкальцы: Роман.,БАЛЯБИН. ,,,
9382,Забалдаевский классик: Рассказ.,"КУДРИНСКИЙ, Федот Андреевич.",,,
9383,Забастовал.,"ЛОНДОН, Джек. ",Джонни забастовал; Изменник; На свободу; Шабаш.,,
9384,Забастовали...: Из жизни.,"КУЛЬЧИЦКИЙ, Валентин Михайлович.",,,
9385,Забастовка: Рассказ.,"АДОЛЬФ, Надежда Августиновна (НАДЕЖДИНА, Надежда).",,,
9386,Забастовка: [Рассказ].,"КАМАНИН, Федор.",,,
9387,Забастовка: [Рассказ].,"ЛЕНКО-РАНГО, П. (ВАСИЛЬЕВ, Павел Андреевич).",,,
9388,Забастовка: Рассказ.,"НАЖИВИН, Иван Федорович.",,,
9389,Забастовка: [Рассказ из сибирской жизни].,"КОНДУРУШКИН, Степан Семенович.",,,
9390,Забастовка: Фарс в 1-м д.,Имя авт. не установлено.,,,
9391,Забастовка в Кларктоне: [Отрывки из романа «Кларктон»].,"ФАСТ, Ховард (ФАСТ, Говард).",,,
9392,Забастовка машин: Роман.,"СЕЙЛЬ, Антонин (СЕЛЬ, Антонин).",,,
9393,Забастовка трамвайщиков.,"ГОРЬКИЙ, Максим.",,,
9394,"Забастовщик; Несчастные; Сегодня _ я, а завтра ты: Три рассказа.","ТЕРЕНТЬЕВ, Иван.",,,
9395,Забвение: Рассказы.,"ЖЕРОМСКИЙ, Стефан.",,,
9396,Забереги: Стихи.,"КУЗНЕЦОВА, Светлана Александровна.",,,
9397,Забитая калитка: Рассказ; Вавилонское столпотворение: История одной гимназии.,"КОСОРОТОВ, Александр Иванович.",,,
9398,Забитые люди.,"ТАГЕЕВ, Борис (РУСТАМ-БЕК ТАГЕЕВ, Борис Леонидович).",,,
9399,Забитый.,"АХО, Юхани.",,,
9400,Заблудившийся в лесу: Рассказ.,"ОДЮБОН, Як. (ОДЮБОН, Жан Жак).",,,
9401,Заблудилась: [Рассказ] .,"ШИШКИН, Борис Алексеевич. ",,Ванька-охотник...,
9402,Заблудились.,"ТРЕНЕВ, Константин Андреевич.",,,
9403,Заблудшая: Драматический этюд в 1-м д.,"КИРЬЯКОВА, Мария Александровна.",,,
9404,Заблудшая: Комедия в 4-х д.,"ШПА-ЖИНСКИЙ, Ипполит Васильевич.",,,
9405,Заблудшая овца: Пьеса в 3-х д.,"ТРАРЬЕ, Габриэль.",,,
9406,Заблудшие: (Белый корабль). Киносценарий.,"ВЛАДИМИРОВ, Владимир.",,,
9407,Заблудшие: [Рассказ].,"ЧЕХОВ, Антон Павлович. ",,Брожение умов...,
9408,Заблудшие: Рассказ прихожанина.,"НИКИТИН, Михаил Иванович.",,,
9409,Заблудший: Роман в 2-х ч.,"ГАРРИС, Эмиль Марион.",,,
9410,Заблудший отец: Комедия в 6-ти д.,"ДЮМА, Александр (сын).",,,
9411,Заблудший сын: Драма в 4-х д.,"КГАЕВСКИЙ, Георгий Никандрович.",,,
9412,Заблудший сын: Рассказ.,"ОРЛОВ, Иоанн.",,,
9413,Заблудший сын у постели умирающей матери: Рассказ.,"ОРЛОВ, Иоанн. ",Отступник сын у постели умирающей матери.,,
9414,"Заблуждение:    Стихотворение, 1914 г.","Г. К. (КОЛУБАНСКИЙ, Георгий Михайлович).",,,
9415,Заблуждение Изабеллы: Роман.,"МАРИАН, М.",,,
9416,Заблуждения сердца и ума или Мемуары г-на де Мелькура.,"КРЕБИЙОН, Клод Проспер Жолио де.",,,
9417,Забой номер семь: Роман.,"КОД-ЗЯС, Костас.",,,
9418,Заболел в походе: Рассказ.,"ВАСИН, Николай Акимович.",,,
9419,Забота: Вторая книга (Лирические стихи).,"ЖИРМУНСКАЯ, Тамара Александровна.",,,
9420,Забота: Поэмы.,"ГРИГОРЬЕВ, Игорь Николаевич.",,,
9421,Забота: Роман.,"ЗУДЕРМАН, Герман.",,,
9422,Забота: Стихи.,"КОВУСОВ, Анна.",,,
9423,Заботы дня: Стихотворения.,"АГЕЕВ, Леонид Мартемьянович.",,,
9424,Заботы его величества: Пьеса в 2-х д.,"РУШКИС, Валентин Соломонович.",,,
9425,Заботы и радости: Рассказы.,"ГРУ-БЕШЛИЕВА, Мария.",,,
9426,Заботы Леонида Ефремова: Роман.,"ЕЛЬЯНОВ, Алексей.",,,
9427,Заботы Маржанат: Юмористические и сатирические рассказы.,"ГЕРЕЕВ, Юсуп.",,,
9428,Забраковали: Шутка в 3-х д.,"ЧИ-НАРОВ-МСЕРИАНЦ, Рубенс Зармайрович (ЧИНАРОВ, Рубенс).",,,
9429,Забракованный: Рассказ.,"СВИР-СКИЙ, Алексей Иванович.",,,
9430,Забракованный жених: Водевиль для деревенского театра.,"ИЛЬИНСКИЙ, Федор Владимирович.",,,
9431,Забриски Пойнт: Киносценарий.,"АНТОНИОНИ, Микельанджело.",,,
9432,Заброшенная дорога: Рассказы.,"НАГИБИН, Юрий Маркович.",,,
9433,Заброшенная усадьба.,"ХРУЩОВА-СОКОЛЬНИКОВА, Н. Г.",,,
9434,Заброшенный в будущее: Социальный роман.,"ГЕРЦКА, Теодор.",,,
9435,Забубенная головушка: Драма в 5-ти д.,"КАРЕЕВ, Федор Дмитриевич.",,,
9436,Забубенная головушка: Новые песни.,Н. Р.,,,
9437,Забубенный кутила: Роман.,"КОК, Поль де. ",Батюшка-тестюшка.,,
9438,Забудем старое: Стихотворения.,"ГОРЧАКОВ, Петр Дмитриевич.",,,
9439,Забудь свое имя.,"АЗАРОВ, Алексей Сергеевич, КУДРЯВЦЕВ, Владислав Петрович.",,,
9440,Забурунный край: Роман. Кн. 1—2.,"ДЮБИН, Василий Власович.",,,
9441,Забыл: Рассказ.,"СЕРГЕЕВ-ЦЕН-СКИИ, Сергей Николаевич.",,,
9442,«Забыла» и другие рассказы для детей.,"ВЭР-ЧИСТЯКОВА, Евгения.",,,
9443,Забыли; Дети дьявола; Геройство полка: Рассказы.,"КОЛЕСНИКОВ, Николай Владимирович.",,,
9444,Забытая деревня: Сборник.,"НЕКРАСОВ, Николай Алексеевич.",,,
9445,Забытая дорога: Повести и рассказы.,"ЛИПКОВИЧ, Яков Соломонович.",,,
9446,Забытая история: Пьеса в 3-х д.,"ЧИЛАДЗЕ, Тамаз Иванович.",,,
9447,Забытая история: Рассказ.,"АФА-НАСЬЕВ-ЧУЖБИНСКИИ, Александр Степанович.",,,
9448,Забытая крепость: (Исторический роман из времен Кавказской войны). Т. 1—2.,"НЕМИРОВИЧ-ДАНЧЕНКО, Василий Иванович.",,,
9449,Забытая музыка: Стихи.,"ЗЛОТНИКОВ, Натан Маркович.",,,
9450,Забытая роза или Дядюшка спирит: Пьеса в 1-м д.,"ХМЕЛЬНИЦКИЙ, Дмитрий Иванович.",,,
9451,Забытая рота: Рассказ.,"НЕВЕ-ЖИН, Петр Михайлович.",,,
9452,Забытая слава: Историческая повесть.,"ЗАПАДОВ, Александр Васильевич.",,,
9453,Забытая тетрадь: Отрывки из дневника.,"СТОЖ, Динна.",,,
9454,Забытая тетрадь: (Стихотворения).,"ГИЛЯРОВСКИЙ, Владимир Алексеевич.",,,
9455,Забытое письмо: (Из недавних воспоминаний).,"ЗЕТТ, Нелли.",,,
9456,Забытое письмо: Психологический этюд. (История одной жизни).,"МИЩЕНКО, Леонид Леонидович.",,,
9457,Забыты нежные лобзанья: Записки женоубийцы.,"ЧЕРНЫЙ, Борис Константинович.",,,
9458,Забытые: (Очерк).,"ВЛАДИМИРОВ, Сергей.",,,
9459,Забытые: [Пьеса].,"ЧЕШСКИЙ, В. М. (ШАХОВСКОЙ, Владимир Михайлович).",,,
9460,Забытые: [Рассказы].,"ПОДЪЯЧЕВ, Семен Павлович.",,,
9461,Забытые: Рассказы для детей.,"ЗУБОВА, Ольга Ильинична.",,,
9462,Забытые аккорды: Стихотворения.,"МЕРЦАЛОВ, Н. А.",,,
9463,Забытые звуки: Стихотворения.,"ХОЛОДКОВСКАЯ, Варвара Ивановна.",,,
9464,Забытые картинки: Повести и рассказы.,"САЛОВ, Илья Александрович.",,,
9465,Забытые картины: Роман.,"ВАРМА, Бхагаватичаран.",,,
9466,Забытые люди: Драма из жизни беспоповцев-безбрачников в 4-х д.,"ПОПОВ, Николай Иванович.",,,
9467,Забытые люди: (Очерки и рассказы).,"ЛАЗАРЕВСКИЙ, Борис Александрович.",,,
9468,Забытые люди: [Рассказы].,"ЛЮ-БИЧ-КОШУРОВ, Иоасаф Арианович. ",Рассказы о забытых людях.,,
9469,Забытые мотивы: Повести* и рассказы.,"ЧЕРНЫЙ, Осип Евсеевич.",,,
9470,Забытые мотивы: [Стихотворения]. И.,"И. Я. (ЯСИНСКИЙ, Иероним Иерони-мович).",,,
9471,Забытые песни: Сборник стихотворений.,"ОПОЧИНИН, Николай С.",,,
9472,Забытые письма: Роман.,"СКВОРЦОВА, Екатерина Константиновна.",,,
9473,Забытые произведения (1895— 1901 гг.).,"ГОРЬКИЙ, Максим.",,,
9474,Забытые рассказы (1893—1918).,"ГОРЬКИЙ, Максим.",,,
9475,Забытые рассказы.,"ТРЕНЕВ, Константин Андреевич.",,,
9476,"Забытые рассказы певца, шута и странника.","ГОП, Аскотт Роберт.",,,
9477,Забытые тени: Из воспоминаний детства.,"АЛТАЕВ, Ал.",,,
9478,Забытый: Рассказ.,"Р-Н, А.",,,
9479,Забытый: Роман.,"БЕНУА, Пьер.",,,
9480,Забытый август: Повести.,"ИБРАГИМБЕКОВ, Рустам Мамед Ибрагим оглы.",,,
9481,Забытый август: Пьеса в 4-х д. с эпилогом.,"ИБРАГИМБЕКОВ, Рустам Мамед Ибрагим оглы.",,,
9482,Забытый блиндаж: Пьеса в 7-ми карт.,"МИХАЛКОВ, Сергей Владимирович.",,,
9483,Забытый герой: Исторический рассказ из времен Маккавеев.,"ЛЕВНЕР, Израиль Моисеевич. ",,,
9484,Забытый дом: Повесть.,"ГОРБУНОВ, Иван Федорович.",,,
9485,Забытый друг: Драма в 4-х д.,"САЛЫНСКИЙ, Афанасий Дмитриевич.",,,
9486,Забытый маяк: Рассказ.,"НЕМИРОВИЧ-ДАНЧЕНКО, Василий Иванович.",,,
9487,Забытый подвиг: (Из преданий дер. Хутовщина).,"ДЕМЕНТЬЕВ, Г.",,,
9488,Забытый пономарь: (Повесть).,"ПОТАПЕНКО, Игнатий Николаевич.",,,
9489,Забытый рудник: Рассказ.,"НЕМИРОВИЧ-ДАНЧЕНКО, Василий Иванович.",,,
9490,Забытый секрет: (Из минувшей войны).,"ДЕМЕНТЬЕВ, Г.",,,
9491,Забытый сон: Повести.,"ШУГАЕВ, Вячеслав Максимович.",,,
9492,"Забытый Хан: Поэма, А-н,",Л. Я.,,,
9493,Забытый холм.,"МАММЕРИ, Мулуд.",,,
9494,«...Забыть Герострата!»: Трагикомедия в 2-х ч.,"ГОРИН, Григорий.",,,
9495,Забыть не могу: Повесть.,"ГАЙДАЕНКО, Иван Петрович.",,,
9496,Забыть не могу: [Стихи].,"ХАЛИД, Риза.",,,
9497,"Забыть нельзя: Роман, повесть, рассказы.","АНАНЬЕВ, Анатолий Андреевич.",,,
9498,Забыть нельзя: Стихи.,"ФОМИЧЕВ, Николай Петрович.",,,
9499,Забыть Палермо: Роман.,"ШАРЛЬ-РУ, Эдмонда.",,,
9500,Завалены снегом: Рассказ.,"ГОФМАН, Франц. ",Погребенные в снегах.,,
9501,Заваруха: Роман.,"ЧАНСКИИ, Евг.",,,
9502,Завербованный гусар или Награда сыновней любви: Оригинальная драма в 2-х д.,"ВАТАЦИ, Константин Мануилович.",,,
9503,Завершенная миссия: Роман.,МОН-ГО БЕТИ.,,,
9504,Завесы души: Роман.,"УЭДСЛИ, Оливия.",,,
9505,Завет веры дедушки Пахома: мир народу: (Рассказ).,"ОРЛОВ, Иоанн.",,,
9506,Завет матери: Повесть из петербургской светской жизни.,"ЖЕРЕБЦОВА, Мария Ф.",,,
9507,Завет матери: Рассказ.,"ОРЛОВ, Иоанн.",,,
9508,Завет матери: Роман.,"ЗОЛЯ, Эмиль. ",Завет умершей.,,
9509,Завет отца.,"ЯКУШЕВ, Петр Иванович.",,,
9510,Завет отцов: Посмертная сказка.,"ГОФМАН, Ганс.",,,
9511,Завет предка: Роман.,"ИРИКСОН, Я.",,,
9512,Завет природы: Неписанный закон.,"ГОРБАТОВ, М.",,,
9513,Завет царя Петра.,"КУТУЗОВ, Петр.",,,
9514,Заветная елка: [Рассказ].,Имя авт. не установлено.,,,
9515,Заветная звезда.,"БЕСПОЩАДНЫЙ, Павел.",,,
9516,Заветная книга: Поэмы.,"ХАКИМ, Сибгат.",,,
9517,Заветная книга: [Стихи].,"ПЕТНИ-КОВ, Григорий Николаевич.",,,
9518,Заветная мечта: Комедия в 3-х д.,"ЛУХМАНОВА, Надежда Александровна.",,,
9519,Заветная мечта: Пьеса в 1-м д.,"ВА-ЛЕВСКИИ, Александр Александрович.",,,
9520,Заветная мечта: [Рассказ].,"ЯБЛО-НОВСКИИ, Александр Александрович.",,,
9521,Заветная мечта: [Стихи].,"ДАВЫ-ДОВ-АНАТРИ, Василий Иванович.",,,
9522,Заветная пуля.,"АВДЕЕВ, Виктор Федорович.",,,
9523,Заветная роща: Повесть.,"МЕЛЬНИКОВ, Николай Михайлович.",,,
9524,Заветная тайна или Дочь преступного отца: Повесть.,"МИРОНОВ, Николай П.",,,
9525,Заветная тропинка: Пьеса в 3-х актах.,"ЧАЛАЯ, Зинаида.",,,
9526,Заветное: Стихи.,"ЗАБИНКОВ, С.",,,
9527,Заветное: Стихи.,КРАВЦОВ. ,,,
9528,Заветное: Стихи.,"МИХАИЛОВ, Борис Николаевич.",,,
9529,Заветное: Стихи.,"СИДОРОВ, Василий Иванович.",,,
9530,Заветное желание.,"МУХИН, Владимир Евграфович.",,,
9531,Заветное кольцо: Стихи и поэма.,"ГЮЛЬГУН, Мединэ (ГЮЛЬГЮН, Медина).",,,
9532,Заветное окно: (Рождественский рассказ).,"ЛУКАШЕВИЧ, Клавдия.",,,
9533,Заветное окно или Квартирант с последствиями: Роман в 2-х ч.,"АЛЕКСЕЕВ, С.",,,
9534,Заветное слово: Стихи.,"ЯНГИН, Мирза.",,,
9535,Заветные грезы: Стихотворения.,"ЗАГРАЙСКИЙ, А.",,,
9536,Заветные думы: Стихотворения. В 2-х отделениях.,"ДЕМИДОВ, Михаил Васильевич.",,,
9537,Заветные огни: Новые стихи.,"КЕ-ЖУН, Бронислав Адольфович.",,,
9538,Заветные песни: Стихотворения.,"ДРОЖЖИН, Спиридон Дмитриевич.",,,
9539,Заветные песни и сказки.,"ПОЗНЯКОВ, Николай Иванович.",,,
9540,Заветные рассказы.,"САМОЙЛО-ВИЧ, В. (СОБОЛЕВА, Софья Павловна).",,,
9541,Заветные сказы: Рассказы.,"РЕМИЗОВ, Алексей Михайлович.",,,
9542,Заветные слова: Рассказы и очерки о С. М. Кирове.,"КАМЕНКОВИЧ, Златослава (КАМЕНКОВИЧ, Злата Борисовна).",,,
9543,Заветные страницы: Повесть.,"СТРАХОВА, Мария Васильевна.",,,
9544,Заветные три липы: Историческая повесть для народа.,"НАУМОВИЧ, Иоанн Григорьевич.",,,
9545,"Заветные тропы: Рассказы, очерки, фельетоны.","ПЕРЕБЕКОВ, Юрий Николаевич, СОЛОВЬЕВ, Владимир Васильевич.",,,
9546,Заветные уголки: Рассказы для детей.,"НОВИЦКАЯ, Вера Сергеевна (МАХ-ЦЕВИЧ).",,,
9547,Заветный адрес: Стихи.,"ПУЩИН, Иван Захарович.",,,
9548,Заветный берег: Стихи.,"КОРШУНОВ, Анатолий Федорович.",,,
9549,Заветный бочонок: Юмористические рассказы.,"ПРИВАЛОВ, Борис Авксен-тьевич.",,,
9550,Заветный золотой: Пасхальный рассказ.,"КИРОВА, Елизавета Ивановна.",,,
9551,Заветный камень: Повесть и рассказы.,"МУРАТОВ, Николай Григорьевич.",,,
9552,Заветный камень: Рассказы.,"ГРА-МОВИЧ, Иван Иванович (ГРОМОВИЧ, Иван Иванович).",,,
9553,"Заветный камень: Стихи, поэмы, песни.","ЖАРОВ, Александр Алексеевич.",,,
9554,Заветный клад: Драма в 7-ми карт.,"ГОЛУБИН, Петр.",,,
9555,Заветный край: Стихи.,"ПАНЧЕНКО, Павел Михайлович.",,,
9556,Заветный океан: Повести и рассказы.,"ДАНИЛЕНКО, Михась.",,,
9557,Заветный путь: Повести и рассказы.,"ЛУКАШЕВИЧ, Клавдия.",,,
9558,Заветный рейс: Стихи.,"ПАВЛИ-ЧЕНКО, Евгений Максимович.",,,
9559,Заветный рубль: Рассказ.,"СЛИ-ВИЦКИИ, Алексей Михайлович.",,,
9560,Заветный час: Стихи.,"КАСАТКИН, Михаил Иванович.",,,
9561,Завещание: Из воспоминаний старой женщины.,"АХМАТОВА, Елизавета Николаевна.",,,
9562,Завещание: Комедия в 4-х д.,"ГНЕ-ДИЧ, Петр Петрович.",,,
9563,Завещание: Оригинальная комедия в 1-м д.,"РОЖНОВСКИЙ, Г. А.",,,
9564,Завещание: Повесть.,"САФРОНОВ, Виктор Николаевич.",,,
9565,Завещание: [Пьеса].,"ШНИЦЛЕР, Артур.",,,
9566,Завещание: Рассказы.,"ЧОЧИЕВ, Резо Михайлович.",,,
9567,Завещание: Сатира в 3-х д.,"МДИВАНИ, Георгий Давидович.",,,
9568,Завещание Вильсона; Чей младенец.,"БЕРГЕС, Филипп.",,,
9569,Завещание дядюшки Варлаама: Фарс в 4-х д.,"ЭМБЕ, Э. X. (БАХЧИСА-РАИЦЕВ, Эммануил Христофорович).",,,
9570,Завещание Каина: Галицкие рассказы.,"ЗАХЕР-МАЗОХ, Леопольд фон. ",Наследие Каина.,,
9571,Завещание каменного века: Повесть и рассказы.,"СЕРГЕЕВ, Дмитрий Гаврилович.",,,
9572,Завещание Кантемира: Сатирические рассказы и фельетоны.,"АНАНЬИН, Сергей Александрович.",,,
9573,Завещание мистера Гуча.,"ДЕНИСЕНКО, Н.",,,
9574,Завещание мистера Мизона: Роман.,"ХАГГАРД, Генри Райдер.",,,
9575,Завещание мужества: Стихи; Главы из поэмы «Дальний гарнизон»; Из записных книжек; Воспоминания друзей.,"ГУДЗЕНКО, Семен Петрович.",,,
9576,Завещание отцов: Стихи.,"БАДАЕВ, Алексей Данилович.",,,
9577,Завещание полковника: Рассказы.,"САЖИН, Петр Александрович.",,,
9578,Завещание таежного охотника.,"ЛУСКАЧ, Рудольф Рудольфович.",,,
9579,Завещание чудака: Роман в 2-х ч.,"ВЕРН, Жюль.",,,
9580,Завещанная земля: Стихи.,"ШЕРА-ЛИ, Лоик (ЛОИК).",,,
9581,Завещанная река: Повести и рассказы.,"ЗНАМЕНСКИЙ, Анатолий Дмитриевич.",,,
9582,Завещанный мир: Стихи.,"КУЛИЕВ, Кайсын Шуваевич.",,,
9583,"Завещаю вам, братья...: Повесть об Александре Михайлове.","ДАВЫДОВ, Юрий Владимирович.",,,
9584,Завещаю тебе: Роман.,"СТРЕХНИН, Юрий Федорович.",,,
9585,Завидная биография.,"НЕКРАСОВ, Андрей Сергеевич.",,,
9586,Завидная партия: Повесть.,"МАЛО, Гектор.",,,
9587,Завидная судьба: Стихи.,"ГАЛКИН, Лев Абрамович.",,,
9588,Завидная судьба: [Стихи].,"СОКОЛОВСКИЙ, Александр Михайлович.",,,
9589,Завидное житье: Рассказы.,"ВЕСНИНА, Анна",,,
9590,Зависимость: Стихи.,"МЕКШЕН, Светлана Васильевна.",,,
9591,Завистливым быть — счастливо не жить: Поэма.,"КОЗЬМИН, Г.",,,
9592,Завистник: Роман. В 4-х ч.,"ДЮМА, Александр (отец).",,,
9593,Зависть: Роман.,"ОЛЕША, Юрий Карлович.",,,
9594,Завод: Повесть.,"ЛЬВОВ, Петр (ЛЬВОВ-МАРСИАНИН, Петр Андреевич).",,,
9595,Завод: Роман.,"ЛЕМОНЬЕ, Камилл.",,,
9596,Завод в тени.,"СЕДЛАЧЕК, Квето-слав Франтишек.",,,
9597,Завод весенний: Стихи.,"ГЕРАСИМОВ, Михаил Прокопьевич.",,,
9598,"Завод мой, жизнь моя: Стихи.","ГРИШАЕВ, Василий Никитич.",,,
9599,Заводские будни.,"ХАИТ, Давид Маркович.",,,
9600,Заводские гудки: Антиалкогольная драма в 1-м акте.,"КРЕЙН, Анатолий Давидович.",,,
9601,Заводские огни: Стихи.,"ПРЕСМАН, Григорий Аркадьевич.",,,
9602,Заводские ребята: Пьеса в 3-х д.,"ШУР, Исаак Соломонович.",,,
9603,Заводские ребята: [Стихи].,"АНТОНОВ, Петр Михайлович.",,,
9604,Заводский Митрофанушка: Комедия в 3-х д.,"КЛИМОВ, А. ",,,
9605,Заводы: Роман.,"ЛЕБЕДЕВ, Всеволод Владимирович.",,,
9606,Завоевание Алжира: Рассказ.,"ЭР-ТЕЛЬ, Вильгельм.",,,
9607,Завоевание Англии норманнами: Исторический роман.,"БУЛЬВЕР-ЛИТТОН, Эдуард Джордж (БУЛВЕР-ЛИТТОН, Эдуард Джордж).",,,
9608,Завоевание Галлии: Историческая повесть из времен Юлия Цезаря. В 2-х ч.,"СЮ, Эжен. ",В царстве крови.,,
9609,Завоевание Иерусалима: Роман.,"ГАРРИ, Мириам.",,,
9610,Завоевание машин: Роман.,"ЮНГ, Франц.",,,
9611,Завоевание мира.,"ДЮРТЕН, Люк.",,,
9612,Завоевание Петрограда.,"АФАНАСЬЕВ-СОЛОВЬЕВ, Иван Иванович.",,,
9613,Завоевание Плессана.,"ЗОЛЯ, Эмиль.",,,
9614,Завоевание рая.,"ГОТЬЕ, Юдифь.",,,
9615,"Завоевание Северного полюса: Репортаж о действительности, которая превзошла фантазии Жюля Верна.","ФУЧИК, Юлиус",,,
9616,Завоевание солнца: Драматическая пьеса в 3-х карт.,"КОЛЕСНИКОВ, Александр.",,,
9617,Завоеванная ночь.,"БОБУНОВ, Алексей Георгиевич.",,,
9618,Завоеванное счастье: Стихи.,"ВИКУЛОВ, Сергей Васильевич.",,,
9619,Завоеванное счастье или Бабушка: Комедия в 3-х д.,"КАИЕ, Ж. (КАИЯВЭ, Гастон Арман), РЭ, Этьен",,,
9620,Завоеватели: Историческая повесть из эпохи открытия и завоевания Южной Америки.,"ВОЛЬСКИЙ, Станислав.",,,
9621,Завоеватели: [Рассказы].,"ЯКОВЛЕВ, Александр.",,,
9622,Завоеватели: [Роман].,"АЛЬБАТ-РЕЛЛИ, Паоло (ПЕРРИ, Франческо).",,,
9623,Завоеватели: (Цикл 12-го года). Пьеса в 1-м д.,"МАМОНТОВ, Сергей Саввич.",,,
9624,Завоеватели и мелочь.,"БЕРЗИН, Юлий Соломонович.",,,
9625,Завоеватели лесов: Роман.,"УАЙТ, Стюарт Эдуард.",,,
9626,Заволжье: Повесть.,"ТОЛСТОЙ, Алексей Николаевич.",,,
9627,Заволжье: Роман.,"БОРИСОВ, Николай Васильевич.",,,
9628,Заволочье.,"ПИЛЬНЯК, Борис.",,,
9629,Завороженная печаль: Стихи.,"ПОПОВ, Евгений.",,,
9630,Заворожь: Рассказ. В.,"Л. К. (КУЛЬГАЧЕВА, В. Л.).",,,
9631,Заворошка: Отклики жизни.,"ПРИШВИН, Михаил Михайлович.",,,
9632,Завоюем мир: (Избранные стихи).,"БАРТЕЛЬ, Макс.",,,
9633,Завтра: Драма в 5-ти д.,"КАМЕНСКИЙ, Анатолий Павлович.",,,
9634,Завтра: Из записок старого человека.,"СЛОНИМСКИЙ, Михаил Леонидович.",,,
9635,Завтра: Повесть.,"БАРКОВА, Ольга Михайловна.",,,
9636,Завтра: (Повесть).,"ЛИБЕДИН-СКИИ, Юрий Николаевич.",,,
9637,Завтра: Пьеса в 3-х д.,"ГАИДОВ-СКИИ, Георгий Николаевич.",,,
9638,Завтра: [Рассказ].,"СТРУГ, Андрей (СТРУГ, Анджей).",,,
9639,Завтра: Роман.,"КРАСНОПОЛЬСКАЯ, Татьяна.",,,
9640,Завтра август.,"ВОЛОВИК, Александр Михайлович.",,,
9641,Завтра будем иным: Пьеса в 3-х актах.,"МАГНУ, Паскуал Карлос.",,,
9642,Завтра будет поздно: Повести.,"ДРУЖИНИН, Владимир Николаевич.",,,
9643,Завтра будет поздно: Пьеса в 2-х д.,"ЧЕРНЫХ, Иван Васильевич.",,,
9644,Завтра будет поздно: Роман.,"КАПИЦА, Петр Иосифович.",,,
9645,Завтра будет такой же день: Пьеса в 2-х д.,"АБРАМЦЕВ, Корнелий Корне-льевич.",,,
9646,Завтра все будет иначе: Рассказы и повести.,"УХАНОВ, Иван Сергеевич.",,,
9647,Завтра встретимся: Пьеса в 2-х ч.,"КОСТИНА, Валентина Павловна.",,,
9648,Завтра выпадет снег.,"ВАСИЛЬЕВ, Анатолий Иванович.",,,
9649,"Завтра — день добрый: Пять блокнотов небольших новелл, миниатюр, портретных этюдов.","ДАВЫДОВ, Исай.",,,
9650,Завтра — океан: Повесть.,"БАТРОВ, Александр Михайлович.",,,
9651,"Завтра, послезавтра...: Повесть.","РЕДЖАНИ, Рене.",,,
9652,Завтра придет Иван: Роман.,"ЗИ-БОРОВ, Евгений Александрович.",,,
9653,Завтра принадлежит нам.,"АББАС, Ходжа Ахмад.",,,
9654,Завтра связи не будет: Рассказы.,"ВЛАСОВ, Владимир Аскольдович.",,,
9655,Завтра стоит у порога: Роман.,"МАРВИЧ, Соломон.",,,
9656,Завтра стучится в дверь: Очерки.,"ПОСКРЕБЫШЕВ, Олег Алексеевич.",,,
9657,Завтра ты победишь: Роман.,"ХМЕЛЬНИЦКИЙ, Сергей Исаакович.",,,
9658,Завтра утром: Стихи.,"КРИВЕНКО, Евгений Иванович.",,,
9659,"Завтра утром, за чаем: Повесть.","ВОЛЬФ, Сергей Евгеньевич.",,,
9660,Завтра экзамен: Картинка в 1-м д.,"СОКОЛОВ, Лев Львович.",,,
9661,Завтрак под пулями: Рассказ.,"ТХОРЖЕВСКИЙ, Корнелий Владиславович.",,,
9662,Завтрак у предводителя: Комедия в 1-м д.,"ТУРГЕНЕВ, Иван Сергеевич.",,,
9663,Завтрак у Тиффани: Повесть.,"КАПОТЕ, Трумэн.",,,
9664,Завтрашние заботы: Повесть.,"КОНЕЦКИЙ, Виктор Викторович.",,,
9665,Завтрашний день: Рассказы.,"ЧОР-НЫЙ, Кузьма.",,,
9666,Завтрашний день: Фантастический роман.,"ОКУНЕВ, Яков.",,,
9667,Завтрашний день принадлежит тебе: Повесть.,"ГЕРАСИМОВ, Николай Афанасьевич.",,,
9668,Завтрашняя радость: Повесть.,"БОИТМАН, Людмила Валентиновна.",,,
9669,Завхозы и стрекозы: Сатирические стихи.,"ЛИПКО, Владимир.",,,
9670,Завязь: Повесть.,"БЕЛОКРЫЛОВ, Василий Алексеевич.",,,
9671,Завязь: Стихи.,"ДАНИЛОВ, Иван Иванович.",,,
9672,Завязь: Стихи.,"ЛЕМБЕРГ, Александр Миронович.",,,
9673,Завязь: Стихи.,"НИКИТИН, Михаил.",,,
9674,Завязь: Стихи.,"ПАЛЕМСКИЙ, Павел.",,,
9675,Завязь: [Стихи].,"ПУЦЫЛО, Борис Дмитриевич.",,,
9676,Завязь: Стихи.,"ТРИФОНОВ, Юрий Александрович.",,,
9677,Завязь: Стихи.,"ФИЛИППОВ, Ростислав Владимирович.",,,
9678,Завязь: Стихи и поэма.,"АКСЕЛЬ-РУД, Лев Моисеевич.",,,
9679,Завязь: Стихи и поэмы.,"ЮШКИН, Виталий Юлианович.",,,
9680,Загадка: Драма в 2-х д.,"ЭРВЬЕ, Поль.",,,
9680а,"Загадка: Из приключений леди Молли, женщины-сыщика. Рассказ.","ОРЧИ, Эммуска.",,,
9681,Загадка: Очерк.,"ВАСИЛЬКОВСКИЙ, Александр Константинович",,,
9682,Загадка: Рассказ.,"ОРЖЕШКО, Элиза (ОЖЕШКО, Элиза).",,,
9683,Загадка: [Рассказ].,"ЭРМАН, Абель. ",,Неразлучные...,
9684,Загадка: [Рассказы].,"РЫЖОВ, А.",,,
9685,Загадка: Роман.,"ЭМАР, Гюстав.",,,
9686,Загадка «акулы»: Научно-фантастические рассказы.,"РОСОХОВАТСКИЙ, Игорь Маркович.",,,
9687,Загадка амулета: Роман.,"МАТЮШИН, Михаил Ильич.",,,
9688,Загадка Арктики: Рассказы.,ШПА* ,,,
9689,Загадка «Белой гривы».,"ЛОКЕР-МАН, Аркадий Александрович.",,,
9690,Загадка Большой тропы: Приключенческая повесть.,"СЕРГЕЕВ, Дмитрий Гаврилович.",,,
9691,«Загадка бытия» и другие позднейшие стихотворения: Вып. 3.,"МЕЙСНЕР, Александр Федорович.",,,
9692,Загадка впадины Лао; Соната — фантазия: Фантастические повести.,"РЕЙ-МЕРС, Георгий Константинович.",,,
9693,Загадка гнилого озера; Под колесами наледь; Чужая беда; Робинзоны тайги: Повести.,"БАЛАБИН, Станислав Прокопьевич.",,,
9694,Загадка его жизни.,"БРЕНТАНО, Ф. ",,Памятник...,
9695,Загадка жизни: Повесть; За преступлением следует преступление: Повесть.,"БЛЮМЕНГАГЕН, Вильгельм.",,,
9696,Загадка жизни: [Рассказы].,БЬЕРНСТЕРНЕ—БЬЕРНС,,,
9697,Загадка и разгадка: Рассказ.,"СА-ФИР, Мориц Готлиб.",,,
9698,Загадка и разгадка: Сцены из испанской жизни. Карикатура.,"ТРАХТЕНБЕРГ, Владимир Осипович.",,,
9699,Загадка Ирвы: Повесть.,"ГАНЕИ-ЗЕР, Галина Евгеньевна.",,,
9700,Загадка капитана Синга: Повесть и рассказы.,"БОБЫЛЕВ, Евгений Гаврилович.",,,
9701,Загадка Кривой протоки.,"КОМАРОВ, Петр Степанович.",,,
9702,Загадка: кто преступник?: Повесть.,"ОТТОЛЕНГУИ, Родриг.",,,
9703,"Загадка магнита: Повесть о жизни и трудах Майкла Фарадея, бывшего маленьким переплетчиком и ставшего великим ученым. С приложением его занимательных бесед под заглавием: История свечи.","ШАХОВСКАЯ, Наталия Дмитриевна, ШИК, Михаил Владимирович. ",Повелитель молний Майкл Фарадей; Повесть о жизни; Майкл Фарадей.,,
9704,Загадка озера Кара-нор: Рассказы.,"ЯН, Василий.",,,
9705,Загадка Отилии: Роман.,"КЭЛИНЕ-СКУ, Джордже.",,,
9706,Загадка природы: Рассказы. Фельетоны.,"ПРОТОПОПОВ, Борис Сергеевич.",,,
9707,Загадка природы: Юмористические рассказы и афоризмы.,"ПОЛ ОТ АЙ, Николай Исидорович.",,,
9708,Загадка Ришара Сегюра: Роман.,"АЛЬБЕР, Жан, РЕНАР, Морис.",,,
9709,Загадка Троицкого леса: Повесть.,"ГАВРИЛИН, Дмитрий Андреевич.",,,
9710,Загадка царевны Елены Прекрасной: Сказка в 2-х карт.,"КОТЕЛЬНИКОВ, Глеб Евгеньевич.",,,
9711,Загадка Чудского озера.,"КАРАЕВ, Георгий Николаевич, ПОТРЕСОВ, Александр Сергеевич.",,,
9712,Загадка 602-й версты: Повесть.,"МИЛЬЧАКОВ, Владимир Андреевич.",,,
9713,Загадки жизни: Драма в 5-ти д.,"ШЕВИЛЬ, С. А. (САВИНКОВА, Софья Александровна).",,,
9714,Загадки жизни: Контуры и парадоксы.,"ГРУСТНЫЙ, Сергей (АРХАНГЕЛЬСКИЙ, Сергей Михайлович).",,,
9715,Загадки жизни: [Рассказы].,"ТУРКИН, Никадр Васильевич.",,,
9716,Загадки леса.,"ФЕДОСЕЕВ, Григорий Анисимович.",,,
9717,Загадки Никитинской гривы.,"ШАДРИН, Адихан Измаилович.",,,
9718,Загадки сердца: Книга новелл.,"ПЕЧОРИН, Сергей (САФОНОВ, Сергей Александрович).",,,
9719,Загадки сердца: Рассказы.,"БУРЖЕ, Поль.",,,
9720,Загадки Хаирхана: Научно-фантастические повести.,"ЗАБЕЛИН, Игорь Михайлович. ",Записки хроноско-писта.,,
9721,Загадочная женщина: Испанский роман.,"ЛУИС, Пьер.",,,
9722,Загадочная женщина: [Рассказы].,"БРЕШКО-БРЕШКОВСКИЙ, Николай Николаевич.",,,
9723,Загадочная женщина: (Сфинкс). Драма в 4-х актах.,"ФЕЛЬЕ, Октав (ФЕЙЕ, Октав).",,,
9724,Загадочная личность.,"БОТЕЗАТ, А. И.",,,
9725,Загадочная натура: [Рассказы].,"ИЛЬФ, Илья, ПЕТРОВ, Евгений.",,,
9726,Загадочная натура: Рассказы.,"ЧЕХОВ, Антон Павлович.",,,
9727—9728,Загадочная птица: (О фламинго).,"ЧЕГЛОК, Александр.",,,
9729,Загадочная тропа: Повесть.,"ВЕРШИНИН, Анатолий.",,,
9730,Загадочное видение в Петербурге на Волновом кладбище.,"М. С. (САФОНОВ, М. А.).",,,
9731,Загадочное дупло.,"ШУХОВ, Иннокентий Николаевич.",,,
9732,Загадочное исчезновение Рене.,"ФИНК, Виктор Григорьевич.",,,
9733,Загадочное преступление: Повесть.,"АЛДРИХ (ОЛДРИЧ, Томас Бейли).",,,
9734,Загадочное преступление: Повесть.,Имя авт. не установлено.,,,
9735,Загадочное убийство: Два рассказа из записок следователя.,"ЛЮБИМОВ, А.",,,
9736,Загадочное убийство; Последний футурист; Дурак; «Революционер Коля» и цругие рассказы.,"Д'ОР, О. Л.",,,
9737,Загадочные истории: [Рассказы].,"ГРИН, Александр.",,,
9738,Загадочные истории: [Рассказы].,"ДОЙЛЬ, Артур Конан.",,,
9739,Загадочные натуры:       Роман.,"ШПИЛЬГАГЕН, Фридрих.",,,
9740,Загадочные преступления.,"Д'ОРЧИ (ОРЧИ, Эммуска).",,,
9741,Загадочные происшествия в Герон-дайкском замке.,"СПЕЙТ, Томас Уилкинсон.",,,
9742,Загадочные шаги: Рассказы.,"ЧЕСТЕРТОН, Гилберт К. (ЧЕСТЕРТОН, Джильберт Кейт).",,,
9743,Загадочный еврей: Из удивительных приключений первого сыщика в мире Франсуа Питаваля.,Имя авт. не установлено.,,,
9744,Загадочный нищий: Сатирическая комедия в 2-х д.,"СОЛОВИЧ, Ян.",,,
9745,Загадочный случай: Из приключений первого сыщика в мире Франсуа Питаваля.,Имя авт. не установлено.,,,
9746,Загадочный случай: «Песня без слов» Мендельсона. Рассказ.,"ЗЕНГЕР, Анатолий.",,,
9747—9748,"Загадочный старец, который жил тысячу лет.",М. ,,,
9749,Загадочный человек: Рассказ. (Из опыта магнетизма).,"СТАМАТИ, Константин Константинович (СТАМАТИ-ЧУРЯ, Константин Константинович).",,,
9750,Загадочный человек: Эпизод из истории космического времени на Руси.,"ЛЕСКОВ, Николай Семенович.",,,
9751,Заглавие конфисковано.,"НЕМОЕВ-СКИЙ, Андрей (НЕМОЕВСКИЙ, Анджей). ",Легенды.,,
9752,Заглавие не придумано: Рассказы из моей жизни. Из давнего и недавнего прошлого.,"ЛИТВИНОВ, Владимир Владимирович.",,,
9753,Заглик: Стихи.,"УЛАНОВ, Алексей Ильич.",,,
9754,Заглоба сватом: Комедия в 1-м д.,"СЕНКЕВИЧ, Генрих.",,,
9755,Заглохшая нива: Повесть.,"БЮ-ЛОВ, Фрида.",,,
9756,Загляни в себя поглубже: Рассказы.,"ФОМЧЕНКО, Олег Семенович.",,,
9757,Заглянуть в душу.,"ЕЛИН, Николай, КАШАЕВ, Владимир Григорьевич.",,,
9758,Заглянуть в колодец: Пьеса в 2-х д.,"ВОЛЧЕК, Яков Иосифович.",,,
9759,Загмук: Трагедия раннего восстания. 5 д.,"ГЛЕБОВ, Анатолий.",,,
9760,Заговор: Повесть.,"ПАНЮКОВ, Владимир Николаевич, ПЛЯЧЕНКО, Александр Афанасьевич.",,,
9761,Заговор: [Пьеса].,"ИРКУТОВ, Андрей.",,,
9762,Заговор: Пьеса в 4-х актах.,"ВИРТА, Николай Евгеньевич.",,,
9763,Заговор: [Роман].,"АЛДАНОВ, Марк.",,,
9764,Заговор: Роман.,"ГУДАИТИС-ГУ-ЗЯВИЧЮС, Александрас Августович.",,,
9765,Заговор барабанщиков: Рассказ.,"РЫЖОВ, А.",,,
9766,Заговор дураков: Трагедия.,"МАРИЕНГОФ, Анатолий Борисович.",,,
9767,Заговор жен.,"ВАНБРУ, Джон.",,,
9768,Заговор императрицы: Пьеса в 5-ти д.,"ТОЛСТОЙ, Алексей Николаевич, ЩЕГОЛЕВ, Павел Елисеевич.",,,
9769,Заговор м-с Бенкер.,"БРЕТ-ГАРТ, Фрэнсис.",,,
9770,Заговор обреченных; Хлеб наш насущный: Пьесы.,"ВИРТА, Николай Евгеньевич.",,,
9771,Заговор полицейского сыщика: Роман из жизни революционеров и политических преступников.,"КЛАРЕТИ, Жюль.",,,
9772,Заговор послов: Документальная киноповесть.,"КУРПНЕК, Гунар Иванович, МАКЛЯРСКИЙ, Михаил Борисович",,,
9773,Заговор против друзей автора: Фантастическая комедия в 2-х д.,"ПОМЕЩИКОВ, Евгений Михайлович.",,,
9774,Заговор против себя или Сон в руку: Сценическая безделка в 1-м д. в стихах.,"БЕЙЕР, Гавриил фон.",,,
9775,Заговор против «Эврики»; Брошенный портфель.,"ЕГОРОВ, Виктор.         ",,,
9776,Заговор равных: [Повесть].,"ВОЙ-ТИНСКАЯ, Надежда Савельевна.",,,
9777,Заговор равных: Пьеса в 5-ти карт.,"ПОПОВСКИЙ, Александр Данилович.",,,
9778,Заговор равных: Роман.,"ЭРЕН-БУРГ, Илья Григорьевич.",,,
9779,Заговор трех: Повесть.,"ПАНШИН, Глеб Иванович.",,,
9780,Заговор Фиэско: Трагедия.,"ШИЛЛЕР, Фридрих.",,,
9781,Заговор Фиэско в Генуе: Трагедия.,"ШИЛЛЕР, Фридрих. ",Фиеско; Заговор Фиэско.,,
9782,Заговоренный меч: Исторический роман-хроника.,"ЕСЕНБЕРЛИН, Ильяс.",,,
9783,Заговорила совесть: Роман.,"ВОЛЖИН, Валериан Александрович.",,,
9784,Заговорило ретивое: Оригинальная комедия в 1-м д. в стихах.,"ГРИГОРЬЕВ, Петр Иванович.",,,
9785,Заговорщик: Повесть о жизни Огюста Бланки.,"ХАЗИН, Евгений Яковлевич.",,,
9786,"Заговорщики: (Отрывки из жизни одного итальянца, рассказанные Лоренцо Беноки). Роман.","РУФФИНИ, Джованни Доменико.",,,
9787,Заговорщики: Повесть й рассказы.,"МАХЕЕК, Владислав.",,,
9788,Заговорщики: Роман.,"ФИЛИПС-ОППЕНГЕЙМ, Е. (ОППЕНГЕЙМ, Эдвард Филипс).",,,
9789,Заговорщики с улицы Речной: Повесть.,"ЗЛЫВКО, Иван Силович, ГОЛОВИНА, Нина.",,,
9790,Загон: Киносценарий.,"ГАТТИ, Арман, ЖОФФРОИ, Пьер.",,,
9791,Загорается маяк: Спектакль-обозрение в 2-х отделениях с эпилогом.,"ТРЕЗВЕННИКОВ, Сергей Тимофеевич, ДОБРОНРАВОВ, Николай Николаевич.",,,
9792,Загородная прогулка: [Рассказ].,"МОПАССАН, Ги де. ",,Отец Симона... Изд. также под загл.: Поездка за город.,
9793,Загородная прогулка: Сатирические и юмористические рассказы.,"КОМОВ, Владимир Ефимович.",,,
9794,Загорье: Стихи.,"ТВАРДОВСКИЙ, Александр Трифонович.",,,
9795,Заграница: Стихи.,"ВАСИЛЬЕВ, Сергей Александрович.",,,
9796,Заграничные впечатления.,"Д'ОР, О. Л.",,,
9797,Заграничный Степан.,"ЧЕТВЕРИКОВ, Дм. (ЧЕТВЕРИКОВ, Борис Дмитриевич).",,,
9798,Заграничный туман.,"ШИШКОВ, Вячеслав Яковлевич.",,,
9799,Загробная месть: Драма в 5-ти д.,"ШАХ-СЕК, М. Я.",,,
9800,Загробная правда: (Рассказы).,"МОПАССАН, Ги де.",,,
9801,Загробная тайна: Драматический эскиз в 1-м д.,"Н. Б. (БОРИСОВСКИЙ, Николай Александрович).",,,
9802,Загробная тайна или Полтавский бой: Исторический рассказ из времен стрелецких бунтов и царствования императора Петра Великого. В 2-х ч.,"БАЛАГУР, Фома.",,,
9803,Загробный мститель: Роман.,"ЛАВРОВ, А. И. (КРАСНИЦКИЙ, Александр Иванович).",,,
9804,Загробный путь: Персидская сказка.,Н. Р.,,,
9805,Загубленная: Роман в 4-х ч.,"АРАПОВА, Александра Петровна.",,,
9806,Загубленная: Роман из жизни петербургского большого света.,Р—Ц.,,,
9807,Загубленная весна.,"ШЕРФИГ, Ханс.",,,
9808,Загубленная доля: Повесть из недавно прошедшей жизни.,М. П.,,,
9809,Загубленная жизнь: Драма в 4-х д.,"КУЗОВЛЕВ, Михаил Иванович.",,,
9810,Загубленная жизнь: Комедия в 5-ти д.,"ПОЛЕТАЕВ, Н. В.",,,
9811,Загубленная жизнь:     Повесть.,"ШЕЛЛЕР-МИХАЙЛОВ, Александр Константинович.",,,
9812,Загубленная жизнь: Рассказ.,"БОГДАНОВИЧ, Лев Алексеевич.",,,
9813,Загубленная жизнь: Рассказ из петербургской жизни.,"СЛАДКИЙ, Максим (БОГЕМСКИЙ, Дмитрий Анисимович).",,,
9814,Загубленная жизнь или Исповедь пьяницы: Рассказ.,ПЭЙВЕРИНТА. ,,,
9815,Загубленное счастье: Роман.,"СОКОЛОВ, Александр Алексеевич.",,,
9816,Загубленные: Пьеса в 4-х д.,"ПОЛЯНСКИЙ, Михаил Иванович (СЕМЕНОВ, Михаил Иванович).",,,
9817,Загулял.,"ГОРИН, Н. К. ",,"Кто старое помянет, тому глаз вон...",
9818,Загэс: Поэма.,"СМИРЕНСКИИ, Борис Викторович.",,,
9819,Задание: Повесть.,"ДУБРОВСКИЙ, Эдгар Борисович.",,,
9820,Задание выполнено.,"ВАЙДА, А. Г.",,,
9821,Задание командующего: Повесть.,"БУХАНЦЕВ, Семен Георгиевич.",,,
9822,Задание на всю жизнь.,"ХАКИМОВ, Абдулла.",,,
9823,Задание особой важности: Повесть.,"ШАМШУР, Петр Прокофьевич.",,,
9824,Заданный курс.,"МИЛЮТИН, Василий Ильич.",,,
9825,Задача: Рассказ.,"СОКОЛОВ, Д. Г. ",,Сарыч...,
9826,Задача: [Рассказ].,"УСПЕНСКИЙ, Глеб Иванович.",,,
9827,Задача № 1371: Шутка в 1-м д.,"КАРПИНСКАЯ, Вера.",,,
9828,Задача с двумя неизвестными: Повесть и рассказы.,"ВАСИЛЬЕВ, Павел Александрович.",,,
9829,"Задачи жизни: Комедия в 4-х д., с живою картиною.","ГРОМАКОВСКАЯ, Юлия Петровна.",,,
9830,Задворки.,"ЧИСТЯКОВ, Александр Степанович.",,,
9831,Задержать на рассвете: Повести.,"СЛОВИН, Леонид Семенович.",,,
9832,Задержите его: Комедия в 1-м д.,"БЕРНАР, Виктор, ГРАНЖЕ, Эжен.",,,
9833,Задетые крылом.,"ДОРОХОВ, Павел Николаевич.",,,
9834,Задетые струны.,"ЧИМКЕНТСКИЙ, Александр.",,,
9835,"Задиаг или Тайны судьбы и благодетельный дух счастливой Аравии, или Видение набаба: Восточный нравственно-сатирико-повествовательный роман, взятый из ветхой вавилонской рукописи.",Имя авт. не установлено.,,,
9836,Задиг или Судьба; Вавилонская принцесса; Кандид или Оптимизм.,"ВОЛЬТЕР, Франсуа Мари.",,,
9837,Задиристые рассказы.,"ВОЛКОВ, Михаил Иванович.",,,
9838,Заднепровская ведьма и страшный атаман разбойников: Народное предание. В 3-х ч.,Имя авт. не установлено.,,,
9839,"Заднепровская ведьма и черный ворон, атаман разбойников: Повесть.",Имя авт. не установлено.,,,
9840,Заднепровская ведьма или Колдовство на Лысой Горе: В 3-х ч.,Имя авт. не установлено.,,,
9841,Задним умом.,"РОШКА, Валентин Федорович.",,,
9842,Задом наперед: Юмористические рассказы.,"РУДЕНКОВ, Иван Семенович.",,,
9843,Задонское эхо: Поэмы. Баллады.,"РОГАЧЕВ, Александр Александрович.",,,
9844,Задонщина.,Имя авт. не установлено. ,,,
9845,Задорский: Рассказ из конца XVIII столетия.,"КРАШЕВСКИИ, Юзеф Игнацы.",,,
9846,Задубели иноверы: Рассказ.,"ОРЛОВ, Иоанн.",,,
9847,Задумчивые краски.,"ДУДНИК, Петру Маркович.",,,
9848,Задушевная исповедь: Назидательная быль. С вариациями на тему «Точки зрения».,"МАКАРОВ, Николай Петрович.",,,
9849,Задушевное слово: Последние песни и думы.,"ЛУНИН, Алексей Алексеевич.",,,
9850,Задушевные думы: Сборник стихотворений с биографическими набросками автора.,"ЩУРЕНКОВ, Владимир Андреевич.",,,
9851,Задушевные думы: [Стихотворения].,"ГЛИНКА, Авдотья Павловна.",,,
9852,Задушевные песни: Стихотворения.,"ИВАНОВ, Н. Н.",,,
9853,Задушевные письма: Юмористические рассказы.,"ЛЕЙКИН, Николай Александрович.",,,
9854,Задушевные письма пленного японского солдата Ки-Ки-Моры к московской кухарке Матрене или Неудачная стычка Ки-Ки-Моры с русским матросом-богаты-рем.,"ДУНИН, Василий Эразмович.",,,
9855,Задушевные рассказы.,"ТЕРИЭ, Андрэ (ТЕРЬЕ, Андре).",,,
9856,Задушевные рассказы: В 2-х т.,"ЗАСОДИМСКИИ, Павел Владимирович.",,,
9857,Задушевный разговор: Рассказы.,"ГОЛОВИН, Дмитрий Ильич.",,,
9858,Задушевный разговор: [Рассказы].,"КУКСОВ, Владлен Кононович.",,,
9859,Задушевный разговор: Стихи.,"КИРИЛЛОВ, Василий Филиппович.",,,
9860,Задушевный разговор:      Стихи.,"КУРБАТОВ, Владимир Васильевич.",,,
9861,Задушенные: Роман.,"РУФФ, Марсель.",,,
9862,Зажги свою звезду: Роман.,"ЛАГУНОВ, Константин Яковлевич.",,,
9863,Зажгите костры в океане.,"КУВАЕВ, Олег Михайлович.",,,
9864,Зажженная свеча: Стихи.,"ОКСЕ-НОВ, Иннокентий Александрович.",,,
9865,Зажженные бездны: Стихи.,"НОВИЦКИЙ, Григорий.",,,
9866,Зажженные огоньки: Документальная повесть.,"СЕМЕНОВ, Владимир Иосифович.",,,
9867,Заживо погребенные: [Рассказ].,"ЮБЕРМОН, Пьер.",,,
9868,Заживо погребенные: Роман.,"БУЛЬ-ВЕР-ЛИТТОН, Эдуард Джордж (БУЛ-ВЕР-ЛИТТОН, Эдуард Джордж).",,,
9869,Заживо погребенный: Повесть.,"САХАРОВ, Петр.",,,
9870,Заживо погребенный:     [Роман].,"БЕННЕТ, Арнольд.",,,
9871,Заживо погребенный; Через трупы: Рассказы. (Отрывки из романа «Туннель»).,"КЕЛЛЕРМАН, Бернгард.",,,
9872,Зажигаются окна: Стихи.,"ПАЛЬЧИКОВ, Владимир Алексеевич.",,,
9873,Зажигающие зарю: Роман.,"ПРАДА, Оропеса Ренато.",,,
9874,Зажили по-другому: Пионерская быль.,"ДОРОФЕЕВ, Н.",,,
9875,Зажиток.,"КЛЫЧКОВ, Сергей, ПОПОВ, Викторин Аркадьевич.",,,
9876,Зажми сердце в кулак: Повесть.,"РУДИН, Виль Григорьевич.",,,
9877,Зажора: Пьеса в 2-х карт.,"ПОЛИВАНОВ, Владимир Павлович.",,,
9878,Зажора:   [Рассказ].,"ПОЛИВА- НОВ, Владимир Павлович.",,,
9879,Заза: Пьеса в 5-ти д.,"БЕРТОН, Пьер Франсуа Самюэль, СИМОН, Шарль.",,,
9880,Заздравная песня.,"УТКИН, Иосиф Павлович.",,,
9881,Заземление.,"ЛЕВИН, Борис Михайлович.",,,
9882,Зазимок: Роман.,"ГОДЕНКО, Михаил Матвеевич.",,,
9883,Зазимок: Стихи.,"КУЛАГИН, Владимир Александрович.",,,
9884,Зазнавшийся слон: Басни и сатирические стихи.,"КАТКОВ, Николай Иванович.",,,
9885,Зазорный: Историческая повесть из времен пугачевщины.,"НАСИМОВИЧ, Александр Федорович.",,,
9886,Зазубрина.,"ГОРЬКИЙ, Максим.",,,
9887,Заиграй овражки: Роман.,"ЧЕТВЕРИКОВ, Дм. (ЧЕТВЕРИКОВ, Борис Дмитриевич).",,,
9888,Заиндевелые луны: Стихи.,"СЕМЕНОВ-СПАССКИЙ, Леонид Григорьевич.",,,
9889,Заиндевелые провода: Рассказы.,"КОНЕЦКИЙ, Виктор Викторович.",,,
9890,Заира: Роман.,"САЛИАС, Евгений Андреевич (САЛИАС де ТУРНЕМИР, Евгений Андреевич).",,,
9891,Заира: Трагедия в 5-ти д.,"КОС-ТИЦЫН, В. А.",,,
9892,Заира: Трагедия в 5-ти д. В стихах.,"ВОЛТЕР (ВОЛЬТЕР, Франсуа Мари).",,,
9893,Зайди в учительскую.,"КИСЕЛЕВА, Мария Степановна.",,,
9894,Зайкины страхи: Рассказы и сказки.,"ЧЕРСКИЙ, Леонид Федорович.",,,
9895,Зайцем на орбите.,"ТАРАБУКИН, Игорь Иванович.",,,
9896,«Зайцем» на парнас: Повесть и рассказы.,"АВДЕЕВ, Виктор Федорович.",,,
9897,Зайцы на пляже.,"КОТОВ, Владимир Петрович.",,,
9898,Зайчик на стене.,"АВЕРЧЕНКО, Аркадий Тимофеевич.",,,
9899,Зайчики: Рассказ.,"КУКЛИН, М.",,,
9900,"Зайчики в трамвайчике: Фельетоны, юморески, сказки для взрослых.","ПО-ДОРОЖАНСКИЙ, Иосиф Абрамович.",,,
9901,Зайчина: Пьеса в 3-х д.,"САПОЖНИК, М. (РЫБАКОВ, Макар Андреевич).",,,
9902,"Закавказские записки, 1942—1943.","ЗАКРУТКИН, Виталий Александрович.",,,
9903,Заказ на север.,"ШАХАНОВ, Яков.",,,
9904,Заказник.,"КОСТРОВ, Борис Алексеевич.",,,
9905,Закал.,"ПРОСТАКОВ, Владимир Борисович.",,,
9906,Закалка: Повесть.,МИРМУХСИН.,,,
9907,Закалка; Повесть и рассказы.,"КУ-ЛАКОВСКИЙ, Алексей Николаевич.",,,
9908,Закалка мужества: Рассказы.,"САВИН, Виктор Афанасьевич.",,,
9909,Закалялась сталь: Повесть.,"БУСЫГИН, Александр Иванович.",,,
9910,Закаляющим сталь: Стихи и поэмы.,"ЗЕМНОЙ, Вадим Павлович.",,,
9911,Закарпатские рассказы.,"ТОМЧА-НИЙ, Михайло (ТОМЧАНИЙ, Михаил Иванович).",,,
9912,Закарпатские стихи.,"ГУДЗЕНКО, Семен Петрович.",,,
9913,Закат: Исторический роман.,"ЖДАНОВ, Лев.",,,
9914,Закат: Очерки в 4-х д.,"СУМБА-ТОВ, Александр Иванович (ЮЖИН, А. И.).",,,
9915,Закат: Пьеса.,"БАБЕЛЬ, Исаак Эммануилович.",,,
9916,Закат: Рассказы.,БЛАСКО ИБАНЬ-ЕС В,,,
9917,Закат моряка.,"НОВИКОВ-ПРИ-БОИ, Алексей Силыч.",,,
9918,Закат солнца: Комедия в 5-ти д.,"ГРЕКОВ, Федор Константинович.",,,
9919,Закат солнца или Должник в тисках: Водевиль в 1-м д.,Имя авт. не установлено.,,,
9920,Закатившаяся звезда: Документальная повесть.,"ШАТУНОВСКИЙ, Илья Миронович.",,,
9921,Закату: Первый сборник стихов.,"СИМАНОВСКИЙ, Иосиф.",,,
9922,Закаты и рассветы: Лирика. Новые стихи.,"КОЛЫЧЕВ, Осип Яковлевич.",,,
9923,Закинутые тенета: Комедия в 5-ти д.,"ДЬЯЧЕНКО, Виктор Антонович.",,,
9924,Закипела сталь: Роман.,"ПОПОВ, Владимир Федорович.",,,
9925,Закладчик или Современный паук: Комедия в 3-х д.,"ЛИКУДИ, М. П.",,,
9926,Заклеванный воробей: Рассказ.,"НЕМИРОВИЧ-ДАНЧЕНКО, Василий Иванович.",,,
9927,Заклепка: Рассказы.,"ЛОКОТКОВ, Константин Петрович.",,,
9928,Заклинание Бабатци.,"СТЕРИН, Вячеслав.",,,
9929,Заклинание огня: Стихи.,"ДОМНИН, Алексей Михайлович.",,,
9930,Заклинатель змей: Из быта и природы Индии.,"РУССЕЛЭ, Л. (РУССЛЕ, Луи).",,,
9931,Заклинатель змей: Повесть.,"ЧИРКИНА, Лидия Виссарионовна.",,,
9932,Заклинатель змей: [Рассказ].,"СОЛОВЬЕВ, М. А. ",,На верблюдах по Австралии...,
9933,Заклинательница змей: Роман.,"СОЛОГУБ, Федор.",,,
9934,Заключение к «Исповеди моей жизни».,"ЗАХЕР-МАЗОХ, Ванда (ЗАХЕР-МА-ЗОХ, Аврора фон).",,,
9935,Заключенные в Игльсе снеговым завалом; Роман.,"БРЕТ-ГАРТ, Фрэнсис.",,,
9936,Заключенный: Роман.,"АВЕЛИН, Клод (АВЛИН, Клод).",,,
9937,Заключенный № 880.,"БИЛЛИН-ГЕР, Карл.",,,
9938,Заклятые цыганки.,"ЛОХВИЦКИЙ, Михаил Юрьевич.",,,
9939,Заклятое кресло: Роман.,ЛЕРУ,,,
9940,Заклятое урочище или Таинственный колодезь: Старинный рассказ из времен царя Иоанна Грозного.,"МОЛЧАНОВ, В.",,,
9941,Заклятый дуб: (Рассказ дида Па-наса).,"ДЗЯКОВИЧ, П.",,,
9942—9943,Закованные бунтари: Роман. Кн. 1.,"НИКИТИН, Иван Федорович.",,,
9944,Заковыка: [Рассказы].,"МЕЩЕРЯКОВ, Тимофей Степанович.",,,
9945,Заковыка: Рассказы и сказки.,"ВОЛКОВ, Михаил Иванович.",,,
9946,Заколдованная: Повесть.,"САН-ЖАРЬ, Надежда (БРИЛИАНТ, Надежда Дмитриевна).",,,
9947,Заколдованная дорога: Оригинальный водевиль в 1-м д.,"ЛИСЕНКО-КОНЫЧ, Иван Кононович.",,,
9948,Заколдованная земля: Фантастический роман.,"ГЛОУХ, Карл.",,,
9949,Заколдованная липа: Сказка.,"АНИСИМОВА, Александра Петровна.",,,
9950,Заколдованная монета: Рассказы.,НГУЕН КОНГ ХОАН.,,,
9951,Заколдованная палата: Повесть.,"ТОРБАН, Раиса Семеновна.",,,
9952,Заколдованная принцесса.,"САН-ЖАРЬ, Надежда (БРИЛИАНТ, Надежда Дмитриевна). ",Заколдованная.,,
9953,Заколдованная рубашка.,"КАЛЬ-МА, Н.",,,
9954,Заколдованная трасса: Романтическая комедия в 3-х д.,"ГЛЕКОВ, Александр Порфирьевич.",,,
9955,Заколдованная утка.,"ТХОРЖЕВ-СКИЙ, Корнелий Владиславович.",,,
9956,"Заколдованная яичница или Видит глаз, да зуб неймет: Водевиль в 1-м д.","БУАЙЕ, Луи, ДЮВЕР, Феликс-Огюст.",,,
9957,Заколдованное золото:    Роман.,"ВЕРНЕР, Элизабет.",,,
9958,Заколдованное золото: Юмористические рассказы.,"ДЖЕКОБС, Вильям Ви-марк.",,,
9959,Заколдованное кресло: Сатира на французскую Академию наук.,"ЛЕРУ, Гастон.",,,
9960,"Заколдованное место: Быль, рассказанная дьячком ***ской церкви.","ГОГОЛЬ, Николай Васильевич.",,,
9961,Заколдованное место: Волшебная сказка.,Имя авт. не установлено. ,Заколдованные.,,
9962,Заколдованное место: Рассказы. Фельетоны. Юморески.,"БАХТИАРОВ, Сабир Сальманович.",,,
9963,Заколдованное счастье: Стихи и поэма.,"МАЛЯКОВ, Лев Иванович.",,,
9964,Заколдованные. (Загл. обл.).,Имя авт. не установлено. ,Заколдованное место.,,
9965,Заколдованные деревни: Рассказы.,"РОМАНОВ, Пантелеймон Сергеевич.",,,
9966,Заколдованные журавли: Восточная сказка.,Имя авт. не установлено.,,,
9967,Заколдованные сокровища: Повесть.,"ТАРАСЕНКА, Петр Федорович.",,,
9968,Заколдованный дуб: (Рассказ из крестьянского быта).,СТОРОЖЕНКО* ,,,
9969,Заколдованный замок или Иван богатырь и прекрасная супруга его Рогнеда.,БОГАТЫРЕВ.,,,
9970,Заколдованный замок или Несчастная царевна: (Сказка для народа).,"КАССИРОВ, Иван.",,,
9971,Заколдованный или говорящий дуб.,"ЗАНД, Жорж (САНД, Жорж).",,,
9972,Заколдованный камень.,"ТАБУРНО, Иероним Павлович.",,,
9973,Заколдованный клад: Повесть.,"ДОБРОНРАВОВ, Николай Евгеньевич.",,,
9974,"Заколдованный клад: Повесть, составленная по старинному сказанию.","КУ-КЕЛЬ (ЛУНИН, В. А.).",,,
9975,Заколдованный клад: Стихи.,"НЕФЕДОВ, Федор Михайлович.",,,
9976,Заколдованный круг: Драматическая сказка в 5-ти д.,"РЫДЕЛЬ, Люциан.",,,
9977,"Заколдованный круг: Повести, рассказы и зарисовки.","СААР, Анте Карлович.",,,
9978,Заколдованный круг: Рассказы.,"КОЛЛИНЗ, Бетти.",,,
9979,Заколдованный круг: [Рассказы].,"ЧАЩИН, Георгий Никифорович.",,,
9980,Заколдованный круг: Роман.,"КУЛЕШОВ, Александр.",,,
9981,Заколдованный круг:     Роман.,"ФЛАКЭ, Отто.",,,
9982,Заколдованный круг:   [Роман].,"ХААНПЯЯ, Пентти.",,,
9983,Заколдованный круг:     Роман.,"ХЕЛЬ, Сигурд.",,,
9984,Заколдованный круг: (Суфражистка). Этюд в 1-м д.,"ЛИСЕНКО-КОНЫЧ, Иван Кононович.",,,
9985,Заколдованный лес или Ледяной дом злой волшебницы и о храбром богатыре Абдул-Вахиде: Народная русская сказка.,"МОЛЧАНОВ, В.",,,
9986,Заколдованный мир: Волшебные сказки для детей.,"ЭНГЕЛЬМАНН, Эмиль.",,,
9987,Заколдованный портной.,ШОЛОМ-АЛЕИХЕМ.,,,
9988,Заколдованный принц: Волшебная сказка.,"ШМИ ТАНОВ С КИЙ, Василий Яковлевич.",,,
9989,Заколдованный принц Асоро: Сказка.,"РИВЛИН, А. Б.",,,
9990,Заколдованный ток: Охотничьи рассказы.,"ПРАВДУХИН, Валериан Павлович.",,,
9991,Заколдованный чародейственный замок с приключениями знаменитого рыцаря Гарвеса.,Имя авт. не установлено.,,,
9992,Заколоченный дом: Повесть. Рассказы.,"КУРОЧКИН, Виктор Александрович.",,,
9993,Закон: Рассказ.,"МАМИН-СИБИ-РЯК, Дмитрий Наркисович.",,,
9994,Закон Адата: Пьеса в 1-м д.,"НАБАТОВ, Алексей Иванович.",,,
9995,«Закон белого человека» и другие рассказы.,"ЛОНДОН, Джек.",,,
9996,Закон богачей.,"РОСТАН, Жан.",,,
9997,Закон весны: Новые стихи.,"КОЛЫЧЕВ, Осип Яковлевич.",,,
9998,Закон всесилен: Роман.,"БЛЭК, Джек.",,,
9999,Закон выше всего.,"КАРЦЕВ, Алексей Дмитриевич.",,,
10000,Закон гор: Стихи и поэмы.,"АЛИЕВА, Фазу Гамзатовна.",,,
10001,Закон границы.,"АБРАМОВ, Михаил Андреевич.",,,
10002,Закон движения.,"АЛЕКСЕЕВ, Валерий Анатольевич.",,,
10003,Закон 9-го апреля; Суеверная; Экономическая система госпожи Легосс; Ложное показание; Повышение по службе.,"КОЛЬБ, М. [!] (КОЛЬБ, Жан Анри).",,,
10004,Закон дикаря*. Пьеса в 5-ти д.,"АРЦЫБАШЕВ, Михаил Петрович.",,,
10005,Закон дружбы: Рассказы.,"СЕМЕНОВ, Андрей Игнатьевич (АЛДАН-СЕМЕ-НОВ, Андрей).",,,
10006,Закон души: Повести и рассказы.,"ВОРОНОВ, Николай Павлович.",,,
10007,Закон жизни: Рассказы.,"КРАТТ, Иван Федорович.",,,
10008,Закон законов: Из хроники девятнадцатого года.,"СКАЧКО, Анатолий Евгеньевич.",,,
10009,Закон земли: Научно-фантастическая пьеса в 2-х ч.,"ЛИМАНОВ, Юрий Леонидович.",,,
10010,Закон земли: Рассказы.,"СМИРНОВА, Нина Васильевна.",,,
10011,Закон зимовки: Пьеса в 3-х актах.,"ГОРБАТОВ, Борис Леонтьевич.",,,
10012,Закон и жена: Роман.,"КОЛЛИНЗ, Уилки. ",Закон и женщина.,,
10013,Закон и женщина: Роман.,"КОЛЛИНЗ, Уилки.",,,
10014,Закон и жизнь: (Из воспоминаний бывшего адвоката).,"КИЧЕЕВ, Петр Иванович.",,,
10015,«Закон и жизнь» (поэма) и несколько случайных мелких стихотворений из неоконченного сборника.,"МАКАРЕВ-СКИИ, Александр Семенович.",,,
10016,Закон крови: Кабильский роман.,"ДЮШЕН, Фердинанд.",,,
10017,Закон Линча: Американский рассказ.,"ЭМАР, Густав (ЭМАР, Гюстав).",,,
10018,"Закон Линча или Жертва золотого тельца: Феерическая мелодрама в 5-ти д. е прологом, с пением и танцами.","МОРОЗОВ, Александр Петрович.",,,
10019,Закон любви: Драма в 3-х д.,"ТУМАНОВСКАЯ, Ирина Павлоона.",,,
10020,Закон моего сердца: Драма в 6-ти карт.,"МДИВАНИ, Георгий Давидович.",,,
10021,Закон моря: Повесть и рассказы.,"ШЕВЦОВ, Александр Степанович.",,,
10022,Закон моря: Стихи.,"КОЧЕТОВ, Валентин Семенович.",,,
10023,Закон набата: Рассказы.,"СОЛОУХИН, Владимир Алексеевич.",,,
10024,Закон обратного действия.,"ЛЕНЧ, Леонид.",,,
10025,Закон огня.,"КРИГЕР, Евгений Генрихович.",,,
10026,Закон природы: Водевиль в 2-х ч.,"ВИННИКОВ, Николай Георгиевич.",,,
10027,Закон природы: Рассказы.,"ПУТ-КО, Александр Борисович.",,,
10028,Закон притяжения: Повесть.,"ТУ-ЖИЛИН, Николай Алексеевич.",,,
10029,Закон революции: Рассказ.,"ДНЕПРОВСКИЙ, Г. М. (ТКАЛИЧ-ДНЕПРОВ-СКИИ, Г. М.).",,,
10030,Закон сердца: Стихи.,"БЕЗЫМЕНСКИЙ, Александр Ильич.",,,
10031,Закон Солона: Рассказы.,"ЛЕВАШОВ, Виктор Владимирович.",,,
10032,Закон сохранения нежности: Очерки и рассказы.,"ПАЛЬМ, Аркадий Яковлевич.",,,
10033,Закон сохранения чувств: Рассказы и повесть.,"ПУТИЛОВ, Борис Анатольевич.",,,
10034,Закон стального ключа: Повесть и рассказы.,"КАЛИНОВСКИЙ, Геннадий.",,,
10035,Закон стального ключа: Пьеса в 3-х д. с прологом и эпилогом.,"ДАВИДСОН, Александр Григорьевич, КАЛИНОВСКИЙ, Геннадий.",,,
10036,Закон стервятников: Роман.,"АЛЬТМАН, Филис.",,,
10037,Закон сходства.,"БУРЖЕ, Поль. ",,Яд страсти...,
10038,Закон — тайга: Повесть и рассказы.,"ПОПОВ, Виктор Николаевич.",,,
10039,Закон тайги:  Дальневосточные партизаны. Пьеса в 4-х д.,"ШИЛОВ, Степан Самойлович.",,,
10040,Закон тайги: Повесть и рассказы.,"КОРЯКОВ, Олег Фокич.",,,
10041,Закон тайги: Рассказы.,"АРАМЯН, Вальтер Георгиевич.",,,
10042,Закон тайги: Рассказы.,"ГОЛЬДБЕРГ, Исаак Григорьевич.",,,
10043,Закон тридцатого; Люська: Повести.,"ТУРИЧИН, Илья Афроимович.",,,
10044,Закон тундры.,"КОМАРОВСКИЙ, Александр Борисович.",,,
10045,Закон тяготения: Лирика.,"ГАТОВ, Александр Борисович.",,,
10046,Закон чести: Пьеса в 4-х д.,"ШТЕЙН, Александр Петрович. ",Честь.,,
10047,Закон яблока: Рассказы.,"ЗАРУДИН, Николай Николаевич.",,,
10048,Закона нет: Рассказ из жизни русских молокан.,СТАРЫЙ ЭМИГРАНТ.,,,
10049,Законная жена: Драма в 4-х д.,"ОКНЕЧЯДЬ (ДЬЯЧЕНКО, Виктор Антонович).",,,
10050,Законное дело: Драма в 3-х д. из казачьей жизни.,"ФИЛИППОВ, И. Д.",,,
10051,Законные жены.,"ШАПИР, Ольга Андреевна.",,,
10052,Законный брак: Роман.,"СТАХЕЕВ, Дмитрий Иванович.",,,
10053,Законный грех: Повесть.,"АМФИТЕАТРОВ, Александр Валентинович. ",,Дочь Виктории Павловны...,
10054,Законный исход: Повесть в 2-х ч.,"САЛЬЯНОВА, Елена.",,,
10055,Законодатели: Пьеса в стихах в 2-х карт.,"ПУРИШКЕВИЧ, Владимир Митрофанович.",,,
10056,Законодатели: [Роман].,"КРЫЖА-НОВСКАЯ, Вера Ивановна (РОЧЕСТЕР).",,,
10057,Закономерность: [Рассказы].,"ЛЕВЧЕНКО, Евгений Михайлович.",,,
10058,Закономерность: Роман в 3-х ч.,"ВИРТА, Николай Евгеньевич.",,,
10059,"Закончат поход другие: Разин. Жизнь, изложенная в рассказах.","АЛЕКСЕЕВ, Сергей Петрович.",,,
10060,Законченная диссертация: Повесть.,"БУБНОВА, Ольга Владимировна.",,,
10061,Законы братства: Стихи.,"ТУРСУН-ЗАДЕ, Мирзо.",,,
10062,Законы дикаря: Пародия-шарж в 1-м д.,"ГЕБЕН, Лев Ильич.",,,
10063,Законы жизни.,"ПОПОВСКИЙ, Александр Данилович.",,,
10064,Законы совместного плавания: Роман.,"МАМИН, Николай Иванович.",,,
10065,Законы счастья: Повесть и рассказы.,"МИРОШНИЧЕНКО, Ольга Романовна.",,,
10066,Закопченное небо: Роман.,"КОД-ЗЯС, Костас.",,,
10067,Закоренелый преступник: Роман.,"БЭРРОУЗ, Эдгар (БЕРРОУЗ, Эдгар Райс).",,,
10068,Закоулки.,"ЕВДОКИМОВ, Иван Васильевич.",,,
10069,Закрайщина: Роман.,"СКВОРЦОВ, Михаил Захарович.",,,
10070,Закройщик из Парижа.,"КОЗЛОВСКИЙ, Александр Александрович.",,,
10071,Закрома лета.,"ЦЫБИН, Владимир Дмитриевич.",,,
10072,Закрыто по случаю траура: Роман.,"ДАУДИСТЕЛЬ, Альберт.",,,
10073,Закулисная жизнь аптеки: (Из записок фармацевта).,"НЕМИРОВСКИЙ, И. А.",,,
10074,"Закулисная жизнь артистов: (Драма, опереттка, фарс). Анекдоты, курьезы, смешные и грустные стороны русских артистов. В 4-х ч.","БУРАКОВСКИЙ, Александр Захарович. ",Артисты за кулисами.,,
10075,Закулисные тайны: Очерки и сцены из жизни провинциальных актеров.,"МОРОЗОВ, Александр Петрович.",,,
10076,Закусочная Зиве.,"ПОЛОНСКАЯ, Елизавета Григорьевна.",,,
10077,Зал ожидания.,"РОСТОВСКИЙ, Геннадий Сергеевич.",,,
10078,Зала совещания мирового съезда з 1867 году: Комедия в 1-м д.,Имя авт. не установлено.,,,
10079,Залетела: Оригинальная комедия-шутка в 1-м д.,"ЖДАНОВ, Лев.",,,
10080,Залетные птицы.,"ТАГОР, Рабиндранат.",,,
10081,Залетный копчик: (Нежданно-негаданно). Роман.,"НЕМИРОВИЧ-ДАН ЧЕНКО, Василий Иванович. ",Нежданно-негаданно.,,
10082,Залив: Повесть.,"КРАМП, Барри.",,,
10083,Залив в тумане.,"БЕЛЯЕВ, Владимир Павлович.",,,
10084,Зало для стрижки волос: Водевиль в 1-м д.,"ГРИГОРЬЕВ, Петр Иванович.",,,
10085,Залог мира.,"СОБКО, Вадим Николаевич.",,,
10086,Заложник: Роман.,"КЭЙН, Холл.",,,
10087,Заложники.,"ГЕЙМ, Стефан.",,,
10088,Заложница Карла Великого: Пье^ са в 4-х д.,"ГАУПТМАН, Гергарт.       ",,,
10089,Залом: Рассказ.,"ПОЗНЯКОВ, Николай Иванович.",,,
10090,Залом: Рассказы и повесть.,"ПЕРТ-ТУ, Пекка.",,,
10091,Залп.,"СТАНЦЕВ, Венедикт Тимофеевич.",,,
10092,Залпы: Роман. Ч. 1.,"СОЛОПОВ, Василий Иванович.",,,
10093,Залпы Ноева ковчега или О путях-дорогах моего непутевого друга Венс-лова.,"АБРАГАМ, Петер.",,,
10094,Залпы под Белгородом: Записки артиллериста.,"ВОЗДВИЖЕНСКИЙ, Александр Иванович.",,,
10095,Зальмара.,"ИНОЗЕМЦЕВ, Павел Иванович.",,,
10096,Заманиловская пожарная.,"ДЯДЯ ФЕДОР (ЛАНДЭЗЕН, Федор Эдуардович) .",,,
10097,Заманчивые горизонты: Рассказы. Повесть.,"ФЕДОТОВ, Гавриил Николаевич.",,,
10098,Замарашечка: Пьеска в 1-м д.,"СОСНОВ, Як. (ОНКЛЬ Жак, ДЯДЯ ЯША) (СОСКИН, Яков Григорьевич).",,,
10099,"Замаскированный страшный убийца Джек Неуловимый, таинственный мститель женщин.","ФЕЛЬС, Гвидо фон.",,,
10100,Замененный ребенок: Драма в 4-х д. с эпилогом.,"ЩЕРБАЧОВ, Александр Сергеевич (ЩЕРБАЧЕВ, Александр Сергеевич) .",,,
10101,Замены не будет: Невыдуманные рассказы о спорте и спортсменах.,"БАБКИН, Виктор Сергеевич.",,,
10102,Заместитель: Комедия в 1-м д.,"СЛАВЯНСКИЙ, Алексей Иванович.",,,
10103,Заместитель: Комедия в 3-х д.,"РУБЕН, Савелий Владимирович, ШМИДТ-ГОФ, Вл.",,,
10104,Заместитель: (Но почему они втроем?). Комедия в 3-х д.,"БЮСНАК, Вильям Бертран, ДЮВАЛЬ, Жорж",,,
10105,Заместитель: Повесть из действительной жизни.,"МАРОВСКИЙ, М. (ФИШЕР, М.).",,,
10106,Заместитель: Пьеса в 1-м акте.,"ДУДА-ДУДИНСКИЙ, Ю. А.",,,
10107,Заместитель: Рассказ.,"ЛУКАШИН, Илья Денисович.",,,
10108,Заместитель: [Рассказ].,"МОПАССАН, Ги де. ",,Продажа...,
10109,Заместитель: [Рассказ].,"ХЕИ, Айен.",,,
10110,Заместитель председателя: Комедия в 3-х д.,"ГРАЧ, Александр Григорьевич.",,,
10111,Заместительницы: Пьеса в 3-х актах.,"БРИЕ, Эжен. ",Наемницы; Кормилицы.,,
10112,Заметки.,"ЖУКОВСКИЙ, Василий Андреевич.",,,
10113,Заметки беспокойного.,"САМСОНОВ, Борис Григорьевич.",,,
10114,Заметки железнодорожника.,КА- ,,,
10115,Заметки Иванова: Рассказы.,"ОКУЛОВ, Алексей Иванович.",,,
10116,Заметки Мальте-Лауридс Бригге.,"РИЛЬКЕ, Райнер Мария.",,,
10117,Заметки о жизни.,"ДОДЭ, Альфонс (ДОДЕ, Альфонс).",,,
10118,Заметки о Турции.,"КИГН, В. Л. (ДЕДЛОВ, В. Л.). ",,Приключения и впечатления ь Италии и Египте...,
10119,"Заметки охотника:     Рассказы, встречи и наблюдения.","ФОКИН, Николай Николаевич.",,,
10120,Заметки петербургского зеваки или Кое-что о чем-нибудь: Статейка 1.,"ТАТАРИНОВ, Петр Петрович.",,,
10121,Заметки провинциала; В святую ночь; Рассказ о биллиардной игре; Интервьюер; Пасхальная метель [и др.].,"АВЕРЧЕНКО, Аркадий Тимофеевич.",,,
10122,Заметки путевые и непутевые.,"ТЭФФИ, Н. А.",,,
10123,Заметки путешественника.,"МОПАССАН, Ги де.                          ",,,
10124,Заметки романиста.,"ДЖЕРОМ, Цжером Клапка.",,,
10125,Заметки советского врача.,"БЕЛЯЕВ, Сергей Михайлович.",,,
10126,Заметки судебного репортера. (Загл. обл.).,"ГАРД, Эрнест. ",Из записной книжки судебного репортера.,,
10127,Замечательное средство.,"ДОЛЬ (ДОЛЕВ, Дмитрий).",,,
10128,Замечательные деяния Питера Твердоголового: Глава из книги: «История Нью-Йорка от сотворения мира до конца голландской династии».,"ИРВИНГ, Вашингтон.",,,
10129,Замечательные люди: Воспоминания.,"ДЖУМАЛИЕВ, Кажим.",,,
10130,Замечательные похождения лавочника Федьки Корзухина.,Имя авт. не установлено.,,,
10131,Замечательный мальчик: Рассказ.,"БЫСЬКО, А. Л.",,,
10132,Замечательный народ: Рассказы.,"ПАТОВ, Николай Иванович.",,,
10133,Замечательный сон: Рассказ.,"БОТКИНА, Александра Павловна.",,,
10134,"Замки Лифляндской Швейцарии со старыми рыцарскими стенами, с своими знаменитостями, гротами и скалами, с историческим рассказом о Трейденской МайРозе, о ее честности и трагической кончине в Трейденской Гутманской Норе.",ЦИ- ,,,
10135,Замкнутый круг: Повесть.,"ВОЛКОВ, Виктор Федорович.",,,
10136,Замкнутый круг: Стихи.,"СТРЕ-МИН, Милий (ПРОСКУРИН, Сергей Михайлович) .",,,
10137,Замковый камень: Повесть.,"ЗОЛОТОВ, Василий Антонович.",,,
10138,Замогильная месть.,"ДЕРОН, Бернар.",,,
10139,Замогильные записки.,"ПЕЧЕРИН, Владимир Сергеевич.",,,
10140,Замогильные записки.,ШАТОБРИ-А.,,,
10141,"Замогильные записки Пикквикско-го клуба или Подробный и достоверный рапорт о странствованиях, опасностях, путешествиях, приключениях и забавных действиях ученых членов корреспондентов покойного клуба: Роман. Т. 1—2.","ДИККЕНС, Чарлз. ",Посмертные записки Пикквикского клуба.,,
10142,Замок.,"ЛЫЩИНСКИЙ, Лев Владимирович.",,,
10143,Замок Алберта или Движущийся скелет: Роман.,Имя авт. не установлено. ,,,
10144,Замок без ключа: Уральские были-небыли.,"ПЕРМЯК, Евгений.",,,
10145,Замок Божанси: Трилогия [в 3-х д.].,"ГОЙНИНГЕН-ГЮНЕ, Александр.",,,
10146,Замок Броуди: Роман.,"КРОНИН, Арчибальд Джозеф.",,,
10147,Замок в Галиции.,Имя авт. не установлено. ,,,
10148,Замок в дремучем лесу или Награжденные героизм и добродетель: Ч. 1—4.,Имя авт. не установлено.,,,
10149,Замою ведьмы.,"КАРМЕН, Сильва.",,,
10150,Замок Вудсток: Исторический роман.,"СКОТТ, Вальтер.",,,
10151,Замок де Гарень: Роман. Ч. 1—2.,"ФЕВАЛЬ, Поль Анри.",,,
10152,Замок души моей: Поэма.,"ЖУКОВ, Иннокентий Николаевич.",,,
10153,Замок «Железного рыцаря».,"ПОПОВ, Василий Алексеевич.",,,
10154,Замок Зора: (Поручик Моллер-штейн). Историческая повесть.,"АКСАКОВ, Николай Петрович.",,,
10155,Замок или Вертеп духов в дремучем лесу.,"ШПИСС (ШПИС, Христиан Генрих).",,,
10156,Замок или Ночные привидения в Западной башне Черного леса и таинства Орланда.,Имя авт. не установлено. ,,,
10157,Замок Ист-Линн: Роман.,"УД, Генри (ВУД, Эллен)",,,
10158,Замок Кенильворт: Роман. Ч. 1—4.,"СКОТТ, Вальтер.",,,
10159,Замок Клифф: Повесть.,"ВУЛЬФ, Сидней.",,,
10160,Замок коварства и любви: Кавказское предание.,"МИСС ФЛОРА (ЧЕРСКИЙ, Леонид Федорович).",,,
10161,Замок коварства и любви: Поэма.,"ГОЛУБОЙ ФИЛАДЕЛЬФ (СИНИЦЫН, Федор Сергеевич).",,,
10162,Замок «Коварство и любовь»: Горское сказание.,"ИЛЯКОВ, Илларион Лаврентьевич.",,,
10163,Замок крови и счастья: Роман в 4-х ч.,"ШЕРР, Иоганн.",,,
10164,Замок Курвилль или Любопытные записки фамилии Курвилль: Ч. 1—4.,"МОН-ТОЛЬЕ, Изабелла.",,,
10165,Замок Мон-Ревеш: Роман.,"САНД, Жорж.",,,
10166,Замок на озере: Историческая повесть.,Имя авт. не установлено.,,,
10167,Замок на реке Горн; Не ради славы.,"АБРАМОВ, Александр Семенович.",,,
10168,Замок над морем: Драма в 4-х д.,"ФИШЕР, Готлиб.",,,
10169,Замок Нейгаузен: Рыцарская повесть; Кровь за кровь: Рассказ.,"МАРЛИН-СКИИ, А. (БЕСТУЖЕВ, Александр Александрович) (БЕСТУЖЕВ-МАРЛИНСКИЙ, Александр Александрович).",,,
10170,Замок Перемой: Роман.,"ЗАНД, Жорж (САНД, Жорж).",,,
10171,Замок Пиктордю.,"САНД, Жорж.",,,
10172,Замок Рэкрент; Вдали отечества.,"ЭДЖВОРТ, Мария.",,,
10173,Замок с привидениями: Гротески.,"ЭВЕРС, Ганц Гейнц.",,,
10174,Замок с секретом.,"РЯЗАНОВА, Екатерина Михайловна.",,,
10175,Замок Сен-Жермень или Некоторые черты из жизни кардинала Мазарини: В 4-х ч. Ч. 1—4.,"РЕБО, Генриета.",,,
10176,Замок смерти: Драма.,"ЭЧЕГА-РАЙ, Хосе.",,,
10177,Замок смерти или Храбрый и неустрашимый рыцарь Актар-Бей: Сказка.,Имя авт. не установлено.,,,
10178,Замок Трамбль: Роман. В 2-х ч.,"БЕРНАР, Жюдит.",,,
10179,Замок-Ураган и разбойник Блак-Дональд: Роман из американской жизни.,"САУТВОРТ, Эмма Дороти.",,,
10180,Замок  Фрюденхольм:     Роман.,"ШЕРФИГ, Ганс (ШЕРФИГ, Ханс).",,,
10181,Замок  Фурхштейн.,"ПЕТРОВ, Алексей.",,,
10182,Замок Эберштейн; Карлики острова Рюгена.,"БЕКЕТОВА, Екатерина Андреевна.",,,
10183,Замок Эвон: Роман. Ч.      1—5.,"МАРШ-КОЛДУЭЛЛ, Анна.",,,
10184,Замок Эйзен.,"БЕСТУЖЕВ-МАР-ЛИНСКИИ, Александр Александрович. ",,Мореход Никитин...,
10185,Заморный зуб.,"ГРИЦ, Теодор Соломонович.",,,
10186—10187,Заморская красавица: Комедия в 3-х актах.,"АРУСТАМОВ, Георгий Давыдович, МДИВАНИ, Георгий Давидович.",,,
10188,Заморские гости: Комедия в 3-х д.,"ШЕЙНИН, Лев Романович.",,,
10189,Заморский выходец: Исторический роман в 3-х ч.,"АЛЕКСЕЕВ, Николай Николаевич.",,,
10190,Заморский дядюшка.,"ДЖЕКОБС, Зильям Вимарк.",,,
10191,Заморский жених: Историческая повесть.,"ЛЕБЕДЕВ, Владимир Петрович.",,,
10192,Заморяне: Рассказ.,"СМИРНОВА, Вера Васильевна.",,,
10193,Замоскворецкая красавица в объятиях страсти.,"БАР-КОВ (ЗОТОВ, Михаил).",,,
10194,Замоскворецкие свахи: Юмористические рассказы.,"МЯСНИЦКИЙ, Иван.",,,
10195,"Замоский, воевода Сандомирский: Драма в 1-м д.",Г...,,,
10196,Замуж: Рассказ.,"РАМЕНСКИЙ, Н. (ВИНОГРАДОВ, Николай Иванович).",,,
10197,Замужество Жульенны: Повесть.,"ПРЕВО, Марсель.",,,
10198,Замужество Коризы.,"МАРТЕЛЬ ДЕ ЖАНВИЛЬ, Сибилла Габриэль.",,,
10199,Замужество — лучший доктор: Комедия в 3-х д.,"МОЛЬЕР, Жан Батист.",,,
10200,Замужество парижанки: Современные нравы.,ЖИП ,,,
10201,Замужество по расчету: Комедия в 1-м д.,Имя авт. не установлено.,,,
10202,Замужество Реввекки.,"ЛИТВИН, С. К. (ЭФРОН, Савелий Константинович).",,,
10203,Замужество Сильвии:    Роман.,"СИНКЛЕР, Уптон (СИНКЛЕР, Эптон). ",Сильвия замужем.,,
10204,Замужество Татьяны Беловой.,"ДЕМЕНТЬЕВ, Николай Степанович.",,,
10205,Замужество Юлианы.,"ПРЕВО, Марсель. ",Замужество Жюль-енны.,,
10206,Замужние дамы: Рассказы.,"МОПАССАН, Ги де.",,,
10207,Замурованная царица: Роман из жизни древнего Египта.,"МОРДОВЦЕВ, Даниил Лукич.",,,
10208,Замурованные письма: Повесть и рассказы.,"БЕЛОУСОВ, Виктор Николаевич.",,,
10209,Замурованный подвал.,"УСТИНО-ВИЧ, Николай Станиславович.",,,
10210,Замухрышка: Сказка.,"КАЗМИН, Николай Васильевич.",,,
10211,Замученный герой: Исторический роман.,"БОДИССЕН, А.",,,
10212,Замшевые люди: Комедия в 5-ти д.,"ГРИГОРОВИЧ, Дмитрий Васильевич.",,,
10213,"Замыслы Пальмерстона или И велик союз, да толку мало! Н.",Щ....,,,
10214,Замять: Стихи.,"ШАВЫРИН, Юрий Михайлович.",,,
10215,Зангези.,"ХЛЕБНИКОВ, Велемир.",,,
10216,Зангезур: Роман. Кн. 1—2.,"АБАСОВ, Эйюб Джебраил оглы.",,,
10217,Зангезурская медь: Очерк.,"ШАГИ-НЯН, Мариэтта Сергеевна.",,,
10218,Зангезурские рассказы.,"АЙВАЗЯН, Сурен Бахшиевич.",,,
10219,Занзибарский беглец: Повесть из африканской жизни.,"БЕРЕЗИН, Николай Ильич.",,,
10220,Занимайте ваши места!: Сатирические стихи.,"БАХНОВ, Владлен Ефимович, КОСТЮКОВСКИИ, Яков Аронович.",,,
10221,Занимательные рассказы о разных людях.,"САФИ, Али Фахриддин.",,,
10222,Занимательный рейс: Повесть.,"КИРЮШКИН, Виктор Владимирович. ",Беспокойный рейс.,,
10223,«Занна»: Драма в 4-х д.,"БАР, Герман. ",Санна.,,
10224,Заноза: Комедия в 3-х д.,"ГОР-БАШОВ, Леонид.",,,
10225,Заноза: Повести и рассказы.,"АФ-РАМЕЕВ, Николай Сергеевич.",,,
10226,"Заноза: Пьеса в 4-х карт, из деревенской жизни.","ЧУРИЛИН, Иван.",,,
10227,Заноза: Рассказы.,"ЛЕНЧ, Леонид.",,,
10228,Заноза: (Страницы сердобольской хроники).,"ОБУХОВА, Лидия Алексеевна.",,,
10229,Заноза: Юмористический сборник.,"ЭР-ЖАКО, С.",,,
10230,Занозы: Сатира и юмор.,Н. Д.,,,
10231,Занозы и слезы: Стихотворения.,"ЛЕБЕДЕВ, Иван Иванович.",,,
10232,Занозы счастья: Сцена в 1-м д.,"НОРДМАН-СЕВЕРОВА, Наталья Борисовна.",,,
10233,Занялася заря: Стихотворения и поэмы..,"ГУРЗУФСКИЙ, Михаил (СКВОРЦОВ, Михаил Васильевич).",,,
10234,Занятые деньги — бедовые деньги: Рассказ.,"ДАРАГАН, Дмитрий.",,,
10235,Заоблачные гвардейцы.,"СИДЕЛЬНИКОВ, Олег Васильевич.",,,
10236,Заоблачные люди: Стихи.,"КЕШО-КОВ, Алим Пшемахович.",,,
10237,Заоблачные песни.,"ФЕРЕНЦ-СОКОЛОВСКИЙ, Феодосий Васильевич.",,,
10238,Заоблачный житель: Шутка в 1-м д.,"ЩЕГЛОВ, Иван.",,,
10239,Заозерье: Очерки и рассказы из жизни лесного края.,"БОЕВ, Н. (БЕРГ, Федор Николаевич).",,,
10240,Заозерье: Стихи.,"ВИКУЛОВ, Сергей Васильевич.",,,
10241,Заостренные карандаши: Повесть.,"ЧЕРНЫЙ-ДИДЕНКО, Юрий.",,,
10242,Запавшие в душу картины: Поэмы. Баллады.,"РЕШЕТОВ, Александр Ефимович.",,,
10243,Запад: Песни.,"ГЛОБА, Андрей Павлович.",,,
10244,Запад: Стихи.,"АНТОКОЛЬСКИЙ, Павел Григорьевич.",,,
10245,Запад-Восток: Стихи.,"АНТОКОЛЬСКИЙ, Павел Григорьевич.",,,
10246,Запад нервничает: Пьеса в 3-х актах.,"БИЛЛЬ-БЕЛОЦЕРКОВСКИЙ, В. Н.",,,
10247,Западная марка продолжает падать: Роман.,"ЛЕСТ, Эрих.",,,
10248,Западнее Берлина: Повесть.,"ОСИ-НИН, Владимир.",,,
10249,Западные выходцы: Сатирическая повесть в 3-х ч. К.,ФЛ. ,,,
10250,Западные прогулки.,"КОЛЬЦОВ, Михаил.",,,
10251,Западный край: Роман.,ТО ХОАЙ.,,,
10252,"Западный флигель, где Цуй-ин ожидала луну.",ВАН ШИ-ФУ.,,,
10253,Западный фронт: Стихи военных лет.,"ДУБАСОВ, Юрий.",,,
10254,Западня: Драма в 4-х д.,"ДОБР-ЖИНСКИИ, Гавриил Валерьянович.",,,
10255,Западня: Историческая быль конца XVI века.,"ЛЕБЕДЕВ, Владимир Петрович.",,,
10256,Западня: Комедия в 4-х д.,"БЕР-ЧАНСКИЙ, Лев Захарович.",,,
10257,Западня: (Отец Караулова). Пьеса в 6-ти карт.,"ВОЛЖЕНИН, Р.",,,
10258,Западня: Повесть.,"ЧЕРНЫШЕВ, Николай Исакович.",,,
10259,Западня: Рассказ.,"ДРАЙЗЕР, Теодор.",,,
10260,Западня: Рассказы.,"СИНЕЛЬНИКОВ, Иван Филиппович.",,,
10261,Западня: Роман.,"ВОИНОВ, Александр Исаевич.",,,
10262,Западня: [Роман].,"ЗОЛЯ, Эмиль.",,,
10263,Западня: Роман.,"МАКОЛЕИ, Роза.",,,
10264,Западня: Роман.,"МАРИ, Жюль.",,,
10265,Западня: Сцены из уездной жизни в 2-х карт.,"ДЕНИСОВ, Н. А.",,,
10266,Западня любви: Роман.,"МАРЧ-МОНД, Артур Вильямс.",,,
10267,Западня снов: Лирика.,"ГРУЗИ-НОВ, Иван Васильевич.",,,
10268,Западу и Востоку: Роман.,"УЛИН, Леонид Николаевич.",,,
10269,Запас высоты: Новая книга стихов.,"ШЕФНЕР, Вадим Сергеевич.",,,
10270,Запас прочности: Повесть.,"ЛЯ-ШЕНКО, Михаил Юрьевич, МУСАТОВ, Алексей Иванович.",,,
10271,Запас прочности:      [Повесть].,"МЫЛЬНИКОВ, Николай Николаевич.",,,
10272,Запас прочности: Рассказы.,"ДЫ-РИН, Евгений Фотиевич.",,,
10273,Запас прочности: [Рассказы].,"ХАЛИЛ ЕЦКИИ, Георгий Георгиевич.",,,
10274,Запас прочности: Стихи.,"БУИЛОВ, Анатолий Михайлович.",,,
10275,Запасная явка: Пьеса в 1-м д.,"ЛЕРНЕР, Николай Никитич.",,,
10276,Запасный выход; Секрет дантиста; Пастек; Ясновидящая; Порядочный человек.,ЖУССЕ,,,
10277,Запасный полк: Повесть.,"БЫЛИ-НОВ, Александр.",,,
10278,Запах белозера: Рассказы.,"МАКСИМОВ, Евгений Васильевич.",,,
10279,Запах дождя: Стихи и поэма.,"ЭЛЬГАР, Кашиф.",,,
10280,Запах земли: [Очерки].,"ВИННИЧЕНКО, Иван Федорович.",,,
10281,Запах земли: [Рассказы].,"ШПАЖНИКОВ, Борис Николаевич.",,,
10282,Запах земли: Стихи.,"МАКСИМОВИЧ, Десанка.",,,
10283,Запах земли. Стихи.,"РЯБИНИН, Николай.",,,
10284,Запах крови: О сумчатых волках.,"ЧЕГЛОК, Александр.",,,
10285,Запах лимона: Роман.,"РУБУС, Лев.",,,
10286,Запах молний: Повесть.,"МЕЛЬНИЧЕНКО, Иван Максимович.",,,
10287,Запах мяты.,"АРШАКЯН, Геворг Липаритович.",,,
10288,"Запах   неба: Рассказы, очерки, путевые заметки.","ДЖАЛИЛОВ, А.",,,
10289,Запах неба:  Стихи.,"КОРОТИЧ, Виталий Алексеевич.",,,
10290,Запах неба:  Стихи.,"ФЕДОТОВ- СКИХ, Македоний Васильевич.",,,
10291,Запах полыни: Стихи.,"АНАК, Шамиль.",,,
10292,Запах пороха: Повесть.,"НИКОЛАЕВ, Игорь Николаевич.",,,
10293,Запах распиленного леса: Рассказы.,"НАУМОВ, Сергей Максимович.",,,
10294,Запах родной земли: Рассказы.,"ГАЛКИН, Дмитрий Петрович.",,,
10295,Запах родной земли: Рассказы.,"УСТИНОВ, Виктор Антонович.",,,
10296,Запах сена: Рассказы.,"НИКИТИН, Сергей Константинович.",,,
10297,Запах смолы: Роман.,"ШАДРИН, Адихан Измаилович.",,,
10298,Запах смолы: Стихи и поэма.,"РЯБЦЕВ, Вячеслав Фролович.",,,
10299,Запах снега: Повесть.,"ЯРОВОЙ, Юрий Евгеньевич.",,,
10300,Запах снега: [Рассказы].,"СПИ-ЦЫН, Вадим Петрович.",,,
10301,Запах талой воды.,"СВИРИДОВ, Михаил Иванович.",,,
10302,Запах теплого хлеба: Стихи.,"ТЕ-ДЕТЫ, Рюрик Константинович.",,,
10303,Запах тумана: Повести и рассказы.,"САДАЙ, Владимир.",,,
10304,Запах хлеба: Рассказы.,"КАЗАКОВ, Юрий Павлович.",,,
10305,Запах хлеба: Рассказы.,"САМОЙЛОВ, Василий Петрович.",,,
10306,Запах хлеба: Стихи.,"КИРОМ, Кутби.",,,
10307,Запахи земли: [Очерки].,"РЫБА-ЧУК, Ада Федоровна.",,,
10308,Запахи земли: Рассказы и повести.,"АТАРОВ, Николай Сергеевич.",,,
10309,Запахи тайги: Стихи и поэма.,"НЕМТУШКИН, Алитет.",,,
10310,Запашка: Повесть.,"НОВОСЕЛОВ, Михаил.",,,
10311,Запашка: (Шла весна). Драма в 5-ти д.,"НОВОСЕЛОВ, Михаил.",,,
10312,Запев: Книга стихов. 1925—1983.,"СУРКОВ, Алексей Александрович.",,,
10313,Запев: Лирика.,"ДОМОВИТОВ, Николай Федорович.",,,
10314,Запев: Стихи и рассказы.,"АНТ, И.",,,
10315,Запеваем!: Сборник стихов.,"АСЕЕВ, Николай Николаевич.",,,
10316,Запевала выходит вперед: Песни и стихотворения.,"ДОРОШИН, Михаил Федорович.               ",,,
10317,Запеваю не для славы.,"СТРАЗ-ДАС, Антанас.",,,
10318,Запевка: Песни и стихи.,"ШИРЯ-ЕВЕЦ, Александр.",,,
10319,Запевы. (Загл. обл.).,"ИКОННИКОВ, И. Д. На ",,,
10320,Запевы: Стихи.,"КУТАСОВ, Иван Григорьевич.",,,
10321,Запечатленная слава: Поморские были и сказания.,"ШЕРГИН, Борис Викторович.",,,
10322,Запечатленный ангел: Рождественский рассказ; Монашеские острова на Ладожском озере: Путевые заметки.,"ЛЕСКОВ, Николай Семенович.",,,
10323,Запивоха — дело плохо!: (Смешные случаи из жизни алкоголиков).,"РА-ТОМСКИИ, Николай Алексеевич.",,,
10324,"Записанное Евгением Замятиным Житие Блохи от дня чудесного ее рождения и до дня прискорбной кончины, а так-, же своеручное Б. М. Кустодиева изображение многих происшествий и лиц.","ЗАМЯТИН, Евгений Иванович. ",Житие Блохи.,,
10325,Записка в книге: Рассказы и очерки о милиции.,"АНТОНОВ, В., КОМОВ, Владимир Ефимович.",,,
10326,Записка под камнем: Рассказ.,"КА-МЕНКОВИЧ, Златослава (КАМЕНКОВИЧ, Злата Борисовна).",,,
10327,Записка узника в прозе и стихах.,"ПАРАЩУК, Василий Семенович.",,,
10328,Записки агронома: Рассказ.,"ТРО-ЕПОЛЬСКИЙ, Гавриил Николаевич.",,,
10329,Записки адвоката: [Очерки].,"БЕЗУГЛОВ, Анатолий Филиппович.",,,
10330,Записки адвоката: [Очерки].,"БЕ-РЕНШТАМ, Владимир Вильямович.",,,
10331,Записки адвоката: [Повесть].,"РЕ-МЕНСОН, Виктория Алексеевна.",,,
10332,Записки Анания Жмуркина: Роман. [Кн. 1]—2.,"МАЛАШКИН, Сергей Иванович.",,,
10333,Записки Ани Чурилиной.,"ГЕРАСИМОВ, Евгений Николаевич.",,,
10334,Записки Анны.,"САНЖАРЬ, Надежда (БРИЛИАНТ, Надежда Дмитриевна).",,,
10335,Записки арестанта.,"МАЛАХОВ, Александр.",,,
10336,Записки архивариуса: Роман.,"ЛИМА БАРРЕТО, Альфонсо Энрикес де.",,,
10337,Записки бабушки.,"ЦЕБРИКОВА, Мария Константиновна.",,,
10338,"Записки Барри Линдона, эсквайра: Роман.","ТЕККЕРЕИ, В. (ТЕККЕРЕИ, Уильям Мейкпис). ","Записки Барри Линдона, эсквайра, писанные им самим.",,
10339,"Записки Барри Линдона, эсквайра, писанные им самим: Роман.","ТЕККЕРЕИ, В. (ТЕККЕРЕИ, Уильям Мейкпис).",,,
10340,Записки безработного: Кн. I.,"МГАЛОБЛИШВИЛИ, Б.",,,
10341,Записки Безумного с постоянными взглядами на третью четверть XIX века.,"БЕЗУМНЫЙ, В. (СЕЛИВАНОВ, Илья Васильевич).",,,
10342,Записки благочинного: Очерки и наброски.,"СВЕТОЗАРОВ, Федор.",,,
10343,Записки больного офицера.,"ЧЕ-РЕМНЫХ, В. Ц.",,,
10344,Записки больной.,Н. А.,,,
10345,Записки в плену у японцев.,"ГОЛОВНИН, Василий Михайлович.",,,
10346,Записки в стихах.,"ПУШКИН, Василий Львович.",,,
10347,Записки Василия Кикина.,"ЕВСТАФЬЕВ, Константин.",,,
10348,Записки Василия Седых.,"ПАУСТОВСКИЙ, Константин Георгиевич.",,,
10349,Записки вдовца.,"ВЕРЛЭН, Поль (ВЕРЛЕН, Поль).",,,
10350,Записки Витмеровца.,"ИЛЬИН-ЖЕ-НЕВСКИИ, Александр Федорович.",,,
10351,Записки военного: Беллетристические очерки. Рассказы и картины военного быта.,"ГИРС, Дмитрий Константинович.",,,
10352,Записки военного корреспондента: Кн. 1—2.,"БОГДАНОВ, Николай Владимирович.",,,
10353,Записки военного переводчика.,"ВЕРНИКОВ, Самуил Маркович.",,,
10354,Записки врача.,"ВЕРЕСАЕВ, В.",,,
10355,Записки врача: Повесть.,"УРАЗА-КОВ, Исторе Уразакович.",,,
10356,Записки врача: Роман. Т. 1—2.,"ДЮМА, Александр (отец). ",Жозеф Бальзамо.,,
10357,Записки врача: Сборник эпизодических рассказов из медицинской практики.,"ДОЙЛЬ, Артур Конан.",,,
10357а,Записки Всеволода Николаевича: Повесть.,"КИРИЛЛОВ, Алексей.",,,
10358,Записки выборжца.,"НАУМОВ, Иван Куприянович.",,,
10359,Записки Гасана.,"ГУКАСЯН, Ованес Арамович.",,,
10360,"Записки герцогини Абрантес или Исторические воспоминания о Наполеоне, революции, директории, консульстве, империи и восстановления Бурбонов: Т. 1—16.","АБРАНТЕС, Лаура",,,
10361,Записки главноуговаривающего 293 пехотного Ижорского полка.,"ГИППИУС, Андрей Иванович.",,,
10362,Записки глупца.,"НОЭЛЬ, Эжен.",,,
10363,Записки горничной: Комедия в 2-х д.,"БЛЮМ, Эрнест, КЛЕРВИЛЬ, Луи Франсуа Никола",,,
10364,Записки горничной: Комедия в 2- х д.,"МИРБО, Октав.",,,
10365,Записки горничной: [Повесть].,"ПЭН, Анри де.",,,
10366,Записки горничной: [Рассказ].,ГЕЙНЕ ,,,
10367,Записки горничной: Роман.,"МИРБО, Октав.",,,
10368,Записки города Мудфога.,"ДИККЕНС, Чарлз. ",Медфогские записки.,,
10369,"Записки грешника: (Книга злобы, ненависти, насмешки).","ЕМЕЛЬЯНОВ-КО-ХАНСКИИ, Александр. ",Почти обо всем; Из гаремной жизни.,,
10370,Записки гувернантки: Повесть.,"ЦЕБРИКОВА, Мария Константиновна.",,,
10371,Записки д'Аршиака: Петербургская хроника. 1836 г.,"ГРОССМАН, Леонид Петрович.",,,
10372,Записки добровольца: Рассказы.,"ФРАНС, Анатоль.",,,
10373,Записки доктора: [Рассказ]. Кн. I.,"МАЛИНОВСКИЙ, Павел Петрович.",,,
10374,Записки доктора: [Роман].,ГАРРИСОН.,,,
10375,Записки доктора Кошуа.,"ДЮА-МЕЛЬ, Жорж.",,,
10376,"Записки дурака, написанные им самим.","НОЭЛЬ, Эжен. ",Записки глупца.,,
10377,Записки дуровской свиньи.,"ДУРОВ, Владимир Леонидович.",,,
10378,Записки духа: (Quasi una fantasia); Нежданчик; Первая муха: Комедия в 3- х д.,"ВЕЛИЧКО, Василий Львович.",,,
10379,Записки еврея: В 2-х ч.,"БОГРОВ, Григорий Исаакович.",,,
10380,"Записки желудка, писанные им самим на пользу и поучение всем, кто ест, пьет и читает.","УАЙТИНГ, Сидней.",,,
10381,Записки замужней женщины: Комедия в 3-х д.,"ШМИДТ, Лотар (ГОЛЬДШМИДТ, Лотар). ",Книга женщины.,,
10382,Записки знаменитого сыщика.,"ДОЙЛЬ, Артур Конан.",,,
10383,Записки и письма заключенного поэта.,"РАТОМСКИЙ, Николай Алексеевич.",,,
10384,Записки и признания псового охотника: Осень 1906 г. Шесть недель отъ- езда в Средней и Южной России.,"ГОЛИЦЫН, Д. ",,,
10385,Записки идеалистки между двумя революциями 1830—1848 гг.: Мемуары женщины Германии сороковых годов.,"МЕЙ-ЗЕНБУРГ, Мальвида Амалия. ",Воспоминания идеалистки.,,
10386,Записки из будущего: Научнофантастический роман.,"АМОСОВ, Николай Михайлович.",,,
10387,Записки из Заполярья.,"ПЕТРОВ, Евгений.",,,
10388,Записки из Мертвого дома: Ч. 1.,"ДОСТОЕВСКИЙ, Федор Михайлович.",,,
10389,Записки из мира духов: Повесть. Рассказы.,ЧЖАН ТЯНЬ-И.,,,
10390,Записки из плена.,"ЛЕВИН, Кирилл Яковлевич.",,,
10391,Записки из подполья: Повесть.,"ДОСТОЕВСКИЙ, Федор Михайлович.",,,
10392,Записки из сумасшедшего дома.,ГОМЕРИУС.,,,
10393,Записки инспектора уголовного розыска.,"МОЖАРОВСКИЙ, Николай.",,,
10394,Записки институтки: Повесть.,"ЧАР-СКАЯ, Лидия.",,,
10395,Записки ипохондрика: (Повесть давно минувших дней).,"ЛОБАНОВ, Дмитрий Иванович.",,,
10396,Записки карлика.,ГАБЕНЕК.,,,
10397,Записки каторжанина: Воспоминания о царской каторге).,"СОБОЛЬ, Андрей.",,,
10398,Записки кельнерши.,"БРАУН, Г.",,,
10399,Записки классного руководителя.,"КОХАНСКАЯ, Лидия Ивановна.",,,
10400,"Записки князя Таллерана-Периго-ра, бывшего епископа Отёнского, ...собранные и изданные графинею О... дю К..., сочинительницей Записок одной знатной дамы.","ЛАМОТ-ЛАНГОН, Этьен Леон де.",,,
10401,Записки Ковякина.,"ЛЕОНОВ, Леонид Максимович.",,,
10402,Записки коменданта Кремля.,"МАЛЬКОВ, Павел Дмитриевич. ",Записки коменданта Московского Кремля.,,
10403,Записки коменданта Московского Кремля.,"МАЛЬКОВ, Павел Дмитриевич.",,,
10404,Записки коммивояжера.,ШОЛОМ-АЛЕЙХЕМ.,,,
10405,Записки конармейца.,"ЛАРРИ, Ян Леопольдович.",,,
10406,Записки конармейца.,"РАКИТИН, Николай Васильевич.",,,
10407,Записки консула.,"КУЛИК, Иван Юлианович.",,,
10408,Записки коня: Поэзия.,"БЕССАРАБЕЦ, С.",,,
10409,Записки корнета Савина: Часть I. В царстве женщин.,"САВИН ДЕ ТУЛУЗ-ЛОТРЕК (САВИН, Николай Герасимович).",,,
10410,Записки красноармейца Гнедко: Рассказ.,"РОМАНОВСКИЙ, Н.",,,
10411,Записки крепостной.,"ВАСИЛЬЕВА, М. Е.",,,
10412,Записки крепостной девки.,"ВАСИЛЬЕВА, М. Е. Изд. ",,,
10413,Записки Кроша.,"РЫБАКОВ, Анатолий.",,,
10414,Записки куропатки:    Рассказ.,"ГОЛЬМАН, А.",,,
10415,Записки курсистки.,"ВОИНОВА-ДАНДУРОВА, А. (ВОИНОВА, Александра).",,,
10416,Записки лакея: Роман.,"ТЕКЕРЕЙ, В. (ТЕККЕРЕЙ, Уильям Мейкпис).",,,
10417,Записки лейтенанта: Из эпизодов войны с белофиннами. 1939—1940 гг.,"ТОМАН, Николай.",,,
10418,Записки Лоренцо Бенони.,"РУФ-ФИНИ, Джованни Доменико.",,,
10419,Записки М. Тарновской: (Исповедь истерзанной души). [Роман].,Имя авт. не установлено.,,,
10420,Записки майора Томпсона; Некий господин Бло: Повести.,"ДАНИНОС, Пьер.",,,
10421,Записки маленького человека: (На ниве народной).,"ЗОНЭ, И.",,,
10422,Записки маленького человека: Рифмованные шалости.,М. Ч.,,,
10423,Записки маленькой гимназистки: Повесть.,"ЧАРСКАЯ, Лидия.",,,
10424,Записки Мальтова.,"МАИ, Яков.",,,
10425,Записки мальчика.,"ГУРО, Юлия.",,,
10426,Записки маркера.,"ТОЛСТОЙ, Лев Николаевич.",,,
10427,Записки марсианина.,"ЗВЕЗДОЧКА, Александр (ГРИНБЕРГ, Александр Александрович).",,,
10428,Записки массажистки: Роман.,"БЕР-НЕД, Артур.",,,
10429,Записки матери.,"ТОЛСТОЙ, Лев Николаевич.",,,
10430,Записки междупалубного пассажира.,"ГЕРЦОГ, Вильгельм. ",Между палубами.,,
10431,Записки мелкотравчатого.,"ДРИ-ЯНСКИИ, Егор Эдуардович.",,,
10432,Записки мертвого человека.,"ЕМЕЛЬЯНОВ-КОХАНСКИЙ, Александр.",,,
10433,Записки Мишутки Терентьева о Феврале и Октябре: Рассказ.,"СИГОРСКИЙ, Александр Васильевич.",,,
10434,Записки моего приятеля: Впечатления жизни.,"КЛЕБАНОВ, Александр Семенович.",,,
10435,Записки моего современника: Сибирские повести.,"ПРИСТАВКИН, Анатолий Игнатьевич.",,,
10436,Записки молодого бойца.,"САДОВСКИЙ, Ефим Ильич.",,,
10437,Записки молодого человека: В стихах. Кн. 1.,Имя авт. не установлено.,,,
10438,Записки молодого человека: Книга в 2-х ч.,"СИМОНОВ, Константин Михайлович.",,,
10439,Записки молодого человека: [Роман].,"ПОТАПЕНКО, Игнатий Николаевич.",,,
10440,Записки москвича.,"ГИЛЯРОВСКИЙ, Владимир Алексеевич.",,,
10441,Записки москвича: Кн. 1—3.,"ЯКОВЛЕВ, Павел Лукьянович.",,,
10442,Записки мужа.,"ШАПИР, Ольга Андреевна.",,,
10443,Записки найденыша.,"ДАНЦ, Карл.",,,
10444,Записки натурщицы: Роман; Его мадонна.,"БРЕШКО-БРЕШКОВСКИЙ, Николай Николаевич.",,,
10445,"Записки недовольного, издаваемые по смерти другом его.","ОРДНЕР (ДАНИЛОВ, Николай).",,,
10446,"Записки нижнего чина, 1916 год.","ПАДУЧЕВ, Вл.",,,
10447,«Записки нотариуса» и другие рассказы.,"ХОЛОДОВ, Евгений.",,,
10448,"Записки о жизни и смерти Карла-Фердинанда Д'Артуа, герцога Беррийского: Ч. 1—2.","ШАТОБРИАН, Франсуа Рене де. ","Записки, письма и достоверные отрывки, относящиеся до жизни и смерти его королевского высочества Карла-Фердинанда д'Артуа, французского принца, герцога Беррийского.",,
10449,Записки о Кошачьем городе: Роман и рассказы.,ЛАО ШЭ.,,,
10450,Записки о лорде Байроне: Ч. 1—2.,"МЕДВИН, Томас.",,,
10451,Записки о моей жизни.,"ГРЕЧ, Николай Иванович.",,,
10452,Записки о необыкновенном.,"ДИ-ЧАРОВ, Захар.",,,
10453,Записки о пограничниках.,"ГАНИНА, Майя Анатольевна.",,,
10454,Записки о прошлом: Ч. 1.,"СУВОРОВ, Петр Павлович.",,,
10455,Записки о Пушкине.,"ПУЩИН, Иван Иванович.",,,
10456—10457,Записки о Шерлоке Холмсе.,"ДОИЛЬ, Артур Конан.",,,
10458,Записки одесского охотника.,"ЧИ-ЖЕВИЧ, Осип Осипович.",,,
10459,Записки озабоченного человека: Фельетоны и рассказы.,"ПРИВАЛЬСКИИ, Всеволод Михайлович.",,,
10460,Записки Оли Петровой.,"АРБРО-ВА, Т.",,,
10461,Записки ополченца.,"СТЕПНОЙ, Николай (АФИНОГЕНОВ, Николай Александрович).",,,
10462,Записки осла.,"СЕГЮР, Софья Федоровна.",,,
10463,Записки ответственного съемщика.,"РАКИТНИКОВ, Александр Николаевич.",,,
10464,Записки отпускника.,"В АЙ ЯН-КУТЮРЬЕ, Поль.",,,
10465,Записки охотника: [Рассказы].,"ПРИШВИН, Михаил Михайлович.",,,
10466,Записки охотника:    [Рассказы]. Ч. 1—2.,"ТУРГЕНЕВ, Иван Сергеевич.",,,
10467,Записки охотника: Эпизоды из охотничьей жизни.,"О...ИЙ, Н. (ООНОВСКИЙ, Нил Андреевич).",,,
10468,Записки Павла Курганова.,"ИЛЬИНСКИЙ, Юрий Борисович.",,,
10469,Записки пажа черного принца.,Имя авт. не установлено.,,,
10470,Записки параноика: Психологический этюд.,"КОЛОВСКИЙ, С.",,,
10471,Записки партизанского врача: Повесть.,"ЦЕССАРСКИЙ, Альберт Вениаминович.",,,
10472,Записки партизанского комиссара.,"ТИХОНЕНКОВ, Константин Сергеевич.",,,
10473,Записки партионного офицера: Сцены прошлого.,"ГОЛОВИН, Н. (ГИРС, Дмитрий Константинович).",,,
10474,Записки певицы из шантана.,"ВОРОНЦОВА, Зинаида.",,,
10475,Записки педагога.,"ПАРЫГИНА, Наталья Деомидовна.",,,
10476,Записки пессимиста. М...,Ш...,,,
10477,Записки петербургской камелии: Для опыта — новый штрих по старому рисунку.,А. Н.,,,
10478,Записки пешехода.,"ЯНЧЕВЕЦ КИИ, Василий Григорьевич (ЯН, Василий).",,,
10479,Записки писателя: Воспоминания.,"ТЕЛЕШОВ, Николай Дмитриевич.",,,
10480,Записки писателя: [Рассказы].,"ОЛЕША, Юрий Карлович.",,,
10481,"Записки, письма и достоверные отрывки, относящиеся до жизни и смерти его королевского высочества Карла-Фердинанда д'Артуа, французского герцога Беррийского: Ч. 1—2.","ШАТОБРИАН, Франсуа Рене де.",,,
10482,Записки подводника.,"ИОССЕЛИ-АНИ, Я. К. (ИОСЕЛИАНИ, Ярослав Константинович).",,,
10483,Записки подпольщика. (Загл. обл.).,"МАКСИМОВСКИЙ, Абрам Яковлевич. ",,,
10484,Записки подпольщика.,"ЭЛЕШ, Вячеслав Михайлович.",,,
10485,Записки покойного Колечкина.,"ДЕРШАУ, Федор Карлович.",,,
10486,Записки покойного Якова Васильевича Базлова: Ч. 1.,"ГРУЗИНОВ, Иосиф Петрович.",,,
10487,Записки полицейского или Девять уголовных следствий.,"ДЮМА, Александр (отец).",,,
10488,Записки полицейского пристава.,"РОСЛАВЛЕВ, Александр Степанович.",,,
10489,Записки Полкана: Повесть из собачьей жизни.,"ЛЕЙКИН, Николай Александрович.",,,
10490,"Записки полковника Дювара, побочного сына Наполеона: Исторический роман. В 3-х отд.",Имя авт. не установлено.,,,
10491,Записки поэта: Повесть.,"СЕЛЬ-ВИНСКИЙ, Илья Львович.",,,
10492,Записки примазавшегося.,"ГРАБАРЬ, Леонид.",,,
10493,Записки причетника.,"ВОВЧОК, Марко.",,,
10494,Записки провинциального следователя.,ТАУФИК АЛЬ-ХАКИМ ,,,
10495,Записки простодушного: (Эмигранты в Константинополе).,"АВЕРЧЕНКО, Аркадий Тимофеевич.",,,
10496,Записки Проходимца: (Прерванный роман). Роман; На Десне: Путевой зигзаг; Хохот: Стихотворение в прозе.,"БРЕШКО-БРЕШКОВСКИЙ, Николай Николаевич.",,,
10497,Записки проходящего: Очерки. Ч. 1—2.,"ГОРЬКИЙ, Максим.",,,
10498,Записки публициста.,"БОКОВ, Хад-жибекар Хакяшевич (БОКОВ, Хажбикар Хакяшевич).",,,
10499,Записки Путиловца: Воспоминания 1891 —1905 гг.,"ТЕПЛОВ, Александр Васильевич.",,,
10500,Записки рабочего.,"СВИРСКИЙ, Алексей Иванович.",,,
10501,Записки рабочего: [Очерки и рассказы].,"ГРИВСКИЙ, И.",,,
10502,Записки разведчика.,"АЛЕКСЕЕВ, Анатолий Иванович.",,,
10503,Записки разведчика: Кн. 1.,"БЕРЕЖНОЙ, Иван Иванович.",,,
10504,Записки разведчика.,"ЗУБЦОВ, Александр Николаевич.",,,
10505,Записки разведчика.,"ПИПЧУК, Василий Иванович.",,,
10506,Записки разведчицы.,"БОРОДКИНА, Анастасия Григорьевна.",,,
10507,Записки революционера-мечтателя.,"БЕРВИ-ФЛЕРОВСКИИ, Василий Васильевич (БЕРВИ, Василий Васильевич).",,,
10508,Записки редактора: Из прошлого красноармейской печати.,"МИТНИЦКИЙ, Лазарь Давидович.",,,
10509,Записки ружейного охотника Оренбургской губ.,"A-В, С. (АКСАКОВ, Сергей Тимофеевич).",,,
10510,Записки с того света: [Рассказ].,"СТАФЕЕВ, Георгий.",,,
10511,Записки с того света: Роман.,МА-ШАДО ,,,
10512,Записки самоубийцы.,ИХОРОВ,,,
10513,Записки Самуэля Берга: (Жизнь еврея).,"ЛАРСКИЙ, Л. С.",,,
10514,Записки сапера.,"ЛЕБЕДЕВ, Анатолий Григорьевич.",,,
10515,Записки Саши Бугрова.,"ГОРБУНОВ, Петр Михайлович.                ",,,
10516,Записки свободной женщины.,"ФОНВИЗИН, Сергей Иванович.",,,
10517,Записки сельского врача.,"ЯНТА-РЕВ, А. (БЕРНШТЕЙН, Арнольд Иосифович).",,,
10518,Записки семиклассника.,"АРТИ-ЩЕВ, Михаил Давыдович.",,,
10519,Записки Серого Волка; Улыбка Фортуны.,"ЛЕВИ, Ахто.",,,
10520,Записки сибирского Немврода: (Охотничьи рассказы).,"ШВЕДОВ, И. Г.",,,
10521,Записки сиротки: Повесть.,"ЧАР-СКАЯ, Лидия.",,,
10522,Записки следователя: [Очерки].,"ТИМОФЕЕВ, Никита Павлович.",,,
10523,Записки следователя: [Повесть].,"БОДУНОВ, Иван Васильевич, РЫСС, Евгений Самойлович.",,,
10524,Записки следователя: [Рассказы].,"КОВАЛЬЧУК, Владимир Феодосьевич.",,,
10525,Записки следователя: [Рассказы].,"РОМАШОВ, Александр Михайлович.",,,
10526,Записки следователя: [Рассказы].,"ШЕЙНИН, Лев Романович.",,,
10527,Записки слишком доброй собаки.,"ШЕРВИЛЬ, Гаспар Жорж. ",История чересчур доброй собаки.,,
10528,Записки современника с 1805 по 1819 г.,"ЖИХАРЕВ, Степан Петрович.",,,
10529,Записки совсем молодого инженера: Повести и рассказы.,"ШЕФ, Генрих Владимирович.",,,
10530,Записки солдата: [Документальная повесть].,"ОСЬКИН, Дмитрий Прокофьевич.",,,
10531,Записки солдата: [Повесть].,"БАГ-МУТ, Иван Адрианович.",,,
10532,Записки солдата: [Повесть].,"КАВ-ГАРАДЗЕ, Георгий Григорьевич.",,,
10533,Записки солдата: [Путевые очерки].,"ДИАЗ, Берналь (ДИАС ДЕЛЬ КАСТИЛЬО, Берналь).",,,
10534,Записки сотрудника милиции.,"ОБОЛЕНЦЕВ, Никита Иванович.",,,
10535,Записки спутника.,"НИКУЛИН, Лев Вениаминович.",,,
10536,Записки старика: Рассказ.,"ЯСНО-ГРОДСКИЙ [!], Н. (ЯСНОГОРОДСКИЙ, Н.).",,,
10537,Записки старого журналиста.,"ВЕРЖБИЦКИЙ, Николай Константинович.",,,
10538,Записки старого комсомольца.,"ЯГУНОВ, Александр Григорьевич.",,,
10539,Записки старого петербуржца.,"УСПЕНСКИЙ, Лев Васильевич.",,,
10540,Записки старого студента.,"ПОТАПЕНКО, Игнатий Николаевич.",,,
10541,Записки старого томича.,"ЛЯСОЦ-КИИ, Иван Ефремович.",,,
10542,Записки старого художника.,"КОРЧЕМНЫЙ, Вениамин.",,,
10543,Записки Степняка: Очерки и рассказы. Т. 1—2.,"ЭРТЕЛЬ, Александр Иванович.",,,
10544,Записки студента: Повесть; Путевые записки зайца.,"ГРЕБЕНКА, Евгений Павлович.",,,
10545,"Записки сумасшедшего: (Мемуары, очерки и рассказы).","ДОБРОНРАВОВ, Николай Евгеньевич.",,,
10546,Записки сумасшедшего: [Повесть].,"ГОГОЛЬ, Николай Васильевич.",,,
10547,Записки сумасшедшего: [Рассказ].,"ТОЛСТОЙ, Лев Николаевич.",,,
10548,Записки сумасшедшего матроса.,"ЛУКАШЕВИЧ, Сергей Прокофьевич.",,,
10549,Записки сытого человека: Повесть.,"АТАВА, Сергей (ТЕРПИГОРЕВ, Сергей Николаевич). ",,Марфинькино счастье...,
10550,"Записки сыщика или Политические тайны Франции, изложенные в форме рассказов бывшим начальником Парижской тайной полиции.","КАНЛЕР, Луи.",,,
10551,Записки театральной крысы.,"АВЕРЧЕНКО, Аркадий Тимофеевич.",,,
10552,Записки Терентия Забытого: Повесть.,"АРОСЕВ, Александр Яковлевич.",,,
10553,Записки Тигриньки: Рассказ.,"РОЗИНА, Казимира Францевна.",,,
10554,Записки тихони: Сатирическая повесть.,"ПОДМАЙСТРОВИЧ, Василий Ильич.",,,
10555,Записки товарища Баррикадова.,"САМСОНОВ, Борис Григорьевич.",,,
10556,Записки Толи Сундукова: Маленькая повесть.,"СТЕКОЛЬНИКОВ, Лев Борисович.",,,
10557,Записки Тони Тростниковой: Повесть.,"ЖДАНОВ, Николай Гаврилович.",,,
10558,Записки у изголовья.,СЭЙ-СЕНА-ГОН.,,,
10559,Записки удивительного человека: Ч. 1—2.,"МАШКОВ, Петр Алексеевич.",,,
10560,Записки учительницы: [Главы из повести «4-й класс В»].,"ВИГДОРОВА, Фрида Абрамовна.",,,
10561,Записки учителя: В 2-х ч.,"БЕЛОЗЕРСКИЙ, Н. (ПОРОШИН, Иван Александрович).",,,
10562,Записки учителя гимназии: Повесть из действительной жизни учащих и учащихся за последние 15 лет.,"ЯСНОПОЛЯНСКИЙ (ЛЕР, Александр Фридрихович) .",,,
10563,Записки фабзайца: Повесть.,"КОНДАКОВ, Алексей.",,,
10564,Записки Федора Кузьмича.,"ТОЛСТОЙ, Лев Николаевич. ",,,
10565,Записки фоторепортера.,"ПЕСКОВ, Василий Михайлович.",,,
10566,Записки Христофора: Роман.,"ПЭН, Джемс.",,,
10567,Записки хроноскописта: Научнофантастические повести.,"ЗАБЕЛИН, Игорь Михайлович.",,,
10568,Записки чекиста.,"ГОЛОВНЕНКО, Иван Харитонович.",,,
10569,Записки чекиста Братченко.,"ГО-ЛОСОВСКИИ, Игорь Михайлович.",,,
10570,Записки черта.,"ПОКОЙ ТВЕРДО (ТРАВИН, Петр Александрович).",,,
10571,Записки    четырех романистов.,"ДЖЕРОМ, Джером Клапка.",,,
10572,Записки чугунного человека: Рассказы.,"ЛУКАШИН, Илья Денисович.",,,
10573,Записки чудака: Т. 1—2.,"БЕЛЫЙ, Андрей.",,,
10574,Записки школьника.,"ДЕ АМИЧИС, Эдмунд (ДЕ АМИЧИС, Эдмондо).",,,
10575,Записки    школьницы: Повесть.,"ЛАРРИ, Ян Леопольдович.",,,
10576,Записки Шнабельвопского.,"ГЕЙНЕ, Генрих.",,,
10577,Записки шпиона: Роман.,"ЛЮСИ-ЕТО, Шарль.",,,
10578,Записки штурмана.,"РАСКОВА, Марина Михайловна.",,,
10579,Записки эмигранта в Южной Америке.,"БАСАНИН, Марк (ЛЕМАН, Лидия Алексеевна).",,,
10580,Записки юнкера: Повесть в 2-х ч.,РАЙСКИЙ. ,,,
10581,Записки юного врача: Рассказы.,"БУЛГАКОВ, Михаил Афанасьевич.",,,
10582,Записная книжка: [Рассказы]. О.,ГЕНРИ.,,,
10583,Записная книжка: Стихи и поэма.,"КУЛЕШОВ, Аркадий Александрович.",,,
10584,Записная книжка Флориана.,"БУЛЬИ, Жан Никола. ",,Платье цвета «Feuille morte» Госпожи Коттэн...,
10585,Запись официантов.,"ПОПОВ, В. (КОСИЦЫН, В)",,,
10586,Запишите меня в комсомол!: Лирика. Песни. Сатира.,"КОТОВ, Владимир Петрович.",,,
10587,Запланированный псалтырь.,"КОМОВ, Владимир Ефимович.",,,
10588,"Заплатил, да не купил: Шутка-во-цевиль в 1-м д.","ВЛАДИМИРОВ, В. А.",,,
10589,Заплесневелый хлеб.,"ПАЛУМБО, Нино.",,,
10590,Заплыв: Лирика.,"ЖУРАВЛЕВ-ПЕ-ЧОРСКИЙ, Василий Степанович.",,,
10591,Заповедная тропа. Стихи.,"СОЛОУХИН, Валентин Алексеевич.",,,
10592,Заповедник: Повесть.,"АЛЕКСАНДРОВ, Вильям Александрович. ",,Планета МИФ...,
10593,Заповедник: Рассказ.,"ИВАНОВ, Всеволод Вячеславович.",,,
10594,Заповедник гоблинов: Сборник научно-фантастических произведений.,"САЙМАК, Клиффорд Дональд.",,,
10595,Заповедное место: Повести и рассказы.,"ШКЛЯР, Николай Григорьевич.",,,
10596,Заповедные воды: Роман в 5-ти ч.,"ПАСЫНКОВ, Лев Павлович.",,,
10597,Заповедный лес: Рассказ.,"СУРОЖ-СКИЙ, Павел.",,,
10598,Заповедь: Стихи. Поэма.,"ШМИДТ, Борис.",,,
10599,Заповедь Гиппократа: Очерки.,"ИЛАТОВСКАЯ, Тамара Александровна.",,,
10600,Заповедь дружбы: Повесть.,"СВИР-СКИИ, Григорий Цезаревич.",,,
10601,Заповедь земли: Дилогия.,"ДАНИ-ЛЫЧ-КОЧИН, Александр.",,,
10602,Заповедь зорь.,"БЕРЕЗИН, Михаил.",,,
10603,Заповедь отца.,"ДЖАПАРОВ, Баба.",,,
10604,Заподозренная невинность или Оправданный охотник: Драматический рассказ в 3-х карт. (Сюжет взят из истинного происшествия).,"ОГАРЕВ, Н.",,,
10605,Запоздавшее откровение: Рассказы.,"КОСЕНКОВ, Александр Фомич.",,,
10606,Запоздавший взрыв:   Рассказ.,"БИЧ, Рекс Эллингвуд.",,,
10607,Запоздалое письмо: Историческая повесть.,"ГАРИН, Фабиан Абрамович.",,,
10608,Запоздалые песни (1883—1897).,"ЛОДЫЖЕНСКИИ, И. А.",,,
10609,Запоздалые песни (1879—1909): Стихи.,"ГРИШЕЧКО-КЛИМОВ, Михаил (КЛИМОВ, Михаил).",,,
10610,Запоздалый бросок вратаря.,"СЕДОВ, Геннадий.",,,
10611,Запоздалый дождь: Три повести.,"МАГОМЕДОВ, Муса Абдуллаевич.",,,
10612,Запоздалый номер с Казанской международной выставки и три сатиры.,"КЛЕЙСТ, Гвидо М. фон.",,,
10613,Запоздалый приказ: (Страна родная). Пьеса в 7-ми эпизодах.,"УСМАНОВ, Шамиль Хайруллович.",,,
10614,Запоздалый стрелок. Н шести и рассказы.,"ШЕФНЕР, Вадим Сергеевич.",,,
10615,Запоздалый суд:      Рассказы.,"ЕМЕЛЬЯНОВ, Анатолий Викторович.",,,
10616,Запоздалый филантроп: В 4-х д.,НАР.,,,
10617,Заполье: Лирика.,"КАМЕНСКИЙ, Александр Владимирович.",,,
10618,Заполье: Стихи.,"ГАВРИЛОВ, Дмитрий Николаевич.",,,
10619,Заполярные вечера: Стихи и песни.,"МАТВЕЕВ, Владимир Васильевич.",,,
10620,Заполярные встречи.,"СУФТИН, Георгий Иванович.",,,
10621,Заполярный мед.,"ПРИШВИН, Михаил Михайлович.",,,
10622,"Запомни все хорошее: Стихи, песни, пародии.","ХАРИТОНОВ, Владимир Гаврилович.",,,
10623,Запомните их имена: Драма в 3-х д.,"САЛЮК, Петро.",,,
10624,"Запомните нас молодыми: Повесть о том, что было.","НИКОЛАЕВ, Александр Маркович.",,,
10625,Запорожец Подкова: Повесть.,"БРЕШКО-БРЕШКОВСКИИ, Николай Николаевич. ",,В забытой стороне...,
10626,Запорожская сечь или Месть женщины атаману: Повесть из времен Петра Великого. В 2-х ч.,Имя авт. не установлено.,,,
10627,Запорожская старина: Исторические рассказы.,"РАДИЧ, Василий Андреевич.",,,
10628,"Запорожские наезды: Украинская быль из времен гетьманщины. ...ВСКИИ,",А.,,,
10629,"Запорожский казак, гетман Нали-вайко: Повесть.",ДОБРОХОТОВ.,,,
10630,Запорожский казак Игнат Подкова: Повесть.,"БРЕШКО-БРЕШКОВСКИИ, Николай Николаевич. ",Запорожец Подкова.,,
10631,Запорожский казак Петро Рудый: Рассказ.,"КУКЕЛЬ (ЛУНИН, В. А.).",,,
10632,Запорожский клад: (Рассказ дида Панаса).,"ДЗЯКОВИЧ, П.",,,
10633,Запорожцы: Поэма в 2-х ч.,"ЛИ-ЗАНДЕР, Дмитрий Карлович.",,,
10634,Запорожцы: Поэма памяти Н. В. Гоголя. 1809—1909.,"БОГОМОЛОВ, Борис Дмитриевич.",,,
10635,Запорожцы: Рассказы.,"СКОМО-РОВСКИИ, Рафаил Соломонович.",,,
10636,Запорожцы в Сарагоссе: Исторический роман.,"ОРДЫНЦЕВ-КОСТРИЦ-КИЙ, Михаил Дмитриевич.",,,
10637,Запретная зона: [Книга очерков о Южной Родезии].,"ВЕСТБЕРГ, Пер.",,,
10638,Запретная зона: Роман.,"КАЛИНИН, Анатолий Вениаминович.",,,
10639,Запретная любовь: Пьеса в 3-х д.,"ВОЛЬФ, Пьер.",,,
10640,Запретная любовь: Рассказы.,"БОРОДКИН, Юрий Серафимович.",,,
10641,Запретные листки: [Рассказ].,Имя авт. не установлено.,,,
10642,Запретный Кобзарь.,"ШЕВЧЕНКО, Тарас Григорьевич.",,,
10643,Запретный плод: (Разведемся). Комедия в 3-х д.,"САРДУ, Викторьен.",,,
10644,Запретный плод: Рассказы.,"ИСКАНДЕР, Фазиль Абдуллович.",,,
10645,Запретный плод: [Роман].,"МАРИ, Жюль.",,,
10646,Запретный рубеж: Пьеса в 4-х д.,"ЭЛЬЯШЕВА, Наталья Александровна.",,,
10647,Запрещение.,"КУРТЕЛИН, Жорж.",,,
10648,Запрещенная виза.,"БОРАХВОС- ТОВ, Василий Никитович.",,,
10649,Запрещенная демонстрация.,"МУС-СИНАК, Леон.",,,
10650,Запрещенные плоды: Роман.,"ФА-РИНА, Сальватор (ФАРИНА, Сальваторе).",,,
10651,"Запрещенный плод или Не бывать бы счастию, да несчастье помогло.","Ф...Ъ, Вас. Загл. ",,,
10652,Запрос.,"ГЕЙСЛЕР, Кристиан.",,,
10653,Запросто!: Новые фельетоны и рассказы.,"СЕМЕНОВ, Мануил Григорьевич.",,,
10654,Запруда: Военные были.,"ШМАНЬ, Геннадий Яковлевич.",,,
10655,Запустелый дом.,"ПОЛИТКОВСКАЯ, Е. (МИХАЙЛОВА) (ПОЛИТКОВСКАЯ, Екатерина Михайловна). ",,Без рассвета...,
10656,Запятая: Рассказ.,"ГЛЕБОВ, Анатолий.",,,
10657,Зараженные: Драматический этюд в 3-х д.,"ТКАЧЕВ, Тихон Яковлевич.",,,
10658,Зарайск или Начало владычества татар над Россиею: Историческая повесть XIII столетия. В 3-х д.,Имя авт. не установлено.,,,
10659,Заре навстречу: Документальное повествование.,"НОВИКОВ, Александр Иванович.",,,
10660,Заре навстречу: (Комедия в 4-х актах).,"БОНДАРЕВА, Елизавета Максимовна.       ",,,
10660а,Заре навстречу: Лирика.,"СИДОРЕНКО, Николай Николаевич.",,,
10661,Заре навстречу: [Повесть].,"ГИН-ЦЕЛЬ, Петр Васильевич.",,,
10662,Заре навстречу: Повесть.,"ИОФФЕ, Павел Иосифович.",,,
10663,Заре навстречу: Повесть.,"КОЖЕВНИКОВ, Вадим Михайлович.",,,
10664,Заре навстречу: Повесть.,"ПОРТ-НЯГИН, Николай Константинович.",,,
10665,Заре навстречу: [Повесть].,"РЕЛЬ-СКИИ, Дмитрий Васильевич.",,,
10666,Заре навстречу: Повесть.,"ФЕДУЛОВ, Алексей Петрович.",,,
10667,Заре навстречу: Повесть. Кн. 1.,"КОЗАЧЕНКО, Василий Павлович.",,,
10668,Заре навстречу: Роман.,"ВОЛКОВ, Николай Валерианович.",,,
10669,Заре навстречу: Роман.,"ПОПОВА, Нина Аркадьевна.",,,
10670,Заре навстречу: [Стихи].,"ДЕМЕНТЬЕВ, Валерий Васильевич.",,,
10671—10672,Заре навстречу: Стихи.,"МИЛЯВСКИЙ, Анатолий Исаевич.",,,
10673,Зарева: [Рассказы о первой русской революции].,"СЕРАФИМОВИЧ, Александр.",,,
10674,Зарева: [Стихи].,"КАСАТКИН, Михаил Иванович.",,,
10675,Зарево: Драма в 4-х д.,"ГАИДОВ-СКИИ, Георгий Николаевич.",,,
10676,Зарево: Историческая повесть.,"СМИРНОВ-УЛЬЯНОВСКИЙ, Валентин Александрович. ",Зарево над Волгой.,,
10677,Зарево: Пьеса в 4-х д.,"КАРПОВ, Евтихий Павлович.",,,
10678,Зарево: Рассказы.,"РЯХОВСКИИ, Василий Дмитриевич.",,,
10679,Зарево: Роман.,"БРЖОЗОВСКИЙ, Станислав Леопольд.",,,
10680,Зарево: Роман.,"КАРАСЛАВОВ, Георгий.",,,
10681,Зарево: Роман.,"ЛИБЕДИНСКИИ, Юрий Николаевич.",,,
10682,Зарево: Стихи. 1913—1917 гг.,"ОРЕШИН, Петр Васильевич.",,,
10683,Зарево: 1Стихотворения.,"МОЗО-ЛЕВСКИИ, Борис Николаевич.",,,
10684,Зарево битвы!,"ТЭФФИ, Н. А.",,,
10685,Зарево в ночи.,"ШЕЛУХИН, Тимофей Семенович.",,,
10686,Зарево войны: (В дни священной войны). Современная мелодрама в 4-х д.,"ДАВИДОВСКИИ, Константин Алексеевич.",,,
10687,Зарево Зорь.,"БАЛЬМОНТ, Константин Дмитриевич.",,,
10688,Зарево на высочине: Документальная повесть.,МЕЧЕТНЫЙ.,,,
10689,Зарево над Волгой: Историческая повесть.,"СМИРНОВ-УЛЬЯНОВСКИИ, Валентин Александрович.",,,
10690,Зарево над городом.,"ПУШКАРЕВ, Глеб Михайлович.",,,
10691,Зарево над заливом: Стихи.,"ЛИФ-ШИЦ, Владимир Александрович.",,,
10692,Зарево над лесом: Повесть.,"ЛЮ-ТОВА, Вера Сергеевна.",,,
10693,Зарево над полями: Повесть о 1906 г.,"ЮРЕЗАНСКИЙ, Владимир.",,,
10694,Зарево над предгорьями: Повесть.,"ГУРОВ, Игорь Петрович.",,,
10695,Зарево над Пресней.,"ВИНОГРАДОВ, Святослав Филиппович.",,,
10696,Зарево над Рузаевкой: Повесть.,"АНДРИАНОВ, Федор Константинович.",,,
10697,Зарево над юностью.,"ЛЮКОВ, Валентин Иванович, ПАНОВ, Юрий Алексеевич.",,,
10698,Заревые огни: Рассказы.,"НИЗОВОЙ, Павел.",,,
10699,Заревые проблески.,"НЕМИРОВИЧ-ДАНЧЕНКО, Василий Иванович.",,,
10700,Зареида и Ростислав: Трагедия в 5-ти д.,"ХЕРАСКОВ, Михаил Матвеевич.",,,
10701,Заречная ширь.,"КУЛИКОВ, Александр Павлович.",,,
10702,Заречные луга: Стихи.,"ШУМАКОВ, Николай Федорович.",,,
10703,Заречье: Новая книга стихов.,"ЩЕ-ПОТЕВ, Виктор Александрович.",,,
10704,Заречье: Стихи.,"МОСИНЦЕВ, Александр Федорович.",,,
10705,Заречье: [Стихи].,"ПРОКОФЬЕВ, Александр Андреевич.",,,
10706,"Зарифэ: Нет, не согласна!",СИ-МУР Г.,,,
10707,Зарница: Комедия в 4-х д.,"ТУ-НОШЕНСКИИ, Владимир Владимирович.",,,
10708,Зарница: Современная болгарская повесть.,"ЕЖ, Теодор Томаш.",,,
10709,Зарница: (Стихи и проза).,"ШЛИХ-ТЕР, П.",,,
10710,Зарницы: Второй сборник рассказов.,"МАМИН-ЮИБИРЯК, Дмитрий Нарки-сович.",,,
10711,Зарницы: Исторический роман.,"БОГОЛЮБОВ, Константин Васильевич.",,,
10712,Зарницы: Лирика.,"БЫЧКОВСКИЙ, Владимир Леонтьевич.",,,
10713,Зарницы: Лирика.,"КУПРИН, Анатолий Андреевич.",,,
10714,Зарницы: Повесть.,"ХЛЕБНИКОВ, Геннадий Николаевич.",,,
10715,Зарницы: [Повесть].,"ЧЕРЕПОВ, Василий Степанович.",,,
10716,Зарницы:. Поэма в стихах о П. Ткаченко.,"ХУДЯКОВ, Василий Васильевич.",,,
10717,Зарницы: Пьеса в 4-х д.,"АРКАТОВ, Александр.",,,
10718,Зарницы: Рассказ.,"МИКУЛИЧ, В.",,,
10719,Зарницы:  Рассказы.,"ГОНЧАР, Олесь (ГОНЧАР, Александр Терентьевич).",,,
10720,Зарницы: Рассказы.,"СОБОЛЕВСКИЙ, Александр Александрович.",,,
10721,Зарницы: Роман.,"ЛЕЩИНСКИЙ, Наум Ефремович.",,,
10722,Зарницы: Сборник рассказов.,"ТЕПЛОВ, Константин Александрович.",,,
10723,Зарницы: [Сборник стихов и прозы].,С.,,,
10724,Зарницы: [Стихи].,ГЕНИГИН,,,
10725,Зарницы: Стихи.,"ЛИСТОВ, Игорь Викторович.",,,
10726,Зарницы: (Стихи).,"МОЛЧАНОВ-СИБИРСКИИ, Иван Иванович.",,,
10727,Зарницы: Стихи.,"НИКОЛЬСКАЯ, Лариса Антоновна.",,,
10728,Зарницы: [Стихи].,"ОСИНИН, Владимир.",,,
10729,Зарницы: Кдихи.,"РЫВЛИН, Аркадий Исаакович.",,,
10730,Зарницы: Стихи.,"СИРМБАРДИС, Ян Августович.",,,
10731,Зарницы: Стихи.,"СТЕПАНОВ, Василий Трофимович.",,,
10732,Зарницы: Стихи.,"СУББОТИН, Евгений Тимофеевич.",,,
10733,Зарницы: Стихи.,"ФИЛИППОВ, Александр Павлович.",,,
10734,Зарницы: Стихи.,"ШЕМШЕЛЕ-ВИЧ, Леонид Вениаминович.",,,
10735,Зарницы: Стихи и песни.,"КОРИН, Василий.",,,
10736,Зарницы: [Стихи и песни].,"ПАЛЬ-КИН, Николай Егорович.",,,
10737,Зарницы: Стихотворения.,"ЕВСЕЕВ-СИДОРОВ, И. В.",,,
10738,Зарницы в небе не гаснут.,"ЧЕР-МАШЕНЦЕВ, Кузьма Яковлевич.",,,
10739,Зарницы в фиордах: Героическая биография.,"МАТВЕЕВ, Николай Сергеевич.",,,
10740,Зарницы войны.,"РУССАТ, Евгения Р.",,,
10741,"Зарницы и молнии: Мечты, элегии, стансы и комедия «Их торжество».","ПАНОВ, Николай Андреевич.",,,
10742,"Зарницы мысли: 1-й сборник стихотворений. СЕВЕРЯНИН, Игорь. 110742а. Зарницы над морем: Историческая повесть.","ШИРОБОКОВА, Ольга Дмитриевна.",,,
10743,Зарницы над полигоном.,"ПИЩУ-ЛИН, Владимир Павлович.",,,
10744,Зарницы над сопками: Стихи.,"ДРАКОХРУСТ, Александр Абрамович.",,,
10745,Зарницы северного леса: Стихи.,"РОЖДЕСТВЕНСКИЙ, Игнатий Дмитриевич.",,,
10746,Зарницы счастья: Роман.,"ДАРЬ-ЯЛ, Александра Васильевна.",,,
10747,Зарок.,"МИРСКАЯ, А. (МАКАРО-ВА-МИРСКАЯ, Александра Ивановна).",,,
10748,Зарок не пить.,"УСПЕНСКИЙ, Глеб Иванович. ",,Разоренье...,
10749,Зарок пчелинца: Рассказ.,"РЕМЕЗОВ, Митрофан Нилович.",,,
10750,Заруба.,"ДАНИЛЫЧ-КОЧИН, Александр.",,,
10751,Зарубежные встречи.,"СОФРО-НОВ, Анатолий Владимирович.",,,
10752,Зарубежные письма.,"ШАГИНЯН, Мариэтта Сергеевна.",,,
10753,Зарубежные раздумья.,"ОРЕНБУРГ, Илья Григорьевич.",,,
10754,Зарубка: Рассказы.,"САЛЬНИКОВ, Петр Георгиевич.",,,
10755,Зарубки на память.,"ВАСИЛЬЕВ, Сергей Александрович.",,,
10756,Зарубки на сердце.,"ЛАВРОВ, Илья Михайлович.",,,
10757,Зарубки на скалах:     Стихи.,"КРОСС, Яан Янович.",,,
10758,"Заруцкий, гетман войска Запорожского: Исторический роман из смутных времен России 1606-41612 гг. В 2-х ч.","ГО-ЛОТА, Петр.",,,
10759,Зарю встречают в море.,"КУРЕННОЙ, Евгений Гаврилович.",,,
10760,Заря: Водевиль в 1-м д.,"КАРИЧ, Елизавета.",,,
10761,"Заря: 2-я книга стихов, 19Н'5— 1921.","ЕВГЕНЬЕВ, Борис.",,,
10762,Заря: От мрака к свету. Историческая повесть из эпохи Смутного времени.,"ДМИТРИЕВ, Дмитрий Савватеевич.",,,
10763,Заря: Повесть.,"ЛАПТЕВ, Юрий Григорьевич.",,,
10764,Заря: Роман.,"ВОЛКЕНШТЕЙН, Давид Исаакович.",,,
10765,Заря: Стихи.,"САРОЯН, Аршалуйс Назаретович.",,,
10766,Заря: Стихотворения и «Нашла коса на камень». Комедия из быта портных в 3-х д.,"СЛАДКИЙ, Николай (БЕ-ЛИТЧЕНКО, Николай П.).",,,
10767,Заря будущего: Повесть из средневековой жизни.,"БУЛГАКОВА, Елена Ивановна",,,
10768,Заря в моем окне.,"ХОСТИКОЕВА, Зина (ХОСТИКОЕВА, Зинаида Ахметовна).",,,
10769,Заря-веснянка: Стихи.,"ПАВЛЮ-ХИН, Анатолий Иванович.",,,
10770,Заря взойдет: Повесть.,"ГОЛУБЕВА, Антонина Георгиевна.",,,
10771,Заря вишневая: Исторические повести.,КЛАЗ.,,,
10772,Заря Востока: Пьеса.,"САФАРОВ, Назир Сафарович.",,,
10773,Заря впереди.,ЛЮ БАЙ-ЮЙ.,,,
10774,"Заря всеобщего мира, возвещаемого народам государем императором Николаем Александровичем, самодержцем всероссийским: Патриотическая поэма конца XIX в.","БЕСЕДОВСКИЙ, Алексей Михайлович.",,,
10775,Заря жизни.,"ФЕДОРОВ, Александр Митрофанович.",,,
10776,Заря занимается.,"ВЕИСКОПФ, Ф. (ВАЙСКОПФ, Франц Карл).",,,
10777,Заря занялась: Историческая повесть. Ч. 1—2.,"АЛТАЕВ, Ал.",,,
10778,Заря-заряница: Стихи.,"ЕЛИСЕЕВ, Евгений Сергеевич.",,,
10779,Заря-заряница: Стихи о природе.,"ЖОГОЛЕВ, Николай Федорович.",,,
10780,Заря земли русской: Исторический очерк.,"ЧЕРСКИЙ, Леонид Федорович.",,,
10781,Заря императорского трона или Второй период французской революции: Исторический рассказ.,"АНДРИССЕН, П. И.",,,
10782,Заря Исани: Рассказы.,"БАРНОВ, Василий Захарьевич (БАРНОВИ, Василий Захарович).",,,
10783,Заря Колхиды: Роман. Рассказы.,"ЛОРДКИПАНИДЗЕ, Константин Александрович.",,,
10784,Заря на крыльях.,"КОВАЛЬ-ВОЛКОВ, Александр Иванович.",,,
10785,"Заря над Азией: Стихи о мире, о новом Китае и Корее.","ГА Л САНОВ, Цэдэн Галсанович (Галсанов, Цыденжанб Галса-нович).",,,
10786,Заря над Алжиром.,"ГУЛЯМ, Хамид.",,,
10787,Заря над Аму.,"АЙМУРЗАЕВ, Джолмурза Мирзаевич.",,,
10788,Заря над бездной.,"МАНСИСИ-ДОР, Хосе.",,,
10789,Заря над Волгой: Рассказы.,"ЧЕРНЕНКО, Александр Иванович.",,,
10790,Заря над городом.,"ДАВТЯН, Маркар Даниелович.",,,
10791,Заря над Доном: Стихи.,"ФЕДОРОВ, Иван Филиппович.",,,
10792,Заря над лесом.,"МИХАИЛОВ, Борис Николаевич.",,,
10793,Заря над степью: Исторический роман.,"РИНЧЕН, Бямбын.",,,
10794,Заря над степью:     [Повесть).,"ДЖАНТУАРОВ, С. Б. (ЖАНТУАРОВ, Султан Байтурович).",,,
10795,Заря над Тереком: Роман.,"ШО-МАХОВ, Амирхан Камизович.",,,
10796,Заря над Уссури: Роман.,"СОЛНЦЕВА, Вера Петровна.",,,
10797,Заря над Ханьпу: Роман.,"КРАВЕЦ, Олеся",,,
10798,Заря не гаснет: Избранное.,"АЛЕКСЕЕВ, Никандр Алексеевич.",,,
10799,Заря не гаснет: Стихи и поэмы.,"ЯКОВЛЕВ, Юрий Яковлевич.",,,
10800,Заря новой жизни: Роман.,"ПАЗУ-ХИН, Алексей Михайлович.",,,
10801,Заря новой жизни: Роман в 3-х ч.,"ГЕРШТЕКЕР, Фридрих. ",В преддверии свободы.,,
10802,Заря пламенеет: Поэма.,"ШМИДТ, Борис.",,,
10803,Заря свободы: Новый иллюстрированный роман из современного революционного движения. Ч. 1.,"БАРСУК, А. И.",,,
10804,Заря счастье кует: Очерки.,"ЕРМАКОВ, Иван Михайлович.",,,
10805,Заряд: 1Стихи. 19110—1930.,"ГЕРАСИМОВ, Михаил Прокопьевич.",,,
10806,Заряд соли.,"МАРИНАТ, Алексей Романович.",,,
10807,Зарядка: Избранные стихи.,"НЕПОМНЯЩИХ, Василий Иннокентьевич.",,,
10808,Заряна-печальница: Лирика.,"МА-ЛЯКОВ, Лев Иванович.",,,
10809,Зарянка: [Повесть].,"ДОМБРОВСКИЙ, Анатолий Иванович.",,,
10810,Зарянка: [Рассказы].,"КОБЕЛЬКОВ, Олег Константинович.",,,
10811,Зарянские капитаны.,"ШАПОШНИКОВА, Софья Сауловна.",,,
10812,Засада: Героико-романтическая драма в 2-х д.,"ШАИКЕВИЧ, Анатолий Волькович, ШВЕДОВА, Ирина Федоровна.",,,
10813,Засада: История разгрома первой рабочей газеты в Москве.,"ХОХЛОВ, Козьма Гаврилович.",,,
10814,Засада: [Очерк].,"МУ ГУ ЕВ, Хаджи-Мурат Магометович. ",,Комсомолец Тан-чи...,
10815,Засада: Повесть.,"ГРОССМАН, Марк Соломонович.",,,
10816,Засада в городе Минске.,"ДОЙЛЬ, Артур Конан.",,,
10817,Засада на черной тропе.,"РЯБЧИКОВ, Евгений Иванович.",,,
10818,Заслон: Роман.,"АНТОНОВА, Любовь Ивановна.",,,
10819,Заслон героев.,"ТРЕТЬЯКОВ, Федор Андреевич.",,,
10820,Заслон у Орлиной тропы.,"ЗАСЕ-ДА, Игорь Иванович.",,,
10821,Заслонов: Повесть.,"РАКОВСКИИ, Леонтий Иосифович.",,,
10822,Заслуга рядового Пантелеева: Рассказ. А.,"С. Г. (ГРИН, Александр).",,,
10823,«Заслуженная кара» и «На пчельнике»: Рассказы.,"СЕРЕБРОВСКИЙ, Е.",,,
10824,Заслуженное счастье: Повесть.,"ЧАРСКАЯ, Лидия.",,,
10825,Заслуженный урок: Комедия в 1-м д.,"К. А. (КРЮКОВСКИЙ, Аркадий Федорович).",,,
10826,Заслуженный учитель:  Роман.,"КОРЖЕНЕВСКИИ, Иосиф (КОЖЕНЕВСКИЙ, Юзеф).",,,
10827,Заслужить бы друга любовь...: Стихи.,"КУГУЛЬТИНОВ, Давид Никитич.",,,
10828,Заснеженные сосны: Стихи.,"ИЗМАИЛОВ, Владимир Алексеевич.",,,
10829,Заснули: (Рассказ).,"ПИСАРЕВ, Н.",,,
10830,Засоренные дороги; С квартиры на квартиру: Роман и рассказ.,"МИХАИЛОВ, А. (ШЕЛЛЕР-МИХАЙЛОВ, Александр Константинович).",,,
10831,Засохшие цветы: Сборник мелких рассказов и стихотворений.,"ЗАРИН, Андрей Ефимович.",,,
10832,Засохший корень.,"ДЕВИС, Рис.",,,
10833,Заспал!; Попугай: Два исторических рассказа.,"СЕВЕРЦЕВ, Г. Т. (ПОЛИ-ЛОВ) (ПОЛИЛОВ, Георгий Тихонович).",,,
10834,Застава: [Очерки и рассказы].,"НАУМОВ, Сергей Максимович.",,,
10835,Застава: Стихи.,"ПАНОВ, Геннадий Петрович.",,,
10836,Застава: Стихи.,"ТИТОВ, Николай Ильич.",,,
10837,Застава — в ружье!,"ПОЛЯКОВ, Василий Филатович.",,,
10838,Застава в степи.,"БОГОМОЛОВ, Владимир Максимович.",,,
10839,Застава Дальнего острова: Повесть.,"ВОИНОВ, Александр Исаевич.",,,
10840,Застава Двуречье: Повесть.,ЛУК-НИЦКИЙ,,,
10841,Застава Ильича.,"ФИЛАТОВ, Александр Федорович.",,,
10842,Застава на Аргуни:    Повесть.,"ИВАНОВ, Николай Данилович.",,,
10843,Застава над Бугом: Быль.,"БЕЛЯЕВ, Владимир Павлович.",,,
10844,Застава №.,"ДИКОВСКИЙ, Сергей Владимирович.",,,
10845,Застава поэтов.,"СКВОРЦОВ, Александр Васильевич.",,,
10846,Застава у озера.,"ПЕНТЮНАС, Витаутас.",,,
10847,Заставские огни: Стихи.,"НЕКРАСОВ, Георгий Александрович.",,,
10848,Заставь дурака...: Озорная комедия в 3-х д.,"СОБКО, Вадим Николаевич.",,,
10849,Застарелые друзья: Фельетоны. Пародии.,"РАСКИН, Александр Борисович.",,,
10850,Застенчивые законники.,"ПОЛИЩУК, Ян Азарович.",,,
10851,"Застенчивые звезды: Стихи, сказки, поэмы.","ЭРАЛИЕВ, Суюнбай.",,,
10852,Застенчивый молодой человек: Шутка в 1-м д.,"ГЛАС, Адольф.",,,
10853,Застенчивый репортер: Стихи.,"ФОНЯКОВ, Илья Олегович.",,,
10854,Застигнутые войной: (Русские туристы в 1914 году); Из цикла «Война»: Стихотворения.,"МЕЧ, Р. (МЕНДЕЛЕВИЯ, Родион Абрамович).",,,
10855,Застоинцы: Роман.,"КОРОБЕЙНИКОВ, Иван Терентьевич.",,,
10856,Застолица: (Стихи.,"ПОСКРЕБЫШЕВ, Олег Алексеевич.",,,
10857,Застолье: Роман.,"ФИЛЕВ, Аркадий.",,,
10858,Застолье: Стихи.,"ДОГА ДАЕВ, Владимир Павлович.",,,
10859,Застреленная русалка: Быль из народной русской жизни.,Г. Д.,,,
10860,Застрелился!: Рассказ.,"НЕМИРОВИЧ-ДАНЧЕНКО, Василий Иванович.",,,
10861,Застрелился: Шутка в 1-м д.,"ТУРБИН, Сергей Иванович.",,,
10862,Застрельщики: Повесть.,"СЛУЧЕВ-СКИИ, Константин Константинович.",,,
10863,Застрельщики: Роман.,"НОВО-КШОНОВ, Иван Михайлович.",,,
10864,Застрельщицы: Пьеса в 4-х д.,ДОНЕЙ М,,,
10865,Заструги: Стихи.,"БОКОВ, Виктор Федорович.",,,
10866,Заступник: [Рассказ].,"ГУСЕВ-ОРЕНБУРГСКИЙ, Сергей Иванович. ",,Казак Колодин...,
10867,Заступник: Рассказ.,"ТУРКЕЛЬ-ТАУБ, Ис. Сам.",,,
10868,Засурье.,"ГРИБАНОВ, Владимир Иванович.",,,
10869,Засуха.,"УОЛРОНД, Эрик.",,,
10870,Засучивши рукава: Сатирические стихи.,"БЕЛЕЦКИЙ, Михайло (БЕЛЕЦКИЙ,, Михаил Семенович).",,,
10871,Засыпанный колодезь: Сказка.,"НЕМИРОВИЧ-ДАНЧЕНКО, Василий Иванович.",,,
10872,Засыхающая жизнь: Комедия в 1-м д.,"СКОРБИЛИН, М. М.",,,
10873,Затаенная мысль: Роман. Ч. 1—3.,"ВОСКРЕСЕНСКИЙ, Михаил Ильич.",,,
10874,Затворница: Рассказ в 3-х ч.,"ЗАБЕЛИН, Иван Семенович.",,,
10875,Затеи Вильгельма.,"АЛАВИДЗЕ, Николай Дмитриевич.",,,
10876,Затеи сатаны: (Поппея и Дракон). Рассказ из жизни ада. В 2-х ч.,"ШУХМИН, Христофор Алексеевич. ",Затеи сатаны.,,
10877,Затейник: Драма в 2-х д.,"РОЗОВ, Виктор Сергеевич.",,,
10878,Затейник: [Повесть]. Ч. [1]— 3.,"ПЕТРОВ, Григорий Спиридонович.",,,
10879,Затейники: Рассказ.,"ЛАРИНА, Лариса Михайловна.",,,
10880,Затейница: Водевиль в 1-м д.,"МАНСФЕЛЬД, Дмитрий Августович.",,,
10881,Затем.,"НАЦУМЭ, Сосэки. ",,Сансиро...,
10882,Затемнение в Грэтли: Повесть о военном времени и для военного времени.,"ПРИСТЛИ, Джон Бойнтон.",,,
10883,Затерявшаяся гора:     Роман.,"МАИН-РИД (РИД, Томас Майн).",,,
10884,Затерянная криница.,"ТРЕНЕВ, Константин Андреевич.",,,
10885,Затерянная роща: Воспоминания.,"АЛЬБЕРТИ, Рафаэль.",,,
10886,Затерянные в океане: Повесть.,"НЕМИРОВИЧ-ДАНЧЕНКО, Василий Иванович.",,,
10887,Затерянные в океане: Роман.,"ЖА-КОЛИО, Луи.",,,
10888,Затерянные на краю света.,"МАИН-РИД (РИД, Томас Майн).",,,
10889,"Затерянный мир: Отчет о недавних изумительных приключениях профессора Жоржа Чалленджера, лорда Джона Рокстона, профессора Семмерли и сотрудника «Daily gazette» Е. Д. Малоун.","ДОЙЛЬ, Артур Конан. ",В сторону чудес; Страна чудес.,,
10890,Затерянный мудрец: Комедия в 4-х д.,"ЩЕГЛОВ, Иван.",,,
10891,Затеей: Книга коротких рассказов.,"АСТАФЬЕВ, Виктор Петрович.",,,
10892,Затея да игра не доведут до доб* ра: Драма в 4-х д.,"ВЕРШИНИН, Алексей Платонович.",,,
10893,Затишье: Исторический роман.,"КРАШЕНИННИКОВ, Авенир Донатович.",,,
10894,Затишье: Рассказы и повести.,"ТУРГЕНЕВ, Иван Сергеевич.",,,
10895,Затишье: Роман.,"ЦВЕЙГ, Арнольд.",,,
10896,Затишье — 2 км: Драма в 2-х ч.,"УРНЯВИЧЮТЕ, Даля Петровна.",,,
10897,Затишье и буря.,"ГОЛЕНИЩЕВ-КУТУЗОВ, Арсений Аркадьевич.",,,
10898,Затишья потаенные.,СИЛЕН.,,,
10899,Затмение: Рассказ. Действительный случай.,"КРАСНОВ, Петр Николаевич.",,,
10900,Затмение Луны: Повести.,"ДОН, Ц.",,,
10901,"«Затмись, Луна»: Рассказ.","АГА-РОНЯН, Аветис.",,,
10902,Затон: Повесть.,"ИЛЬИН, Виктор Андреевич.",,,
10903,Затонувший ковчег.,"ШМЕРКО-ВИЧ-ГАЛЕВИ, И. К.",,,
10904,Затонувший корабль.,"ПИАЦЦИ, Адриана.",,,
10905,Затопленный остров: Драма в 3-х д.,"КАНИВЕЦ, Владимир Васильевич.",,,
10906,Затор на двадцатом: Рассказы.,"ЧЕРНЫШЕВИЧ, Аркадий Дмитриевич.",,,
10907,Затосковал: Рассказ.,"ЛЮБИЧ, Ефим Николаевич.",,,
10908,Затравленная: Повесть.,"КОНОП-НИЦКАЯ, Мария.",,,
10909,Затравленный: Драма в 4-х д.,"МОРОЗОВ, Николай Кузьмич.",,,
10910,Затравленный: Роман.,"РАМЮЗ, Ф. (РАМЮ, Шарль Фердинанд).",,,
10911,Затрата юных сил: Повесть.,"МАСЛОВ, Николай Дмитриевич.",,,
10912,Затюканный апостол: Трагикомедия.,"МАКАЕНОК, Андрей Егорович.",,,
10913,Затяжной дождь: Стихи.,"ВЛАСЕНКО, Виктор Михайлович.",,,
10914,Затяжной прыжок: [Стихи].,"БА-ЛИН, Александр.",,,
10915,Затяжной прыжок: Стихи.,СУСЛОВ,,,
10916,Затянувшаяся командировка: Пьеса в 3-х д.,"ВАСИЛЬЕВ, Аркадий Николаевич.",,,
10917,Затянувшаяся развязка.,"ОРЕНБУРГ, Илья Григорьевич.",,,
10918,Заумь.,"КРУЧЕНЫХ, Алексей Елисеевич.",,,
10919,Зауралье мое: Стихи.,"ПЛЯХИН, Алексей Михайлович.",,,
10920,Зауральские рассказы.,"ИНФАН-ТЬЕВ, Порфирий Павлович.",,,
10921,Зауров родник: Рассказы.,"БЕСА-ЕВ, Тазрет Урусбиевич.",,,
10922,Зауряд-полк: Роман.,"СЕРГЕЕВ-ЦЕНСКИЙ, Сергей Николаевич.",,,
10923,Зауряд-прапорщик: Рассказ из русско-японской войны.,"ЧЕССКИЙ, Петр Федорович.",,,
10924,Заурядная легенда: Роман.,"ЮФЕРЕВ, Дмитрий Владимирович.",,,
10925,Заурядное лето: Повесть.,"КВИ-ЦИНИА, Алексей Михайлович.",,,
10926,Зафар и Захра: Поэма.,АЙБЕК.,,,
10927,Захар Беркут: Картина общественной жизни Карпатской Руси XIII века.,"ФРАНКО, Иван Яковлевич.",,,
10928,Захарка: [Повесть].,"ВАГНЕР, Лев Арнольдович. ",,Последний день Помпеи...,
10929,Захарка: [Рассказ].,"ПОЛИКАРПОВ, М.",,,
10930,Захарка-стремянный: Историческая повесть. В 2-х ч.,"ЗАРИН, Андрей Ефимович.",,,
10931,Захарова смерть: Пьеса в 4-х д.,"НЕВЕРОВ, Александр.",,,
10932,Захват: Драма в 4-х д.,"СЕВЕР-ЦЕВ, Г. Т. (ПОЛИЛОВ, Георгий Тихонович).",,,
10933,Захолустье: [Повесть. Очерк]. (Загл. обл.).,"РОСТРОМ, Александра Леонтьевна (ТОЛСТАЯ, Александра Леонтьевна). ",Изо дня в день: Повесть; День Павла Егоровича: Очерк.,,
10934,Захолустье: Пьеса в 1-м акте.,"ПРАВДИЧ (ЛАУНИЦ, Людмила Степановна фон дер)",,,
10935,Захолустье: Рассказы.,"САХНОВ-СКИИ, Василий Григорьевич.",,,
10936,Захотели бабы — сделали по-своему: Рассказ.,"НЕВЕРОВ, Александр.",,,
10937,"Захочу—полюблю: Сборник новейших стихотворений, шуток и острот.","БАРАНЕНКОВ, Валентин Дмитриевич.",,,
10938,Захудалый род: Семейная хроника князей Протозановых. (Из записок княжны В. А.). В 2-х ч.,"ЛЕСКОВ, Николай Семенович.",,,
10939—10940,Зацветает лен: Стихи.,"ХВЕДАРОВИЧ, Микола.",,,
10941,Зацепка.,"ГОДЕНКО, Михаил Матвеевич.",,,
10942,Зачало Москвы и боярин Кучка: Историческая повесть.,"ДМИТРИЕВ, Дмитрий Савватеевич.",,,
10943,Зачарованная Десна.,"ДОВЖЕНКО, Александр Петрович.",,,
10944,Зачарованная долина: Охотничьи были.,"СОВА, Петр Петрович.",,,
10945,Зачарованные просеки:    Стихи.,"ДОКОЛИНА, Галина Павловна.",,,
10946,"Зачарованный ветряк: Трагедия-гимн людям, для которых не зря светило солнце.",СТЕЛЬМАХ,,,
10947,Зачарованный лес: Японская сказка.,"ИНФАНТЬЕВ, Порфирий Павлович.",,,
10948,Зачарованный трамвай: Стихи и поэма.,"БРАТУНЬ, Ростислав Андреевич.",,,
10949,Зачем?: [Повесть].,"КОЗЕКО, Евгения Ивановна.",,,
10950,Зачем?: Рассказ из польской революционной эпохи 30-х годов.,"ТОЛСТОЙ, Лев- Николаевич.",,,
10951,Зачем все это так?: Пьеса в 4-х д.,"АШАНИН, Александр Эдуардович.",,,
10952,"Зачем держать в секрете?: Лирика, сатира, частушки, песни.","ШВЕЦ, Илья Андреевич.",,,
10953,Зачем иные люди женятся: Комедия с куплетами в 1-м д.,"ГРИГОРЬЕВ, Петр Иванович.",,,
10954,"Зачем мы воюем с толстым буржуем и зачем нужен штык крестьянам, рабочим и всем трудящимся прочим: Сказка.",ДЯДЯ ЕМЕЛЯ (АРГО).,,,
10955,Зачем мы существуем?,КИРЕЕВ. ,,,
10956,Зачем спилили каштаны?: Рассказы.,"ГАНИНА, Майя Анатольевна.",,,
10957,Зачем так?: Рассказы.,"ГОЛОПУРИН, Терентий.",,,
10958,Зачем ты здесь?,"КНЯЗЕВ, Лев Николаевич.",,,
10959,Зачем это?: Рассказ.,"ЛАЩА-ГИН, Н.",,,
10960,Зачеркнутое прошлое.,"ДОМБРОВСКИЙ, Р.",,,
10961,Зачинатели: Стихи.,"КОТОМКИН, Валерий Александрович.",,,
10962,Зачислен навечно: О людях милиции.,"МИРОНОВ, Александр Евгеньевич.",,,
10963,Зачли: Рассказ из быта старой деревни.,КУРАКИН.,,,
10964,Заштатная республика: Роман.,"СЛЕТОВ, Петр.",,,
10965,Заштатные люди.,"КОЗЫРЕВ, Михаил Яковлевич.",,,
10966,Зашумят сады: Очерки.,"БАХШИЕВ, Миши Юсупович.",,,
10967,Защита: Стихотворения.,"ШЕФНЕР, Вадим Сергеевич.",,,
10968,«Защита 240»: Научно-фантастический роман.,"МЕЕРОВ, Александр Александрович.",,,
10969,Защита Огерсийма: Рассказ из чешской истории.,"НИРИТЦ, Густав.",,,
10970,Защитим хозяина!,"РАДОВ, Георгий.",,,
10971,Защитите женщину: Драма в 4-х д.,"ШЕВЧЕНКО, К. Н.",,,
10972,Защитник нашего неба: Рассказы.,"МЕРКУЛОВ, Андрей- Георгиевич.",,,
10973,Защитник угнетенных: Роман в 2-х ч.,"ПОНОМАРЕВ, Иван Николаевич.",,,
10974,Защитники Воронежа:     Очерк.,"СИДЕЛЬНИКОВ, Иван Васильевич.",,,
10975,Защитники Лиепаи: Документальный очерк.,"БЕЛЕВИТНЕВ, Роман Андреевич, ЛОСЬ А",,,
10976,Защитники Родины: Фронтовые очерки.,"ПЛОТКИН, Григорий Давыдович.",,,
10977,Защитницы Капитолия: Комедия в 3-х д.,"САРДУ, Викторьен.",,,
10978,Защитный цвет: (Военные рассказы).,"СМОЛЬЯНИНОВ, Иван Борисович.",,,
10979,Защитный цвет: [Рассказ].,"ЛЕБЕДЕВ, Вас. (Кумач) (ЛЕБЕДЕВ-КУ-МАЧ, Василий Иванович).",,,
10980,Защитный цвет: Роман.,"ТРИОЛЕ, Эльза.",,,
10981,"Защищайся, любовь!: Книга лирики.","КОТОВ, Владимир Петрович.",,,
10982,Заявление за две недели: Драматическая повесть в 2-х д.,"ВОЕВОДИН, Евгений Всеволодович.",,,
10983,Заяц: Оригинальная комедия-фарс в 3-х д.,"МЯСНИЦКИИ, Иван.",,,
10984,Заяц: [Рассказ].,"СЕРАФИМОВИЧ, Александр.",,,
10985,Заяц: [Рассказ].,"СКРЕБИЦКИИ, Георгий Алексеевич.",,,
10986,Заяц: Рассказ.,"ЮНОША, Клеменс.",,,
10987,Заяц: Рассказ. Из школьных воспоминаний.,"УЛЬЯНОВ, А. Н.",,,
10988,Заяц в некрологе: Басни и сатирические стихи.,"КАТКОВ, Николай Иванович.",,,
10989,Заяц на пенсии.,"АКУЛИНИН, Василий Иванович.",,,
10990,"Заячий ремиз: Наблюдения, опыты и приключения Оноприя Перегуда из Перегудов.",ЛЕСКОВ.,,,
10991,Зборов.,"ME ДЕК, Рудольф.",,,
10992,Зборовская битва: (Главы из романа «Переяславская рада»).,"РЫБАК, Натан Самойлович.",,,
10993,Званские виды на Волхове.,Имя авт. не установлено.,,,
10994,Званый вечер или Погоня за коммунистом: Комедия в 2-х д.,"ВЛАДИМИРОВ, В. Н.",,,
10995,Званый гость: Комедия в 1-м д.,"ПАГАТ, Г. (ПАГА, Анри).",,,
10996,Званый гость: Рассказы и повесть.,"БАЛАКИН, Геннадий Терентьевич.",,,
10997,Званый обед: (Ждут гостей). Миниатюра в 1-м д.,"САВЕЛЬЕВ-СЛУЦКИЙ, Лев Исаакович.",,,
10998,Звезда: Восточная сказка.,"ВЕРЕСАЕВ, В. В.",,,
10999,«Звезда»: Комедия в 4-х д.,"БАР, Герман.",,,
11000,Звезда: Новые стихи.,"БЕЛЫЙ, Андрей.",,,
11001,Звезда: Повесть.,"КАЗАКЕВИЧ, Эммануил Генрихович.",,,
11002,Звезда: [Рассказ].,ОЛЬГА Н. ,,,
11003,Звезда: Рассказ.,"УЭЛЬС, Г. (УЭЛЛС, Герберт Джордж).",,,
11004,Звезда: Рассказ севастопольца.,"МИТРОПОЛЬСКИЙ, Иван Иванович.",,,
11005,Звезда: [Рассказы].,"КОЛОСОВ, Михаил Макарович.",,,
11006,Звезда: Роман.,"ПОТАПЕНКО, Игнатий Николаевич.",,,
11007,Звезда Альбиона: Повесть.,"БОН-СЕР, А. Е.",,,
11008,Звезда Альфа: Повесть.,"ХОЛО-СТЕНКО, Степан Иванович.",,,
11009,Звезда Байконура: Стихи.,"ЩЕРБАКОВ, Анатолий Александрович.",,,
11010,Звезда в тумане: (Улугбек). Историческая повесть.,"ПАРНОВ, Еремей Иудович.",,,
11011,Звезда Вьетнама: (В двух шагах от экватора). Героическая драма в 2-х д.,"КУПРИЯНОВ, Иван Петрович.",,,
11012,Звезда Галимет: Роман.,"ДЖАГУ-ПОВ, Джамбулат Акимович.",,,
11013,Звезда героя: Очерк.,"ЗАРАХО-ВИЧ, Яков Абрамович.",,,
11014,Звезда Дагестана: Поэма.,"ГАМЗАТОВ, Расул Гамзатович.",,,
11015,Звезда Егорова: Документальная повесть.,"НЕЧАИ, Петр Евлампиевич.",,,
11016,Звезда — Земля: Стихи.,"НОВ-СКАЯ, Е.",,,
11017,Звезда и сердце: Роман.,"МАР-РИЭТ, Флоренс.",,,
11018,"Звезда и смерть Хоакина Мурьет-гы, чилийского разбойника, подло убитого в Калифорнии 23 июля 1853 года: Драматическая кантата.","НЕРУДА, Пабло.",,,
11019,Звезда Ивана: Повести и рассказы.,"КУДАШЕВ, Василий Михайлович.",,,
11020,Звезда Италии: Рассказ из жизни Рафаэля.,"ФЕЛИЧЕ, Арт. (ЯМЩИКОВА, Людмила Андреевна), АЛТАЕВ, Ал.",,,
11021,Звезда коммуны: Пьеса в 3-х д.,"ГИДОНИ, Григорий Иосифович.",,,
11022,Звезда Кэц; Голова профессора Доуэля; Вечный хлеб.,"БЕЛЯЕВ, Александр Романович.",,,
11023,Звезда любви: (Бианка Капелло). Драма в 4-х д.,БУРЕНИН,,,
11024,Звезда любви: [Стихи].,АНСОРИ. ,,,
11025,"Звезда любви, подарок прелестному полу.",ГР...В.,,,
11026,Звезда любви (1692—1695): Флорентийская новелла. В 2-х ч.,"СВЕТЛОВ, Валериан.",,,
11027,Звезда моего детства.,"УХСАИ, Яков Гаврилович.",,,
11028,Звезда моего поколения: Стихи.,"АЛЬБИРТ, Иосиф Матвеевич.",,,
11029,Звезда мореплавателя: (Магеллан). Историческая повесть.,"ТРАВИН-СКИИ, Владилен Михайлович.",,,
11030,Звезда моря: Роман.,"ЛОКК, Уильям Джон.",,,
11031,Звезда моя: Повесть.,"ТУХВАТУЛ-ЛИН, Рафаил Газизович.",,,
11032,Звезда на час: Комедия-водевиль в 3-х д.,"АРДОВ, Виктор.",,,
11033,Звезда над городом: Стихотворения.,"НИГМАТИ, Рашит.",,,
11034,Звезда над копром: (Поэма).,"ПОЛЕВОВ, Иван Иванович.",,,
11035,Звезда над поселком: Роман.,"ФАРБЕР, Александр Михайлович.",,,
11036,Звезда над рекой.,"ГИТОВИЧ, Александр Ильич.",,,
11037,Звезда над Сангалькой.,"АБУША-ЕВ, Хайдар Юсупович, ОСОКИН, Евгений Васильевич.",,,
11038,Звезда над Эльбрусом: Художественно-документальная повесть.,"МАЛЬСА-ГОВ, Ахмет Пшемахович.",,,
11039,Звезда нравственности: Комедия в 4-х д.,"ПРОТОПОПОВ, Виктор Викторович.",,,
11040,"Звезда отсчета: Книга стихов с гремя интродукциями, напечатанными в середине.","ЛЕМБЕРГ, Александр Миронович.",,,
11041,Звезда первой величины: Рассказы.,"МИХАИЛОВ, Михаил Исаакович.",,,
11042,Звезда победы: Повесть.,"СТАРИКОВ, Виктор Александрович.",,,
11043,Звезда поколений.,"АНДРЕЕВ, Александр Александрович.",,,
11044,Звезда полей: Стихи.,"РУБЦОВ, Николай Михайлович.",,,
11045,Звезда полусвета: Роман.,"ФОРМОЙ, Максим.",,,
11045а,Звезда поэта: (Рассказ); Отец Василий: (Рассказ).,"МАЕВСКИЙ, Борис С.",,,
11046,Звезда ф [пси] Кассиопеи: Фантастическое описание одного из миров в небесных пространствах. Ч. 1.,"ДЕФОНТЕ-НЕ, Шарль.",,,
11047,Звезда с востока: Старинная легенда.,"ЧЕРСКИЙ, Леонид Федорович.",,,
11048,Звезда с неба.,"ЛИХОДЕЕВ, Леонид.",,,
11049,Звезда свободы или 19-е февраля 1861 года.,"ЩЕШИНСКИЙ, Эдуард И.",,,
11050,"Звезда, сгоревшая в ночи: Стихи и письма Георгия Суворова. Воспоминания.","СУВОРОВ, Георгий Кузьмич. ",Соколиная песня.,,
11051,Звезда Севильи: Драма.,"ЛОПЕ ДЕ ВЕГА, Феликс.",,,
11052,Звезда советская: Стихи.,"ТАТЬЯ-НИЧЕВА, Людмила Константиновна.",,,
11053,Звезда счастья: Повесть.,"УЧВА-ТОВ, Николай Иванович.",,,
11054,Звезда счастья: Поэма.,"ВАЛЬ-СЮНЕНЕ, Валерия Юлюсовна.",,,
11055,Звезда счастья: [Рассказ].,"ЛИСОВСКИЙ, Казимир Леонидович.",,,
11056,Звезда утренняя.,"ВОЛКОВ, Константин Сергеевич.",,,
11057,Звезда Фарида: Повесть.,"ЯКИМОВ, Григорий Васильевич.",,,
11058,Звезда футбола: Водевиль.,"СО-ЛОДАРЬ, Цезарь Самойлович.",,,
11059,Звезда шахтера: Стихи.,"ГОЛЬДБЕРГ, Александр Яковлевич.",,,
11060,Звезда экрана: Комедия в 3-х д.,РАСКИН,,,
11061,Звездам — гореть!: Избранная лирика.,"КУЛИЕВ, Кайсын Шуваевич.",,,
11062,Звездам и камням: Стихотворения.,"ЛУЧАНСКИИ, П.",,,
11063,Звездам не спится: Стихи.,"ГРИГОРЬЕВА, Надежда Адольфовна.",,,
11064,Звездная вахта.,"АЗАРОВ, Всеволод Борисович.",,,
11065,Звездная дорога: Повесть.,"ЛАРИОНОВА, Клара.",,,
11066,Звездная дорога: Стихи.,"ОСТРЕЙ-КА, Анатоль (АСТРЕИКО, Анатоль).",,,
11067,Звездная дорога: Стихи.,"ПРИЦ-КЕР, Лев Петрович.",,,
11068,Звездная история:    Рассказы.,МЯСНИКОВ,,,
11069,Звездная капель: Стихи.,"ВОРОНИН, Леонид Акимович.",,,
11070,Звездная крепость.,"ДОНЧЕНКО, Александр Васильевич (ДОНЧЕНКО, Олесь Васильевич).",,,
11071,Звездная река.,"ДОМРИН, Владимир Викторович.",,,
11072,Звездная россыпь: Повесть.,"ШИ-ПУЛИН, Николай Георгиевич.",,,
11073,Звездная столица: Записки и воспоминания современника.,"КАРАВАЕВА, Анна Александровна.",,,
11074,Звездная тетрадь: Стихи.,"ПОПОВА, Людмила Михайловна.",,,
11075,Звездное озеро: Повести и рассказы.,"АРТАМОНОВ, Юрий Михайлович.",,,
11076,Звездное поле: Очерки и зарисовки.,МОРОЗОВ.,,,
11077,Звездное тяготение.,"ГОРБАЧЕВ, Николай Андреевич.",,,
11078,Звездные берега.,"ПАНКРАТОВ, Сергей.",,,
11079,"Звездные годы: Стихи, поэма.","ИБРАГИМ, Еркеш.",,,
11080,Звездные голоса: Пьеса для театров юного зрителя о юности К. Э. Циолковского.,"ВОДОЛАЗОВ, Леонид Григорьевич.",,,
11081,Звездные дневники Ийона Тихого: Рассказы.,"ЛЕМ, Станислав.",,,
11082,Звездные залпы: Повесть.,"ХАЗОВ, Николай Иванович.",,,
11083,Звездные корабли: Научно-фантастическая повесть.,"ЕФРЕМОВ, Иван Антонович.",,,
11084,Звездные крылья: Приключенческий роман.,"СОБКО, Вадим Николаевич.",,,
11085,Звездные ливни: Стихи.,"СКВОРЦОВ, Александр Васильевич.",,,
11086,Звездные ночи: Лирические сцены.,"ТУМАНОВСКАЯ, Ирина Павловна.",,,
11087,Звездные песни.,"МОРОЗОВ, Николай Александрович.",,,
11088,Звездные пикеты.,"БУЧНЕВА, Фатима Шумафовна.",,,
11089,Звездные сонеты.,"ВЫШЕСЛАВ-СКИИ, Леонид Николаевич.",,,
11090,Звездные шлемы: Кавалерийские рассказы.,"ЛАРИОНОВ, Николай Васильевич.",,,
11091,Звездный бумеранг: Научно-фантастический роман.,"ВОЛГИН, Сергей.",,,
11092,Звездный век: Стихи.,"ОНАНЯН, Глан Арменакович.",,,
11093,Звездный возраст: Стихи.,"РЫС-КУЛОВ, Рамис.",,,
11094,Звездный возраст: Стихи.,"СОКОЛ, Владимир.",,,
11095,Звездный год.,"БЕРШАДСКИЙ, Виктор Арнольдович.",,,
11096,Звездный гонец: Стихи.,"МЕРЕЖ-НИКОВ, Николай Яковлевич.",,,
11097,Звездный дневник: Стихи.,"ДУБЯ ГО, Юлия Владимировна.",,,
11098,Звездный дождь: Стихи.,"ПАНЮШКИН, Сергей Порфирьевич.",,,
11099,Звездный дождь: Стихи.,"СМИРНОВ, Дмитрий Артемьевич.",,,
11100,Звездный дождь: Стихи и поэма.,"ЕФИМОВ, Моисей Дмитриевич.",,,
11101,Звездный дождь: Стихи 1920— 1922 гг.,"ЗЕЛЕНЕЦКИЙ, Сергей.",,,
11102,Звездный камень.,"МАРКИН, Евгений Федорович.",,,
11103,Звездный класс.,"ВИКТОРОВ, Виктор Яковлевич.",,,
11104,Звездный корабль: Стихи.,"ГАНИН, Алексей Алексеевич.",,,
11105,Звездный манифест.,"ЯРОСЛАВСКИЙ, Александр Борисович.",,,
11106,Звездный патруль: Легенда завершенных дней.,"НИКОЛАЕВ, Вадим (НЕКРАСОВ, Вадим Николаевич).",,,
11107,Звездный пробег: Рассказы.,"БОГДАНОВ, Николай Владимирович.",,,
11108,Звездный пробег: [Стихи].,"РУ-ДЕРМАН, Михаил Исаакович.",,,
11109,Звездный пролог: Стихи.,"БОРИСКИН, Николай Митрофанович.",,,
11110,Звездный путь: [Рассказы].,"ГОРДИН, Владимир Николаевич.",,,
11111,Звездный путь: Стихи.,"ХАРКЕ-ВИЧ, Александр Петрович.",,,
11112,"Звездный путь: Стихи, рассказы, пьесы.","ПЕТРОВ, Николай Петрович.",,,
11113,Звездный рейс: Фантастическая музыкальная комедия в 3-х актах с прологом и эпилогом.,"ГРИН, Матвей, КУКСО, Леонид Георгиевич.",,,
11114,Звездный сад: Стихи.,"ЕГОРОВ, Константин Яковлевич.",,,
11115,Звездный сбор: (На полях маневров).,"КАЛНЫНЬ, Ян Антонович.",,,
11116,Звездный час: Книга новых стихов.,"БЕЛИНСКИЙ, Яков Львович.",,,
11117,Звездный час: Стихи.,"КОРШАК, Григорий Васильевич.",,,
11118,Звездный час: Стихи.,"ЛЮБО-ВИКОВ, Овидий Михайлович.",,,
11119,Звездный час: Стихи и поэмы.,"АЛЬВЕР, Бетти.",,,
11120,Звездный человек.,"ПОЛЕЩУК, Александр Лазаревич.",,,
11121,Звездный этюд: Поэма.,"СМЫШЛЯЕВ, Юрий Михайлович.",,,
11122,Звездоносцы.,"КОЛЬЦОВ, Михаил.",,,
11123,Звездоокая: Повести и рассказы.,"АЗИМОВ, Сарвар Алимджанович.",,,
11124,Звездопад: Лирика.,"НОВИКОВ, Николай Георгиевич.",,,
11125,Звездопад: Повести и рассказы.,"АСТАФЬЕВ, Виктор Петрович.",,,
11126,Звездопад: [Роман].,"ИОСЕЛИАНИ, Отиа Шалвович.",,,
11127,Звездопад: Роман.,"СИЛЬВАШИ, Лайош.",,,
11128,Звездопад: Сборник стихов.,"ЛУКЬЯНОВ, Николай Андреевич.",,,
11129,Звездопад: Стихи.,"КРУТЕЦКИИ, Виктор Алексеевич.",,,
11130,Звездопад: [Стихи].,"НОСИКОВ, Сергей Васильевич.",,,
11131,Звездопад: Стихи и лирические этюды.,"МИРОШНИКОВ, Иван Николаевич",,,
11132,Звездопад: Стихи и поэмы.,"ФЛЕРОВ, Николай Григорьевич.",,,
11133,"Звездопад: Стихи, песни.","ПАЛЬ-КИН, Николай Егорович.",,,
11134,Звездоплаватели: Научно-фантастический роман.,"МАРТЫНОВ, Георгий Сергеевич.",,,
11135,Звездопроходцы: Стихи.,"ВЕКШЕ-ГОНОВА, Идея Васильевна.",,,
11136,Звездочет: Поэма.,"ЩИПАЧЕВ, Степан Петрович.",,,
11137,Звездочет: Рассказы и повесть.,"ВАСЮТИНА, Евгения Константиновна.",,,
11138,Звездочет: [Стихи].,"БЕЛЯЕВ, Адольф Иванович.",,,
11139,Звездочет: Стихи.,"СЕРГЕЕВ, Марк.",,,
11140,Звездочеты: Роман.,"МАРЧЕНКО, Анатолий Тимофеевич.",,,
11141,Звездочка: Повесть.,"ВАСИЛЕНКО, Иван Дмитриевич.",,,
11142,Звездочка: [Повесть].,"ТУР, Евгения.",,,
11143,Звездочка:  Разные сочинения. В 2-х ч.,"ВАНЕНКО, Иван (БАШМАКОВ, Иван Иванович).",,,
11144,Звездочка: Рассказ.,"ЛУКАШЕВИЧ, Клавдия.",,,
11145,Звездочка: Рассказы.,"АЛЕКСАНДРОВ, Виктор Евгеньевич.",,,
11146,Звездочка:  Рассказы учителя.,"ДОБРОНРАВОВ, Николай Евгеньевич.",,,
11147,"Звездочка: Сборник рассказов, очерков и стихотворений.","РУССКИЙ ЭДИССОН (ГОРИН, Ефим Евграфович).",,,
11148,Звездочка: [Стихи].,"КОШКАРОВ, Сергей Николаевич.",,,
11149,Звездочка загорается: Повесть и рассказы.,"ШИПКО, Леонид Максимович.",,,
11150,Звездочка зажглась: Эскиз.,"ЮЖНЫЙ, А. (ЛИХТЕРМАН, Александр Николаевич) .",,,
11151,Звездочкам земли: Рассказы для детей.,"ВЕБЕРГ (БЕРГ, Владимир Владимирович фон).",,,
11152,Звездочки: Повести и рассказы.,"РОСТОВСКАЯ, Мария Федоровна.",,,
11153,Звездочки: Рождественские рассказы.,"ЖЕЛИХОВСКАЯ, Вера Петровна.",,,
11154,Звездочки южные: Комедия в 2-х д.,"БУРЛАК, Николай Григорьевич, ПЛАХТИН, Иван Алексеевич.",,,
11155,Звезды: Драма в 5-ти д.,"БУБНОВА, Елизавета Дмитриевна (ЛУТСКАЯ-БУБНОВА, Елизавета Дмитриевна).",,,
11156,Звезды; Легенда о человеке с золотым мозгом: [Рассказы].,"ДОДЭ, Альфонс (ДОДЕ, Альфонс).",,,
11157,Звезды: (Мерцания юности). [Стихи].,"ВИЛЕНСКИЙ, Илья.",,,
11158,Звезды:  Повесть.     Рассказы. Е.,ЦЗЫ.,,,
11159,Звезды: Рассказы.,"РОМАНОВ, Пантелеймон Сергеевич.",,,
11160,Звезды:  Рассказы.,"ТИМКОВ- СКИИ, Николай Иванович.",,,
11161,Звезды: Роман в стихах.,"ХАЛИЛ, Зейнал.",,,
11162,Звезды: Стихи.,"ТАРБА, Иван Константинович.",,,
11163,Звезды: Стихи и поэмы.,"АКАЕВ, Кубаныч.",,,
11164,"Звезды: (Те, кто ночей не спит). Роман из жизни современной Индии.","ВАФА, Ахмет Эс-Хабиб.",,,
11165,Звезды: Фантастическая картина для детского театра.,"СЕЛИВАНОВА, Е. Н.",,,
11166,Звезды в горах: Повесть.,"СТАРЦЕВ, Василий Васильевич.",,,
11167,Звезды в кронах: Книга стихов.,"ШУТОВ, Михаил Георгиевич.",,,
11168,Звезды в ночи:       Рассказы.,"ЕМЕЛЬЯНОВ, Алексей Тимофеевич.",,,
11169,Звезды в полдень: Повесть.,"АРДАМАТСКИЙ, Василий Иванович.",,,
11170,Звезды в полночь: Роман.,"МАКСИМОВ, Георгий Михайлович.",,,
11171,"Звезды в пути: Документальная повесть, рассказы, очерки.","ИЩЕНКО, Николай Григорьевич.",,,
11172,Звезды в сентябре; Чистые камушки; Теплый дождь: Повести.,"ЛИХАНОВ, Альберт.",,,
11173,"Звезды в снегу: Стихи, песни, поэмы.","РЕГИСТАН, Гарольд.",,,
11174,Звезды в темнице: Повести.,"ШАРИПОВ, Ади (ШАРИПОВ, Адий Шари-пович).",,,
11175,Звезды в тополях: Стихи.,"ВА-РАВВА, Иван Федорович.",,,
11176,Звезды в траве: Сто стихотворений.,"ГРУДЕВ, Игорь Тимофеевич",,,
11177,Звезды делает человек: Стихи.,"ПЕРОВСКИЙ, Николай Михайлович.",,,
11178,Звезды для лейтенанта: Пьеса в 2-х д.,"ВОЛОДАРСКИЙ, Эдуард Яковлевич.",,,
11179,Звезды зовут: Повесть о детстве и юности космонавта Андрияна Николаева.,"ЮХМА, Михаил.",,,
11180,Звезды зовут: Поэма.,"АНТОНОВ, Валерий Александрович.",,,
11181,Звезды зреют на яблонях: Очерки и рассказы.,"ГОРОБОВА, Александра Львовна.",,,
11182,"Звезды и камни: Стихи, 1963— 1970 гг.","ЕВСТИФЕЕВ, Николай Афанасьевич.",,,
11183,Звезды и лотосы: Книга стихов.,"НЕВСКИЙ, Леонид.",,,
11184,Звезды и море: Три стихотворения. А.,Д***,,,
11185,Звезды Мингечаура: Стихи.,"ДЖАМИЛЬ, Ахмед.",,,
11186,Звезды мудрого Бируни: Историческая повесть.,"МОИСЕЕВА, Клара Моисеевна.",,,
11187,Звезды на касках: Стихи.,"ГОРДИЕНКО, Юрий Петрович.",,,
11188,Звезды на касках: Стихи.,"РАДЧЕНКО, Алексей Прокофьевич.",,,
11189,Звезды на траве: Стихи.,"МАРТЫНОВ, Николай Иванович.",,,
11190,Звезды на холмах: Книга стихов.,"КАУРОВ, Борис Андреевич.",,,
11191,Звезды над Бруствером.,"РЕПИН, Борис Петрович.",,,
11192,Звезды над Верховиной: Повесть.,"ТУРЧИНСКАЯ, Агата Федоровна.",,,
11193,Звезды над Волгой: Стихи.,"КУЗНЕЦОВ, Сергей Иванович.",,,
11194,Звезды над волнами: Стихи.,"КРИ-ВАНЧИКОВ, Николай Григорьевич.",,,
11195,Звезды над Камой: Документальная повесть.,"БЕЛОВ, Роберт Петрович.",,,
11196,Звезды над крышей: [Рассказы].,"ШЕСТИНСКИИ, Олег Николаевич.",,,
11197,Звезды над крышей: Стихи.,"ВЫСОТСКАЯ, Ольга Ивановна.",,,
11198,Звезды над морем: Повесть.,"КИЛЬДЮШЕВ, Александр Васильевич.",,,
11199,Звезды над морем: Рассказы и повести.,"СЕВЕРОВ, Петр.",,,
11200,Звезды над морем: Стихи. 1953— 1957.,"ДЕМЬЯНОВ, Иван Иванович.",,,
11201,Звезды над ракетами: Стихи.,"ЗАХАРОВ, Яков Иванович.",,,
11202,Звезды над садом: Повесть.,"ГРАНИН, Юрий.",,,
11203,Звезды над Самаркандом: Трилогия.,"БОРОДИН, Сергей Петрович.",,,
11204,Звезды над селом: Повести.,"ЖУРАВЛЕВ, Тихон Кононович.",,,
11205,Звезды над Табором: Роман.,"СА-ДАИ, Владимир.",,,
11206,Звезды над туманом.,"ЛАГЗ-ДЫНЬ, Виктор Оттович.",,,
11207,Звезды не гаснут: Повесть и рассказы.,"БАБАЕВ, Нуреддин Гасан оглы.",,,
11208,Звезды не гаснут: Полевая тетрадь.,"КУЗНЕЦОВ, Вячеслав Николаевич.",,,
11209,Звезды не гаснут: Рассказы.,"ПА-УШКИН, Геннадий Александрович.",,,
11210,Звезды не гаснут: Стихи.,"ЧАРИ-НОВ, Муэтдин Магомедович.",,,
11211,Звезды не меркнут: Повесть.,"КА-МЯНСКИИ, Василий Кириллович.",,,
11212,Звезды не меркнут: Повесть.,"РЫБКО, Никифор Леонтьевич.",,,
11213,Звезды не могут погаснуть: Из неизданного.,"РОМАШОВ, Борис Сергеевич.",,,
11214,Звезды не на экране.,"ГОЛУБ, Алексей Борисович.",,,
11215,"Звезды неба, волны моря: Стихотворения.","МАРТАКОВ, Александр В.",,,
11216,Звезды нужны живым: Повести. Рассказы.,"НИКУЛИН, Михаил Андреевич.",,,
11217,Звезды остаются: Роман.,"ВОЕВОДИН, Евгений Всеволодович, ТАЛУН-ТИС, Эдуард Ромуальдович.",,,
11218,Звезды падают в августе.,"СИЗО-НЕНКО, Александр Александрович.",,,
11219,Звезды Полярного круга: Стихотворения.,"ОЛЬХОН, Анатолий.",,,
11220,Звезды России: Стихи и поэмы.,"ФЕДОРОВ, Владимир Иванович.",,,
11221,Звезды рядом: Стихи.,"СЫНГАЕВ-СКИЙ, Петр Федорович.",,,
11222,Звезды светят в пути: Стихи.,"ОЗЕРНЫЙ, Борис.",,,
11223,Звезды смотрят вниз.,"КРОНИН, Арчибальд Джозеф.",,,
11224,Звезды счастья.,"ХАППАЛАЕВ, Юсуп Рамазанович.",,,
11225,Звезды улыбаются.,"ЭЛЬГАР, Ка-шиф.",,,
11226,Звезды чужой стороны: Роман.,"КВИН, Лев Израилевич.",,,
11227,Звезды шумят: Стихи.,"ОБРАЗЦОВА, Наталья Владимировна.",,,
11228,Звезды Эгера: Роман.,ГАРДОНИ,,,
11229,Звездь: Стихи.,"КАРПОВ, Пимен Иванович.",,,
11230,Звенел булат: Документальная повесть.,"ИБРАГИМОВА, Марьям Ибрагимовна.",,,
11231,"Звени, звонок!: Повесть.","ШЕСТЕРИКОВ, Петр Павлович.",,,
11232,"Звени, капель!: Стихи.","ЗОНЕН-КО, Иван Трофимович.",,,
11233,"Звени, комуз!","ШУКУРБЕКОВ, Райкан.",,,
11234,"Звени, моя песня!: Сборник стихов.","ТУЛА, Тураб.",,,
11235,"Звени, тар...","МАМЕДЗАДЕ, Сия-вуш Имран Оглы.",,,
11236,Звенигора: Роман.,"ШУТОВ, Иван Никитич. ",Звенигорское солнце.,,
11237,Звенигорское солнце: Роман.,"ШУТОВ, Иван Никитич.",,,
11238,Звенит июнь: Стихи.,"САКОВИЧ, Юрий Иванович.",,,
11239,Звенит колокольчик.,"ГОРБУНОВ, Михаил Николаевич.",,,
11240,Звенит Чинара.,"ДАРЧИЕВ, Давид Гаврилович.",,,
11241,"Звените, свадьбы!","ИВАНОВ, Григорий Фролович.",,,
11242,Звено: Стихи.,"КУНЯЕВ, Станислав Юрьевич.",,,
11243,Звено: Стихи.,"ШИРШОВ, Борис Валентинович.",,,
11244,Звено: Стихи. Поэма.,"БОГДАНОВ, Вячеслав Алексеевич.",,,
11245,Звено Ляли Козловой.,"ПУШКАРЕВ, Глеб Михайлович.",,,
11246,Звено отважных: Поэма.,"ГАЛКИН, Лев Абрамович.",,,
11247,Звено принимает решение: Рассказы.,"ВОРОБЬЕВ, Владимир Иванович.",,,
11248,Звеньевая Марэ: Повесть.,"РАМ-МО, Хелью Алидевна.",,,
11249,Звенья: Избранное.,"ЧЕРНЫЙ, Карп Григорьевич.",,,
11250,Звенья: Избранные стихи. 1890— 1912.,"БАЛЬМОНТ, Константин Дмитриевич.",,,
11251,Звенья: Рассказ.,"ОРЖЕШКО, Элиза (ОЖЕШКО, Элиза).",,,
11252,Звенья: Рассказы.,"ТИХОПЛЕСЕЦ, Михаил (ЛОГИНОВ, Михаил Андреевич).",,,
11253,Звенья: Роман.,"БАРБЮС, Анри. ",Звенья цепи.,,
11254,Звенья: [Стихи].,"БЕЛИЧЕНКО, Юрий Николаевич.",,,
11255,Звенья: Стихи.,"БРАУН, Николай Леопольдович.",,,
11256,Звенья: [Стихи].,"ПРОКОФЬЕВ, Александр Андреевич.",,,
11257,Звенья: [Стихи].,"СИММЕН, Николай Яковлевич.",,,
11258,Звенья  времени.,АДРИАНОВ. ,,,
11259,Звенья добра: Книга рассказов.,"ЛИБРОВИЧ, Сигизмунд Феликсович.",,,
11260,Звенья жизни: Стихи и поэма.,"ГАСКО, Мечислав Эдмундович.",,,
11261,Звенья памяти: Портреты и зарисовки.,"ДЫМШИЦ, Александр Львович.",,,
11262,Звенья цепи: Роман.,Б АРБЮС,,,
11263,Звенят ручьи.,"ВОРОНИН, Сергей Алексеевич.",,,
11264,Звенят стремена: Стихи.,"ЖАЛСА-РАЕВ, Дамба Зодбич.",,,
11265,Звенящая волна.,"ЗОЛОТОТРУ-БОВ, Александр Михайлович.",,,
11266,Звенящая падь.,"БОТВИННИК, Иван Парфенович.",,,
11267,Звенящий родник: Стихи.,"ЧИКО-ВАНИ, Симон Иванович.",,,
11268,Звенящий хрусталь: Стихи.,"РЯЗАНОВ, Николай.",,,
11269,Звенящия слезы: Стихи.,"СКОРБНЫЙ, Андрей (СМИРЕНСКИЙ, Владимир Викторович).",,,
11270,Зверенок: Драма в 4-х д.,"ГАРИН, Сергей.",,,
11271,Звери...: Драматический этюд из октябрьских дней.,"МЕШЕРЯКОВ, Тимофей Степанович.",,,
11272,Звери в неволе:    [Рассказы].,"ФЛЕЙРОН, Свен.",,,
11273,Звери в неволе: Рассказы из жизни животных.,"РОБЕРТС, Чарльз.",,,
11274,Звери в пещере.,"ГЕРШЕНЗОН, Михаил Абрамович.",,,
11275,Звери в плену: Невыдуманные истории.,"МАЛЫШЕВ, Алексей Александрович.",,,
11276,Звери дедушки Дурова: Кн. 1—2.,"ДУРОВ, Владимир Леонидович.",,,
11277,Звери и птицы: Рассказ.,"РАГО-ЗА, Н.",,,
11278,Звери на улице.,"ЕФЕТОВ, Марк Семенович (ЕФЕТОВ, Марк Симович).",,,
11279,"Звери, населяющие киевские леса или Польские звери в русских лесах: Сказка для взрослых.","ЛУТКОВСКИЙ, М. В.",,,
11280,Звери-путешественники: Повесть.,"ЯНЫГИН, Иннокентий Романович.",,,
11281,Звери-путешественники: Рассказы.,"ЗВЕРЕВ, Максим Дмитриевич, ПАНЮ-КОВ, Владимир Алексеевич.",,,
11282,Звериада: Сказка-поэма из русского животного эпоса.,"МОЖАРОВСКИЙ, Александр Федорович.",,,
11283,Зверилы: Рассказ.,"БЫСТРОВ, Семен Федорович.",,,
11284,Звериная кровь: Рассказ.,"МОРДВИНОВ, Исаакий Петрович.",,,
11285,Зверинец: Новые рассказы.,"КАМЕНСКИЙ, Анатолий Павлович.",,,
11286,Зверинец: Повесть.,"ПУЧКОВ, Александр Ильич.",,,
11287,Зверинец: [Стихи].,"ПАСТЕРНАК, Борис Леонидович.",,,
11288,Звериное тепло.,"ЭРЕНБУРГ, Илья Григорьевич.",,,
11289,Звериной тропой.,"ВЕТЛУГИН, Сергей. ",,Ферро-цинк...,
11290,Звериные малыши: Рассказы.,"РОБЕРТС, Чарльз.",,,
11291,Звериный бюджет; Свинская конституция; История одной конфискации.,"ФРАНКО, Иван Яковлевич.",,,
11292,Звериный кооператив.,"ЧУКОВСКИЙ, Николай Корнеевич.",,,
11293,Звериный лик: Рассказы.,"ГАС-СЕЛЬБЛАТ, Анатолий.",,,
11294,Зверобои залива Мелвилла: Повесть.,"ФРЕЙХЕН, Петер.",,,
11295,Зверобой или Война белых с краснокожими индейцами в Америке.,"КУПЕР, Джеймс Фенимор. ",Гроза оленей.,,
11296,Зверолов:   Рассказ.,"КУПЕР, Джеймс Фенимор.",,,
11297,Зверское насилие отца над дочерью: Рассказ.,М. ,,,
11298,Зверь:  [Рассказ].,"КОХАНОВ- СКИЙ, Владислав Дмитриевич.",,,
11299,Зверь: Рассказ.,"ЛЕСКОВ, Николай Семенович.",,,
11300,Зверь в колодце: По калмыцкой сказке.,"НОВОСПАССКИЙ, Константин Михайлович.",,,
11301,Зверь в человеке: (Глухонемая).,"КИПИАНИ, Леван Д.",,,
11302,Зверь дяди Бельома: Новеллы.,"МОПАССАН, Ги де. ",Зверь мэтра Бельома; Зверь кума Белома.,,
11303,Зверь из бездны: Повесть.,"ЛОНДОН, Джек.",,,
11304,Зверь проснулся: Драма в 1-м д.,"ВИКТОРОВ, Михаил (ДАНДЕВИЛЬ, Михаил Викторович), ЛЕОНИДОВ, Л. (ЛЕОНТЬЕВ, Лев Абрамович).",,,
11305,Зверь-человек:   Юмористическая трагедия в 1-м д.,"ШУХМИН, Христофор Алексеевич.",,,
11306,Зверьки в чистом поле и птички на воле: Стихотворения.,"ГОФМАН, Генрих.",,,
11307,Зверюга.,"ФАБРИЦИУС (КИСЕЛЕВА, Валентина Владимировна).",,,
11308,Зверята и ребята: Рассказы.,"ПЕРОВСКАЯ, Ольга Васильевна. ",Ребята и зверята.,,
11309,Звон: Из деревенской жизни в 1-м акте.,"МАЙКОВ, Владимир Аполлонович.",,,
11310,Звон капели: Рассказы.,"СУРЕЕВ, Петр Алексеевич.",,,
11311,Звон караванного колокольчика.,"ИКБАЛ, Мухаммад.",,,
11312,Звон колосьев: Стихи.,"БОГДАНОВ, Вячеслав Алексеевич.",,,
11313,Звон копыт.,"ЕФИМОВ, Моисей Дмитриевич.",,,
11314,Звон наковальни: Стихи и поэма.,"БЛАГОВ, Николай Николаевич.",,,
11315,Звон Ольхи: Избранное.,"ТИТОВ, Николай Ильич.",,,
11316,Звон солнца: Стихи и поэмы.,"АЛЕКСАНДРОВСКИЙ, Василий Дмитриевич.",,,
11317,Звонарь: Повесть.,"ПАРПУРА, П.",,,
11318,Звонарь: Рассказы.,"КОНДУРУШ-КИН, Степан Семенович.",,,
11319,Звонарь: Роман.,"РОДЕНБАХ, Жорж.",,,
11320,Звонарь Реймского собора: Лирико-драматическая поэма.,"СТРЕМИН, Ми-лий (ПРОСКУРНИН, Сергей Михайлович).",,,
11321,Звони поэту: Стихи.,"ЧЕРКАСОВ, Виктор Иванович.",,,
11322,Звоните и приезжайте!: Пьеса в 2-х д.,"АЛЕКСИН, Анатолий Георгиевич.",,,
11323,Звонкая кровь.,"САДОФЬЕВ, Илья Иванович.",,,
11324,"Звонки: Стихи, песни, игры.","ЖАК, Вениамин Константинович.",,,
11325,Звонкий ключ: Драма в 5-ти д.,"БЕРЕСТИНСКИИ, Михаил Исаакович, ФИБИХ, Даниил Владимирович.",,,
11326,Звонкий месяц апрель: Две повести.,"ОСТРОВСКИЙ, Андрей Львович.",,,
11327,Звонкий ручеек: Рассказы.,"БИЛЬ-ДУШКИНОВ, Виссарион Саввич.",,,
11328,Звонкое дело: Очерки.,"ЕРМАКОВ, Иван Михайлович.",,,
11329,Звонкое русло.,"ГУСЕЙНОВ, Гусейн.",,,
11330,Звонкое чудо.,"АРБАТ, Юрий.",,,
11331,"Звонок: Сборник сатирических, комических и драматических сцен, монологов, поэм, драм, комедий, водевилей, куплетов, шансонеток и прочих сочинений в стихах и прозе. Ч. I.","АЛЕКСАНДРОВ, Дмитрий Александрович.",,,
11332,Звонок в пустую квартиру: Комедия в 3-х д.,"УГРЮМОВ, Дмитрий Борисович.",,,
11333,Звонок из 1930 года: Повесть в семи вопросах и семи ответах.,"НАРИНЬЯ-НИ, Семен Давыдович.",,,
11334,"Звонок под окном: Житейские рассказы сапожника, дорожного мастера, лодочника, обер-монтера, дворника, девочки, лейтенанта, а также замечания легкомысленного человека по многим поводам.","ЗА-КАЛЮКИН, Ив.",,,
11335,Звонче жаворонка пенье...: Лирика.,"ТОЛСТОЙ, Алексей Константинович.",,,
11336,Звук и стон: Песни.,"ЕВСЕЕВ, К. Ф.",,,
11337,Звук свирели: Повести.,"ГУСЕЙНОВ, Иса Мустафа оглы.",,,
11338,Звуки: Психологический этюд-монолог.,"АЛЕКСАНДРОВ, Иван Николаевич. ",,Доктор Иванов...,
11339,Звуки: Сборник юмористических рассказов.,"БАРАНЦЕВИЧ, Казимир Станиславович.",,,
11340,Звуки: [Стихотворения].,"ДОЛГОРУКИЙ, Дмитрий Иванович.",,,
11341,"Звуки: Стихотворения, 1890—1900.","ДРОЖЖИН, И. М.",,,
11342,Звуки былого.,"Н-ИН, В.",,,
11343,Звуки весны: Рассказы охотника.,"СОКОЛОВ-МИКИТОВ, Иван Сергеевич.",,,
11344,Звуки войны:     Стихотворения 1915 года.,"ЦЫГАНОК-ТЕМРЮКСКИИ, Семен (ТЕМРЮКСКИЙ, Семен).",,,
11345,Звуки жизни: 1-я книга стихов.,"ИКОННИКОВ, И. Д. Загл. ",,,
11346,Звуки жизни: [Рассказы].,"ЛУРЬЕ, Осип Давидович.",,,
11347,Звуки жизни: Стихотворения.,"ЦЫГАНОВ, Михаил Абрамович.",,,
11348,Звуки земли: Стихи.,"КУЛАГИН, Владимир Александрович.",,,
11349,Звуки лиры: Стихотворения.,"ПРОЗОРОВСКИЙ, И. В.",,,
11350,Звуки минувшего: Стихотворения.,"ЭЛЛИС, Г. А.",,,
11351,Звуки молодости: Стихотворения.,"ХРОНУСОВ, Гурий.",,,
11352,Звуки освобожденной лиры: Стихотворения.,"ТОЛБИНСКИЙ, Иван Ильич.",,,
11353,Звуки песен моих: Стихи.,"ТОЛБИНСКИИ, Иван Ильич.",,,
11354,Звуки поэзии.,"ЗЕИДЛЕР, Александр.",,,
11355,Звуки прошедшего.,"ЖДАНОВ, Лев Л.",,,
11356,Звуки самодельной лиры: Стихотворения.,"КУДРЯШЕВ, В. И.",,,
11357,Звуки сердца: Лирика. 1893— 1910 гг. Посвящается молодежи.,"МИХА-ЛЕВСКИИ, Александр.",,,
11358,Звуки сердца: Маленький альбом стихотворений.,"ПЕЧОРИН, Л. Г.",,,
11359,Звуки сердца: Стихи. Тетрадь 1.,"АНДРИЕНКО, К. И.",,,
11360,Звуки сердца: Стихотворения.,"КАРМАНОВ, С. С.",,,
11361,Звуки сердца: Стихотворения.,"НЕМЦОВ, Николай Дмитриевич.",,,
11362,Звуки сердца: (Стихотворения).,"ЯРМОНКИН, Валентин Васильевич.",,,
11363,Звуковой барьер: Пьеса в 3-х д.,"ЧЕРНЫХ, Иван Васильевич.",,,
11364,Звуковой барьер: (Рассказы о летчиках).,"ТРИХМАНЕНКО, Виктор Федорович.",,,
11365,Звуковой барьер: Стихи.,"КОХА-НОВСКИИ, Игорь Васильевич.",,,
11366,Звучаль веснеянки: Стихи.,"КАМЕНСКИЙ, Василий Васильевич.",,,
11367,Звучание тайги.,"ДАНИЛОВ, Семен Петрович.",,,
11368,Звучащий след.,"ГОРРИШ, Вальтер.",,,
11369,Звягинцевский дом: Рассказы.,"ЗАЛЫГИН, Сергей Павлович.",,,
11370,Зга.,"РАФАЛОВИЧ, Сергей Львович.",,,
11371,Здесь будет город: (Поэма).,"ШМИДТ, Борис.",,,
11372,"Здесь, в самом сердце Африки: Повесть о Патрисе Лумумбе.","СМОЛЯН, Александр Семенович, ЧЕНЦОВ, Д. (ГО-ЛАНТ, Вениамин Яковлевич).",,,
11373,Здесь дан старт.,"ЗЛОБИН, Степан Павлович.",,,
11374,Здесь жил Достоевский: Повесть из 33 сцен.,"НИКИТИН, Михаил Александрович.",,,
11375,Здесь их сердце: Очерки.,"ГОРО-БОВА, Александра Львовна.",,,
11376,"Здесь, лирой северной...: Стихи.","ПУШКИН, Александр Сергеевич.",,,
11377,Здесь много солнца: Пьеса в 2-х актах.,"ГОРОБИЙ, Ф.",,,
11378,Здесь мое счастье: Стихи.,"ЯВОР СКАЯ, Нора.",,,
11379,Здесь мои ростки живые: Избран ное.,"ГАЛКИН, Самуил Залманович.",,,
11380,Здесь мой дом: Роман.,"ТИМО-НЕН, Антти Николаевич.",,,
11381,Здесь начало.,"УМЕТАЛИЕВ, Те-миркул Уметалиевич.",,,
11382,Здесь начинается Россия...: Историческая драма в 3-х д. с прологом.,"ЭРЕНБУРГ, Наум Львович.",,,
11383,Здесь наш дом: Роман.,"ПАУКШ-ТЯЛИС, Юозас.",,,
11384,Здесь под северной звездою...: Роман.,"ЛИННА, Вэйне.",,,
11385,Здесь пронеслась любовь: Пьеса в 3-х д.,"МУЗИЛЬ, Александр Александрович, ПИСЬМЕННЫЙ, Александр Григорьевич.",,,
11386,Здесь прописано сердце мое: Стихи.,"СМИРНОВ, Иван Алексеевич.",,,
11387,Здесь рождались «Синие звезды».,"ОСЫКОВ, Борис Иванович.",,,
11388,Здесь — скарлатина: (История одного отпуска).,"БРЕНЕВ, Н. (ЧЕРНИИ В.) (БРЕНЕВ, Николай Николаевич).",,,
11389,Здесь твое место: Повесть.,"ЗОБ-НИН, Олег Ксенофонтович.",,,
11390,Здесь я живу: Повести.,"КУЛА-КОВСКИИ, Алексей Николаевич.",,,
11391,Здесь я живу: Стихи.,"ЛОЗИН, Валентин.",,,
11392,Здешние граждане в игривом на- строении: Необыкновенное происшествие в 2-х д.,"ЖЕДИЛЕВ, П., К-                .",,,
11393,Здешние проказники: Фарс в 1-м д.,"БИБИН, Василий Иванович.",,,
11394,Здешние — томские проказники: Фарс в 1-м д. с куплетами.,"КОРСАКОВ, Николай Александрович.",,,
11395,Здешний ветер: Рассказы.,"ЛУЗ-ГИН, Михаил Васильевич.",,,
11396,Здоровеньки булы!,"ОЛЕЙНИК, Степан Иванович.",,,
11397,Здоровье: Повесть.,"ОВАЛОВ, Лев.",,,
11398,Здоровье Жозефа.,"КСАНРОФ, Леон.",,,
11399,Здравица: Стихи и поэма.,"ФРОЛОВ, Михаил Афанасьевич.",,,
11400,Здравица дружбы: Сгихи и поэма.,"ШОГЕНЦУКОВ, Адам Огурлиевич.",,,
11401,Здравия желаем!: Юмористические рассказы.,"БОРАНЕНКОВ, Николай Егорович.",,,
11402,Здравия желаю!: [Стихи].,"КРИ-ВАНЧИКОВ, Николай Григорьевич.",,,
11403,Здравия желаю!: Стихотворения отставного майора.,"БУРБОНОВ, Михаил (МИНАЕВ, Дмитрий Дмитриевич).",,,
11404,Здравомысленный заяц.,"САЛТЫКОВ-ЩЕДРИН, Михаил Ефграфович.",,,
11405,Здравствуй!: Новая книга стихотворений.,"ЛИСЯНСКИЙ, Марк Самойло-вич.",,,
11406,Здравствуй!: Рассказ.,"РОГОВ, Вячеслав Иванович",,,
11407,Здравствуй!: [Стихи].,"АДАМОВ, Адам Магомедович.",,,
11408,"Здравствуй, Антон: Современная история в 2-х д.","СПЕКТОРСКАЯ, Зинаида Борисовна, АНДРЕЕВ, Александр (АНДРЕЕВ, Василий Дмитриевич).",,,
11409,"Здравствуй, Артек.","МИЛЯВСКИЙ, Анатолий Исаевич.",,,
11410,"Здравствуй, аул: Стихи.","МАШ-БАШ, Исхак.",,,
11411,"Здравствуй, бойчечак!","УЛУГЗА-ДЕ, Клавдия Александровна.",,,
11412,"Здравствуй, большая земля!","МОЛ-ДОКМАТОВ, Абдыкалый. ",,,
11413,"«Здравствуй, брат. Писать очень трудно...»: Портреты, письма о литературе, воспоминания.","КАВЕРИН, Вениамин.",,,
11414,"Здравствуй, будущее!","ЗЕГЕРС, Анна.",,,
11415,Здравствуй в сердце моем: Стихи.,"НЕФЕДОВ, Петр Петрович.",,,
11416,"Здравствуй, Валерка!: Повести.","МАШКОВ, Владимир Георгиевич.",,,
11417,"Здравствуй, весна!: Героическая драма в 4-х актах.","СТЕПАНОВ, Иван Сергеевич.",,,
11418,"Здравствуй, весна!: Стихи.","ГИЛЯ-ЖЕВ, Хаким Габдрахманович.",,,
11419,"Здравствуй, весна!: [Стихи].","НОВОСЕЛОВ, Николай Дмитриевич.",,,
11420,"Здравствуй, ветер!: Пьеса в 2-х актах.","ПРОКОФЬЕВА, Софья Леонидовна.",,,
11421,"Здравствуй, вихрь!: Стихи.","ГИРА, Людас Константинович.",,,
11422,"Здравствуй, Галочкин!","НЕМЧЕНКО, Гарий Леонтьевич.",,,
11423,"Здравствуй, грядущее!","ДАРИЕН-КО, Петря.",,,
11424,"Здравствуй, даль!: Стихи.","ЛАШКОВ, Игорь Вячеславович.",,,
11425,"Здравствуй, Дания!","ФИШ, Геннадий Семенович.",,,
11426,"Здравствуй, доктор!",ГЕРМАН Ю,,,
11427,"Здравствуй, дорога...","МАРКУША, Анатолий.",,,
11428,"Здравствуй, друг!: Лирика.","ХО-ЛОШЕНКО, Ольга Францевна.",,,
11429,"Здравствуй, друг!: Стихи.","КРА СИЛЬНИКОВ, Александр Иванович.",,,
11430,"Здравствуй, друг!: [Стихи].","ОВЕЧКИН, Константин Севастьянович.",,,
11431,"Здравствуй, друг!: Стихи.","СААКЯН, Арамаис Адамович.",,,
11432,"Здравствуй, жизнь!: [Очерки].","РОЗОВА, Розалия Леонидовна.",,,
11433,"Здравствуй, жизнь!: (Повесть).","МАЛЯРЕВСКИИ, Павел Григорьевич.",,,
11434,"Здравствуй, жизнь!: Повесть.","ШЕ-ВЕЛЬ, Михаил Иванович.",,,
11435,"Здравствуй, жизнь!: [Пьеса].","СО-ЛОДАРЬ, Цезарь Самойлович.",,,
11436,"Здравствуй, жизнь!: [Рассказы].","КАРАВАЕВА, Анна Александровна.",,,
11437,"Здравствуй, жизнь!: Стихи и песни.","ЖАРОВ, Александр Алексеевич.",,,
11438,"Здравствуй, жизнь!: Стихи и поэмы.","КОСТОПРАВ, Георгий Антонович.",,,
11439,"Здравствуй, земля!: Стихи.","БАБИ-ЧЕНКО, Виктор Ильич.",,,
11440,"Здравствуй, земля родная!","ФЕИ-ГИН, Эммануил Абрамович.",,,
11441,"Здравствуй, капитан: Очерк.","ДЕ-ДЮХИН, Борис Васильевич.",,,
11442,"Здравствуй,  Катя!: Комедия в 3-х д.","ЛЬВОВСКИЙ, Михаил Григорьевич.",,,
11443,"Здравствуй,  комбат!: Рассказы.","ГРИБАЧЕВ, Николай Матвеевич.",,,
11444,"Здравствуй,  Крымов: Пьеса в 3-х д.","НАЗАРОВ, Роальд Викторович.",,,
11445,"Здравствуй, лагерь!","МОЛЧАНОВ-СИБИРСКИИ, Иван Иванович.",,,
11446,"Здравствуй,  любимая!","ОРЛОВ, Борис Георгиевич.",,,
11447,"Здравствуй, любовь!: Стихи.","ХУСАИН, Махмуд Хафизович.",,,
11448,"Здравствуй,  мама!","ТУМАНОВ- СКАЯ, Ирина Павловна.",,,
11449,"Здравствуй, море.","КРАСОВСКИЙ, Афанасий Степанович.",,,
11450,"Здравствуй, море голубое!","СМИРНОВ-СМЕЛОВ, Сергей Васильевич.",,,
11451,"Здравствуй, мышонок!: Повести и рассказы.","ЮЩЕНКО, Лев Андреевич.",,,
11452,"Здравствуй, наш завод!","СИНИЦЫН, Юрий Николаевич.",,,
11453,"Здравствуй, однополчанин.","КОЛ-ТОЧНИК, Николай Исаевич.",,,
11454,"Здравствуй, оружие!: Агитационное представление в 3-х д.","ВОИТЕХОВ, Борис.",,,
11455,"Здравствуй, отец: Рассказы, очерки.","КОРЧАГИНА, Валентина Ивановна.",,,
11456,"Здравствуй, полдень!: (Стихи).","ШИШЕЛОВ, Юрий Васильевич.",,,
11457,"Здравствуй, поле!: [Повесть].","НОВОСЕЛОВ, Николай Николаевич.",,,
11458,"Здравствуй, поле: Стихи.","ТЕРЕХОВ, Владимир Павлович.",,,
11459,"Здравствуй, поле мое.","ЕМЕЛЬЯНОВ, Анатолий Викторович.",,,
11460,"Здравствуй, Припять!: Драма в 2-х д.","ЛЕВАДА, Александр.        ",,,
11461,"Здравствуй, путь!: Роман.","КОЖЕВНИКОВ, Алексей Венедиктович.",,,
11462,"Здравствуй, революция!: Сборник стихов.","ХЬЮЗ, Ленгстон.",,,
11463,"Здравствуй, Ромашкин!: Сатирические повести.","ЕГОРОВ, Борис Андрианович.",,,
11464,"Здравствуй, Север: [Рассказы].","БИАНКИ, Валентина Львовна.",,,
11465,"Здравствуй, Север!: Стихи.","КУ-ТОВ, Николай Николаевич.",,,
11466,"Здравствуй, Сибирь!","СМОЛЯ-НИЦКИИ, Соломон Владимирович.",,,
11467,"Здравствуй, Синегория: Повести.","ЖУРАВЛЕВ-ПЕЧОРСКИИ, Василий Степанович. ",,"Пути-дороги, Черныш...",
11468,"Здравствуй, Смоленск!: Стихи и песни.","ИСАКОВСКИЙ, Михаил Васильевич.",,,
11469,"Здравствуй, Советская Литва.","ПА-ЛЕЦКИС, Юстас Игнович.",,,
11470,"Здравствуй, солнце: Пьеса в 4-х д.","ЗАРЕЧНАЯ, Софья.",,,
11471,"Здравствуй, Солнце!: [Стихи].","ВЫ-ШЕСЛАВСКИИ, Леонид Николаевич.",,,
11472,"Здравствуй, степь!: Стихи.","ТРУБИЦЫН, Василий Андреевич.",,,
11473,"Здравствуй, товарищ!: Повесть.","СТРЕХНИН, Юрий Федорович.",,,
11474,"Здравствуй, утро: Стихи.","ИЛЮХИН, Николай Дмитриевич.",,,
11475,"Здравствуй, утро!: [Стихи].","ХО-РИНСКАЯ, Елена.",,,
11476,"Здравствуй, утро!: [Стихи и поэмы].","УРАСТЫРОВ, Кюннюк.",,,
11477,"Здравствуй, Чапичев: Повесть.","ФЕЙГИН, Эммануил Абрамович. ",Мальчик пляшет под дождем.,,
11478,"Здравствуй, школа!:    Повесть.","ЛЕОНТИЧЕВ, Юрий Александрович.",,,
11479,"Здравствуй, школа!: Стихи.","КУЗНЕЦОВ, Василий Николаевич.",,,
11480,"Здравствуй, школа!: Стихи и песни.","ЛЕБЕДЕВ-КУМАЧ, Василий Иванович.",,,
11481,"Здравствуй, это я!: Киносценарий.","АГАБАБОВ, Арнольд Рубенович.",,,
11482,Здравствуйте!: Очерки.,"СТАРКОВ, Абрам.",,,
11483,Здравствуйте!: Стихи.,"ЕЛАГИН, Владимир Николаевич.",,,
11484,Здравствуйте!: [Стихи).,"ЗВЕРЕВА, Надежда Константиновна.",,,
11485,Здравствуйте!: [Стихи].,"КАРА-ТЕЕВ, Леонид Федорович.",,,
11486,"Здравствуйте, брату шки!","В АЗОВ, Иван Минчов.",,,
11487,"Здравствуйте, друзья: Стихи.","КА-ПУТИКЯН, Сильва Барунаковна.",,,
11488,"Здравствуйте, звезды!","ЛУТКОВ, Геннадий Яковлевич.",,,
11489,"Здравствуйте, Курилы!","САМУ- НИН, Михаил Николаевич.",,,
11490,"Здравствуйте, люди!: Документальная повесть.","ГУЛЬТЯИ, Павел Михайлович.",,,
11491,"Здравствуйте, мама!: Повесть- быль.","ЧИВИЛИХИН, Владимир Алексеевич.",,,
11492,"Здравствуйте, пани Катерина!","ИРОШНИКОВА, Ирина Ивановна.",,,
11493,"Здравствуйте, ребята!","БЕСПОЩАДНЫЙ, Павел.",,,
11494,"Здравствуйте, ровесники!: Стихи.","ДОБРОВЕНСКИЙ, Роальд Григорьевич.",,,
11495,"Здравствуйте, сверстники!","ЯКИР, Светлана Яковлевна.",,,
11496,"Здравствуйте, Эмиль Золя.","ЛАНУ, Арман.",,,
11497,Здравый смысл.,"ТРОЕПОЛЬ-СКИИ, Гавриил Николаевич.",,,
11498,Зебра.,"ЧЕГЛОК, Александр.",,,
11499,"Зеваки на Макарьевской ярмарке или Московский купец Сава Савич, каковых купцов мало: Ч. 1—2.","ОРЛОВ, Александр Анфимович.",,,
11500,Зееловские высоты: Рассказы.,"СИ-ЗОНЕНКО, Александр Александрович.",,,
11501,Зейнаб: Картины сельской жизни и нравов Египта. Роман.,"ХАЙКАЛ, Мухаммед Хуссейн.",,,
11502,Зейнаб и Аман: Поэма.,"АЛИМ-ДЖАН, Хамид.",,,
11503,Зеко: Повесть.,"АНДРИЧ, Иво.",,,
11504,Зелен камень: Повесть.,"ЛИКСТА-НОВ, Иосиф Исаакович.",,,
11505,Зеленая Америка: Повести и рассказы.,"РАКОВСКИЙ, Леонтий Иосифович.",,,
11506,Зеленая балка: Повесть.,"ИВАНОВ, Григорий Фролович.",,,
11507,Зеленая ветка: Книга лирики.,"КОТОВ, Владимир Петрович.",,,
11508,Зеленая ветка: Мещерские истории.,"ПОЛТОРАЦКИЙ, Виктор.",,,
11509,Зеленая ветка: Поэма.,"АДАРОВ, Аржан Оинчинович.",,,
11510,Зеленая ветка: Рассказы.,"АНДРЕЕВ, Иннокентий Викторович.",,,
11511,Зеленая ветка: Стихи.,"СУВОРОВ, Михаил Иванович.",,,
11512,Зеленая ветка жизни: Стихи.,"КРАСНОВ, Николай Степанович.",,,
11513,Зеленая ветвь: Роман.,"ЭЙНБА-УМ, Федор Карлович.",,,
11514,Зеленая власть весны: Повесть о Райнисе.,"ВОЛКОВ, Борис Викторович.",,,
11515,Зеленая война: Сказка.,"МАМИН-СИБИРЯК, Дмитрий Наркисович.",,,
11516,Зеленая глубина: Стихи.,"ТИХОНОВ, Игорь Васильевич.",,,
11517,Зеленая долина: Роман.,"ЯКУШ-КИН, Тимофей Федорович",,,
11518,Зеленая дуга: Сатирические рассказы.,"ГОЛОВИН, Дмитрий Ильич.",,,
11519,Зеленая звезда: Роман.,"УМАР- БЕКОВ, Ульмас Рахимбекович",,,
11520,Зеленая звезда: Стихи.,"ЧЕБЫ- ШЕВА, Маргарита Петровна.",,,
11521,Зеленая  зона:  Роман.,ДАБИ,,,
11522,Зеленая зыбь: Роман.,"ДМИТРИЕВ, Тимофей Павлович.",,,
11523,Зеленая исповедь: Стихи и рассказы. (Загл. обл.).,"КОЛКИЙ, Сергей. ",,,
11524,Зеленая книга: Пионерские стихи.,"ЯКОВЛЕВ, Юрий Яковлевич.",,,
11525,"Зеленая книга:  |11оэмы, драмы, рассказы].","ЭЛЬСНЕР, Анатолий Оттович.",,,
11526,Зеленая книга: Роман.,"АГИШЕВ, Рустам Константинович.",,,
11527,Зеленая книга: Стихи.,"ПАНЧЕНКО, Николай Васильевич.",,,
11528,Зеленая книжечка; Благодетели: Рассказы.,"ПОЛЯКОВ, Петр Иванович.",,,
11529,Зеленая кобылка:     [Повесть].,КОЛДУНКОВ. ,,,
11530,Зеленая коробочка:     Повесть.,"УСТЮГОВ, Анатолий Михайлович.",,,
11531,Зеленая коса: Рассказы.,"ЧЕХОВ, Лнтон Павлович.",,,
11532,Зеленая косынка: Комедия в 2-х д. Новая редакция комедии «А как вы думаете?».,"СОЛОДАРЬ, Цезарь Самойлович.",,,
11533,Зеленая кочевка: (Горная быль).,"МАЙСТРАХ, Владимир Францевич.",,,
11534,Зеленая креветка: Рассказы и повесть.,"ЕМЦЕВ, Михаил Тихонович, ПАРНОВ, Еремей Иудович.",,,
11535,Зеленая лаборатория.,ДИЖУР. ,,,
11536,Зеленая лампа: Воспоминания.,"ЛИБЕДИНСКАЯ, Лидия Борисовна.",,,
11537,Зеленая лампа: [Повесть о Пушкине].,"ЕМЕЛИН, Степан Степанович.",,,
11538,Зеленая луна: Роман.,"БЕЛЕНЬО, Хоакин.",,,
11539,NOPARSE,,,,
11540,"Зеленая любовь: Повести, расска зы.","БАЛАКАЕВ, Алексей Гучинович.",,,
11541,Зеленая машина: Роман.,"РИДЛЕЙ, Ф. А.",,,
11542,Зеленая молния: Книга дорог. [Очерки].,"СИПАКОВ, Янка.",,,
11543,"Зеленая мышь или Чудо с черного хода: Сказка-шутка в 2-х ч. с прологом, без эпилога.","КАШУТИН, Алексей Алексеевич.",,,
11544,Зеленая ночь: Роман.,"ГЮНТЕ-КИН, Решад Нури.",,,
11545,Зеленая обезьяна: Комедия в 1-м д.,"ЛУХМАНОВА, Надежда Александровна.",,,
11546,Зеленая околица: Стихотворения. Поэма.,"МИШИН, Алексей Викторович.",,,
11547,Зеленая осень: Повести.,"СМИРНОВ, Олег Павлович.",,,
11548,«Зеленая палочка» и другие рассказы.,"ТОЛСТОЙ, Лев Николаевич.",,,
11549,Зеленая песня: Стихи.,"ЛЕБАНИД-ЗЕ, Мурман Силованович.",,,
11550,Зеленая песня: Стихи.,"УСТИНОВ, Валентин Алексеевич.",,,
11551,Зеленая пиала: Рассказы.,"АЛЕКСАНДРОВА, Анна Николаевна, ТУБЕ-РОВСКИЙ, Михаил Дмитриевич.",,,
11552,Зеленая планета: Новая книга стихов.,"КУКЛИН, Лев Валерианович.",,,
11553,Зеленая поляна: Рассказы и очерки.,"МИХАЛЬСКИЙ, Вацлав Вацлавович.",,,
11554,Зеленая пристань: Стихи.,"ВОЛКО-ДАЕВ, Петр Иванович.",,,
11555,Зеленая птица: Рассказы.,"РОГА- НОВ, Лемир Григорьевич.                ",,,
11556,Зеленая птица с красной головой.,"НАГИБИН, Юрий Маркович.",,,
11557,Зеленая птичка: Сказка.,"ГОЦЦИ, Карло.",,,
11558,Зеленая радуга: Роман.,"АЛЕКСЕЕВ, Михаил.",,,
11559,Зеленая ракета: Рассказы и очерки.,"КУЗНЕЦОВ, Семен Аркадьевич.",,,
11560,Зеленая ракета: Рассказы о старшине Иванове и сержанте Ложкине.,"ЖЕ-МАИТИС, Сергей Георгиевич.",,,
11561,Зеленая роща: Повести и рассказы.,"ВАСИН, Ким Кириллович.",,,
11562,Зеленая роща: Роман.,"ЕВДОКИ МОВ, Иван Васильевич.",,,
11563,Зеленая рукопись: Ч. 1- 2.,"ДРУИ НЕ, Густав (ДРУИНО, Густав).",,,
11564,Зеленая светлица: Стихи.,"ЛОСЬ, Евдокия Яковлевна.",,,
11565,Зеленая свирель: Стихи.,"КАЛАН ДАДЗЕ, Анна Павловна.",,,
11566,Зеленая стрела: Стихи.,"ФАИН БЕРГ, Владимир Львович.",,,
11567,Зеленая стрела: Сухопутные приключения юного моряка. Повесть.,"ВСЕВОЛОЖСКИЙ, Игорь Евгеньевич.",,,
11568,Зеленая тетрадь: Пьеса.,"САВЕЛЬ ЕВ, Л.",,,
11569,Зеленая тьма: Повесть.,"ТИХО НОВ, Николай Семенович.",,,
11570,Зеленая удочка: Рассказ.,"КОЗИН, Василий Евдокимович.",,,
11571,Зеленая улица: [Очерки о железнодорожниках]. (Загл. обл.).,"АЛЕКСАНДРОВ, Ал. (ШМАКОВ, Александр Андреевич). ",На зеленой улице.,,
11572,Зеленая улица: Повесть.,"НЕФЕДОВ, Александр Иванович.",,,
11573,Зеленая улица: Рассказы.,"ВОРОНИН, Юрий Иванович.",,,
11574,Зеленая улица: Современная драма в 4-х д.,"СУРОВ, Анатолий Алексеевич.",,,
11575,Зеленая фабрика:     [Повесть].,"ВИЛЬХОВЫЙ, Петр Якимович.",,,
11576,Зеленая чернильница: Рассказы.,"ЛУПСЯКОВ, Николай Родионович.",,,
11577,Зеленая шаль: Комедия в 1-м д.,"ДЮМА, Александр (отец), НЮ, Эжен.",,,
11578,Зеленая шинель: [Рассказ].,"ЯМПОЛЬСКИЙ, Борис Самойлович.",,,
11579,Зеленая шинель: Стихи.,"СЕРЕБРЯНСКИЙ, Марк Исаакович.",,,
11580,Зеленая шляпа: Комедия-водевиль.,"НАСРЕТДИНОВ, Гамир Гарипович.",,,
11581,Зеленая шляпа: [Роман].,"АРЛЕН, Майкл.",,,
11582,Зеленоглавая держава.,"ШКАВРО, Леонид Григорьевич.",,,
11583,Зеленое богатство: Роман.,НАЗАР С,,,
11584,Зеленое ведро.,"БАЖЕНОВ, Николай Дмитриевич.",,,
11585,Зеленое войско мая: Рассказы.,"ОСИН, Дмитрий Дмитриевич.",,,
11586,Зеленое дерево: Книга стихов.,"ХА-РАБАРОВ, Иван Митрофанович.",,,
11587,Зеленое домино: Из приключений короля германских сыщиков Франка Гардинга.,Имя авт. не установлено.,,,
11588,Зеленое зарево: Стихи.,"СКВОРЦОВ, Анатолий Михайлович.",,,
11589,Зеленое золото: Повесть.,"ИЛЬЯ-КОВ, Никандр Филиппович.",,,
11590,Зеленое золото: [Повесть].,"СЕМЕНОВ, Константин Сергеевич.",,,
11591,Зеленое золото: Роман.,"ТОО-МИНГ, Освальд Александрович.",,,
11592,"Зеленое и розовое: Юмористические рассказы, шутки, пародии.","ЛИФШИЦ, Владимир Александрович.",,,
11593,Зеленое кольцо: Пьеса в 4-х д.,"ГИППИУС, Зинаида Николаевна.",,,
11594,"Зеленое, красное, зеленое...: Повесть.","ОГНЕВ, Владимир Федорович.",,,
11595,Зеленое окно: Лирическая повесть.,"ТИХОМИРОВ, Олег Николаевич.",,,
11596,Зеленое пальто.,"ОЗЕРНАЯ, Розалия Григорьевна.",,,
11597,Зеленое перо: Рассказы.,"БЕКАСОВ, Алексей Григорьевич.",,,
11598,Зеленое пламя: [Стихи].,"ДРЕВ-НИЦКИИ, Владимир Юзефович.",,,
11599,Зеленое пламя: Стихи.,"КАРА ЧО-БАН, Дмитрий Николаевич.",,,
11600,Зеленое пламя: [Стихи и поэмы].,"БОГАТЫРЕВ, Вениамин Сергеевич.",,,
11601,Зеленое половодье: Лирика.,"ГОРЯЙНОВ, Василий Георгиевич.",,,
11602,Зеленое солнце: [Повесть].,"КО-СЯКИН, Александр Сидорович.",,,
11603,Зеленое солнце: Стихи.,"МАТЮХИН, Валентин Васильевич.",,,
11604,Зеленое эхо.,"ФИРСОВ, Владимир Иванович.",,,
11605,Зеленополье: Стихи и поэмы.,"ЖЕРНАКОВ, Илья Дмитриевич.",,,
11606,Зеленые.,"ВОЛЖСКИЙ, Алексей. ",,За власть Советов...,
11607,Зеленые агаты: Поэзы.,"ФИОЛЕ-ТОВ, Анатолий (ШОР, Натан).",,,
11608,Зеленые бегунки: Повесть.,"ШИЛИН, Алексей Емельянович.",,,
11609,Зеленые братцы: Пьеса-сказка в 3-х д. с прологом.,"НОВОГРУДСКИИ, Лен Соломонович, ОРЛОВ, Даль Константинович.",,,
11610,Зеленые братья.,"БРИЛИАНТ, Надежда Дмитриевна.",,,
11611,Зеленые бусы: Рассказы.,"КРАСИЛЬНИКОВ, Геннадий Дмитриевич.",,,
11612,Зеленые ветви: Рассказы.,"ОМАРОВ, Сейтжан.",,,
11613,Зеленые ветры: Стихи.,"МАКИ-ТОВ, Сафар Исхакович.",,,
11614,Зеленые вихри: Книга очерков.,"ВОРОНЕЦКИЙ, Михаил Гаврилович.",,,
11615,Зеленые ворота: Повести и рассказы.,"ВИЛЬДЕ, Ирина.",,,
11616,Зеленые всходы: Стихи.,"ТАЛА-ЛАЕВСКИИ, Матвей Аронович.",,,
11617,Зеленые глаза: Стихи.,"СОКОЛОВСКИЙ, Ал.",,,
11618,Зеленые глаза: [Стихотворения].,"МУНИ, Шмарио.",,,
11619,Зеленые горы: [Рассказ].,"МА-МИН-СИБИРЯК, Дмитрий Наркисович.",,,
11620,Зеленые горы: Рассказы.,"МЭК-КИН, Уолтер.",,,
11621,Зеленые дали: Стихи.,"ЮЩЕНКО, Олекса (ЮЩЕНКО, Алексей Яковлевич).",,,
11622,Зеленые дворцы: Роман из жизни в тропическом лесу.,"ГУДЗОН, В. (ХАДСОН, Уильям Генри). ",Девушка-птица...,,
11623,Зеленые дворы: Стихи.,"НАРОВЧАТОВ, Сергей Сергеевич.",,,
11624,Зеленые друзья: Стихи.,"ЛАШМА-НОВ, Михаил Иванович.",,,
11625,Зеленые каникулы: Повести.,"КО-БЕРИДЗЕ, Карло Александрович.",,,
11626,Зеленые колокола: Стихи.,"ГОЛЬДБЕРГ, Александр Яковлевич.",,,
11627,Зеленые купола.,"ВДОВИНА, Раиса Дмитриевна.",,,
11628,Зеленые ленточки: (Биографический рассказ).,"СЕЙФУЛЛИНА, Лидия Николаевна.",,,
11629,Зеленые лужки: Пионерское представление в 3-х кругах.,"БЛАГИН, Н. [!] (БЛАГИНА, Надежда Ивановна).",,,
11630,Зеленые огни: Поэма.,"ПРОСВИР-НОВ, Михаил Иванович.",,,
11631,Зеленые огни: Стихи.,"ЗВЯГИН, Юрий Константинович.",,,
11632,Зеленые паруса.,"БУХАНОВ, Виталий Степанович.",,,
11633,Зеленые перчатки: Средневековая баллада в 5-ти карт.,"КАРПОВИЧ, Тымо-геуш.",,,
11634,Зеленые поезда: Стихи.,"ЮРЕЧ-КО, Виталий Иванович.",,,
11635,Зеленые пожары: Стихи.,"ШВЕЦ, Илья Андреевич.",,,
11636,Зеленые ракеты.,"ВОРОБЬЕВ, Евгений Захарович.",,,
11637,Зеленые рукава: Стихи.,"СЫРЫ-ЩЕВА, Татьяна Яковлевна.",,,
11638,Зеленые святки: Из украинских сказаний.,"ЛЮБИЧ-КОШУРОВ, Иоасаф Арианович.",,,
11639,Зеленые холмы: Очерки.,"КАРЦЕВ, Алексей Дмитриевич.",,,
11640,Зеленые холмы Африки.,"ХЕМИНГУЭЙ, Эрнест.",,,
11641,Зеленые цветы.,"РУБЦОВ, Нико ",,,
11642,Зеленые цепочки.,"МАТВЕЕВ, Герман Иванович.",,,
11643,Зеленые шары: Стихи.,"БУРОВА, Наталья Павловна.",,,
11644,Зеленые штаны: Сказка.,Имя авт. не установлено.,,,
11645,"Зеленые яблоки: Коллективный роман. Перевод с американского. Авантюрный роман, составленный из подобранных отрывков из произведений 18-ти заграничных авторов. [Пародия].",БОРИСОВ Н,,,
11646,Зеленый авангард: Пьеса в 3-х д.,"ПЕРМЯК, Евгений.",,,
11647,Зеленый аист: Рассказы.,"ЗУБАРЕВ, Иван Ильич.",,,
11648,Зеленый архив: Стихи.,"КРУГЛЯКОВ, Геннадий Владимирович.",,,
11649,Зеленый берег: Роман.,"АБС АЛ ЯМОВ, Абдурахман Сафиевич.",,,
11650,Зеленый берег: Стихи.,"БЕЛЯЕВ, Анатолий Васильевич.",,,
11651,Зеленый берег: [Стихи].,"КОВА-ЛЕНКОВ, Александр Александрович.",,,
11652,Зеленый берег: Стихи.,"ШИЛЯЕВ, Анатолий Степанович.",,,
11653,"Зеленый блокнот: Записи, раздумья.","НИКИТИН, Сергей Исакович.",,,
11654,Зеленый венок: Рассказы.,"ЗОЛОТОВ, Василий Антонович.",,,
11655,Зеленый ветер: [Стихи].,"ТАМАРИНА, Руфь Мееровна.",,,
11656,Зеленый ветер: [Стихи и песни].,"ПРИШЕЛЕЦ, Антон. ",,,
11657,Зеленый ветроград: Слова поцелуйные.,"БАЛЬМОНТ, Константин Дмитриевич.",,,
11658,Зеленый вечер.,"СТАРШИНОВ, Николай Константинович.",,,
11659,Зеленый виноградник: Стихи.,"КОРОТИЧ, Виталий Алексеевич.",,,
11660,Зеленый вулкан.,"ФЕЛАН, Джим.",,,
11661,Зеленый Гай: Рассказы.,"КОЛОСОВ, Михаил Макарович.",,,
11662,Зеленый Генрих.,"КЕЛЛЕР, Готфрид.",,,
11663,Зеленый глаз: Сказка.,"ЛЕТУЧЕВ, Борис Александрович.",,,
11664,Зеленый гребешок: Рассказ.,"ЧА-ЧИКОВ, Александр Михайлович.",,,
11665,Зеленый день: Повести.,"САВЕЛИ-ЧЕВ, Аркадий Алексеевич.",,,
11666,Зеленый джемпер.,"РЫКЛИН, Григорий Ефимович.",,,
11667,Зеленый дождь: Рассказы.,"ЖУ-РАВЛЕВ-ПЕЧОРСКИИ, Василий Степанович.",,,
11668,Зеленый дождь: Стихи.,"ИСКАНДЕР, Фазиль Абдуллович.",,,
11669,Зеленый дождь: Стихи.,"ТАРХАНОВ, Андрей Семенович.",,,
11670,Зеленый дол: Повесть.,"АНТОНОВ, Сергей Петрович.",,,
11671,Зеленый дом: Роман.,"ВАРГАС ЛЬОСА, Марио.",,,
11672,Зеленый домик: Правдивая история.,"КРУГЛОВ, Александр Васильевич.",,,
11673,Зеленый домик: Рассказ.,"КРЮКОВ, Александр (БЕДОВЫЙ).",,,
11674,Зеленый друг.,"СЕВЕРНЫЙ, Александр Рубенович.",,,
11675,Зеленый дым: Стихи.,"КОВАЛЕВ, Дмитрий Михайлович.",,,
11676,Зеленый заслон: Повесть.,"РАИМ-КУЛОВ, Рахматулла.",,,
11677,Зеленый заслон: Поэма.,"ЗАМЯТИН, Владимир Дмитриевич.",,,
11678,Зеленый заяц: Комедия в 4-х д.,"ЛЕОНИДОВ, Борис Леонидович.",,,
11679,Зеленый звон: Пьеса в 4-х д.,"ЗА-ДЫХИН, Яков Леонидович.",,,
11680,Зеленый змий.,"ЛОНДОН, Джек.",,,
11681,Зеленый зов.,"АБРАМОВ, Соломон Абрамович.",,,
11682,Зеленый какаду: Гротеск в 1-м д.,"ШНИЦЛЕР, Артур. ",Зеленый попугай.,,
11683,Зеленый календарь.,ЗОТЬЕВ. ,,,
11684,Зеленый квадрат.,"КРАВЦОВ, Геннадий Иванович.",,,
11685,Зеленый клад: Повесть.,"УСТИ-НОВИЧ, Николай Станиславович.",,,
11686,Зеленый клин: Повесть.,"ЧЕКМЕ-НЕВ, Николай Симонович.",,,
11687,Зеленый колпак.,"МЕРИ, Жозеф.",,,
11688,Зеленый корсет: Комедия в 3-х д.,"СУМАРОКОВ, Павел Иванович.",,,
11689,Зеленый край: [Очерки].,"СОКО-ЛОВ-МИКИТОВ, Иван Сергеевич.",,,
11690,Зеленый край: Стихи.,"КОЧЕТКОВ, Виктор Иванович.",,,
11691,Зеленый край: Стихи и сказки.,"МЕНЮК, Георге (МЕНЮК, Жеорже).",,,
11692,Зеленый — Красный!,"БЕРИДЗЕ, Алла Григорьевна.",,,
11693,Зеленый крест: Повесть.,АЛДАН ,,,
11694,"Зеленый кузнечик: Сатирический водевиль в 4-х карт, в стихах с куплетами, цирковыми номерами.","МИХАЛКОВ, Сергей Владимирович.",,,
11695,Зеленый купол: Стихи.,"ДРОННИКОВ, Виктор Петрович.",,,
11696,Зеленый Кутаис.,"ЧАРЕКОВА, Нина.",,,
11697,Зеленый ливень.,"КУНИЦЫН, Александр Васильевич.",,,
11698,Зеленый лист: Стихи.,"РАХИМ-ЗАДЕ, Боки",,,
11699,Зеленый лист: [Стихотворение],"ГОРОДСКОЙ, Яков Зиновьевич.",,,
11700,Зеленый луч: [Повесть].,"СОБОЛЕВ, Леонид Сергеевич.",,,
11701,Зеленый луч: Рассказы.,"ДЕМИДОВ, Алексей Алексеевич.",,,
11702,Зеленый луч:    Роман.,"ВЕРН, Жюль.",,,
11703,Зеленый луч: Сказки.,"ВЕРХО-УСТИНСКИИ, Борис Алексеевич.",,,
11704,"Зеленый меч или Правдивая история Томаша Старшего с малыми-малого, с велнкимн-великого, прославленного правителя Черногории.","СТИЙЕНСКИИ, Радуле.",,,
11705,Зеленый огонь.,"СМИРНОВ, Дмитрий Артемьевич.",,,
11706,Зеленый океан: Повести и рассказы.,"ЛУКАШЕВИЧ, Вадим Петрович.",,,
11707,Зеленый остров...: Очерки.,"АБДУ-КАХХАР, Самиг.",,,
11708,Зеленый остров: Повесть.,"ВАЛЕВ-СКИИ, Александр Александрович.",,,
11709,Зеленый остров: Повесть.,"ЛЫС-КОВ, Павел Георгиевич. ",,,
11710,Зеленый Папа: Роман.,"АСТУРИ-АС, Мигель Анхель.",,,
11711,Зеленый парус.,"ЖОГОЛЕВ, Николай Федорович.",,,
11712,Зеленый патруль: Повесть.,"ДМИТРИЕВ, Юрий.        ",,,
11713,Зеленый патруль: [Стихи].,"ЧАПЛИНА, Валентина Семеновна.",,,
11714,Зеленый поезд: Стихи.,"ВАГАНОВА, Любовь Степановна.",,,
11715,Зеленый полумесяц: Роман.,"КЕ-ШОКОВ, Алим Пшемахович.",,,
11716,Зеленый попугай; Парацельзус; Подруга: Трилогия.,"ШНИЦЛЕР, Артур.",,,
11717,Зеленый попугай: [Стихотворение].,"ОЛЕКСЕНКО, Е.",,,
11718,Зеленый пояс: Стихи.,"КОМАРОВ, Петр Степанович.",,,
11719,Зеленый пояс: Стихи.,"ТИТОВ, Алексей Иванович.",,,
11720,Зеленый праздник.,"ФИКСИН, Сергей Андреевич.",,,
11721,Зеленый простор: Стихи.,"ГЛАЗКОВ, Николай Иванович.",,,
11722,Зеленый рубеж: Рассказы.,"КНОРРЕ, Федор Федорович.",,,
11723,Зеленый сад: [Повесть].,"ДРОЗДОВ, Александр Михайлович.",,,
11724,Зеленый сад: Рассказы.,"КАУРИ-ЧЕВ, Николай Сергеевич.",,,
11725,Зеленый свет: Стихотворения.,"БЕРНОВИЧ, Михаил Петрович.",,,
11726,Зеленый тополь: Стихи.,САГИЯН. ,,,
11727,Зеленый тополь Наири: Стихи.,"САГИЯН, Амо.",,,
11728,Зеленый Улус: Поэма.,"КЫЧА-КОВ, Иван Спиридонович.",,,
11729,Зеленый фартук: Рассказы.,"СА-ДОВЯНУ, Михаил.",,,
11730,Зеленый фрак: Ее победа. Комедия-сатира в 4-х д.,"КАИЯВЭ, Гастон Арман, ФЛЕРС, Робер де (ФЛЕР, Робер де).",,,
11731,Зеленый фургон: Рассказы.,"КО-ЗАЧИНСКИИ, Александр Владимирович.",,,
11732,Зеленый цех: [Стихи].,"ВИКУЛОВ, Сергей Васильевич.",,,
11733,Зеленый цех: Стихи.,"РЫЛЕНКОВ, Николай Иванович.",,,
11734,Зеленый шар: Рассказы.,"ПРОНИН, Сергей Федорович.",,,
11735,Зеленый штурман: Сборник рассказов и очерков.,"ПОЛОНСКИЙ, Тимофей Петрович.",,,
11736,Зеленый шум: Избранные произведения.,"ПРИШВИН, Михаил Михайлович.",,,
11737,Зеленый шум: (Повесть).,"ДВОРЕЦКИЙ, Дмитрий Павлович.",,,
11738,Зеленый шум: Повесть.,"ЛЕПЕ-ШИНСКАЯ, Ольга Пантелеймоновна.",,,
11739,Зеленый шум: Повесть.,"МУСАТОВ, Алексей Иванович.",,,
11740,Зеленый шум: Повесть.,"ОГНЕВ-СКИИ, Леонид.",,,
11741,Зеленый шум: Пьеса в 1-м д.,"ОЛЬШАНСКИЙ, Андрей Николаевич.",,,
11742,Зеленый шум: Пьеса в 3-х д.,"ПА-ЛЕЧЕК, Е. А.",,,
11743,Зеленый шум: Пьеса в 4-х д.,"БОЛОТОВ, Юрий Васильевич.",,,
11744,Зеленый шум: Пьеса в 4-х д.,"ПА-ШИНСКАЯ, Елизавета Павловна (АРБАТСКАЯ, Елизавета Павловна), ТУРЖЕ-ТУРЖАНСКАЯ, Евгения Павловна де.",,,
11745,Зеленый шум: Рассказы.,"СУРОЖ-СКИЙ, Павел.",,,
11746,Зеленый шум: Рассказы о природе.,"ДЕМЕНТЬЕВ, Анатолий Иванович.",,,
11747—11748,Зеленый шум: Роман. Повести. Рассказы.,"ЛАПТЕВ, Юрий Григорьевич.",,,
11749,Зеленя: Пьеса в 3-х актах.,"ВОЛ-ЖЕНИН, Р.",,,
11750,Зеленя: [Рассказ].,"ГЛАДКОВ, Федор Васильевич.",,,
11751,Зеленя: Рассказы из школьной жизни.,"НАЖИВИН, Иван Федорович.",,,
11752,Зелимхан: Из кавказской жизни. Фарс-оперетта.,"ВЕНГЕРОВ, Леонид Александрович.",,,
11753,Зелимхан: Повесть и очерки.,"ГА-ТУЕВ, Дзахо.",,,
11754,Зелимхан: Роман.,"МАМАКАЕВ, Магомет Амаевич.",,,
11755,Зелия или Добрая дочь.,"РЕННЕ ВИЛЬ (РЕНВИЛЬ, Софи де).",,,
11756,Зелменяне: Повесть.,"КУЛЬБАК, Моисей Соломонович.",,,
11757,Зельда Марш: Роман.,"НОРРИС, Чарльз.",,,
11758,Зелье востока — гашиш: Повесть.,"ЛЕММЕРМАУЕР, Фриц.",,,
11759,Зелье земли: Стихи.,"ЕФРЕМЕН-КОВ, Алексей Александрович.",,,
11760,Зема: Драма в 1-м д.,"ПАВЛОВ, А.  ",,,
11761,Земле: Стихи.,"ВЫГОДСКИЙ, Давид Исаакович.",,,
11762,Земле земное: [Рассказ].,"СОЛОГУБ, Федор. ",,Жало смерти...,
11763,Земле — земное: [Стихи].,"ТАРКОВСКИЙ, Арсений Александрович.",,,
11764,Земле кланяюсь: Стихи.,ГУСЕВ. ,,,
11765,Землевращение: Стихи.,"АКВИ-ЛЕВ, Анатолий Александрович.",,,
11766,Землемер.,"ЗАМЯТИН, Евгений Иванович.",,,
11767,Землемер-самоучка: Рассказ.,Имя авт. не установлено.,,,
11768,Землемерша: Рассказ.,"БЕЗДОЛЬНЫЙ, И. С. (ХОДОРОВСКИЙ, Иван С.)",,,
11769,Землепроходцы: Стихи.,"АЩЕУЛОВ, Вениамин Абрамович.",,,
11770,Землепроходцы: Стихи.,"БОЛДЫРЕВ, Иван Федорович.",,,
11771,Землепроходцы: Стихи.,"КУНЯЕВ, Станислав Юрьевич.",,,
11772,Землетрясение: Комедия в 4-х д.,"РОМАНОВ, Пантелеймон Сергеевич.",,,
11773,Землетрясение: Рассказ.,"КЛЕЙСТ, Генрих.",,,
11774,Землетрясение: Рассказы.,"ФАДЕЕВ, Александр Александрович.",,,
11775,Землетрясение: Роман.,"КАРЕЛИН, Лазарь Викторович.",,,
11776,Землетрясение: Стихи.,"БЕЗДОМНЫЙ, Борис.",,,
11777,Землетрясение в Беное: Сатирическая повесть.,"ЦУГУЛИЕВА, Елена Александровна.",,,
11778,Землетрясение в Туките: Повесть. Рассказы.,"МАРЕИН, Александр Давыдович.",,,
11779,Землетрясение в Чили: Рассказы.,"КЛЕЙСТ, Генрих.",,,
11780,Землетрясенцы.,"НОВИКОВА, Елена (НОВИКОВА-ВАШЕНЦЕВА, Елена Михайловна).",,,
11781,Земли вращенье.,"РОЯ, Инара Евгеньевна.",,,
11782,Земли встречаются: Повесть.,"ША-ЛАРЬ, Ариадна Николаевна.",,,
11783,Земли живая душа: Повесть.,"ЖЕ-СТЕВ, Михаил.",,,
11784,"Земли, обагренные кровью: Роман.","СОТИРИУ, Дидо.",,,
11785,Земли озвученная тишь...: Стихи.,"ТРИФОНОВ, Юрий Александрович.",,,
11786,Земли разведчик — Марко Поло: Историческая повесть.,"ШКЛОВСКИЙ, Виктор Борисович.",,,
11787,Земли Сакраменто.,"ИОВИНЕ, Франческо.",,,
11788,Земли хозяйка: Повесть о трудном счастье.,"НИКИТИН, Алексей Иванович.",,,
11789,Землю беру на себя.,"ПЕРЕПЕЛОВ, Леонид Антонович.",,,
11790,Землю украшают люди: Рассказы.,"ЧИСТЯКОВ, Алексей Михайлович.",,,
11791,Земля: Баллады.,"ВАНАГ, Юлий Петрович.",,,
11792,Земля: Драма в 4-х д.,"КОВАЛЬСКАЯ, Ольга Нестеровна, КОВАЛЬСКИЙ, Казимир Адольфович.",,,
11793,Земля: Первая книжка рассказов.,"ДОРОХОВ, Павел Николаевич.",,,
11794,Земля: [Повесть].,ЕЛИН-ПЕЛИН. ,,Гераковы...,
11795,Земля: Повесть.,"КОБЫЛЯНСКАЯ, Ольга Юлиановна.",,,
11796,Земля: Повесть.,"МЕРЗОН, Яков Ильич (ИЛЬИЧЕВ, Яков).",,,
11797,Земля: Повесть.,"ПОТАПЕНКО, Игнатий Николаевич.",,,
11798,Земля: Поэма.,"РЫЛЕНКОВ, Николай Иванович.",,,
11799,Земля: Пьеса в 2-х д.,"ПОДОЛЯ-НУ, Ион Исидорович.",,,
11800,Земля: Пьеса в 4-х д.,"МАРКИШ, Перец Давыдович.",,,
11801,Земля: Рассказ.,"ЗЛАТКИН, Александр.",,,
11802,Земля: Рассказ.,"ЛОГИНОВ, Павел Семенович (ЛОГИНОВ-ЛЕСНЯК, Павел Семенович).",,,
11803,Земля: [Рассказ].,"ШМЕЛЕВ, Иван Сергеевич.",,,
11804,Земля: Рассказы.,"ЛИДИН, Владимир Германович.",,,
11805,Земля: [Рассказы].,"ПАНЧ, Петро.",,,
11806,Земля: [Рассказы].,"ШТАТНОВ, Павел Петрович.",,,
11807,Земля: [Роман].,"БАК, Перл.",,,
11808,Земля: Роман.,"ЗОЛЯ, Эмиль.",,,
11809,Земля: Роман.,ЛИ ГИ ЕН.,,,
11810,Земля: Роман.,"МАЗУРОВА, Александра Н.",,,
11811,Земля: Роман.,"МЕЛАМУД, Хаим Гершкович.",,,
11812,Земля: Роман.,"ФЕДОРОВ, Александр Митрофанович.",,,
11813,Земля: Роман.,"ХАНЗАДЯН, Серо Николаевич.",,,
11814,Земля: [Сборник].,"АЧЧЫГЫИА, Амма (МОРДВИНОВ, Николай Егорович).",,,
11815,Земля: Семейство Фрилендов. Роман.,"ГЭЛСУОРСИ, Джон (ГОЛСУОРСИ, Джон). ",Фрилэнды.,,
11816,Земля: Стихи.,"АГЕЕВ, Леонид Мартемьянович.",,,
11817,Земля: [Стихи].,"ИРИНИН, Михаил.",,,
11818,Земля: Стихи.,"МЕЛКОВСКАЯ, Лариса Михайловна.",,,
11819,Земля: Стихи.,"ПРИХОДЧЕНКО, Евгений Семенович.",,,
11820,Земля: Стихи.,"РАДЖАБИ, Тул-кин.",,,
11821,Земля: Трагедия в 5-ти актах.,"ВИРТА, Николай Евгеньевич.",,,
11822,Земля без солнца: Повесть.,"ЗАЯ-ИЦКИИ, Сергей Сергеевич.",,,
11823,Земля бесстрашных: Стихи.,"ГОРБАНЬ, Евгений Иванович.",,,
11824,Земля богатырей: Книга стихов.,"ЯШИН, Александр.",,,
11825,Земля большая: Роман.,"КОПЫЛЕНКО, Александр Иванович.",,,
11826,Земля большая: Стихи.,"ГУРЕ-ШИДЗЕ, Нодар Варламович.",,,
11827,Земля в крови: Повесть.,"АРГУ-ТИНСКАЯ, Люси Александровна.",,,
11828,Земля в огне: Пьеса в 8-ми карт.,"КОВАЛЕВ, Николай.",,,
11829,Земля в огне: Роман.,"СТАДНИК, Михаил Григорьевич.",,,
11830,Земля в огне: Стихи.,"МЮЗАМ, Эрих.",,,
11831,Земля в паутине: (Дальние приключения сибиряка Хожалова). Повесть в 3-х ч.,"ЗЛОБИН, И.",,,
11832,Земля в плену: Пьеса в 3-х д.,"ШАПОВАЛЕНКО, Николай Николаевич.",,,
11833,Земля в плену: Роман.,"БРЫКИН, Николай Александрович.",,,
11834,Земля в пути: Избранное.,"ЧИВИЛИХИН, Анатолий Тимофеевич.",,,
11835,Земля в снегу: Третий сборник стихов.,"БЛОК, Александр Александрович.",,,
11836,Земля в теплых ладонях.,"ПАЛЬ-МАН, Вячеслав Иванович.",,,
11837,Земля  в цветах: Стихотворения.,"СЕМЕНОВСКИЙ, Дмитрий Николаевич.",,,
11838,Земля  в цвету:   Повесть.,"ИРИ- НИН, Михаил.",,,
11839,Земля  в цвету:   Стихи.,"БРАУН, Николай Леопольдович.",,,
11840,Земля в цвету: Стихи.,"БУСЫГИН, Николай Иванович.",,,
11841,Земля в цвету: Стихи и поэма-сказка.,КИМ ДЕН ШЕ.,,,
11842,Земля  в ярме.,"ВАСИЛЕВСКАЯ, Ванда Львовна.",,,
11843,Земля вас любит: Стихотворения.,"ШИМКУС, Владас Альбертович.",,,
11844,Земля вдохновения: Стихи.,"КО-ЧЕВСКИЙ, Виктор Васильевич.",,,
11845,Земля весенняя: Стихи.,"РУДЕР-МАН, Михаил Исаакович.",,,
11846,Земля во вселенной одна.,"ИМЕР-МАНИС, Анатоль Адольфович.",,,
11847,Земля вращается: Стихи.,"ШОСТ-КО, Владимир Владимирович.",,,
11848,Земля —всему трудящемуся народу.,"СМОЛЕНСКИЙ, Ал.",,,
11849,"Земля, где умереть: Роман.","ЛЕРА, Анхель Мариа де.",,,
11850,Земля героев: Стихи.,"ДИКУНОВ, Василий Яковлевич.",,,
11851,Земля героев: [Стихи].,"ТКАЧЕВ, Николай Иванович.",,,
11852,Земля гончаров.,"ХАРПЕР, Фредерик.",,,
11853,Земля горит.,"ЕГОРОВ, Рышард, СОБЕСЯК, Юзеф.",,,
11854,Земля горячая: Повесть.,"ЗОЛОТОВ, Василий Антонович.",,,
11855,Земля гудит: Повесть.,"ГОНЧАР, Олесь (ГОНЧАР, Александр Терентьевич).",,,
11856,Земля для всех: [Повесть].,"РОМАШОВ, Андрей Павлович.",,,
11857,Земля для всех: [Роман].,"БЛАС-КО ИБАНЬЕС, Висенте.",,,
11858,Земля для цветов: Стихи и поэма «Олег».,"ДЖАЛАГОНИЯ, Нодар Доментье-вич.",,,
11859,"Земля, до востребования: Роман.","ВОРОБЬЕВ, Евгений Захарович.",,,
11860,Земля добра и винограда: Стихи и поэма.,"КЕШОКОВ, Алим Пшемахович.",,,
11861,Земля долгожителей: Стихи.,"БЫКАДОРОВ, Михаил Давыдович.",,,
11862,Земля друзей: Стихи.,"ЛЬВОВ, Михаил Давыдович.",,,
11863,Земля желанная: Стихи.,"ВОЛГИНА, Татьяна Ильинична.",,,
11864,Земля за океаном.,"ПЕСКОВ, Василий Михайлович, СТРЕЛЬНИКОВ, Борис Георгиевич.",,,
11865,Земля заговорила: Картины из крестьянского восстания в Германии. [Отрывок из романа «Под знаменем башмака»].,"АЛТАЕВ, Ал.",,,
11866,Земля зажглась: Пьеса в 3-х ч.,"ИВАНТЕР, Бениамин Абрамович, ИВАН-ТЕР, В. (ГВАИТА, Виргиния Густавовна).",,,
11867,"Земля, зажженная росой.","МАЛО-ХАТКИН, Иван Иванович.",,,
11868,Земля Замоскворецкая: Пьеса в 2-х д.,"ШТОК, Исидор Владимирович.",,,
11869,Земля зацветает: Повесть.,"НОВОСЕЛОВ, Михаил.",,,
11870,Земля зеленая: Роман.,"УПИТ, Андрей Мартынович.",,,
11871,Земля! Земля!: Стихи.,"БЕДНЫЙ, Демьян.                 ",,,
11872,Земля зовет: (Двумужняя вдова). Драма в 5-ти д.,"ЧИРКОВ, Александр Григорьевич.",,,
11873,Земля зовет: Повесть.,"БРЫКИН, Николай Александрович.",,,
11874,Земля зовет: Повесть.,"КОЛОС, Лука Яковлевич.",,,
11875,Земля зовет: Стихи.,"ИСАКОВ, Андрей Максимович.",,,
11876,Земля зовет: Стихи.,"ТИХОМИРОВ, Никифор Семенович.",,,
11877,Земля зовет: Хроника сельской жизни.,"НОВИКОВ, Семен Николаевич.",,,
11878,Земля золотых плодов: (Город Ильеус). Роман.,"АМАДУ, Жоржи.",,,
11879,Земля и гроздья.,"КАЛИНИН, Анатолий Вениаминович.",,,
11880,Земля и души.,"РАДОВ, Георгий.",,,
11881,Земля и звезды: Повесть о Павле Штернберге.,"ЧЕРНОВ, Юрий Михайлович.",,,
11882,Земля и звезды: Стихи.,"ШЕВ-КОВ, Сергей Дмитриевич.",,,
11883,Земля и зенит: Стихи.,"ПРАСОЛОВ, Алексей Тимофеевич.",,,
11884,Земля и золото.,"КОТ-МУРЛЫКА (ВАГНЕР, Николай Петрович).",,,
11885,Земля и Комета.,"ЭВАЛЬД, Карл.",,,
11886,Земля и кровь: Роман.,"ФЕРАУН, Мулуд.",,,
11887,Земля и люди: Очерки.,"ВАРНО, Владимир Александрович.",,,
11888,Земля и люди: Очерки. Фельетоны. Статьи.,"РЯБОВ, Иван Афанасьевич.",,,
11889,"Земля и море: Повесть о простых людях, искавших свое счастье.","ЛАЦИС, Вилис Тенисович.",,,
11890,Земля и море: Стихи.,"ГНЕУШЕВ, Владимир Григорьевич.",,,
11891,Земля и народ: Роман в 3-х ч.,"СИРГЕ, Рудольф Иоханович.",,,
11892,Земля и небо: Мистерия.,"БАЙРОН, Джордж Гордон. ",,Манфред...,
11893,Земля и небо: [Рассказ].,"НЕВЕРОВ, Александр.",,,
11894,Земля и небо: Рассказы.,"КУПЕР, Семен Анатольевич.",,,
11895,Земля и небо: Стихи.,"ГЕТМАН-ЧУК, Олег Иванович.",,,
11896,Земля и небо: [Стихи].,"ОШАНИН, Лев Иванович.",,,
11897,Земля и песня.,"КУЛИЕВ, Кайсын Шуваевич.",,,
11898,Земля и сердце.,"БРАГИН, Анатолий Иванович.",,,
11899,"Земля и совесть: Рассказы, очерки.","ПОПОВ, Виктор Николаевич.",,,
11900,Земля и солнце: Стихи.,"ШТУРМАН, Марк.",,,
11901,Земля и тепло: Стихи.,"КОЛОКОЛОВ, Николай Иванович.",,,
11902,Земля и хлеб: Очерки.,"ФИШ, Геннадий Семенович.",,,
11903,Земля и хлеб: Роман.,"ТИХОНОВ, Федор Матвеевич.",,,
11904,Земля искателей: Очерки.,"ОСИПОВ, Иосиф Зиновьевич.",,,
11905,Земля калмыцкая: Переводы и стихи.,"АЛТАЙСКИЙ, Константин.",,,
11906,Земля Кольцова: Стихи.,"КАСАТКИН, Павел Ефимович.",,,
11907,Земля-кормилица: Роман.,"ЦВИР-КА, Петрас (ЦВИРКА, Пятрас Казимирович).",,,
11908,Земля-кормилица: [Стихи].,"ДРОННИКОВ, Виктор Петрович.",,,
11909,Земля кузнецкая: Роман.,"ВОЛОШИН, Александр Никитич.",,,
11910,Земля любви моей: Стихи.,"ШКАВ-РО, Леонид Григорьевич.",,,
11911,Земля любимая: Очерки.,"ЧЕРНЕ-ЕВА, Аглая Михайловна.",,,
11912,Земля людей.,"СЕНТ-ЭКЗЮПЕРИ, Антуан де.",,,
11913,Земля мамонтов: Повесть из эпохи каменного века.,"КАРАТОВ, Семен Юльевич.",,,
11914,Земля Мартана: Стихи и поэма.,"МАМАКАЕВ, Магомет Амаевич.",,,
11915,Земля Мишки Демина: Повесть.,"ГЛУЩЕНКО, Валентин Федорович.",,,
11916,Земля моей любви.,"ЛАПЦУИ, Леонид Васильевич.",,,
11917,Земля моей первой любви: Стихи. Песни.,"ДОРИЗО, Николай Константинович.",,,
11918,Земля моих отцов: Повесть и рассказы.,"АВДЕЕВ, Виктор Федорович.",,,
11919,Земля моих отцов: Роман.,"РУССКОВ, Владимир Александрович.",,,
11920,Земля моих отцов: Стихи.,"НИ-КАНОРКИН, Анатолий Игнатьевич.",,,
11921,Земля моих отцов: [Стихи и поэмы].,"ПАРАНУК, Мурат Салихович.",,,
11922,Земля моих правнуков: Драма в 3-х д.,"МУРАТОВ, Игорь Леонтьевич.",,,
11923,Земля молодая: Повесть.,"МУСАТОВ, Алексей Иванович.",,,
11924,Земля молодости: Роман.,"ЛУК-НИЦКИИ, Павел Николаевич.",,,
11925,Земля моя!: [Очерки].,"СИМОНОВ, Константин Михайлович.",,,
11926,Земля моя: Рассказы.,"ЖЕСТЕВ, Михаил.",,,
11927,Земля моя: Сборник стихов.,"ГАМЗАТОВ, Расул Гамзатович.",,,
11928,Земля моя: [Стихи].,"ВАИСМАН, Евгений Адольфович.",,,
11929,Земля моя: Стихи.,"ДУДНИК, Иван Александрович.",,,
11930,Земля моя: [Стихи].,"ЛЫСОГОР-СКИИ, Ондра.",,,
11931,Земля моя: Стихи.,"МИХАЛЕВ, Владимир Васильевич.",,,
11932,Земля — моя колыбель: Стихи и поэма.,"ИГЕБАЕВ, Абдулхак Хажмухаме-тович.",,,
11933,"Земля моя, Латгалия: Лирические стихи.","СОЛОВЬЕВ, Алексей Сергеевич.",,,
11934,Земля моя певучая: Сборник песен.,"ШИШЛЯННИКОВ, Михаил Яковлевич.",,,
11935,"Земля моя, Родина: Избранные стихи.","ШОСТКО, Владимир Владимирович.",,,
11936,Земля моя —судьба моя; Городок Устронь: Романы.,"ЛОБАН, Николай Павлович.",,,
11937,Земля моя —судьба моя!: Документальная повесть.,"ХОДЖАЕВ, Файзулла.",,,
11938,Земля мужества.,"ОСИНИН, Николай Петрович.",,,
11939,Земля на горизонте.,"КОЛОКОЛОВ, Борис Борисович.",,,
11940,"Земля, на которой стою: ...О земле сибирской и ее людях.","ФОТЬЕВ, Николай Иванович.",,,
11941,Земля над облаками.,"СЛАДКОВ, Николай Иванович.",,,
11942,Земля — нам мать — давай хозяйство подымать: (О землеустройстве и переходе на многополье). Пьеса в 3-х ч.,"МАСС, Владимир Захарович, СУББОТИН, Леонид Арсеньевич.",,,
11943,Земля наша: Стихи.,"ИЛЬИНА, Елена.",,,
11944,Земля не на китах: Драма в 3-х актах.,"ЛИПАТОВ, Виль Владимирович.",,,
11945,Земля не принимает: Рассказ.,"МА-МИН-СИБИРЯК, Дмитрий Наркисович.",,,
11946,Земля не прощает: Роман.,"КУТЕПОВ, Николай Иванович.",,,
11947,Земля — Небо — Земля: Повести и рассказы.,"ВИНОГРАДОВ, Иван Иванович.",,,
11948,Земля — небо — земля:  [Стихи].,"ГУСЕВ, Юрий Николаевич.",,,
11949,Земля незнаемая: Исторический роман.,"ТУМАСОВ, Борис Евгеньевич.",,,
11950,Земля непокорных: Пьеса в 3-х д.,"ФЕДОРОВ, Владимир Иванович.",,,
11951,Земля новых адресов.,"ПАДЕРИН, Геннадий Никитич.",,,
11952,Земля обетованная: Драма в 3-х д.,"ПЛОТКИН, Григорий Давыдович.",,,
11953,Земля обетованная: Комедия в 4-х д.,"МОЭМ, Вильям Сомерсет.",,,
11954,Земля обетованная: [Роман].,"БУРЖЕ, Поль.",,,
11955,Земля обетованная...: Роман.,"КОЛЕСНИКОВ, Юрий Антонович.",,,
11956,Земля обетованная: Роман.,"ЛОНДОН, Джек.",,,
11957,Земля обетованная:     [Стихи].,"БЕДНЫЙ, Демьян.",,,
11958,"Земля, омытая кровью.","СЫЧЕВ, Павел Алексеевич.",,,
11959,Земля отцов: Документальная повесть.,"АПРЕСЯН, Ваграм Захарович.",,,
11960,Земля отцов: [Документальные рассказы и очерки].,"ПЕТРОВ, Иван Федорович.",,,
11961,Земля отцов: Рассказы.,"НИКИТИН, Владимир Михайлович.",,,
11962,Земля отцов: [Рассказы].,"ЯНОВСКИЙ, Юрий Иванович.",,,
11963,Земля отцов: Роман.,"КОЛЯСТ-РУК, Николай Дмитриевич.",,,
11964,Земля отцов: [Стихи].,"БЫТОВОЙ, Семен.",,,
11965,Земля отцов: Стихи.,"ГЕРАСИМЕНКО, Юрий Георгиевич.",,,
11966,Земля отцов: [Стихи].,"МЕРЕЖ-НИКОВ, Николай Яковлевич.",,,
11967,-Земля отцов: Стихи.,"СЕМЕНОВ, Василий Васильевич.",,,
11968,Земля отцов и сыновей: Стихи и поэмы.,"ТЕТЦОЕВ, Таймураз Гацирович.",,,
11969,Земля первой любви: Повесть.,"МУРЗИДИ, Константин Гаврилович.",,,
11970,Земля по экватору.,"ВОЕВОДИН, Евгений Всеволодович.",,,
11971,Земля под буркой: Наброски.,"ГИ-НЕВ, Русин.",,,
11972,"Земля, поднятая к солнцу: Стихи.","АДАРОВ, Аржан Оинчинович.",,,
11973,Земля подшефная: Поэма.,"ДОРОНИН, Георгий Антонович.",,,
11974,"Земля, поклонись человеку!: Поэма.","СУЛЕИМЕНОВ, Олжас Омарович.",,,
11975,Земля полна открытий: Стихи и поэма.,"НИЙТ, Эллен.",,,
11976,Земля помнит все: Роман и повести.,"ДЖУМАГЕЛЬДИЕВ, Тиркиш.",,,
11977,Земля пробудилась: Пьеса в 3-х д.,"ЛЕБЕДЕВ, Иван Иванович.",,,
11978,Земля родимая: Стихи.,"КОШЕЧ-КИН, Сергей Петрович.",,,
11979,Земля Родины: Стихи и поэма.,"АЗЕРОГЛУ, Балаш.",,,
11980,Земля родная: Выбранные стихи.,"СОЛОГУБ, Федор.",,,
11981,Земля родная: (Думы и песни).,"МОРОЗОВ, Иван Игнатьевич.",,,
11982,Земля родная: (Повесть).,"ВЕДУ-ТА, Александр Тимофеевич.",,,
11983,Земля родная: Пьеса-сказка в 3-х д. с прологом; Волшебное зерно: Пьеса-сказка в 3-х д.,"СИМУКОВ, Алексей Дмитриевич.",,,
11984,Земля родная: Рассказы и очерки.,"ПОМОЗОВ, Юрий Фомич.",,,
11985,Земля родная: [Сборник стихов].,"ШЕВЕЛЕВА, Екатерина Васильевна.",,,
11986,Земля родная: Стихи.,"КУЗНЕЦОВ, Евгений Семенович.",,,
11987,Земля родная: Стихи.,"РАМАЗАНОВ, Гилемдар Зигандарович.",,,
11988,Земля родная: Стихи и поэма.,"ЛУЗГИН, Виктор Федорович.",,,
11989,Земля родная: Стихотворения.,"АРТАМОНОВ, Михаил Дмитриевич.",,,
11990,Земля с большой буквы: Повести и рассказы.,"ГОРЫШИН, Глеб Александрович.",,,
11991,Земля с надеждой.,"ЗАПЛАВНЫЙ, Сергей Алексеевич.",,,
11992,Земля Санникова или Последние онкилоны: Научно-фантастический роман.,"ОБРУЧЕВ, Владимир Афанасьевич.",,,
11993,Земля Сахария.,"КОССИО ВУДВОРД, Мигель.",,,
11994,Земля свиданий: Стихи.,"ЧИСТЯКОВ, Антонин Федорович.",,,
11995,Земля Сибирская.,"КОЖЕВНИКОВ, Савва Елизарович.",,,
11996,Земля синего неба: Стихи.,"УКА-ЧИН, Борис Укачинович.",,,
11997,Земля скорби и крови: Повесть.,"ШАПОВАЛЕНКО, Николай Николаевич.",,,
11998,Земля Соленых Скал.,САТ-ОК (САТ-ОКХ).,,,
11999,Земля солнечного огня.,"СЛАД-КОВ, Николай Иванович.",,,
12000,Земля среди шторма: Рассказы и повести.,"ТКАЧЕНКО, Анатолий Сергеевич.",,,
12001,Земля судьбы моей...: Стихи и поэмы.,"СИДОРЕНКО, Николай Николаевич.",,,
12002,Земля — Татьянина планета: Стихи.,"ГОРСКИЙ, Григорий Наумович.",,,
12003,Земля Тома Тиддлера: Рождественский рассказ.,"ДИККЕНС, Чарлз.",,,
12004,Земля у двух океанов.,"КОМАРОВ, Виктор Иванович.",,,
12005,Земля у нас одна: Роман.,"ВЕР-ГАСОВ, Илья Захарович.",,,
12006,Земля у нас такая: Повесть.,"МИСЬКО, Павел Андреевич.",,,
12007,Земля Ханаанская: Роман.,"ША-ДУРН, Луи.",,,
12008,Земля цветет: Пьеса в 3-х д.,"ЛИХАЧЕВ, Михаил Николаевич.",,,
12009,Земля цветет: [Рассказы].,"ДЫМОВ, Осип.",,,
12010,Земля цветет: Стихи.,"ВИНОГРАДОВ, Сергей Дмитриевич.",,,
12011,Земля Цезаря: Рассказы.,"МАР-КУША, Анатолий.",,,
12012,Земля шатается: Роман.,"ГАЛУЗИН, Н.",,,
12013,Земля шорохов.,"ДАРРЕЛЛ, Джеральд.",,,
12014,Земляк: Из жизни буйволов.,"ЧЕГЛОК, Александр.",,,
12015,Земляк: [Рассказ].,"АМИР, Мир-сай.",,,
12016,Земляк Вильпре: (Товарищ круговых поездок по Франции).,"ЗАНД, Жорж (САНД, Жорж).",,,
12017,Земляк Ломоносова: Повесть о Федоте Шубине.,"КОНИЧЕВ, Константин Иванович.",,,
12018,Земляк Манаса:- Стихи.,"ТОКОМ-БАЕВ, Аалы.",,,
12019,Земляк президента: (Бесноватый галантерейщик). Сатирическая комедия в 3-х д.,"СУРОВ, Анатолий Алексеевич.",,,
12020,Землякам Ильича.,"ДОЛД, Сам-дан.",,,
12021,Земляки: Две поэмы.,"ЧЕЛИДЗЕ, Отар Силованович.",,,
12022,Земляки; Достукался: Рассказы.,"ТЕСЛЯ, Андрей Ефимович.",,,
12023,Земляки: (Из жизни русских евреев в Америке). Пьеса в 3-х д.,"АШ, Шолом.",,,
12024,Земляки: (Очерки).,"САФАРОВ, Назир Сафарович.",,,
12025,Земляки: [Повести].,"АЛЕШИН, Николай Павлович.",,,
12026,Земляки: Повести.,"ГЕЛЬБАК, Павел Александрович.",,,
12027,Земляки: Повести и рассказы.,"АГИШ, Сагит.",,,
12028,Земляки: [Повесть].,"ВЕРЕСОВ, Александр Израилевич.",,,
12029,Земляки: Повесть.,"ОЛЬХИН, Борис Егорович.",,,
12030,Земляки: Повесть.,"ФЕЙГИН, Эммануил Абрамович.",,,
12031,Земляки: Рассказ.,"АЙЗМАН, Давид Яковлевич.",,,
12032,Земляки: Рассказ.,"ВАСИЛЬКОВСКИЙ, Александр Константинович.",,,
12033,Земляки: [Рассказы].,"СЕЛЯН-КИН, Олег Константинович.",,,
12034,Земляки: Рассказы.,"ШУКШИН, Василий Макарович.",,,
12035,Земляки: Рассказы и очерки.,"СУББОТИН, Федор Евстафьевич.",,,
12036,Земляки: Рассказы и повести.,"МАВРОДИ, Иван Васильевич.",,,
12037,Земляки:   Роман.,"АБДУЛЛИН, Хизмет Миталипович.",,,
12038,Земляки: Стихи.,"БЕЗДОМНЫЙ, Борис.",,,
12039,Земляки: [Стихи].,"БУХАНОВ, Виталий Степанович.",,,
12040,Земляки:   Стихи.,"ИГНАТЬЕВ, Иван Иванович.",,,
12041,Земляки: [Стихи].,"ПОЛЯНСКИЙ, Егор Иванович.",,,
12042,Земляки: Стихи.,"ТУЧКОВ, Иван Николаевич.",,,
12043,Земляки: [Стихи].,"УШАКОВ, Николай Николаевич.",,,
12044,Земляки: Стихи.,"ХАЗИН, Александр Абрамович.",,,
12045,Земляки:  [Стихи].,"ЧМЫХАЛО, Анатолий Иванович. ",,,
12046,Земляки:  [Стихи].,"ШЕРЫШЕВ, Павел Павлович.",,,
12047,Земляки: Стихи о родном колхозе.,"ЯШИН, Александр.",,,
12048,Земляки героя: Пьеса в 5-ти д.,"ЧУРКИН, Владимир Михайлович.",,,
12049,Земляки мои!: Очерки разных лет.,"СМЕРДОВ, Александр Иванович.",,,
12050,Земляки мои: Стихи и поэмы.,"ИВАНОВ, Григорий Фролович.",,,
12051,Земляная литургия:       Лирика 1921 года.,"ИЛЬИНА, Александра (СЕФЕ-РЯНЦ).",,,
12052,Земляная порода: (Повести и рассказы).,"КОРОБОВ, Яков Евдокимович.",,,
12053,Земляне: Стихи.,"КОТЛЯРОВ, Борис Иванович.",,,
12054,Земляне: Стихи и поэмы.,"ГРЕКОВ, Александр.",,,
12055,Земляне: Стихи и поэмы.,"ТАТА-РЕНКО, Леонид Сергеевич.",,,
12056,"Земляника: Миниатюры, рассказы, стихи, сказки.","БАХРЕВСКИИ, Владислав Анатольевич.",,,
12057,Земляника: Стихи.,"АЛЕКСАНДРОВ, Иван Васильевич.",,,
12058,Земляника: Стихи.,"САУЛОВ, Анатолий Петрович.",,,
12059,Земляничка.,"ТРИО Л Е, Эльза.",,,
12060,Земляничное лето: Стихи.,"АНТОШКИН, Евгений Александрович.",,,
12061,Землянка: Повесть.,"БЛИЗНЕЦ, Виктор Семенович.",,,
12062,Землянка: [Повесть].,"КАМЕНСКИЙ, Василий Васильевич.",,,
12063,Земляное: 3-я книга стихов.,"АНИСИМОВ, Юлиан Павлович.",,,
12064,Земляное яблоко: (История картофеля).,"ГЕРШЕНЗОН, Михаил Абрамович.",,,
12065,Земляной вал: Московские стихи. 1932—1936.,"НЕЗЛОБИИ, Николай Иванович.",,,
12066,Землячок: Повесть.,"КЕККЕЛЕВ, Леонид Николаевич.",,,
12067,Земная быль: Стихи.,"ПО ЛЕНОК, Ефим Тимофеевич.",,,
12068,Земная волна: Стихи.,"НАЙДИЧ, Михаил Яковлевич.",,,
12069,Земная глубина: Повести и рассказы.,"ГРАНИН, Юрий.",,,
12070,Земная жизнь и апофеоз художника: Драма в 3-х актах.,"ГЕТЕ, Иоганн Вольфганг.",,,
12071,Земная звезда: Повесть.,"ГРЯЗЕВ, Василий Никандорович.",,,
12072,Земная звездочка.,"ВЕЛИКАНОВ, Василий Дмитриевич.",,,
12073,Земная зыбь: Рассказы.,"ФОМИН, Семен Дмитриевич.",,,
12074,Земная колыбель.,"СЕМЫНИН, Петр Андреевич.",,,
12075,Земная ось: Рассказы и драматические сцены (1901—1907 гг.).,"БРЮСОВ, Валерий Яковлевич.",,,
12076,Земная палуба.,"СЕМЕРНИН, Вадим Николаевич.",,,
12077,"Земная песня: Поэмы, стихотворения, повесть в стихах.","ЗЕМЛЯНСКИЙ, Анатолий Федорович.",,,
12078,Земная печаль: Рассказы.,"ЗАЙЦЕВ, Борис Константинович.",,,
12079,Земная радость: Лирика.,"ЛАВРОВ, Николай.",,,
12080,Земная радость: Роман.,"ДОРОХОВ, Павел Николаевич.",,,
12081,Земная радость: Стихи.,"ДОЛГОВ, Анатолий Александрович.",,,
12082,Земная радость: Стихи.,"ПАШКОВ, Юрий Васильевич.",,,
12083,Земная риза: Стихи.,"РАДИМОВ, Павел Александрович.",,,
12084,Земная сила.,"ЛИВШИЦ, Семен Ефимович.",,,
12085,Земная твердь: Повесть. Рассказы.,"АКУЛОВ, Иван Иванович.",,,
12086,Земная тревога: Роман.,"ЖУКОВ, Владимир Николаевич.",,,
12087,Земная тяга: Стихи.,"ГОРДЕИ-ЧЕВ, Владимир Григорьевич.",,,
12088,Земная тяга: Стихи.,"КАЧАЕВ, Виталий Сергеевич.",,,
12089,Земная тяга: Стихи.,"САВЕЛЬЕВ, Михаил Петрович.",,,
12090,Земная тяга: Стихи.,"ШУТОВ, Виктор Васильевич.",,,
12091,Земное: Драма в 4-х д.,"ПОЛИВАНОВ, Сергей.",,,
12092,Земное: Избранные стихи.,"РАДИМОВ, Павел Александрович.",,,
12093,Земное: [Стихи].,"ГОЛОДНЫЙ, Михаил.",,,
12094,Земное время: Стихи.,"СПАССКИЙ, Сергей Дмитриевич.",,,
12095,Земное время: Стихотворения и поэмы.,"ЭРАЛИЕВ, Суюнбай.",,,
12096,Земное дыхание.,"РОМАНЕНКО, Лариса Николаевна.",,,
12097,Земное лето: Стихи.,"СУББОТИН, Василий Ефимович.",,,
12098,Земное напряжение: Стихи.,"ШЕВЧЕНКО, Виталий Степанович.",,,
12099,Земное наше притяжение: Лирика.,"ЮНИЦКАЯ, Марина Сергеевна.",,,
12100,Земное небо: Книга стихов.,"МОРДОВИНА, Нинель Александровна.",,,
12101,Земное небо: Стихи.,"ЛЕВИТАНСКИЙ, Юрий Давыдович.",,,
12102,Земное пламя: Стихи.,"БЕТАКИ, Василий Павлович.",,,
12103,Земное притяжение: Очерки и рассказы.,"КРАСОВСКИЙ, Сергей Александрович.",,,
12104,Земное притяжение:    Повесть.,"РЖЕВСКАЯ, Ел.",,,
12105,Земное притяжение: Пьеса в 3-х д.,"КУЛИК, Арнольд Семенович.",,,
12106,Земное притяжение: Рассказы.,"ГЕРЧИК, Михаил Наумович.",,,
12107,Земное притяжение: Роман.,"АСА-ЕВ, Ахмет (АСЫЛБАЕВ, Ахмет Асылбае-вич).",,,
12108,Земное притяжение:      Стихи.,"ПЛОТНИКОВ, Александр Иванович.",,,
12109,Земное притяжение: Стихи.,СЕ-POCTAHOBA,,,
12110,Земное притяжение: Стихи.,"СОКОЛОВ, В. П. (СОКОЛОВ-УЯНЕЦ, Владимир Петрович).",,,
12111,Земное притяжение: Стихи и поэмы.,"ШОГЕНОВ, Хабас Хажпагович.",,,
12112,Земное притяжение: Стихи разных лет.,"РЕШЕТНИКОВ, Леонид Васильевич.",,,
12113,Земное притяжение любви: Стихи и поэма.,КОНДЫРЕВ,,,
12114,"Земное сердце: Книга лирики, 1929—1932.","РОЖДЕСТВЕНСКИЙ, Всеволод Александрович.",,,
12115,Земное сияние.,"ГЕРАСИМОВ, Михаил Прокопьевич.",,,
12116,Земное солнце: Стихотворения и поэма.,"МАУЛЕНОВ, Сырбай Мауленович.",,,
12117,Земное счастье: (Московский депутат). Пьеса в 2-х д.,"ЧЕРНЫШЕВА, Зоя Владимировна.",,,
12118,Земное тепло: Стихи.,"КИРСАНОВ, Александр Федорович.",,,
12119,Земное тяготение: Пьеса в 3-х актах с прологом.,"МАКСИМОВ, Николай Иванович, ХАРЛАМОВА, Л.",,,
12120,Земное тяготение: Стихи.,"КЛЕЙН, Александр.",,,
12121,Земное тяготение: [Стихи].,"МОНАХОВ, Вадим Иванович.",,,
12122,Земной гром: Драма в 2-х д.,"ГОРБАЧЕВ, Николай Андреевич.",,,
12123,Земной зной: Стихи.,"РОМЕРО, Эльвио.",,,
12124,Земной круг: Книга о землепроходцах и мореходах.,"МАРКОВ, Сергей Николаевич.",,,
12125,Земной непокой: Стихи.,"СМИРНОВ, Лев Васильевич.",,,
12126,Земной поклон: Лирика.,"ПОЗДНЯКОВ, Степан Яковлевич.",,,
12127,Земной поклон: Стихотворения.,"ПРЕЛОВСКИЙ, Анатолий Васильевич.",,,
12128,Земной простор: Стихи.,"ПАСТЕРНАК, Борис Леонидович.",,,
12129,Земной рай: Комедия-фарс в 3-х д.,"ГОРСТ, Юлий.",,,
12130,Земной рай и тайна карьеры: Юмористические стихотворения.,ФЕДОРОВ.,,,
12131,Земной чертог: Повесть и рассказы.,"САВЕЛИЧЕВ, Аркадий Алексеевич.",,,
12132,Земные братья: Повесть.,"КОСТЮ-КОВСКИЙ, Борис Александрович.",,,
12133,Земные дали: Вторая книга стихов.,"ТАРАСОВ, Евгений Михайлович.",,,
12134,Земные дороги: Стихи.,"МУРТАЗОВ, Борис Алхастович.",,,
12135,Земные звезды: Стихи.,"ЛОМИА, Константин.",,,
12136,Земные звезды: [Стихи].,"МУХИН, Владимир Евграфович.",,,
12137,Земные звезды: Стихи и поэма.,"ПОДКОПАЕВ, Виктор Стефанович.",,,
12138,Земные звезды: Третья книга стихов.,"КРЕЙТАН, Георгий Владимирович.",,,
12139,"Земные звезды Казахстана: Стихи, поэма.","АЛТАЙСКИЙ, Константин.",,,
12140,Земные корни: Стихи.,"ЕРЕМИН, Игорь Алексеевич.",,,
12141,Земные корни: Стихи.,"МАРКОВ, Сергей Николаевич.",,,
12142,Земные небеса: Стихи.,"ДОРОГОЙ-ЧЕНКО, Алексей Яковлевич.",,,
12143,Земные обманы: Рассказы.,"ВАСИЛЕВСКИЙ, Лев Маркович.",,,
12144,Земные орбиты: Стихи.,"УПЕНИК, Микола.",,,
12145,Земные острова.,"КАБАКОВ, Марк Владимирович.",,,
12146,Земные песни: Стихотворения.,"КУТЕЙНИКОВ, В.",,,
12147,Земные плоды: Книга новых стихов.,"ПОЛЯКОВА, Надежда Михайловна.",,,
12148,Земные поклоны.,"МУХИНА, Людмила Михайловна.",,,
12149,Земные пределы.,"ВИНОКУРОВ, Евгений Михайлович.",,,
12150,Земные радости: Повести и рассказы.,"БЫХОВЕЦ, Владимир Саввич.",,,
12151,Земные ремесла.,"ШКАПСКАЯ, Мария Михайловна.",,,
12152,«Земные странники» и другие рассказы.,"КОВАЛЬСКИЙ, Казимир Адольфович, КОВАЛЬСКАЯ, Ольга.",,,
12153,"Земные ступени: Элегии, песни, поэмы.","БАЛТРУШАЙТИС, Юргис Казимирович.",,,
12154,Земные тревоги: Стихи и поэмы.,"АВТОНОМОВ, Владимир Михайлович.",,,
12155,Земные угасания:   [Стихотворе- ния].,"ШЛЕГЕЛЬ, И. А.",,,
12156,Земные узы.,"ЕМЕЛЬЯНОВА, Надежда Алексеевна.",,,
12157,Земные хлопоты:       Повести.,"ИОНОВ, Владимир Борисович.",,,
12158,Земские силы: Роман. Т. 1.,"БОБОРЫКИН, Петр Дмитриевич.",,,
12159,Земский врач: Драма в 4-х д.,"СОЛОВЬЕВ, В. Е.",,,
12160,Земский деятель Нератов: Сцены в 4-х д.,"ВИТИН, В.",,,
12161,Земский статистик:    Повесть.,"БУРЛИН, Валентин Федорович.",,,
12162,Земское дело — семейное дело: Комедия Bi 4-х д.,"СОКОЛОВ, Александр Алексеевич.",,,
12163,Земское дело — семейное дело: Роман в 3-х ч.,СОКОЛОВ.,,,
12164,Земство: Рассказ.,"УСПЕНСКИЙ, Николай Васильевич.",,,
12165,Земстихи.,"ТАРАСОВ, Г.",,,
12166,Зенит: [Рассказы].,"БУДАНЦЕВ, Сергей Федорович.",,,
12167,Зенит: Стихи.,"КОВАЛЬ-ВОЛКОВ, Александр Иванович.",,,
12168,Зенит голубой: Повесть.,"ДВОРЕЦКИЙ, Дмитрий Павлович.",,,
12169,Зенитки бьют по ведущему.,"ДЕНИСОВ, Валерий Викторович.",,,
12170,Зенитчики.,"МУСЬЯКОВ, Павел Ильич.",,,
12171,Зеница ока: [Стихи].,МАКИТОВ. ,,,
12172,Зеница ока: Стихи.,"ФЕЙЕР-АБЕНД, Евгений Витальевич.",,,
12173,Зеравшанские песни: Стихи и поэма.,"ФАЙЗИЕВ, Душан.",,,
12174,Зербин-бирюк; Золотое руно.,"ЛАБУЛЭ, Эдуард Рене Лефевр де.",,,
12175,Зергалам: Рассказ.,"САДЫК, Авез.",,,
12176,Зеркала: Вторая книга рассказов.,"МЕРЕЖКОВСКАЯ, Зинаида Николаевна (ГИППИУС, Зинаида Николаевна).",,,
12177,Зеркала: [Стихи].,"КИРСАНОВ, Семен Исаакович.",,,
12178,Зеркала: [Стихотворения].,"АГАТОВ, Владимир.",,,
12179,Зеркала на плацу.,"ВАНШЕНКИН, Константин Яковлевич.",,,
12180,"Зеркала потускневшие: Поэзы, кн. 2.","ШЕНГЕЛИ, Георгий Аркадьевич.",,,
12181,Зеркало; Кладбищенские соловьи; Три обедни; Монолог на судне; Феи Франции.,"ДОДЕ, Альфонс.",,,
12182,Зеркало: Собрание стихотворений.,"ЛЬВОВ, Александр Федорович.",,,
12183,Зеркало: Юмористическо-литературный иллюстрированный сборник.,"КРЕПС, Соломон.",,,
12184,Зеркало Аллаха: Стихи.,"КУСИ-КОВ, Александр.",,,
12185,"Зеркало, в котором каждый человек видеть себя может.","Г-МАН, И. О.",,,
12186,Зеркало в черной раме.,"БЛАНКО, Андрес Элой.",,,
12187,Зеркало души: Стихотворения.,"РАФАЛОВИЧ, Сергей Львович.",,,
12188,Зеркало и обезьяна: Басня.,"КРЫЛОВ, Иван Андреевич.",,,
12189,Зеркало красного платочка.,ХА-ИР ХАНУМ.,,,
12190,Зеркало морей: Воспоминания и впечатления.,"КОНРАД, Джозеф.",,,
12191,Зеркало правды: Сказки.,"СОЛОВЬЕВА, Лидия Исаевна.",,,
12192,Зеркало прошедшего: Выписки и записки многих годов.,Имя авт. не установлено.,,,
12193,Зеркало современной жизни русского люда в XIX письмах отца к своему семейству и Басни: В 2-х ч.,"СВОЕХО-ТОВ, Е.",,,
12194,"Зеркало теней: Стихи, 1909— 1912.","БРЮСОВ, Валерий Яковлевич.",,,
12195,Зеркальные мальки.,"ПОПОВА, Нина Аркадьевна.",,,
12196,Зеркальный дом: Фарс в 3-х д.,"ВЕБЕР, Пьер, ЭННЕКЕН, Морис.",,,
12197,Зерна: Рассказы и повести.,"КРУ-ПИН, Владимир Николаевич.",,,
12198,Зерна: Стихи.,"ГОЛОВЕНЧИЦ, Михаил Ефимович.",,,
12199,Зерна в горсти: Стихи.,"ГРУДЕВ, Игорь Тимофеевич",,,
12200,Зерна добра: Стихи.,"ДЕНИСОВ, Николай Никитович.",,,
12201,Зерна и капели.,"ПАЛЬЧИКОВ, Владимир Иосифович.",,,
12202,Зерна на ладони.,"СИМОНОВ, Борис Тимофеевич.",,,
12203,Зерна огня: Стихотворения разных лет.,"СТАНИШИЧ, Иоле Якшич.",,,
12204,Зерна одного колоса: Одноактная пьеса.,"ИГНАТИУС, Виктор Альбертович.",,,
12205,Зерна падают в землю: Роман.,"БЕССОНОВ, Илья Минич.",,,
12206,Зерна падают не на камень: Повесть и рассказы.,"ПТАШНИКОВ, Иван Николаевич.",,,
12207,Зерна преступности.,"АМУКОВ, А.",,,
12208,Зерна риса: Стихи.,"ЭРНАНДЕС АМАДО, В.",,,
12209,Зерна счастья: Приключенческая повесть.,"РАСИХ, Атилла.",,,
12210,Зерно: Лирика.,"ГОРЯЙНОВ, Василий Георгиевич.",,,
12211,Зерно: [Пьеса].,"ЕЛИН, Николай Александрович.",,,
12212,Зерно: Рассказы.,"ЗАЛЫГИН, Сергей Павлович.",,,
12213,Зерно: Рассказы.,"РАЗДОЛЬ-СКИИ, Владимир Георгиевич.",,,
12214,Зерно: Роман.,"ГАСКАР, Пьер.",,,
12215,Зерно: Стихи.,"ПЛОТНИКОВ, Александр Иванович.",,,
12216,Зерно: Стихи.,"ПРИШЕЛЕЦ, Антон.",,,
12217,Зерно в земле: Повесть.,"ИГУМНОВА, Татьяна Сергеевна.",,,
12218,Зерно жизни: Рассказ.,"НАГИБИН, Юрий Маркович.",,,
12219,Зерно задора: Чукотские рассказы.,"КРАВЧЕНКО, Павел Антонович.",,,
12220,Зерно-зернинка: Сказки.,"МАТВЕ-ЕНКО, Александр Николаевич.",,,
12221,Зерно к зерну.,"БАЛАЧАН, Владимир Федорович.",,,
12222,Зерно на ладони: Стихи.,"ВОРОБЬЕВ, Алексей Александрович.",,,
12223,Зерно риса: Драматический этюд в 2-х карт.,"ГРАДОВ, Григорий.",,,
12224,Зерно риса: Комедия в 4-х д.,"НИКОЛАИ, Альдо.",,,
12225,Зерно с куриное яйцо; Как чертенок краюшку выкупал; Два брата и золото.,"ТОЛСТОЙ, Лев Николаевич.",,,
12226,Зерно стали: Рассказы и очерки.,"БЕК, Александр Альфредович.",,,
12227,Зернышки спелых яблок: Повесть.,"РЕШЕТОВ, Алексей Леонидович.",,,
12228,Зернышко ржаного колоса: Повесть.,"ТУЖИЛИН, Николай Алексеевич.",,,
12229,Зерцало добродетели.,"АВЧИН-НИКОВА-АРХАНГЕЛЬСКАЯ, Варвара Васильевна.",,,
12230,Зет: Фантастическая хроника одного убийства.,"ВАСИЛИКОС, Василис.",,,
12231,Зефирчик: Повесть.,"ОЖЕШКО, Элиза.",,,
12232,Зея: (Из цикла «Золотой Алдан»).,"ОКУНЕВ, Яков.",,,
12233,Ззудо.,"КРУЧЕНЫХ, Алексей Ел и",,,
12234,Зибенкэз.,"РИХТЕР, Жан Поль Фридрих (РИХТЕР, Иоганн Пауль Фридрих).",,,
12235,Зигда: (Башкирская легенда).,"НЕФЕДОВ, Филипп Диомидович.",,,
12236,Зигзаг: Стихи. Басни.,"КАЛ АН Д-ЖИЕВ, Георгий.",,,
12237,Зигзаг удачи; Убийство в библиотеке; Берегись автомобиля.,"БРАГИНСКИЙ, Эмиль Вениаминович, РЯЗАНОВ, Эльдар Александрович.",,,
12238,Зигзаги: [Рассказы].,"МИХАЙЛОВ, Н.",,,
12239,Зигзаги: Стихи.,"ТОМИЛИН, Г. С.",,,
12240,"Зигзаги: Фельетоны, миниатюры, пародии.","ГОРЕЛИК, Лев Германович.",,,
12241,Зигзаги вдоль бумаги: Пародии. Фельетоны. Эпиграммы.,"КЕЖУН, Бронислав Адольфович.",,,
12242,Зигзаги души: Поэзы.,"ПОЛЯРНЫЙ, Олег (ДВОРЯШИН, Виктор Павлович).",,,
12243,Зигзаги любви: Эскизы в 4-х д.,"ТУРКИН, Никандр Васильевич.",,,
12244,"Зигфрид де Линденберг, померанский дворянин: Летописи Шведской Померании. Ч. 1—4.","МЮЛЛЕР, Иоганн Готтверт.",,,
12245,Зигфрид и Лимузен: Роман.,"ЖИ-РОДУ, Жан.",,,
12246,Зизи: Комедия в 1-м д.,"ГИРО, Эдмонд.",,,
12247,Зизина: Роман. Ч. 1—4.,"КОК, Поль де.",,,
12248,Зильберман: Роман.,"ЛАКРЕ-ТЕЛЛЬ, Жак де.",,,
12249,Зима: Новые повести и рассказы преимущественно из русского быта.,"ЧИСТЯКОВ, Михаил Борисович.",,,
12250,Зима: Отрывок из сокращенного перевода поэмы.,"СЕН-ЛАМБЕР, Жан Франсуа де.",,,
12251,Зима: Пьеса в 4-х д.,"ГНЕДИЧ, Петр Петрович.",,,
12252,Зима: [Рассказ].,"ПОДХАЛЮ-ЗИН, Климуша. ",,Вечерком...,
12253,Зима: Стихи.,"ТОМАШЕВСКИЙ, Константин Брониславович.",,,
12254,Зима в горах: Роман.,УЭЙН Д,,,
12255,Зима в Тарацкоше.,"КАХАНА, Моисей Генрихович.",,,
12256,Зима в цветах: Стихи и поэма.,САРМЕН.,,,
12257,"Зима, весна, лето:     Повесть.","ПАЛЬМАН, Вячеслав Иванович.",,,
12258,Зима и очаг: Стихи и поэма.,"БОЛКВАДЗЕ, Заур Емельянович.",,,
12259,Зима или Дедушка-вещун: Поэма.,"РАЗУМЦЕВ, Иван Н.",,,
12260,Зима мужественных: Рассказы.,"БЭНУЛЕСКУ, Штефан.",,,
12261,Зима на дороге: Рассказ дамы.,Имя авт. не установлено.,,,
12262,Зима на Тихоне: Повесть.,"ДРОЗДОВ, Александр Михайлович.",,,
12263,Зима    тревоги  нашей:  Роман.,"СТЕИНБЕК, Джон.",,,
12264,Зима 1941 года.,"ЛИДИН, Владимир Германович.",,,
12265,Зима Ширака: Стихотворения и баллады.,"ГРИГОРЯН, Каджик Гургенович.",,,
12266,Зимнее  солнце:  Книга  стихов.,"ДАНИЛОВ, Семен Петрович.",,,
12267,Зимнее солнце: Стихи.,"ДРОФЕН-КО, Сергей Петрович.",,,
12268,Зимнею   ночью:  Рассказ.,"РВА- ЧЕВ, П.",,,
12269,Зимние вечера: Рассказы.,"АННЕНСКАЯ, Александра Никитична.",,,
12270,Зимние вечера:        Рассказы.,Д-СКИЙ. ,,,
12271,Зимние вечера: Рассказы и сказка.,"РОЗЕГГЕР, Петер.",,,
12272,Зимние вечера: Русские повести и рассказы.,"САВЕЛЬЕВА-РОСТИСЛА-ВИЧ, Л. А.",,,
12273,Зимние вечера такие долгие...: Рассказы и повесть.,"НЕМЧЕНКО, Гарий Леонтьевич.",,,
12274,Зимние дни: Рассказы.,"ЭРЛИХ, Арон Исаевич.",,,
12275,Зимние досуги: Рассказы и стихотворения.,"КРУГЛОВ, Александр Васильевич. ",Вечерние досуги.,,
12276,Зимние жаворонки: Стихи.,"ОРАЧ, Олег Ефимович.",,,
12277,Зимние заметки о летних впечатлениях.,"ДОСТОЕВСКИЙ, Федор Михайлович.",,,
12278,Зимние звезды: Стихи.,"БЕРЕСТОВ, Валентин Дмитриевич.",,,
12279,Зимние каникулы: Стихи.,"ТИХОМИРОВ, Александр Борисович.",,,
12280,Зимние лагери.,ЗАВИСТОВСКИИ. ,,,
12281,Зимние ночи: Рассказы и повести.,"ГУСЕЙН, Сеид.",,,
12282,Зимние послания друзьям: Стихи.,"ГИТОВИЧ, Александр Ильич.",,,
12283,Зимние сказки.,"МОРОЗОВА, Ксения Алексеевна.",,,
12284,"Зимние сумерки: Рассказы, сказки и стихотворения.","ФЕДОРОВ-ДАВЫДОВ, Александр Александрович.",,,
12285,Зимние        цветы: Стихи и поэма.,"БАЯНОВ, Ахсан Фатхулбаянович.",,,
12286,Зимние яблоки.,"КУТУЙ, Рустем.",,,
12287,«Зимний барин» и другие рассказы.,"ОПОЧИНИН, Евгений Николаевич.",,,
12288,Зимний берег: Рассказы.,"ТАГЕР, Елена Михайловна.",,,
12289,Зимний        берег: Стихи и поэмы.,"ЛЕВУШКИН, Анатолий Ильич.",,,
12290,Зимний        ветер: Роман.,"КАТАЕВ, Валентин Петрович.",,,
12291,Зимний вечер: Повесть на Новый год.,"ГРИГОРОВИЧ, Дмитрий Васильевич.",,,
12292,Зимний вечер: Пьеса в 1-м д.,"БЕРНАЦКИЙ, Петр Сигизмундович. ",Последний путь Пушкина.,,
12293,Зимний вечер: [Рассказ].,"УСПЕНСКИЙ, Глеб Иванович. ",,,
12294,"Зимний гром: Роман, повесть и рассказы.","РОДИН, Николай Александрович.",,,
12295,Зимний день: [Рассказы].,"БЕСПАЛОВ, Валентин Иванович.",,,
12296,Зимний день: Рассказы.,"СОЛОУХИН, Владимир Алексеевич.",,,
12297,Зимний деревенский досуг: Вольные стихи.,"ТИХОМИРОВ, М.",,,
12298,Зимний диалог: Книга стихов.,"ШАДУР, Павел Яковлевич.",,,
12299,Зимний дождь: Повесть.,"ШВЕЦОВ, Дмитрий Филимонович.",,,
12300,Зимний дом: Стихи.,"ПОЖЕНЯН, Григорий Михайлович.",,,
12301,Зимний дуб: Рассказы.,"НАГИБИН, Юрий Маркович.",,,
12302,Зимний Никола.,"ЧЕРНИЧЕНКО, Юрий Дмитриевич.",,,
12303,Зимний полдень.,"ХАЛУПОВИЧ, Вадим Абрамович.",,,
12304,Зимний сон: Драма в 3-х д.,"ДРЕЙЕР, Макс.",,,
12305,"Зимний сон: Пьеса для детей в 3-х карт., в стихах.","СЕНОВ, Кронид П.",,,
12306,Зимник: Рассказы.,"ЕЛОВСКИИ, Валерий.",,,
12307,Зимняя баллада: В 2-х ч.,"ВЕЙЦ-ЛЕР, Андрей Леонидович, МИШАРИН, Александр Николаевич.",,,
12308,Зимняя баллада: Драматическая поэма.,"ГАУПТМАН, Гергарт.",,,
12309,Зимняя быль: Пьеса в 1-м д.,"САМСОНИЯ, Алексей Аполлонович.",,,
12310,Зимняя дорога: (Licentia poetica).,"АКСАКОВ, Иван Сергеевич.",,,
12311,Зимняя звезда: Стихи.,"ЗВЯГИНЦЕВА, Вера Клавдиевна.",,,
12312,Зимняя мозаика: Стихи.,"СМИРНОВ, Владимир Петрович.",,,
12313,Зимняя ночь: [Повести и рассказы].,"ЗОРЯН, Стефан (ЗОРЬЯН, Стефан)",,,
12314,Зимняя ночь: [Повесть].,"КАДЫР-ЗАДЕ, Салам Дадаш оглы.",,,
12315,«Зимняя ночь в деревне» и другие стихотворения.,НИКИТИН. ,,,
12316,«Зимняя ночь» и другие рассказы.,"РОЗЕГГЕР, Петер.",,,
12317,Зимняя повесть.,"ГОРДИЕНКО, Константин Алексеевич.",,,
12318,Зимняя повесть.,"РОЗЕН, Александр Германович.",,,
12319,Зимняя радуга: [Повесть].,"БЫ-ТОРОЙ, Семен.",,,
12320,Зимняя радуга: Стихи.,"БАЕВА, Антонина Антоновна.",,,
12321,Зимняя радуга: [Стихи].,"ЗОЛОТ-ЦЕВ, Станислав Александрович.",,,
12322—12323,Зимняя радуга: Стихи.,"ЯКОВЛЕВ, Юрий Яковлевич.",,,
12324,Зимняя сказка: Комедия в 5-ти актах.,"ШЕКСПИР, Вильям.",,,
12325,Зимняя сказка: Пьеса в 4-х карт.,"АПРИШКО, Григорий Д.",,,
12326,Зимняя тишина: Роман.,"ЛУКА, Ремус.",,,
12327,Зимовье на Кацисе.,"СИДОРЕНКО, Владимир Яковлевич.",,,
12328,Зимовье на Студеной: Рассказ.,"МАМИН-СИБИРЯК, Дмитрий Наркисович.",,,
12329,Зимогоры: Повесть.,"РАПОВ, Михаил Александрович.",,,
12330,Зимогоры: Роман.,"КАМСКИЙ, Михаил Васильевич.",,,
12331,Зимой в Подлипках: Из деревенских записок.,"ВОСТРЫШЕВ, Иван Васильевич.",,,
12332,Зимородок: Стихотворения и поэма.,"РОМАНОВ, Александр Александрович.",,,
12333,Зимою зори: Цикл стихов.,"КУР-ДЮМОВ, Всеволод Валерианович.",,,
12334,Зимою лета не ищи!: Комедия в 1-м д.,"БАГРИНСКИИ, Александр Алексеевич.",,,
12335,Зимушка: Лирика.,"КУХНО, Александр Антонович.",,,
12336,Зина: Повесть.,"ХАЛИЛЕЦКАЯ, Ефросинья Петровна.",,,
12337,Зина: Рассказ учительницы.,"БЕЛЯ ЕВСКАЯ, Ольга Александровна.",,,
12338,Зина Демина: Роман.,"ОВАЛОВ, Лев.",,,
12339,Зина Черемушкина: Драма в 4-х д.,"ГОРЬКИЙ, Сергей (КУРКОВ, С. Д.).",,,
12340,Зиндон: (Могила живых). [Отрывок из романа «Дохунда»].,"АЙНИ, Сад-риддин Саид Мурадович.",,,
12341,Зинка: Рассказ.,"ПАНЕВ, Георгий Иоакимович.",,,
12342,"Зиновий-Богдан Хмельницкий: Эпоха первая, молодость Зиновия. Ч. 1— 5.","КУЗЬМИЧ, Александр.",,,
12343,"Зиновий-Богдан Хмельницкий — гетман Малороссии: Историческое представление в 4-х д. с прологом и эпилогом, в стихах.","СОКОЛОВ, Александр Алексеевич.",,,
12344,Зиновия Солбакен.,"БЬЕРНСТЕН-БЬЕРСОН (БЬЕРНСОН, Бьернстерне). ",Сюнневе Сульбак-кен.,,
12345,Зириаб: Повесть из жизни арабов в девятом веке.,"ОРЛОВСКИЙ, Сергей (ШИЛЬ, Софья Николаевна).",,,
12346,Злат венец: Стихи.,"СКВОРЦОВ, Александр Васильевич.",,,
12347,Злата Прага: Роман.,"ГОНЧАР, Олесь (ГОНЧАР, Александр Терентьевич).",,,
12348,Златая цепь: Записки. Повести. Рассказы.,"БОНДАРИН, Сергей Александрович.",,,
12349,Златокудрая красавица: Драма в 5-ти д.,"АРНУ, Артур, ЛИОРА, Арман.",,,
12350,Златокудрые: Пьеса-сказка в 4-х д. По мотивам осетинских народных сказок.,"ТУАЕВ, Давид Афанасьевич.",,,
12351,Златолира: Поэзия. Кн. 2-я.,"СЕВЕРЯНИН, Игорь.",,,
12352,Златонивье.,"КОШКАРОВ, Сергей Николаевич.",,,
12353,Златополье.,"ВЕРХОВСКИЙ, Николай Александрович.",,,
12354,Златорог: Альпийская легенда в стихах.,"БАУМБАХ, Рудольф.",,,
12355,Златоуст: Стихи.,"ТРЯПКИН, Николай Иванович.",,,
12356,Златые времена: Символическая мелодрама в 3-х актах.,"ПАЛЕИ, Иосиф С.",,,
12357,Златые горы: Избранное.,"КОПЫ-ТИН, Василий Яковлевич.",,,
12358,Злая воля: Маленький роман.,"ЕМЕЛЬЯНОВА, Мария Ивановна.",,,
12359,Злая жена: Сказка.,ЗАЙЦЕВ.,,,
12360,Злая жизнь: Повесть.,"ОРЕШИН, Петр Васильевич.",,,
12361,Злая жизнь: Рассказы.,"МИЛЛЬ, Пьер.",,,
12362,Злая забава.,"КЛИНСКИЙ, Н. (ПОЗНЯКОВ, Николай Иванович).",,,
12363,Злая Кереметь: Рассказ из жизни чуваш; Чуваши: Очерк.,"ИНФАНТЬЕВ, Порфирий Павлович.",,,
12364,Злая колдунья или Наследство внучки: Шутка в 3-х д.,"САЛОВ, Н. А.",,,
12365,Злая луна.,"Б АРБЮС, Анри.",,,
12366,Злая мачеха: [Рассказ].,"КУКЕЛЬ (ЛУНИН, В. А.). ",,По суду божию...,
12367,Злая мачеха: Рассказы о религии.,"ИКРАМОВ, Камил Акмалевич.",,,
12368,Злая невестка: Рассказ крестьянина.,"ЖУРОВОВ, С. В. [!] (ЖУРАВОВ, Иван Герасимович).",,,
12369,Злая отрава или Безумие пьянства: Повесть.,"ТЕКЕРОМО, И.",,,
12370,Злая роса: Повесть конца XIX века.,"ВЕРБИЦКАЯ, Анастасия Алексеевна.",,,
12371,Злая сила: Драма в 4-х д.,"МАЙСКАЯ, Татьяна.",,,
12372,Злая сила: Пьеса в 2-х актах.,"ФРЕНКЕЛЬ, Моисей Григорьевич.",,,
12373,Злая сила: Рассказ.,"СМОЛЕНСКИЙ, Н. П.",,,
12374,Злая страсть: Драма в 3-х д.,"УРУСОВ, Леонид Герасимович.",,,
12375,Злая судьба: Роман.,Имя авт. не установлено.,,,
12376,Злая судьбина: Рассказ.,"ТХОР-ЖЕВСКИЙ, Корнелий Владиславович.",,,
12377,Злая шутка.,"ЗАХАРОВ, Марк Анатольевич.",,,
12378,Злая яма: Комедия в 4-х д.,"ФО-ЛОМЕЕВ, Константин Иванович.",,,
12379,Зло века: Современный роман.,"КОНСЬЯНС, Генрих (КОНСИАНС, Хендрик).",,,
12380,Злоба дня: Водевиль в 1-м д. с пением и переодеванием.,"ДАТЕШИД-ЗЕ, Н. Ф.",,,
12381,Злоба дня: Драма в 4-х д.,"ПОТЕХИН, Николай Антипович.",,,
12382,"Злоба дня: Сборник рассказов, очерков, сценок и картинок из городской и сельской жизни.","ПАЗУХИН, Алексей Михайлович.",,,
12383,Злоба дня: Стихотворения.,"ДЕТ-ТЕРЕР, Константин Каспарович.",,,
12384,Злоба дня: [Фельетоны].,"ВЫСОЦКИЙ, Р.",,,
12385,Злободневные картины из провинциальной жизни: Сборник стихотворений.,"ЖЕЛЕЗНЯК, Н. И. (ТОЛМАЧЕВ, Н. И.).",,,
12386,Злобы жизни: Рассказы.,"КЛЮКИН, Александр Николаевич.",,,
12387,Зловещий сон: Трагедия в 4-х д.,"МОДИН-ПОЛИКАРПОВ, Ф. С.",,,
12388,Злодей и Петька: Повесть.,"ПО-ГОССКИЙ, Александр Фомич.",,,
12389,Злодей Чуркин и его преступные деяния: Повесть.,Имя авт. не установлено.,,,
12390,Злодейское преступление или Скачка без хвостов: Рассказ.,ШУХМИН. ,,,
12391,Злое дело Никиты Смирнова.,"МАРАДУДИН, Филимон Петрович.",,,
12392,Злое море: Рассказы.,"ЖИТКОВ, Борис Степанович.",,,
12393,Злой: Комедия в 5-ти д.,"ГРЕС-СЕ, Жан-Батист",,,
12394,Злой волшебник-чародей Черномор и храбрый витязь Руслан из дружины великого князя стольного киевского Влади-мира-Солнце.,"ПУШКИН, Александр Сергеевич.",,,
12395,Злой гений: Баллада. Новгородское старинное предание «Громовой» в 2-х ч. с прологом и заключением.,"ПЕЙРА-МА, Николай (КОСТИН, Николай Алексеевич) .",,,
12396,Злой гений коварства: Исторический роман. (Из жизни Цезаря и Лукпе-ции Борджиа).,"ЛИНДАУ, М.",,,
12397,Злой дух: Комедия-шутка в 3-х д.,"БИЛИБИН, Виктор Викторович.",,,
12398,Злой дух: Повесть.,"ШИРВАНЗА-ДЕ, Александр.",,,
12399,Злой дух; Рахиль; Козелихинский дьякон; Не от мира сего.,"ГУСЕВ-ОРЕН-БУРГСКИЙ, Сергей Иванович.",,,
12400,Злой дух: Роман. Т. 1—2.,"АВСЕЕНКО, Василий Григорьевич.",,,
12401,Злой дух пустыни: (О варанах).,"ЧЕГЛОК, Александр. ",Злой дух Сахары.,,
12402,Злой дух Сахары: (О варанах).,"ЧЕГЛОК, Александр.",,,
12403,Злой дух Ямбуя: Повесть.,"ФЕДОСЕЕВ, Григорий Анисимович.",,,
12404,Злой король: Пьеса-сказка в 5-ти д.,"СЛАВЯНОВА, Зинаида Михайловна.",,,
12405,Злой принц: Сказка.,"АНДЕРСЕН, Ганс-Христиан.",,,
12406,Злой разлучник.,"ЗОТОВ, Михаил.",,,
12407,Злой Сатурн: Историческая повесть.,"ФЕДОРОВ, Леонид Александрович.",,,
12408,Злой смех: Первый юмористический альманах.,ЧУДОТВОР-СМЕХОТВОР.,,,
12409,Злой человек: Рассказ.,"ВУЧЕТИЧ, Николай Гаврилович.",,,
12410,Злоключения игуменьи.,"НАД АЛ, Виктор. ",Приключения игуменьи.,,
12411,Злоключения Мартышкиных: Трагикомедия в 1-м д.,"ЧАЙЛЬД-ГАРОЛЬД (ГЛИКМАН, Евгений Абрамович), ШИГОРИН, Я.",,,
12412,Злоключения Менахем Менделя: (Повесть в письмах).,ШОЛОМ-АЛЕЙ-ХЕМ.,,,
12413,Злоключения отца Гедеона; Выборы игуменьи: Повести.,"СТЭНОЮ, Дамиан.",,,
12414,Злоключения Самба Диуфа: (Сенегальский стрелок в мировой войне).,"ТАРО, Жан, ТАРО, Жером. ",Приключения Самба Диуфа.,,
12415,Злоключения ученого.,"ПЕЖИН СКИИ, Владимир. ",,По Шерлоку Холмсу...,
12416,Злом за добро или Александр Щукин — сумасшедший: Повесть.,"РОЩУПКИН, Алексей П.",,,
12417,Зломилла и Добронрава — девы гор или Встреча с казаком: Кавказская повесть в 2-х ч. Первый опыт в поэзии.,"МАРКОВ, П.",,,
12418,Злополучные женщины: Роман. В 4-х д.,"СУВЕСТР, Эмиль. ",,,
12419—12420,Злополучный корсет.,Имя авт. не установлено.,,,
12421,Злополучный Тампоне: Роман. В 2-х ч.,"КОК, Поль де.",,,
12422,Злость — временное сумасшествие; Как любит опереточная артистка.,"ПРЕВО, Марсель.",,,
12423,Злосчастная: Рассказ.,"ГИППИУС, Зинаида Николаевна.",,,
12424,Злоумышленник.,"ЧЕХОВ, Антон Павлович.",,,
12425,Злыдень.,"СЕЛЯНКИН, Олег Константинович.",,,
12426,Злыдня.,"ДАНИЛЫЧ-КОЧИН, Александр.",,,
12427,Злые: Новеллы.,"МАНН, Генрих.",,,
12428,Злые боги: Драма в 3-х д.,"ПАДАЛ КА, Георгий Иванович.",,,
12429,Злые годы (1914—1917).,АРКОС Р,,,
12430,Злые деньги: (Солнце в дождливый день). Драма в 2-х д.,"БАТОЖАБАЙ, Даширабдан Обдоевич.",,,
12431,Злые духи.,"НАГРОДСКАЯ, Евдокия Аполлоновна.",,,
12432,Злые недуги: Комедия в 5-ти д.,"ДЕШКИН, Константин Александрович.",,,
12433,Злые огни: Рассказ.,"КОЖЕВНИКОВ, Алексей Венедиктович.",,,
12434,Злые песни: Кн. 2.,ПРАСКУНИН. ,,,
12435,Злые призраки: Повесть.,АМФИТЕАТРОВ. ,,,
12436,Злые соблазны: Рассказы.,ЖЕ* ,,,
12437,Злые чары: Книга заклятий.,"БАЛЬМОНТ, Константин Дмитриевич.",,,
12438,Злым ветром: Роман.,АДАМОВ. ,,,
12439,Злюка Вася.,"ЛУКАШЕВИЧ, Клавдия.",,,
12440,Злючка-луна.,"Б АРБЮС, Анри. ",Злая луна.,,
12441,Змеевик: Стихотворные фантазии.,ПЕРЕСВЕТОВ. ,,,
12442,Змееед.,ВАЖА ПШАВЕЛА.,,,
12443,«Змеиная сила» и другие рассказы.,"ФОРТУНАТО, Е. И.",,,
12444,Змеиное жало.,"ПАШКЕВИЧ, Николай Константинович.",,,
12445,Змеиное сердце или Победа и поражение: Рассказ.,"ШУХМИН, Христофор Алексеевич.",,,
12446,Змеиные цветы.,"БАЛЬМОНТ, Константин Дмитриевич.",,,
12447,Змеиный дед: Повесть.,"НЕМИРОВИЧ-ДАНЧЕНКО, Василий Иванович.",,,
12448,Змеиный камень:     Рассказы.,ПРЕМЧАНД.,,,
12449,Змеиный след: Кинохроника из времен Ярославского мятежа в XXXVIII эпизодах.,"АФИНОГЕНОВ, Александр Николаевич.",,,
12450,Змеиный яд: Рассказ.,"ЧЕРЧ, Рос (МАРРИЭТ, Флоренс).",,,
12451,Змей Горыныч: Комедия в 4-х д.,"АЛЕКСАНДРОВ, Виктор (КРЫЛОВ, Виктор Александрович).",,,
12452,Змей Горыныч: Рассказ.,А. Ш.,,,
12453,Змей-Горыныч: Рассказы.,"ШОЛОХОВ-СИНЯВСКИЙ, Георгий Филиппович.",,,
12454,Змей-Горыныч: Сказка.,"БАЛАГУР, Фома.",,,
12455,Змей нотяйский: Повесть со времен борьбы сербов с турками.,"ХОХОЛУ-ШЕК, Прокоп.",,,
12456,Змей огненный: (Понизовская вольница. Из времен царя Алексея Михайловича. Исторический иллюстрированный роман).,"ДМИТРИЕВ, Дмитрий Сав-ватеевич.",,,
12457,Змей огнистый: Повесть.,КАМАНИН. ,,,
12458—12459,Змейка: Комедия-шутка в 1-м д.,Имя авт. не установлено.,,,
12460,Змея: Веселый рассказ.,"ШИШКОВ, Вячеслав Яковлевич.",,,
12461,Змея: Роман в 2-х ч.,"БЕБУТОВА, Ольга Георгиевна.",,,
12462,Змея в кольце: Роман.,"ЛАВРОВ, А. . ",,,
12463,Змея за пазухой: Комедия в 2-х д.,"МИРЗАГИТОВ, Асхат Масгутович.",,,
12464,Змея за пазухой: Рассказы.,"РАТИН, Н.",,,
12465,Змея и муравьи: Притча (в стихах).,"КОИЛЕНСКИЙ, Иван.",,,
12466,Змея и чаша: Повесть.,"ДЯГИЛЕВ, Владимир Яковлевич.",,,
12467,Змея сребролюбия: Рассказ из народного быта.,"М-В, С.",,,
12468,Змий: Стихи. Книга 6-я.,"СОЛОГУБ, Федор.",,,
12469,Знаем вас!..,"КВАНИН, Олег Семенович.",,,
12470,"Знай боярскую Румынию, чтобы не быть разинею!","ГОРОДЕЦКИЙ, Сергей Митрофанович.",,,
12471,Знай наших: Комедия в 4-х д.,"ЧАЕВ, Николай Александрович.",,,
12472,Знай наших!!! или Не на тех напали.,"ТАТАРИНОВ, Петр Петрович.",,,
12473,Знай русских!,Имя авт. не установлено.,,,
12474,Знак.,"МОПАССАН, Ги де. ",,Поездка за город...,
12475,Знак дружбы: Повесть.,"МАРЬ-ЕНКОВ, Михаил Макарович.",,,
12476,Знак Зорро: Роман.,"МАК-КЭЛ-ЛЭИ, Джонстон.",,,
12477,Знак любви: Комедия в 1-м д.,"РАКИПОВ, Шамиль Зиганшинович.",,,
12478,Знак OST: Повесть.,"МИТИЧКИН, Сергей Петрович.",,,
12479,Знак отличия.,"КАШИРИН, Василий Философович.",,,
12480,Знак отличия мистера Смита.,"АЛЬБОВ, Михаил Нилович. ",,Глафирина тайна...,
12481,Знак препинания: Пьеса в 1-м д.,"ГЛЕБОВА, Тамара.",,,
12482,Знак согласия: Сатирические рассказы и фельетоны.,"ТОПОРКОВ, Леонид Васильевич.",,,
12483,Знак четырех.,"ДОЙЛЬ, Артур Конан.",,,
12484,Знаки бессмертия.,"МАЛАХОВ, Анатолий Алексеевич.",,,
12485,Знаки Земли: Стихи.,"ШЕФНЕР, Вадим Сергеевич.",,,
12486,Знаки Зодиака: Драматический водевиль в 2-х д.,"РАЗДОЛЬСКИЙ, Виталий Александрович.",,,
12487,Знаки лабиринта: Роман.,"БАКИНСКИЙ, Виктор Семенович.",,,
12488,Знаки на бересте: Лирика.,"КЕ-ЖУН, Бронислав Адольфович.",,,
12489,Знакомая девушка: Рассказы.,"ИМАНЖАНОВ, Мукан.",,,
12490,Знакомая женщина:     Повесть.,"АНТОНОВ, Василий Васильевич.",,,
12491,Знакомое лицо: Повести и рассказы.,"НИЛИН, Павел Филиппович.",,,
12492,Знакомое лицо: Повесть.,"ГЕРАСИМОВА, Валерия Анатольевна.",,,
12493,Знакомое лицо: Рассказ.,"ЛЕНЧ, Леонид.",,,
12494,"Знакомое поколение: Очерки из современной жизни. Ч ... В,",П. В. ,,,
12495,Знакомство:    (Провинциальный очерк).,"КУСОВНИКОВ, Семен Алексеевич.",,,
12496,Знакомство: (Рассказы).,"ГОЛУБЕВ, Федор Михайлович.",,,
12497,Знакомство: Рассказы.,"СИДОРОВ, Геннадий Александрович.",,,
12498,Знакомство с Тишковым: Рассказ.,"НИЛИН, Павел Филиппович.",,,
12499,Знакомство с Черновым: Рассказы.,"БЕРШАДСКИЙ, Рудольф Юльевич.",,,
12500,Знакомые: Рассказ.,"ТЭФФИ, Н. А. ",,Фабрика красоты...,
12501,Знакомые: Сценки Скалозуба.,"ПЛЕЩЕЕВ, Александр Алексеевич.",,,
12502,Знакомые все лица.,"РЫКЛИН, Григорий Ефимович.",,,
12503,Знакомые и не очень: Юмористические рассказы.,"АЛЕШИН, Владимир Сергеевич.",,,
12504,Знакомые из Орловки.,МАТУШКИН,,,
12505,Знакомые края России.,"КУТОВ, Николай Николаевич.",,,
12506,Знакомые лица: Парижские новеллы.,"МЕНДЕС, Катулл (МЕНДЕС, Ка-тюль).",,,
12507,Знакомые лица: [Рассказы и фельетоны].,"ГЛОЗУС, Михаил Юрьевич.",,,
12508,"Знакомые лица: Сатирические стихи, басни, фельетоны, эпиграммы.","БЕДНЫЙ, Демьян.",,,
12509,Знакомые места.,"ИВАНЧЕНКО, Николай Степанович.",,,
12510,Знакомые незнакомцы: Комедия-водевиль в 1-м д.,"КАРАТЫГИН, Петр Андреевич.",,,
12511,Знакомые незнакомцы: Рассказы из жизни животных.,"РОБЕРТС, Чарльз.",,,
12512,Знакомые незнакомцы: Рассказы о животных.,"СКОРОХОД, Катрин Петровна.",,,
12513,Знакомые незнакомцы: Сатирические и юмористические рассказы.,ШИРЯЕВ,,,
12514,Знакомые портреты.,"РЕШЕТНИКОВ, Федор Михайлович.",,,
12515,Знакомые родники: Рассказы и повести.,"ПОЛТОРАЦКИЙ, Виктор.",,,
12516,Знакомые физиономии: Сатирические рассказы и фельетоны.,"СИДЕЛЬНИКОВ, Олег Васильевич.",,,
12517,Знакомые черты: [Очерки и рас-казы].,"КОЛОСОВ, Марк Борисович.",,,
12518,Знакомые черты: Рассказы и очерки.,"ШВЕЦОВ, Дмитрий Филимонович.",,,
12519,Знакомый маршрут: Повести и рассказы.,"ЛОГИНОВ, Виктор Николаевич.",,,
12520,Знакомый мотив: Стихи.,"ЮШ-КИН, Виталий Юлианович.",,,
12521,Знакомый почерк.,"ТРИХМАНЕН-КО, Виктор Федорович.",,,
12522,"Знакомьтесь, Балуев: Повесть и рассказы.","КОЖЕВНИКОВ, Вадим Михайлович.",,,
12523,"Знакомьтесь, Балуев!: Пьеса в 3-х ч.","КОЖЕВНИКОВ, Вадим Михайлович, ТАБАЧНИКОВА",,,
12524,"Знакомьтесь, мои земляки.","ЩЕРБАКОВ, Александр Илларионович.",,,
12525,Знамена: Стихи.,"АБАШИДЗЕ, Григол Григорьевич.",,,
12526,Знамена в Чикаго: Пьеса в 3-х д.,"ПАКЭ, Альфонс (ПАКЕ, Альфонс).",,,
12527,Знамена и люди: Роман.,"СОБРЕ-РО, Марио.",,,
12528,Знамена победно шумят: Рассказ.,"РУССАТ, Евгения Р.",,,
12529,Знаменательное выздоровление: Поучительный и назидательный рассказ из действительной жизни.,В. А. К.,,,
12530,Знаменитая книга: Рассказы.,"ГРИН, Александр.",,,
12531,"Знаменитая Королева баррикад: Исторический роман, взятый из французской исторической эпохи, под названием «Страшно-ужасная кровавая варфоломеевская ночь».",ПОНСОН ,,,
12532,«Знаменитая скачущая лягушка» и другие рассказы.,"ТВЕН, Марк.",,,
12533,Знаменитая трость: Повесть.,"МАГОМЕДОВ, Муса Абдуллаевич.",,,
12534,Знаменитая фамилия: Комедия в 3-х д.,"ТРИГЕР, Макс Яковлевич.",,,
12535,Знаменитость: [Пьеса].,"ВЕДЕКИНД, Франк.",,,
12536,Знаменитость: Роман.,"НЕВЕЖИН, Петр Михайлович.",,,
12537,"Знаменитые дети: Исторические рассказы, посвященные юношеству. Кн. 1.","ФОА, Евгения (ФОА, Эжени).",,,
12538,Знаменитые песни самоучки-пахаря.,САВЕЛЬЕВ,,,
12539,"Знаменитые разбойники или История жизни, характеров и злодеяний известнейших разбойников разных государств мира.","ДЕТАУКОНМПРЕТ, Г. М.",,,
12540,Знаменитые русские работники: Рассказы о русских людях. Кн. 1—2.,"РУ-БАКИН, Николай Александрович.",,,
12541,Знаменитые фаворитки: Т. 1—2.,"ГАБОРИО, Эмиль.",,,
12542,Знаменитый английский сыщик Шерлок Холмс: Сборник рассказов о его приключениях.,"ДОЙЛЬ, Артур Конан.",,,
12543,"Знаменитый английский сыщик Шерлок Холмс: Страшные, таинственные, кровавые преступления. Полное описание изумительных, невероятных похождений Шерлока Холмса при раскрытии этих преступлений и задержании преступников.","ДОЙЛЬ, Артур Конан.",,,
12544,"Знаменитый атаман Валериян Кумров — предводитель разбойников в богемских лесах или Узник-страдалец в ужасных казематах крепости Шпильберга, самой страшной тюрьмы всех времен: Сенсационный роман, составленный по документам и новейшим исследованиям.","ФАЛЬК, Виктор фон.",,,
12545,"Знаменитый атаман разбойников Валериан Кумров: Его набеги, приключения и жестокая драма любви с печальным и трагическим эпилогом.",Имя авт. не установлено.,,,
12546,"Знаменитый день во граде Арзе-руме или Торжественность, господствующая в сердцах человеческих при восшествии в оный российского непобедимого воинства: Песнь вторая.","КУЗМИЧЕВ, Федот Семенович.",,,
12547,Знаменитый и оригинальный полководец Суворов: Драматическая хроника в 2-х ч. (В рифмованных стихах).,"КОСТ-КИН, Г. Е.",,,
12548,Знаменитый Павлюк: Повести и рассказы.,"НИЛИН, Павел Филиппович.",,,
12549,Знаменитый Паша Мышкин—цирковой артист: Сказка в стихах.,"ГАР-ФЕЛЬД, Леонид Евгеньевич.",,,
12550,Знаменитый разбойник и грабитель Василь Чумак: (Ночи приключений и страха). Роман.,"ИЛЫПЕВИЧ, Николай А.",,,
12551,"Знаменитый русский герой Михаил Дмитриевич Скобелев, белый генерал: Рассказ, заимствованный из достоверных источников.","КУКЕЛЬ (ЛУНИН, В. А.).",,,
12552,Знаменитый рыцарь Иосиф Прекрасный.,Имя авт. не установлено. ,Храбрый и знаменитый рыцарь Иосиф Прекрасный.,,
12553,Знаменитый сыщик Шерлок Холмс: Приключение рождественского гуся.,"ДОИЛЬ, Артур Конан.",,,
12554,Знаменитый сыщик Шерлок Холмс: Приключение рыжего.,"ДОЙЛЬ, Артур Конан.",,,
12555,Знаменитый сыщик Шерлок Холмс: Таинственные знаки.,"ДОИЛЬ, Артур Конан.",,,
12556,"Знаменитый экспроприатор Черный ворон и его похождения или Тайна Голубой маски: Сенсационный современный роман. Вып. 1, 2, 5, 6.","ПОЛЯТУС, С. С.",,,
12557,Знамения.,"ШМЕЛЕВ, Иван Сергеевич. ",,В деревне...,
12558,Знамения времени: Роман.,"МОРДОВЦЕВ, Даниил Лукич.",,,
12559,Знаменосец века: Поэма.,"ВУР-ГУН, Самед.",,,
12560,Знаменосцы:     Роман-трилогия.,"ГОНЧАР, Александр Терентьевич.",,,
12561,Знаменосцы: Стихи.,"ГЛОТОВ, Василий Иванович.",,,
12562,Знаменосцы земли.,"ЗЕМНОЙ, Вадим Павлович.",,,
12563,Знаменосцы мира: Стихи.,"ПАНЧЕНКО, Пимен Емельянович.",,,
12564,Знаменосцы мира: Стихи 1942— 1950' гг.,"РОГАЧЕВ, Александр Александрович.",,,
12565,Знаменосцы юности: Стихи. Поэмы. Песни.,"ЖАРОВ, Александр Алексеевич.",,,
12566,Знаменщик Иван Матвеич.,"БУТОВСКИЙ, Николай Дмитриевич.",,,
12567,Знаменья.,"ПОЛОНСКАЯ, Елизавета Григорьевна.",,,
12568,Знамя: Драматический этюд в 1-м д.,"СЕЙФУЛЛИНА, Лидия Николаевна.",,,
12569,Знамя: Повесть.,"СКОРБИН, Борис Петрович.",,,
12570,Знамя: Повесть.,"СТРЕХНИН, Юрий Федорович.",,,
12571,Знамя:   Рассказ.,"КЛАРЕСИ, Жюль (КЛАРЕТИ, Жюль).",,,
12572,Знамя: [Рассказ].,"КОЛЕСНИКОВ, Николай Владимирович. ",,Комендант...,
12573,Знамя: Рассказы.,"РЫБАК, Натан Самойлович.",,,
12574,Знамя: Рассказы и повести.,"ДРДА, Ян.",,,
12575,Знамя: Рассказы о Железной.,"ИС-БАХ, Александр.",,,
12576,Знамя: [Стихи].,"ПРОКОФЬЕВ, Александр Андреевич.",,,
12577,Знамя бригады: Поэма и стихи.,"КУЛЕШОВ, Аркадий Александрович.",,,
12578,Знамя в бою: Стихи.,"ЗЕРНИТ, Бруно Иванович.",,,
12579,Знамя в горах: Роман в стихах; Судьба любви: Поэма.,"АБИЛЕВ, Дихан.",,,
12580,Знамя весны: Повесть в стихах.,"ПЛЮЩ, Федор Тарасович.",,,
12581,"Знамя вручают смелым: Стихи, песни, рассказы.","ЛЕВАШОВ, Мстислав Александрович.",,,
12582,Знамя гвардии.,"ИВНЕВ, Рюрик.",,,
12583,Знамя Девятого полка: Повесть.,"МАМИН, Николай Иванович.",,,
12584,Знамя 10-й бригады: Пьеса в 2-х д.,"НОВОГРУДСКИИ, Лев Соломонович, ОРЛОВ, Даль Константинович.",,,
12585,Знамя на площади: Сборник рассказов.,"ГОЛЬДБЕРГ, Анна Григорьевна.",,,
12586,Знамя на холме: (Командир дивизии). Повесть.,"БЕРЕЗКО, Георгий Сергеевич.",,,
12587,Знамя над высотой: Стихотворения и поэмы.,"НАРОВЧАТОВ, Сергей Сергеевич.",,,
12588,Знамя над ратушей: Стихи.,"РЯД-ЧЕНКО, Иван Иванович.",,,
12589,Знамя надежды: Рассказы.,"ИСА-АКЯН, Аветик Саакович.",,,
12590,Знамя отцов: Стихи.,"САТУЕВ, Хусейн Джунидович.",,,
12591,Знамя победы: Поэма.,"МИРША-КАР, Мирсаид.",,,
12592,Знамя победы над рейхстагом.,"СБОЙЧАКОВ, Максим Иванович, ЧЕРЕВ-КОВ, Владимир Гервасьевич.",,,
12593,Знамя полка: [Повесть].,"ОКС, Татьяна (СЫТИНА, Татьяна Григорьевна).",,,
12594,Знамя полка: [Повесть и рассказы].,"ШУТОВ, Леонид (ШУТОВ, Иван Никитич) .",,,
12595,Знамя полка: Поэма.,"ТЕЛЬКА-НОВ, Сергей Алексеевич.",,,
12596,Знамя полка: Рассказы.,"ПОЛЕВОЙ, Борис.",,,
12597,Знамя пророка.,"НОВОСЕЛОВА, Капитолина Ивановна.",,,
12598,Знание — силой: Юмористические рассказы.,"ШАЙХЕТ, Анатолий Аркадьевич.",,,
12599,Знатная жена: Комедия в 3-х д.,"ВСЕВОЛОЖСКИЙ, Игорь Евгеньевич.",,,
12600,Знатная фамилия: Комедия в 4-х д.,"РОМАШОВ, Борис Сергеевич.",,,
12601,Знатные гости: Водевиль в 1-м д.,"МОКРЕЕВ, Юрий Алексеевич.",,,
12602,"Знатные не по породе или Добродетель во всяком звании найти можно: Записки Жюльена Деламура, писанные им самим. Ч. 1—6.","ЖАНЛИС, Стефани Фели-сите.",,,
12603,Знатные невесты: Комедия в 3-х д.,МИХАЙЛОВСКИЙ,,,
12604,Знатные ребята: Комедия в 4-х д.,"ПЕРСОНОВ, Иван Иванович.",,,
12605,Знатный внук: Комедия в 3-х д.,"ТРАХТЕНБЕРГ, Валентин Артурович.",,,
12606,Знатный подвиг новгородского купца Иголкина: Рассказ.,"КУКЕЛЬ (ЛУНИН, В, А.).",,,
12607,Знатный род Рамирес: Роман.,"ЭСА ДЕ КЕЙРОШ, Жозе Мария.",,,
12608,Знаток женщин: (Голый факт). Комедия-шутка в 3-х д.,"МОРО, Анри, СОНАЛЬ, Марк. ",Голый факт.,,
12609,Знатоки: Комедия в 4-х д.,"ЧАН-ЦЕВ, Иван Алексеевич.",,,
12610,Знахари: Исторический роман.,"САВИНОВ, В. Н.",,,
12611,«Знахарка» и другие рассказы.,"ГОРЬКИЙ, Максим.",,,
12612,Знахарь-обманщик и бабкина лошадь: Комедия в 3-х д.,"СУББОТИН, Леонид Арсеньевич.",,,
12613,"Знаю, кто друг.","ПАНФИЛ, Вера.",,,
12614,"Знаю я, знают горы: Драма в 3-х д. с прологом и эпилогом.","ОМУРАЛИ-ЕВ, Бакы.",,,
12615,"Знают, что творят: Роман о германской юстиции.",ОТВАЛЫ,,,
12616,Зной: Рассказы.,"ЮРЕЗАНСКИЙ, Владимир.",,,
12617,Зной: Роман.,ЗАГРЕБЕЛЬНЫЙ. ,,,
12618,Знойная пустыня.,"ГЕЙЕ, Артур (ГАЙЕ, Артур).",,,
12619,Знойное лето.,"БЕЛОВ, Василий Иванович.",,,
12620,Знойные ветры: Повесть.,"ВЕЛИКАНОВ, Александр Александрович.",,,
12621,Знойный день: Рассказы.,"НИКОЛАЕВ, Иван Федорович.",,,
12622,Знойный день в Заполярье: Повести.,"РУБЕН, Бернгард Савельевич.",,,
12623,Знойный полдень: Стихи.,"АВРАМЕНКО, Илья Корнильевич.",,,
12624,Знойным летом: Пьеса в 1-м д.,"БРОУТОН, Джеймс.",,,
12625,Зов: Книга лирики.,"ЧАЧАВД, Ни-колоз.",,,
12626,Зов: Книга лирики и поэма «Поручик Лермонтов».,"ГОЛУБКОВ, Дмитрий Николаевич.",,,
12627,Зов: Роман.,"ЖУМАДЙЛОВ, Каб-деш.",,,
12628,Зов: Стихи.,"КРАПЧАН, Борис.",,,
12629,Зов: [Стихи].,"КУТУИ, Рустем.",,,
12630,Зов: [Стихи].,"ПАЛЬЧИКОВ, Владимир Иосифович.",,,
12631,Зов: Стихотворения.,"СМУУЛ, Юхан.",,,
12632,Зов Амазонки.,"ФИДЛЕР, Аркадий.",,,
12633,Зов апреля: Стихи и поэмы.,"КУ-ГУЛЬТИНОВ, Давид Никитич.",,,
12634,Зов Арктики: Героическая хроника.,"ВОСКОБОЙНИКОВ, Валерий Михайлович.",,,
12635,Зов в горах: Рассказы.,"ИНАНИ-ШВИЛИ, Реваз Константинович.",,,
12636,Зов в горах: [Роман].,"ЛИСА-ШВИЛИ, Иакинте.",,,
12637,Зов горлицы: Повесть.,"ХУСЕЙН, Таха.",,,
12638,Зов дорог: (Сборник стихов).,"КРУЧЕНЮК, Петря (КРУЧЕНЮК, Петр Аксентьевич).",,,
12639,Зов земли: Рассказы.,"ДЖАВА-ХИШВИЛИ, Михаил.",,,
12640,Зов Земли: Роман.,"КЛИМОВА, Валентина Васильевна.",,,
12641,Зов земли: Стихи.,"ФОМИН, Семен Дмитриевич.",,,
12642,Зов и отклик: Стихи.,"ШЕМШЕ-ЛЕВИЧ, Леонид Вениаминович.",,,
12643,Зов крыла: Лирика.,"НАЗИН, Владимир Иванович.",,,
12644,Зов народа: Роман.,"КЛАРК, Лоренс.",,,
12645,Зов непройденных дорог.,"ФЕИЕ-РАБЕНД, Евгений Витальевич.",,,
12646,Зов предков; Ублюдок; Тысяча дюжин.,ЛОНДОН,,,
12647,Зов пустыни.,"ЛОНДОН, Джек.",,,
12648,Зов Родины: (Стихи).,"КРАСНОВ, Николай Степанович.",,,
12649,Зов сердца: Рассказы. Повесть.,"МУМЛАДЗЕ, Карпе Ипполитович.",,,
12650,Зовет весна: Стихи.,"ИВАНОВ, Вадим Филиппович.",,,
12651,Зови меня.,"КИНЬЯБУЛАТОВА, Катиба.",,,
12652,Зови фабком: Пьеса в 3-х актах.,"ЕРШОВ, С., КОРОВКИН, И.",,,
12653,Зовные стенания: Стихотворения. Кн. 1.,"КОТЛЯР-ЮНОНИН, Д.",,,
12654,Зову!: Стихи и поэмы.,"ЕВСЕЕВА, Светлана Георгиевна.",,,
12655,«Зову живых!»: Драма в 3-х д.,МАЛЫШЕВ,,,
12656,Зову — отзовись!,"АТАРОВ, Николай Сергеевич.",,,
12657,Зову тебя...: [Стихи].,"ПОЛИВИН, Николай Георгиевич.",,,
12658,Зову тебя: [Стихи и поэма].,"КЭБИРЛИ, Ибрагим.",,,
12659,Зову тебя в рассветы: Стихотворения и поэма.,"ЗЕМЛЯНСКИЙ, Анатолий Федорович.",,,
12660,Зовут дороги Родины: Повести.,"ПОМОЗОВ, Юрий Фомич.",,,
12661,Зовут любовью: Стихи.,"КУТОВ, Николай Николаевич.",,,
12662,Зовут сибирские просторы: Очерки.,"РОЖДЕСТВЕНСКИЙ, Игнатий Дмитриевич.",,,
12663,Зовы: Стихи.,"АНГАБАЕВ, Солбон Дондунович.",,,
12664,Зовы: [Стихи].,"МОХОВ, Степан.",,,
12665,"Зовы древности: Гимны, песни и замыслы древних. Египет, Мексика, Майя, Перу, Халдея, Ассирия, Индия, Иран, Китай, Океания, Скандинавия, Эллада, Бретань.","БАЛЬМОНТ, Константин Дмитриевич.                ",,,
12666,Зовы земли: Стихи.,"ДИТРИХ-ШТЕИН-ДИТЕРИХС, Владимир Давидович.",,,
12667,Зодчие: Исторический роман.,"ВОЛКОВ, Александр Мелентьевич.",,,
12668,Зодчий Маноле.,"КОДРУ, Анатол (КОДРУ, Анатолий Иванович).",,,
12669,Зойкин жених: Рассказы.,"ВАГНЕР, Николай Петрович.",,,
12670,Зойкина квартира: Пьеса в 4-х актах.,"БУЛГАКОВ, Михаил Афанасьевич.",,,
12671,Золотая: Повесть.,ГР И ГОРЕНКО И,,,
12672,Золотая баба: Роман.,ЕЗЕРСКИЙ М,,,
12673,Золотая бабка: Пьеса-шутка в 1-м д.,"САЯНСКИЙ, Леонид.",,,
12674,Золотая бабушка: Юмористические рассказы и сценки.,"ЗВАНЦЕВ, Сергей.",,,
12675,Золотая балтийская осень.,"ВСЕВОЛОЖСКИЙ, Игорь Евгеньевич.",,,
12676,Золотая бандура: Стихи.,"ВАРАВ-ВА, Иван Федорович.",,,
12677,Золотая беда: Рассказ.,ШИШКОВ,,,
12678,Золотая брошка: Повесть.,"МУСАЕВ, Магомед Мусаевич.",,,
12679,Золотая валюта: Провинциальный анекдот.,"ЯКОВЛЕВА-ЛАНСКАЯ, Надежда Владимировна (ЯКОВЛЕВА, Надежда Владимировна).",,,
12680,Золотая весна: Сборник стихотворений.,"НАМСАРАЕВ, Хоца Намсараевич.",,,
12681,Золотая голытьба: Роман.,"КОЖЕВНИКОВ, Алексей Венедиктович.",,,
12682,Золотая гора: Повесть.,"КРАВ-КОВ, Максимилиан Алексеевич.",,,
12683,Золотая грамота: Исторический роман.,"КОЧУРА, Афанасий (КОЧУРА, Панас).",,,
12684,Золотая грязь: Роман.,"ГАБОРИО, Эмиль.",,,
12685,Золотая девушка: Поэма.,"БО-КОНБАЕВ, Джоомарт.",,,
12686,Золотая девятка: Роман.,"ЛАНД-СБЕРГЕР, Артур.",,,
12687,Золотая долина: Повесть и рассказы.,"ОМАРОВ, Сейтжан.",,,
12688,Золотая долина:    [Рассказы].,"ДОБРОСЕРДОВ, Н., СТРИЖКОВ, Петр Николаевич.",,,
12689,Золотая долина: Роман.,"ПОЛЯН-КЕР, Григорий Исаакович.",,,
12690,Золотая долина: Роман.,"ТАПАЛЦЯН, Христофор Князевич.",,,
12691,Золотая дорога: Рассказы.,"ТКАЧЕНКО, Анатолий Сергеевич.",,,
12692,Золотая Ева: Комедия в 3-х д.,"КОППЕЛЬ-ЭЛЛЬФЕЛЬД, Франц Фон, ШЕНТАН, Франц.                     ",,,
12693,Золотая жила: Комедия в 4-х д.,"МОРОЗОВ, Дмитрий Николаевич.",,,
12694,Золотая жила: Поэмы.,"ФЕДОРОВ, Василий Дмитриевич.",,,
12695,Золотая заря: Избранные произведения.,"КУЧНЯК, Павел Васильевич.",,,
12696,Золотая звезда: Повесть.,"НИКУЛИН, Лев Вениаминович.",,,
12697,Золотая земля: Повесть.,"БУДАРОВ, Георгий Иванович.",,,
12698,Золотая змея; Голодные собаки.,"АЛЕГРИЯ, Сиро.",,,
12699,Золотая зорька.,"ЛОНДОН, Джек.",,,
12700,Золотая иволга: Роман.,"КОУП, Джек.",,,
12701,Золотая карета: Пьеса в 4-х д.,"ЛЕОНОВ, Леонид Максимович.",,,
12702,Золотая карета: Рассказы.,"КРАЧ-КОВСКИЙ, Дмитрий Николаевич.",,,
12703,Золотая клетка: Роман.,"КЕННЕДИ, Маргарет.",,,
12704,"Золотая книга, столь же полезная, как забавная, о наилучшем устройстве государства н о новом острове Утопии.","МОР, Томас. ",Утопия.,,
12705,Золотая книжка для юношества: Повести для детей старшего возраста.,"БЕЛЯЕВА, Анна.",,,
12706,Золотая колыбель: [Роман].,"ОСТРОУМОВ, Лев Евгеньевич.",,,
12707,Золотая колыбель: Стихи и баллады.,"ШКАВРО, Леонид Григорьевич.",,,
12708,Золотая Колыма: Очерки.,"ГЕХТ-МАН, Исаак Ефимович.",,,
12709,Золотая копеечка: Пасхальный рассказ.,Л. К.,,,
12710,Золотая «Корифена»: Повесть.,"ИВАНОВ, Юрий Николаевич.",,,
12711,Золотая криница: Стихи.,"ПЕТРИЧЕНКО, Борис Дмитриевич.",,,
12712,Золотая кувшинка: Стихи.,"РАССОХИН, Виктор Васильевич.",,,
12713,Золотая ладонь: [Стихи].,"ЛИПСКЕРОВ, Константин Абрамович.",,,
12714,Золотая ладонь: Стихи.,"САПРОНОВ, Владимир Сергеевич.",,,
12715,Золотая легенда: Стихи.,"БУТКЕВИЧ, И.",,,
12716,Золотая липа.,ДУБИНСКИЙ И,,,
12717,Золотая лихорадка; Валентин Гиллуа; Курумилла: Три романа.,"ЭМ АР, Густав (ЭМАР, Гюстав).",,,
12718,Золотая лихорадка: Очерки и рассказы.,"МАМИН-СИБИРЯК, Дмитрий Наркисович.",,,
12719,Золотая лихорадка: Роман.,"ЗАДОРНОВ, Николай Павлович.",,,
12720,Золотая лоза: Рассказы.,"КОЗЛОВСКИЙ, Михаил Исидорович.",,,
12721,Золотая медаль: Повесть.,"ДОН-ЧЕНКО, Олесь Васильевич.",,,
12722,Золотая медаль: Повесть.,"СТЕПА-НЯН, Анжела Мартиросовна.",,,
12723,Золотая медаль: Рассказ.,"ДУДО-РОВ, П. (ОРЛОВЕЦ, П).",,,
12724,Золотая медаль: Рассказ.,"ПОТАПЕНКО, Игнатий Николаевич.",,,
12725,Золотая метель: Стихи.,"ШАПОВАЛ, Микола (ШАПОВАЛ, Николай Терентьевич) .",,,
12726,Золотая Москва: Новые стихи.,"КОБЗЕВ, Игорь Иванович.",,,
12727,Золотая моя Колыма: Стихи.,"НЕФЕДОВ, Петр Петрович.",,,
12728,Золотая моя Москва: Стихи.,"ЛИ-СЯНСКИЙ, Марк Самойлович.",,,
12729,"Золотая муха: Веселый листок для чтения на даче, в вагоне, на пароходе, в гостинице, в номере и дома.","ВЕСЕЛЫЙ МОСКВИЧ (ДОРОШЕВИЧ, Влас Михайлович) .",,,
12730,«Золотая муха» и другие рассказы.,"МАМИН-СИБИРЯК, Дмитрий Наркисович.",,,
12731,Золотая мушка: Комедия-фарс в 3-х д.,Имя авт. не установлено.,,,
12732,Золотая невестка: (Рассказ старого крестьянина).,"САМОЙЛОВ, Евгений.",,,
12733,Золотая нива: Книга стихов.,"КАРАСЕВ, Алексей Иванович.",,,
12734,Золотая нить: (Очерки).,"СОЛДАТОВ, Иван Иванович.",,,
12735,Золотая нить: Стихи и поэмы.,"МАЛИКОВ, Кубанычбек Иманалиевич.",,,
12736,«Золотая» нога: Стихи.,"ИЛЬИН, Евгений.",,,
12737,«Золотая ночь» и другие рассказы.,"МАМИН-СИБИРЯК, Дмитрий Нарки-еович.",,,
12738,Золотая огневка: Сказки.,БЕЛИ* ,,,
12739,Золотая Олекма.,"САЯНОВ, Виссарион.",,,
12740,Золотая орда:  Повесть.,"ПАЗУ- ХИН, Алексей Михайлович.",,,
12741,Золотая осень:   Книга лирики.,"РОЖДЕСТВЕНСКИЙ, Всеволод Александрович.",,,
12742,Золотая осень:   Книга стихов.,"РАУД, Март Аннусович.",,,
12743,Золотая осень: Папа. Комедия в 3-х д.,"КАИЯВЭ, Гастон Арман, ФЛЕР, Робер де.",,,
12744,Золотая осень: Стихи.,"КОШЕЛЕВ, Георгий.",,,
12745,Золотая осень: Стихи.,"КУДАШ, Сайфи.",,,
12746,«Золотая осень» и другие рассказы.,"ТЕЛЕШОВ, Николай Дмитриевич.",,,
12747,Золотая падь: Повесть.,"УСТИНО-ВИЧ, Николай Станиславович.",,,
12748,Золотая паутина: Драма в 5-тид.,"ЛИСЕНКО-КОНЫЧ, Иван Кононович.",,,
12749,Золотая паутина: Роман.,"ЧЕП-РУНОВ, Борис Васильевич.",,,
12750,«Золотая перчатка» и другие рассказы.,"КАСМИ, Ахмад Надим.",,,
12751,Золотая петля: [Роман].,"КЭР-ВУД, Джеймс Оливер (КЕРВУД, Джеймс Оливер).",,,
12752,Золотая петля:   Фантастический рассказ.,"ОКУНЕВ, Яков.",,,
12753,Золотая печаль: Стихи.,"БЕРСЕНЕВ, Константин Тимофеевич.",,,
12754,Золотая погремушка: Сказка.,"ЛЮБИЧ-КОШУРОВ, Иоасаф Арианович.",,,
12755,Золотая подкова: Стихи.,"ПОЛИКАРПОВ, Сергей Иванович.",,,
12756,Золотая пойма.,"КУЛИКОВ, Александр Павлович.",,,
12757,Золотая пора.,"САВЕЛЬЕВ, Владимир Семенович.",,,
12758,Золотая пристань: Рассказы.,"СТАРИКОВ, Виктор Александрович.",,,
12759,Золотая просека: Стихи.,"КОМАРОВ, Петр Степанович.",,,
12760,Золотая пуля: Уголовный рассказ.,"ГРОНЕР, Августа.",,,
12761,Золотая пучина: Роман.,"ЛЯХ-НИЦКИИ, Владислав Михайлович.",,,
12762,Золотая пчела: Повести. Рассказы.,"НИКИТИН, Сергей Константинович.",,,
12763,Золотая пчела: Стихи.,"МАРКОВ, Сергей Николаевич.",,,
12764,Золотая пыль: Оригинальный роман из столичной жизни.,"СИНЕЕ ДОМИНО (СОКОЛОВА, Александра Ивановна).",,,
12765,Золотая пыль: Роман из жизни 1914—19116 гг.,"БЕБУТОВА, Ольга Георгиевна.",,,
12766,Золотая пыль: Современный уголовный политический сенсационный роман. Вып. 1.,"КАРАЧАРОВ, Андрей.",,,
12767,Золотая радость: Очерки.,"ХАЛТУРИН, Федор Николаевич.",,,
12768,Золотая ранница: Стихи. Поэма. Сказки.,"ДУБОВКА, Владимир Николаевич.",,,
12769,Золотая решетка.,"ЭРИА, Филипп.",,,
12770,Золотая Ригма: История жизни одной уссурийской тигрицы.,"СЫСОЕВ, Всеволод Петрович.",,,
12771,Золотая роза: Повести.,"ПАУСТОВСКИЙ, Константин Георгиевич.",,,
12772,Золотая россыпь:       Рассказы.,"КРАВКОВ, Максимилиан Алексеевич.",,,
12773,Золотая рота.,"НАЖИВИН, Иван Федорович.",,,
12774,Золотая руда.,"КУЛАЕВ, Созоры-ко Александрович.",,,
12775,"Золотая руда не заменит труда или Сказка о том, что вышло, когда все стали богачами!","РАКИТИН, Николай.",,,
12776,Золотая рыбка: В 2-х ч. Ч. 1—2.,Б—Л,,,
12777,Золотая рыбка: Водевиль в 3-х д.,"БЕГАК, Евгений Александрович, ПЕРМЯК, Евгений.",,,
12778,Золотая рыбка: [Рассказы].,"ЖИ-ВУЛЬСКАЯ, Кристина.",,,
12779,Золотая рыбка: Роман.,"СУЛАКА-УРИ, Арчил Самсонович.",,,
12780,Золотая рыбка: Сказочная быль & стихах. (Из жизни крестьянского мальчика).,"М. К. (КАРЛИН, М. А.).",,,
12781,Золотая свадьба: Драма в 3-х д.,"МАИСТРЕНКО, Яков Васильевич.",,,
12782,Золотая свадьба: Рассказы.,"МА-РЬЕНКОВ, Ефрем",,,
12783,Золотая свадьба — алтын той: Избранные стихи.,"ТОКМАГАМБЕТОВ, Аскар.",,,
12784,Золотая свинья: Памфлеты и рассказы.,"ПОЛИЩУК, Ян Азарович, ПРИВАЛОВ, Борис Авксентьевич.",,,
12785,Золотая свобода: Комедия в 3-х актах.,"ЛЕНОКС, Козмо Гордон.",,,
12786,Золотая сеть; Героический дневник: Повести.,"ЯРУНКОВА, Клара.",,,
12787,Золотая сковородка: Драма в 3-х ц.,"АВЕРЬЯНОВ, Вячеслав Андреевич.",,,
12788,Золотая скорбь: Поэма.,"РАФА-ЛОВИЧ, Сергей Львович.",,,
12789,Золотая «слава»: Повесть.,"КОРО-ТЕЕВ, Николай Иванович.",,,
12790,"Золотая Сорока: Представление в 3-х д. с музыкой, пением и танцами.","ПЕРМЯК, Евгений.",,,
12791,Золотая степь: Рассказы о Монголии.,"КУНГУРОВ, Гавриил Филиппович.",,,
12792,Золотая степь: [Сборник стихов].,"ЖАРОКОВ, Таир Жарокович.",,,
12793,Золотая стрела: Повесть.,"НАМ- САРАЕВ, Хоца Намсараевич.",,,
12794,"Золотая табакерка: Пьеса в 3-х актах, с прологом.","ЯЛЬЦЕВ, Павел Дмитриевич.",,,
12795,Золотая тропа: Повесть.,"АБДА-ШЕВ, Юрий Николаевич.",,,
12796,Золотая удочка.,"КОМАРОВ, Петр Степанович.",,,
12797,Золотая фея: Уголовный роман из петербургской жизни.,"СОКОЛОВА, Александра Ивановна.",,,
12798,Золотая цепочка: Повесть.,"АГАКОВ, Леонид Яковлевич.",,,
12799,Золотая цепь: Роман.,"ГРИН, Александр.",,,
12800,Золотая чаша:     (Богатырский сказ). Героическое сказочное представление в 2-х ч. по мотивам русских сказок и былин.,"АПУШКИН, Яков Владимирович.",,,
12801,Золотая чаша: Народная драма в 4-х новеллах.,"ЖАКИЕВ, Бексултан.",,,
12802,Золотая чаша: Повесть.,"ЛОСЕВ, Павел Федорович.",,,
12803,Золотая чаша: Стихи и поэмы.,"ШИМЕЕВ, Смар.",,,
12804,Золотая чаша Байтемира: Повесть.,"ДУГИНЕЦ, Андрей Максимович.",,,
12805,Золотая чаша власти: Пьеса в 3-х д.,"ШТРАУС, Рудольф. ",У кормила власти.,,
12806,Золотая чума: (Измена нации). Драма в 6-ти д.,"СОЛОВЬЕВ, Владимир Александрович.",,,
12807,Золотая шайка: Роман.,"ГАБО-РИО, Эмиль. ",Золотая грязь.,,
12808,Золотая шина.,"ПОРФИРЬЕВ, Борис Александрович.",,,
12809,Золотена.,"ЛЫСЦОВ, Иван Васильевич.",,,
12810,Золотец: Стихи и поэма.,"КОСТИН, Иван Алексеевич.",,,
12811,Золотинка: Лирика.,"ДОМОВИ-ТОВ, Николай Федорович.",,,
12812,Золотинка: Рассказы.,"ГОРЮНОВ, Иван Григорьевич.",,,
12813,Золотиночка: Повесть и рассказы.,"ЛЕВЧАЕВ, Петр Иванович.",,,
12814,Золотица: Стихи.,"КОЧЕТОВ, Валентин Семенович.",,,
12815,Золото: Драма в 4-х д.,"БРАМ-СОН, Карен.",,,
12816,Золото: Драматическая повесть в 2-х д.,"НЕДАЧИН, М., ОСТАПЕНКО, Галина Геннадиевна.",,,
12817,Золото: Комедия в 4-х д.,"НЕМИРОВИЧ-ДАНЧЕНКО, Владимир Иванович.",,,
12818,Золото: Очерки.,"РЫБКИН, Юрий Иванович.",,,
12819,Золото: Повесть в 2-х ч. Из жизни золотоискателей Восточной Сибири и Манчжурии.,"ПОСПЕЛОВ, Сильвестр Александрович.",,,
12820,Золото: Пьеса в 4-х актах. (Новый вариант).,"ДИСТЛЕР, Вадим Васильевич, ФИЛИМОНОВ, Александр Александрович.",,,
12821,Золото:  Пьеса в 4-х д.,"О'НЕЙЛЛЬ, Евгений (О'НИЛ, Юджин Гладстон).",,,
12822,Золото: [Рассказ].,"ЛОНДОН, Джек. ",Золотое дно.,,
12823,Золото: Рассказы.,"АЖАЕВ, Василий Николаевич.",,,
12824,Золото: Рассказы.,"ПЛЕТНЕВ, Валериан Федорович.",,,
12825,Золото:  [Рассказы].,"ПОЛЬ- ГЕИМ, Г.",,,
12826,Золото: Роман.,"ЗАВАДОВСКИЙ, Леонид Николаевич.",,,
12827,Золото: Роман.,"КРАТТ, Иван Федорович.",,,
12828,Золото: Роман.,"МАМИН-СИБИ-РЯК, Дмитрий Наркисович.",,,
12829,Золото:  Роман.,"МАРГЕРИТ, Виктор.",,,
12830,Золото: Роман.,"ПЕТРОВ, Петр Поликарпович.",,,
12831,Золото: Роман.,"ПОЛЕВОЙ, Борис.",,,
12832,Золото: Роман.,"У ПИТ, Андрей Мартынович.",,,
12833,Золото: Стилизованная монодрама-примитив в 3-х актах.,"СОРОКИН, Антон Семенович.",,,
12834,Золото: Сцены из современной еврейской жизни.,"ИВАНОВ, Евгений Платонович.",,,
12835,Золото: Чудесная повесть о генерале Иоганне Августе Сутере.,"САНДРАР, Блэз. ",Золото или Замечательная история генерала Иоганна-Августа Зутера.,,
12836,Золото в грязи: Роман.,"МОРИЦ, Жигмонд.",,,
12837,Золото в лазури.,"БЕЛЫЙ, Андрей.",,,
12838,Золото далекой бухты.,"КОЖЕВНИКОВ, Николай Павлович.",,,
12839,Золото и кровь: Роман из современной жизни.,"ГРАФ АМОРИ (РАПГОФ, Ипполит Павлович).",,,
12840,Золото и любовь: Роман.,"ЭЛИОТ, Джордж.",,,
12841,Золото или Замечательная история генерала Иоганна-Августа Зутера.,"САНДРАР, Блэз.",,,
12842,Золото Кахамарки: Рассказ.,"ВАССЕРМАН, Якоб.",,,
12843,Золото — металл благородный.,"БАЛАБИН, Станислав Прокопьевич.",,,
12844,Золото полей: Агрофельетоны.,"БРАГИН, Абрам Григорьевич. ",А все-таки завертим!,,
12845,Золото Севера.,"РУ ДИМ, Владимир Васильевич.",,,
12846,Золото смерти.,"ИВНЕВ, Рюрик.",,,
12847,Золото собирается крупицами: Роман.,"ХАММАТОВ, Яныбай Хамматович.",,,
12848,Золото соломы.,"СЕМАШКЕВИЧ, Рыгор (СЕМАШКЕВИЧ, Григорий Михайлович).",,,
12849,Золото-старушка:     Рассказы.,"ХМАРСКИИ, Иван Дмитриевич.",,,
12850,"«Золотоволосая царевна» и другие сказки, были и басни.","ТОЛСТОЙ, Лев Николаевич.",,,
12851,Золотое веретено: Стихи.,"РОЖДЕСТВЕНСКИЙ, Всеволод Александрович.",,,
12852,Золотое время: Задушевные рассказы.,"ЩЕРБАЧЕВА, Зоя Николаевна.",,,
12853,Золотое время: Очерки и рассказы.,"НОСИЛОВ, Константин Дмитриевич.",,,
12854,Золотое дело: Повесть.,"АКСЕЛЬРОД, Григорий Семенович.",,,
12855,Золотое дело: Пьеса в 3-х д.,"ЖЕРБИДОН, Марсель.",,,
12856,Золотое детство:     Рассказы.,"СКРЫПНИК, Лев Владимирович.",,,
12857,Золотое дно: Комедия в 3-х д.,"ВОИНОВА, Александра (САНТ-ЭЛЛИ).",,,
12858,Золотое дно: (Монт-Ориоль). Роман. Ч. 1—2.,"МОПАССАН, Ги де.",,,
12859,Золотое дно: Очерки.,"РЯБИНИН, Борис Степанович.",,,
12860,Золотое дно: Очерки.,"СОЛОУХИН, Владимир Алексеевич.",,,
12861,Золотое         дно:  [Рассказ].,"ЛОНДОН, Джек.                       ",,,
12862,Золотое дно:   Рассказы. 1903— 1907 гг.,"БУНИН, Иван Алексеевич.",,,
12863,Золотое  дно: [Рассказы и по- весть].,"ШУХОВ, Иван Петрович.",,,
12864,Золотое дно: [Роман]..,"НЕМЦОВ, Владимир Иванович.",,,
12865,Золотое дно: Роман.,"САВИНЬОН, Андрэ.",,,
12866,Золотое зеркало: Роман в стихах и рассказах.,"ВАССЕРМАН, Якоб.",,,
12867,Золотое зерно: Очерк.,"ХОХЛОВ, Козьма Гаврилович.",,,
12868,Золотое зерно: Пьеса в 4-х д.,"ПРОТОДЬЯКОНОВ, Василий Андреевич.",,,
12869,Золотое колечко: Повести и рассказы.,"ЯКУБОВ, Адыл.",,,
12870,Золотое кольцо: Поэма и стихи.,ПИНЯЕВ,,,
12871,Золотое кольцо: Роман-хроника.,"ДГЕБУАДЗЕ-ПУЛАРИЯ, Мария.",,,
12872,Золотое кольцо; Тархановы: Романы.,"ЖЕСТЕВ, Михаил.",,,
12873,Золотое ожерелье.,"ЕЛЕГЕЧЕВ, Иван Захарович.",,,
12874,Золотое озеро: Повесть.,"МАЛЫШЕВ, Алексей Александрович.",,,
12875,Золотое поле: Роман.,"ВЕРГА- СОВ, Илья Захарович.",,,
12876,Золотое ружье.,"ГОРБУНОВ, Борис Петрович.",,,
12877,Золотое руно: Драма в» 3-х д.,"ПШИБЫШЕВСКИИ, Станислав.",,,
12878,Золотое руно: Повесть.,"ЗАМЧА-ЛОВ, Григорий Емельянович, ПЕРОВСКАЯ, Ольга Васильевна.",,,
12879,Золотое руно: Пьеса в 3-х д.,"КАРНАУХОВА, Ирина Валериановна, КРАМОВ А, Надежда.",,,
12880,Золотое руно: [Роман].,"ГУЛЯШ-КИН, Андрей.",,,
12881,Золотое руно: Роман.,"КОЦЮБА, Гордий (КОЦЮБА, Гордей Максимович).",,,
12882,Золотое руно: [Сказка].,"ЛА-БУЛЭ, Эдуард Рене Лефевр де.",,,
12883,Золотое руно; Четверо простых духом; Анекдот.,"ВЕБЕР, Пьер.",,,
12884,Золотое седло: Стихи.,"ДУГАРОВ, Баир Сономович.",,,
12885,Золотое сердечко.,"КОЛЬЧУГИНА, София.",,,
12886,Золотое сердце: Картинка из купеческой жизни в 1-м д.,"ДЯДЯ МИТЯЙ (ТОГОЛЬСКИИ, Дмитрий Дмитриевич).",,,
12887,Золотое сердце: Комедия в 4-х д.,"ЭКАР, Жан Франсуа Виктор.",,,
12888,Золотое сердце: Мистерия в 4-х д.; Ветер: Трагедия в 5-ти д.,"ЭРЕНБУРГ, Илья Григорьевич.",,,
12889,Золотое сердце: Повесть из времен Екатерины II.,"СМИРНОВ, Александр Платонович.",,,
12890,Золотое сердце; Покорность судьбе: Рассказы из уголовной летописи.,"ТЕМ-МЕ, Иодокус Донат Губерт.",,,
12891,Золотое сердце: Рассказ.,"ГОФМАН, Франц.",,,
12892,Золотое сердце: Рассказ.,"КАРАУЛОВ, Михаил Федорович.",,,
12893,Золотое сердце: Роман.,"ТАРАН-СКИИ, Г. (КОРОПЧЕВСКИИ, Дмитрий Андреевич).",,,
12894,Золотое сердце: Сказка в 2-х половинах.,"КОРОСТЫЛЕВ, Вадим Николаевич.",,,
12895,Золотое сечение.,"ЛАВРОВ, Леонид Алексеевич.",,,
12896,Золотое сокровище; Блоха и профессор.,"АНДЕРСЕН, Ганс-Христиан.",,,
12897,Золотое счастье: Роман в 2-х ч.,"РУСОВ, Николай Николаевич.",,,
12898,Золотое утро: Повесть.,"ГУРУНЦ, Леонид.",,,
12899,Золотое ухо: Пьеса-сказка в 2-х д.,"САПГИР, Генрих Вениаминович, ЦЫФЕ-РОВ, Геннадий Михайлович.",,,
12900,Золотоискатели: Рассказы.,"ТРАЯНОВ, Христо.",,,
12901,Золотоискатели: Роман.,"АМП, Пьер. ",Искатели золота; Золотоискатели в Вене.,,
12902,Золотоискатели: Роман.,"КЭРВУД, Джеймс Оливер (КЕРВУД, Джеймс Оливер).",,,
12903,Золотоискатели в Вене: (Из быта «шиберов»).,"ХАМЦ, Пьер (АМП, Пьер).",,,
12904,Золотоискатели в пустыне: Роман.,"ОБРУЧЕВ, Владимир Афанасьевич.",,,
12905,Золотоискатель: (Из сибирских типов).,"КОРСАК, Б.",,,
12906,Золотоискатель: Комедия в 2-х д.,"ЖИТКОВ, Сергей Михайлович.",,,
12907,Золотоискатель: Рассказ.,"ГОФМАН, Франц.",,,
12908,Золотой: Быль из деревенской жизни.,"ВАСИЛЬКОВСКИЙ, А. К.",,,
12909,Золотой Алдан.,"РИХТЕР, Зинаида Владимировна.",,,
12910,Золотой берег: [Рассказ].,"ЗАЦ, Моисей Борисович.",,,
12911,Золотой берег: Рассказы.,"ОРЛОВ, Владимир Тимофеевич.",,,
12912,Золотой берег: Рассказы и повесть.,"ДЕМУРХАНАШВИЛИ, Соломон Николаевич.",,,
12913,Золотой бор.,"ТИМКОВСКИЙ, Николай Иванович.",,,
12914,Золотой браслет.,"ДЮ-КАМП, Максим (ДЮКАН, Максим).",,,
12915,"«Золотой браслет», вождь индейцев.","МАЙН-РИД (РИД, Томас Майн).",,,
12916,Золотой брат.,"МАМИН-СИБИ-РЯК, Дмитрий Наркисович.",,,
12917,Золотой бурундук: Фантастическая повесть.,"ИВАНОВ, Всеволод Никаноров и",,,
12918,Золотой Василек: Роман.,"ФРА-ЕРМАН, Рувим Исаевич.",,,
12919,Золотой век: Исторический роман из царствования имп. Екатерины II. В 2.-х ч.,"ДМИТРИЕВ, Дмитрий Савватеевич.",,,
12920,Золотой век: [Роман].,"ТВЭН, Марк (ТВЕН, Марк), УОРНЕР, Чарльз Дэдлей (УОРНЕР, Чарльз Дэдли).",,,
12921,Золотой век: Романы и повести.,"СИНКЛЕР, Эптон.",,,
12922,Золотой век: Стихи.,"ИНГЕ, Юрий Алексеевич.",,,
12923,Золотой век: (Через сто лет). [Роман].,"БЕЛЛАМИ, Эдуард.",,,
12924,Золотой виноградник:   Стихи.,"АБАШИДЗЕ, Григол Григорьевич.",,,
12925,Золотой водопад: Приключенческая повесть.,"КИСЕЛЕВ, Виктор Владимирович.",,,
12926,Золотой возраст.,"ГРЭЭМ, Кенет.",,,
12927,Золотой волос.,"БАЖОВ, Павел Петрович.",,,
12928,Золотой голубь: Маленькие новеллы.,"РАЗУМНЫЙ, Марк Абрамович.",,,
12929,Золотой горшок.,"ГОФМАН, Эрнст Теодор Амадей.",,,
12930,Золотой грибок: Сказка.,"ЖИТКОВ, Михаил Николаевич.",,,
12931,Золотой гусь: Рассказы.,"ИЛЛЕШ, Бела.",,,
12932,Золотой дождь: Пьеса в 1-м д.,"МАКАРСКАЯ, Тамара.",,,
12933,Золотой дождь: [Рассказы].,"ПРИ-ГОРОВСКИЙ, Степан Евлампиевич.",,,
12934,Золотой дождь: Роман.,"ЗАЙКИН, Павел Дмитриевич.",,,
12935,Золотой дождь: Роман.,"ТУМУ-НОВ, Жамсо (ТУМУНОВ, Жамса Тумуйо-вич).",,,
12936,Золотой жук: Повесть.,"ПО, Эдгар Аллан.",,,
12937,Золотой запас: Пьеса в 4-х д.,"ЕЛФИМОВ, Александр.",,,
12938,Золотой запас: Стихотворения.,"СМЕЛЯКОВ, Ярослав Васильевич.",,,
12939,Золотой зверь: Роман.,"НИКОНОВ, Борис Павлович.",,,
12940,Золотой исток.,"РОМАШОВ, Андрей Павлович.",,,
12941,Золотой истукан: Повесть.,"ИЛЬЯСОВ, Явдат Хасанович.",,,
12942,Золотой камень; Наша Любушка: Повести.,"КРИВЕНКО, Евгений Иванович.",,,
12943,Золотой кишлак; Непокорный Пяндж: [Стихи и. поэма].,"МИРШАКАР, Мирсаид.",,,
12944,Золотой кишлак: Пьеса в 3-х д.,"МИРШАКАР, Мирсаид.",,,
12945,Золотой клад: Сказка.,"АНДЕРСЕН, Ганс-Христиан. ",Золотое сбкрО-вище.,,
12946,Золотой клюв: Повесть о дальних днях.,"КАРАВАЕВА, Анна Александровна.",,,
12947,Золотой ковш: Стихи.,ДРУЖИНИН,,,
12948,Золотой колос: Повесть.,"БЕЛЯ-НИЧЕВ, Андрей Яковлевич.",,,
12949,Золотой колос: Поэма.,"КАРИМ, Ханиф.",,,
12950,Золотой конь: Сказочная пьеХА ъ 5-ти д.,РАЙНИС,,,
12951,Золотой Котел: Рассказы.,"ПОЛКОВНИКОВ, Михаил Петрович.",,,
12952,Золотой крест: Повесть.,"ЛЕЙМН, Юрий Абрамович, МЫЛЬНИКОВ",,,
12953,Золотой крестик: Рассказы из жизни Иоанна Грозного.,АНДРЕЕВСКАЯ В,,,
12954,Золотой круг: Повести и pafcCfca-зы.,"АЛДАН-СЕМЕНОВ, Андрей.",,,
12955,Золотой ларчик: Сказка в 4-х д.,"АФАНАСЬЕВ, Кузьма Васильевич.",,,
12956,Золотой лебедь: Картины в 4-х д.,"ПЛЕЩЕЕВ, Александр Алексеевич.",,,
12957,Золотой лев.,"КАРЕЛИН, Лазарь Викторович.",,,
12958,Золотой лев в Гронпере: (Эльзас). Роман.,"ТРОЛЛОП, Антони (ТРОЛЛОП, Энтони)",,,
12959,Золотой линь: Рассказы.,ПАУСТОВСКИЙ,,,
12960,Золотой листопад:     Рассказы.,"ВОЛЬНОВ, Августин Александрович.",,,
12961,Золотой луг.,"ПРИШВИН, Михаил Михайлович.",,,
12962,Золотой лук: Рассказы.,"ШУР-ГИН, Михаил Алексеевич.",,,
12963,Золотой мальчик: Комедия-памфлет в 2-х ч.,"МИХАЛКОВ, Сергей Владимирович.",,,
12964,Золотой мальчик: Пьеса в 4-х д.,"ОДЕТС, Клиффорд.",,,
12965,Золотой мальчик: Рассказ из истории Италии.,"АЛТАЕВ, Ал.",,,
12966,Золотой месяц: Рассказы.,"САФАРОВ, Назир Сафарович.",,,
12967,Золотой мешок: Комедия в 3-х д.,"ДЕЛАКУР, Альфред Шарлемань, МАНИ-ЕЛЬ (МАНСЕЛЬ, Жорж).",,,
12968,Золотой мешок: Роман.,"РУЖОН, Жак.",,,
12969,Золотой мираж: Комедия в 4-х д.,"МОРОЗОВ, Александр Петрович.",,,
12970,Золотой мираж: На Солгоне. Драма в 3-х д.,"ЕГОРОВ, Михаил Васильевич.",,,
12971,Золотой мираж: [Рассказ].,"ДРАЙЗЕР, Теодор.",,,
12972,Золотой молоток: Сатирическая комедия в 2-х д.,"СЕМЕНОВ, Мануил Григорьевич.",,,
12973,Золотой налив.,"МОГИЛЕВСКАЯ, Софья Абрамовна.",,,
12974,Золотой ноготь: (Повесть из китайской жизни).,ТАБУ РИН,,,
12975,Золотой обруч: Пьеса в- 4-х д.,КОЗАКОВ,,,
12976,Золотой обруч: Рассказы. Воспоминания. Заметки.,"ТУ ГЛАС, Фридеберт Юрьевич.",,,
12977,Золотой огонь: Пьеса в 3-х д.,"РУТКОВСКИЙ, Леонид.",,,
12978,Золотой орех.,"РАДЖАБ, Мухаммад.",,,
12979,Золотой осел: Метаморфозы. В 11-ти кн.,"АПУЛЕЙ, Люций. ",Превращения или О золотом осле.,,
12980,Золотой перстень: Повести и рассказы.,"БУДАРОВ, Георгий Иванович.",,,
12981,Золотой перстень: Роман.,"СКАЗ-БУШ, Николай.",,,
12982,Золотой песок: Вторая книга стихов.,"ГАЛАТИ, Екатерина Александровна.",,,
12983,Золотой петух; Безумец: Романы.,РАФФИ.,,,
12984,Золотой петух: Стихи.,ЛИН ЮНЬ.,,,
12985,Золотой петушок: Повесть.,"БОРИСОВ, Леонид Ильич.",,,
12986,Золотой петушок: Рассказ.,"КРАСИЛЬНИКОВА, Лидия Петровна.",,,
12987,Золотой петушок: Роман.,РАФФИ. ,Золотой петух.,,
12988,Золотой Плес.,"СМИРНОВ, Николай Павлович.",,,
12989,Золотой поезд: Повесть.,ДМИТРИЕВ,,,
12990,Золотой поезд: Повесть.,"МАТВЕЕВ, Владимир Павлович.",,,
12991,Золотой полдень: Стихи.,"МОЛЧАНОВ, Иван Никанорович.",,,
12992,Золотой портсигар: Комедия в 2-х д.,"РУСЕВ, Н.",,,
12993,Золотой поток: Повесть.,"БРЫКИН, Николай Александрович.",,,
12994,Золотой пояс: Документальная повесть.,"ВОЛК, Ирина Иосифовна.",,,
12995,Золотой пояс: [Роман].,"ЕРЕМИН, Дмитрий Иванович.",,,
12996,Золотой пояс Нураты: Очерки.,"ВОЛКОВ, Константин Петрович.",,,
12997,Золотой поясок: Стихи.,"БЕЛЯ-ЕВСКАЯ, Ольга Александровна.",,,
12998,Золотой пруд: Рассказы.,"ГРИН, Александр.",,,
12999,Золотой рог.,"ПРИШВИН, Михаил Михайлович.         ",,,
13000,Золотой рубин: Повесть.,"КАМАНИН, Федор.",,,
13001,Золотой ручей.,"ЯКУТСКИЙ, Николай.",,,
13002,Золотой саркофаг: Роман.,"МОРА, Ференц.",,,
13003,Золотой след.,"ЧЕРНОЛУССКИИ, Михаил Борисович.",,,
13004,Золотой смерч: Записки молодого человека из хорошей семьи.,"БЕККЕЛЬ-МАН, Юрген.",,,
13005,Золотой сон.,"ГУСЕВ-ОРЕНБУРГ-СКИИ, Сергей Иванович.",,,
13006,Золотой телец: Комедия в 1-м д.,"ДОБРЖАНСКИИ, Станислав.",,,
13007,Золотой телец: Пьеса в 3-х д.,"ФРЕШЕЛЬ, Георг.",,,
13008,Золотой телец: [Роман].,"БРЭД-ДОН, Мэри Элизабет.",,,
13009,Золотой телец: [Роман].,"МИО-МАНДР, Франсис де.",,,
13010,Золотой телец: Роман в 2-х ч.,"ГРЕН, А. Л. (ЛИНДЕГРЕН, Александра Николаевна).",,,
13011,Золотой телец: Роман в 2-х ч.,"РОСТИСЛАВ (ТОЛСТОЙ, Феофил Матвеевич).",,,
13012,Золотой телец: [Сборник стихотворений] .,"ТОМАССОВСКИЙ, Александр.",,,
13013,Золотой теленок.,"ИЛЬФ, Илья, ПЕТРОВ, Евгений.",,,
13014,Золотой топор: Стихи и сказки.,"ГУРМАНЖАНОВ, Утебай.",,,
13015,Золотой угол: Повесть.,"ПРАВ-ДИН, Лев Николаевич.",,,
13016,Золотой узел: Рассказ.,"ГУМИЛЕВСКИЙ, Лев Иванович.",,,
13017,Золотой фараон.,"БРУКНЕР, Карл.",,,
13018,Золотой фонтан.,"ПЕРЕС ГАЛЬ-ДОС, Бенито.",,,
13019,Золотой хмель: Комедия в 4-х д.,"ПОЗДНЕВА, Ольга Владимировна.",,,
13020,Золотой холм: Роман из жизни рабочих.,"СКЕЛЬДБОРГ, Иоган.",,,
13021,Золотой человек: [Роман].,"БЛАН-КО-ФОМБОНА, Руфино.",,,
13022,Золотой человек: Роман.,"ИОКАЙ, Мор.",,,
13023,"Золотой человек: [Фельетоны]. ЕГОРОВ, Борис Андрианович.","ПОЛИЩУК, Ян Азарович.",,,
13024,Золотой шатер.,"БЕЛИАШВИЛИ, Акакий Ионович.",,,
13025,Золотой шлем: Исторический роман.,"КОРОТКОВ, Александр Сергеевич.",,,
13026,Золотой якорь: (Рассказ); Разочарованному.,"ГРАБОВСКИЙ, А. Н.",,,
13027,Золотой якорь: Рассказы.,"ШМАН-КЕВИЧ, Андрей Павлович.",,,
13028,"Золотом, железом, кровью: Роман.","ГРАНЖАН, Жорж.",,,
13029,Золотопромышленники: Сцены в 4-х д.,"МАМИН, Дмитрий Наркисович (МАМИН-СИБИРЯК, Дмитрий Наркисович).",,,
13030,"Золоторогая сайга: Повесть, рассказы и сказка.","ОМАРОВ, Сейтжан.",,,
13031,Золототысячник: Повесть.,"РЯБО-КЛЯЧ, Иван Афанасьевич.",,,
13032,Золотуха.,"МАМИН-СИБИРЯК, Дмитрий Наркисович.",,,
13033,Золотые берега: (Перелом). Пьеса в 3-х д.,"ЗАДОНСКИЙ, Николай Алексеевич.",,,
13034,Золотые берега: Пьеса в 3-х д.,"ГЛЕБОВ, Анатолий.",,,
13035,Золотые букашки: Рассказы.,"ГОРЕЛОВ, Иван Павлович.",,,
13036,Золотые буквы.,"САИФУЛИНА, Лола-хан (САЙФУЛЛИНА, Лола-хан).",,,
13037,Золотые ворота: Поэма-репортаж.,"ХАМИД, Ташпулат.",,,
13038,Золотые ворота:    [Рассказы].,"ШЕСТАКОВА, Юлия Алексеевна.",,,
13039,"Золотые ворота: Рассказы, повесть.","ШУРТАКОВ, Семен Иванович.",,,
13040,Золотые ворота: Роман.,"ГОЛОВ-ЧЕНКО, Иван Харитонович, МУСИЕНКО, Алексей Григорьевич.",,,
13041,Золотые ворота: Стихи.,"ГОРДЕЕВ, Семен.",,,
13042,Золотые ворота: Стихи.,"ШАБ-ДАНБАЕВ, Токтоналы.",,,
13043,Золотые ворота: (Стихи). 1921 — 1922 гг.,"ПАВЛОВИЧ, Надежда Александровна.",,,
13044,Золотые глубины.,"САЛЬНИКОВ, Анатолий Алексеевич.",,,
13045,Золотые горы: Роман.,"ФИБИХ, Клара.",,,
13046,Золотые горы: Роман из современной жизни.,"ЕЛИЗАРОВ, К.",,,
13047,Золотые двери: Книга лирики.,"ШАРКОВ, Владимир.",,,
13048,Золотые деньки: Рассказы.,"ЛИБ-РОВИЧ, Сигизмунд Феликсович.",,,
13049,Золотые дни: Рассказы и очерки.,"ДУДОРОВ, П. (ОРЛОВЕЦ, П).",,,
13050,Золотые дни: Рассказы и сказки.,"БАРАНЦЕВИЧ, Казимир Станиславович.",,,
13051,Золотые зерна: Рассказы.,ПАТОВ. ,,,
13052,Золотые искры: Рассказы.,"ЗУЕВ, Александр Никанорович.",,,
13053,Золотые искры: Сказки и рассказы.,"ДОГАНОВИЧ, Анна Никитична.",,,
13054,Золотые кандалы: Повесть в 1-м гоме.,"ФЛЕМИНГ, Май ",,,
13055,Золотые клены.,"ШЕВЕЛОВ, Виктор Макарович.",,,
13056,«Золотые ключи»: (Победители). Драма в 4-х актах.,"ШИПОВ, Георгий.",,,
13057,Золотые ключи: [Повесть].,"ФОРД, Вильям.",,,
13058,Золотые ключи: [Стихи].,"МАКА-РОЧКИНА, Нина Александровна.",,,
13059,Золотые коронки: Повесть.,"ГРИНИН, Ефим Иосифович.",,,
13060,Золотые костры: Драма в 3-х д.,"ШТОК, Исидор Владимирович.",,,
13061,Золотые кресты: Роман.,"НОВИКОВ, Иван Алексеевич.",,,
13062,Золотые    кувшинки: Рассказы.,"ИСБАХ, Александр.",,,
13063,Золотые кудри: Повесть.,"ЭЛЛИОТ, Джордж (ЭЛИОТ, Джордж).",,,
13064,Золотые ливни: Стихи.,"КАСАТКИН, Павел Ефимович.",,,
13065,Золотые листья: Повести и рассказы.,"УМАРБЕКОВ, Ульмас Рахимбеко-вич.",,,
13066,Золотые  листья:    [Рассказы].,"ВЯТКИН, Георгий Андреевич.",,,
13067,Золотые мили.,"ПРИЧАРД, Катарина Сусанна.",,,
13068,Золотые насечки: (Морские легенды).,"КУЧЕРЯВЕНКО, Василий Трофимович.",,,
13069,Золотые нашивки: Повесть.,"КЛИ-МЕНЧЕНКО, Юрий Дмитриевич.",,,
13070,Золотые огни: [Стихи].,"ПАНЧЕНКО, Павел Михайлович.",,,
13071,Золотые огни: . Стихотворения.,"НАЗАРОВ, Аширмат.",,,
13072,Золотые огоньки: Повесть.,"ГВОЗДЕВ, Георгий Борисович.",,,
13073,Золотые огоньки: [Стихи].,"ХО-РИНСКАЯ, Елена.",,,
13074,Золотые озера: Рассказ для ребят об озерах Эльтон и Баскунчак.,"ДЬЯКОВ, Борис Александрович.",,,
13075,Золотые оковы: Драма в 5-ти д.,"КУЛУНЧАКОВ, Николай Яковлевич.",,,
13076,Золотые патроны.,"АНАНЬЕВ, Геннадий Андреевич.",,,
13077,Золотые перезвоны:       Роман.,"ХЕРСТ, Фанни.",,,
13078,Золотые плоды: Роман.,"САРРОТ, Натали.",,,
13079,Золотые початки.,"ПОПОВ, Борис Николаевич.",,,
13080,Золотые просеки.,"СТАРИКОВ, Виктор Александрович.",,,
13081,Золотые рельсы: Рассказы.,"СОКОЛОВА, Марина Николаевна.",,,
13082,Золотые ресницы: Стихи.,"ВАСИЛЬЕВА, Нина.",,,
13083,Золотые россыпи: Очерк.,"СЫРЦОВ, Евгений Константинович.",,,
13084,Золотые россыпи:      [Очерки].,"ШЛЯХОВ, Виктор Иванович.",,,
13085,Золотые россыпи: Повесть.,"МО-НАСТЫРНЫЙ, Леонид Пантелеймонович.",,,
13086,Золотые россыпи: Пьеса в 1-м д.,"ЛЕВИН, Лев Давидович.",,,
13087,Золотые россыпи: Пьеса в 3-х д.,"ПРОКОФЬЕВ, Иван Алексеевич.",,,
13088,Золотые россыпи: Роман в 2-х ч.,"МИХЕЕВ, Василий Михайлович.",,,
13089,Золотые росы: Повесть.,"ВАСЮКОВА, Галина Георгиевна.",,,
13090,Золотые руки: Из книги «Соседи пана Пилсудского».,"РОЙЗМАН, Матвей Давидович.",,,
13091,Золотые руки: Одноактная пьеса.,"КОЛЕСНИКОВ, Николай Алексеевич.",,,
13092,Золотые руки: Повесть.,"ЛЫЮ-РОВ, Александр Алексеевич.",,,
13093,Золотые руки: (Последний человек). Рассказ.,"ПОЛИЛОВ-СЕВЕРЦЕВ, Г. Т. (ПОЛИЛОВ, Георгий Тихонович).",,,
13094,Золотые руки: [Рассказ].,ТУР,,,
13095,Золотые руки: Рассказы.,"НИЛИН, Павел Филиппович.",,,
13096,Золотые руки: [Рассказы и пьеса-сказка].,"АБАКАРОВ, Ахмедхан (АБУ-БАКАР, Ахмедхан).",,,
13097,Золотые руки: Рассказы о русских умельцах.,"ФЕДОРОВ, Евгений Александрович.",,,
13098,Золотые руки: Стихи.,"ФРОЛОВ, Михаил Афанасьевич.",,,
13099,Золотые сердца: Лирическая комедия в 3-х д.,"СУПТЕЛЯ, Дмитро. ",Первые розы. (Новая ред.).,,
13100,Золотые сердца: (Листки из загубленной повести).,"ЗЛАТОВРАТСКИИ, Николай Николаевич.",,,
13101,Золотые сети: Сказки.,"КЕКИ-ЛОВ, Аман.",,,
13102,Золотые сны: Рассказ из жизни в гайге.,"ВЕРЕЖНИКОВ, Александр Васильевич.",,,
13103,Золотые сны: Роман в 3-х ч.,"ОПАЦКИЙ, В. Г.",,,
13104,Золотые сны: Три рассказа.,"КРУГЛОВ, Александр Васильевич.",,,
13105,Золотые трамваи: Стихи.,"РАДЕ-ВИЧ, Борис Леонидович.",,,
13106,Золотые туфельки: Повесть.,"ВАСИЛЕНКО, Иван Дмитриевич.",,,
13107,Золотые холмы: Стихи о Грузии. Избранная лирика. Избранные переводы с грузинского.,"КУНЯЕВ, Станислав Юрьевич.",,,
13108,Золотые холмы детства: Рассказы.,"ЧИГАРЕВА, Зинаида Александровна.",,,
13109,Золотые цепи: (Роман из московской жизни). В 2-х ч.,ПАВЛОВ. ,,,
13110,"Золотые часы цветущего возраста, посвященные для образования их вкуса, склонностей, ума и сердца, или Повести г-на Бульи, писанные для его дочери: Ч. 1-2.","БУЛЬИ, Жан Никола.",,,
13111,Золотые яблоки: Повесть и рассказы.,"МОСКОВКИН, Виктор Флегонтович.",,,
13112,Золотые яблоки: Рассказы.,"АУС-ЛЕНДЕР, Сергей Абрамович.",,,
13113,Золоченая богема: Роман из петербургской жизни.,"СВЕТЛОВ, Валериан.",,,
13114,Золушка: (Киноповесть). Тайна добродетели.,"ШАГИНЯН, Мариэтта Сергеевна.",,,
13115,Золушка: Комедия в 3-х д.,"АРДОВ, Виктор.",,,
13116,Золушка: Поэма всех сказок в 12-ти гл. и 3-х загадках с ключом.,"КИРСАНОВ, Семен Исаакович.",,,
13117,Золушка: [Рассказ].,"ДИККЕНС, Чарльз. ",,Сиротка Бэлла...,
13118,Золушка: Сказка в 3-х д.,"ИВАНОВ, Лев Львович.",,,
13119,Золушка думает: Стихи.,"МОРАВСКАЯ, Мария Людвиговна.",,,
13120,Золя.,"БАРБЮС, Анри.",,,
13121,Зона взрывов: Рассказы.,"ЗАБЕЛИН, Игорь Михайлович.",,,
13122,Зона Замфирова.,"СРЕМАЦ, Сте-ван.",,,
13123,Зона затопления: Стихи.,ФИК* ,,,
13124,Зона недоступности:    Повесть.,"БОНДАРЕВ, Михаил Сергеевич, КОРШУНОВ, Владимир Георгиевич.",,,
13125,Зона непроницаемости: Повесть.,"ЭГАРТ, Марк Моисеевич.",,,
13126,Зона пустоты: Роман.,"НОМА, Хироси.",,,
13127,Зонтик.,"МОПАССАН, Ги де. ",Дождевой зонтик.,,
13128,Зонтики нужно беречь!: Комедия не шутка в 5-ти сценах.,"МИНЧКОВСКИИ, Аркадий Миронович.",,,
13129,Зоогород: Кн. 1.,"ЮРИН, Сергей Васильевич.",,,
13130,Зоологические сказки.,"РАТОМ-СКИИ, Николай Алексеевич.",,,
13131,Зоопарк в моем багаже.,"ДАРРЕЛ, Джеральд.",,,
13132,Зор: Стихи.,"АСЕЕВ, Николай.",,,
13133,Зора Юлдуз:    (Звезда Венера).,"ИФФАТ, Захида.",,,
13134,Зорах и Буланка; Гудок: Два рассказа.,"ВЕНДРОВ, Д. (ВЕНДРОВ, 3.).",,,
13135,Зоревое пламя: Стихи.,"АСЕЕВ, Николай Николаевич.",,,
13136,"Зоревой Донец: Рассказы, повесть.","ВОЛОДИН, Григорий Григорьевич.",,,
13137,Зоревые тропы: Рассказы.,"ХОРЬКОВ, Эдуард Алексеевич.",,,
13138,Зоренские дворы: Повесть.,"ПЕВ-НЕВ, Федор Павлович.",,,
13139,Зоренька: Рассказы.,"МИЩИК, Александр Васильевич.",,,
13140,Зоренька ясная: Стихи о светлой воле.,"СТ-ОВ, А. И.",,,
13141,Зори: [Пьеса].,"ВЕРХАРН, Эмиль.",,,
13142,Зори: [Роман].,"КУТКОВЕЦКИЙ, Яков Афанасьевич.",,,
13143,Зори: Стихи.,"ВАГАБЗАДЕ, Бахтияр Махмуд оглы.",,,
13144,Зори Алтая: Повесть.,"ТУКЕНО-ВА, Фекла Ермиловна.",,,
13145,Зори валдайские: Повесть.,"СОРОКИН, Сергей Петрович.",,,
13146,"Зори весенние: Рассказы, сказки и стихи.","ФЕДОРОВ-ДАВЫДОВ, Александр Александрович.",,,
13147,Зори вечерние.,"БАУЛИНА, А.",,,
13148,Зори вешние: Стихи.,"ЗЕРНИТ, Бруно Иванович.",,,
13149,Зори грядущего: Стихи.,"КИРИЛЛОВ, Владимир Тимофеевич.",,,
13150,Зори да версты: Стихи.,"ГРИГОРЬЕВ, Игорь Николаевич.",,,
13151,Зори Земли: Стихи.,"ИСКАНДЕР, Фазиль Абдуллович.",,,
13152,Зори комсомольские.,"ЛЕБЕД-КИН, Виктор Михайлович.",,,
13153,Зори молодости: Стихи и поэма.,"РАМАЗАНОВ, Гилемдар Зигандарович.",,,
13154,Зори на просеках: Рассказы.,"КЕРЧЕНКО, Михаил Степанович.",,,
13155,Зори над березами.,"БОДРЕН-КОВ, Алексей Михайлович.",,,
13156,Зори над Волгой.,"ЕФИМОВ, Георгий Андреевич.",,,
13157,Зори над городом: [Повесть].,"КОНОНОВ, Александр Терентьевич.",,,
13158,Зори над городом: Повесть.,"ПИЧУГИН, Николай Алексеевич.",,,
13159,Зори над Неманом: Стихи.,"ВАСИЛЕК, Михась.",,,
13160,"Зори над океаном: Стихи, песни, поэма.","МОЖАЕВ, Борис Андреевич.",,,
13161,Зори над рекой: Рассказы о природе.,"МОИСЕЕНКО, Федор Макарович.",,,
13162,"Зори над Русью: Повесть лет, приведших Русь на Куликово поле.","РА-ПОВ, Михаил Александрович.",,,
13163,Зори не гаснут.,"ГАРТУНГ, Леонид Андреевич.",,,
13164,Зори не умирают.,"РОМАНОВ, Александр Николаевич.",,,
13165,Зори ночные.,"ЛЕНСКИЙ, Владимир.",,,
13166,Зори океана: Стихи.,"КРАСОВСКИЙ, Афанасий Степанович.",,,
13167,Зори охотника.,"ЩЕРБАКОВ, Иван Андреевич.",,,
13168,Зори Парижа: Киносценарий.,"РОШАЛЬ, Григорий Львович, ШАХОВСКОЙ, Георгий Леонидович.",,,
13169,Зори побед: Сборник стихотворений.,"КУЗЬМИНА, Наталия.",,,
13170,Зори поют — зори скорбят.,"ВОЛКОВ, Владимир.",,,
13171,Зори солдатские: Повесть и рассказы.,"ТАДЖИБАЕВ, Хамид.",,,
13172,Зори степные: Стихи.,"МИЛОСЕР-ДОВ, Семен Семенович.",,,
13173,Зори студеного края: Стихи.,"ДАНИЛОВ, Семен Петрович.",,,
13174,Зори ясные: Стихи.,"ЛИТВИНОВ, Василий.",,,
13175,"Зоркие тополя: Повесть, рассказы.","ПУЗАНОВ, Иван Ефимович.",,,
13176,Зоркий глаз: Лесные рассказы.,"АНДРЕЕВ, Петр Борисович.",,,
13177,Зоркий глаз: Рассказы.,"ОФИН, Эмиль Михайлович.",,,
13178,Зороастр: Драма в 3-х актах. XI век до Р. X.,"СТАНКОВ, Иван.",,,
13179,Зорька: Альманах для детей.,"ВАШКОВ, Евгений Иванович.",,,
13180,Зорька; Елка; Органчик: Три рассказа.,"ЛЬВОВА, Мария Александровна.",,,
13181,Зорька: [Повесть].,"ВОЛГИН, Сергей.",,,
13182,Зорька: Пьеса в 3-х д.,"ЛЬВОВ, Николай Иванович.",,,
13183,Зорька: Рассказ.,"МАРКОВ, Ал.",,,
13184,Зорька: [Рассказы].,"АБАБКОВ, Иван Герасимович.",,,
13185,Зорька: Стихи.,"ДЕЕВ-ХОМЯКОВ-СКИИ, Григорий Дмитриевич.",,,
13186,"Зорьки охотничьи, зорьки рыбацкие...: Рассказы.","РЖЕВИН, Михаил Михайлович.",,,
13187,Зорькина песня: Рассказы.,"АСТАФЬЕВ, Виктор Петрович.",,,
13188,Зорьные зовы: Стихотворения.,"ПРИШЕЛЕЦ, Антон.",,,
13189,Зоря: Драма в 4-х д.,"БЕЙЕР-ЛЕЙН, Франц Адам. ",Вечерняя заря.,,
13190,Зоря: (Из юнкерских воспоминаний).,"ПИСАРЕВ, Н.",,,
13191,Зорянка: Стихи.,"ТАТЬЯНИЧЕВА, Людмила Константиновна.",,,
13192,Зосима: (Рассказ из народного быта).,"ФЕОЛОГОВ, Алексей Петрович (ПЕТРОВ, Алексей).",,,
13193,Зотов и его семья: Повесть.,"ФИНН, Константин.",,,
13194,Зохак и Кавэ: Сказание древнего Ирана.,"АРЕНДТ, Всеволод Викторович.",,,
13195,Зохре и Тахир.,МОЛЛА-НЕПЕС. ,Сказание о Зохре и Тахире.,,
13196,Зоя: Поэма.,"АЛИГЕР, Маргарита Иосифовна.",,,
13197,Зоя: Стихи.,"БАБАДЖАН, Вениамин Симонович.",,,
13198,Зоя Дельфор; Летучая скрипка: Фантастические рассказы.,"ЧЕРНЫШЕВСКИЙ, Александр Николаевич.",,,
13199,Зоя Сергеева: Повесть.,"ЛЕБЕДЕНКО, Александр Гервасьевич.",,,
13200,"Зрей, ячмень!: Стихи.","МОРОЗОВ, Иван Игнатьевич.",,,
13201,Зрелища: Стихи.,"ВИНОКУРОВ, Евгений Михайлович.",,,
13202,Зрелость: Документальная повесть.,"БЕССАРАБ, Александр Никитович.",,,
13203,Зрелость: Повесть.,"АКОБИРОВ, Юсуфджан (АКОБИРОВ, Юсуф).",,,
13204,Зрелость: Повесть.,"ПОПОВА, Нина Аркадьевна.",,,
13205,Зрелость:  [Повесть].,"ТУРЕН- СКАЯ, Валентина Ионовна.",,,
13206,Зрелость: [Повесть].,"ФЕДОРОВ, Василий Дмитриевич.",,,
13207,Зрелость:  Рассказ.,"КЕТЛИН- СКАЯ, Вера Казимировна.",,,
13208,Зрелость: Роман.,"ПОПОВ, Василий Алексеевич.",,,
13209,Зрелость: [Стихи].,"ГОРДЕЙЧЕВ, Владимир Григорьевич.",,,
13210,Зрелость: Стихи.,"ФРОЛОВ, Михаил Афанасьевич.",,,
13211,Зрелость: Стихи и поэмы.,"РЕГИ-СТАН, Гарольд.",,,
13212,Зрелость: Хроника трудных дней в 9-ти карт.,"СИЗОВ, Николай Трофимович.",,,
13213,Зрелость пришла: Повесть.,"ПОМЕРАНЦЕВ, Владимир Михайлович.",,,
13214,Зрелые годы (1914—1917).,"АР-КОС, Ренэ.",,,
13215,Зрелые годы короля Генриха IV.,"МАНН, Генрих.",,,
13216,Зрение.,"КУМАКШЕВ, Виктор Кириллович.",,,
13217,Зримая тьма: Роман.,"ЛЬЮИС, Норман.",,,
13218,Зримое.,"РЫБАЛКО, Николай Александрович.",,,
13219,Зримое чудо.,"ЛОБАНОВ, Леонид Григорьевич.",,,
13220,Зримый свет в стихах или Возникающая Аврора.,"ПАКАТЦКИЙ, Гавриил (ПАКАТСКИЙ, Гавриил Авраамович).",,,
13221,Зрители.,"ГОРЬКИЙ, Максим.",,,
13222,Зритель в Севастополе и два молодца: Патриотическое стихотворение из настоящей Отечественной войны.,Н. Г.,,,
13223,Зрячие слепцы.,"БАХТИАРОВ, Сабир Сальманович.",,,
13224,Зрячий-слепой.,"ДИНГЕЛЬШТЕДТ, Николай Федорович. ",,Живая статуя...,
13225,Зуб в век Людовика XV: Монодрама в 1-м д.,"ЛАБИШ, Эжен Мари, ЛЕФРАЖ, Огюст.",,,
13226,Зуб за зуб: Комедия в 1-м д.,"КИСТЕМЕКЕР, Анри.",,,
13227,Зуб за зуб: Рассказ.,"НОВИКОВ-ПРИБОЙ, Алексей Силыч.",,,
13228,Зуб мамонта: Повесть.,"ДОБРЯКОВ, Владимир Андреевич.",,,
13229,Зуб мудрости: Басни.,ОСИПОВ,,,
13230,Зуб мудрости: Повести.,"ЛИПАТОВ, Виль Владимирович.",,,
13231,Зуб мудрости: Фарс в 1-м д. (Оригинальный).,"ТОПЕЛЬБЕРГ, Михаил Львович, ЧИНАРОВ, Рубенс.",,,
13232,Зубеида.,"АРМЕН, Микиртич (АРМЕН, Мкртич). ",,,
13233,Зубная боль.,"АХВЕРДОВ, Абду-рагим Асадовйч.",,,
13234,Зубоврачебный кабинет.,"СИЛЬВЕСТР, Арман. ",,Кадриль...,
13235,Зуболечебный кабинет: Невероятный случай из дантистской жизни. Комедия-шутка в 1-м д.,"ИЛЬКОВ, Михаил.",,,
13236,Зубы.,"ЛАНДАУ, Георгий Александрович.",,,
13237,Зубы дракона: Главы из книги.,"СИНКЛЕР, Эптон.",,,
13238,Зубы дракона: Драма в 2-х д.,"КАСПАРОВ, Борис Минаевич.",,,
13239,Зубы дракона: Научно-фантастическая повесть.,"ДАШКИ ЕВ, Николай Александрович.",,,
13240,Зубы желтого: Повстанчество. 1919 год. Роман.,"НИКЭД МАТ (КОСТАРЕВ, Николай Константинович).",,,
13241,Зудесник; Зудутные зудеса.,"КРУЧЕНЫХ, Алексей Елисеевич.",,,
13242,Зудутные зудеса.,"КРУЧЕНЫХ, Алексей Елисеевич. ",,Зудесник...,
13243,Зуек Койзмэн и кок Асей: Их приключения в Лапландской тундре.,"ГРИГОРЬЕВ, Сергей.",,,
13244,Зулусы наступают.,"ГЛЕНВИЛЛЬ, Эрнест (ГЛЕНВИЛЛ, Эрнест).",,,
13245,Зумара.,"БОРОВИКОВ, Григорий Федорович.",,,
13246,Зурбаганский стрелок.,"ГРИН, Александр. ",,Происшествие в улице Пса...,
13247,Зурнач из Колдоба: Повести.,"МАГОМЕДОВ, Муса Абдуллаевич.",,,
13248,Зыбкие мостки: Роман.,"ИНДРА-НЕ, Илзе.",,,
13249,Зыбь: [Рассказ].,"ВЕСЕЛЫЙ, Ар-гем. ",,Реки огненные...,
13250,Зыбь: Рассказ.,"ЖУРАВЛЕВ, Борис Александрович.",,,
13251,Зыбь перекатная: Рассказы.,"ДОБРЖИНСКИЙ-ДИЭЗ (ДОБРЖИНСКИЙ, Гавриил Валерьянович).",,,
13252,Зыковы: Сцены.,"ГОРЬКИЙ, Максим.",,,
13253,Зымрык и Дождик.,"КОЖЕВНИКОВ, Алексей Венедиктович.",,,
13254,Зэмэча.,"КИТЬЯН, Николай Никитич.",,,
13255,Зюйд-вест: Рассказы.,"ЗОРИН, Валентин Николаевич.",,,
13256,Зюлейка: Повесть в стихах.,ЛИ- ЗО.,,,
13257,Зяблик: Рассказ.,"КРУКОВСКИЙ, Михаил Антонович.",,,
13258,Зяблики в латах: Роман.,"ВЕНУС, Георгий Давидович.",,,
13259,Зябь.,"КОВАЛЕВ, Дмитрий Ми-кайлович.",,,
13260,Зямка Копач: (Хлопчик).,"ДАНИЭЛЬ, Марк Наумович.",,,
13261,Зять: Драма в 3-х актах.,"ХМА-РА, Василий Васильевич.",,,
13262,Зять: Очерки.,"ТИТОВ, Василий Сергеевич.",,,
13263,Зять-белоручка: Комедия в 3-х д.,"ЛАБИНЬ [!], Э. (ЛАБИШ, Эжен Мари), МАРТЕНЬ, Э. (МАРТЕН, Эдуард).",,,
13264,Зять господина Пуарье: Комедия.,"ОЖЬЕ, Эмиль, САНДО, Жюль.",,,
